entry_time,exit_time,direction,entry_px,exit_px,exit_reason,gross_pts,cost_pts,net_pts,net_krw,size_factor,exit_date,entry_close,entry_volume,exit_close,exit_high,exit_low,exit_volume,year,atr_normalized,volatility_regime,trend_regime,momentum_regime,is_win,entry_hour,entry_dayofweek,entry_month,entry_open,entry_high,entry_low,entry_atr,entry_rsi,entry_macd,entry_macd_signal,entry_macd_hist,entry_bb_middle,entry_bb_upper,entry_bb_lower,entry_ma5,entry_ma10,entry_ma20,entry_ma60,entry_supertrend,entry_supertrend_dir,future_return_1,is_win_h1,future_return_5,is_win_h5,future_return_10,is_win_h10,future_return_20,is_win_h20,future_return_3,is_win_h3,future_return_4,is_win_h4,future_return_6,is_win_h6,future_return_7,is_win_h7,timestamp,ret_log_1m,ret_log_5m,ret_log_1m_kde_pdf,ret_log_1m_kde_cdf,ret_log_1m_kde_zscore,ret_log_1m_kde_left_tail,ret_log_1m_kde_right_tail,ret_log_1m_kde_median,ret_log_1m_kde_mean,ret_log_1m_kde_std,ret_log_1m_kde_ready,ret_log_5m_kde_pdf,ret_log_5m_kde_cdf,ret_log_5m_kde_zscore,ret_log_5m_kde_left_tail,ret_log_5m_kde_right_tail,ret_log_5m_kde_median,ret_log_5m_kde_mean,ret_log_5m_kde_std,ret_log_5m_kde_ready,rsi_oversold,rsi_overbought,macd_bullish,macd_strength,price_above_ma20,price_above_ma60,price_above_ma5,price_above_ma10,bb_position,bb_lower_touch,price_above_st,is_morning,is_afternoon,is_bull,is_neutral,is_bear,price_ma20_ratio,price_ma60_ratio,bb_width,atr_ratio,rsi_macd_interaction,rsi_bb_interaction,pnl_per_contract,_has_kde,filter_score,entry_score,exit_score
2025-01-02 11:45:00,2025-01-02 12:15:00,1,317.6,317.1,pivot,-0.5,0.119041,-0.7190409999999999,-22649.7915,1.0,2025-01-02,317.9,0.0,316.85,317.2,316.85,0.0,2025,0.0,1.0,1.0,1.0,0,11,3,1,317.6,318.05,317.5,0.6018814613531661,51.12144821160585,-0.2917260596177584,-0.4351793382909825,0.143453278673224,317.5625,318.72456485879826,316.40043514120174,317.54,317.305,317.5625,318.95,318.0743404264722,-1.0,0.0004722921914356,1,-0.0015743073047858,0,-0.0020465994962217,0,-0.0045654911838792,0,-0.0011020151133501,0,-0.0014168765743074,0,-0.0023614609571788,0,-0.0015743073047858,0,2025-01-02 11:45:00,0.0011015816677731,0.0036240487155085,175.5585471924444,0.8858374363426753,0.775394701609367,0.8858374363426753,0.1141625636573246,-4.681387056777516e-06,-9.756781891933756e-06,0.0014332551503878,True,35.321801149131744,0.930327834991538,1.1781026031377866,0.930327834991538,0.0696721650084618,-6.101232877103471e-06,-5.002537066031658e-05,0.0031186367608247,True,0,0,1,0.1434532786732241,1,0,1,1,0.5161350718576944,1,0,1,0,1,0,0,0.00011807304785901365,-0.004250629722921806,0.007317788783364357,0.0018950927624469965,7.3335393564782825,26.385572346166587,-34.713476070528145,True,0.5057468,0.5154849386308462,31.165792
2025-01-03 10:45:00,2025-01-03 10:50:00,-1,324.15,324.7,pivot,-0.5500000000000114,0.1194655,-0.7694655000000115,-24238.16325000036,1.0,2025-01-03,324.7,0.0,325.1,325.15,324.6,0.0,2025,0.0,1.0,1.0,2.0,0,10,4,1,324.15,324.95,324.15,0.6683743132145189,72.03396601754677,1.3851486251098208,1.547091639233923,-0.161943014124102,323.83500000000004,325.8421189092175,321.82788109078257,324.55,324.615,323.83500000000004,319.42,323.0628918779565,1.0,-0.0029307419404598,0,-0.0026222427888324,0,-0.003239241092087,0,-0.0047817368502236,0,-0.003239241092087,0,-0.0026222427888324,0,-0.0038562393953416,0,-0.0026222427888324,0,2025-01-03 10:45:00,0.0015410698072245,-0.0006157635662543,80.53904709745625,0.9398368634621316,1.0820310596454408,0.9398368634621316,0.0601631365378684,-4.681387056777516e-06,-9.756781891933756e-06,0.0014332551503878,True,196.8614372155997,0.3734856710649565,-0.181405607315554,0.3734856710649565,0.6265143289350434,-6.101232877103471e-06,-5.002537066031658e-05,0.0031186367608247,True,0,1,0,0.16194301412410206,1,1,0,0,0.5784706871509553,1,1,1,0,1,0,0,0.0009717723276259167,0.014592009871972733,0.012383889614175338,0.0020619290859618046,-11.66539757619466,41.66953782037884,-102.0360944007405,True,0.5549732,0.5651618366881876,31.165792
2025-01-03 10:50:00,2025-01-03 15:45:00,-1,324.7,324.95,eod,-0.25,0.1194895,-0.4694895,-14788.91925,1.0,2025-01-03,325.1,0.0,324.95,324.95,324.95,0.0,2025,0.0,1.0,1.0,2.0,0,10,4,1,324.7,325.15,324.6,0.6599190051277644,74.31951522743017,1.3545631682986825,1.5085859450468748,-0.1540227767481925,324.015,325.7703227323506,322.2596772676493,324.63,324.71,324.015,319.56583333333333,323.0628918779565,1.0,-0.0015398829688943,0,-0.002155836156452,0,-0.0010779180782261,0,-0.002155836156452,0,-0.0009239297813366,0,-0.0009239297813366,0,-0.0009239297813366,0,-0.0013858946720048,0,2025-01-03 10:50:00,0.0012311482010595,0.0012311482010595,141.38878048839445,0.906291954117456,0.8657948883809263,0.906291954117456,0.093708045882544,-4.681387056777516e-06,-9.756781891933756e-06,0.0014332551503878,True,153.7564529583355,0.7367492715955217,0.4108120534630661,0.7367492715955217,0.2632507284044783,-6.101232877103471e-06,-5.002537066031658e-05,0.0031186367608247,True,0,1,0,0.1540227767481923,1,1,1,0,0.6951208137898106,1,1,1,0,1,0,0,0.002109639667385286,0.01581203161893027,0.010811966321839627,0.002032396073691914,-11.44689810190837,51.66104190535548,-29.1037881121029,True,0.5807788,0.5482473271389522,31.165792
2025-01-06 11:10:00,2025-01-06 14:55:00,1,330.4,331.4,pivot,1.0,0.119854,0.7801459999999999,24574.599,1.0,2025-01-06,330.55,0.0,331.3,331.5,331.1,0.0,2025,0.0,1.0,1.0,2.0,1,11,0,1,330.4,330.75,330.4,0.654779580405553,72.05995726257305,1.215565294825808,1.1319360410989203,0.0836292537268874,328.5525,332.2376729946484,324.8673270053516,330.28000000000003,329.93,328.5525,326.305,328.648025170758,1.0,0.000453995157385,1,0.00090799031477,1,0.0013619854721551,1,0.0003026634382567,1,0.000453995157385,1,0.00090799031477,1,0.0003026634382567,1,0.00090799031477,1,2025-01-06 11:10:00,0.0004538921327643,0.0021199281107071,388.9761367705667,0.7045957990362673,0.3234936323311366,0.7045957990362673,0.2954042009637326,-4.681387056777516e-06,-9.756781891933756e-06,0.0014332551503878,True,89.47225398742361,0.8436230295429579,0.6958019313520764,0.8436230295429579,0.1563769704570421,-6.101232877103471e-06,-5.002537066031658e-05,0.0031186367608247,True,0,1,1,0.08362925372688768,1,1,1,1,0.7506666583472352,0,1,1,0,1,0,0,0.005591707021791671,0.012394067796610082,0.02230734258261733,0.001981778391057969,6.026320449460384,54.093007318940295,14.3008474576275,True,0.52215296,0.586364796048914,31.165792
2025-01-07 11:00:00,2025-01-07 11:15:00,1,335.2,334.75,pivot,-0.4499999999999886,0.1200985,-0.6700984999999886,-21108.10274999964,1.0,2025-01-07,335.05,0.0,334.9,334.95,334.6,0.0,2025,0.0,1.0,1.0,1.0,0,11,1,1,335.2,335.25,334.9,0.6102657001456444,58.87575859805103,0.3994345732702982,0.5134297134963123,-0.113995140226014,335.0275,335.5973337718285,334.45766622817143,334.97,334.875,335.0275,333.01166666666666,333.358826681731,1.0,-0.0007458233890214,0,-0.0014916467780429,0,-0.0061157517899761,0,-0.0067124105011933,0,-0.0008949880668258,0,-0.0016408114558472,0,-0.0029832935560859,0,-0.0041766109785202,0,2025-01-07 11:00:00,-0.0005967477426081,0.0007464358038595,346.7381665666952,0.2493903703877368,-0.4078492517173321,0.2493903703877368,0.7506096296122632,-1.415753805924838e-06,-1.2080948190836065e-06,0.0014601955141059,True,184.39393330657137,0.6466150909162813,0.2321529539317872,0.6466150909162813,0.3533849090837186,5.794256572581866e-06,-1.093779247657703e-05,0.0032623905210298,True,0,0,0,0.11399514022601409,1,1,1,1,0.6513599303236081,1,1,1,0,1,0,0,0.0005146181384248617,0.00652844073190135,0.0033999628390724438,0.0018206017307447627,-6.711550357297776,38.349310018176084,-28.1921241050127,True,0.49440527,0.5126854557918027,31.165792
2025-01-09 14:20:00,2025-01-09 15:05:00,1,335.75,335.1,pivot,-0.6499999999999773,0.1201255,-0.8701254999999771,-27408.95324999928,1.0,2025-01-09,336.0,0.0,334.7,335.25,334.55,0.0,2025,0.0,1.0,1.0,1.0,0,14,3,1,335.75,336.05,335.6,0.4500883825873636,51.41546455189385,-0.2729098360964599,-0.341100827137283,0.0681909910408231,335.7575,337.016269240683,334.49873075931697,335.65,335.37,335.7575,336.27000000000004,336.3975569989025,-1.0,-0.0005956813104988,0,-0.0008935219657483,0,-0.0025316455696203,0,-0.0007446016381236,0,-0.0008935219657483,0,-0.0005956813104988,0,0.0007446016381236,1,0.0001489203276247,1,2025-01-09 14:20:00,0.0007443245598572,0.0019363974174578,287.97501817535215,0.7916066946995943,0.5105704321608465,0.7916066946995943,0.2083933053004056,-1.415753805924838e-06,-1.2080948190836065e-06,0.0014601955141059,True,102.24166912582372,0.8187801235490346,0.5969043857201232,0.8187801235490346,0.1812198764509653,5.794256572581866e-06,-1.093779247657703e-05,0.0032623905210298,True,0,0,1,0.0681909910408231,0,0,1,1,0.49702089955903134,1,0,0,1,1,0,0,-2.23380491436878e-05,-0.0015487714072972112,0.00749825310905747,0.0013405461878998172,3.5060714826179513,25.554560442827768,-28.14594192107145,True,0.5021831,0.5221926966237449,31.165792
2025-02-13 11:15:00,2025-02-13 15:45:00,1,338.75,339.35,eod,0.6000000000000227,0.120343,0.3796570000000227,11959.195500000716,1.0,2025-02-13,338.6,0.0,339.35,339.35,339.35,0.0,2025,0.0,1.0,1.0,1.0,0,11,3,2,338.75,338.8,338.5,0.4131105094925228,58.67007137996066,0.455878892008684,0.5043523691023724,-0.0484734770936883,338.3725,339.394095759762,337.350904240238,338.85,338.735,338.3725,336.9166666666667,338.0308280816921,1.0,-0.000590405904059,0,0.0001476014760147,1,-0.0014760147601476,0,0.0002952029520295,1,0.0,0,-0.0001476014760147,0,0.0001476014760147,1,0.0002952029520295,1,2025-02-13 11:15:00,-0.0004429024948756,-0.0013281194308161,397.0208930834012,0.2859165584907212,-0.3453390940037518,0.2859165584907212,0.7140834415092787,1.6377231807242532e-05,2.014715729622053e-05,0.0013408550037108,True,155.18345105357312,0.2384037253990866,-0.4767755029257515,0.2384037253990866,0.7615962746009134,-1.1737814329842253e-05,0.0001012323556407,0.0029979555947939,True,0,0,0,0.04847347709368838,1,1,0,1,0.6847599681149497,1,1,1,0,1,0,0,0.0011143911439114324,0.0054120541205411495,0.006031561681251789,0.001219514419166119,-2.843942361121581,40.17491620744368,0.0,True,0.5031275,0.5126854557918027,31.165792
2025-02-19 11:30:00,2025-02-19 13:45:00,1,353.45,354.1,pivot,0.6500000000000341,0.1212265,0.42877350000003406,13506.365250001072,1.0,2025-02-19,353.6,0.0,354.15,354.25,354.1,0.0,2025,0.0,1.0,1.0,1.0,1,11,2,2,353.45,353.7,353.4,0.4477849497875379,73.91776197400311,0.9180650324000226,1.053462222554541,-0.1353971901545183,353.02000000000004,354.2310891154399,351.8089108845602,353.67999999999995,353.59000000000003,353.02000000000004,349.5983333333333,352.5948653965086,1.0,0.0007073136228603,1,0.001980478144009,1,0.0029707172160136,1,0.0022634035931532,1,0.001980478144009,1,0.0014146272457207,1,0.001839015419437,1,0.0028292544914415,1,2025-02-19 11:30:00,0.0002828454268609,-0.0005654509621965,473.9940563036325,0.6324651136301888,0.1959184765226072,0.6324651136301888,0.3675348863698112,1.6377231807242532e-05,2.014715729622053e-05,0.0013408550037108,True,207.4230832694994,0.3798304359073195,-0.2223793170902853,0.3798304359073195,0.6201695640926805,-1.1737814329842253e-05,0.0001012323556407,0.0029979555947939,True,0,1,0,0.13539719015451834,1,1,0,0,0.6775261599324097,1,1,1,0,1,0,0,0.0012165794313197058,0.010897345216202258,0.006852958638788215,0.0012668975803863006,-10.008257273790521,50.08121742104423,62.3850615362835,True,0.54450846,0.5615528648130869,31.165792
2025-02-24 11:10:00,2025-02-24 15:45:00,1,346.9,347.5,eod,0.6000000000000227,0.120832,0.3791680000000227,11943.792000000716,1.0,2025-02-24,347.3,0.0,347.5,347.5,347.5,0.0,2025,0.0,1.0,1.0,1.0,1,11,0,2,346.9,347.35,346.8,0.4674785196896698,51.59039908048092,-0.3326274020990922,-0.5146388826970497,0.1820114805979574,346.625,347.17607550585586,346.07392449414414,346.85,346.73,346.625,348.5725,347.85625235804224,-1.0,0.0014413375612568,1,0.0010089362928798,1,-0.0004324012683769,0,0.0002882675122514,1,0.0011530700490055,1,0.0008648025367541,1,0.0007206687806284,1,0.0007206687806284,1,2025-02-24 11:10:00,0.0010082824044706,0.001296549918718,196.7679725423838,0.8936512034704688,0.7576430984711633,0.8936512034704688,0.1063487965295312,1.9500023189098045e-05,3.085453800337656e-05,0.0012900901076503,True,160.41073629082976,0.764836704362883,0.4065140270261421,0.764836704362883,0.235163295637117,3.905491236143483e-05,0.000153664175022,0.0028114300312261,True,0,0,1,0.18201148059795752,1,0,1,1,0.7495120877971894,1,0,1,0,1,0,0,0.0007927356586912,-0.00482127414240419,0.00317714330271469,0.0013475886990189387,9.390044921277832,38.667627725101454,36.32170654367325,True,0.5234952,0.5472181870053009,31.165792
2025-02-26 14:15:00,2025-02-26 15:45:00,1,347.8,347.85,eod,0.0500000000000113,0.1208695,-0.17086949999998863,-5382.389249999642,1.0,2025-02-26,348.0,0.0,347.85,347.85,347.85,0.0,2025,0.0,1.0,1.0,1.0,1,14,2,2,347.8,348.25,347.8,0.3019842609922773,75.46184357473597,0.3693485898755284,0.2845094599064663,0.084839129969062,347.01,348.11910110712824,345.90089889287174,347.6,347.47,347.01,346.5075,347.1077524555962,1.0,0.0012938470385278,1,0.0012938470385278,1,0.0034502587694076,1,0.0011500862564691,1,0.0004312823461758,1,0.0007188039102932,1,0.0012938470385278,1,0.0020126509488211,1,2025-02-26 14:15:00,0.0004311274048238,0.0017256259674698,445.6683201785558,0.7110302426095915,0.3102673715942839,0.7110302426095915,0.2889697573904085,1.9500023189098045e-05,3.085453800337656e-05,0.0012900901076503,True,121.33671213537616,0.8252137252734518,0.559132461056551,0.8252137252734518,0.1747862747265481,3.905491236143483e-05,0.000153664175022,0.0028114300312261,True,0,1,1,0.08483912996906207,1,1,1,1,0.8561442662542879,1,1,0,1,1,0,0,0.0022714203565267982,0.0037162162162162685,0.006377809701715087,0.0008682698705930917,6.402117154742051,64.60622469748817,13.5853939045377,True,0.63392854,0.6023141628178252,31.165792
2025-02-27 15:25:00,2025-02-27 15:45:00,1,346.45,346.55,eod,0.1000000000000227,0.12079,-0.12078999999997726,-3804.884999999284,1.0,2025-02-27,346.75,0.0,346.55,346.55,346.55,0.0,2025,0.0,1.0,1.0,1.0,0,15,3,2,346.45,346.8,346.35,0.2762464190777958,78.06126251756874,0.2692611978877721,0.1357552208390783,0.1335059770486937,345.65,346.6578638182751,344.6421361817249,346.25,346.07,345.65,345.65333333333336,345.7228873088683,1.0,-0.0001443209698369,0,-0.0167412325010824,0,-0.0203492567470053,0,-0.0235243180834174,0,-0.0171741954105931,0,-0.0171741954105931,0,-0.0161639486217346,0,-0.0187617260787992,0,2025-02-27 15:25:00,0.0008655511215507,0.0021652841372167,250.865431464272,0.8618012207484904,0.6470064211775054,0.8618012207484904,0.1381987792515095,1.9500023189098045e-05,3.085453800337656e-05,0.0012900901076503,True,86.7677097681378,0.8707260753605437,0.715514858933676,0.8707260753605437,0.1292739246394563,3.905491236143483e-05,0.000153664175022,0.0028114300312261,True,0,1,1,0.1335059770486938,1,1,1,1,0.8968790155445635,1,1,0,0,1,0,0,0.0023091355173907096,0.0022995141194014266,0.005818235348680028,0.0007973630223056596,10.421645122062586,70.01150827892278,-540.9871554336827,True,0.63926333,0.5364626378003865,31.165792
2025-02-28 13:35:00,2025-02-28 14:05:00,1,335.7,334.6,pivot,-1.099999999999966,0.120109,-1.320108999999966,-41583.43349999893,1.0,2025-02-28,335.7,0.0,334.35,334.7,334.3,0.0,2025,0.0,1.0,1.0,1.0,0,13,4,2,335.7,336.1,335.6,0.5324792528410318,52.41893027224856,-0.2621467878186649,-0.5599172036915291,0.2977704158728641,334.865,335.994089060448,333.735910939552,335.66,335.05,334.865,337.03333333333336,335.82267573470523,-1.0,0.0001489425081918,1,-0.0032767351802203,0,-0.0056598153112897,0,-0.0029788501638367,0,-0.0011915400655346,0,-0.0029788501638367,0,-0.0040214477211795,0,-0.0041703902293713,0,2025-02-28 13:35:00,0.0,0.0041791105599363,568.9378205337039,0.494072573219969,-0.0056550721893053,0.494072573219969,0.5059274267800309,1.0367245199290833e-05,7.22795300255602e-06,0.0012781362926233,True,16.644697048312896,0.9664684539514894,1.4552108446350225,0.9664684539514894,0.0335315460485106,5.494589651008107e-05,3.968373649536738e-05,0.0028445546833999,True,0,0,1,0.2977704158728642,1,0,1,1,0.8697671110499784,1,0,0,1,1,0,0,0.002487339886803633,-0.003971800218449125,0.0067267742654036075,0.0015861759095651827,15.60880666677812,45.592261547223885,-37.533512064339895,True,0.5173845,0.5675111168014174,31.165792
2025-03-05 13:10:00,2025-03-05 13:55:00,1,336.65,336.35,pivot,-0.2999999999999545,0.12019,-0.5201899999999545,-16385.984999998567,1.0,2025-03-05,336.9,0.0,336.6,336.6,336.25,0.0,2025,0.0,1.0,1.0,1.0,0,13,2,3,336.65,336.95,336.55,0.4917559913751614,69.35929581527552,0.5040827532951084,0.3850290229921141,0.1190537303029942,335.63,337.07273132823536,334.1872686717646,336.5,336.18999999999994,335.63,335.12083333333334,335.63580353061144,1.0,-0.0002970444081389,0,-0.0007426110203475,0,0.0,0,0.0011881776325561,1,-0.0005940888162779,0,-0.0010396554284864,0,-0.0004455666122084,0,-0.0001485222040693,0,2025-03-05 13:10:00,0.0008908686558014,0.002079929437992,226.22925557326417,0.8795285057810786,0.6913509207889014,0.8795285057810786,0.1204714942189214,1.0367245199290833e-05,7.22795300255602e-06,0.0012781362926233,True,99.19377197611722,0.8698029060923607,0.7172460819273294,0.8698029060923607,0.1301970939076393,5.494589651008107e-05,3.968373649536738e-05,0.0028445546833999,True,0,0,1,0.11905373030299432,1,1,1,1,0.8534961707830809,1,1,0,1,1,0,0,0.0030298529630179176,0.004542304074459053,0.00857110546998585,0.0014607336740685027,8.257482897997406,59.19789338654862,-18.71379771275385,True,0.577903,0.5268505229183675,31.165792
2025-03-12 11:05:00,2025-03-12 11:45:00,1,340.55,340.75,pivot,0.1999999999999886,0.120439,-0.02043900000001138,-643.8285000003584,1.0,2025-03-12,340.4,0.0,340.6,341.2,340.55,0.0,2025,0.0,1.0,1.0,1.0,0,11,2,3,340.55,340.6,340.35,0.5416997940244229,70.1140943053655,0.9877623766561784,1.0758072823304077,-0.0880449056742291,339.6075,341.01696985243416,338.19803014756576,340.18,340.11499999999995,339.6075,336.6391666666667,338.9346481186367,1.0,0.0,0,-0.0013213918660989,0,0.0013213918660989,1,-0.0002936426369109,0,-0.0001468213184554,0,-0.0004404639553664,0,-0.0010277492291881,0,0.0005872852738217,1,2025-03-12 11:05:00,-0.0004405609881084,0.0019113436679659,435.5778216187208,0.2616118471966496,-0.3435070534594662,0.2616118471966496,0.7383881528033505,1.8094160248338463e-05,6.250552068476488e-06,0.0013007346884934,True,110.288925760037,0.8338280085543462,0.6676663766150722,0.8338280085543462,0.1661719914456537,6.024149201903217e-05,3.2291279519022884e-05,0.0028143582697294,True,0,1,0,0.08804490567422929,1,1,1,1,0.8343455691415906,1,1,1,0,1,0,0,0.0027675818528850255,0.011483874125189548,0.008277608882303328,0.001590661559314118,-6.1731888195499085,58.49938391805733,-4.6248715313451,True,0.4986121,0.6274815600729761,31.165792
2025-03-17 11:45:00,2025-03-17 15:45:00,-1,346.25,346.6,eod,-0.3500000000000227,0.1207855,-0.5707855000000227,-17979.743250000716,1.0,2025-03-17,346.4,0.0,346.6,346.6,346.6,0.0,2025,0.0,1.0,1.0,1.0,1,11,0,3,346.25,346.45,346.25,0.3440257724131403,62.966122348507824,0.4458207285758249,0.5867047198147146,-0.1408839912388897,346.26750000000004,346.80677339267527,345.7282266073248,346.29999999999995,346.1,346.26750000000004,343.51500000000004,345.4130147100845,1.0,0.0001444043321299,1,0.0001444043321299,1,-0.0015884476534296,0,-0.0014440433212996,0,0.0004332129963898,1,0.0002888086642599,1,-0.0001444043321299,0,-0.0002888086642599,0,2025-03-17 11:45:00,0.0004331191867317,0.0018782061434124,448.20344959103176,0.7172055581996125,0.3281750217314725,0.7172055581996125,0.2827944418003875,1.8094160248338463e-05,6.250552068476488e-06,0.0013007346884934,True,112.435533092961,0.8301331120579375,0.6558919252561778,0.8301331120579375,0.1698668879420625,6.024149201903217e-05,3.2291279519022884e-05,0.0028143582697294,True,0,0,0,0.14088399123888973,0,1,0,1,0.4837744637156796,1,1,1,0,1,0,0,-5.0541516245605566e-05,0.0078989169675089,0.0031149365641890375,0.0009935762380162898,-8.870918629294033,30.461402071405242,13.6462093862787,True,0.52110064,0.5397826370377362,31.165792
2025-03-21 11:25:00,2025-03-21 13:00:00,1,354.55,354.35,pivot,-0.1999999999999886,0.121267,-0.4212669999999886,-13269.910499999642,1.0,2025-03-21,354.75,0.0,354.4,354.5,354.3,0.0,2025,0.0,1.0,1.0,1.0,1,11,4,3,354.55,354.75,354.4,0.5137650910442881,63.51221850851611,0.4766743721957596,0.413065114824703,0.0636092573710566,353.8825,355.5693765915356,352.1956234084644,354.67,354.565,353.8825,353.3391666666667,353.37001875164344,1.0,-0.0002820476660556,0,0.000564095332111,1,0.0,0,0.0,0,0.0001410238330278,1,0.0008461429981667,1,0.0007051191651389,1,0.0004230714990832,1,2025-03-21 11:25:00,0.0005639362901463,-0.0002818489308399,377.8626144260599,0.7689165033149463,0.4065524674642443,0.7689165033149463,0.2310834966850536,1.743266971161024e-05,2.3507203171147373e-05,0.0013292972745829,True,242.14754926504125,0.4113648308443012,-0.1392751660800272,0.4113648308443012,0.5886351691556988,7.894841024307117e-05,0.0001192762993126,0.0028800915586207,True,0,0,1,0.0636092573710566,1,1,0,0,0.697850869277981,1,1,1,0,1,0,0,0.0018826681709209368,0.0034151271564893866,0.009515592111327562,0.001449062448298655,4.039965053314987,44.322056895941046,4.4422507403757,True,0.5138711,0.5372162568102943,31.165792
2025-04-01 10:45:00,2025-04-01 10:50:00,1,337.9,338.8,pivot,0.9000000000000341,0.120301,0.6796990000000341,21410.518500001075,1.0,2025-04-01,338.8,0.0,339.2,339.25,338.6,0.0,2025,0.0,1.0,1.0,1.0,1,10,1,4,337.9,339.0,337.9,0.7964437111385247,67.1862953855053,0.5094396354293167,0.4031039846563816,0.106335650772935,336.97,339.10846969419293,334.8315303058071,337.31000000000006,336.9,336.97,335.25166666666667,336.60623828718,1.0,0.0038472920982539,1,0.0041432376442735,1,0.0054749926013614,1,0.0073986386504883,1,0.0041432376442735,1,0.0036993193252441,1,0.0062148564664102,1,0.0073986386504883,1,2025-04-01 10:45:00,0.0028079527797156,0.0059206804097275,11.365307798550228,0.98932920476557,2.070129841758316,0.98932920476557,0.01067079523443,6.4412760031409e-06,2.8421202982370495e-07,0.0013562765537938,True,7.714359723311533,0.9783623080478208,2.019701341991757,0.9783623080478208,0.0216376919521792,2.136342535280006e-05,1.9904846420007448e-06,0.002930477789973,True,0,0,1,0.10633565077293511,1,1,1,1,0.7174452138661117,1,1,1,0,1,0,0,0.0027522935779815036,0.007837624543750555,0.012657411625882844,0.0023570396896671346,7.144298442840346,48.20248606172561,130.51198579461524,True,0.5107972,0.520174116603456,31.165792
2025-04-04 14:40:00,2025-04-04 15:45:00,1,327.25,329.15,eod,1.8999999999999773,0.119692,1.680307999999977,52929.70199999928,1.0,2025-04-04,327.75,0.0,329.15,329.15,329.15,0.0,2025,0.0,1.0,1.0,1.0,1,14,4,4,327.25,327.8,327.25,0.7158012525052684,56.88949677133314,-0.2571135905538426,-0.5279026180070854,0.2707890274532427,326.63,327.4977860518054,325.7622139481946,327.16,326.70500000000004,326.63,329.075,328.17141589170944,-1.0,0.0024446142093201,1,0.0073338426279602,1,0.0068754774637127,1,-0.0491978609625669,0,0.0039724980901451,1,0.0059587471352176,1,0.0073338426279602,1,0.0076394194041252,1,2025-04-04 14:40:00,0.0015267178537998,0.0038211739273234,83.61738947562147,0.933884396718026,0.9025818057563452,0.933884396718026,0.0661156032819738,7.556532870725675e-06,-1.172253647869367e-05,0.0017044885909143,True,35.19392290429488,0.9251498173156484,1.0464329979021023,0.9251498173156484,0.0748501826843517,8.806858624153473e-06,-6.148710381591302e-05,0.0037103770990816,True,0,0,1,0.2707890274532428,1,0,1,1,0.8572309088801945,1,0,0,1,1,0,0,0.001894576012223085,-0.005576776165011424,0.005303505282233219,0.0021873223911543726,15.405051503013691,48.7674350230268,125.13368983957066,True,0.575088,0.5643330325833523,31.165792
2025-04-10 10:50:00,2025-04-10 11:15:00,-1,320.85,321.85,pivot,-1.0,0.119281,-1.2192809999999998,-38407.3515,1.0,2025-04-10,321.3,0.0,322.65,322.7,321.8,0.0,2025,0.0,1.0,1.0,1.0,0,10,3,4,320.85,321.4,320.75,0.9194744617569264,71.92757718199792,1.973010677341108,2.44943781748622,-0.4764271401451116,320.4825,321.2559236936733,319.7090763063267,320.8,320.65500000000003,320.4825,311.55916666666667,318.7090122008462,1.0,-0.0021817048465014,0,-0.0056100981767179,0,-0.0038959015116097,0,-0.002025868786037,0,-0.0026492130278945,0,-0.0031167212092878,0,-0.0056100981767179,0,-0.0046750818139317,0,2025-04-10 10:50:00,0.0015573901294533,0.002492989761088,79.62680199697057,0.9363836207640204,0.9205768077862364,0.9363836207640204,0.0636163792359795,7.556532870725675e-06,-1.172253647869367e-05,0.0017044885909143,True,73.08492794041214,0.8562948872434806,0.6884682598801686,0.8562948872434806,0.1437051127565194,8.806858624153473e-06,-6.148710381591302e-05,0.0037103770990816,True,0,1,0,0.4764271401451121,1,1,1,1,0.7375799985222876,1,1,1,0,1,0,0,0.0011453950444132983,0.028956937301958398,0.004821092059674577,0.0028657455563563233,-34.26824989438605,53.05234227160975,-83.45021037867676,True,0.5446714,0.586364796048914,31.165792
2025-04-10 11:15:00,2025-04-10 12:35:00,1,321.85,321.5,pivot,-0.3500000000000227,0.1193005,-0.5693005000000227,-17932.965750000716,1.0,2025-04-10,322.65,0.0,322.0,322.05,321.45,0.0,2025,0.0,1.0,1.0,1.0,0,11,3,4,321.85,322.7,321.8,0.7811237158050088,76.77418921410859,1.7251125011092654,2.0008822754922835,-0.2757697743830181,320.83,322.34601971917454,319.31398028082543,321.91,321.355,320.83,312.95416666666665,320.2651043644777,1.0,0.0024856299518407,1,0.0007767593599502,1,0.0010874631039302,1,0.0012428149759203,1,-0.00015535187199,0,0.0004660556159701,1,0.0021749262078607,1,0.0026409818238308,1,2025-04-10 11:15:00,0.0024825458832237,0.0041928782600359,20.797401213073105,0.9758183810746835,1.463352957008864,0.9758183810746835,0.0241816189253164,7.556532870725675e-06,-1.172253647869367e-05,0.0017044885909143,True,28.263357875772265,0.9369366591863054,1.14661266233689,0.9369366591863054,0.0630633408136945,8.806858624153473e-06,-6.148710381591302e-05,0.0037103770990816,True,0,1,0,0.2757697743830181,1,1,0,1,0.8364072337249718,1,1,1,0,1,0,0,0.0031691781885972927,0.027639687224897843,0.009420660053904309,0.002426980630122755,-21.172000838013865,64.21448722205014,-4.893583967685,True,0.5802451,0.5754198179372495,31.165792
2025-04-10 14:00:00,2025-04-10 15:45:00,1,322.9,324.55,eod,1.650000000000034,0.1194235,1.4305765000000343,45063.15975000108,1.0,2025-04-10,323.25,0.0,324.55,324.55,324.55,0.0,2025,0.0,1.0,1.0,1.0,1,14,3,4,322.9,323.3,322.9,0.3880200326371175,67.52387884666864,0.4285894915897188,0.4310853654486486,-0.0024958738589297,322.38250000000005,323.365125376847,321.3998746231531,322.88,322.745,322.38250000000005,321.61083333333335,322.0444593705261,1.0,0.0020130071229483,1,0.0026323939300093,1,0.0032517807370703,1,-0.0128522762465158,0,0.0013936203158874,1,0.0027872406317746,1,0.0020130071229483,1,0.0029420873335399,1,2025-04-10 14:00:00,0.0010833398877373,0.0020128519608582,171.66392196471435,0.8797440357539862,0.6424580546054727,0.8797440357539862,0.1202559642460138,7.556532870725675e-06,-1.172253647869367e-05,0.0017044885909143,True,96.31783759349815,0.8157917661964927,0.5590642161918044,0.8157917661964927,0.1842082338035072,8.806858624153473e-06,-6.148710381591302e-05,0.0037103770990816,True,0,0,0,0.002495873858929798,1,1,1,1,0.7633251756943628,1,1,0,1,1,0,0,0.0016026633632701371,0.003992464127180647,0.006086251947023563,0.0012016724454540647,-0.1685310840669364,51.542676684198206,43.8990399504531,True,0.5217959,0.5159752481815536,31.165792
2025-04-23 08:45:00,2025-04-23 10:40:00,1,333.0,332.5,pivot,-0.5,0.119965,-0.719965,-22678.8975,1.0,2025-04-23,334.55,0.0,332.45,332.6,332.3,0.0,2025,0.0,2.0,2.0,2.0,1,8,2,4,333.0,334.65,332.6,0.6627131370798053,89.7256168039866,0.3625485160452513,-0.0822904743005904,0.4448389903458417,328.6875,331.46766943830136,325.90733056169864,329.63,328.94500000000005,328.6875,329.08916666666664,331.148713381838,1.0,0.0045045045045045,1,0.0015015015015015,1,-0.0027027027027026,0,0.0007507507507507,1,0.002102102102102,1,0.0012012012012011,1,0.0010510510510511,1,-0.0007507507507507,0,2025-04-23 08:45:00,0.0180973118849489,0.0197727368446822,8.618841489481803e-60,1.0,6.895342470004348,1.0,0.0,-3.545213864440601e-06,-3.412587170777189e-05,0.0026295195395342,True,0.1805025804029874,0.9981840102418128,3.6650027414563047,0.9981840102418128,0.001815989758187,-9.368665117281058e-06,-0.0001709394422788,0.0054416538523614,True,0,1,1,0.4448389903458417,1,1,1,1,1.2755822254191231,0,1,0,0,0,0,0,0.01295045045045045,0.011744244244244317,0.016697714344152292,0.001990129540780196,39.91345278724329,114.4524019599327,66.216216216213,True,0.6322326,0.5138096206506626,33.650608
2025-04-24 14:40:00,2025-04-24 15:45:00,1,333.7,333.5,eod,-0.1999999999999886,0.120016,-0.4200159999999887,-13230.503999999642,1.0,2025-04-24,333.8,0.0,333.5,333.5,333.5,0.0,2025,0.0,1.0,1.0,1.0,0,14,3,4,333.7,333.85,333.7,0.242113896200027,72.89963727782452,0.2899988175874455,0.2298749318860181,0.0601238857014273,333.115,333.9586137809654,332.27138621903464,333.57000000000005,333.495,333.115,332.65416666666664,333.0569201939962,1.0,0.0005993407252022,1,-0.0004495055439016,0,-0.0010488462691038,0,0.0122864848666467,1,-0.0007491759065028,0,-0.0004495055439016,0,-0.0005993407252022,0,-0.0008990110878034,0,2025-04-24 14:40:00,0.0001498015132754,0.0008991458720563,399.01259500033456,0.5619978234290098,0.069947145179154,0.5619978234290098,0.4380021765709901,-3.545213864440601e-06,-3.412587170777189e-05,0.0026295195395342,True,158.46691434941897,0.6563960738642114,0.1966470752032136,0.6563960738642114,0.3436039261357886,-9.368665117281058e-06,-0.0001709394422788,0.0054416538523614,True,0,1,1,0.060123885701427404,1,1,1,1,0.84672264322813,1,1,0,1,1,0,0,0.0017530716212166004,0.0031340525422036214,0.005056120952744202,0.0007255435906503656,4.383009459367431,61.7257735662515,-23.599041054838203,True,0.6301963,0.5633505570570594,31.165792
2025-04-29 11:15:00,2025-04-29 11:30:00,1,340.75,341.0,pivot,0.25,0.1204525,0.029547499999999977,930.7462499999992,1.0,2025-04-29,340.65,0.0,340.85,341.0,340.8,0.0,2025,0.0,1.0,1.0,1.0,1,11,1,4,340.75,340.8,340.55,0.367478497402977,81.37499015432078,0.7545245596108998,0.6340622468916066,0.1204623127192932,339.2425,341.1661136502143,337.3188863497857,340.41,340.005,339.2425,337.93916666666667,339.5883403820622,1.0,0.0008804108584006,1,-0.0004402054292002,0,-0.0002934702861335,0,-0.0033749082905355,0,0.0002934702861335,1,-0.0002934702861335,0,-0.000586940572267,0,-0.0004402054292002,0,2025-04-29 11:15:00,-0.0002935133569648,0.0019099396094701,382.3023604484232,0.3842373124253472,-0.0986444410689003,0.3842373124253472,0.6157626875746527,-3.545213864440601e-06,-3.412587170777189e-05,0.0026295195395342,True,109.31285143384432,0.7929625403200806,0.3823982760031524,0.7929625403200806,0.2070374596799193,-9.368665117281058e-06,-0.0001709394422788,0.0054416538523614,True,0,1,1,0.1204623127192932,1,1,1,1,0.891840638017945,0,1,1,0,1,0,0,0.004424064563462929,0.008248960626069949,0.011290468966775012,0.0010784401978077094,9.802619511499195,72.57352313793344,9.244314013205251,True,0.6447323,0.5901924621531537,31.165792
2025-04-29 11:30:00,2025-04-29 12:45:00,1,341.0,339.95,pivot,-1.0500000000000114,0.1204285,-1.2704285000000113,-40018.49775000036,1.0,2025-04-29,340.85,0.0,339.8,340.0,339.75,0.0,2025,0.0,1.0,1.0,1.0,0,11,1,4,341.0,341.0,340.8,0.3596757502894863,77.78388330806061,0.7960775281854353,0.7138860548707444,0.0821914733146909,339.7,341.59459063807174,337.80540936192824,340.86,340.495,339.7,338.12250000000006,340.04180570947034,1.0,-0.0010263929618768,0,-0.0011730205278591,0,-0.002199413489736,0,-0.0042521994134897,0,-0.0013196480938416,0,-0.0011730205278591,0,-0.0013196480938416,0,-0.0010263929618768,0,2025-04-29 11:30:00,-0.0004399794747224,0.0013211011095753,356.0236781326722,0.3297078165025137,-0.1543451558023278,0.3297078165025137,0.6702921834974862,-3.545213864440601e-06,-3.412587170777189e-05,0.0026295195395342,True,139.36429650779496,0.7195768161805425,0.2741888022161963,0.7195768161805425,0.2804231838194575,-9.368665117281058e-06,-0.0001709394422788,0.0054416538523614,True,0,1,1,0.0821914733146909,1,1,1,1,0.8430820288764619,1,1,1,0,1,0,0,0.0038123167155425554,0.008438416422287216,0.011111968551740454,0.0010547675961568512,6.393171969227494,65.5781941532497,-41.568914956010396,True,0.62553966,0.5798156735956191,31.165792
2025-05-02 12:45:00,2025-05-02 15:00:00,1,339.35,339.25,pivot,-0.1000000000000227,0.120358,-0.32035800000002274,-10091.277000000717,1.0,2025-05-02,339.65,0.0,339.0,339.35,338.95,0.0,2025,0.0,1.0,1.0,1.0,1,12,4,5,339.35,339.7,339.35,0.3535560402327982,59.87270900794034,0.1701161385583418,0.1683696437090226,0.0017464948493191,339.2925,339.77729512930875,338.8077048706913,339.45,339.265,339.2925,338.6491666666667,338.5918622490808,1.0,0.0004420215117135,1,0.0022101075585678,1,0.0025047885663767,1,0.0011787240312361,1,0.0014734050390452,1,0.0027994695741859,1,0.0025047885663767,1,0.0016207455429496,1,2025-05-02 12:45:00,0.0008836524875433,0.0016206265057178,246.76971431112608,0.8100148710335653,0.3404721478655228,0.8100148710335653,0.1899851289664347,-4.117863341906779e-06,-2.00737051701501e-05,0.0026543322218252,True,127.09106548003912,0.7607879484396755,0.3133973618260899,0.7607879484396755,0.2392120515603245,3.412186553623713e-06,-0.0001010576014425,0.0054936139127929,True,0,0,1,0.0017464948493191856,1,1,0,1,0.5593034010902638,1,1,0,1,1,0,0,0.00016944157949021525,0.0020652227297283665,0.00285719834571231,0.0010418625025277683,0.10456737789714908,33.4870097806287,46.4122587299238,True,0.5421444,0.5196877579462305,31.165792
2025-05-26 12:35:00,2025-05-26 13:30:00,-1,349.5,349.85,pivot,-0.3500000000000227,0.1209805,-0.5709805000000227,-17985.885750000714,1.0,2025-05-26,349.5,0.0,349.8,349.95,349.7,0.0,2025,0.0,1.0,1.0,1.0,1,12,0,5,349.5,349.55,349.35,0.3651705407850398,57.86229347672328,0.5022567617924665,0.6481336814909263,-0.1458769196984598,349.525,350.8398944334743,348.21010556652567,349.62,349.815,349.525,347.5116666666666,349.17325634411503,1.0,0.0004291845493561,1,0.0011444921316165,1,-0.0010014306151645,0,-0.0004291845493561,0,0.0004291845493561,1,0.0014306151645207,1,0.0001430615164521,1,0.0004291845493561,1,2025-05-26 12:35:00,0.0,-0.0014295928095944,639.1471574815494,0.492358130303279,-0.0369880327736558,0.492358130303279,0.507641869696721,1.1889709753695314e-05,3.694420213122399e-05,0.0009988150047692,True,147.48751194981733,0.1736958944427367,-0.7478803878367942,0.1736958944427367,0.8263041055572632,7.412108695241558e-05,0.0001869006361737,0.0021614331276205,True,0,0,0,0.14587691969845984,0,1,0,0,0.4904935334109216,1,1,0,1,1,0,0,-7.153075822597214e-05,0.005689079637577685,0.007524431665089029,0.0010448370265666374,-8.440773139072677,28.381080778657722,13.51931330471715,True,0.5031275,0.5202861968635079,31.165792
2025-05-27 15:25:00,2025-05-27 15:45:00,1,351.45,351.45,eod,0.0,0.121087,-0.221087,-6964.2405,1.0,2025-05-27,351.5,0.0,351.45,351.45,351.45,0.0,2025,0.0,1.0,1.0,1.0,1,15,1,5,351.45,351.5,351.25,0.2775306834564623,71.86684148626938,0.2876112599396379,0.1796859044513118,0.107925355488326,350.67,351.6712623625584,349.6687376374415,351.34,351.08,350.67,350.5366666666667,350.5582906289308,1.0,0.0,0,0.0032721582017357,1,0.0132309005548443,1,0.0204865556978232,1,0.0029876227059325,1,0.0031298904538341,1,0.0059752454118651,1,0.0068288518992745,1,2025-05-27 15:25:00,0.0001422576288051,0.0008538494897579,626.0483237456174,0.5832431261220044,0.1054383706403052,0.5832431261220044,0.4167568738779956,1.1889709753695314e-05,3.694420213122399e-05,0.0009988150047692,True,231.7967832843337,0.7054942332184821,0.3085678872325006,0.7054942332184821,0.2945057667815178,7.412108695241558e-05,0.0001869006361737,0.0021614331276205,True,0,1,1,0.10792535548832607,1,1,1,1,0.889508299306759,1,1,0,0,1,0,0,0.0022193768672641137,0.002598757528334894,0.005697893655191144,0.000789673306178581,7.756254415228798,63.92615194699991,94.11011523687375,True,0.61717445,0.54157221719067,31.165792
2025-05-29 11:10:00,2025-05-29 12:30:00,1,362.15,363.2,pivot,1.0500000000000114,0.1217605,0.8282395000000115,26089.54425000036,1.0,2025-05-29,362.3,0.0,363.35,363.4,363.1,0.0,2025,0.0,1.0,1.0,1.0,1,11,3,5,362.15,362.5,362.1,0.5987808547333575,67.51244359643547,0.6889501080170248,0.6905876940244855,-0.0016375860074606,361.2575000000001,362.5747039780638,359.9402960219363,361.89,361.365,361.2575000000001,358.93833333333333,360.5640954990776,1.0,0.001656772055778,1,0.0012425790418336,1,0.0020709650697224,1,0.0027612867596299,1,0.002485158083667,1,0.000828386027889,1,0.0027612867596299,1,0.0019329007317411,1,2025-05-29 11:10:00,0.000552181129436,0.0042874002470513,421.8002365928788,0.8047522976052776,0.515848204967491,0.8047522976052776,0.1952477023947224,1.1889709753695314e-05,3.694420213122399e-05,0.0009988150047692,True,11.493749581464458,0.9759262144120588,1.8971207383092608,0.9759262144120588,0.0240737855879411,7.412108695241558e-05,0.0001869006361737,0.0021614331276205,True,0,0,0,0.0016375860074606674,1,1,1,1,0.838785797364463,1,1,1,0,1,0,0,0.002464448432969406,0.008868332643011583,0.007274355808718656,0.0016534056460951472,-0.11055743296299572,56.628478834059464,78.2824796355105,True,0.5075892,0.56633203762097,31.165792
2025-06-04 08:45:00,2025-06-04 11:05:00,-1,364.9,369.65,pivot,-4.75,0.1220365,-4.972036500000001,-156619.14975,1.0,2025-06-04,364.25,0.0,369.65,369.8,369.5,0.0,2025,0.0,2.0,2.0,2.0,0,8,2,6,364.9,365.8,364.2,0.838540799074035,81.91964715150056,0.4776721980451839,0.1814482568152099,0.296223941229974,359.5125,361.8588016819649,357.1661983180352,360.29,359.885,359.5125,359.37666666666667,361.9628075768045,1.0,0.0026034530008221,1,-0.0032885722115649,0,-0.0065771444231297,0,-0.0124691696355166,0,-0.0030145245272678,0,-0.0030145245272678,0,-0.0050698821594958,0,-0.0063030967388325,0,2025-06-04 08:45:00,0.0141003165545036,0.0127091087619489,0.1844291306771056,1.0,13.52071431330469,1.0,0.0,9.313162051157338e-06,4.994023219618413e-05,0.0010391741143795,True,0.1913361298265995,1.0,5.441622503188144,1.0,0.0,8.055380893689452e-05,0.0002513567641201,0.0022893451338327,True,0,1,1,0.296223941229974,1,1,1,1,1.6480833946912328,0,1,0,0,0,0,0,0.014764318991504492,0.015136567096007981,0.0128599708520957,0.0022980016417485202,24.266560743386304,135.010410169353,-94.9575226089357,True,0.6438836,0.5247235137036164,33.650608
2025-06-04 11:05:00,2025-06-04 11:35:00,1,369.65,369.35,pivot,-0.2999999999999545,0.12217,-0.5221699999999546,-16448.35499999857,1.0,2025-06-04,369.65,0.0,369.3,369.35,369.15,0.0,2025,0.0,1.0,1.0,1.0,0,11,2,6,369.65,369.8,369.5,0.5718914893803385,78.44423254927746,1.420422895049512,1.6689423996483133,-0.2485195045988011,368.89,370.33862911771007,367.4413708822899,369.46,369.325,368.89,363.29583333333335,368.0817486973786,1.0,-0.0012173677803327,0,-0.0008115785202217,0,-0.0002705261734071,0,0.0006763154335181,1,-0.0006763154335181,0,-0.0009468416069253,0,-0.0009468416069253,0,-0.0009468416069253,0,2025-06-04 11:05:00,-0.0001352539394771,0.0009472901445914,595.7509629551961,0.4116535515269966,-0.1782128414389272,0.4116535515269966,0.5883464484730034,9.313162051157338e-06,4.994023219618413e-05,0.0010391741143795,True,213.09116506340968,0.7102965754217229,0.3039879702655922,0.7102965754217229,0.2897034245782771,8.055380893689452e-05,0.0002513567641201,0.0022893451338327,True,0,1,0,0.24851950459880134,1,1,1,1,0.7623169694398241,1,1,1,0,1,0,0,0.0020559989178952818,0.01718968393525397,0.007837841838009382,0.0015471161622625147,-19.49492181177958,59.799369626998,-21.30393615582015,True,0.53426594,0.5429869625970962,31.165792
2025-06-05 10:55:00,2025-06-05 11:10:00,-1,379.2,379.35,pivot,-0.1500000000000341,0.1227565,-0.3727565000000341,-11741.829750001074,1.0,2025-06-05,379.05,0.0,379.35,379.5,379.15,0.0,2025,0.0,1.0,1.0,2.0,0,10,3,6,379.2,379.35,379.0,0.6614019363094138,85.51656279921943,1.8054639757477275,1.7875948157173145,0.017869160030413,376.8825,380.6540381485229,373.1109618514771,378.89,378.545,376.8825,372.4125,377.16342390640045,1.0,-0.0001318565400844,0,-0.0015822784810127,0,0.0035601265822783,1,0.0054061181434599,1,-0.0003955696202532,0,-0.0010548523206751,0,-0.0001318565400844,0,0.0006592827004219,1,2025-06-05 10:55:00,-0.0003956478785537,0.0029062107641271,493.0798992780688,0.267313021542523,-0.428790618034193,0.267313021542523,0.732686978457477,9.313162051157338e-06,4.994023219618413e-05,0.0010391741143795,True,42.05889044103856,0.9335516408053935,1.1596565152071483,0.9335516408053935,0.0664483591946064,8.055380893689452e-05,0.0002513567641201,0.0022893451338327,True,0,1,1,0.017869160030413056,1,1,1,1,0.8072353916011209,0,1,1,0,1,0,0,0.006111550632911381,0.017899525316455608,0.01989207884242032,0.0017442034185374837,1.528109145910115,69.03199605960974,-12.4604430379758,True,0.53426594,0.5739819094405175,31.165792
2025-06-05 11:10:00,2025-06-05 14:35:00,1,379.35,375.6,pivot,-3.75,0.1226485,-3.9726485,-125138.42775,1.0,2025-06-05,379.35,0.0,375.95,376.0,375.6,0.0,2025,0.0,1.0,1.0,2.0,0,11,3,6,379.35,379.5,379.15,0.6192237806384061,86.51902895150376,1.6770248406286328,1.7536749187373029,-0.07665007810867,377.625,381.03743854859687,374.21256145140313,379.24,378.8850000000001,377.625,372.8958333333333,377.49301102776593,1.0,0.0006590220113351,1,-0.0018452616317386,0,-0.0052721760906814,0,-0.0085672861473573,0,-0.0002636088045341,0,-0.0010544352181363,0,-0.0028996968498748,0,-0.003954132068011,0,2025-06-05 11:10:00,0.0,0.0006592392617946,613.8368025417973,0.4942531502753738,-0.0480576175879833,0.4942531502753738,0.5057468497246261,9.313162051157338e-06,4.994023219618413e-05,0.0010391741143795,True,237.79875992565303,0.6450262519222304,0.1781655774162543,0.6450262519222304,0.3549737480777696,8.055380893689452e-05,0.0002513567641201,0.0022893451338327,True,0,1,0,0.07665007810867008,1,1,1,1,0.752751804235319,0,1,1,0,1,0,0,0.004547251878212792,0.017013751592636635,0.01799097692683204,0.001632328405531583,-6.631690327019044,65.12735514393225,-8.30367734282415,True,0.53426594,0.5441782767295869,31.165792
2025-06-05 14:35:00,2025-06-05 14:40:00,1,375.6,375.9,pivot,0.2999999999999545,0.122545,0.0774549999999545,2439.832499998567,1.0,2025-06-05,375.95,0.0,376.35,376.5,375.9,0.0,2025,0.0,1.0,1.0,1.0,1,14,3,6,375.6,376.0,375.6,0.525067968847522,50.46442797353125,-0.3273989075872237,-0.4238892318296424,0.0964903242424187,375.6475,376.6706401639563,374.62435983604365,375.53,375.36,375.6475,377.0158333333333,376.4553040091156,-1.0,0.001996805111821,1,0.0015974440894567,1,0.002129925452609,1,0.018503727369542,1,0.0023961661341852,1,0.0022630457933971,1,0.0014643237486686,1,0.0013312034078807,1,2025-06-05 14:35:00,0.000931408489928,0.0023968054083905,198.3997369672936,0.910066482417194,0.8482392368463892,0.910066482417194,0.0899335175828059,9.313162051157338e-06,4.994023219618413e-05,0.0010391741143795,True,67.70106346522745,0.9062337710503288,0.9371451305284136,0.9062337710503288,0.0937662289496711,8.055380893689452e-05,0.0002513567641201,0.0022893451338327,True,0,0,1,0.09649032424241871,0,0,1,1,0.47678714917402837,1,0,0,1,1,0,0,-0.00012646432374855378,-0.003769524316648818,0.005448030691993223,0.0013979445389976624,4.869329017874215,24.060790748198055,75.47923322683381,True,0.49640706,0.5227606553891861,31.165792
2025-06-05 14:40:00,2025-06-05 15:45:00,1,375.9,376.1,eod,0.2000000000000454,0.12256,-0.022559999999954523,-710.6399999985674,1.0,2025-06-05,376.35,0.0,376.1,376.1,376.1,0.0,2025,0.0,1.0,1.0,1.0,1,14,3,6,375.9,376.5,375.9,0.5304202567869865,54.92278455290789,-0.2406856118596465,-0.3872485078356433,0.1465628959759967,375.67,376.73543789136966,374.6045621086304,375.8200000000001,375.39,375.67,377.0433333333333,376.4553040091156,-1.0,0.0010641127959564,1,0.0006650704974727,1,0.0005320563979783,1,0.0140994945464219,1,0.00146315509444,1,0.0007980845969673,1,0.0005320563979783,1,0.0009310986964618,1,2025-06-05 14:40:00,0.0010634056565052,0.0038602377386748,142.96198970858683,0.9324171560368744,0.9752604595180366,0.9324171560368744,0.0675828439631255,9.313162051157338e-06,4.994023219618413e-05,0.0010391741143795,True,18.440326234891828,0.9608489884343344,1.5763813508156856,0.9608489884343344,0.0391510115656654,8.055380893689452e-05,0.0002513567641201,0.0022893451338327,True,0,0,1,0.1465628959759968,1,0,1,1,0.6079368407408019,1,0,0,1,1,0,0,0.0006118648576748108,-0.003041589075108584,0.005668730467516044,0.0014110674562037417,8.049642359139918,33.38958412578254,46.089385474859995,True,0.5524991,0.5324344076030247,31.165792
2025-06-12 13:10:00,2025-06-12 13:15:00,-1,392.7,392.85,pivot,-0.1500000000000341,0.1235665,-0.3735665000000341,-11767.344750001075,1.0,2025-06-12,392.85,0.0,392.65,392.9,392.6,0.0,2025,0.0,1.0,1.0,1.0,1,13,3,6,392.7,392.95,392.7,0.4754895236140978,61.95226380331651,0.398447720402487,0.4090673850840695,-0.0106196646815825,392.22,393.52440549357647,390.9155945064235,392.59,392.6950000000001,392.22,391.29083333333335,391.5698897288608,1.0,0.0001273236567354,1,0.0011459129106187,1,0.0022918258212375,1,0.0068754774637127,1,0.0002546473134707,1,0.0006366182836771,1,0.0011459129106187,1,0.0017825311942958,1,2025-06-12 13:10:00,0.0003818980378668,0.0002545824861,475.4338170629299,0.7003154276098509,0.2910130440341279,0.7003154276098509,0.2996845723901491,1.1857629779822364e-05,6.247717099638172e-05,0.0010976170086485,True,233.93026213952703,0.5443695061577706,-0.0236644694280642,0.5443695061577706,0.4556304938422294,6.66731998340935e-05,0.0003148160073456,0.0025453146722198,True,0,0,0,0.010619664681582486,1,1,1,1,0.6839918653991275,1,1,0,1,1,0,0,0.0012223071046599475,0.003588405058993215,0.0066432670923172715,0.001210821297718609,-0.6579122678561623,42.374844484529305,8.021390374327051,True,0.49422497,0.5259681280230636,31.165792
2025-06-17 11:05:00,2025-06-17 11:10:00,-1,398.7,398.95,pivot,-0.25,0.1239295,-0.4739295,-14928.77925,1.0,2025-06-17,398.95,0.0,398.6,399.05,398.55,0.0,2025,0.0,1.0,1.0,1.0,1,11,1,6,398.7,399.2,398.3,1.0966083877249686,49.40137943107863,0.4785368500022855,0.9311630322843414,-0.4526261822820558,400.515,403.2345394362378,397.79546056376216,399.31,399.565,400.515,396.0583333333333,398.6678341276582,1.0,0.0002508151492349,1,0.0051417105593178,1,0.0005016302984699,1,0.0042638575369952,1,0.0020065211938801,1,0.0047654878354652,1,0.0047654878354652,1,0.0032605969400552,1,2025-06-17 11:05:00,0.0007522568057856,-0.0021283263120098,291.6959700037254,0.8439640336571059,0.6284338064682311,0.8439640336571059,0.156035966342894,1.1857629779822364e-05,6.247717099638172e-05,0.0010976170086485,True,89.41021326359512,0.1065721933025878,-0.9598586555998344,0.1065721933025878,0.8934278066974122,6.66731998340935e-05,0.0003148160073456,0.0025453146722198,True,0,0,0,0.45262618228205587,0,1,0,0,0.1663037910362415,1,1,1,0,1,0,0,-0.004552294958615494,0.006625700192291719,0.013642033791009901,0.0027504599641960587,-22.360357771356398,8.21563668180818,63.205417607223154,True,0.5416596,0.5432558870554006,31.165792
2025-06-17 11:10:00,2025-06-17 12:00:00,-1,398.95,398.5,pivot,0.4499999999999886,0.1239235,0.22607649999998858,7121.409749999641,1.0,2025-06-17,398.6,0.0,397.55,398.8,397.4,0.0,2025,0.0,1.0,1.0,1.0,1,11,1,6,398.95,399.05,398.55,1.053993502887471,47.09695617669954,0.3649044872695981,0.8179113232813928,-0.4530068360117947,400.3625,403.1551359945161,397.5698640054839,399.04,399.515,400.3625,396.1841666666667,398.6678341276582,-1.0,0.0027572377490912,1,0.0053891465095876,1,0.0035092116806616,1,0.0038851986464469,1,0.0053891465095876,1,0.0057651334753728,1,0.0038851986464469,1,0.0031332247148765,1,2025-06-17 11:10:00,-0.0008776879755954,-0.0033811315161364,217.07320575220712,0.1108048851330406,-0.8565511824105925,0.1108048851330406,0.8891951148669593,1.1857629779822364e-05,6.247717099638172e-05,0.0010976170086485,True,28.27148880832804,0.0377331060298574,-1.452059175166248,0.0377331060298574,0.9622668939701426,6.66731998340935e-05,0.0003148160073456,0.0025453146722198,True,0,0,0,0.4530068360117947,0,1,0,0,0.24710273684544865,1,1,1,0,1,0,0,-0.0035405439278105594,0.006932781885783336,0.013999929788274742,0.002641918794053067,-21.335243103392813,11.637786768352614,169.75811505200937,True,0.5366465,0.543334697587964,31.165792
2025-06-17 12:00:00,2025-06-17 12:05:00,1,398.5,397.55,pivot,-0.9499999999999886,0.1238815,-1.1738814999999887,-36977.26724999964,1.0,2025-06-17,397.55,0.0,398.15,398.35,397.4,0.0,2025,0.0,1.0,1.0,1.0,0,12,1,6,398.5,398.8,397.4,0.9749606026845428,44.6699965382548,-0.2827312495190881,-0.1513693811765448,-0.1313618683425433,398.525,400.8824071411696,396.1675928588304,397.87,397.535,398.525,397.2308333333333,398.6678341276582,-1.0,-0.0008782936010038,0,-0.0030112923462985,0,-0.0027603513174404,0,-0.009284818067754,0,-0.003387703889586,0,-0.0035131744040149,0,-0.003387703889586,0,-0.003387703889586,0,2025-06-17 12:00:00,-0.0023867858827772,0.0018883369367748,10.45712565144372,0.008485274678991,-2.231436862288976,0.008485274678991,0.991514725321009,1.1857629779822364e-05,6.247717099638172e-05,0.0010976170086485,True,105.7951925296017,0.8366219063005476,0.6182029069344492,0.8366219063005476,0.1633780936994524,6.66731998340935e-05,0.0003148160073456,0.0025453146722198,True,0,0,0,0.13136186834254332,0,1,1,1,0.4946975642087005,1,0,0,1,1,0,0,-6.273525721449752e-05,0.0031848598912589863,0.011831403468856224,0.0024465761673388778,-5.8679342041200915,22.098138480685733,-106.712672521959,True,0.4965428,0.5234998779448142,31.165792
2025-06-20 10:55:00,2025-06-20 12:05:00,1,403.2,404.05,pivot,0.8500000000000227,0.1242175,0.6257825000000229,19712.14875000072,1.0,2025-06-20,403.45,0.0,404.3,404.35,404.05,0.0,2025,0.0,1.0,1.0,1.0,1,10,4,6,403.2,403.6,403.2,0.8479009878178211,66.94631162482355,0.7066369228189728,0.6224961677188083,0.0841407551001645,401.7475,403.7799926381991,399.7150073618009,402.83,402.415,401.7475,400.20916666666665,400.8804417025268,1.0,0.0011160714285714,1,0.0028521825396826,1,0.0024801587301587,1,0.0047123015873016,1,0.0032242063492063,1,0.0033482142857143,1,0.0023561507936507,1,0.0031001984126984,1,2025-06-20 10:55:00,0.0007438631634844,0.0037248615205458,290.3360371114211,0.8119291799825961,0.5551462827229157,0.8119291799825961,0.1880708200174039,2.399517466845896e-05,7.01315035741336e-05,0.0012136110442922,True,32.92263254699761,0.9219686175015124,1.1948360582676376,0.9219686175015124,0.0780313824984876,0.0001325508842753,0.0003495233733425,0.0028249383033326,True,0,0,1,0.0841407551001645,1,1,1,1,0.8573198674133964,1,1,1,0,1,0,0,0.003602430555555522,0.007417741402116423,0.010081808721225705,0.0021029290372465803,5.632913211283574,57.39440300600965,101.56249999999845,True,0.5362766,0.551444587627957,31.165792
2025-06-20 13:10:00,2025-06-20 13:45:00,1,405.3,404.55,pivot,-0.75,0.1242955,-0.9742955,-30690.30825,1.0,2025-06-20,405.25,0.0,404.7,404.75,404.45,0.0,2025,0.0,1.0,1.0,1.0,0,13,4,6,405.3,405.35,405.05,0.4658290537828324,66.18785257058218,0.5544203972127661,0.6003078760873339,-0.0458874788745677,404.63,405.5871888712184,403.6728111287816,405.13,405.035,404.63,402.7483333333333,403.9231511492115,1.0,0.0001233654083395,1,-0.0018504811250925,0,-0.0017271157167529,0,-0.0008635578583765,0,-0.0006168270416975,0,-0.0004934616333579,0,-0.0017271157167529,0,-0.001480384900074,0,2025-06-20 13:10:00,-0.0001233730184774,0.00086403757767,514.667159874471,0.4225006222939378,-0.1594452546898436,0.4225006222939378,0.5774993777060622,2.399517466845896e-05,7.01315035741336e-05,0.0012136110442922,True,187.85373616026632,0.6506994649420542,0.1821328995824672,0.6506994649420542,0.3493005350579458,0.0001325508842753,0.0003495233733425,0.0028249383033326,True,0,0,0,0.04588747887456779,1,1,1,1,0.8499831747663147,1,1,0,1,1,0,0,0.0016530964717493607,0.00629574800559273,0.004723359838235482,0.0011493438287264555,-3.0371936865855913,56.25856105890822,-19.43005181347125,True,0.5112268,0.5440561654029151,31.165792
2025-06-23 10:35:00,2025-06-23 11:55:00,1,401.6,402.55,pivot,0.9499999999999886,0.1241245,0.7258754999999886,22865.07824999964,1.0,2025-06-23,402.05,0.0,402.7,402.8,402.25,0.0,2025,0.0,1.0,1.0,1.0,1,10,0,6,401.6,402.15,401.4,0.8817111989854266,55.37626944959828,-0.4759693327980017,-0.8088904174950805,0.3329210846970788,400.3425,402.29517023867766,398.3898297613224,400.86,400.775,400.3425,403.28,401.5611695928685,1.0,0.0009960159362549,1,0.0021165338645417,1,0.0029880478087649,1,0.000871513944223,1,0.0013695219123504,1,0.0014940239043823,1,0.0034860557768923,1,0.0026145418326692,1,2025-06-23 10:35:00,0.0012444003596868,0.0024903511812245,123.62205275656576,0.9097892961565832,0.9675825394268408,0.9097892961565832,0.0902107038434166,2.399517466845896e-05,7.01315035741336e-05,0.0012136110442922,True,75.36923686288759,0.8591367588619006,0.7578317039194863,0.8591367588619006,0.1408632411380994,0.0001325508842753,0.0003495233733425,0.0028249383033326,True,0,0,1,0.3329210846970788,1,0,1,1,0.8219949726000814,1,1,1,0,1,0,0,0.003131225099601718,-0.0041832669322707915,0.009724453379868657,0.0021954960134099267,18.435927691637968,45.519015088917264,43.1399402390376,True,0.6112139,0.5550222605641723,31.165792
2025-06-25 12:30:00,2025-06-25 13:05:00,1,418.8,417.2,pivot,-1.6000000000000227,0.12508,-1.8250800000000227,-57490.02000000072,1.0,2025-06-25,418.85,0.0,417.65,417.7,417.0,0.0,2025,0.0,1.0,1.0,1.0,0,12,2,6,418.8,419.05,418.65,0.6813108278309331,49.04739704303029,-0.1941039160768696,-0.1669044537744758,-0.0271994623023937,419.045,420.3680347928536,417.7219652071463,418.55,418.565,419.045,418.9858333333333,419.0855685202313,-1.0,0.0008357211079273,1,-0.0020296084049666,0,-0.0021489971346705,0,0.0013132760267431,1,-0.0011938872970391,0,-0.0007163323782235,0,-0.0037010506208214,0,-0.0027459407831901,0,2025-06-25 12:30:00,0.0002387774605423,0.0015530736052854,490.2718334822473,0.6105805591480201,0.1389621145599647,0.6105805591480201,0.3894194408519799,2.399517466845896e-05,7.01315035741336e-05,0.0012136110442922,True,135.39209632042156,0.762417195622604,0.4260447849508932,0.762417195622604,0.2375828043773959,0.0001325508842753,0.0003495233733425,0.0028249383033326,True,0,0,0,0.027199462302393812,0,0,1,1,0.40740984238535943,1,0,0,1,1,0,0,-0.000585004775549199,-0.00044372811206608883,0.006318217730915289,0.0016268166853651697,-1.3340628269024386,19.982392298713112,-37.60744985673165,True,0.50590044,0.513990154681524,31.165792
2025-06-26 12:40:00,2025-06-26 12:45:00,1,412.7,412.9,pivot,0.1999999999999886,0.124768,-0.024768000000011375,-780.1920000003583,1.0,2025-06-26,412.95,0.0,413.05,413.25,412.65,0.0,2025,0.0,1.0,1.0,1.0,1,12,3,6,412.7,413.1,412.45,0.8078083457927419,53.413416272106446,-0.6133910145633195,-1.0187156208580086,0.4053246062946891,411.7575,413.7270778359325,409.78792216406754,412.11,411.52,411.7575,415.44666666666666,413.35277253151406,-1.0,0.0008480736612552,1,0.0037557547855585,1,0.0053307487278894,1,0.0056942088684274,1,0.0035134480251998,1,0.0025442209837654,1,0.0023019142234068,1,0.003149987884662,1,2025-06-26 12:40:00,0.0007267442180327,0.0049766443673619,297.9834255042393,0.8068855579736776,0.5410404903175191,0.8068855579736776,0.1931144420263224,2.399517466845896e-05,7.01315035741336e-05,0.0012136110442922,True,14.834349442677585,0.9504548989361624,1.6379547080942127,0.9504548989361624,0.0495451010638375,0.0001325508842753,0.0003495233733425,0.0028249383033326,True,0,0,1,0.40532460629468914,1,0,1,1,0.7392644715037999,1,0,0,1,1,0,0,0.002283741216379926,-0.006655359017849939,0.009544840493978596,0.001957374232596903,21.649771921345884,39.486640951611236,110.6736127937937,True,0.5250747,0.6260554603151924,31.165792
2025-06-26 12:45:00,2025-06-26 15:15:00,1,412.9,414.8,pivot,1.900000000000034,0.124831,1.6751690000000343,52767.82350000108,1.0,2025-06-26,413.05,0.0,415.15,415.2,414.8,0.0,2025,0.0,1.0,1.0,1.0,1,12,3,6,412.9,413.25,412.65,0.7929648925218333,54.21067123723034,-0.4746597608920524,-0.9099044488648174,0.4352446879727649,411.74750000000006,413.6869722584428,409.8080277415573,412.47,411.735,411.74750000000006,415.32916666666665,413.35277253151406,-1.0,0.0015742310486801,1,0.0018164204407846,1,0.0047226931460403,1,0.0050859772341971,1,0.0020586098328893,1,0.0032695567934125,1,0.0026640833131509,1,0.0036328408815693,1,2025-06-26 12:45:00,0.0002421307517883,0.0043673489289327,489.3423904609601,0.6122291139455329,0.1417251837177386,0.6122291139455329,0.3877708860544671,2.399517466845896e-05,7.01315035741336e-05,0.0012136110442922,True,22.03664937298381,0.9393735053687794,1.4222701964323332,0.9393735053687794,0.0606264946312206,0.0001325508842753,0.0003495233733425,0.0028249383033326,True,0,0,1,0.43524468797276494,1,0,1,1,0.7971169077007881,1,0,0,1,1,0,0,0.0027912327440056143,-0.005883183983208221,0.0093943921455207,0.0019204768528017276,23.59490668744246,43.21224262100511,64.84620973601295,True,0.5510342,0.5880870656481937,31.165792
2025-06-27 13:30:00,2025-06-27 13:45:00,1,412.6,413.05,pivot,0.4499999999999886,0.1247695,0.22523049999998873,7094.760749999645,1.0,2025-06-27,413.0,0.0,412.6,413.2,412.6,0.0,2025,0.0,1.0,1.0,1.0,0,13,4,6,412.6,413.25,412.55,0.6297423676834581,47.36612599188239,-0.4947145125052543,-0.5886890517067093,0.0939745392014549,412.87250000000006,414.0082700885356,411.7367299114645,412.46,412.575,412.87250000000006,414.6983333333334,413.8518754666831,-1.0,0.0012118274357731,1,-0.0012118274357731,0,-0.0010906446921959,0,0.0014541929229276,1,0.0,0,-0.0009694619486185,0,-0.0006059137178865,0,-0.0004847309743093,0,2025-06-27 13:30:00,0.0009689923238812,0.0014538408182278,218.4615381680319,0.8362923317373934,0.6595908442182121,0.8362923317373934,0.1637076682626066,5.556812651880662e-05,8.582745827271393e-05,0.001338958648911,True,146.14642781172404,0.7129394427671117,0.3304972573522146,0.7129394427671117,0.2870605572328882,0.0002469069676662,0.0004251857715126,0.0031124465448104,True,0,0,1,0.09397453920145499,0,0,1,1,0.3800373408532892,1,0,0,1,1,0,0,-0.0006604459524964527,-0.005085635805461361,0.005505429416071435,0.0015262781572551094,4.451209863845204,18.00089656847685,0.0,True,0.51131326,0.6197875089625008,31.165792
2025-06-27 13:45:00,2025-06-27 13:55:00,1,413.05,412.2,pivot,-0.8500000000000227,0.1247575,-1.0747575000000227,-33854.861250000715,1.0,2025-06-27,412.6,0.0,412.1,412.45,411.8,0.0,2025,0.0,1.0,1.0,1.0,0,13,4,6,413.05,413.2,412.6,0.61031121785734,43.14886763852915,-0.3648677370314885,-0.4892499032312224,0.1243821661997338,412.7225,413.44395686619873,412.0010431338013,412.86,412.585,412.7225,414.5366666666667,413.8518754666831,-1.0,-0.0020578622442804,0,-0.0001210507202518,0,-0.0012105072025178,0,0.0012105072025178,1,-0.0016947100835249,0,-0.0015736593632732,0,-0.0020578622442804,0,-0.0021789129645322,0,2025-06-27 13:45:00,-0.0009689923238812,0.0002423948624159,183.5500215203481,0.1369605878310059,-0.7877911562181368,0.1369605878310059,0.8630394121689942,5.556812651880662e-05,8.582745827271393e-05,0.001338958648911,True,194.16133502683505,0.4991205027715128,-0.0587290115557197,0.4991205027715128,0.5008794972284871,0.0002469069676662,0.0004251857715126,0.0031124465448104,True,0,0,1,0.12438216619973391,1,0,1,1,0.7269712960980987,1,0,0,1,1,0,0,0.000792882217649162,-0.0035992414154864512,0.0034933149313579825,0.0014775722499875076,5.366949625945848,31.367988232346843,-53.383367631034346,True,0.5011592,0.5180652320868843,31.165792
2025-07-01 11:50:00,2025-07-01 12:40:00,1,421.8,421.1,pivot,-0.6999999999999886,0.125287,-0.9252869999999886,-29146.540499999643,1.0,2025-07-01,421.4,0.0,420.65,421.25,420.55,0.0,2025,0.0,1.0,1.0,1.0,1,11,1,7,421.8,421.8,421.4,0.6665373045013415,43.5010130699518,0.1320893236980964,0.4034958058061614,-0.2714064821080649,422.64,424.167157666114,421.112842333886,422.0,422.12,422.64,419.97083333333336,421.1241475457713,1.0,0.0,0,-0.0015410146989095,0,-0.0027264106211475,0,-0.0039118065433855,0,0.0001185395922238,1,-0.0009483167377905,0,-0.0013039355144618,0,-0.0022522522522522,0,2025-07-01 11:50:00,-0.0009487666745856,-0.0027252816204026,189.43541818219927,0.1407683014634424,-0.7726856491794865,0.1407683014634424,0.8592316985365576,5.556812651880662e-05,8.582745827271393e-05,0.001338958648911,True,52.363947758855645,0.1044842354693473,-1.0122157430039396,0.1044842354693473,0.8955157645306526,0.0002469069676662,0.0004251857715126,0.0031124465448104,True,0,0,0,0.271406482108065,0,1,0,0,0.2249792805815957,1,1,1,0,1,0,0,-0.001991465149359827,0.004336573415520748,0.007241145880104282,0.0015802212055508334,-11.80645692545257,9.786826625048349,3.7339971550497,True,0.4954675,0.5168231025199773,31.165792
2025-07-02 10:40:00,2025-07-02 12:50:00,1,412.5,412.5,pivot,0.0,0.12475,-0.22475,-7079.625,1.0,2025-07-02,413.5,0.0,412.85,412.95,412.5,0.0,2025,0.0,1.0,1.0,1.0,0,10,2,7,412.5,413.8,412.5,1.0939849813864282,50.30956380651729,-1.2429419570854066,-1.565418023624238,0.3224760665388313,412.4625,415.4596697191789,409.465330280821,411.68,411.47,412.4625,416.8491666666667,413.5995924143127,-1.0,0.0002424242424242,1,-0.0036363636363636,0,-0.0024242424242424,0,0.0007272727272727,1,-0.003030303030303,0,-0.0039999999999999,0,-0.0035151515151514,0,-0.0014545454545455,0,2025-07-02 10:40:00,0.0023001039133937,0.0075252206071862,31.948289380050152,0.9698809231207468,1.6537302753313443,0.9698809231207468,0.0301190768792531,5.556812651880662e-05,8.582745827271393e-05,0.001338958648911,True,9.493965751243056,0.9784977228561558,2.281174867890328,0.9784977228561558,0.0215022771438442,0.0002469069676662,0.0004251857715126,0.0031124465448104,True,0,0,1,0.32247606653883154,1,0,1,1,0.5062559019864787,1,0,1,0,1,0,0,9.090909090914604e-05,-0.0105434343434344,0.014531731971776825,0.002652084803361038,16.22363024561005,25.469513603414715,-95.4545454545445,True,0.50922716,0.6430692920959025,31.165792
2025-07-04 14:00:00,2025-07-04 15:45:00,-1,415.7,413.25,eod,2.4499999999999886,0.1248685,2.2251314999999887,70091.64224999964,1.0,2025-07-04,415.65,0.0,413.25,413.25,413.25,0.0,2025,0.0,1.0,1.0,1.0,1,14,4,7,415.7,416.3,415.6,0.5711082682390686,47.27384520188112,-0.2991904522309596,-0.3760777583782995,0.0768873061473398,415.715,416.7343393162663,414.6956606837337,415.39,415.355,415.715,417.0008333333333,416.60609536671546,-1.0,-0.0004811161895597,0,0.0003608371421697,1,0.0021650228530189,1,0.0109453933124849,1,0.0006013952369497,1,0.0009622323791195,1,0.0012027904738994,1,0.0008419533317295,1,2025-07-04 14:00:00,-0.0001202862814946,0.0012036592690575,459.76239403739487,0.4171026986454327,-0.1539358515179078,0.4171026986454327,0.5828973013545673,5.556812651880662e-05,8.582745827271393e-05,0.001338958648911,True,161.03950695634623,0.6744470019824369,0.2501162626689499,0.6744470019824369,0.3255529980175631,0.0002469069676662,0.0004251857715126,0.0031124465448104,True,0,0,1,0.0768873061473399,0,0,1,1,0.49264229302223045,1,0,0,1,1,0,0,-3.608371421695058e-05,-0.0031292598829282827,0.00490420647710511,0.0013738471692063233,3.6347586087989843,23.289095500232683,18.94394996391555,True,0.4995147,0.5221926966237449,31.165792
2025-07-08 10:30:00,2025-07-08 11:30:00,-1,418.25,418.85,pivot,-0.6000000000000227,0.125113,-0.8251130000000229,-25991.05950000072,1.0,2025-07-08,418.65,0.0,419.1,419.15,418.8,0.0,2025,0.0,1.0,1.0,2.0,1,10,1,7,418.25,418.7,417.95,0.897749407667295,50.597482207670105,1.0291468042814813,1.390067171074687,-0.3609203667932057,419.53,423.28308995642766,415.7769100435724,419.72,420.29,419.53,416.0891666666666,418.2987872173882,1.0,-0.0027495517035265,0,0.002510460251046,1,-0.0009563658099222,0,-0.0028690974297668,0,0.0014345487148834,1,0.0014345487148834,1,0.000836820083682,1,0.000836820083682,1,2025-07-08 10:30:00,0.0009559087835075,-0.005360027126084,223.07861910747283,0.8178807776984377,0.6308080011826618,0.8178807776984377,0.1821192223015623,4.3384789001395776e-05,6.489382648514195e-05,0.0014124978683718,True,17.191036913059435,0.037984267487901,-1.735175387951717,0.037984267487901,0.9620157325120988,0.000188800238339,0.0003223101819531,0.0032747913251264,True,0,0,0,0.3609203667932057,0,1,0,0,0.3294738449037344,1,0,1,0,1,0,0,-0.0030603705917512797,0.00516636780235126,0.01794663457945071,0.0021464420984274838,-18.261661837204993,16.67054700540936,45.188284518827096,True,0.50613487,0.5529810332542311,31.165792
2025-07-09 12:25:00,2025-07-09 14:10:00,1,422.25,423.0,pivot,0.75,0.1253575,0.5246425,16526.23875,1.0,2025-07-09,422.55,0.0,422.95,423.1,422.8,0.0,2025,0.0,1.0,1.0,1.0,0,12,2,7,422.25,422.6,422.15,0.5020814810428459,64.97634995776772,0.1615608187943849,0.0477603449638981,0.1138004738304867,421.73,422.9306138825417,420.5293861174584,422.09,421.62,421.73,421.5641666666667,421.4825138698757,1.0,0.0008288928359976,1,0.0008288928359976,1,0.0022498519834221,1,0.0016577856719952,1,-0.0002368265245708,0,-0.0002368265245708,0,0.0004736530491414,1,0.0004736530491414,1,2025-07-09 12:25:00,0.000828647576271,0.0029626140055204,259.036625575444,0.7872610144679071,0.5407114353144353,0.7872610144679071,0.2127389855320929,4.3384789001395776e-05,6.489382648514195e-05,0.0014124978683718,True,64.35661652428817,0.8630790604518028,0.8062510130978635,0.8630790604518028,0.1369209395481971,0.000188800238339,0.0003223101819531,0.0032747913251264,True,0,0,1,0.11380047383048678,1,1,1,1,0.7165558834365344,1,1,0,1,1,0,0,0.0012314979277678669,0.0016242352476809425,0.005686744263074766,0.0011890621220671306,7.394339412969492,46.559185846469674,-7.4600355239802,True,0.54806167,0.5146646982317568,31.165792
2025-07-10 12:55:00,2025-07-10 15:45:00,1,426.75,428.3,eod,1.5500000000000114,0.1256515,1.3243485000000115,41716.97775000036,1.0,2025-07-10,426.8,0.0,428.3,428.3,428.3,0.0,2025,0.0,1.0,1.0,1.0,0,12,3,7,426.75,426.85,426.6,0.4698016605139325,59.45110465449471,0.2547260136507248,0.2828804973529368,-0.028154483702212,426.6025,427.6240957644689,425.5809042355311,426.58,426.285,426.6025,425.20666666666665,425.6679688740646,1.0,-0.0004686584651435,0,-0.0004686584651435,0,0.0012888107791447,1,0.0028119507908611,1,-0.0012888107791447,0,-0.0005858230814294,0,0.0,0,0.0003514938488575,1,2025-07-10 12:55:00,0.0001171577530482,0.0009376465759636,432.7516442393122,0.5321535049392709,0.0370010657951558,0.5321535049392709,0.467846495060729,4.3384789001395776e-05,6.489382648514195e-05,0.0014124978683718,True,166.67219189636458,0.6328349844152911,0.1879009478525293,0.6328349844152911,0.3671650155847089,0.000188800238339,0.0003223101819531,0.0032747913251264,True,0,0,0,0.02815448370221202,1,1,1,1,0.5721909805864785,1,1,0,1,1,0,0,0.00034563561804330296,0.0036164811560242547,0.0047877950297312835,0.0011008826256916988,-1.6738151570734714,34.01738586920469,-40.59753954305805,True,0.5351391,0.537858861408315,31.165792
2025-07-11 12:00:00,2025-07-11 12:10:00,1,429.45,429.7,pivot,0.25,0.1257745,0.024225500000000004,763.1032500000001,1.0,2025-07-11,429.35,0.0,430.0,430.15,429.55,0.0,2025,0.0,1.0,1.0,1.0,1,12,4,7,429.45,429.75,429.35,0.7643954679574023,45.672240863202994,-0.2379337621746344,-0.1655930371067781,-0.0723407250678563,430.03,432.25341605619695,427.8065839438031,429.39,429.12,430.03,429.5616666666666,429.7038021719644,-1.0,0.0005821399464431,1,0.0015135638607522,1,0.0015135638607522,1,0.0020957038071953,1,0.000931423914309,1,0.0006985679357317,1,0.0011642798928862,1,0.0017464198393293,1,2025-07-11 12:00:00,-0.0002328830937398,0.0008155181904768,402.3987663987113,0.3822259542818965,-0.2108158368892109,0.3822259542818965,0.6177740457181035,4.3384789001395776e-05,6.489382648514195e-05,0.0014124978683718,True,171.290865650356,0.6121478224090094,0.1506074615318154,0.6121478224090094,0.3878521775909905,0.000188800238339,0.0003223101819531,0.0032747913251264,True,0,0,0,0.0723407250678563,0,0,1,1,0.36957007025664135,1,0,0,1,1,0,0,-0.0013505646757480127,-0.00026002250941115833,0.010354714431002094,0.0017799405471123585,-3.3039630195178797,16.879093264592175,29.3398533007335,True,0.49887392,0.521209389221671,31.165792
2025-07-16 14:30:00,2025-07-16 15:45:00,-1,431.5,430.55,eod,0.9499999999999886,0.1258615,0.7241384999999886,22810.36274999964,1.0,2025-07-16,431.5,0.0,430.55,430.55,430.55,0.0,2025,0.0,1.0,1.0,1.0,1,14,2,7,431.5,431.6,431.4,0.4248931277676927,43.69100363817712,-0.2703525919854428,-0.2337946483626898,-0.036557943622753,431.8549999999999,432.9132507966479,430.7967492033519,431.38,431.395,431.8549999999999,432.1133333333334,432.4384231431253,-1.0,0.0005793742757821,1,0.0017381228273464,1,0.0006952491309386,1,0.0077636152954809,1,0.0019698725376593,1,0.0026651216685978,1,0.0020857473928157,1,0.0022016222479721,1,2025-07-16 14:30:00,0.000115881569166,0.000115881569166,437.03612460221086,0.5268994708162029,0.0415725298814064,0.5268994708162029,0.4731005291837971,5.462081936694949e-05,5.878999645759295e-05,0.0013733004190829,True,183.7221090215341,0.472322847062844,-0.0586717319096053,0.472322847062844,0.527677152937156,0.000265376865556,0.0002981050453921,0.0031058138271218,True,0,0,0,0.036557943622753025,0,0,1,1,0.3322703837670782,1,0,0,1,1,0,0,-0.0008227114716104391,-0.0014213982232523772,0.004904986311230575,0.000984688592740887,-1.5972532478259753,14.517226546025922,62.05098493626795,True,0.49746966,0.518379587356112,31.165792
2025-07-17 10:55:00,2025-07-17 15:45:00,-1,428.7,431.8,eod,-3.1000000000000227,0.125815,-3.3258150000000226,-104763.17250000071,1.0,2025-07-17,429.1,0.0,431.8,431.8,431.8,0.0,2025,0.0,1.0,1.0,1.0,0,10,3,7,428.7,429.2,428.6,0.8865399708061942,51.67454627324113,-0.2842744318689938,-0.4952400760732455,0.2109656442042516,428.05250000000007,429.8660382720017,426.23896172799846,428.67,428.7,428.05250000000007,430.2375,429.8002389156284,-1.0,-0.0010496850944716,0,-0.0030324236062514,0,-0.003615581992069,0,-0.003615581992069,0,-0.0012829484487987,0,-0.0024492652204338,0,-0.0038488453463961,0,-0.0019827385117798,0,2025-07-17 10:55:00,0.0010492568727142,0.0025667964156823,198.1867172551211,0.8363905226431735,0.7212310303655558,0.8363905226431735,0.1636094773568265,5.462081936694949e-05,5.878999645759295e-05,0.0013733004190829,True,85.48431042120608,0.8350821466894405,0.7304659894545562,0.8350821466894405,0.1649178533105595,0.000265376865556,0.0002981050453921,0.0031058138271218,True,0,0,1,0.21096564420425168,1,0,1,0,0.6785184272083971,1,0,1,0,1,0,0,0.0015103802192673727,-0.0035864240727782196,0.008460640410551007,0.0020679728733524476,10.901553943496722,35.06213186402711,-40.412876137159046,True,0.5320264,0.5265938572548939,31.165792
2025-07-23 12:10:00,2025-07-23 15:45:00,1,428.5,430.4,eod,1.8999999999999773,0.125767,1.6742329999999772,52738.33949999928,1.0,2025-07-23,429.1,0.0,430.4,430.4,430.4,0.0,2025,0.0,1.0,1.0,1.0,1,12,2,7,428.5,429.2,428.4,0.8161633525033452,57.831442983946594,-0.0406450588916982,-0.198746054700754,0.1581009958090558,428.0825,429.37102220975913,426.7939777902408,428.27,427.815,428.0825,428.4175,429.269916360265,-1.0,0.0007001166861143,1,0.0018669778296382,1,0.0014002333722287,1,0.002100350058343,1,0.0019836639439907,1,0.0017502917152858,1,0.000933488914819,1,0.0010501750291715,1,2025-07-23 12:10:00,0.0015159468823512,0.0051401982335627,101.6824227716346,0.918907381892386,1.145472541580074,0.918907381892386,0.081092618107614,3.133531280125289e-05,3.918736549278935e-05,0.0012892142441244,True,16.1824160621901,0.9622519476510286,1.7006675167212222,0.9622519476510286,0.0377480523489713,0.0001746534171088,0.0001929760867059,0.0029089884402536,True,0,0,1,0.1581009958090558,1,1,1,1,0.6620072967458108,1,0,0,1,1,0,0,0.0009743290548425162,0.00019253208868140446,0.006014105996542261,0.00190469860560874,9.143208724836589,38.28483723671197,62.48541423570705,True,0.5871472,0.5205981320904575,31.165792
2025-07-28 11:35:00,2025-07-28 15:45:00,1,430.75,432.65,eod,1.8999999999999773,0.125902,1.6740979999999774,52734.08699999929,1.0,2025-07-28,431.0,0.0,432.65,432.65,432.65,0.0,2025,0.0,1.0,1.0,1.0,0,11,0,7,430.75,431.15,430.75,0.729490022053292,54.697661404904125,-0.2060669039709637,-0.3193825509666503,0.1133156469956865,430.405,431.7371529906715,429.0728470093285,430.3,430.055,430.405,430.9891666666667,431.2886547440168,-1.0,0.0004643064422518,1,-0.0015089959373185,0,-0.0010446894950667,0,0.0016250725478815,1,-0.0003482298316888,0,-0.0001160766105629,0,-0.0010446894950667,0,-0.0010446894950667,0,2025-07-28 11:35:00,0.0004641448215143,0.0047677280847736,377.2517220188259,0.6885865609022267,0.3296251635120281,0.6885865609022267,0.3114134390977733,3.133531280125289e-05,3.918736549278935e-05,0.0012892142441244,True,21.25524844965074,0.9553229504245592,1.5726263929975826,0.9553229504245592,0.0446770495754408,0.0001746534171088,0.0001929760867059,0.0029089884402536,True,0,0,1,0.11331564699568661,1,0,1,1,0.629489631602332,1,0,1,0,1,0,0,0.0008009286128845671,-0.0005552331205262368,0.006185272156339023,0.0016935345839890704,6.198100891247702,34.43161072728219,-10.9692396981972,True,0.5836707,0.5121298300285184,31.165792
2025-07-29 11:40:00,2025-07-29 12:45:00,-1,434.8,435.8,pivot,-1.0,0.126118,-1.2261179999999998,-38622.717,1.0,2025-07-29,435.15,0.0,435.5,436.05,435.5,0.0,2025,0.0,1.0,1.0,1.0,0,11,1,7,434.8,435.3,434.75,0.7412868013828301,70.41465257911143,0.7370100444239824,0.6307879984491802,0.1062220459748022,433.655,435.1561925124095,432.1538074875906,434.57,434.11500000000007,433.655,432.5025,432.85075107313736,1.0,-0.0017249310027598,0,-0.0032198712051517,0,-0.0024149034038638,0,-0.0020699172033118,0,-0.0034498620055197,0,-0.0041398344066237,0,-0.0033348666053357,0,-0.0029898804047838,0,2025-07-29 11:40:00,0.0008046439884681,0.0025310643977057,263.35757874518055,0.7972111649454774,0.5937388812324486,0.7972111649454774,0.2027888350545226,3.133531280125289e-05,3.918736549278935e-05,0.0012892142441244,True,81.72098213704139,0.8564331109728299,0.8037461677902026,0.8564331109728299,0.14356688902717,0.0001746534171088,0.0001929760867059,0.0029089884402536,True,0,1,1,0.10622204597480223,1,1,1,1,0.8813634795454026,1,1,1,0,1,0,0,0.0026333946642135204,0.005284038638454493,0.006905209348709569,0.0017048914475226082,7.479588463558099,62.06090320810631,-108.67065317387055,True,0.51169354,0.6305281286246806,31.165792
2025-08-04 11:05:00,2025-08-04 11:55:00,-1,424.15,424.05,pivot,0.0999999999999659,0.125446,-0.1254460000000341,-3951.5490000010745,1.0,2025-08-04,424.05,0.0,424.45,424.65,423.85,0.0,2025,0.0,1.0,1.0,1.0,0,11,0,8,424.15,424.2,423.75,1.005810545327014,50.13886711033132,0.6432044861247164,0.8124999632234728,-0.1692954770987564,424.45,426.9689805812694,421.93101941873056,424.74,425.265,424.45,422.755,423.12964650680095,1.0,-0.0014145938936697,0,-0.0010609454202523,0,-0.0007072969468348,0,-0.0031828362607568,0,-0.0010609454202523,0,0.0009430625957797,1,-0.0005894141223623,0,-0.0007072969468348,0,2025-08-04 11:05:00,-0.000353669322873,-0.0045879734616613,411.703268059334,0.3294328410134822,-0.3078595170695749,0.3294328410134822,0.6705671589865178,1.7726732910847144e-05,2.895976254953476e-05,0.0012428691146685,True,18.88961279549133,0.0416635698094899,-1.725269747695036,0.0416635698094899,0.95833643019051,0.0001167773437366,0.0001517252954889,0.0027472218552968,True,0,0,0,0.16929547709875647,0,1,0,0,0.4404521014908286,1,1,1,0,1,0,0,-0.000707296946834873,0.003288930802781992,0.011877781828454234,0.0023713557593469624,-8.488283428634686,22.083769385114817,-33.41978073794745,True,0.49747744,0.5598644196560513,31.165792
2025-08-06 10:35:00,2025-08-06 11:25:00,1,429.15,430.15,pivot,1.0,0.125779,0.774221,24387.9615,1.0,2025-08-06,429.5,0.0,430.35,430.4,430.15,0.0,2025,0.0,1.0,1.0,1.0,1,10,2,8,429.15,429.6,429.1,0.8064137726069245,51.46967809200178,-0.2892565785836041,-0.4054138952734084,0.1161573166898042,428.9825,429.7275008907313,428.2374991092686,429.08,428.865,428.9825,430.1958333333333,430.7727589957843,-1.0,0.000582546895025,1,0.0025632063381102,1,0.0027962250961203,1,0.0015146219270652,1,0.0010485844110451,1,0.0033787719911453,1,0.0026797157171153,1,0.0024466969591052,1,2025-08-06 10:35:00,0.0008152332600811,0.0008152332600811,247.28927181708465,0.8106987386322053,0.6326277548068847,0.8106987386322053,0.1893012613677946,1.7726732910847144e-05,2.895976254953476e-05,0.0012428691146685,True,185.66532343201945,0.6372935349114404,0.241519614920371,0.6372935349114404,0.3627064650885596,0.0001167773437366,0.0001517252954889,0.0027472218552968,True,0,0,1,0.11615731668980428,1,0,1,1,0.6124159729766339,1,0,1,0,1,0,0,0.00039030641966669315,-0.0024369878441881593,0.0034719836454915414,0.001879095357350401,5.9785796980549275,31.520852987507403,33.030408947920655,True,0.5320264,0.5154849386308462,31.165792
2025-08-07 13:05:00,2025-08-07 13:25:00,1,433.9,434.4,pivot,0.5,0.126049,0.273951,8629.4565,1.0,2025-08-07,434.55,0.0,434.05,434.45,434.0,0.0,2025,0.0,1.0,1.0,1.0,1,13,3,8,433.9,434.55,433.8,0.3854183690281287,72.30766385728631,0.3207391219612532,0.2024804416854027,0.1182586802758504,433.2525,434.3317175583033,432.1732824416966,433.95,433.66,433.2525,432.8716666666666,433.0775854672031,1.0,0.0016132749481448,1,0.0006914035492049,1,0.0009218713989399,1,0.0003457017746025,1,0.0011523392486748,1,0.0003457017746025,1,0.0005761696243374,1,0.000230467849735,1,2025-08-07 13:05:00,0.0014969200791642,0.0018426816224001,101.7620690849264,0.9201545924531586,1.1811061191316217,0.9201545924531586,0.0798454075468414,1.7726732910847144e-05,2.895976254953476e-05,0.0012428691146685,True,118.36110061002508,0.7953322065416359,0.6155150242601932,0.7953322065416359,0.204667793458364,0.0001167773437366,0.0001517252954889,0.0027472218552968,True,0,1,1,0.11825868027585051,1,1,0,1,0.7999858531851424,1,1,0,1,1,0,0,0.0014922793270338317,0.002369977721441264,0.004974499001167806,0.0008882654275826889,8.551008901592486,57.845108162695674,36.2986863332562,True,0.53680295,0.549943149649652,31.165792
2025-08-20 13:10:00,2025-08-20 14:05:00,1,419.5,420.95,pivot,1.4499999999999886,0.1252135,1.2247864999999887,38580.77474999964,1.0,2025-08-20,420.6,0.0,421.55,421.7,420.9,0.0,2025,0.0,1.0,1.0,1.0,1,13,2,8,419.5,420.65,419.45,0.6305081909241034,63.41310508530492,-0.0776173084626634,-0.276949393951037,0.1993320854883735,419.24,420.4010340264187,418.0789659735812,419.44000000000005,419.065,419.24,420.2575,420.0709229950919,1.0,0.003933253873659,1,0.0036948748510131,1,0.003456495828367,1,0.0092967818831942,1,0.0036948748510131,1,0.002860548271752,1,0.003337306317044,1,0.003456495828367,1,2025-08-20 13:10:00,0.0026187373613386,0.0050053733390694,10.002620482607984,0.98635369822975,2.1824503597387825,0.98635369822975,0.0136463017702499,-7.699925569765708e-06,-5.718349176210776e-06,0.0012025271039058,True,10.636099423048895,0.9678163983188678,1.852303019104741,0.9678163983188678,0.0321836016811322,-9.10076546663454e-06,-2.81820708944929e-05,0.0027174578662603,True,0,0,1,0.1993320854883736,1,0,1,1,0.6119691559781532,1,0,0,1,1,0,0,0.000619785458879597,-0.001805721096543488,0.005535323129529188,0.0015029992632278983,12.640266483947213,38.806864397007985,116.38855780691266,True,0.6235739,0.5294416241017221,31.165792
2025-08-22 11:20:00,2025-08-22 14:00:00,-1,429.25,428.25,pivot,1.0,0.125725,0.7742749999999999,24389.6625,1.0,2025-08-22,428.8,0.0,428.75,429.0,428.25,0.0,2025,0.0,1.0,1.0,1.0,1,11,4,8,429.25,429.25,428.75,0.6240660433833697,49.48006610621066,0.2388815382344091,0.3580445669135121,-0.119163028679103,429.1775,429.8011353614866,428.5538646385133,429.14,429.08,429.1775,427.5808333333333,427.54935145324106,1.0,0.0020966802562608,1,0.0008153756552126,1,0.0024461269656377,1,0.0032615026208502,1,0.0013977868375073,1,0.0013977868375073,1,0.0015142690739661,1,0.0025626092020967,1,2025-08-22 11:20:00,-0.0010488900209927,0.0001166112764426,167.07135970355526,0.1149981591146002,-0.8674828770414221,0.1149981591146002,0.8850018408853997,-7.699925569765708e-06,-5.718349176210776e-06,0.0012025271039058,True,215.04807015740323,0.5272734154335197,0.0532826466731726,0.5272734154335197,0.4727265845664803,-9.10076546663454e-06,-2.81820708944929e-05,0.0027174578662603,True,0,0,0,0.119163028679103,1,1,1,1,0.558126915564263,1,1,1,0,1,0,0,0.00016889924286544184,0.003888565327120986,0.00290569766563384,0.0014538521686275356,-5.896194536458293,27.616156677775184,44.030285381479956,True,0.4930438,0.5204924948016385,31.165792
2025-08-25 10:30:00,2025-08-25 10:35:00,1,431.9,431.1,pivot,-0.7999999999999545,0.12589,-1.0258899999999547,-32315.53499999857,1.0,2025-08-25,431.05,0.0,431.25,431.3,430.75,0.0,2025,0.0,1.0,1.0,1.0,0,10,0,8,431.9,432.0,430.95,0.7291476234808891,50.300492507371104,0.4313045928712995,0.5834932432553726,-0.152188650384073,431.5475,432.56651655950566,430.5284834404943,431.4,431.65,431.5475,429.5508333333333,430.6719225368521,1.0,-0.0015049780041675,0,0.0,0,0.0017365130817318,1,0.0020838156980783,1,-0.0004630701551284,0,0.0003473026163464,1,0.0013892104653855,1,0.0021995832368604,1,2025-08-25 10:30:00,-0.0018542130703605,-0.0012751407280456,44.299876858833066,0.0412175582198327,-1.5371750999877252,0.0412175582198327,0.9587824417801672,-7.699925569765708e-06,-5.718349176210776e-06,0.0012025271039058,True,152.8298553691824,0.2506323324907119,-0.4588695459212931,0.2506323324907119,0.7493676675092881,-9.10076546663454e-06,-2.81820708944929e-05,0.0027174578662603,True,0,0,0,0.15218865038407303,1,1,1,1,0.6729608791494962,1,1,1,0,1,0,0,0.0008161611484139006,0.00543914486378025,0.004718761562888042,0.0016882325155843695,-7.6551640683509845,33.8502636594131,-14.586709886544599,True,0.5396396,0.518271383640741,31.165792
2025-08-28 12:10:00,2025-08-28 12:20:00,1,433.25,433.5,pivot,0.25,0.1260025,0.023997499999999995,755.9212499999999,1.0,2025-08-28,433.4,0.0,433.25,433.5,433.05,0.0,2025,0.0,1.0,1.0,1.0,0,12,3,8,433.25,433.6,433.2,0.4013063341354337,75.66395872840984,0.500810452385906,0.4926603437546575,0.0081501086312484,432.49750000000006,433.47108534954566,431.52391465045446,433.03,432.89,432.49750000000006,431.0266666666666,432.2835559511508,1.0,0.0005770340450086,1,-0.0004616272360068,0,-0.0003462204270051,0,0.0017311021350259,1,-0.0004616272360068,0,-0.0005770340450086,0,-0.0006924408540104,0,-0.0010386612810155,0,2025-08-28 12:10:00,0.000346160506543,0.0017320020495109,447.547194291952,0.6742509976017624,0.2820028521086511,0.6742509976017624,0.3257490023982375,-7.550496665289486e-06,-3.952589753556943e-06,0.0012415232458774,True,121.74152561427844,0.8094938571365565,0.6271203953445272,0.8094938571365565,0.1905061428634434,-3.203221913227288e-05,-1.599564220500511e-05,0.0027873398867144,True,0,1,1,0.008150108631248543,1,1,1,1,0.8864581571359681,1,1,0,1,1,0,0,0.0017368724754759167,0.00513175610694383,0.004494335139275713,0.0009262696690950576,0.6166694831068358,67.07293341599814,-14.5412579342142,True,0.6274551,0.6116535621661908,31.165792
2025-08-29 14:25:00,2025-08-29 15:45:00,-1,430.7,430.6,eod,0.0999999999999659,0.125839,-0.12583900000003412,-3963.9285000010746,1.0,2025-08-29,430.65,0.0,430.6,430.6,430.6,0.0,2025,0.0,1.0,1.0,1.0,1,14,4,8,430.7,430.75,430.5,0.3576311369231239,42.89329348729751,-0.1133001374798823,-0.0842370731500951,-0.0290630643297871,430.9525,431.42542484221343,430.47957515778654,430.79,430.8850000000001,430.9525,431.2508333333333,431.682105118158,-1.0,0.0005804504295333,1,0.00069654051544,1,0.0003482702577199,1,0.0131181797074529,1,0.0001160900859066,1,0.0003482702577199,1,0.00069654051544,1,0.0009287206872532,1,2025-08-29 14:25:00,0.0,-0.0016241302874052,516.3915321775736,0.5039192599449785,0.0031836614954103,0.5039192599449785,0.4960807400550214,-7.550496665289486e-06,-3.952589753556943e-06,0.0012415232458774,True,129.6861708874448,0.2015735431269974,-0.576942429183192,0.2015735431269974,0.7984264568730026,-3.203221913227288e-05,-1.599564220500511e-05,0.0027873398867144,True,0,0,0,0.029063064329787197,0,0,0,0,0.2330442625743509,1,0,0,1,1,0,0,-0.0005862549338286457,-0.001278925779738303,0.002196075422398164,0.0008303485881660644,-1.2466105479377656,9.996035950132457,3.6568377060579,True,0.49992585,0.5142912727548314,31.165792
2025-09-01 10:30:00,2025-09-01 10:50:00,1,427.95,427.7,pivot,-0.25,0.1256695,-0.4756695,-14983.58925,1.0,2025-09-01,428.2,0.0,427.0,427.7,426.95,0.0,2025,0.0,1.0,1.0,1.0,0,10,0,9,427.95,428.5,427.7,0.7140530009088074,54.26928841298325,-0.2690284817830388,-0.5620609680222954,0.2930324862392566,426.6825,428.9080159095949,424.4569840904052,427.63,427.53,426.6825,429.31166666666667,427.4930393886483,1.0,0.0001168360789812,1,-0.0017525411847178,0,-0.0049071153172098,0,-0.0059586400280406,0,-0.0005841803949059,0,-0.0022198855006425,0,-0.0011683607898118,0,-0.0007010164738871,0,2025-09-01 10:30:00,0.0005840098279638,0.0018700332705351,353.0645910437612,0.7702262610596862,0.4735814811923539,0.7702262610596862,0.2297737389403138,-7.550496665289486e-06,-3.952589753556943e-06,0.0012415232458774,True,112.03604627523822,0.82561985769571,0.6766411666297577,0.82561985769571,0.17438014230429,-3.203221913227288e-05,-1.599564220500511e-05,0.0027873398867144,True,0,0,1,0.29303248623925665,1,0,1,1,0.7847654322612088,1,1,1,0,1,0,0,0.002961794602173114,-0.0031818358842544193,0.010400822103492751,0.0016685430562187345,15.902664510091762,42.588661579923006,-18.40168243953585,True,0.5415711,0.5382804113578074,31.165792
2025-09-09 11:00:00,2025-09-09 11:05:00,1,438.05,438.5,pivot,0.4499999999999886,0.1262965,0.2237034999999886,7046.660249999641,1.0,2025-09-09,438.5,0.0,438.9,438.95,438.45,0.0,2025,0.0,1.0,1.0,1.0,1,11,1,9,438.05,438.55,438.0,0.5152612764065636,72.41791637063486,0.7538751653063969,0.7271821469480771,0.0266930183583197,437.205,438.8368862227047,435.5731137772954,438.15,437.82,437.205,435.20416666666665,436.7432921333158,1.0,0.0019404177605295,1,0.003310124415021,1,0.0049081155119278,1,0.0058212532815888,1,0.0026252710877753,1,0.0021687022029448,1,0.003310124415021,1,0.0031959821938134,1,2025-09-09 11:00:00,0.0010267526998648,0.0013692380048851,166.158889677883,0.9009472853025752,0.9021403042809352,0.9009472853025752,0.0990527146974247,-1.1420477084108084e-05,-1.0838201751186392e-05,0.0011501436048166,True,149.31659414710074,0.7877098184455907,0.5500071900848655,0.7877098184455907,0.2122901815544092,-4.237988454896708e-05,-5.676558896479109e-05,0.002592699912941,True,0,1,1,0.02669301835831972,1,1,0,1,0.7589028537171723,1,1,1,0,1,0,0,0.0019290035384089198,0.006496594757067366,0.007450684728705174,0.0011762613318264208,1.9330527711526169,54.95816339392632,82.69603926492195,True,0.51302683,0.5939981436822618,31.165792
2025-09-09 11:05:00,2025-09-09 15:45:00,1,438.5,441.1,eod,2.6000000000000227,0.126388,2.3736120000000227,74768.77800000072,1.0,2025-09-09,438.9,0.0,441.1,441.1,441.1,0.0,2025,0.0,1.0,1.0,1.0,1,11,1,9,438.5,438.95,438.45,0.5141711852346662,75.21392466598476,0.7928320240889093,0.7403121223762436,0.0525199017126657,437.36,439.01866148053983,435.7013385194602,438.28,437.945,437.36,435.285,437.1714629199842,1.0,0.0006841505131129,1,0.0022805017103762,1,0.0043329532497148,1,0.0045610034207525,1,0.0011402508551881,1,0.0022805017103762,1,0.0021664766248574,1,0.0020524515393386,1,2025-09-09 11:05:00,0.0009117848819505,0.0014820728928443,207.77077445877137,0.8795281459618892,0.8021807710253422,0.8795281459618892,0.1204718540381107,-1.1420477084108084e-05,-1.0838201751186392e-05,0.0011501436048166,True,139.99409865058757,0.8040570154299352,0.5935274167782741,0.8040570154299352,0.1959429845700647,-4.237988454896708e-05,-5.676558896479109e-05,0.002592699912941,True,0,1,1,0.05251990171266574,1,1,1,1,0.8436505921717575,1,1,1,0,1,0,0,0.002599771949828931,0.007331812998859692,0.0075651606866126335,0.0011725682673538569,3.950227930881362,63.454272084020005,35.91790193842515,True,0.5079339,0.5839566669200189,31.165792
2025-10-13 10:45:00,2025-10-13 12:20:00,-1,500.6,499.25,pivot,1.3500000000000227,0.1299955,1.120004500000023,35280.14175000072,1.0,2025-10-13,501.65,0.0,499.3,499.6,499.1,0.0,2025,0.0,1.0,1.0,2.0,0,10,0,10,500.6,501.7,500.6,1.395017423094074,53.82552308120849,-0.3560865666999007,-0.7545458609513532,0.3984592942514525,499.7325,501.8819858670088,497.5830141329912,500.71,500.4799999999999,499.7325,503.2216666666666,500.6950270518653,1.0,-0.0011985617259288,0,-0.0006991610067917,0,-0.0002996404314821,0,0.0037954454654415,1,-0.0016979624450658,0,-0.0019976028765481,0,-0.0011985617259288,0,-0.0003995205753096,0,2025-10-13 10:45:00,0.0020952863739478,0.0022950666163464,23.479805493670668,0.9798102582609618,1.9834391677160468,0.9798102582609618,0.0201897417390382,2.681802710255625e-05,5.325765540502146e-05,0.0010295393737203,True,77.17735010893698,0.8905351673831811,0.87954771379313,0.8905351673831811,0.1094648326168189,0.0001672812930653,0.0002681495172574,0.0023044993094776,True,0,0,1,0.39845929425145254,1,0,0,1,0.7017924410006104,1,0,1,0,1,0,0,0.001732920495405527,-0.005237048874683492,0.008587638302072681,0.002786690817207499,21.4472799396536,37.774345231296,-53.4858170195727,True,0.5136982,0.5742361786137912,31.165792
2025-10-14 13:25:00,2025-10-14 13:40:00,1,498.0,495.45,pivot,-2.550000000000012,0.1298035,-2.7798035000000114,-87563.81025000036,1.0,2025-10-14,495.3,0.0,494.7,495.8,494.3,0.0,2025,0.0,1.0,0.0,0.0,0,13,1,10,498.0,499.05,494.75,1.3799203259405606,12.369138942183682,-1.943971220171079,-1.227950441268257,-0.7160207789028221,502.3125,507.364636079563,497.260363920437,498.5100000000001,500.7299999999999,502.3125,505.3875,501.1786499371617,-1.0,-0.0015060240963855,0,-0.0054216867469879,0,0.0006024096385542,1,-0.0012048192771084,0,-0.0066265060240964,0,-0.0059236947791164,0,-0.0011044176706827,0,-0.0025100401606425,0,2025-10-14 13:25:00,-0.0054364374304609,-0.0142329755597968,0.896315439601515,0.0,-5.332185660882659,0.0,1.0,2.681802710255625e-05,5.325765540502146e-05,0.0010295393737203,True,0.7614303085196681,0.0,-6.292527412534146,0.0,1.0,0.0001672812930653,0.0002681495172574,0.0023044993094776,True,1,0,0,0.7160207789028221,0,0,0,0,0.0732003322866739,1,0,0,1,0,1,0,-0.008659638554216868,-0.014834337349397568,0.020289703130775154,0.002770924349278234,-8.856560499739588,0.9054250806678836,-208.7349397590366,True,0.67240745,0.5945680484918281,38.630325
2025-10-17 13:45:00,2025-10-17 15:20:00,-1,527.8,526.5,pivot,1.2999999999999543,0.131629,1.0683709999999547,33653.68649999857,1.0,2025-10-17,527.8,0.0,526.1,526.7,525.95,0.0,2025,0.0,1.0,1.0,1.0,0,13,4,10,527.8,528.1,527.55,1.0434228154542962,54.80690936053626,0.0339676358737506,-0.0887241550028242,0.1226917908765748,527.26,529.0718324601696,525.4481675398304,527.49,527.075,527.26,526.9958333333333,528.5345765068245,-1.0,-0.0006631299734748,0,0.001231527093596,1,0.0021788556271314,1,0.0034103827207274,1,-0.0008525956801819,0,0.0010420613868888,1,0.002463054187192,1,0.0014209928003031,1,2025-10-17 13:45:00,0.0,0.001137440880926,541.9548849077961,0.4853387127682645,-0.0552723222170371,0.4853387127682645,0.5146612872317354,2.691353702660389e-05,7.819210424437789e-05,0.0014146701478787,True,183.7738123130586,0.7010283548739888,0.234407096960793,0.7010283548739888,0.2989716451260111,0.0002123298031992,0.0003914538862031,0.00318244201816,True,0,0,1,0.12269179087657481,1,1,1,1,0.6490204011328421,1,0,0,1,1,0,0,0.0010231148162181956,0.0015236200581028312,0.006865602350017529,0.001976928411243456,6.724357861854305,35.570802298026564,-26.85676392572985,True,0.5058802,0.520997240228696,31.165792
2025-10-21 08:45:00,2025-10-21 10:45:00,1,541.65,546.7,pivot,5.050000000000068,0.1326505,4.817349500000067,151746.50925000213,1.0,2025-10-21,539.2,0.0,546.55,546.85,546.15,0.0,2025,0.0,1.0,1.0,1.0,1,8,1,10,541.65,541.65,539.0,1.0075146472048406,78.24759289487723,0.810389800839971,0.6008214427877491,0.2095683580522219,535.51,537.4702899949982,533.5497100050018,536.4200000000001,535.84,535.51,533.99,536.9587558200121,1.0,-0.0019385211852671,0,0.0061848056863288,1,0.0107080217852858,1,0.0100618480568633,1,0.0012923474568449,1,0.0052617003600111,1,0.0059078740884335,1,0.0073848426105418,1,2025-10-21 08:45:00,0.0056725869319428,0.0073526321283052,0.6388615848905083,0.999583057876656,3.95455777170888,0.999583057876656,0.0004169421233438,2.691353702660389e-05,7.819210424437789e-05,0.0014146701478787,True,5.282195077927174,0.9804118599845448,2.187370014089605,0.9804118599845448,0.0195881400154552,0.0002123298031992,0.0003914538862031,0.00318244201816,True,0,1,1,0.20956835805222196,1,1,1,1,2.066094816498199,0,1,0,0,1,0,0,0.011335733407181735,0.01414197359918761,0.007238216542040876,0.0018600842743558398,16.398219564518126,161.66694608356715,40.70894489061435,True,0.5542304,0.5829711668445359,33.650608
2025-10-23 12:30:00,2025-10-23 13:35:00,-1,543.0,537.4,pivot,5.600000000000023,0.132412,5.367588000000022,169079.0220000007,1.0,2025-10-23,542.65,0.0,536.75,537.45,536.6,0.0,2025,0.0,1.0,1.0,1.0,1,12,3,10,543.0,543.4,542.35,0.9387904669476116,42.81832519826619,0.5615998548744301,1.031155982706725,-0.4695561278322948,544.595,546.6229364731306,542.5670635268694,543.98,544.815,544.595,541.5758333333333,543.3681240939646,-1.0,0.0019337016574584,1,0.0058011049723756,1,0.008195211786372,1,0.009208103130755,1,0.0050644567219152,1,0.0035911602209945,1,0.0062615101289134,1,0.0075506445672191,1,2025-10-23 12:30:00,-0.0006447750419114,-0.0056048293001624,296.44687519668094,0.2200506152985792,-0.4757564206680288,0.2200506152985792,0.7799493847014207,3.64708742360648e-05,8.128652322225767e-05,0.001526120370828,True,10.382397032032486,0.0278756576377024,-1.6964578927015068,0.0278756576377024,0.9721243423622976,0.000241860492755,0.0004036938898299,0.0035418050844893,True,0,0,0,0.46955612783229483,0,1,0,0,0.10674310533559699,1,0,0,1,1,0,0,-0.002937384898710916,0.0026227747084100897,0.007469379274882433,0.0017288958875646622,-20.105606980361845,4.570560996932374,159.5303867403288,True,0.5280491,0.5878344351571485,31.165792
2025-10-24 10:25:00,2025-10-24 10:55:00,1,545.1,548.25,pivot,3.1499999999999773,0.1328005,2.917199499999977,91891.78424999928,1.0,2025-10-24,544.1,0.0,548.85,548.95,547.95,0.0,2025,0.0,1.0,1.0,1.0,1,10,4,10,545.1,545.45,544.1,1.4856435775875194,49.07744662709317,1.4799563512939358,1.812460286203193,-0.332503934909258,545.65,548.6219743609842,542.6780256390158,546.5899999999999,546.61,545.65,540.92,544.7885482100996,-1.0,-0.0006420840212805,0,0.0057787561915244,1,0.0083470922766464,1,0.0064208402128049,1,0.0015593469088241,1,0.0043111355714548,1,0.0068794716565767,1,0.007246376811594,1,2025-10-24 10:25:00,-0.0018362105783555,-0.0062294081987761,54.99429722695493,0.0467187286420228,-1.256452071691664,0.0467187286420228,0.9532812713579772,3.64708742360648e-05,8.128652322225767e-05,0.001526120370828,True,8.094131068018587,0.0220922917363016,-1.8728026896947016,0.0220922917363016,0.9779077082636984,0.000241860492755,0.0004036938898299,0.0035418050844893,True,0,0,0,0.33250393490925734,0,1,0,0,0.4074689191097496,1,1,1,0,1,0,0,-0.0010089891762978436,0.007668317739864362,0.01090432713624721,0.0027254514356769757,-16.31844411880757,19.997534129808077,49.119427627959155,True,0.5046505,0.5485286752828318,31.165792
2025-10-28 12:00:00,2025-10-28 12:35:00,-1,559.55,558.9,pivot,0.6499999999999773,0.1335535,0.4164464999999773,13118.064749999285,1.0,2025-10-28,559.6,0.0,558.6,559.05,558.35,0.0,2025,0.0,1.0,1.0,1.0,1,12,1,10,559.55,559.8,559.25,1.124678438016757,52.67614625454529,-0.1867562934214675,-0.3853655818585925,0.198609288437125,558.6075,560.9509735854688,556.2640264145311,558.66,559.095,558.6075,561.3041666666667,560.9252307129434,-1.0,0.0002680725583057,1,0.0008042176749172,1,0.0025020105441872,1,0.0033955857385398,1,0.0020552229470109,1,0.0005361451166114,1,0.0011616477526583,1,0.0016977928692698,1,2025-10-28 12:00:00,0.0,0.0016095863262228,474.7242707314288,0.4825998131662112,-0.0532635071099609,0.4825998131662112,0.5174001868337887,3.64708742360648e-05,8.128652322225767e-05,0.001526120370828,True,132.3593674446918,0.7375160878971465,0.3404739695230361,0.7375160878971465,0.2624839121028535,0.000241860492755,0.0004036938898299,0.0035418050844893,True,0,0,1,0.198609288437125,1,0,1,1,0.7010903826363051,1,0,0,1,1,0,0,0.001684389241354652,-0.0031349596401871503,0.008376279458381966,0.0020099695076700153,10.461971925225166,36.930739533405124,64.73952283084336,True,0.5197413,0.5130469065648929,31.165792
2025-10-28 14:55:00,2025-10-28 15:00:00,1,558.75,559.6,pivot,0.8500000000000227,0.1335505,0.6164495000000229,19418.15925000072,1.0,2025-10-28,559.6,0.0,559.9,560.25,559.4,0.0,2025,0.0,1.0,1.0,1.0,1,14,1,10,558.75,559.7,558.6,0.928267819031172,64.54911694915471,-0.0189472048095922,-0.3461148151234316,0.3271676103138394,557.455,559.3916003917308,555.5183996082693,558.0,557.1949999999999,557.455,558.0158333333333,558.6094038201528,1.0,0.0020581655480983,1,0.0046532438478747,1,0.0176286353467561,1,0.010380313199105,1,0.003579418344519,1,0.0040268456375838,1,0.0040268456375838,1,0.0039373601789709,1,2025-10-28 14:55:00,0.0015200968635475,0.0054652288520914,100.23662885323664,0.9183937562465144,0.9427895517471848,0.9183937562465144,0.0816062437534856,3.64708742360648e-05,8.128652322225767e-05,0.001526120370828,True,18.193956860070696,0.9486615828375498,1.429083431052581,0.9486615828375498,0.0513384171624502,0.000241860492755,0.0004036938898299,0.0035418050844893,True,0,0,1,0.3271676103138394,1,1,1,1,0.8343487911934739,1,1,0,1,1,0,0,0.0023176733780759895,0.0013139448173006495,0.006931902968163706,0.0016613294300334173,21.118380340123494,53.856477699133414,112.75167785234851,True,0.5797091,0.5195252952759633,31.165792
2025-10-29 14:30:00,2025-10-29 14:35:00,1,568.5,569.25,pivot,0.75,0.1341325,0.5158674999999999,16249.826249999998,1.0,2025-10-29,569.25,0.0,569.65,569.9,568.8,0.0,2025,0.0,1.0,1.0,1.0,1,14,2,10,568.5,569.35,568.5,1.1576292039466864,57.18216723338531,-0.3078560908270447,-0.4958808964897903,0.1880248056627456,567.76,570.2361175094097,565.2838824905903,567.65,566.965,567.76,568.3675,567.387527298255,1.0,0.0020228671943711,1,0.0031662269129286,1,0.0074758135444151,1,0.0218117854001758,1,0.0021108179419525,1,0.0029023746701846,1,0.0053649956024625,1,0.0065083553210203,1,2025-10-29 14:30:00,0.0014063463687332,0.0039604012160969,115.85044268028015,0.9061310659026665,0.8682538224635593,0.9061310659026665,0.0938689340973335,3.64708742360648e-05,8.128652322225767e-05,0.001526120370828,True,36.45981443836577,0.9083130552739344,1.004207527354589,0.9083130552739344,0.0916869447260655,0.000241860492755,0.0004036938898299,0.0035418050844893,True,0,0,1,0.1880248056627456,1,1,1,1,0.6494274801554982,1,1,0,1,1,0,0,0.0013016710642040617,0.00023306948109067725,0.008711055442074697,0.002036287078182386,10.751665881431892,37.13567077620772,66.49076517150375,True,0.5662801,0.5445478023734728,31.165792
2025-11-03 13:10:00,2025-11-03 13:35:00,-1,595.2,597.0,pivot,-1.7999999999999543,0.135766,-2.0357659999999544,-64126.62899999857,1.0,2025-11-03,595.6,0.0,597.2,597.6,596.85,0.0,2025,0.0,1.0,1.0,1.0,0,13,0,11,595.2,595.6,594.0,1.1991124335961965,50.60119026211423,0.9127786556948648,1.349064280468174,-0.4362856247733091,596.4350000000001,599.0265043441004,593.8434956558997,596.51,597.105,596.4350000000001,591.6208333333333,595.4363317072039,1.0,0.0001680107526882,1,-0.0033602150537634,0,-0.0056283602150536,0,-0.0032762096774192,0,-0.0021001344086021,0,-0.002940188172043,0,-0.0028561827956988,0,-0.0026041666666665,0,2025-11-03 13:10:00,0.0007558261959653,-0.0035196550203545,262.81283138713883,0.7539401775460344,0.3829284278099272,0.7539401775460344,0.2460598224539656,3.800559536296628e-05,9.529424826344916e-05,0.001724948840909,True,39.23141786724759,0.0947695839325435,-0.9931461551806888,0.0947695839325435,0.9052304160674564,0.0002828966077742,0.0004771371035496,0.0040243745626514,True,0,0,0,0.43628562477330923,0,1,0,0,0.26172141042103136,1,0,0,1,1,0,0,-0.0020749327956989475,0.006013384856630989,0.00870801190893942,0.0020146378252624266,-22.07657190777959,13.243414884383494,-66.15423387096615,True,0.5046505,0.5561833884749701,31.165792
2025-11-05 11:45:00,2025-11-05 12:25:00,1,558.35,563.5,pivot,5.149999999999977,0.1336555,4.916344499999978,154864.8517499993,1.0,2025-11-05,558.45,0.0,566.7,566.85,563.0,0.0,2025,0.0,1.0,2.0,2.0,1,11,2,11,558.35,560.0,558.35,2.860714780219697,54.80075890192346,-1.0370613124581496,-2.6903310349980347,1.6532697225398851,552.6075000000001,560.287019928992,544.9279800710082,556.81,555.44,552.6075000000001,567.1016666666667,556.3540652689943,1.0,0.0030446852332764,1,0.0063580191636069,1,0.01477567833796,1,0.0133428852870062,1,0.0080594609116145,1,0.0088654070027759,1,0.0039401808901225,1,0.0093131548311989,1,2025-11-05 11:45:00,8.953753867308287e-05,0.0073688327684749,407.3770868717655,0.5211262520445137,-0.0033373219273752,0.5211262520445137,0.4788737479554863,3.800559536296628e-05,9.529424826344916e-05,0.001724948840909,True,12.589027265190875,0.9604047439220672,1.7124886259058023,0.9604047439220672,0.0395952560779329,0.0002828966077742,0.0004771371035496,0.0040243745626514,True,0,0,1,1.6532697225398851,1,0,1,1,0.8738840482932224,0,1,1,0,0,0,0,0.010284767618876959,-0.015674158980328944,0.027507906972300197,0.005123515322324164,90.60043546475814,47.889509038753715,253.87301871585674,True,0.5106299,0.5584854640273758,31.165792
2025-11-05 14:35:00,2025-11-05 15:10:00,-1,566.15,562.45,pivot,3.699999999999932,0.133858,3.4661419999999317,109183.47299999784,1.0,2025-11-05,565.25,0.0,563.75,563.9,562.3,0.0,2025,0.0,1.0,1.0,1.0,1,14,2,11,566.15,566.15,564.7,2.3421252196923583,54.88956104467691,0.7396584830551092,0.6436896822667741,0.095968800788335,564.025,567.553306590081,560.496693409919,565.45,563.855,564.025,559.4791666666666,561.7611329346399,1.0,0.0041508434160558,1,0.0060937913980392,1,-0.0002649474520886,0,-0.0074185286584828,0,0.0064470546674909,1,0.0075951602932084,1,0.0065353704848537,1,0.0042391592334186,1,2025-11-05 14:35:00,-0.0015909496019692,0.0018593125901831,96.26430917779928,0.0837648129658666,-0.9775616587817504,0.0837648129658666,0.9162351870341332,3.800559536296628e-05,9.529424826344916e-05,0.001724948840909,True,108.74985045776202,0.7270566189346088,0.3434510046507339,0.7270566189346088,0.2729433810653912,0.0002828966077742,0.0004771371035496,0.0040243745626514,True,0,0,1,0.09596880078833503,1,1,1,1,0.8011359622168229,0,1,0,1,1,0,0,0.0037534222379228123,0.011782801966498894,0.012464211216394955,0.004136934062867364,5.267685349255752,43.97400130318628,203.08222202596335,True,0.51027834,0.5572324644254388,31.165792
2025-11-07 14:15:00,2025-11-07 14:30:00,-1,554.0,554.35,pivot,-0.3500000000000227,0.1332505,-0.5832505000000228,-18372.390750000715,1.0,2025-11-07,556.55,0.0,556.65,557.0,554.1,0.0,2025,0.0,1.0,1.0,1.0,0,14,4,11,554.0,556.7,553.5,1.965933563520858,60.0194185466015,-0.5643944856969938,-1.314832602434019,0.7504381167370249,552.6425,556.1343363473205,549.1506636526796,553.9399999999999,552.295,552.6425,557.6733333333334,554.7008538401552,1.0,-0.0022563176895306,0,-0.0076714801444043,0,-0.0105595667870036,0,-0.0186823104693141,0,-0.004783393501805,0,-0.006768953068592,0,-0.0070397111913356,0,-0.0065884476534295,0,2025-11-07 14:15:00,0.0045923271919508,0.0112934298735216,6.53862776042634,0.9920206945044407,2.607052938055526,0.9920206945044407,0.0079793054955591,3.800559536296628e-05,9.529424826344916e-05,0.001724948840909,True,4.532092539162525,0.9876640765142984,2.6876953428623342,0.9876640765142984,0.0123359234857016,0.0002828966077742,0.0004771371035496,0.0040243745626514,True,0,0,1,0.7504381167370251,1,0,1,1,0.6943819619498574,1,0,0,1,1,0,0,0.002450361010830251,-0.006630565583634301,0.012605907391048688,0.003548616540651368,45.04085942176289,41.67640160547881,-150.6768953068575,True,0.56767136,0.6129561434619721,31.165792
2025-11-07 14:30:00,2025-11-07 14:40:00,1,554.35,557.75,pivot,3.3999999999999773,0.133363,3.166636999999977,99749.06549999928,1.0,2025-11-07,556.65,0.0,558.25,558.5,556.95,0.0,2025,0.0,1.0,1.0,1.0,1,14,4,11,554.35,557.0,554.1,2.039852783912284,58.37591147480071,-0.0088609546372708,-0.7640011134804084,0.7551401588431376,552.905,556.9646733110299,548.8453266889701,555.35,553.62,552.905,557.0258333333334,554.7008538401552,1.0,0.00613330928114,1,0.0091999639217101,1,0.0081176152250383,1,0.0255253900965093,1,0.0064038964553079,1,0.0059529178316946,1,0.0095607468206006,1,0.0099215297194912,1,2025-11-07 14:30:00,0.0042306197489573,0.0035993919900476,7.667446307593807,0.9894228278986102,2.3973612449367527,0.9894228278986102,0.0105771721013897,3.800559536296628e-05,9.529424826344916e-05,0.001724948840909,True,50.705659935981295,0.8575055357470134,0.7758360554890531,0.8575055357470134,0.1424944642529866,0.0002828966077742,0.0004771371035496,0.0040243745626514,True,0,0,1,0.7551401588431377,1,0,0,1,0.6779699854264226,0,0,0,1,1,0,0,0.0026066564444846216,-0.004826974534740406,0.014646607057021314,0.003679720003449597,44.081995063693945,39.57711585182477,201.72273834219885,True,0.552329,0.6056557581823122,31.165792
2025-11-10 15:00:00,2025-11-10 15:45:00,-1,577.65,576.9,eod,0.75,0.1346365,0.5153635000000001,16233.950250000002,1.0,2025-11-10,578.05,0.0,576.9,576.9,576.9,0.0,2025,0.0,1.0,1.0,1.0,1,15,0,11,577.65,578.05,577.15,0.8074955523902987,53.813600051333005,0.5141573099674588,0.7443613080851057,-0.2302039981176469,578.1650000000001,579.8949528516305,576.4350471483697,578.0600000000001,578.4399999999999,578.1650000000001,576.1049999999999,577.260138712215,1.0,0.0004327880204275,1,0.0034623041634207,1,-0.0118583917597161,0,-0.0287371245563923,0,0.0020773824980523,1,0.0019908248939668,1,0.0024236129143944,1,0.0012983640612827,1,2025-11-10 15:00:00,0.000692221192303,0.0,257.117556221249,0.6943386270354052,0.277646616841013,0.6943386270354052,0.3056613729645948,5.008422411693399e-05,9.376824390805978e-05,0.0021554483724817,True,124.986255923214,0.44637004649106,-0.0932752736226925,0.44637004649106,0.55362995350894,0.0004250550283828,0.0004691737531297,0.0050299906385433,True,0,0,0,0.2302039981176469,0,1,0,0,0.35115201275146424,1,1,0,0,1,0,0,-0.0008915433220810181,0.0026746299662426605,0.0059896229607215475,0.0013978976064923374,-12.388105884920867,18.896753971427884,65.43754868864745,True,0.5091021,0.549020089166484,31.165792
2025-11-11 11:00:00,2025-11-11 11:45:00,-1,589.55,585.65,pivot,3.899999999999977,0.135256,3.664743999999977,115439.43599999927,1.0,2025-11-11,588.5,0.0,585.7,586.45,585.5,0.0,2025,0.0,1.0,1.0,1.0,1,11,1,11,589.55,590.15,588.45,1.9538345069366847,47.837726936287744,1.2840916721805795,2.1369916841242733,-0.8529000119436936,591.8050000000001,595.0003749515506,588.6096250484495,590.29,590.675,591.8050000000001,583.5183333333333,588.3476268651036,1.0,0.001611398524298,1,0.0062759731998981,1,0.0072936985836654,1,0.0075481299296072,1,0.0037316597404799,1,0.0065304045458398,1,0.0033076074972435,1,0.0041557119837162,1,2025-11-11 11:00:00,-0.0017826073223508,-0.0042390907057668,91.0065464905736,0.1046971576790319,-0.8705267962871805,0.1046971576790319,0.895302842320968,5.008422411693399e-05,9.376824390805978e-05,0.0021554483724817,True,33.238481906841685,0.10897812077744,-0.9360384138329202,0.10897812077744,0.8910218792225599,0.0004250550283828,0.0004691737531297,0.0050299906385433,True,0,0,0,0.8529000119436938,0,1,0,0,0.14714626073758952,1,1,1,0,1,0,0,-0.0038249512339922132,0.010230967121816027,0.010840047329490453,0.0033141116223164868,-40.80079787531897,7.0391426408606055,117.54728182511685,True,0.5046505,0.5449452957623533,31.165792
2025-11-12 12:00:00,2025-11-12 12:30:00,-1,585.9,585.85,pivot,0.0499999999999545,0.1351525,-0.1851525000000455,-5832.3037500014325,1.0,2025-11-12,585.45,0.0,586.05,586.45,585.45,0.0,2025,0.0,1.0,1.0,1.0,0,12,2,11,585.9,585.9,584.8,1.4815925541206154,49.96557874478971,0.8201441595133474,1.174323422996815,-0.3541792634834675,586.15,589.5792856439318,582.7207143560681,585.99,587.085,586.15,582.6366666666668,583.931427889737,1.0,-0.0005973715651135,0,8.533879501613676e-05,1,-0.0032428742106161,0,-0.0,0,-0.0006827103601296,0,-0.0020481310803892,0,-0.0002560163850486,0,-0.0012800819252432,0,2025-11-12 12:00:00,-0.0006830018194308,-0.0040059716900831,243.77057704586448,0.2803055390714615,-0.3603751652119278,0.2803055390714615,0.7196944609285385,5.008422411693399e-05,9.376824390805978e-05,0.0021554483724817,True,36.773220845988654,0.1172027464119361,-0.8896925988134261,0.1172027464119361,0.8827972535880638,0.0004250550283828,0.0004691737531297,0.0050299906385433,True,0,0,0,0.3541792634834675,0,1,0,0,0.4635492598229055,1,1,0,1,1,0,0,-0.0004266939750810719,0.005569778688058044,0.01170604418478187,0.002528746465472974,-17.69677187935482,23.16150704377037,-21.5053763440824,True,0.5075006,0.5727919210756206,31.165792
2025-11-12 12:30:00,2025-11-12 13:00:00,1,585.85,587.8,pivot,1.949999999999932,0.1352095,1.714790499999932,54015.900749997854,1.0,2025-11-12,586.05,0.0,586.6,587.8,586.45,0.0,2025,0.0,1.0,1.0,1.0,1,12,2,11,585.85,586.45,585.45,1.3688355663034697,51.8456102005004,0.4955285693907854,0.7525868569489396,-0.2570582875581542,586.7774999999999,588.7896931021608,584.7653068978391,586.3199999999999,586.0649999999999,586.7774999999999,583.41,583.931427889737,1.0,0.0013655372535631,1,0.0033284970555601,1,-0.0006827686267815,0,0.0020483058803446,1,0.0016215754886061,1,0.0033284970555601,1,0.0012801911752154,1,0.0016215754886061,1,2025-11-12 12:30:00,0.0003413260550244,-0.0003412095912999,308.93957795827635,0.5938792881332294,0.1148521181379075,0.5938792881332294,0.4061207118667705,5.008422411693399e-05,9.376824390805978e-05,0.0021554483724817,True,121.2414982477224,0.4041030120041561,-0.1611103086792891,0.4041030120041561,0.5958969879958439,0.0004250550283828,0.0004691737531297,0.0050299906385433,True,0,0,0,0.2570582875581542,0,1,0,0,0.2695300716904655,1,1,0,1,1,0,0,-0.001583169753349655,0.004164888623367849,0.006869311605908803,0.002336494949737082,-13.327343775548204,13.973951034176803,51.079627891092144,True,0.49876636,0.5485018314373865,31.165792
2025-11-12 13:00:00,2025-11-12 13:15:00,1,587.8,586.5,pivot,-1.2999999999999543,0.135229,-1.5352289999999547,-48359.71349999857,1.0,2025-11-12,586.6,0.0,585.9,586.6,585.55,0.0,2025,0.0,1.0,1.0,1.0,0,13,2,11,587.8,587.8,586.45,1.2395306803704338,52.18742504441703,0.5404999192468267,0.5995534643267847,-0.0590535450799579,586.7349999999999,588.4803999771909,584.9896000228089,587.22,586.8050000000001,586.7349999999999,584.2008333333334,584.3111916429393,1.0,-0.0017012589316093,0,-0.0027220142905748,0,-0.0041680843824428,0,-0.0001701258931607,0,-0.0032323919700578,0,-0.0039979584892819,0,-0.0027220142905748,0,-0.0033174549166381,0,2025-11-12 13:00:00,-0.0020435974414661,-8.523332628211457e-05,69.85547349197364,0.0835249823127776,-0.9916107073876712,0.0835249823127776,0.9164750176872224,5.008422411693399e-05,9.376824390805978e-05,0.0021554483724817,True,124.30042364934428,0.4357011440312412,-0.1102203004442132,0.4357011440312412,0.5642988559687587,0.0004250550283828,0.0004691737531297,0.0050299906385433,True,0,0,0,0.05905354507995797,1,1,1,1,0.8050876629762596,1,1,0,1,1,0,0,0.0018118407621640943,0.006123114438017217,0.005938754600854126,0.002108762640984066,-3.0818524574674053,42.015452065758424,-101.8203470568207,True,0.50760466,0.5253150305050583,31.165792
2025-11-19 10:30:00,2025-11-19 10:35:00,-1,552.95,553.95,pivot,-1.0,0.133207,-1.2332070000000002,-38846.020500000006,1.0,2025-11-19,553.95,0.0,554.4,554.8,552.35,0.0,2025,0.0,1.0,1.0,1.0,0,10,2,11,552.95,554.05,551.55,2.4789124487913394,53.154732102034,-0.4842195727503622,-1.3138498903689928,0.8296303176186306,550.7299999999999,557.8677720261333,543.5922279738666,553.58,552.2950000000001,550.7299999999999,555.7375,551.8607353470155,1.0,-0.0026222985803416,0,-0.0052445971606835,0,-0.0046116285378423,0,-0.0064201103173884,0,-0.0050637489827289,0,-0.0028031467582963,0,-0.0087711366307982,0,-0.0067818066732977,0,2025-11-19 10:30:00,0.0018068484453129,0.006429143347548,106.69010134347312,0.8756284524551503,0.7982125779920536,0.8756284524551503,0.1243715475448496,3.47152958538164e-05,5.7009502901212e-05,0.0021921966536953,True,23.41217525267735,0.9232546415018348,1.213214992755773,0.9232546415018348,0.0767453584981652,0.0003254567119426,0.0002820061651872,0.0050668160376075,True,0,0,1,0.8296303176186306,1,0,0,1,0.6555107106161495,0,1,1,0,1,0,0,0.004014829550592533,-0.005041142960484508,0.0258170613116316,0.00448306799672907,44.09877727674368,34.84349621281536,-159.50809295596034,True,0.49349245,0.584975503377897,31.165792
2025-11-19 12:25:00,2025-11-19 13:20:00,1,555.3,553.55,pivot,-1.75,0.1332655,-1.9832655000000001,-62472.86325,1.0,2025-11-19,554.55,0.0,553.75,554.15,553.2,0.0,2025,0.0,1.0,1.0,1.0,0,12,2,11,555.3,555.4,554.0,1.753152068776152,46.213697716379016,0.3210371362622481,0.633203522677818,-0.3121663864155698,556.22,558.2459890431542,554.1940109568459,555.55,556.05,556.22,554.7408333333333,551.9790666775099,1.0,-0.0030614082477938,0,-0.0065730235908517,0,-0.0032414910858994,0,-0.0021609940572662,0,-0.00261120115253,0,-0.0057626508193767,0,-0.0055825679812712,0,-0.0061228164955879,0,2025-11-19 12:25:00,-0.0013515341968108,-0.0056642093447575,143.82921655655488,0.1738532117875433,-0.6425261608431689,0.1738532117875433,0.8261467882124567,3.47152958538164e-05,5.7009502901212e-05,0.0021921966536953,True,22.691146947358902,0.0754034315899226,-1.1735605685720785,0.0754034315899226,0.9245965684100772,0.0003254567119426,0.0002820061651872,0.0050668160376075,True,0,0,0,0.3121663864155699,0,1,0,0,0.2729504009143653,1,1,0,1,1,0,0,-0.0016567621105709938,0.0010069632030734192,0.007296917137238037,0.003157126001757882,-14.426363019023508,12.61404731942094,-82.252836304695,True,0.5036574,0.5146336811429065,31.165792
2025-11-25 14:35:00,2025-11-25 14:40:00,-1,545.25,545.25,pivot,-0.0,0.132715,-0.232715,-7330.5225,1.0,2025-11-25,545.2,0.0,545.5,545.75,544.9,0.0,2025,0.0,1.0,1.0,1.0,0,14,1,11,545.25,545.8,545.15,1.1778747197303048,52.35894761528492,-0.2753719090366076,-0.5836299337261239,0.3082580246895163,543.8125,545.9917985403212,541.6332014596788,544.6600000000001,544.63,543.8125,546.865,545.6127213300939,-1.0,-0.0004585052728106,0,-0.0015589179275562,0,0.0015589179275562,1,-0.0087116001834021,0,-0.0,0,-0.0003668042182485,0,-0.0013755158184319,0,-0.0004585052728106,0,2025-11-25 14:35:00,-9.170525936078332e-05,-0.0004584422213882,294.29122100972126,0.4623488999677895,-0.0678382397908106,0.4623488999677895,0.5376511000322104,3.47152958538164e-05,5.7009502901212e-05,0.0021921966536953,True,114.45599110144462,0.4073971708435351,-0.1461368206541574,0.4073971708435351,0.5926028291564649,0.0003254567119426,0.0002820061651872,0.0050668160376075,True,0,0,1,0.30825802468951635,1,0,1,1,0.8298079573320323,1,0,0,1,1,0,0,0.002636405318661165,-0.0029619440623567337,0.007993758974126203,0.0021602470788267855,16.14006576670959,43.447871368694464,-0.0,True,0.5141292,0.5675111168014174,31.165792
2025-11-27 11:30:00,2025-11-27 11:40:00,1,567.85,566.25,pivot,-1.6000000000000227,0.134023,-1.8340230000000228,-57771.72450000072,1.0,2025-11-27,566.55,0.0,565.0,566.3,564.85,0.0,2025,0.0,1.0,1.0,1.0,0,11,3,11,567.85,567.9,566.55,1.185709816334816,48.36236223302116,0.4324256672495039,0.8315283660045302,-0.3991026987550262,568.1175000000001,570.5487169411856,565.6862830588145,567.08,567.21,568.1175000000001,563.4383333333334,565.9329511639102,1.0,-0.0028176455049749,0,-0.0069560623404068,0,-0.0073082680285286,0,-0.0103900677995949,0,-0.0048428282116756,0,-0.0060755481201022,0,-0.0077485251386809,0,-0.0097737078453818,0,2025-11-27 11:30:00,-0.0022919615110798,0.0009712596233925,72.39986637065664,0.0962141598257275,-0.8838381425770742,0.0962141598257275,0.9037858401742724,-2.7736054851501576e-05,9.92837065721686e-06,0.0026044246914093,True,103.68285016559386,0.595765012688217,0.1559674005514142,0.595765012688217,0.404234987311783,8.34662377360985e-05,5.330877291231664e-05,0.0058855302276941,True,0,0,0,0.3991026987550263,0,1,1,1,0.4449863984845385,1,1,1,0,1,0,0,-0.000471075107863064,0.0077690704704880395,0.008562884357437841,0.0020880687088752595,-19.3015492853669,21.52059339227675,-152.5490886677814,True,0.5084851,0.5792859784081117,31.165792
2025-11-27 13:35:00,2025-11-27 13:45:00,1,562.9,563.5,pivot,0.6000000000000227,0.133792,0.36620800000002274,11535.552000000716,1.0,2025-11-27,564.2,0.0,563.75,563.9,562.95,0.0,2025,0.0,1.0,1.0,1.0,1,13,3,11,562.9,564.35,562.9,1.1005100554295897,53.82613758862605,-0.6219538792649928,-0.8489269817946001,0.2269731025296073,562.8025,564.2283792388921,561.3766207611079,562.6299999999999,562.5550000000001,562.8025,565.6308333333333,564.6425604914344,-1.0,0.0010659086871558,1,0.0007994315153669,1,0.000532954343578,1,0.0002664771717889,1,0.0002664771717889,1,0.0009770829632262,1,-0.0014212115828743,0,-0.0005329543435778,0,2025-11-27 13:35:00,0.002306806097915,0.0039959206036199,68.2344475102218,0.9069326524534884,0.8819136659370971,0.9069326524534884,0.0930673475465115,-2.7736054851501576e-05,9.92837065721686e-06,0.0026044246914093,True,52.48668486245408,0.8364309021499512,0.6698821819240354,0.8364309021499512,0.1635690978500488,8.34662377360985e-05,5.330877291231664e-05,0.0058855302276941,True,0,0,1,0.22697310252960734,1,0,1,1,0.5341894311034803,1,0,0,1,1,0,0,0.000173210161662761,-0.004851364955290982,0.005066190225233945,0.0019550720473078516,12.21708544567597,28.753353816965802,8.394030911350349,True,0.52447176,0.6453206131990867,31.165792
2025-11-27 13:45:00,2025-11-27 14:25:00,1,563.5,563.35,pivot,-0.1499999999999772,0.1338055,-0.38380549999997726,-12089.873249999284,1.0,2025-11-27,563.75,0.0,563.2,563.45,562.95,0.0,2025,0.0,1.0,1.0,1.0,0,13,3,11,563.5,563.9,562.95,1.0830928539163251,51.15430644328361,-0.4271198660933351,-0.7130990138621714,0.2859791477688364,562.8775,564.3470058330564,561.4079941669437,563.43,562.73,562.8775,565.6774999999999,564.6425604914344,-1.0,-0.0007985803016859,0,-0.0015971606033717,0,0.0009760425909493,1,-8.873114463168505e-05,0,-0.0002661934338952,0,-0.0024844720496894,0,-0.0001774622892635,0,-0.0001774622892635,0,2025-11-27 13:45:00,0.0004435573370571,0.0023975503204328,247.15972031828133,0.6233254473402843,0.1664970263222601,0.6233254473402843,0.3766745526597157,-2.7736054851501576e-05,9.92837065721686e-06,0.0026044246914093,True,81.54934144092844,0.7292922430065114,0.398305922632058,0.7292922430065114,0.2707077569934886,8.34662377360985e-05,5.330877291231664e-05,0.0058855302276941,True,0,0,1,0.2859791477688364,1,0,1,1,0.7118058962397024,1,0,0,1,1,0,0,0.0011047027506653868,-0.003864241348713213,0.005215637384405891,0.0019220813734096276,14.629064961356141,36.41193694438187,-8.3850931676988,True,0.51671386,0.5831030861508144,31.165792
2025-12-01 10:50:00,2025-12-01 11:25:00,1,555.65,554.4,pivot,-1.25,0.1333015,-1.4833015,-46723.99725,1.0,2025-12-01,556.3,0.0,554.2,554.75,554.1,0.0,2025,0.0,1.0,1.0,1.0,1,10,0,12,555.65,556.55,555.5,1.708946008687958,57.82031651731654,-0.154874083853997,-0.6931262295058231,0.5382521456518261,553.3149999999999,557.3899685207194,549.2400314792804,554.75,553.355,553.3149999999999,555.1308333333333,556.0167330307648,1.0,0.0017097093494106,1,-0.0027895257806172,0,-0.0031494645910195,0,-0.0037793575092234,0,0.001439755241609,1,0.0003599388104023,1,-0.0023396022676144,0,-0.002609556375416,0,2025-12-01 10:50:00,0.001169117449592,0.0049556347757717,171.68054951795935,0.77680930983589,0.445084506669903,0.77680930983589,0.2231906901641099,-2.7736054851501576e-05,9.92837065721686e-06,0.0026044246914093,True,37.88098774925726,0.8794956898187025,0.8329455143721378,0.8794956898187025,0.1205043101812974,8.34662377360985e-05,5.330877291231664e-05,0.0058855302276941,True,0,0,1,0.5382521456518261,1,1,1,1,0.786505280731317,0,0,1,0,1,0,0,0.0042022856114461195,0.0009343411620025305,0.014667393217743165,0.003075579967043927,31.12190942771335,45.47598427442565,45.3522901106835,True,0.5398042,0.5150877264259921,31.165792
2025-12-04 12:40:00,2025-12-04 13:10:00,-1,565.0,566.95,pivot,-1.9500000000000453,0.1339585,-2.1839585000000454,-68794.69275000143,1.0,2025-12-04,565.2,0.0,566.85,567.0,566.55,0.0,2025,0.0,1.0,1.0,1.0,0,12,3,12,565.0,565.35,564.9,0.7923666707757967,51.57668070135952,-0.2287228818672702,-0.4167240537414148,0.1880011718741446,564.3475000000001,565.8457358130482,562.8492641869519,564.77,564.905,564.3475000000001,566.7508333333334,566.2050700756104,-1.0,-0.0007964601769912,0,-0.0035398230088495,0,-0.003716814159292,0,-0.0045132743362831,0,-0.001150442477876,0,-0.0021238938053098,0,-0.0032743362831858,0,-0.0029203539823008,0,2025-12-04 12:40:00,0.0003539196639316,0.0007079646313403,263.86836665728555,0.6097139309870924,0.1445868785716323,0.6097139309870924,0.3902860690129076,-4.435571977578379e-05,-1.441525542229787e-05,0.0025474989362289,True,112.25560193937524,0.5878150345549349,0.1369389819053417,0.5878150345549349,0.4121849654450651,-4.339193908291513e-05,-7.416485894783928e-05,0.0057115182207853,True,0,0,1,0.1880011718741446,1,0,1,1,0.7177561083232985,1,0,0,1,1,0,0,0.0011548672566370232,-0.0030988200589971496,0.005303489603710281,0.0014024188863288438,9.69647641323417,37.01947762044119,-36.238938053094,True,0.5160416,0.5151383454551498,31.165792
2025-12-15 10:50:00,2025-12-15 12:05:00,-1,576.3,577.5,pivot,-1.2000000000000457,0.134614,-1.4346140000000458,-45190.34100000144,1.0,2025-12-15,577.4,0.0,576.1,577.55,575.85,0.0,2025,0.0,1.0,1.0,1.0,0,10,0,12,576.3,577.45,576.15,1.2215959898291444,50.8755250458093,-0.4178888801279754,-0.7037690597545188,0.2858801796265433,576.2049999999999,578.9774015858233,573.4325984141766,576.8199999999999,576.95,576.2049999999999,579.7733333333332,577.8639649785569,-1.0,-0.0019954884608712,0,-0.0023425299323269,0,-0.0046850598646539,0,0.0006073225750475,1,-0.0025160506680549,0,-0.0021690091965989,0,-0.0020822488287351,0,-0.0045115391289259,0,2025-12-15 10:50:00,0.0019936729179765,0.00025981899423,82.35735083176988,0.892175581083504,0.7882586896665679,0.892175581083504,0.1078244189164959,-4.435571977578379e-05,-1.441525542229787e-05,0.0025474989362289,True,117.21807544368068,0.5360381663985762,0.0584754946526176,0.5360381663985762,0.4639618336014238,-4.339193908291513e-05,-7.416485894783928e-05,0.0057115182207853,True,0,0,1,0.28588017962654333,1,0,0,0,0.5171331600165375,1,0,1,0,1,0,0,0.00016484469894157086,-0.006026953554282915,0.009621383258106304,0.002119722349174292,14.544304238690664,26.30942103443986,-79.25559604372935,True,0.50522864,0.6057403751282372,31.165792
2025-12-17 14:40:00,2025-12-17 14:45:00,1,568.7,570.0,pivot,1.2999999999999543,0.134161,1.0658389999999545,33573.92849999857,1.0,2025-12-17,569.95,0.0,570.45,570.6,569.75,0.0,2025,0.0,1.0,1.0,1.0,1,14,2,12,568.7,570.1,568.65,0.9547332211719,64.53075400823218,0.068336966484594,-0.1228562472043535,0.1911932136889476,568.0225,570.653784462098,565.3912155379021,568.0799999999999,567.45,568.0225,567.5958333333333,567.2740980621688,1.0,0.0030771935994373,1,0.0066819061016352,1,0.0080007033585369,1,-0.0017583963425356,0,0.0050993493933532,1,0.0062423070160013,1,0.0084403024441708,1,0.0085282222612975,1,2025-12-17 14:40:00,0.0022835070523341,0.0054539192191799,54.08881543777601,0.935757460706122,1.02274316563691,0.935757460706122,0.064242539293878,-3.277006100385237e-05,4.347070348608671e-07,0.0022323027149024,True,22.878773790372524,0.937888280172808,1.1090645373975911,0.937888280172808,0.0621117198271919,1.541960076953456e-05,5.509792461292823e-06,0.0049126171137914,True,0,0,1,0.19119321368894748,1,1,1,1,0.6287394065064016,1,1,0,1,1,0,0,0.00119131352206789,0.001941562628216533,0.009253681948647573,0.001678799404205908,12.337842240604846,40.5730279765465,160.6295058906258,True,0.53241146,0.535022288967287,31.165792
2025-12-18 13:20:00,2025-12-18 15:20:00,1,564.0,567.0,pivot,3.0,0.13393,2.76607,87131.205,1.0,2025-12-18,564.8,0.0,566.85,567.0,566.65,0.0,2025,0.0,1.0,1.0,1.0,1,13,3,12,564.0,564.9,563.85,1.0806904918202132,51.74763412052843,-0.6801074116839345,-0.9442559936420872,0.2641485819581528,563.87,566.3322197994928,561.4077802005072,563.95,563.3399999999999,563.87,566.4350000000001,565.795929915282,-1.0,0.0019503546099291,1,0.0050531914893617,1,0.0063829787234042,1,0.0077127659574468,1,0.0029255319148935,1,0.0051418439716311,1,0.0049645390070921,1,0.0044326241134751,1,2025-12-18 13:20:00,0.0013287861281029,0.0039916671619514,152.39944152350583,0.8453369274939981,0.5950588207415834,0.8453369274939981,0.1546630725060018,-3.277006100385237e-05,4.347070348608671e-07,0.0022323027149024,True,42.95406269263136,0.8918061129602665,0.8114121815640013,0.8918061129602665,0.1081938870397335,1.541960076953456e-05,5.509792461292823e-06,0.0049126171137914,True,0,0,1,0.2641485819581527,1,0,1,1,0.5263989429430254,1,0,0,1,1,0,0,0.00023049645390070116,-0.004317375886524927,0.008731275884726242,0.0019161178932982502,13.669064172626907,27.2398999008486,92.15425531914525,True,0.5048952,0.6453206131990867,31.165792
2025-12-18 15:20:00,2025-12-18 15:30:00,-1,567.0,566.55,pivot,0.4500000000000455,0.1340065,0.2159935000000454,6803.795250001431,1.0,2025-12-18,566.85,0.0,566.4,566.7,566.1,0.0,2025,0.0,1.0,1.0,1.0,1,15,3,12,567.0,567.0,566.65,0.8546841817780475,46.7829408024557,0.4754230384992297,0.7169162774309727,-0.241493238931743,567.8149999999999,569.3854843451475,566.2445156548524,567.62,568.095,567.8149999999999,566.1408333333333,566.4348782382183,1.0,0.0007936507936508,1,-0.0133156966490299,0,-0.0037918871252204,0,-0.001763668430335,0,0.0014991181657848,1,-0.0140211640211641,0,-0.0156966490299823,0,-0.0106701940035272,0,2025-12-18 15:20:00,-0.0002645852641443,-0.002994541607124,321.3391942553523,0.4243037164381533,-0.1187204447721004,0.4243037164381533,0.5756962835618467,-3.277006100385237e-05,4.347070348608671e-07,0.0022323027149024,True,66.06295985315512,0.1596509585367409,-0.6106829272656155,0.1596509585367409,0.8403490414632591,1.541960076953456e-05,5.509792461292823e-06,0.0049126171137914,True,0,0,0,0.24149323893174307,0,1,0,0,0.24052590765449952,1,1,0,0,1,0,0,-0.0014373897707229998,0.001515285126396363,0.005539627319744338,0.0015073795093087257,-11.297763901137023,11.252509299257378,47.2222222222212,True,0.52704096,0.5449452957623533,31.165792
2025-12-19 13:40:00,2025-12-19 13:45:00,-1,571.0,570.55,pivot,0.4500000000000455,0.1342465,0.21575350000004545,6796.235250001431,1.0,2025-12-19,570.6,0.0,571.75,571.85,570.55,0.0,2025,0.0,1.0,1.0,1.0,1,13,4,12,571.0,571.2,570.35,1.0303370755435173,47.8199710855883,0.4535352242334056,0.6357595807452701,-0.1822243565118644,571.2325,573.3424451289582,569.1225548710418,571.25,571.8349999999999,571.2325,570.1383333333334,570.5417435232575,1.0,-0.0013134851138353,0,-0.0001751313485114,0,-0.0021891418563922,0,0.0010507880910683,1,8.756567425561212e-05,1,0.0008756567425569,1,-0.000262697022767,0,-0.0021891418563922,0,2025-12-19 13:40:00,-0.0007883327172163,-0.003498953884615,256.71726418685734,0.2691992798702232,-0.3533425009903428,0.2691992798702232,0.7308007201297768,-3.277006100385237e-05,4.347070348608671e-07,0.0022323027149024,True,52.72277650710275,0.1293997284500662,-0.7133598234713006,0.1293997284500662,0.8706002715499337,1.541960076953456e-05,5.509792461292823e-06,0.0049126171137914,True,0,0,0,0.18222435651186447,0,1,0,0,0.44490378048012147,1,1,0,1,1,0,0,-0.00040718038528889507,0.0015090484530062437,0.007390350714389499,0.0018044432146121143,-8.713963459487289,21.275285918428334,2.758318739051782,True,0.5278643,0.5240229792034102,31.165792
2026-01-05 12:50:00,2026-01-05 12:55:00,-1,645.2,644.35,pivot,0.8500000000000227,0.1386865,0.6113135000000229,19256.37525000072,1.0,2026-01-05,644.35,0.0,645.35,645.6,644.35,0.0,2026,0.0,1.0,1.0,1.0,0,12,0,1,645.2,645.35,643.7,1.1722769111524651,48.590955141515465,1.026295573043285,1.5380453922695485,-0.5117498192262633,645.75,647.9683445779464,643.5316554220536,645.6800000000001,646.08,645.75,640.2375,643.9956647827468,1.0,-0.0002324860508369,0,-0.003642281463112,0,-0.004107253564786,0,-0.0040297582145069,0,-0.0002324860508369,0,-0.0023248605083694,0,-0.0009299442033476,0,-0.0010074395536267,0,2026-01-05 12:50:00,-0.0013182895166536,-0.0041042377665003,163.22073486122366,0.1437925299835588,-0.6280331387454734,0.1437925299835588,0.8562074700164412,-3.161909135319301e-05,1.828492282002732e-05,0.0021281909456936,True,39.54424012584268,0.0925021538448016,-0.8993447587044511,0.0925021538448016,0.9074978461551984,3.83160896332006e-05,9.339906980389397e-05,0.0046674390390078,True,0,0,0,0.5117498192262635,0,1,0,0,0.37603368622986494,1,1,0,1,1,0,0,-0.0008524488530687453,0.007691413515189229,0.006876455604297483,0.0018169201970744963,-24.86641250970201,18.271835979294067,-7.3233106013623495,True,0.5046505,0.5727919210756206,31.165792
2026-01-05 15:00:00,2026-01-05 15:25:00,-1,647.5,648.75,pivot,-1.25,0.1388875,-1.4888875000000001,-46899.95625,1.0,2026-01-05,647.85,0.0,649.0,649.3,648.55,0.0,2026,0.0,1.0,1.0,1.0,0,15,0,1,647.5,648.15,647.25,1.0411623886176913,53.37162313262233,0.5129361490758129,0.7363733725895332,-0.2234372235137203,648.045,649.507118158316,646.582881841684,648.03,648.1299999999999,648.045,645.7058333333333,645.8100835793964,1.0,-0.0012355212355211,0,-0.0023166023166023,0,0.0019305019305019,1,0.0077220077220077,1,-0.003088803088803,0,-0.0020077220077219,0,-0.0020077220077219,0,-0.0026254826254826,0,2026-01-05 15:00:00,0.0004631774052237,-0.0001543448066036,329.8805541168469,0.6743662756088978,0.2474926284349662,0.6743662756088978,0.3256337243911021,3.2200489526989616e-07,7.753894680822606e-05,0.0015581815945553,True,168.99634123570914,0.445183440320839,-0.1565354560641577,0.445183440320839,0.554816559679161,0.0001689013683655,0.0003845706592063,0.0034427693211511,True,0,0,0,0.2234372235137203,0,1,0,0,0.3136265537432132,1,1,0,0,1,0,0,-0.0008416988416987785,0.0027709137709137966,0.004516195083601552,0.0016079728009539634,-11.925207287173782,16.7387582307659,-97.29729729729449,True,0.5091021,0.5452994762166475,31.165792
2026-01-06 10:25:00,2026-01-06 10:35:00,1,645.65,646.65,pivot,1.0,0.138769,0.761231,23978.7765,1.0,2026-01-06,645.6,0.0,646.7,646.8,645.8,0.0,2026,0.0,1.0,1.0,1.0,1,10,1,1,645.65,646.3,645.25,1.7159001508379328,56.72779601030764,-0.7515658129708527,-1.2634408199362324,0.5118750069653797,642.925,647.2851665869767,638.5648334130232,643.21,642.435,642.925,646.0116666666667,645.1699549481089,1.0,0.0015488267637264,1,0.0020909161310307,1,0.0002323240145589,1,0.0069697204367691,1,0.0022457988074034,1,0.0011616200727948,1,0.0039495082475026,1,0.002865329512894,1,2026-01-06 10:25:00,-7.74443369214611e-05,0.0080871358331794,411.91946148786445,0.4678962168598333,-0.0994641986988152,0.4678962168598333,0.5321037831401667,3.2200489526989616e-07,7.753894680822606e-05,0.0015581815945553,True,6.422721246192336,0.9826571161939324,2.237316664422201,0.9826571161939324,0.0173428838060676,0.0001689013683655,0.0003845706592063,0.0034427693211511,True,0,0,1,0.5118750069653797,1,0,1,1,0.8124880604492519,0,1,1,0,1,0,0,0.004220552931154685,-0.0005601590128810947,0.013506285408431159,0.0026576320775000897,29.03754097790686,46.09065695397567,70.7426624332071,True,0.5329509,0.5584854640273758,31.165792
2026-01-07 15:05:00,2026-01-07 15:45:00,-1,661.95,664.7,eod,-2.75,0.1397995,-2.9897995,-94178.68425,1.0,2026-01-07,663.7,0.0,664.7,664.7,664.7,0.0,2026,0.0,1.0,1.0,2.0,0,15,2,1,661.95,663.75,661.55,1.9097283576114703,56.60892488890034,-0.3744092645144974,-0.8309506691077021,0.4565414045932047,661.0625,663.4869098652167,658.6380901347833,661.45,661.825,661.0625,665.1666666666666,663.8165831850815,-1.0,-0.0037011858901728,0,-0.0046831331671575,0,-0.0008308784651408,0,-0.0176750509857238,0,-0.0049097363849233,0,-0.0046075987612356,0,-0.0041543923257043,0,0.0016617569302817,1,2026-01-07 15:05:00,0.0026402157682134,0.0024891583661136,28.015068796011324,0.9731598744728144,1.64465863950635,0.9731598744728144,0.0268401255271856,3.2200489526989616e-07,7.753894680822606e-05,0.0015581815945553,True,87.31957320570352,0.8131123476598787,0.6113066286426527,0.8131123476598787,0.1868876523401212,0.0001689013683655,0.0003845706592063,0.0034427693211511,True,0,0,1,0.4565414045932047,1,0,1,1,0.6830342329350141,1,0,0,0,1,0,0,0.0013407357051137478,-0.004859380114308608,0.007325054355213283,0.0028850039392876656,25.844318081289785,38.66583358876587,-154.65669612508395,True,0.5368955,0.6253623425231442,31.165792
2026-01-08 13:15:00,2026-01-08 13:55:00,-1,668.7,672.1,pivot,-3.3999999999999773,0.140224,-3.6402239999999773,-114667.05599999928,1.0,2026-01-08,670.75,0.0,672.8,672.95,671.85,0.0,2026,0.0,1.0,1.0,1.0,1,13,3,1,668.7,670.85,668.7,1.6814983407151345,51.6170545998263,-0.5890486832283841,-0.6545748429125922,0.065526159684208,669.845,672.072790984189,667.617209015811,669.76,669.265,669.845,670.2475,671.2069849970204,-1.0,-0.0026170180948108,0,-0.0012711230746222,0,-0.0080753701211305,0,0.0041872289516974,1,0.0004486316733962,1,-0.0014954389113204,0,-0.0039629131149992,0,-0.0050097203529234,0,2026-01-08 13:15:00,0.0029861910955172,0.0017906443641584,18.111326248631453,0.9809722469360448,1.86669651269954,0.9809722469360448,0.0190277530639551,3.2200489526989616e-07,7.753894680822606e-05,0.0015581815945553,True,118.54319843428286,0.7413143568437758,0.4084135687841818,0.7413143568437758,0.2586856431562242,0.0001689013683655,0.0003845706592063,0.0034427693211511,True,0,0,1,0.06552615968420805,0,0,0,0,0.24301897975927245,1,0,0,1,1,0,0,-0.0017122775534619138,-0.0023141917152682814,0.006663050648090407,0.0025145780480262214,3.3822673621367008,12.543923947028448,14.131897711980299,True,0.52945316,0.5912950439951898,31.165792
2026-01-09 13:55:00,2026-01-09 14:00:00,1,668.4,668.6,pivot,0.2000000000000454,0.14011,-0.040109999999954536,-1263.464999998568,1.0,2026-01-09,668.6,0.0,668.55,669.55,668.15,0.0,2026,0.0,1.0,1.0,1.0,0,13,4,1,668.4,669.2,668.0,1.495582614371315,49.71904545268304,0.3086669043467509,0.6618366303297041,-0.3531697259829531,669.3875,670.9825169231065,667.7924830768936,668.72,669.1800000000001,669.3875,665.6833333333333,666.8050699995537,1.0,0.0002244165170556,1,-0.0002992220227407,0,-0.002094554159186,0,0.002393776181927,1,-0.0007480550568521,0,-0.0001496110113704,0,0.0005236385397965,1,-0.0017953321364451,0,2026-01-09 13:55:00,0.0002243745568666,-0.0031359691196933,379.40732291224685,0.5891456437460645,0.0942352358489654,0.5891456437460645,0.4108543562539355,3.2200489526989616e-07,7.753894680822606e-05,0.0015581815945553,True,50.11052920869043,0.0941886990443094,-1.022589505858179,0.0941886990443094,0.9058113009556904,0.0001689013683655,0.0003845706592063,0.0034427693211511,True,0,0,0,0.35316972598295315,0,1,0,0,0.19044215591241542,1,1,0,1,1,0,0,-0.001477408737283166,0.0040644324755635805,0.004772641900378258,0.002237556275241345,-17.55926165865806,9.468602205916334,-23.56373429084115,True,0.5068409,0.5145241468467993,31.165792
2026-01-12 15:10:00,2026-01-12 15:45:00,1,672.25,674.05,eod,1.7999999999999543,0.140389,1.5596109999999546,49127.74649999857,1.0,2026-01-12,673.3,0.0,674.05,674.05,674.05,0.0,2026,0.0,1.0,1.0,1.0,1,15,0,1,672.25,673.55,672.25,1.4937430101938425,54.514073894737095,-0.8520963054992308,-1.1897404489731849,0.3376441434739541,671.7,676.0146018949127,667.3853981050873,671.4100000000001,670.225,671.7,674.6441666666667,671.1394053732625,1.0,0.0015619189289698,1,0.0026775753068054,1,0.0081814801041279,1,0.0105615470435106,1,0.0021569356638156,1,0.0014875418371141,1,0.0119003346969133,1,0.0119747117887689,1,2026-01-12 15:10:00,0.001560700402261,0.0101508559324717,110.6091205613078,0.9082134013921692,0.9518540461749228,0.9082134013921692,0.0917865986078306,3.2200489526989616e-07,7.753894680822606e-05,0.0015581815945553,True,3.145794039435102,0.993213094219815,2.836752730792797,0.993213094219815,0.006786905780185,0.0001689013683655,0.0003845706592063,0.0034427693211511,True,0,0,1,0.3376441434739541,1,0,1,1,0.563737050763415,1,1,0,0,1,0,0,0.0008181480104127252,-0.0035614230816908977,0.012836301658349418,0.0022220052215601973,18.406357787464348,30.73160324251796,67.9434734101914,True,0.5037593,0.5954548062101409,31.165792
2026-01-13 10:35:00,2026-01-13 10:45:00,-1,678.7,676.35,pivot,2.3500000000000227,0.1406515,2.109348500000023,66444.47775000072,1.0,2026-01-13,677.45,0.0,677.0,677.15,675.8,0.0,2026,0.0,1.0,1.0,1.0,1,10,1,1,678.7,678.85,676.9,1.7838415300178183,47.42294659450048,0.9283536709166356,1.3713956377351262,-0.4430419668184906,679.1925,681.8675848558827,676.5174151441173,679.08,679.615,679.1925,675.325,675.1776984126107,1.0,0.0034625018417563,1,0.00390452335347,1,0.0050832473847061,1,0.0034625018417563,1,0.004493885369088,1,0.0038308531015176,1,0.0040518638573743,1,0.0041255341093267,1,2026-01-13 10:35:00,-0.0018434544172725,-0.003830575586322,65.56443003690849,0.0468197429140469,-1.2328430593669115,0.0468197429140469,0.9531802570859532,3.2200489526989616e-07,7.753894680822606e-05,0.0015581815945553,True,32.682897655860835,0.0656558340969059,-1.2243475679976772,0.0656558340969059,0.934344165903094,0.0001689013683655,0.0003845706592063,0.0034427693211511,True,0,0,0,0.4430419668184906,0,1,0,0,0.4079468453277454,1,1,1,0,1,0,0,-0.0007256519817297037,0.004972742006777663,0.007882967013062287,0.0026283210991864124,-21.010355531555735,19.346041459372618,141.557389126272,True,0.5046505,0.5615538283630038,31.165792
2026-01-13 12:20:00,2026-01-13 12:50:00,1,676.35,676.15,pivot,-0.2000000000000454,0.140575,-0.44057500000004546,-13878.112500001433,1.0,2026-01-13,676.9,0.0,675.85,676.45,675.5,0.0,2026,0.0,1.0,1.0,1.0,1,12,1,1,676.35,677.55,676.25,1.4344724582053632,51.76008441701615,-0.1469873999214996,-0.324094502237475,0.1771071023159753,675.9975,677.5069352504341,674.4880647495658,676.7700000000001,676.24,675.9975,676.0316666666666,675.1776984126107,1.0,0.0013306719893545,1,-0.0002957048865233,0,-0.0014045982109855,0,0.0031049013084941,1,0.0001478524432616,1,-0.0002217786648924,0,-0.0007392622163081,0,-0.0004435573297849,0,2026-01-13 12:20:00,0.0008128579793588,0.0018483610304669,250.85447458049103,0.7761377081594314,0.4719084316744951,0.7761377081594314,0.2238622918405686,3.2200489526989616e-07,7.753894680822606e-05,0.0015581815945553,True,115.90855273621298,0.7480888173848637,0.425178173358159,0.7480888173848637,0.2519111826151363,0.0001689013683655,0.0003845706592063,0.0034427693211511,True,0,0,1,0.1771071023159754,1,1,0,1,0.6167655253508487,1,1,0,1,1,0,0,0.0005211798624973421,0.0004706636110495821,0.004463473794438365,0.0021209025773717203,9.167078566727998,31.923835657665247,4.6573519627404,True,0.50856966,0.5141230151272289,31.165792
2026-01-15 10:35:00,2026-01-15 12:15:00,-1,686.1,689.4,pivot,-3.2999999999999545,0.141265,-3.541264999999955,-111549.84749999858,1.0,2026-01-15,686.35,0.0,690.1,690.2,689.05,0.0,2026,0.0,1.0,1.0,1.0,0,10,3,1,686.1,687.3,685.4,1.6179933499219843,43.86420762466887,0.6710049521585688,1.103869705979142,-0.4328647538205732,688.385,692.1404311600514,684.6295688399485,688.14,689.295,688.385,685.7033333333334,686.2676980892498,1.0,-0.0015303891560996,0,-0.0040081620754991,0,-0.0024048972452994,0,-0.0058300539279988,0,-0.0038624107272991,0,-0.004445416120099,0,-0.0034980323567992,0,-0.004591167468299,0,2026-01-15 10:35:00,0.0003643120008233,-0.0053763570363802,335.0500112055892,0.6256124845962084,0.163883179187273,0.6256124845962084,0.3743875154037915,1.7021975472909176e-05,9.133063667772478e-05,0.0016657070328962,True,16.096996406758525,0.0447788955862966,-1.5318833301750656,0.0447788955862966,0.9552211044137032,0.0002675779276299,0.0004551977337615,0.0038067877985691,True,0,0,0,0.4328647538205732,0,1,0,0,0.19577394676984744,1,0,1,0,1,0,0,-0.0033304183063692875,0.0005781470145265223,0.010947183092993569,0.002358247121297164,-18.9872694349868,8.58746904861346,-121.66593790992165,True,0.4928286,0.5633690582473346,31.165792
2026-01-16 14:05:00,2026-01-16 14:50:00,1,705.3,704.15,pivot,-1.1499999999999773,0.1422835,-1.3922834999999774,-43856.930249999285,1.0,2026-01-16,705.7,0.0,703.5,704.5,703.45,0.0,2026,0.0,1.0,1.0,1.0,1,14,4,1,705.3,706.5,705.15,1.378389950109305,54.25413097174143,-0.3058762873894238,-0.4397594441647304,0.1338831567753066,704.9625,708.4832467868174,701.4417532131826,704.8900000000001,703.995,704.9625,705.1116666666666,704.1330625999823,1.0,0.0002835672763363,1,-0.0003544590954203,0,-0.0021976463916063,0,-0.0052459946122216,0,0.0001417836381681,1,0.0005671345526727,1,-0.0012760527435133,0,-0.0035445909542038,0,2026-01-16 14:05:00,0.0006378681246789,0.0036199776905279,282.04145977948565,0.7103710629675698,0.3281114128761042,0.7103710629675698,0.2896289370324302,1.7021975472909176e-05,9.133063667772478e-05,0.0016657070328962,True,54.12120620020273,0.8720345152638543,0.8313518179174326,0.8720345152638543,0.1279654847361456,0.0002675779276299,0.0004551977337615,0.0038067877985691,True,0,0,1,0.1338831567753066,1,1,1,1,0.5479301722668133,1,1,0,1,1,0,0,0.00047851977881749227,0.00026702585188343884,0.009983685770076354,0.001954331419409195,7.263714322597676,29.727475329532535,4.46618460229515,True,0.52548665,0.5241449256863407,31.165792
2026-01-20 10:50:00,2026-01-20 11:35:00,-1,709.55,710.7,pivot,-1.150000000000091,0.1426075,-1.3926075000000908,-43867.13625000286,1.0,2026-01-20,709.55,0.0,711.25,711.55,710.45,0.0,2026,0.0,1.0,1.0,1.0,1,10,1,1,709.55,710.4,709.4,2.028086503196377,53.75688953636254,-0.7736969210113784,-1.5809681992289932,0.8072712782176148,706.15,710.7788568601527,701.5211431398473,708.62,706.51,706.15,711.7458333333333,709.6043114779952,-1.0,-0.0002114015925587,0,0.0025368191107039,1,-0.0045099006412515,0,-0.0062715805792404,0,0.0001409343950389,1,0.0007046719751955,1,0.0028891550983016,1,0.0006342047776758,1,2026-01-20 10:50:00,7.046968044917005e-05,0.0026813451006985,375.15239895872,0.5202377840980471,-0.0125237846851629,0.5202377840980471,0.4797622159019529,1.7021975472909176e-05,9.133063667772478e-05,0.0016657070328962,True,83.90265344607205,0.8081170343559939,0.5847836771394791,0.8081170343559939,0.1918829656440061,0.0002675779276299,0.0004551977337615,0.0038067877985691,True,0,0,1,0.8072712782176148,1,0,1,1,0.8672613025981321,0,0,1,0,1,0,0,0.004791769431329684,-0.003094684424400431,0.0130473028261651,0.00285827144414964,43.39639292902251,46.62127004292967,4.43943344372535,True,0.5095549,0.5851763556486984,31.165792
2026-01-20 14:50:00,2026-01-20 15:45:00,1,714.6,707.6,eod,-7.0,0.142666,-7.242666,-228143.979,1.0,2026-01-20,714.3,0.0,707.6,707.6,707.6,0.0,2026,0.0,1.0,1.0,1.0,0,14,1,1,714.6,715.25,713.65,1.233842861703724,43.77101882049084,0.4662389403259794,0.9027224636339692,-0.4364835233079898,715.835,718.3857687265086,713.2842312734915,715.3,716.39,715.835,712.31,714.664626840233,-1.0,-0.0006996921354603,0,-0.0059473831514133,0,-0.024629163168206,0,-0.005457598656591,0,-0.0049678141617689,0,-0.0046179680940387,0,-0.0068569829275118,0,-0.0076266442765183,0,2026-01-20 14:50:00,-0.0004898701941974,-0.0053057929553451,333.0126742283323,0.3124292882386492,-0.3489214005806345,0.3124292882386492,0.6875707117613508,1.7021975472909176e-05,9.133063667772478e-05,0.0016657070328962,True,16.6665428826428,0.0459453500142108,-1.5133469460189444,0.0459453500142108,0.9540546499857891,0.0002675779276299,0.0004551977337615,0.0038067877985691,True,0,0,0,0.43648352330798984,0,1,0,0,0.257916116195592,1,0,0,1,1,0,0,-0.0017282395745872006,0.0032045899804087285,0.007139011269265386,0.0017266202934560929,-19.105328513548173,11.289251176105159,-156.48614609572033,True,0.523627,0.5878344351571485,31.165792
2026-01-23 10:35:00,2026-01-23 11:30:00,-1,728.9,730.25,pivot,-1.3500000000000227,0.1437745,-1.5937745000000227,-50203.89675000071,1.0,2026-01-23,727.55,0.0,730.3,730.55,729.85,0.0,2026,0.0,1.0,1.0,1.0,1,10,4,1,728.9,729.15,727.45,1.8368865343795528,43.20082716388784,0.4284561472434234,0.9043136330211412,-0.4758574857777177,730.6025,733.4815486445931,727.7234513554068,729.53,730.2900000000001,730.6025,728.1524999999999,726.833009348815,1.0,0.0024008780353958,1,0.0050075456166826,1,-0.0019207024283166,0,-0.0025380710659898,0,0.0032240362189601,1,0.0034298257648511,1,0.0051447386472767,1,0.0028124571271778,1,2026-01-23 10:35:00,-0.0017852243137341,-0.0030192845279365,84.21326736877236,0.0767111081279423,-1.0741864046221286,0.0767111081279423,0.9232888918720576,5.597183359867286e-05,0.0001058820997746,0.0017605011619692,True,52.35188627058626,0.1265723508799406,-0.8785932661309701,0.1265723508799406,0.8734276491200594,0.0003633041779391,0.000528328674577,0.0040378333630259,True,0,0,0,0.4758574857777178,0,1,0,0,0.20432941395462467,1,1,1,0,1,0,0,-0.0023357113458636115,0.0010255179036905736,0.00789970817558822,0.002520080305089248,-20.557436997725397,8.827199696752231,101.55714089724316,True,0.5368738,0.5633690582473346,31.165792
2026-01-28 11:25:00,2026-01-28 12:30:00,-1,757.5,753.15,pivot,4.350000000000023,0.1453195,4.104680500000022,129297.4357500007,1.0,2026-01-28,756.35,0.0,753.55,753.75,752.0,0.0,2026,0.0,1.0,1.0,1.0,1,11,2,1,757.5,758.2,756.3,2.064446840564402,49.01770661957335,1.3987806651700794,2.0736196734575936,-0.6748390082875142,758.2825,761.351920491492,755.213079508508,757.9,759.03,758.2825,750.6841666666666,755.7547530318707,1.0,0.0027722772277228,1,0.0033003300330033,1,0.0037623762376237,1,0.0046204620462046,1,0.0042904290429042,1,0.0047524752475247,1,0.0045544554455446,1,0.0029042904290429,1,2026-01-28 11:25:00,-0.0015193053753158,-0.0069172514689472,111.92095547832236,0.1029139157874358,-0.9231391095888948,0.1029139157874358,0.8970860842125642,5.597183359867286e-05,0.0001058820997746,0.0017605011619692,True,9.6336257419366,0.0310663089884198,-1.8439542878868287,0.0310663089884198,0.9689336910115802,0.0003633041779391,0.000528328674577,0.0040378333630259,True,0,0,0,0.6748390082875142,0,1,0,0,0.37253294193985353,1,1,1,0,1,0,0,-0.001033003300330069,0.008997799779978144,0.00810408050558943,0.0027253423637813886,-33.0790605236812,18.260710454134294,135.1485148514823,True,0.5046505,0.5598644196560513,31.165792
2026-01-29 11:00:00,2026-01-29 12:00:00,-1,758.7,758.5,pivot,0.2000000000000454,0.145516,-0.04551599999995453,-1433.7539999985677,1.0,2026-01-29,758.1,0.0,761.25,761.75,758.5,0.0,2026,0.0,1.0,1.0,1.0,1,11,3,1,758.7,761.3,757.75,3.902414600205984,53.30504117007038,-1.1367147655424787,-2.0128899440242924,0.8761751784818137,754.455,763.3209549932653,745.5890450067348,755.9100000000001,752.7149999999999,754.455,758.2391666666667,758.579979247756,-1.0,0.0047449584816133,1,-0.0001318044022669,0,-0.0007249242124686,0,-0.0104784499802292,0,0.0042836430736786,1,-0.000395413206801,0,0.0021747726374062,1,0.0036246210623434,1,2026-01-29 11:00:00,-0.0007911392817709,0.0036340850725242,239.18365391705777,0.2259843587582706,-0.5095261513728574,0.2259843587582706,0.7740156412417294,5.597183359867286e-05,0.0001058820997746,0.0017605011619692,True,59.83886560936405,0.8501035226918409,0.76916408348751,0.8501035226918409,0.1498964773081591,0.0003633041779391,0.000528328674577,0.0040378333630259,True,0,0,1,0.8761751784818137,1,1,1,1,0.7393989143428186,0,1,1,0,1,0,0,0.005595096876235672,0.0006073986204472283,0.023371437968275444,0.005143554237783028,46.704553961166845,39.41368957014929,134.9347568208759,True,0.4977358,0.6231447503156974,31.165792
2026-01-29 14:00:00,2026-01-29 15:10:00,1,761.6,767.05,pivot,5.449999999999932,0.1458595,5.204140499999932,163930.42574999784,1.0,2026-01-29,762.3,0.0,767.9,768.35,766.8,0.0,2026,0.0,1.0,1.0,1.0,1,14,3,1,761.6,763.8,761.45,2.352028687964105,48.978280581663874,0.4737019111570362,0.9603707820592484,-0.4866688709022121,764.3525000000001,768.0774479044856,760.6275520955146,762.9599999999999,763.1949999999999,764.3525000000001,759.8199999999999,760.6990731176116,1.0,0.0014443277310924,1,0.0070246848739496,1,0.0095850840336133,1,0.0013786764705881,1,0.0038734243697478,1,0.0047925420168066,1,0.0086003151260503,1,0.0095194327731092,1,2026-01-29 14:00:00,0.0010500066590114,-0.0011144253669029,203.15363519826053,0.7934700173497068,0.5362817018426485,0.7934700173497068,0.2065299826502932,5.597183359867286e-05,0.0001058820997746,0.0017605011619692,True,123.65207667943046,0.2917400733061245,-0.4068404745283673,0.2917400733061245,0.7082599266938755,0.0003633041779391,0.000528328674577,0.0040378333630259,True,0,0,0,0.4866688709022122,0,1,0,0,0.1305317456003112,1,1,0,1,1,0,0,-0.0036141018907563742,0.0023371848739496934,0.009781901009678243,0.0030882729621377427,-23.8362045094101,6.39322046082641,122.0128676470557,True,0.51369965,0.5561833884749701,31.165792
2026-01-30 11:10:00,2026-01-30 11:35:00,-1,775.2,765.85,pivot,9.350000000000025,0.1462315,9.103768500000022,286768.7077500007,1.0,2026-01-30,772.15,0.0,767.5,770.05,765.6,0.0,2026,0.0,1.0,1.0,1.0,1,11,4,1,775.2,775.35,771.35,3.029921548466368,44.20440123693732,0.8552214861900893,2.069424215432048,-1.2142027292419586,777.735,784.7799011085709,770.6900988914291,774.6199999999999,776.765,777.735,769.9958333333333,775.6129699425037,-1.0,0.0050954592363261,1,0.0099329205366357,1,0.0010319917440661,1,0.007094943240454,1,0.0113519091847266,1,0.0119969040247678,1,0.0084494324045408,1,0.0083204334365325,1,2026-01-30 11:10:00,-0.0038777273433612,-0.0018761124700746,13.70108093210992,0.0188095571898629,-2.155858272967882,0.0188095571898629,0.9811904428101372,8.088249171274661e-05,0.0001316018704466,0.0018597369150284,True,86.91633055669114,0.2135727246657246,-0.5873003434786482,0.2135727246657246,0.7864272753342754,0.0004609224172761,0.0006586844466234,0.0043160147015822,True,0,0,0,1.2142027292419586,0,1,1,0,0.32008264126547803,1,0,1,0,1,0,0,-0.003270123839009247,0.006713321293429779,0.018175699454517316,0.003908567528981383,-53.673104626395904,14.149061503477862,357.5851393188879,True,0.5114421,0.5617584600729456,31.165792
2026-01-30 13:30:00,2026-01-30 14:25:00,1,771.45,775.75,pivot,4.2999999999999545,0.146416,4.053583999999954,127687.89599999855,1.0,2026-01-30,772.9,0.0,778.05,779.3,775.2,0.0,2026,0.0,1.0,1.0,1.0,1,13,4,1,771.45,773.35,771.35,2.512847601629152,52.71207790729529,-0.0835659305914759,-0.3120769196440628,0.2285109890525868,772.165,776.0762657861553,768.2537342138446,772.3,771.42,772.165,772.6333333333333,774.6784981473551,-1.0,0.0033054637371183,1,0.006027610344157,1,0.0055739192429839,1,0.0057035452718905,1,0.0064813014453302,1,0.0074534966621297,1,0.0058331713007971,1,0.0064813014453302,1,2026-01-30 13:30:00,0.0019426283386979,-0.0018097212798524,95.46480026763642,0.903335891003718,0.9738078830485994,0.903335891003718,0.0966641089962819,8.088249171274661e-05,0.0001316018704466,0.0018597369150284,True,89.4498406831418,0.2194712301253602,-0.5719178216818978,0.2194712301253602,0.7805287698746397,0.0004609224172761,0.0006586844466234,0.0043160147015822,True,0,0,1,0.2285109890525869,0,0,0,1,0.4085973647545518,1,0,0,1,1,0,0,-0.0009268261066821157,-0.0015339080087280839,0.010140037037151738,0.003257304558466721,12.045289057613056,21.53801612365748,204.1609955279013,True,0.50665593,0.5151441023436781,31.165792
2026-02-04 08:45:00,2026-02-04 10:25:00,-1,770.95,783.25,pivot,-12.299999999999956,0.146626,-12.546625999999954,-395218.7189999985,1.0,2026-02-04,771.4,0.0,783.1,784.6,782.25,0.0,2026,0.0,2.0,1.0,1.0,0,8,2,2,770.95,772.9,768.5,4.522428721816423,42.76810284717948,2.117227708024302,2.670939719759472,-0.5537120117351697,775.4,782.1522316036445,768.6477683963554,777.7299999999999,777.39,775.4,768.565,782.7239495861252,-1.0,-0.0008431156365522,0,-0.0114144886179388,0,-0.01154419871587,0,-0.0157597768986315,0,-0.0083014462675919,0,-0.0103119527855242,0,-0.0134898501848368,0,-0.0084960114144885,0,2026-02-04 08:45:00,-0.00723330459352,-0.0107021845414269,0.2521387960709074,0.0014656932202678,-3.960187274044616,0.0014656932202678,0.998534306779732,8.088249171274661e-05,0.0001316018704466,0.0018597369150284,True,3.357431662599081,0.0114183548603141,-2.6322591032615312,0.0114183548603141,0.9885816451396858,0.0004609224172761,0.0006586844466234,0.0043160147015822,True,0,0,0,0.5537120117351702,0,1,0,0,0.17047931252846582,1,0,0,0,1,0,0,-0.005772099357934927,0.003093585835657294,0.017516652451247245,0.005866046723933358,-23.681212265608387,7.291076771533879,-261.49555742914487,True,0.55686605,0.5617584600729456,31.165792
2026-02-04 11:25:00,2026-02-04 11:30:00,-1,782.55,782.0,pivot,0.5499999999999545,0.1469365,0.3030634999999545,9546.500249998568,1.0,2026-02-04,781.95,0.0,784.3,784.65,781.25,0.0,2026,0.0,1.0,1.0,1.0,0,11,2,2,782.55,783.75,780.3,3.225623900719325,50.12864641006005,1.9318077232064752,2.2840161398163423,-0.3522084166098671,782.5725,790.1847805939196,774.9602194060803,785.15,784.905,782.5725,777.5733333333334,782.7239495861252,-1.0,-0.0022362788320235,0,-0.0001277873618299,0,0.0018529167465336,1,-0.0023640661938534,0,-0.0028113219602581,0,-0.0006389368091495,0,0.0012139799373841,1,0.0021723851511084,1,2026-02-04 11:25:00,-0.0007670182542866,-0.0065645052661798,231.67700196559903,0.2417873342863241,-0.4831974444727245,0.2417873342863241,0.7582126657136758,8.088249171274661e-05,0.0001316018704466,0.0018597369150284,True,12.883313448322369,0.0412716319600448,-1.6735785700997032,0.0412716319600448,0.9587283680399552,0.0004609224172761,0.0006586844466234,0.0043160147015822,True,0,0,0,0.3522084166098671,0,1,0,0,0.49852212489263675,1,0,1,0,1,0,0,-2.875215641177737e-05,0.006359551040401986,0.019455065092121016,0.004121939685284423,-17.65573117888315,24.990239326334784,-88.55664174813015,True,0.5046505,0.5573350048321953,31.165792
2026-02-04 11:50:00,2026-02-04 12:20:00,-1,783.05,781.05,pivot,2.0,0.146923,1.7530770000000002,55221.925500000005,1.0,2026-02-04,782.65,0.0,784.2,784.45,781.05,0.0,2026,0.0,1.0,1.0,1.0,1,11,2,2,783.05,783.35,781.6,2.97616446080833,50.59889640367448,1.169843901561535,1.7149227567217933,-0.5450788551602583,784.095,788.4919965884256,779.6980034115744,783.5799999999999,784.365,784.095,778.685,782.7239495861252,-1.0,0.0018517336057722,1,0.0024902624353488,1,-0.0028733797330949,0,-0.0031287912649256,0,0.0014047634250685,1,-0.0008300874784497,0,-0.0014686163080264,0,-0.002298703786476,0,2026-02-04 11:50:00,-0.0005109535782109,0.0008947974520071,284.4245294804323,0.3084569805325226,-0.3455087886169352,0.3084569805325226,0.6915430194674774,8.088249171274661e-05,0.0001316018704466,0.0018597369150284,True,132.33827587031672,0.5588102970552588,0.0547062560507678,0.5588102970552588,0.4411897029447412,0.0004609224172761,0.0006586844466234,0.0043160147015822,True,0,0,0,0.5450788551602583,0,1,0,0,0.38116888664971166,1,1,1,0,1,0,0,-0.0013345252538153028,0.005574356682204213,0.011230436341039839,0.0038007336195751613,-27.580388524087397,19.286725007892702,44.25004788965775,True,0.5046505,0.5485286752828318,31.165792
2026-02-04 12:20:00,2026-02-04 13:00:00,1,781.05,784.35,pivot,3.300000000000068,0.146962,3.0530380000000683,96170.69700000215,1.0,2026-02-04,784.2,0.0,785.6,785.65,782.5,0.0,2026,0.0,1.0,1.0,1.0,1,12,2,2,781.05,784.45,781.05,2.812927556878652,54.15971359905254,0.4578256558346538,0.8360750932295546,-0.3782494373949008,783.8275000000001,788.2642454938891,779.3907545061111,782.36,782.7,783.8275000000001,779.8108333333333,782.7239495861252,1.0,0.0048652455028488,1,0.0012803277639075,1,0.0039049996799181,1,0.0076819665834453,1,0.0075539338070547,1,0.0054413929966071,1,0.0022405735868382,1,0.0040970488445042,1,2026-02-04 12:20:00,0.0039609072419797,0.0033209891296583,9.458746191199063,0.9851938725994306,2.05905756915861,0.9851938725994306,0.0148061274005694,8.088249171274661e-05,0.0001316018704466,0.0018597369150284,True,70.13276860777307,0.8088391572017608,0.6168432841665052,0.8088391572017608,0.1911608427982392,0.0004609224172761,0.0006586844466234,0.0043160147015822,True,0,0,0,0.37824943739490086,0,1,0,0,0.1869890324083551,1,0,0,1,1,0,0,-0.0035561103642534355,0.0015865394874420584,0.01136097687443575,0.003601469248932401,-20.48588119831058,10.127272441400466,237.94891492222303,True,0.4925556,0.5485018314373865,31.165792
2026-02-04 13:10:00,2026-02-04 13:40:00,-1,784.35,786.6,pivot,-2.25,0.1471285,-2.4971285,-78659.54775,1.0,2026-02-04,784.1,0.0,786.95,787.95,786.25,0.0,2026,0.0,1.0,1.0,1.0,0,13,2,2,784.35,784.9,783.3,2.4812160571194024,51.5150307336341,0.5931200801587693,0.6948725279453938,-0.1017524477866245,783.6899999999999,787.1209121157427,780.2590878842572,784.23,784.6800000000001,783.6899999999999,781.3958333333334,782.7239495861252,1.0,6.374705169894589e-05,1,-0.0029323643781474,0,-0.0034423407917382,0,-0.0063747051698858,0,-6.374705169880095e-05,0,-0.0014661821890737,0,-0.0033148466883406,0,-0.003123605533244,0,2026-02-04 13:10:00,-0.0003825310853148,0.0026178861166258,306.8729147755492,0.3467123258453719,-0.2764546703390532,0.3467123258453719,0.6532876741546281,8.088249171274661e-05,0.0001316018704466,0.0018597369150284,True,89.51669989621483,0.7528412363315522,0.4539376729379792,0.7528412363315522,0.2471587636684478,0.0004609224172761,0.0006586844466234,0.0043160147015822,True,0,0,0,0.10175244778662451,1,1,1,0,0.59618433491369,1,1,0,1,1,0,0,0.0008414610824250422,0.0037663883045408954,0.008748421280659871,0.003163404165384589,-5.24178047495046,30.712454335989946,-2.00803212851223,True,0.5065633,0.5608716818150652,31.165792
2026-02-05 15:30:00,2026-02-05 15:45:00,-1,756.25,759.45,eod,-3.200000000000045,0.145471,-3.4454710000000457,-108532.33650000145,1.0,2026-02-05,758.7,0.0,759.45,759.45,759.45,0.0,2026,0.0,1.0,1.0,1.0,1,15,3,2,756.25,759.3,756.15,2.9023309125699392,54.28870126002892,-0.7779561251160203,-1.0913083769773786,0.3133522518613583,756.5325,761.101534799124,751.963465200876,755.79,755.23,756.5325,759.3841666666667,762.0623081715518,-1.0,-0.0042314049586777,0,0.044694214876033,1,0.044495867768595,1,0.037090909090909,1,0.032793388429752,1,0.0343801652892562,1,0.0408595041322313,1,0.0476694214876032,1,2026-02-05 15:30:00,0.0033666731472797,0.0048886930950044,21.913967024236072,0.9764131230785756,1.7395316782124008,0.9764131230785756,0.0235868769214243,8.088249171274661e-05,0.0001316018704466,0.0018597369150284,True,37.6555839251703,0.890853732776529,0.9800728081000952,0.890853732776529,0.1091462672234709,0.0004609224172761,0.0006586844466234,0.0043160147015822,True,0,0,1,0.3133522518613583,0,0,1,1,0.46908537443682957,1,0,0,0,1,0,0,-0.00037355371900830054,-0.0041443526170799536,0.01208339781586508,0.003837792942241242,17.011486790458623,25.46603575824985,1032.9917355371879,True,0.5029812,0.6381121367060927,31.165792
2026-02-06 13:25:00,2026-02-06 14:10:00,1,742.2,733.55,pivot,-8.650000000000091,0.1442725,-8.89427250000009,-280169.58375000284,1.0,2026-02-06,742.7,0.0,737.35,737.5,732.15,0.0,2026,0.0,1.0,1.0,1.0,0,13,4,2,742.2,744.1,741.85,3.305513118544052,48.05807572346002,0.4404389554132422,0.923124931291976,-0.4826859758787339,744.3425,748.085461822505,740.599538177495,743.5899999999999,744.26,744.3425,738.7375,739.9666169027005,1.0,-0.0011452438695769,0,-0.0087577472379412,0,-0.0103071948261925,0,0.0089598490972783,1,-0.0073430342225815,0,-0.0068040959310159,0,-0.0076125033683644,0,-0.007006197790353,0,2026-02-06 13:25:00,0.0006734460487534,-0.0052373718052326,270.53869795472417,0.6841659368253281,0.291355284679333,0.6841659368253281,0.3158340631746719,8.088249171274661e-05,0.0001316018704466,0.0018597369150284,True,20.428875010412263,0.0627794630066018,-1.3660880834568716,0.0627794630066018,0.937220536993398,0.0004609224172761,0.0006586844466234,0.0043160147015822,True,0,0,0,0.48268597587873385,0,1,0,0,0.21379617244318336,1,1,0,1,1,0,0,-0.0028866882241982313,0.004665184586364984,0.010086127250080788,0.004453668982139654,-23.19695917943239,10.274632644660423,-231.30557801131727,True,0.51369965,0.5578727971819225,31.165792
2026-02-06 14:40:00,2026-02-06 15:45:00,-1,744.3,748.6,eod,-4.300000000000068,0.144787,-4.544787000000069,-143160.79050000216,1.0,2026-02-06,744.55,0.0,748.6,748.6,748.6,0.0,2026,0.0,1.0,1.0,1.0,0,14,4,2,744.3,744.85,743.05,3.586903237051756,58.22602383426021,-0.2888583453641331,-1.153014084347152,0.8641557389830188,739.645,747.0634620369505,732.2265379630495,741.28,738.545,739.645,740.2558333333333,739.9666169027005,1.0,0.0004702404944241,1,-0.0061131264275158,0,-0.0057772403600699,0,-0.048770656993148,0,-0.0053069998656456,0,-0.0061131264275158,0,-0.0055085315061131,0,-0.0049039365847105,0,2026-02-06 14:40:00,0.0003358296703489,0.013521942219778,243.892547235571,0.5657192280494447,0.1042880867352765,0.5657192280494447,0.4342807719505552,7.040225456498499e-05,6.31468626621451e-05,0.0026147071657285,True,3.070401601025277,0.9837561019204364,2.201842292254595,0.9837561019204364,0.0162438980795636,0.0004405271803491,0.0003223725421186,0.0059947843331429,True,0,0,1,0.8641557389830188,1,1,1,1,0.8137442758899334,0,1,0,1,1,0,0,0.006254198575843038,0.005433516951050227,0.01993406432070529,0.004819163290409453,50.316352654537994,47.38109360296008,-167.1704957678364,True,0.5265448,0.5792368724339845,31.165792
2026-02-09 14:05:00,2026-02-09 14:15:00,1,779.85,781.5,pivot,1.6499999999999773,0.1468405,1.4031594999999775,44199.52424999929,1.0,2026-02-09,780.55,0.0,782.6,783.05,781.4,0.0,2026,0.0,1.0,1.0,1.0,1,14,0,2,779.85,780.6,779.65,1.785158880833616,52.42741884695999,-0.4495060482853432,-0.4907479826862857,0.0412419344009424,779.9599999999999,782.8549320596181,777.0650679403817,779.33,778.9399999999999,779.9599999999999,781.7041666666667,777.8222941327466,1.0,0.0020516766044752,1,0.0028210553311533,1,0.0024363659678142,1,0.0106430723857151,1,0.0019234468166955,1,0.0024363659678142,1,0.002500480861704,1,0.0018593319228055,1,2026-02-09 14:05:00,0.0008972059048411,0.0024371484613278,206.4981264688644,0.6940266562235429,0.3189875536010799,0.6940266562235429,0.3059733437764571,7.040225456498499e-05,6.31468626621451e-05,0.0026147071657285,True,84.89954323729312,0.6938221920076285,0.3527693077326101,0.6938221920076285,0.3061778079923715,0.0004405271803491,0.0003223725421186,0.0059947843331429,True,0,0,1,0.04124193440094254,0,0,1,1,0.48100128125037817,1,1,0,1,1,0,0,-0.00014105276655754305,-0.002377593981748578,0.007424330472829937,0.002289105444423435,2.162208168897055,25.21765563803798,60.588574725908245,True,0.5256383,0.5175566903922231,31.165792
2026-02-09 14:15:00,2026-02-09 14:55:00,1,781.5,782.05,pivot,0.5499999999999545,0.1469065,0.3030934999999545,9547.445249998567,1.0,2026-02-09,782.6,0.0,781.75,782.7,781.7,0.0,2026,0.0,1.0,1.0,1.0,1,14,0,2,781.5,783.05,781.4,1.7333767901065331,59.67729254047804,-0.0222208274796003,-0.3606099930579187,0.3383891655783184,780.0150000000001,783.0172973744366,777.0127026255636,780.85,779.4449999999999,780.0150000000001,781.6925,777.8222941327466,1.0,-0.0001919385796544,0,-0.000255918106206,0,0.001151631477927,1,0.0120281509916826,1,0.0007037747920664,1,0.0003838771593089,1,-0.000639795265515,0,0.0007037747920664,1,2026-02-09 14:15:00,0.0014705414881094,0.0060880062431815,151.38661947199296,0.7967867460569442,0.5382608973939063,0.7967867460569442,0.2032132539430557,7.040225456498499e-05,6.31468626621451e-05,0.0026147071657285,True,30.6143547871835,0.8965078544857836,0.9617749998422462,0.8965078544857836,0.1034921455142163,0.0004405271803491,0.0003223725421186,0.0059947843331429,True,0,0,1,0.3383891655783184,1,0,1,1,0.7473106116409663,1,1,0,1,1,0,0,0.0019001919385795265,-0.00024632117722328274,0.007683422583330688,0.0022180125273276174,20.19414922674557,44.59747398950152,22.1689059500916,True,0.59783024,0.5176454646141261,31.165792
2026-02-12 13:05:00,2026-02-12 13:20:00,-1,812.25,812.25,pivot,-0.0,0.148735,-0.248735,-7835.1525,1.0,2026-02-12,812.1,0.0,812.95,813.25,811.65,0.0,2026,0.0,1.0,1.0,1.0,0,13,3,2,812.25,812.6,811.15,1.5541005980379263,50.501685693710286,0.8797801542638126,1.408230856363849,-0.5284507021000364,813.2025000000001,814.611671108262,811.7933288917382,812.77,813.25,813.2025000000001,806.7033333333333,809.1629604090788,1.0,0.0013542628501077,1,-0.0002462296091105,0,0.0048630347799323,1,-0.0030778701138811,0,-0.0008618036318867,0,-0.0013542628501077,0,-0.0001846722068328,0,0.0001846722068328,1,2026-02-12 13:05:00,-0.0001231299638322,-0.0022754537661536,243.35916332833773,0.4521743253397021,-0.0712419459188423,0.4521743253397021,0.5478256746602979,7.040225456498499e-05,6.31468626621451e-05,0.0026147071657285,True,67.29402449786161,0.2573044440679313,-0.433347750962436,0.2573044440679313,0.7426955559320687,0.0004405271803491,0.0003223725421186,0.0059947843331429,True,0,0,0,0.5284507021000364,0,1,0,0,0.16203536447220276,1,1,0,1,1,0,0,-0.001172668513388858,0.00682876782599783,0.0034697965115714226,0.0019133279138663297,-26.687651262076564,8.183059047840974,-27.14681440443105,True,0.5075006,0.5561833884749701,31.165792
2026-02-12 13:35:00,2026-02-12 14:00:00,1,812.4,808.35,pivot,-4.0499999999999545,0.1486225,-4.298622499999954,-135406.60874999856,1.0,2026-02-12,812.4,0.0,810.9,811.4,808.35,0.0,2026,0.0,1.0,1.0,1.0,0,13,3,2,812.4,813.05,812.25,1.501605623974018,51.26704421256249,0.4368058180911021,0.7561833041302465,-0.3193774860391444,813.0675,814.6972481406093,811.4377518593907,812.65,812.52,813.0675,809.1591666666666,809.1629604090788,1.0,-0.0003692762186114,0,-0.0018463810930576,0,0.0015386509108813,1,0.0015386509108813,1,-0.0030157557853273,0,-0.0050467749876908,0,-0.001723289020187,0,0.000246184145741,1,2026-02-12 13:35:00,-6.154414255576683e-05,0.0015398358498217,245.2470155407292,0.4673042496042709,-0.0476883250454426,0.4673042496042709,0.532695750395729,7.040225456498499e-05,6.31468626621451e-05,0.0026147071657285,True,97.13075435894166,0.6114405379980694,0.2030870903849163,0.6114405379980694,0.3885594620019306,0.0004405271803491,0.0003223725421186,0.0059947843331429,True,0,0,0,0.3193774860391444,0,1,0,0,0.2952137562339963,1,1,0,1,1,0,0,-0.0008216395864106575,0.003989208928278433,0.00401218153768909,0.0018483574888897318,-16.373539697265876,15.134736693004934,-94.99630723780994,True,0.501375,0.5561833884749701,31.165792
2026-02-12 15:15:00,2026-02-12 15:45:00,-1,814.9,816.7,eod,-1.8000000000000682,0.148948,-2.0489480000000686,-64541.86200000216,1.0,2026-02-12,813.65,0.0,816.7,816.7,816.7,0.0,2026,0.0,1.0,1.0,1.0,0,15,3,2,814.9,815.05,813.6,1.4847020257708896,52.088812730638985,0.6543006055871956,0.6171676921099059,0.0371329134772897,813.04,816.7721646113251,809.3078353886748,814.3,814.38,813.04,812.7158333333334,810.4350708885427,1.0,0.0023929316480548,1,0.0023929316480548,1,-0.0094490121487299,0,0.0030065038655048,1,-0.001656644987115,0,-0.00220885998282,0,0.0014725733218799,1,-6.13572217450831e-05,0,2026-02-12 15:15:00,-0.0015351082195507,-0.0013510196110476,128.7424199896625,0.1803944294412757,-0.6112558619035762,0.1803944294412757,0.8196055705587243,7.040225456498499e-05,6.31468626621451e-05,0.0026147071657285,True,83.67362563431992,0.3278020706168525,-0.2791413435700684,0.3278020706168525,0.6721979293831475,0.0004405271803491,0.0003223725421186,0.0059947843331429,True,0,0,1,0.03713291347728975,1,1,1,1,0.7491851504025148,1,1,0,0,1,0,0,0.0022824886489139938,0.0026802879698939208,0.009159810065836728,0.0018219438284094855,1.9342093762615635,39.02416499989219,-52.184317094122505,True,0.50760466,0.5365323099686549,31.165792
2026-02-19 10:35:00,2026-02-19 10:50:00,-1,833.15,834.75,pivot,-1.6000000000000227,0.150037,-1.850037000000023,-58276.16550000072,1.0,2026-02-19,831.0,0.0,835.7,835.75,833.6,0.0,2026,0.0,1.0,1.0,1.0,0,10,3,2,833.15,833.25,830.2,2.7800314133075448,44.58672528381882,1.7706942045400638,3.1572463224764813,-1.3865521179364175,837.125,842.1858403768712,832.0641596231288,833.89,836.2299999999999,837.125,826.8350000000002,830.4381685085572,1.0,-0.0018003960871391,0,-0.0025205545219948,0,-0.0075016503630798,0,-0.0048010562323711,0,-0.0030606733481366,0,-0.0041409110004201,0,-0.0034207525655644,0,-0.0055812278701314,0,2026-02-19 10:35:00,-0.0025839031291842,-0.0075526343549379,56.066802362890485,0.0860919122389305,-1.0123695787206282,0.0860919122389305,0.9139080877610696,7.040225456498499e-05,6.31468626621451e-05,0.0026147071657285,True,18.042298079044684,0.0621334301061977,-1.3136430702800432,0.0621334301061977,0.9378665698938022,0.0004405271803491,0.0003223725421186,0.0059947843331429,True,0,0,0,1.3865521179364175,0,1,0,0,0.10727866283173115,1,1,1,0,1,0,0,-0.00477104963091883,0.007579667526855701,0.012148689616206373,0.0033367717857619213,-61.821818374128206,4.783204268493822,-96.4112104663029,True,0.5085927,0.5329976923287165,31.165792
2026-02-23 15:00:00,2026-02-23 15:45:00,-1,864.2,867.45,eod,-3.25,0.1519495,-3.5019495,-110311.40925,1.0,2026-02-23,865.45,0.0,867.45,867.45,867.45,0.0,2026,0.0,1.0,1.0,1.0,0,15,0,2,864.2,865.55,863.65,1.944627440674524,57.40007135221069,-0.3342795537346319,-0.9403694002067838,0.6060898464721519,862.43,866.1696031391873,858.6903968608126,863.54,861.9950000000001,862.43,866.0616666666666,864.0360533192105,1.0,-0.0004628558204119,0,-0.0015042814163387,0,-0.0010992825734782,0,-0.0008099976857208,0,-0.0004628558204119,0,-0.0013885674612357,0,-0.0016778523489932,0,-0.003760703540847,0,2026-02-23 15:00:00,0.0014453793745749,0.0030087391788199,155.12410768580722,0.7922090787309792,0.4676411688643839,0.7922090787309792,0.2077909212690207,6.165451679249326e-05,0.0001068310675458,0.0028623406067511,True,74.80064846094422,0.740920352212673,0.3847646244444085,0.740920352212673,0.2590796477873269,0.0004080057368871,0.0005336632815996,0.0064327012931459,True,0,0,1,0.6060898464721519,1,0,1,1,0.7366561282201635,1,1,0,0,1,0,0,0.0020481370053229524,-0.0021542081308337942,0.008654485395018171,0.002250205323622453,34.78960043335194,42.28411432188065,-14.57995834297485,True,0.5416787,0.5740081542936952,31.165792
2026-02-26 10:25:00,2026-02-26 10:30:00,1,921.9,918.2,pivot,-3.699999999999932,0.155203,-3.955202999999932,-124588.89449999786,1.0,2026-02-26,918.2,0.0,921.65,922.3,916.95,0.0,2026,0.0,1.0,1.0,1.0,1,10,3,2,921.9,922.55,918.1,4.009618451509126,47.955872978865855,3.26911347993098,4.219397662518591,-0.9502841825876116,922.315,932.7037135145188,911.9262864854812,923.44,925.275,922.315,912.4425,918.1125771948916,1.0,-0.0002711790866688,0,0.0028744983186896,1,0.0067252413493871,1,0.0073760711573924,1,0.0015186028853454,1,0.0001084716346675,1,0.0052066384640417,1,0.0049896951947066,1,2026-02-26 10:25:00,-0.0040215259894269,-0.0091607004281974,23.193602653534512,0.0312740685173509,-1.442301117915754,0.0312740685173509,0.9687259314826492,6.165451679249326e-05,0.0001068310675458,0.0028623406067511,True,10.699317674784552,0.0351099373814105,-1.5070439723551945,0.0351099373814105,0.9648900626185896,0.0004080057368871,0.0005336632815996,0.0064327012931459,True,0,0,0,0.9502841825876112,0,1,0,0,0.48002640079447584,0,1,1,0,1,0,0,-0.0004501572838703518,0.01025870484868205,0.022537614740251156,0.00434929867828303,-45.57170755399687,23.020085103002035,47.8359908883801,True,0.5046505,0.5615538283630038,31.165792
2026-02-27 15:05:00,2026-02-27 15:45:00,-1,936.6,937.8,eod,-1.1999999999999318,0.156232,-1.4562319999999318,-45871.30799999785,1.0,2026-02-27,937.9,0.0,937.8,937.8,937.8,0.0,2026,0.0,1.0,1.0,1.0,1,15,4,2,936.6,939.45,935.6,3.386306962870564,42.79500329160952,0.9060901671374496,2.342807502274288,-1.4367173351368383,943.655,953.9335878645278,933.3764121354722,941.27,945.595,943.655,936.1141666666666,941.8983224135036,-1.0,-0.0009609224855861,0,0.0010676916506512,1,0.0178304505658766,1,0.0175635276532138,1,0.0025090753790305,1,0.0021353833013025,1,-0.0012812299807814,0,0.0179906043134742,1,2026-02-27 15:05:00,0.0014404227729914,-0.0137655710305057,156.9830480250219,0.7729948578820188,0.4387242761402405,0.7729948578820188,0.2270051421179811,7.830829586167718e-05,0.0001449122456969,0.0029529036749276,True,1.5168594248954652,0.0102410818077156,-2.201342026835914,0.0102410818077156,0.9897589181922845,0.0005301488687346,0.000719790963016,0.0065802414240653,True,0,0,0,1.4367173351368385,0,1,0,0,0.1568108336969476,1,0,0,0,1,0,0,-0.007532564595344811,0.0005187201936081604,0.021948724886884093,0.0036155316707992356,-61.48432308629345,6.710720144220905,79.03587443946076,True,0.55686605,0.5617584600729456,31.165792
2026-03-04 13:05:00,2026-03-04 13:30:00,1,791.5,779.8,pivot,-11.700000000000044,0.147139,-11.947139000000044,-376334.8785000014,1.0,2026-03-04,800.1,0.0,781.35,781.75,773.05,0.0,2026,0.0,1.0,2.0,1.0,0,13,2,3,791.5,800.1,791.5,12.338741550384013,55.002138295836325,-5.588134381190571,-10.52294062207246,4.9348062408818905,780.9875,807.749391111108,754.2256088888919,790.03,777.62,780.9875,815.855,795.5171186102029,1.0,0.0101705622236259,1,-0.0128237523689197,0,-0.0233733417561591,0,-0.0235628553379658,0,-0.0075805432722678,0,-0.0144662034112445,0,-0.0245735944409349,0,-0.0125078963992419,0,2026-03-04 13:05:00,0.0108700137243308,0.0262123269514695,0.1330877772923197,0.998573139298916,3.632052602900018,0.998573139298916,0.0014268607010839,7.830829586167718e-05,0.0001449122456969,0.0029529036749276,True,0.414426211624782,0.997995514130768,3.874103447819055,0.997995514130768,0.002004485869232,0.0005301488687346,0.000719790963016,0.0065802414240653,True,0,0,1,4.934806240881889,1,0,1,1,0.6964080183338878,0,0,0,1,0,0,0,0.013281743524952679,-0.03077068856601392,0.06762322453849165,0.015589060708002544,271.4248953241419,38.30393013472981,-238.7871130764357,True,0.5383468,0.602104800582626,31.165792
2026-03-05 13:25:00,2026-03-05 15:10:00,1,829.45,829.2,pivot,-0.25,0.1497595,-0.4997595000000001,-15742.424250000002,1.0,2026-03-05,831.4,0.0,831.55,834.7,828.75,0.0,2026,0.0,1.0,1.0,0.0,1,13,3,3,829.45,832.45,828.85,5.487004168255097,52.93467591652752,-1.7247515845978114,-2.041589206509706,0.3168376219118944,829.2625,841.7999754050054,816.7250245949947,827.3100000000001,824.7,829.2625,831.7275000000001,826.5600286080643,1.0,0.0001808427271082,1,0.0113930918078243,1,0.0166978118030018,1,-0.0001205618180722,0,0.007836518174694,1,0.0131412381698715,1,0.0133220808969798,1,0.0122370245343299,1,2026-03-05 13:25:00,0.0021071017097404,0.0179004203193888,103.54160591925454,0.859810852254131,0.6644949107903295,0.859810852254131,0.140189147745869,7.830829586167718e-05,0.0001449122456969,0.0029529036749276,True,2.190782921055204,0.9901552670314564,2.61094209910589,0.9901552670314564,0.0098447329685437,0.0005301488687346,0.000719790963016,0.0065802414240653,True,0,0,1,0.31683762191189446,1,0,1,1,0.5074775819669861,0,1,0,1,1,0,0,0.000226053408885406,-0.0027457954065947697,0.03023081657726289,0.006615231982946647,16.77169683406941,26.86316133632544,246.850322502861,True,0.50733465,0.6231850795169405,31.165792
2026-03-09 11:50:00,2026-03-09 12:15:00,1,765.95,759.95,pivot,-6.0,0.145777,-6.245777,-196741.9755,1.0,2026-03-09,769.55,0.0,759.55,763.2,759.05,0.0,2026,0.0,1.0,2.0,1.0,0,11,0,3,765.95,769.9,765.25,6.357470292674636,52.47320912684107,-4.357820197854949,-7.488441927025951,3.1306217291710023,759.7025000000001,768.4517841842203,750.9532158157799,763.9399999999999,761.095,759.7025000000001,790.7733333333333,772.6047918575014,-1.0,-0.0020889091977283,0,-0.0083556367909133,0,-0.0109014948756446,0,-0.012925125660944,0,-0.0075070174293361,0,-0.0077681310790522,0,-0.0045694888700306,0,-0.0062014491807559,0,2026-03-09 11:50:00,0.0048196003153999,0.014463129637376,14.308915880920267,0.9764666918600462,1.583081801616006,0.9764666918600462,0.0235333081399538,7.830829586167718e-05,0.0001449122456969,0.0029529036749276,True,3.1714708290351377,0.9815300893550172,2.0885766628710045,0.9815300893550172,0.0184699106449828,0.0005301488687346,0.000719790963016,0.0065802414240653,True,0,0,1,3.1306217291710023,1,0,1,1,0.8570292076732205,0,0,1,0,0,0,0,0.008156537633004694,-0.032408555823922276,0.02284557525744549,0.008300111355407841,164.27376869182282,44.97107284204781,-236.47104902408716,True,0.50733465,0.5851763556486984,31.165792
2026-03-10 11:40:00,2026-03-10 11:45:00,1,826.35,822.85,pivot,-3.5,0.149476,-3.749476,-118108.494,1.0,2026-03-10,822.85,0.0,820.1,823.75,819.7,0.0,2026,0.0,1.0,1.0,1.0,0,11,1,3,826.35,826.95,822.6,5.761544903529802,48.21918872917124,3.5484420383892257,5.829298988087585,-2.280856949698359,828.9975000000001,833.4802711183506,824.5147288816495,826.82,828.525,828.9975000000001,802.3341666666668,831.1037190821124,-1.0,-0.0075633811339021,0,-0.0104677194893204,0,-0.0144611847280208,0,-0.0112543111272464,0,-0.0111938040781751,0,-0.0118593816179585,0,-0.0109517758818903,0,-0.0096811278513946,0,2026-03-10 11:40:00,-0.0041839796657467,-0.0095549831933118,23.141745374171887,0.0282167950657009,-1.4659780297607934,0.0282167950657009,0.971783204934299,7.830829586167718e-05,0.0001449122456969,0.0029529036749276,True,10.413151915200196,0.0322149055418542,-1.5614585383981128,0.0322149055418542,0.9677850944581458,0.0005301488687346,0.000719790963016,0.0065802414240653,True,0,0,0,2.280856949698359,0,1,0,0,0.20470274634786834,1,0,1,0,1,0,0,-0.003203848248320973,0.029062544119723192,0.010849570081322852,0.0069722816040779356,-109.98107172174701,9.870600359527533,-352.6048284625156,True,0.5046505,0.543334697587964,31.165792
2026-03-10 11:45:00,2026-03-10 12:30:00,1,822.85,816.85,pivot,-6.0,0.149191,-6.249191,-196849.5165,1.0,2026-03-10,820.1,0.0,814.4,817.4,814.3,0.0,2026,0.0,1.0,0.0,1.0,0,11,1,3,822.85,823.75,819.7,5.639291696134813,43.24471783381485,2.6802043141005925,5.199480053290186,-2.519275739189593,828.6425000000002,834.6049504900972,822.6800495099031,824.97,827.485,828.6425000000002,803.3950000000001,831.1037190821124,-1.0,-0.0044965668104758,0,-0.0067448502157137,0,-0.0130643495169228,0,-0.0095400133681716,0,-0.0076563164610804,0,-0.0062587348848514,0,-0.0054687974722002,0,-0.0044358023941179,0,2026-03-10 11:45:00,-0.0033476399990263,-0.0112159774096861,37.05314989310556,0.0530801418703781,-1.1827518365660752,0.0530801418703781,0.946919858129622,7.830829586167718e-05,0.0001449122456969,0.0029529036749276,True,5.767674387053883,0.0187489221864143,-1.8138800088778608,0.0187489221864143,0.9812510778135856,0.0005301488687346,0.000719790963016,0.0065802414240653,True,0,0,0,2.5192757391895935,0,1,0,0,0.01425173176524903,1,0,1,0,0,1,0,-0.007039557635049075,0.023643434404812452,0.014492192963716382,0.006853365371738243,-108.9453684868293,0.6163121188314103,-241.1739685240326,True,0.5239054,0.559300720759062,31.165792
2026-03-11 13:05:00,2026-03-11 13:20:00,-1,851.9,853.7,pivot,-1.8000000000000682,0.151168,-2.051168000000068,-64611.79200000215,1.0,2026-03-11,851.15,0.0,854.05,854.15,853.2,0.0,2026,0.0,1.0,1.0,1.0,0,13,2,3,851.9,852.4,851.0,2.046170466876756,50.40685864860637,1.2630756413204836,1.6722721777896483,-0.409196536469165,852.14,854.6218499162318,849.6581500837682,852.95,852.655,852.14,846.1274999999999,849.4263609489694,1.0,-0.0017607700434323,0,-0.002993309073835,0,-0.0024063857260242,0,0.0157882380561097,1,-0.0025237703955863,0,-0.003110693743397,0,-0.0028759244042728,0,-0.0014673083695269,0,2026-03-11 13:05:00,-0.0008807727882153,-0.0034013638234901,150.873080533178,0.3539154511991856,-0.1871328968446966,0.3539154511991856,0.6460845488008143,8.479893996862295e-06,3.75290454950208e-05,0.0049072175400161,True,48.30125210761746,0.2671148520007349,-0.3354892451088412,0.2671148520007349,0.7328851479992651,0.000280927876622,0.0001911478272277,0.0107082766529593,True,0,0,0,0.40919653646916476,0,1,0,0,0.45164896990137054,1,1,0,1,1,0,0,-0.0002817232069491831,0.006776030050475451,0.005826622646394635,0.002401890441221688,-20.6263119733005,22.766205784607056,-79.49876746096845,True,0.5046505,0.5727919210756206,31.165792
2026-03-11 14:50:00,2026-03-11 15:05:00,1,838.45,831.65,pivot,-6.800000000000068,0.150103,-7.0501030000000675,-222078.24450000213,1.0,2026-03-11,832.5,0.0,834.0,834.85,829.0,0.0,2026,0.0,2.0,0.0,0.0,0,14,2,3,838.45,840.15,832.05,3.1254986313321305,19.127998300778813,-3.8487243636919857,-1.8633865530379337,-1.985337810654052,848.6225000000001,862.2612017076247,834.9837982923755,838.6200000000001,843.26,848.6225000000001,850.1833333333333,845.4406419687966,-1.0,-0.0124038404198223,0,-0.0062615540580833,0,-0.0210507484047946,0,-0.0044129047647445,0,-0.0053074124873278,0,-0.0013119446597889,0,-0.0093625141630389,0,-0.0070367940843223,0,2026-03-11 14:50:00,-0.0071217273385197,-0.017208439177792,6.691373159490927,0.0213909522541487,-1.4589237843307663,0.0213909522541487,0.9786090477458512,8.479893996862295e-06,3.75290454950208e-05,0.0049072175400161,True,2.9746031016906267,0.0296174313135547,-1.624872756739169,0.0296174313135547,0.9703825686864452,0.000280927876622,0.0001911478272277,0.0107082766529593,True,1,0,0,1.985337810654052,0,0,0,0,0.12707227498372625,1,0,0,1,0,1,0,-0.012132506410638694,-0.013994076371081441,0.03253313067594869,0.003727710216866993,-37.97553826866264,2.4306382599648138,-167.1834933508257,True,0.64666367,0.6091445756875932,35.232994
2026-03-12 10:40:00,2026-03-12 10:55:00,1,833.15,828.25,pivot,-4.899999999999977,0.149842,-5.1498419999999765,-162220.02299999926,1.0,2026-03-12,833.6,0.0,829.6,829.9,828.1,0.0,2026,0.0,1.0,1.0,1.0,0,10,3,3,833.15,834.2,832.05,3.9779841131614666,51.88799024340009,-0.7658967536718819,-1.415327418757648,0.6494306650857662,830.9300000000001,837.1490200662057,824.7109799337944,831.76,831.4549999999999,830.9300000000001,839.3866666666667,838.1898988505642,-1.0,-0.0037208185800876,0,-0.0030606733481365,0,-0.0102022444937886,0,-0.0118226009722139,0,-0.0042609374062293,0,-0.0062413731020823,0,-0.0082218087979355,0,-0.0096021124647422,0,2026-03-12 10:40:00,0.00053997301447,0.0060764859232996,165.80665510089923,0.5903031056015877,0.1023887701895796,0.5903031056015877,0.4096968943984123,8.479893996862295e-06,3.75290454950208e-05,0.0049072175400161,True,35.52121647084754,0.8388813780878359,0.5496064667366756,0.8388813780878359,0.161118621912164,0.000280927876622,0.0001911478272277,0.0107082766529593,True,0,0,1,0.649430665085766,1,0,1,1,0.6784847111254284,0,0,1,0,1,0,0,0.002664586208965869,-0.007485646842305322,0.014928932524048836,0.004774631354691792,33.697652013735066,35.20520807117236,-134.21952829622296,True,0.49996293,0.622017510272062,31.165792
2026-03-12 13:15:00,2026-03-12 13:45:00,1,821.25,821.9,pivot,0.6499999999999773,0.1492945,0.4007054999999773,12622.223249999284,1.0,2026-03-12,824.65,0.0,822.1,823.6,821.65,0.0,2026,0.0,1.0,1.0,1.0,1,13,3,3,821.25,824.8,821.25,2.4901744825424905,53.8785253313845,-1.2200874686119505,-1.8694275210616496,0.6493400524496993,821.45,824.2573212656029,818.6426787343972,822.2800000000001,821.1,821.45,826.86,826.3642426537023,-1.0,0.0043226788432267,1,0.0007914764079147,1,0.0055403348554032,1,0.0031050228310501,1,0.0030441400304414,1,0.0027397260273972,1,0.0010350076103501,1,0.0021917808219177,1,2026-03-12 13:15:00,0.0041923687493827,0.0049232738860754,32.188481700041194,0.933363601624584,0.8466793391584524,0.933363601624584,0.0666363983754159,8.479893996862295e-06,3.75290454950208e-05,0.0049072175400161,True,45.1648914544672,0.7923430220067291,0.4419129438106007,0.7923430220067291,0.2076569779932708,0.000280927876622,0.0001911478272277,0.0107082766529593,True,0,0,1,0.6493400524496991,0,0,0,1,0.4643788542389893,1,0,0,1,1,0,0,-0.0002435312024353674,-0.006831050228310519,0.00683670323434474,0.003032175930036518,34.98548446459366,25.020047861474694,95.8904109589041,True,0.4977358,0.640363457809277,31.165792
2026-03-13 11:35:00,2026-03-13 13:00:00,1,817.15,816.3,pivot,-0.8500000000000227,0.1490035,-1.099003500000023,-34618.61025000072,1.0,2026-03-13,815.0,0.0,815.65,817.3,815.2,0.0,2026,0.0,1.0,1.0,1.0,0,11,4,3,817.15,817.75,814.7,3.089826994976538,47.943746751812185,0.9569571906741884,1.1094125642327524,-0.1524553735585638,816.7025000000001,821.3258361221519,812.0791638778483,816.59,817.925,816.7025000000001,816.7575,810.5672204136148,1.0,-0.0014073303555038,0,-0.0005506944869362,0,-0.003610108303249,0,-0.0058128862509943,0,-0.0003059413816312,0,-0.00048950621061,0,0.0011013889738725,1,-0.0022027779477451,0,2026-03-13 11:35:00,-0.0028792864563543,-0.0037964652787898,66.36381162532446,0.1374073939939583,-0.5943929483590276,0.1374073939939583,0.8625926060060417,8.479893996862295e-06,3.75290454950208e-05,0.0049072175400161,True,44.95408039739811,0.2484609766694342,-0.3723860743657187,0.2484609766694342,0.7515390233305658,0.000280927876622,0.0001911478272277,0.0107082766529593,True,0,0,0,0.15245537355856398,1,1,1,0,0.5483957891203027,1,1,1,0,1,0,0,0.0005476350731198399,0.0004803279691610197,0.011315758727655488,0.0037812237593789857,-7.309281820844707,26.292148833343994,-9.6371535213828,True,0.5046505,0.5615538283630038,31.165792
2026-03-20 14:45:00,2026-03-20 15:25:00,1,865.45,863.05,pivot,-2.400000000000091,0.151855,-2.651855000000091,-83533.43250000286,1.0,2026-03-20,866.25,0.0,861.75,863.25,861.05,0.0,2026,0.0,1.0,1.0,1.0,1,14,4,3,865.45,866.55,865.45,1.5806296490333236,54.39783619550009,-0.5083494117484406,-0.8217055010714177,0.3133560893229771,864.8275,867.1978153370812,862.4571846629187,865.3399999999999,864.22,864.8275,867.1791666666667,866.6568697137166,-1.0,0.0001733202380264,1,0.0008666011901323,1,-0.0033508579351783,0,-0.0591599745796984,0,0.0010976948408341,1,0.002022069443642,1,-0.0006932809521058,0,-0.0028308972210989,0,2026-03-20 14:45:00,0.0009817227133286,0.0028901754222334,163.4227517342129,0.6627726504329798,0.1840754801681275,0.6627726504329798,0.3372273495670201,5.897674660383861e-05,8.37259733417918e-05,0.0048784158496649,True,66.83721052509975,0.6905701164741395,0.2371636471873716,0.6905701164741395,0.3094298835258605,0.0003835887612526,0.0004011637656982,0.0104949122095794,True,0,0,1,0.3133560893229771,1,0,1,1,0.6313116424345865,1,0,0,1,1,0,0,0.0007192789878098782,-0.001997997188360539,0.005477648245609224,0.0018263673800142394,17.045893217853802,34.341987313468756,34.57738748627415,True,0.51945233,0.6242688313752461,31.165792
2026-03-24 08:45:00,2026-03-24 10:30:00,1,844.65,821.4,pivot,-23.25,0.1499815,-23.499981499999997,-740249.4172499999,1.0,2026-03-24,844.4,0.0,818.95,821.45,816.6,0.0,2026,0.0,2.0,2.0,2.0,0,8,1,3,844.65,846.7,841.05,5.045990240323353,84.40803312190933,1.8376444312440297,-0.9277465160862346,2.7653909473302645,807.55,826.0065777763007,789.0934222236992,812.45,807.705,807.55,809.6516666666666,825.5127005213253,1.0,0.0026638252530633,1,-0.0107144971289882,0,-0.0242112117445094,0,-0.0274669981649203,0,-0.012845557331439,0,-0.0135559107322558,0,-0.0131415379151127,0,-0.008938613626946,0,2026-03-24 08:45:00,0.047784038555602,0.0497113604864031,0.0471428787312789,1.0,9.777828305788304,1.0,0.0,5.897674660383861e-05,8.37259733417918e-05,0.0048784158496649,True,0.2338330773564658,0.9994246630388746,4.698485869724189,0.9994246630388746,0.0005753369611254,0.0003835887612526,0.0004011637656982,0.0104949122095794,True,0,1,1,2.765390947330264,1,1,1,1,1.505061730556531,0,1,0,0,0,0,0,0.04392351861717874,0.041435308510428384,0.043702309302789843,0.005974060546171021,233.42121067728118,127.03930040333384,-404.6350559403285,True,0.5555403,0.5634959232620187,33.650608
2026-03-25 13:25:00,2026-03-25 14:10:00,1,846.45,844.8,pivot,-1.650000000000091,0.1507375,-1.900737500000091,-59873.231250002864,1.0,2026-03-25,847.1,0.0,843.75,845.1,843.3,0.0,2026,0.0,1.0,1.0,1.0,1,13,2,3,846.45,847.3,846.05,2.3535439813980674,53.01015289372838,-0.782449909208367,-1.3622208699106455,0.5797709607022785,844.5450000000001,847.2588824501714,841.8311175498287,845.95,844.7949999999998,844.5450000000001,849.7391666666666,849.9125511425362,-1.0,0.0003544214070529,1,5.907023450877728e-05,1,-0.0040758461811093,0,-0.006615866264989,0,0.002421879614862,1,-0.0002362809380353,0,0.0001181404690175,1,-0.0019493177387915,0,2026-03-25 13:25:00,0.0007676183542463,0.0040810347931588,171.07433368918717,0.6268174184855826,0.1401873890991727,0.6268174184855826,0.3731825815144174,5.897674660383861e-05,8.37259733417918e-05,0.0048784158496649,True,54.11260555829513,0.7629928533943903,0.3506338075035718,0.7629928533943903,0.2370071466056097,0.0003835887612526,0.0004011637656982,0.0104949122095794,True,0,0,1,0.5797709607022785,1,0,1,1,0.8509731970667505,1,0,0,1,1,0,0,0.0022505759347864287,-0.0038858369267724896,0.00641238691044091,0.0027804878981606326,30.733747270171573,45.1102192849733,76.289207868153,True,0.49537095,0.5880870656481937,31.165792
2026-03-26 12:35:00,2026-03-26 13:30:00,1,819.55,822.85,pivot,3.300000000000068,0.149272,3.0507280000000683,96097.93200000215,1.0,2026-03-26,821.6,0.0,820.15,823.7,820.0,0.0,2026,0.0,1.0,1.0,1.0,1,12,3,3,819.55,821.75,818.75,2.9279038170383185,58.44119306474175,-1.732692653299864,-3.2809436190514374,1.5482509657515733,814.5925,822.621151001097,806.5638489989029,816.55,814.34,814.5925,825.8791666666667,819.8492009510259,1.0,0.0026843999755964,1,0.0015862363492161,1,0.0039045817826856,1,-0.0053077908608381,0,0.0004270636324812,1,0.0024403636141785,1,0.0055518272222562,1,0.0050027454090659,1,2026-03-26 12:35:00,0.0024372422496038,0.0091704500344163,87.54485633589061,0.8472980027141266,0.4824345338300165,0.8472980027141266,0.1527019972858734,5.897674660383861e-05,8.37259733417918e-05,0.0048784158496649,True,15.288849319640551,0.9222485817128998,0.8355749999236525,0.9222485817128998,0.0777514182871002,0.0003835887612526,0.0004011637656982,0.0104949122095794,True,0,0,1,1.5482509657515733,1,0,1,1,0.808738043248024,0,0,0,1,1,0,0,0.006049051308644966,-0.007722734020702539,0.019592827774015123,0.003572574970457347,90.48163360216057,47.26361612425924,13.4525044231578,True,0.5525052,0.5792368724339845,31.165792
2026-03-26 13:30:00,2026-03-26 14:00:00,-1,822.85,817.5,pivot,5.350000000000023,0.1492105,5.1007895000000225,160674.86925000072,1.0,2026-03-26,820.15,0.0,818.8,819.0,816.55,0.0,2026,0.0,1.0,1.0,2.0,1,13,3,3,822.85,823.7,820.0,2.829770389563625,50.1820060709157,0.9824130766314738,0.3674974997345072,0.6149155768969666,818.605,827.7084348666613,809.5015651333388,822.45,821.89,818.605,822.1891666666667,819.8492009510259,1.0,0.0048003888922647,1,0.0065017925502825,1,0.0103299507808227,1,0.0160418059184542,1,0.0036458649814668,1,0.0065017925502825,1,0.0049219177249803,1,0.0078386097101537,1,2026-03-26 13:30:00,-0.0031651374649546,-0.0048046314108431,53.17611183207908,0.1080438462962237,-0.6659668913874028,0.1080438462962237,0.8919561537037762,5.897674660383861e-05,8.37259733417918e-05,0.0048784158496649,True,35.59462527841601,0.1806571071526198,-0.4960303690572797,0.1806571071526198,0.8193428928473803,0.0003835887612526,0.0004011637656982,0.0104949122095794,True,0,0,1,0.6149155768969666,1,1,1,1,0.7331537525218155,0,1,0,1,1,0,0,0.005158898948775603,0.0008031030361953668,0.022126596260949736,0.003438986922967278,30.85769721294421,36.79112605996437,114.8447469162042,True,0.5124062,0.5169568795246369,31.165792
2026-03-27 11:00:00,2026-03-27 11:05:00,-1,787.45,789.85,pivot,-2.3999999999999773,0.147319,-2.647318999999977,-83390.54849999928,1.0,2026-03-27,789.75,0.0,785.55,789.85,785.4,0.0,2026,0.0,1.0,1.0,2.0,1,11,4,3,787.45,790.6,787.25,3.272690519240208,55.10710072112151,-1.3656343991316362,-3.261922426127478,1.896288026995841,782.1600000000001,792.6738805520239,771.6461194479763,787.05,786.655,782.1600000000001,799.8766666666667,785.4429417797911,1.0,0.0024128516096261,1,0.0046352149342816,1,-0.0013969140897833,0,-0.0062861134040255,0,0.0051431836942028,1,0.0059051368340848,1,0.0008254492348721,1,0.0008254492348721,1,2026-03-27 11:00:00,0.0029800611725573,0.0041237171838621,65.60551810308651,0.8786633190119426,0.5946202847221886,0.8786633190119426,0.1213366809880573,1.4521943394411408e-05,-3.6483203217214665e-05,0.0050730599901817,True,51.22230938019795,0.7680345454544417,0.3916811650001319,0.7680345454544417,0.2319654545455582,7.14248930600338e-05,-0.0001719133463641,0.0109671613395677,True,0,0,1,1.8962880269958418,1,0,1,1,0.751572194197208,0,1,1,0,1,0,0,0.006717886849958681,-0.0157808961415539,0.026703614329859182,0.0041560613616613215,104.49893529991661,41.41696460481984,162.0102863673882,True,0.528791,0.5866909787156501,31.165792
2026-03-27 11:40:00,2026-03-27 12:25:00,-1,786.8,784.4,pivot,2.3999999999999773,0.147136,2.152863999999977,67815.21599999927,1.0,2026-03-27,787.85,0.0,786.1,786.75,783.85,0.0,2026,0.0,1.0,1.0,2.0,0,11,4,3,786.8,788.15,786.3,3.052890580332158,53.37400463442369,-0.6623123351147342,-1.4750669987138236,0.8127546635990894,785.51,790.1258308882493,780.8941691117507,785.6099999999999,785.75,785.51,794.9475,785.4429417797911,1.0,-0.0006354855109303,0,0.0003177427554651,1,-0.0034316217590239,0,-0.0149339095068632,0,-0.0012074224707677,0,-0.0010167768174886,0,-0.0006990340620234,0,0.0003812913065581,1,2026-03-27 11:40:00,0.0013336298931505,0.0056642951763237,140.2642673672919,0.710698915072198,0.270076265413661,0.710698915072198,0.289301084927802,1.4521943394411408e-05,-3.6483203217214665e-05,0.0050730599901817,True,36.939740020007065,0.8359086225243961,0.532153065135622,0.8359086225243961,0.1640913774756038,7.14248930600338e-05,-0.0001719133463641,0.0109671613395677,True,0,0,1,0.8127546635990894,1,0,1,1,0.6397364885360035,1,1,1,0,1,0,0,0.0016395526182002588,-0.010355236400610113,0.011733174601548857,0.0038801354605136735,43.379971181587266,34.14529830393059,-38.03380782918255,True,0.49804875,0.584975503377897,31.165792
2026-03-30 12:00:00,2026-03-30 12:50:00,1,778.3,785.35,pivot,7.050000000000068,0.1469095,6.803090500000069,214297.35075000217,1.0,2026-03-30,778.5,0.0,782.9,785.85,782.9,0.0,2026,0.0,1.0,1.0,2.0,1,12,0,3,778.3,779.2,777.65,3.264541097037268,52.76778212344484,-0.3357778369521611,-1.1054845413576273,0.7697067044054662,776.6675,783.1183893755338,770.2166106244663,777.92,775.51,776.6675,784.7325,779.4127356034405,-1.0,0.005589104458435,1,0.0081588076577155,1,0.0059103173583451,1,0.0039187973789028,1,0.0082872928176796,1,0.0098933573172299,1,0.0069381986380574,1,0.0073236541179494,1,2026-03-30 12:00:00,0.0002569373087104,0.0064433212609321,167.12257324415117,0.5407616150417688,0.057838959621131,0.5407616150417688,0.4592383849582312,1.4521943394411408e-05,-3.6483203217214665e-05,0.0050730599901817,True,30.628288887887045,0.8622107973325887,0.603185674257352,0.8622107973325887,0.1377892026674113,7.14248930600338e-05,-0.0001719133463641,0.0109671613395677,True,0,0,1,0.7697067044054662,1,0,1,1,0.6265329402633623,0,0,0,1,1,0,0,0.002097520236412613,-0.00826480791468586,0.016576871066513513,0.004194450850619643,40.6157156770224,33.06075368497838,261.0497237569074,True,0.49400547,0.6242688313752461,31.165792
2026-03-30 14:25:00,2026-03-30 15:45:00,1,782.55,781.7,eod,-0.849999999999909,0.1469275,-1.096927499999909,-34553.21624999713,1.0,2026-03-30,782.35,0.0,781.7,781.7,781.7,0.0,2026,0.0,1.0,1.0,1.0,0,14,0,3,782.55,783.6,781.6,2.43456918123214,50.67565541243549,0.3811915084871771,0.5556464668426779,-0.1744549583555008,782.6,784.7053815879216,780.4946184120785,782.81,782.205,782.6,778.8616666666666,779.4127356034405,1.0,0.0022362788320235,1,-0.0031307903648328,0,-0.0025557472365983,0,-0.0415308925947223,0,-0.0009584052137243,0,-0.0015973420228739,0,-0.0038336208548974,0,-0.0007028304900644,0,2026-03-30 14:25:00,-0.0002556073884451,0.0007672144101156,163.41968240164877,0.4550357379594815,-0.0431936909186933,0.4550357379594815,0.5449642620405185,1.4521943394411408e-05,-3.6483203217214665e-05,0.0050730599901817,True,72.54838959220142,0.5508890234807005,0.0856308872827113,0.5508890234807005,0.4491109765192995,7.14248930600338e-05,-0.0001719133463641,0.0109671613395677,True,0,0,0,0.17445495835550084,0,1,0,1,0.488125667981777,1,1,0,1,1,0,0,-6.389368091504468e-05,0.0047132238621601045,0.005380823175315459,0.0031110717286207145,-8.840619354614141,24.736088148609426,-30.18976423231545,True,0.51809686,0.5209427886104245,31.165792
2026-03-31 10:25:00,2026-03-31 10:30:00,1,760.6,763.05,pivot,2.449999999999932,0.1457095,2.2042904999999315,69435.15074999785,1.0,2026-03-31,763.2,0.0,767.55,767.85,762.0,0.0,2026,0.0,1.0,1.0,2.0,1,10,1,3,760.6,763.35,759.6,4.950606099850068,51.55191024584638,-3.0650197672136983,-4.673135351515446,1.608115584301748,755.7075,765.7740300061461,745.6409699938539,757.95,759.19,755.7075,773.0975,762.4592784062255,1.0,0.0091375230081513,1,0.0186037338942939,1,0.0101235866421245,1,0.0120299763344727,1,0.0122929266368656,1,0.0109124375493031,1,0.0149224296607941,1,0.011175387851696,1,2026-03-31 10:25:00,0.0034125246399174,0.0072325911967489,51.24182735741817,0.9037817759484948,0.6798673482690553,0.9037817759484948,0.0962182240515051,1.4521943394411408e-05,-3.6483203217214665e-05,0.0050730599901817,True,25.158474192375905,0.8841862554083315,0.6751523310228748,0.8841862554083315,0.1158137445916684,7.14248930600338e-05,-0.0001719133463641,0.0109671613395677,True,0,0,1,1.608115584301748,1,0,1,1,0.7430082658578946,0,0,1,0,1,0,0,0.006432421772285092,-0.016431107020773,0.026469971091627874,0.00650881685491726,82.90143026687052,38.30349543342815,387.22718906126636,True,0.5092483,0.5861027434215325,31.165792
2026-03-31 10:30:00,2026-03-31 11:00:00,1,763.05,771.9,pivot,8.850000000000023,0.1460485,8.603951500000024,271024.47225000075,1.0,2026-03-31,767.55,0.0,769.1,772.05,768.25,0.0,2026,0.0,1.0,2.0,2.0,1,10,1,3,763.05,767.85,762.0,5.014848521289351,56.41068453498074,-2.1280558962143914,-4.164119460455236,2.0360635642408447,756.3525,767.7047302490686,745.0002697509314,760.6300000000001,760.275,756.3525,772.8125,762.4592784062255,1.0,0.009042657755062,1,0.0116637179739205,1,0.0057008059760173,1,0.0076010746346898,1,0.0076666011401612,1,0.0153332022803224,1,0.0079287071620471,1,0.0102221348535483,1,2026-03-31 10:30:00,0.0056835037851335,0.0176123367049492,12.722526004288396,0.96771286668596,1.1275220477228862,0.96771286668596,0.03228713331404,1.4521943394411408e-05,-3.6483203217214665e-05,0.0050730599901817,True,1.7543081182672344,0.9756195487492216,1.621590993391396,0.9756195487492216,0.0243804512507784,7.14248930600338e-05,-0.0001719133463641,0.0109671613395677,True,0,0,1,2.0360635642408447,1,0,1,1,0.7949860887709481,0,1,1,0,0,0,0,0.008777275407902485,-0.012794050193303251,0.029754879101156182,0.006572109981376517,114.85573941555877,44.84570946335615,241.4979359150778,True,0.5448422,0.5584854640273758,31.165792
2026-03-31 11:00:00,2026-03-31 11:30:00,1,771.9,766.25,pivot,-5.649999999999977,0.1461445,-5.896144499999977,-185728.5517499993,1.0,2026-03-31,769.1,0.0,765.05,766.7,764.5,0.0,2026,0.0,1.0,1.0,2.0,0,11,1,3,771.9,772.05,768.25,4.777023415014703,54.87209801302905,1.515202891550416,-0.5419825295757665,2.0571854211261824,761.7075,777.2518770523061,746.1631229476939,770.9300000000001,767.3050000000001,761.7075,771.4733333333334,762.4592784062255,1.0,-0.0013602798289933,0,-0.0072548257546314,0,-0.0055058945459256,0,-0.0198212203653322,0,-0.0046638165565488,0,-0.0058297706956859,0,-0.0088742065034331,0,-0.0066070734551107,0,2026-03-31 11:00:00,-0.0036987810249275,-0.0011045776114137,46.31152261642583,0.0956179408102944,-0.7219110021955611,0.0956179408102944,0.9043820591897056,1.4521943394411408e-05,-3.6483203217214665e-05,0.0050730599901817,True,67.76112117437872,0.4164575566322642,-0.0850415377482134,0.4164575566322642,0.5835424433677359,7.14248930600338e-05,-0.0001719133463641,0.0109671613395677,True,0,0,1,2.0571854211261824,1,1,1,1,0.8278516715627361,0,1,1,0,1,0,0,0.013204430625728715,0.0005527486289242385,0.04027562392099007,0.0061886558038796525,112.88208005901033,45.42595806224039,-146.91022153128722,True,0.54938143,0.5272830619825528,31.165792
2026-03-31 11:30:00,2026-03-31 12:05:00,1,766.25,766.8,pivot,0.5499999999999545,0.1459915,0.30400849999995455,9576.267749998568,1.0,2026-03-31,765.05,0.0,769.75,770.4,765.85,0.0,2026,0.0,1.0,1.0,1.0,0,11,1,3,766.25,766.7,764.5,4.103945404179453,48.22387420412728,0.9408879813300928,0.8318424942320256,0.1090454870980671,765.3475000000001,777.1717157878356,753.5232842121645,767.0,769.0550000000001,765.3475000000001,769.9583333333334,762.4592784062255,1.0,0.0007177814029363,1,-0.0013703099510602,0,-0.003132137030995,0,-0.0170962479608483,0,-0.0002610114192496,0,0.0018270799347471,1,0.0007177814029363,1,0.0045676998368678,1,2026-03-31 11:30:00,-0.0016325468085362,-0.0075526109385259,115.41476325830796,0.2574132149543901,-0.3146155591315667,0.2574132149543901,0.7425867850456098,1.4521943394411408e-05,-3.6483203217214665e-05,0.0050730599901817,True,22.408248381839485,0.1309538239487098,-0.6729815823474272,0.1309538239487098,0.8690461760512902,7.14248930600338e-05,-0.0001719133463641,0.0109671613395677,True,0,0,1,0.10904548709806716,1,0,0,0,0.5381632074462134,0,1,1,0,1,0,0,0.0011778140293636778,-0.004839586731919571,0.03086255344296393,0.005355883072338601,5.258595852344972,25.952314817175846,-8.2218597063624,True,0.50894684,0.5615538283630038,31.165792
2026-03-31 12:15:00,2026-03-31 12:40:00,-1,768.9,758.7,pivot,10.199999999999932,0.145828,9.954171999999932,313556.41799999785,1.0,2026-03-31,766.45,0.0,756.6,759.45,756.2,0.0,2026,0.0,1.0,1.0,1.0,1,12,1,3,768.9,769.3,766.4,3.6119485002709664,49.76351926511551,0.5929517000880651,0.6119479584393251,-0.01899625835126,768.135,773.1370101272792,763.1329898727208,767.4100000000001,766.725,768.135,767.6483333333333,762.4592784062255,1.0,0.0065678241643906,1,0.0159968786578228,1,0.0210040317336454,1,0.0213291715437637,1,0.0117700611262842,1,0.0133957601768759,1,0.0179477175185329,1,0.0172324099362725,1,2026-03-31 12:15:00,-0.0031264273495853,-0.0015644354927915,61.31747281245698,0.126649507243801,-0.6090888245651259,0.126649507243801,0.8733504927561989,1.4521943394411408e-05,-3.6483203217214665e-05,0.0050730599901817,True,64.9130341265268,0.385618196044598,-0.1269719760028876,0.385618196044598,0.6143818039554019,7.14248930600338e-05,-0.0001719133463641,0.0109671613395677,True,0,0,0,0.018996258351260065,1,1,1,1,0.5764692574119304,1,1,0,1,1,0,0,0.000994927818962136,0.001627866649325875,0.013010820983948923,0.004697552998141457,-0.9453206684280384,28.687138996965434,370.7569254779523,True,0.5287217,0.5500234248540903,31.165792
2026-04-03 11:20:00,2026-04-03 12:00:00,1,798.7,796.6,pivot,-2.1000000000000227,0.147859,-2.347859000000023,-73957.55850000071,1.0,2026-04-03,797.45,0.0,796.95,798.4,796.45,0.0,2026,0.0,1.0,1.0,1.0,0,11,4,4,798.7,799.25,797.15,3.053456720124544,47.79225005987892,0.8585866025861151,2.0791485377291195,-1.2205619351430044,801.4350000000001,807.2225638044607,795.6474361955394,798.24,799.065,801.4350000000001,789.5725,794.3235830422292,1.0,-0.0033178915738075,0,-0.0051333416802304,0,-0.002191060473269,0,0.0049455364968072,1,-0.0066357831476149,0,-0.0066357831476149,0,-0.0017528483786153,0,-0.0026292725679229,0,2026-04-03 11:20:00,-0.0015662691545802,0.0003135484301234,118.2214888252104,0.2652376253147145,-0.3015509286946543,0.2652376253147145,0.7347623746852855,1.4521943394411408e-05,-3.6483203217214665e-05,0.0050730599901817,True,72.5697235366453,0.5176830916414961,0.0442650346298893,0.5176830916414961,0.4823169083585039,7.14248930600338e-05,-0.0001719133463641,0.0109671613395677,True,0,0,0,1.2205619351430044,0,1,1,0,0.2637175077109248,1,1,1,0,1,0,0,-0.003424314511080523,0.01142794541129342,0.014492459758258821,0.003823033329315818,-58.33340121792418,12.603653073688564,-209.02716914986934,True,0.5075006,0.5449452957623533,31.165792
2026-04-03 13:40:00,2026-04-03 13:45:00,-1,801.45,800.1,pivot,1.3500000000000227,0.1480465,1.101953500000023,34711.53525000072,1.0,2026-04-03,800.0,0.0,802.55,802.85,800.05,0.0,2026,0.0,1.0,1.0,1.0,0,13,4,4,801.45,802.25,799.9,2.117550857345462,49.20324009206685,1.004493468487226,1.1498741566473014,-0.1453806881600754,800.6675,804.4578305023357,796.8771694976643,801.55,802.135,800.6675,800.3666666666667,797.4947686110015,1.0,-0.0013725123214173,0,-0.0033688938798426,0,-0.0004367084659054,0,0.0004990953896064,1,-0.0023083161769292,0,-0.0029321854139371,0,-0.0012477384740158,0,0.0014348992451183,1,2026-04-03 13:40:00,-0.0017484705341168,-0.0039297683358478,110.5342862313756,0.2441807849753806,-0.3374664076933746,0.2441807849753806,0.7558192150246194,1.4521943394411408e-05,-3.6483203217214665e-05,0.0050730599901817,True,46.00452935510647,0.2522057359417216,-0.3426460934723344,0.2522057359417216,0.7477942640582784,7.14248930600338e-05,-0.0001719133463641,0.0109671613395677,True,0,0,0,0.14538068816007543,1,1,0,0,0.6032231885211375,1,1,0,1,1,0,0,0.0009763553559174337,0.0013517166801838808,0.00945868239400007,0.0026421496753951733,-7.153200904290091,29.680535373907635,-72.7119595732698,True,0.5046505,0.5815982506249842,31.165792
2026-04-06 11:50:00,2026-04-06 13:10:00,-1,816.35,810.6,pivot,5.75,0.1488085,5.5011915,173287.53225,1.0,2026-04-06,815.05,0.0,810.25,810.8,808.9,0.0,2026,0.0,1.0,1.0,1.0,1,11,0,4,816.35,817.15,814.3,3.2650611614243576,48.23659740464211,1.5185000308316603,1.8811184550641824,-0.3626184242325223,816.3025,824.5786213298283,808.0263786701718,818.04,819.4199999999998,816.3025,810.9008333333334,811.8386424127458,1.0,0.00489985912905,1,0.0074722851718013,1,0.0087584981931769,1,0.0052061003246156,1,0.0055735897592945,1,0.0047161144117106,1,0.00489985912905,1,0.0056348379984075,1,2026-04-06 11:50:00,-0.0015324734050115,-0.009342153122586,118.22073479499224,0.2934356621582388,-0.2622124099254822,0.2934356621582388,0.7065643378417612,-4.3529645785233824e-05,-7.874901472792575e-05,0.0055440716581519,True,17.82611742230824,0.1153233061283802,-0.7411348283014586,0.1153233061283802,0.8846766938716197,-0.0002392515711836,-0.0003801542146957,0.0120922652203911,True,0,0,0,0.3626184242325221,1,1,0,0,0.5028697017665037,0,1,1,0,1,0,0,5.818582715748593e-05,0.006675037259345447,0.020275914325542335,0.003999584934677966,-17.491478941209895,24.256723351103286,175.56807741777675,True,0.5046505,0.5615538283630038,31.165792
2026-04-06 13:40:00,2026-04-06 14:15:00,-1,812.5,813.9,pivot,-1.3999999999999773,0.148792,-1.648791999999977,-51936.94799999928,1.0,2026-04-06,813.45,0.0,814.6,814.65,812.75,0.0,2026,0.0,1.0,1.0,1.0,1,13,0,4,812.5,813.5,811.35,2.4800275358843247,54.64375350993173,-0.5571101163450294,-0.987274521358234,0.4301644050132047,810.8325,813.7588368608758,807.9061631391241,811.4399999999999,810.9200000000001,810.8325,813.9558333333333,811.8386424127458,1.0,-0.0005538461538462,0,-0.0019692307692307,0,0.0001846153846153,1,-0.0001230769230769,0,0.000676923076923,1,0.0003076923076923,1,-0.0015384615384615,0,-0.0025846153846154,0,2026-04-06 13:40:00,0.0011685477512868,0.0051765691488257,133.12758180545254,0.6764569392242837,0.2249784712253411,0.6764569392242837,0.3235430607757162,-4.3529645785233824e-05,-7.874901472792575e-05,0.0055440716581519,True,38.90323835015221,0.801473930379255,0.4595270829944432,0.801473930379255,0.198526069620745,-0.0002392515711836,-0.0003801542146957,0.0120922652203911,True,0,0,1,0.43016440501320463,1,0,1,1,0.7849125167874462,1,1,0,1,1,0,0,0.002052307692307715,-0.0017917948717948514,0.007203290734463595,0.0030523415826268613,23.505797716287997,42.89056609419336,21.323076923074503,True,0.5296971,0.5866913275054751,31.165792
2026-04-09 14:15:00,2026-04-09 14:55:00,-1,868.25,867.2,pivot,1.0499999999999543,0.1520635,0.7979364999999545,25134.99974999857,1.0,2026-04-09,870.7,0.0,868.5,868.5,866.8,0.0,2026,0.0,1.0,1.0,1.0,0,14,3,4,868.25,870.95,868.15,1.7623269863337443,55.41280494044172,-0.894907310134613,-1.2423840076386707,0.3474766975040577,868.6449999999999,871.1228811105947,866.1671188894051,868.3,868.26,868.6449999999999,872.1416666666667,871.7883451588517,-1.0,-0.0019003743161531,0,-0.0030521163259429,0,0.0011517420097898,1,-0.0209617045781745,0,-0.005528361646991,0,-0.0048373164411172,0,-0.0010365678088108,0,0.0012669162107688,1,2026-04-09 14:15:00,0.0028753829690768,0.001954360569178,72.10185792844358,0.8528201838842462,0.5328452022190258,0.8528201838842462,0.1471798161157538,-4.3529645785233824e-05,-7.874901472792575e-05,0.0055440716581519,True,60.06688204881226,0.6388715786682778,0.1930585164421543,0.6388715786682778,0.3611284213317222,-0.0002392515711836,-0.0003801542146957,0.0120922652203911,True,0,0,1,0.34747669750405774,0,0,0,0,0.4202948038324063,1,0,0,1,1,0,0,-0.0004549380938668219,-0.0044821959880986485,0.005707759540673327,0.0020297460251468406,19.25465846014122,23.289713982246347,-174.14339188021648,True,0.5040565,0.6190772865988428,31.165792
2026-04-10 11:00:00,2026-04-10 11:10:00,-1,888.3,887.85,pivot,0.4499999999999318,0.1532845,0.19671549999993174,6196.53824999785,1.0,2026-04-10,885.9,0.0,887.1,888.15,886.5,0.0,2026,0.0,1.0,1.0,1.0,1,11,4,4,888.3,888.55,885.85,2.483888416630942,48.33038143703826,2.6044459397344326,3.5502125605546384,-0.9457666208202058,888.8100000000001,894.5500348486423,883.0699651513578,889.61,890.675,888.8100000000001,877.7641666666666,885.8355873230918,1.0,0.0004502983226387,1,0.0007880220646177,1,-0.0003377237419791,0,0.0022514916131937,1,0.0023640661938533,1,0.000675447483958,1,-0.0015197568389058,0,-0.0024766407745131,0,2026-04-10 11:00:00,-0.0027617320639284,-0.0063574435620689,77.46796145385431,0.1719502854467717,-0.4839372963831522,0.1719502854467717,0.8280497145532283,-4.3529645785233824e-05,-7.874901472792575e-05,0.0055440716581519,True,31.87460194386953,0.1885072560958978,-0.4943068348595061,0.1885072560958978,0.8114927439041021,-0.0002392515711836,-0.0003801542146957,0.0120922652203911,True,0,0,0,0.9457666208202058,0,1,0,0,0.4555751826035744,1,1,1,0,1,0,0,-0.0005741303613645217,0.011860670194003555,0.01292364032115787,0.0027962269690768233,-45.70926153465928,22.018122348479107,74.46808510637895,True,0.5046505,0.5615538283630038,31.165792
2026-04-17 13:20:00,2026-04-17 14:10:00,1,937.05,937.55,pivot,0.5,0.156238,0.243762,7678.503000000001,1.0,2026-04-17,937.4,0.0,937.65,937.95,937.2,0.0,2026,0.0,1.0,1.0,1.0,0,13,4,4,937.05,937.65,936.9,1.533335692340115,58.59648793875568,-0.3886288746058426,-0.9084632749305364,0.5198344003246937,934.82,937.8276044087246,931.8123955912756,935.84,934.415,934.82,937.5708333333332,936.2298372149868,1.0,0.0002667947281361,1,0.0003201536737634,1,0.0006403073475268,1,-0.0014406915319352,0,-0.0010138199669173,0,-0.0002667947281361,0,0.0002667947281361,1,-5.335894562718588e-05,0,2026-04-17 13:20:00,0.0004268032501834,0.0045977092486293,183.42341908712257,0.5766312463741078,0.088082812776823,0.5766312463741078,0.4233687536258922,1.7010297212503572e-05,4.795079009842662e-05,0.0043010940289217,True,45.62026215645072,0.8110204295382623,0.4601574758188266,0.8110204295382623,0.1889795704617377,2.081686282459091e-05,0.0002277685306516,0.0094966200651235,True,0,0,1,0.5198344003246937,1,0,1,1,0.8707269469234453,1,1,0,1,1,0,0,0.0023798089749745527,-0.0005558223502836109,0.006419304004534421,0.0016363435167174804,30.460470168776208,51.02154104334922,-31.935328957894946,True,0.5458739,0.5792368724339845,31.165792
2026-04-22 14:20:00,2026-04-22 15:45:00,1,965.3,967.65,eod,2.3500000000000227,0.1579885,2.092011500000023,65898.36225000072,1.0,2026-04-22,968.3,0.0,967.65,967.65,967.65,0.0,2026,0.0,1.0,1.0,1.0,1,14,2,4,965.3,968.3,965.3,1.931040805491817,69.74774006890185,0.7189900370893838,0.2520085395323255,0.4669814975570583,962.525,966.3427563083138,958.707243691686,963.5,962.515,962.525,961.1625,962.0176187185052,1.0,0.000466176318243,1,0.0015539210608101,1,0.0018129079042784,1,0.0214959080078732,1,0.0015539210608101,1,0.0023826789599089,1,0.0026934631720708,1,0.0030560447529265,1,2026-04-22 14:20:00,0.0030512267356597,0.0097551624578499,53.02841505848099,0.919664129789538,0.7482243514758071,0.919664129789538,0.080335870210462,-3.417273495842752e-05,5.123017508327354e-05,0.0040094880027082,True,9.157175503224968,0.9481432111531783,1.0588993656826855,0.9481432111531783,0.0518567888468215,-3.396635835606342e-05,0.0002728400458372,0.008954885345407,True,0,0,1,0.4669814975570583,1,1,1,1,0.8634333592687587,1,1,0,1,1,0,0,0.0028747539624986817,0.004286232259401152,0.007909989243372845,0.002000456651291637,32.570904108596224,60.22252550909613,48.94851341551815,True,0.5081447,0.513949605687958,31.165792
2026-04-28 12:20:00,2026-04-28 13:40:00,1,1007.25,1009.0,pivot,1.75,0.1604875,1.4895125,46919.64375,1.0,2026-04-28,1006.3,0.0,1009.2,1009.6,1008.4,0.0,2026,0.0,1.0,1.0,1.0,1,12,1,4,1007.25,1007.35,1006.2,2.216036473280217,53.24536350728466,-0.1376831627198953,-0.6238233446625757,0.4861401819426804,1005.0425,1008.4918744775806,1001.5931255224197,1006.74,1004.99,1005.0425,1008.1425,1006.5301114787096,-1.0,0.0010920824025813,1,0.0018863241499131,1,0.0018863241499131,1,-0.001042442293373,0,0.0025812856788285,1,0.0023330851327873,1,0.0017374038222884,1,0.001439563167039,1,2026-04-28 12:20:00,-0.0008939657908499,0.0021886200538968,183.3603797977332,0.3265505243223485,-0.2357398164790163,0.3265505243223485,0.6734494756776515,-3.417273495842752e-05,5.123017508327354e-05,0.0040094880027082,True,74.9972695869413,0.6906785178598515,0.2139368550421715,0.6906785178598515,0.3093214821401485,-3.396635835606342e-05,0.0002728400458372,0.008954885345407,True,0,0,1,0.4861401819426804,1,0,1,1,0.8199855530832786,1,1,0,1,1,0,0,0.0021916108215437892,-0.0008860759493671292,0.006849093030688463,0.0022000858508614716,25.88471070303552,43.660428844641025,81.31049888309775,True,0.50072294,0.5535380528283533,31.165792
2026-04-28 12:20:00,2026-04-28 13:40:00,1,1007.25,1009.0,pivot,1.75,0.1604875,1.4895125,46919.64375,1.0,2026-04-28,1006.3,0.0,1009.2,1009.6,1008.4,0.0,2026,0.0,1.0,1.0,1.0,1,12,1,4,1007.25,1007.35,1006.2,2.216036473280217,53.24536350728466,-0.1376831627198953,-0.6238233446625757,0.4861401819426804,1005.0425,1008.4918744775806,1001.5931255224197,1006.74,1004.99,1005.0425,1008.1425,1006.5301114787096,-1.0,0.0010920824025813,1,0.0018863241499131,1,0.0018863241499131,1,-0.001042442293373,0,0.0025812856788285,1,0.0023330851327873,1,0.0017374038222884,1,0.001439563167039,1,2026-04-28 12:20:00,0.0,-0.0001987281405587,208.3520174966141,0.5071696663353713,-0.0127772361580004,0.5071696663353713,0.4928303336646287,-3.417273495842752e-05,5.123017508327354e-05,0.0040094880027082,True,90.35368470791704,0.4849471365245417,-0.0526604382084969,0.4849471365245417,0.5150528634754583,-3.396635835606342e-05,0.0002728400458372,0.008954885345407,True,0,0,1,0.4861401819426804,1,0,1,1,0.8199855530832786,1,1,0,1,1,0,0,0.0021916108215437892,-0.0008860759493671292,0.006849093030688463,0.0022000858508614716,25.88471070303552,43.660428844641025,81.31049888309775,True,0.50072294,0.5535380528283533,31.165792
2026-04-28 12:20:00,2026-04-28 13:40:00,1,1007.25,1009.0,pivot,1.75,0.1604875,1.4895125,46919.64375,1.0,2026-04-28,1006.3,0.0,1009.2,1009.6,1008.4,0.0,2026,0.0,1.0,1.0,1.0,1,12,1,4,1007.25,1007.35,1006.2,2.139891010903057,53.24536350728466,-0.0708081915207685,-0.5132203140342143,0.4424121225134457,1004.95,1008.1378057248216,1001.7621942751784,1006.7,1005.35,1004.95,1008.0733333333332,1006.5301114787096,-1.0,0.0010920824025813,1,0.0018863241499131,1,0.0018863241499131,1,-0.001042442293373,0,0.0025812856788285,1,0.0023330851327873,1,0.0017374038222884,1,0.001439563167039,1,2026-04-28 12:20:00,-0.0008939657908499,0.0021886200538968,183.3603797977332,0.3265505243223485,-0.2357398164790163,0.3265505243223485,0.6734494756776515,-3.417273495842752e-05,5.123017508327354e-05,0.0040094880027082,True,74.9972695869413,0.6906785178598515,0.2139368550421715,0.6906785178598515,0.3093214821401485,-3.396635835606342e-05,0.0002728400458372,0.008954885345407,True,0,0,1,0.4424121225134458,1,0,1,1,0.8607497128967402,1,1,0,1,1,0,0,0.0022834450235790066,-0.0008174071316288438,0.00632972097259191,0.002124488469499188,23.55639428325777,45.83093135197784,81.31049888309775,True,0.50665593,0.5210042059994691,31.165792
2026-04-28 12:20:00,2026-04-28 13:40:00,1,1007.25,1009.0,pivot,1.75,0.1604875,1.4895125,46919.64375,1.0,2026-04-28,1006.3,0.0,1009.2,1009.6,1008.4,0.0,2026,0.0,1.0,1.0,1.0,1,12,1,4,1007.25,1007.35,1006.2,2.139891010903057,53.24536350728466,-0.0708081915207685,-0.5132203140342143,0.4424121225134457,1004.95,1008.1378057248216,1001.7621942751784,1006.7,1005.35,1004.95,1008.0733333333332,1006.5301114787096,-1.0,0.0010920824025813,1,0.0018863241499131,1,0.0018863241499131,1,-0.001042442293373,0,0.0025812856788285,1,0.0023330851327873,1,0.0017374038222884,1,0.001439563167039,1,2026-04-28 12:20:00,0.0,-0.0001987281405587,208.3520174966141,0.5071696663353713,-0.0127772361580004,0.5071696663353713,0.4928303336646287,-3.417273495842752e-05,5.123017508327354e-05,0.0040094880027082,True,90.35368470791704,0.4849471365245417,-0.0526604382084969,0.4849471365245417,0.5150528634754583,-3.396635835606342e-05,0.0002728400458372,0.008954885345407,True,0,0,1,0.4424121225134458,1,0,1,1,0.8607497128967402,1,1,0,1,1,0,0,0.0022834450235790066,-0.0008174071316288438,0.00632972097259191,0.002124488469499188,23.55639428325777,45.83093135197784,81.31049888309775,True,0.50665593,0.5210042059994691,31.165792
2026-04-29 12:00:00,2026-04-29 13:10:00,1,999.35,1005.7,pivot,6.350000000000023,0.1601515,6.089848500000023,191830.22775000072,1.0,2026-04-29,1002.15,0.0,1006.35,1006.4,1005.0,0.0,2026,0.0,1.0,1.0,1.0,1,12,2,4,999.35,1002.55,999.2,2.0916262399735106,67.00655455174488,0.0605431173164561,-0.1733220354842565,0.2338651528007126,999.335,1001.3624692733522,997.307530726648,999.77,999.07,999.335,999.6583333333332,999.1672975478303,1.0,0.0030519837894631,1,0.0041026667333767,1,0.0033521789162956,1,0.0096062440586381,1,0.0042527642967929,1,0.003652374043128,1,0.0040526342122379,1,0.0037524390854055,1,2026-04-29 12:00:00,0.0027979033990453,0.0031982436936379,55.87811839896051,0.9198646046819596,0.7530754273749488,0.9198646046819596,0.0801353953180402,9.444789202678428e-06,0.0001290632387974,0.0035439214496094,True,66.67804502425845,0.768998293952931,0.3249669966167204,0.768998293952931,0.231001706047069,0.0002235376406122,0.0006383021270229,0.0078775432375192,True,0,0,1,0.2338651528007126,1,0,0,1,0.5036991929291065,1,1,0,1,1,0,0,1.5009756341608402e-05,-0.00030853388035539757,0.004057575971085399,0.0020929866813163664,15.670498118893102,33.75114744867405,133.96207534897636,True,0.5344539,0.5532309531953405,31.165792
2026-04-29 12:00:00,2026-04-29 13:10:00,1,999.35,1005.7,pivot,6.350000000000023,0.1601515,6.089848500000023,191830.22775000072,1.0,2026-04-29,1002.15,0.0,1006.35,1006.4,1005.0,0.0,2026,0.0,1.0,1.0,1.0,1,12,2,4,999.35,1002.55,999.2,2.0916262399735106,67.00655455174488,0.0605431173164561,-0.1733220354842565,0.2338651528007126,999.335,1001.3624692733522,997.307530726648,999.77,999.07,999.335,999.6583333333332,999.1672975478303,1.0,0.0030519837894631,1,0.0041026667333767,1,0.0033521789162956,1,0.0096062440586381,1,0.0042527642967929,1,0.003652374043128,1,0.0040526342122379,1,0.0037524390854055,1,2026-04-29 12:00:00,0.0,0.0031481923910425,243.7742884327025,0.497684499224196,-0.0364181996222527,0.497684499224196,0.502315500775804,9.444789202678428e-06,0.0001290632387974,0.0035439214496094,True,67.57912395743685,0.7656267152053201,0.3186133275747051,0.7656267152053201,0.2343732847946799,0.0002235376406122,0.0006383021270229,0.0078775432375192,True,0,0,1,0.2338651528007126,1,0,0,1,0.5036991929291065,1,1,0,1,1,0,0,1.5009756341608402e-05,-0.00030853388035539757,0.004057575971085399,0.0020929866813163664,15.670498118893102,33.75114744867405,133.96207534897636,True,0.5344539,0.5532309531953405,31.165792
2026-04-30 10:40:00,2026-04-30 11:40:00,-1,1008.5,1007.05,pivot,1.4500000000000457,0.1604665,1.1895335000000453,37470.30525000143,1.0,2026-04-30,1009.75,0.0,1004.9,1007.8,1004.85,0.0,2026,0.0,1.0,1.0,1.0,0,10,3,4,1008.5,1010.8,1008.05,3.037962986611587,51.29757416415818,-0.5693035413434018,-0.8585185875838551,0.2892150462404533,1008.3574999999998,1010.36990235397,1006.3450976460296,1009.3099999999998,1008.785,1008.3574999999998,1010.7091666666668,1007.6908832094432,1.0,-0.0002478929102627,0,-0.0060485870104115,0,0.0010411502231035,1,0.0028259791769955,1,-0.0048091224590976,0,-0.0053049082796232,0,-0.0062469013386216,0,-0.00466038671294,0,2026-04-30 10:40:00,0.0011891196961806,0.001685003867802,166.6015819913717,0.7535902215989221,0.2991196256621409,0.7535902215989221,0.2464097784010779,9.444789202678428e-06,0.0001290632387974,0.0035439214496094,True,92.6112585053098,0.6473364736899281,0.1328715957779656,0.6473364736899281,0.3526635263100719,0.0002235376406122,0.0006383021270229,0.0078775432375192,True,0,0,1,0.28921504624045336,1,0,0,0,0.535405444572025,1,1,1,0,1,0,0,0.00014129895884993022,-0.002190547017022073,0.00399088220916258,0.003012357944086849,14.83603028391009,27.465000500827532,-151.4873574615744,True,0.5296449,0.6010503202841743,31.165792
2026-04-30 10:40:00,2026-04-30 11:40:00,-1,1008.5,1007.05,pivot,1.4500000000000457,0.1604665,1.1895335000000453,37470.30525000143,1.0,2026-04-30,1009.75,0.0,1004.9,1007.8,1004.85,0.0,2026,0.0,1.0,1.0,1.0,0,10,3,4,1008.5,1010.8,1008.05,3.037962986611587,51.29757416415818,-0.5693035413434018,-0.8585185875838551,0.2892150462404533,1008.3574999999998,1010.36990235397,1006.3450976460296,1009.3099999999998,1008.785,1008.3574999999998,1010.7091666666668,1007.6908832094432,1.0,-0.0002478929102627,0,-0.0060485870104115,0,0.0010411502231035,1,0.0028259791769955,1,-0.0048091224590976,0,-0.0053049082796232,0,-0.0062469013386216,0,-0.00466038671294,0,2026-04-30 10:40:00,0.0,-9.902951087517192e-05,243.7742884327025,0.497684499224196,-0.0364181996222527,0.497684499224196,0.502315500775804,9.444789202678428e-06,0.0001290632387974,0.0035439214496094,True,103.86966300966904,0.4661186114432322,-0.0935991864045076,0.4661186114432322,0.5338813885567677,0.0002235376406122,0.0006383021270229,0.0078775432375192,True,0,0,1,0.28921504624045336,1,0,0,0,0.535405444572025,1,1,1,0,1,0,0,0.00014129895884993022,-0.002190547017022073,0.00399088220916258,0.003012357944086849,14.83603028391009,27.465000500827532,-151.4873574615744,True,0.5296449,0.6010503202841743,31.165792
2026-04-30 10:40:00,2026-04-30 11:40:00,-1,1008.5,1007.05,pivot,1.4500000000000457,0.1604665,1.1895335000000453,37470.30525000143,1.0,2026-04-30,1009.75,0.0,1004.9,1007.8,1004.85,0.0,2026,0.0,1.0,1.0,1.0,0,10,3,4,1008.5,1010.8,1008.05,3.017394201853617,51.29757416415818,-0.4600840963868222,-0.7788316893444487,0.3187475929576264,1008.385,1010.4599381912302,1006.3100618087695,1009.29,1008.89,1008.385,1010.7366666666668,1007.6908832094432,1.0,-0.0002478929102627,0,-0.0060485870104115,0,0.0010411502231035,1,0.0028259791769955,1,-0.0048091224590976,0,-0.0053049082796232,0,-0.0062469013386216,0,-0.00466038671294,0,2026-04-30 10:40:00,0.0011891196961806,0.001685003867802,166.6015819913717,0.7535902215989221,0.2991196256621409,0.7535902215989221,0.2464097784010779,9.444789202678428e-06,0.0001290632387974,0.0035439214496094,True,92.6112585053098,0.6473364736899281,0.1328715957779656,0.6473364736899281,0.3526635263100719,0.0002235376406122,0.0006383021270229,0.0078775432375192,True,0,0,1,0.3187475929576265,1,0,0,0,0.5277116688309481,1,1,1,0,1,0,0,0.0001140307387208816,-0.002217815237151009,0.004114899734715579,0.002991962520429962,16.350978289390742,27.070328469147242,-151.4873574615744,True,0.5213633,0.607958107837123,31.165792
2026-04-30 10:40:00,2026-04-30 11:40:00,-1,1008.5,1007.05,pivot,1.4500000000000457,0.1604665,1.1895335000000453,37470.30525000143,1.0,2026-04-30,1009.75,0.0,1004.9,1007.8,1004.85,0.0,2026,0.0,1.0,1.0,1.0,0,10,3,4,1008.5,1010.8,1008.05,3.017394201853617,51.29757416415818,-0.4600840963868222,-0.7788316893444487,0.3187475929576264,1008.385,1010.4599381912302,1006.3100618087695,1009.29,1008.89,1008.385,1010.7366666666668,1007.6908832094432,1.0,-0.0002478929102627,0,-0.0060485870104115,0,0.0010411502231035,1,0.0028259791769955,1,-0.0048091224590976,0,-0.0053049082796232,0,-0.0062469013386216,0,-0.00466038671294,0,2026-04-30 10:40:00,0.0,-9.902951087517192e-05,243.7742884327025,0.497684499224196,-0.0364181996222527,0.497684499224196,0.502315500775804,9.444789202678428e-06,0.0001290632387974,0.0035439214496094,True,103.86966300966904,0.4661186114432322,-0.0935991864045076,0.4661186114432322,0.5338813885567677,0.0002235376406122,0.0006383021270229,0.0078775432375192,True,0,0,1,0.3187475929576265,1,0,0,0,0.5277116688309481,1,1,1,0,1,0,0,0.0001140307387208816,-0.002217815237151009,0.004114899734715579,0.002991962520429962,16.350978289390742,27.070328469147242,-151.4873574615744,True,0.5213633,0.607958107837123,31.165792
2026-04-30 14:20:00,2026-04-30 14:25:00,1,998.65,1001.0,pivot,2.3500000000000227,0.1599895,2.090010500000023,65835.33075000072,1.0,2026-04-30,1001.0,0.0,999.4,1001.0,998.3,0.0,2026,0.0,1.0,1.0,1.0,1,14,3,4,998.65,1001.15,998.3,2.578742407162854,52.58770957824425,-0.4616462354980513,-0.8163753253473862,0.3547290898493349,999.25,1002.5715405543812,995.9284594456188,1000.04,999.99,999.25,1002.9391666666668,1004.4197029019444,-1.0,0.0007510138687227,1,0.0006008110949782,1,-0.0009512842337154,0,0.0233314975216543,1,0.0024533119711611,1,0.0009012166424673,1,0.0018525008761828,1,0.0010013518249637,1,2026-04-30 14:20:00,0.0024004812487116,-0.000848790524534,74.27338894155005,0.8941874552275592,0.640933508885898,0.8941874552275592,0.1058125447724408,9.444789202678428e-06,0.0001290632387974,0.0035439214496094,True,98.58575931941768,0.3891605087612605,-0.1887761966794789,0.3891605087612605,0.6108394912387394,0.0002235376406122,0.0006383021270229,0.0078775432375192,True,0,0,1,0.35472908984933493,0,0,0,0,0.40968046450484935,1,0,0,1,1,0,0,-0.0006008110949782434,-0.004294964869240276,0.006652061391641033,0.0025822284155238113,18.654390355951733,21.54415728726122,77.27932709157464,True,0.51945233,0.6122692508845571,31.165792
2026-04-30 14:20:00,2026-04-30 14:25:00,1,998.65,1001.0,pivot,2.3500000000000227,0.1599895,2.090010500000023,65835.33075000072,1.0,2026-04-30,1001.0,0.0,999.4,1001.0,998.3,0.0,2026,0.0,1.0,1.0,1.0,1,14,3,4,998.65,1001.15,998.3,2.578742407162854,52.58770957824425,-0.4616462354980513,-0.8163753253473862,0.3547290898493349,999.25,1002.5715405543812,995.9284594456188,1000.04,999.99,999.25,1002.9391666666668,1004.4197029019444,-1.0,0.0007510138687227,1,0.0006008110949782,1,-0.0009512842337154,0,0.0233314975216543,1,0.0024533119711611,1,0.0009012166424673,1,0.0018525008761828,1,0.0010013518249637,1,2026-04-30 14:20:00,0.0,0.0,243.7742884327025,0.497684499224196,-0.0364181996222527,0.497684499224196,0.502315500775804,9.444789202678428e-06,0.0001290632387974,0.0035439214496094,True,104.12679338260648,0.4765048812742296,-0.0810280702723215,0.4765048812742296,0.5234951187257704,0.0002235376406122,0.0006383021270229,0.0078775432375192,True,0,0,1,0.35472908984933493,0,0,0,0,0.40968046450484935,1,0,0,1,1,0,0,-0.0006008110949782434,-0.004294964869240276,0.006652061391641033,0.0025822284155238113,18.654390355951733,21.54415728726122,77.27932709157464,True,0.51945233,0.6122692508845571,31.165792
2026-04-30 14:20:00,2026-04-30 14:25:00,1,998.65,1001.0,pivot,2.3500000000000227,0.1599895,2.090010500000023,65835.33075000072,1.0,2026-04-30,1001.0,0.0,999.4,1001.0,998.3,0.0,2026,0.0,1.0,1.0,1.0,1,14,3,4,998.65,1001.15,998.3,2.5981179495083664,52.58770957824425,-0.3366052281071461,-0.7204213058993383,0.3838160777921922,999.445,1002.6921688189296,996.1978311810705,1000.04,1000.43,999.445,1002.8833333333332,1004.4197029019444,-1.0,0.0007510138687227,1,0.0006008110949782,1,-0.0009512842337154,0,0.0233314975216543,1,0.0024533119711611,1,0.0009012166424673,1,0.0018525008761828,1,0.0010013518249637,1,2026-04-30 14:20:00,0.0024004812487116,-0.000848790524534,74.27338894155005,0.8941874552275592,0.640933508885898,0.8941874552275592,0.1058125447724408,9.444789202678428e-06,0.0001290632387974,0.0035439214496094,True,98.58575931941768,0.3891605087612605,-0.1887761966794789,0.3891605087612605,0.6108394912387394,0.0002235376406122,0.0006383021270229,0.0078775432375192,True,0,0,1,0.3838160777921922,0,0,0,0,0.377585668572948,1,0,0,1,1,0,0,-0.0007960747008462152,-0.004239056059012902,0.006503116845600751,0.0026016301502111514,20.184008430396606,19.856365479821378,77.27932709157464,True,0.51996464,0.605785175346244,31.165792
2026-04-30 14:20:00,2026-04-30 14:25:00,1,998.65,1001.0,pivot,2.3500000000000227,0.1599895,2.090010500000023,65835.33075000072,1.0,2026-04-30,1001.0,0.0,999.4,1001.0,998.3,0.0,2026,0.0,1.0,1.0,1.0,1,14,3,4,998.65,1001.15,998.3,2.5981179495083664,52.58770957824425,-0.3366052281071461,-0.7204213058993383,0.3838160777921922,999.445,1002.6921688189296,996.1978311810705,1000.04,1000.43,999.445,1002.8833333333332,1004.4197029019444,-1.0,0.0007510138687227,1,0.0006008110949782,1,-0.0009512842337154,0,0.0233314975216543,1,0.0024533119711611,1,0.0009012166424673,1,0.0018525008761828,1,0.0010013518249637,1,2026-04-30 14:20:00,0.0,0.0,243.7742884327025,0.497684499224196,-0.0364181996222527,0.497684499224196,0.502315500775804,9.444789202678428e-06,0.0001290632387974,0.0035439214496094,True,104.12679338260648,0.4765048812742296,-0.0810280702723215,0.4765048812742296,0.5234951187257704,0.0002235376406122,0.0006383021270229,0.0078775432375192,True,0,0,1,0.3838160777921922,0,0,0,0,0.377585668572948,1,0,0,1,1,0,0,-0.0007960747008462152,-0.004239056059012902,0.006503116845600751,0.0026016301502111514,20.184008430396606,19.856365479821378,77.27932709157464,True,0.51996464,0.605785175346244,31.165792
2026-05-07 13:40:00,2026-05-07 14:10:00,-1,1133.2,1141.1,pivot,-7.899999999999864,0.168229,-8.168228999999863,-257299.2134999957,1.0,2026-05-07,1135.65,0.0,1145.35,1145.35,1140.9,0.0,2026,0.0,1.0,1.0,1.0,0,13,3,5,1133.2,1136.25,1133.15,3.4260014673361665,54.35189359963403,0.6802417354176669,0.6979295710780643,-0.0176878356603974,1133.4625,1139.685621156649,1127.2393788433512,1134.64,1133.7800000000002,1133.4625,1132.4808333333333,1139.6282707658886,-1.0,-0.0023826332509707,0,-0.0069714084009882,0,-0.0152223791034239,0,-0.017252029650547,0,-0.0015884221673137,0,-0.0065743028591599,0,-0.010721849629368,0,-0.0111189551711965,0,2026-05-07 13:40:00,0.0022038090724857,0.0027334467244484,72.58557930217535,0.9213109953713652,0.6861510215557769,0.9213109953713652,0.0786890046286349,6.260204166077895e-06,0.0001610966535094,0.002977059502651,True,79.86158496523417,0.7835244484387242,0.3004130392646843,0.7835244484387242,0.2164755515612758,0.0001671542312834,0.000796274467771,0.0064483627655409,True,0,0,0,0.017687835660397444,0,1,0,0,0.4789092970076931,1,0,0,1,1,0,0,-0.00023164489939996952,0.0006346334862925799,0.010983270661222835,0.0030232981533146546,-0.961367361821732,26.029627154837666,-50.035298270381546,True,0.5242261,0.5573009602382155,31.165792
2026-05-11 14:45:00,2026-05-11 14:55:00,-1,1215.6,1217.1,pivot,-1.5,0.172981,-1.772981,-55848.9015,1.0,2026-05-11,1218.6,0.0,1215.45,1218.05,1214.85,0.0,2026,0.0,1.0,1.0,1.0,1,14,0,5,1215.6,1219.35,1215.1,3.909698769158064,47.45914877187076,1.6886180350870743,2.68129437764847,-0.9926763425613956,1221.6875,1229.4412003113746,1213.9337996886254,1221.73,1223.88,1221.6875,1216.075,1218.7751446649836,-1.0,-0.0013573543928924,0,-0.0006581112207964,0,0.0011105626850937,1,-0.0152599539322146,0,0.0010694307337939,1,0.0009460348798945,1,0.0027969726883842,1,0.0017686739058899,1,2026-05-11 14:45:00,0.0023414885304987,-0.0057278611719328,64.20459378585919,0.9306969980588006,0.7323978157130115,0.9306969980588006,0.0693030019411994,6.260204166077895e-06,0.0001610966535094,0.002977059502651,True,21.37385123982265,0.0532101919636942,-1.0117507151687888,0.0532101919636942,0.9467898080363056,0.0001671542312834,0.000796274467771,0.0064483627655409,True,0,0,0,0.9926763425613958,0,0,0,0,0.10744549340720583,1,0,0,1,1,0,0,-0.005007815070747031,-0.00039075353734792405,0.012756992944018735,0.003216270787395578,-47.111574223937815,5.09927165647964,33.687068114507845,True,0.5046505,0.560880914219482,31.165792
2026-05-12 10:30:00,2026-05-12 11:25:00,-1,1199.7,1201.4,pivot,-1.7000000000000457,0.172033,-1.9720330000000454,-62119.03950000143,1.0,2026-05-12,1168.95,0.0,1199.6,1203.0,1197.85,0.0,2026,0.0,2.0,0.0,0.0,1,10,1,5,1199.7,1200.35,1166.0,9.22507146098335,17.419804224186137,-7.661446617576757,-1.7344888099146396,-5.926957807662118,1222.66,1256.3091745436066,1189.0108254563936,1198.88,1213.325,1222.66,1220.43,1214.798655467835,-1.0,0.0387180128365425,1,0.024839543219138,1,-0.0015837292656496,0,-0.0010419271484537,0,0.0070851046094857,1,0.0225056264066016,1,0.0141285321330332,1,0.0073351671251145,1,2026-05-12 10:30:00,-0.0261323100126636,-0.044301114364797,0.0006626928180189,0.0,-8.8320057569421,0.0,1.0,6.260204166077895e-06,0.0001610966535094,0.002977059502651,True,1.9693006435124755e-36,0.0,-6.993618453595887,0.0,1.0,0.0001671542312834,0.000796274467771,0.0064483627655409,True,1,0,0,5.9269578076621166,0,0,1,0,0.1588326413439084,1,0,1,0,0,1,0,-0.01913811786279906,-0.017279319829957503,0.056095981568069476,0.007689481921299784,-103.24644465448557,2.7668335166212574,223.18079519879956,True,0.66306096,0.6833381710456163,38.630325
2026-05-12 15:10:00,2026-05-12 15:45:00,-1,1180.25,1186.0,eod,-5.75,0.1709875,-6.0209875,-189661.10625,1.0,2026-05-12,1189.85,0.0,1186.0,1186.0,1186.0,0.0,2026,0.0,1.0,1.0,1.0,0,15,1,5,1180.25,1190.3,1180.15,6.753571264463316,56.73274030621185,-1.0804734392711453,-3.0581451312406007,1.977671691969456,1178.3275,1189.0714811834966,1167.583518816503,1183.86,1180.375,1178.3275,1187.525,1188.111900564391,1.0,-0.009870790086846,0,-0.0048718491844948,0,0.0214785003177292,1,0.0130904469392078,1,-0.004617665748782,0,-0.0050836687142554,0,0.0160559203558568,1,0.0173268375344207,1,2026-05-12 15:10:00,0.0081433331173166,0.0053510987863465,0.4961535027828615,0.9982515870688162,2.6812485463253632,0.9982515870688162,0.0017484129311837,6.260204166077895e-06,0.0001610966535094,0.002977059502651,True,29.581320059710112,0.9187250424768952,0.7063536100846688,0.9187250424768952,0.0812749575231048,0.0001671542312834,0.000796274467771,0.0064483627655409,True,0,0,1,1.9776716919694555,1,0,0,0,0.5894686972717884,0,0,0,0,1,0,0,0.001628892183859267,-0.006163948316034815,0.018206280336363942,0.005722153157774469,112.19873451144974,33.44217452096138,-145.456471086633,True,0.5171654,0.593941044755781,31.165792
2026-05-14 10:50:00,2026-05-14 11:15:00,-1,1241.35,1234.3,pivot,7.0499999999999545,0.1742695,6.775730499999955,213435.51074999856,1.0,2026-05-14,1236.85,0.0,1232.75,1235.65,1232.55,0.0,2026,0.0,1.0,1.0,1.0,1,10,3,5,1241.35,1242.55,1236.75,5.5190282628371,49.85310012385568,4.231783108754598,5.359602418208757,-1.1278193094541589,1240.825,1250.114977627008,1231.5350223729922,1243.13,1242.9299999999998,1240.825,1225.9491666666663,1231.054166310534,1.0,0.0089015990655334,1,0.0069279413541707,1,0.0071696137269906,1,0.0098682885568131,1,0.006323760422121,1,0.0056390220324646,1,0.0049945623716114,1,0.0050348411004148,1,2026-05-14 10:50:00,-0.00359139259774,-0.0068487899645503,20.051327822633773,0.0364274863531321,-1.1955174846534438,0.0364274863531321,0.9635725136468678,3.9184012061128907e-05,0.0001584275450626,0.0031365665420524,True,13.637884517730964,0.0427875377635663,-1.1622822147387917,0.0427875377635663,0.9572124622364336,0.0003695237430949,0.0007988683808392,0.0065798635205894,True,0,0,0,1.1278193094541589,1,1,0,0,0.5282562575002044,1,1,1,0,1,0,0,0.0004229266524347393,0.012406519783569174,0.014967539577086146,0.004445988853133363,-56.22528895583596,26.33521209621098,199.1984532968115,True,0.5046505,0.5686707492054148,31.165792
2026-05-14 14:55:00,2026-05-14 15:00:00,-1,1232.7,1236.95,pivot,-4.25,0.1740895,-4.5240895,-142508.81925,1.0,2026-05-14,1237.0,0.0,1240.15,1240.3,1236.75,0.0,2026,0.0,1.0,1.0,1.0,0,14,3,5,1232.7,1237.05,1231.7,4.0384555680583984,59.60535160847451,-0.1927928315503777,-0.6406659492758935,0.4478731177255157,1232.3525,1241.108218437798,1223.596781562202,1230.87,1229.315,1232.3525,1233.4399999999998,1231.054166310534,1.0,-0.0060436440334226,0,-0.0052729780157378,0,-0.0064898190962926,0,-0.0079500283929585,0,-0.0077066601768475,0,-0.0035694005029608,0,-0.0097752900137908,0,-0.009734728644439,0,2026-05-14 14:55:00,0.0034416472882524,0.0084022169464462,28.5231177620905,0.9604539146362356,1.0467559668099031,0.9604539146362356,0.0395460853637643,3.9184012061128907e-05,0.0001584275450626,0.0031365665420524,True,11.026583794890948,0.9559722203102512,1.1555480659765849,0.9559722203102512,0.0440277796897489,0.0003695237430949,0.0007988683808392,0.0065798635205894,True,0,0,1,0.44787311772551575,1,0,1,1,0.5198441739800487,1,1,0,1,1,0,0,0.0002819015169952802,-0.0006003082664068968,0.01420575717984588,0.0032761057581393673,26.69563465801306,30.985494771697795,-242.75979557069624,True,0.5988719,0.612116767072959,31.165792
2026-05-14 15:00:00,2026-05-14 15:25:00,1,1236.95,1239.25,pivot,2.2999999999999545,0.174286,2.0257139999999545,63809.99099999857,1.0,2026-05-14,1240.15,0.0,1244.75,1244.75,1239.1,0.0,2026,0.0,1.0,1.0,1.0,1,15,3,5,1236.95,1240.3,1236.75,4.003565884625653,63.51553866457592,0.5399744097765051,-0.4045378774654138,0.9445122872419188,1232.505,1241.7039072631317,1223.3060927368683,1233.75,1230.475,1232.505,1233.4183333333335,1231.054166310534,1.0,0.0054165487691499,1,0.0063058328954282,1,0.002667852378835,1,0.0017381462468166,1,0.0001212660172196,1,0.0018189902582966,1,0.0062654108896883,1,0.0069121629815271,1,2026-05-14 15:00:00,0.0025432466325229,0.011679438493668,63.18023296697165,0.920784153019509,0.7603279112642999,0.920784153019509,0.079215846980491,3.9184012061128907e-05,0.0001584275450626,0.0031365665420524,True,3.112735183503712,0.9769196651444356,1.6536163825863317,0.9769196651444356,0.0230803348555643,0.0003695237430949,0.0007988683808392,0.0065798635205894,True,0,0,1,0.9445122872419189,1,1,1,1,0.7416047837450855,0,1,0,0,1,0,0,0.0035935163102792642,0.0028551410054299077,0.014873531287653782,0.003236643263370106,59.99120669948113,47.10342731579544,3.8198795424174,True,0.499106,0.5283413372199699,31.165792
2026-05-18 10:25:00,2026-05-18 10:55:00,1,1152.3,1170.6,pivot,18.299999999999955,0.1696869999999999,18.030312999999957,567954.8594999986,1.0,2026-05-18,1155.6,0.0,1170.35,1178.4,1168.95,0.0,2026,0.0,1.0,2.0,1.0,1,10,0,5,1152.3,1159.0,1148.85,12.921490752389891,53.23095532749587,-1.5353003072029878,-4.922543082458783,3.387242775255795,1140.2325,1167.0538048680362,1113.411195131964,1151.7199999999998,1146.5849999999998,1140.2325,1164.7783333333332,1149.9471602973315,1.0,0.007940640458214,1,0.0159680638722555,1,0.0262084526598976,1,0.0258613208365876,1,0.0137984899765686,1,0.0149266684023258,1,0.0156643235268592,1,0.0171396337759264,1,2026-05-18 10:25:00,0.0028597445721113,0.0057712077911346,48.6754199975318,0.9384036082263788,0.861233769738876,0.9384036082263788,0.0615963917736211,3.9184012061128907e-05,0.0001584275450626,0.0031365665420524,True,28.75021170942649,0.9074398604990508,0.7556903566063639,0.9074398604990508,0.0925601395009491,0.0003695237430949,0.0007988683808392,0.0065798635205894,True,0,0,1,3.387242775255795,1,0,1,1,0.7249610908077246,0,1,1,0,0,0,0,0.010472533194480502,-0.010829066504671735,0.04655264231196064,0.01121365161189785,180.30616885302436,38.59037143895867,434.65243426191086,True,0.50733465,0.5776993820769947,31.165792
2026-05-18 12:15:00,2026-05-18 12:45:00,1,1178.05,1182.0,pivot,3.9500000000000455,0.1708015,3.679198500000046,115894.75275000144,1.0,2026-05-18,1172.9,0.0,1181.25,1182.05,1178.3,0.0,2026,0.0,1.0,1.0,2.0,1,12,0,5,1178.05,1179.5,1172.05,8.882760555796269,50.23755942055738,4.974295625360583,6.600365251508707,-1.626069626148125,1178.3875,1192.253963712198,1164.5210362878022,1177.5099999999998,1179.795,1178.3875,1160.4333333333334,1161.869473396316,1.0,-0.002122151012266,0,0.0033529985993803,1,0.001188404566869,1,-0.0021645940325113,0,0.001061075506133,1,0.0025890242349645,1,0.0027163532957005,1,0.000679088323925,1,2026-05-18 12:15:00,-0.0043812146050483,-0.0030646146399577,12.707473521173466,0.0235962710090335,-1.4473285005266925,0.0235962710090335,0.9764037289909664,3.9184012061128907e-05,0.0001584275450626,0.0031365665420524,True,58.59877595253322,0.1628139286656463,-0.5871676530535321,0.1628139286656463,0.8371860713343536,0.0003695237430949,0.0007988683808392,0.0065798635205894,True,0,0,0,1.6260696261481247,0,1,1,0,0.48783035072946523,0,1,0,1,1,0,0,-0.00028649038665599165,0.014954090799767889,0.023541384002712714,0.007540223722079936,-81.68976946557996,24.507406231922857,33.4238784431895,True,0.5046505,0.5815982506249842,31.165792
2026-05-19 12:15:00,2026-05-19 13:10:00,1,1136.45,1132.2,pivot,-4.25,0.1680595,-4.5180595,-142318.87425,1.0,2026-05-19,1138.6,0.0,1131.5,1134.6,1130.95,0.0,2026,0.0,1.0,2.0,1.0,1,12,1,5,1136.45,1138.8,1134.45,6.058696561685953,57.913402843795794,-1.1038829421258924,-4.085567617838717,2.981684675712825,1125.5549999999998,1139.9115462816687,1111.198453718331,1133.48,1130.145,1125.5549999999998,1146.5991666666666,1133.035745627576,1.0,0.0009239297813365,1,0.0073034449381846,1,-0.0037397157816005,0,-0.0059395485943068,0,0.0082713713757753,1,0.0092392978133661,1,0.0075674248757093,1,0.0029917726252803,1,2026-05-19 12:15:00,0.0018020794714892,0.0061226928412465,109.0160545572889,0.8581088053345818,0.5240290312320508,0.8581088053345818,0.1418911946654182,3.9184012061128907e-05,0.0001584275450626,0.0031365665420524,True,25.250002441954937,0.9169333886282114,0.8091086454526288,0.9169333886282114,0.0830666113717886,0.0003695237430949,0.0007988683808392,0.0065798635205894,True,0,0,1,2.981684675712825,1,0,1,1,0.8794436275356646,0,1,0,1,0,0,0,0.009586871397773953,-0.008930587941983006,0.025265601270040735,0.00533124779945088,172.67950577772945,50.93157307988205,260.5481983369219,True,0.52083427,0.5792368724339845,31.165792
2026-05-19 13:10:00,2026-05-19 14:05:00,1,1132.2,1130.6,pivot,-1.6000000000001364,0.167884,-1.8678840000001364,-58838.3460000043,1.0,2026-05-19,1131.5,0.0,1134.65,1135.3,1126.75,0.0,2026,0.0,1.0,1.0,1.0,0,13,1,5,1132.2,1134.6,1130.95,5.824184256820109,43.97666406821938,0.8863787333127675,1.3631924681241432,-0.4768137348113757,1136.115,1150.099092469367,1122.130907530633,1135.97,1140.575,1136.115,1140.305833333333,1133.035745627576,-1.0,-0.0028263557675322,0,-0.0055202261084614,0,-0.0015015015015015,0,0.0107313195548488,1,-0.0056085497261969,0,-0.0051669316375199,0,-0.0060060060060059,0,-0.0074191838897722,0,2026-05-19 13:10:00,-0.0006184565289675,-0.0119041180835939,245.4870981257625,0.3162842368266875,-0.2476861445833884,0.3162842368266875,0.6837157631733125,3.9184012061128907e-05,0.0001584275450626,0.0031365665420524,True,2.023511557972569,0.013715162459667,-1.9305850987157367,0.013715162459667,0.9862848375403328,0.0003695237430949,0.0007988683808392,0.0065798635205894,True,0,0,0,0.4768137348113757,0,0,0,0,0.36001951829995316,1,0,0,1,1,0,0,-0.0034578696343401903,-0.007159365247600306,0.02470251275281212,0.005144130239198117,-20.96867743891291,15.8324574142792,-176.66931637520236,True,0.514588,0.5947178215589688,31.165792
2026-05-19 14:05:00,2026-05-19 14:10:00,1,1130.6,1134.55,pivot,3.9500000000000455,0.1679545,3.682045500000046,115984.43325000144,1.0,2026-05-19,1134.65,0.0,1135.1,1137.75,1133.75,0.0,2026,0.0,1.0,1.0,1.0,1,14,1,5,1130.6,1135.3,1126.75,5.619040264302001,54.7335451630408,-1.4391573191012412,-1.6217618224668904,0.1826045033656491,1133.4675000000002,1148.9540060135346,1117.9809939864658,1129.37,1127.79,1133.4675000000002,1133.59,1133.035745627576,1.0,0.003980187511056,1,0.0100831416946754,1,0.0124270298956308,1,0.0141517778170882,1,0.0039359632053777,1,0.0113214222536707,1,0.0142844507341235,1,0.0088006368300018,1,2026-05-19 14:05:00,0.0036642205976069,0.0081857053164526,22.81474831564765,0.9661364413828626,1.1177167790134457,0.9661364413828626,0.0338635586171374,3.9184012061128907e-05,0.0001584275450626,0.0031365665420524,True,11.901943403401622,0.9534861535552416,1.1226428804334394,0.9534861535552416,0.0465138464447584,0.0003695237430949,0.0007988683808392,0.0065798635205894,True,0,0,1,0.18260450336564915,0,0,1,1,0.4074194012034009,0,0,0,1,1,0,0,-0.002536263930656546,-0.002644613479568379,0.0273951990333175,0.00496996308535468,9.99459183193839,22.299508196065386,123.98284096939754,True,0.528791,0.6248161594212484,31.165792
2026-05-19 14:10:00,2026-05-19 14:30:00,1,1134.55,1143.55,pivot,9.0,0.168343,8.731656999999998,275047.1955,1.0,2026-05-19,1135.1,0.0,1142.0,1145.0,1141.1,0.0,2026,0.0,1.0,1.0,1.0,1,14,1,5,1134.55,1137.75,1133.75,5.503394531137572,55.39052932866768,-0.9420051010042698,-1.4858104781743664,0.5438053771700966,1132.9299999999998,1147.3139237777457,1118.546076222254,1131.63,1128.55,1132.9299999999998,1133.4166666666667,1133.035745627576,1.0,0.00211537614032,1,0.0107531620466264,1,0.0050680886695165,1,0.0063901987572165,1,0.0078004495174299,1,0.0065664801022432,1,0.0052884403507998,1,0.0059494953946498,1,2026-05-19 14:10:00,0.0003965194456621,0.0100049530831958,268.8401089174381,0.6015109838104823,0.075908448747176,0.6015109838104823,0.3984890161895177,3.9184012061128907e-05,0.0001584275450626,0.0031365665420524,True,6.140853907138039,0.9694406298510132,1.3991300387233423,0.9694406298510132,0.0305593701489869,0.0003695237430949,0.0007988683808392,0.0065798635205894,True,0,0,1,0.5438053771700966,1,1,1,1,0.5563128679292123,0,1,0,1,1,0,0,0.001427878894716071,0.0009989276218176477,0.025356174303020316,0.004850728950806551,30.121667693227426,30.814464226948264,245.71415979904185,True,0.4991241,0.6186126005253438,31.165792
2026-05-26 13:35:00,2026-05-26 14:20:00,-1,1274.7,1268.25,pivot,6.4500000000000455,0.1762885,6.173711500000046,194471.91225000145,1.0,2026-05-26,1272.65,0.0,1267.65,1268.75,1266.3,0.0,2026,0.0,1.0,1.0,1.0,1,13,1,5,1274.7,1275.1,1272.2,2.608208079745557,50.09856104748749,1.270642669263907,1.6449677347234568,-0.3743250654595498,1273.3449999999998,1278.0470600298024,1268.6429399701972,1274.28,1274.475,1273.3449999999998,1270.025,1269.3416173210842,1.0,0.0027457440966501,1,0.007727308386287,1,0.0045893151329725,1,0.007178159566957,1,0.0039224915666431,1,0.0041970659763082,1,0.0053345885306346,1,0.0042362908919746,1,2026-05-26 13:35:00,-0.0017271839426207,-0.003451389863722,102.08359098682028,0.1818834368125962,-0.5058725903567451,0.1818834368125962,0.8181165631874038,4.846013918872811e-05,0.0001219858725202,0.0036554062236046,True,49.042799801290734,0.1987463643869807,-0.5173260505627639,0.1987463643869807,0.8012536356130193,0.0004528388890481,0.0006026948992797,0.0078366143722931,True,0,0,0,0.3743250654595498,1,1,1,1,0.6440857827645731,1,1,0,1,1,0,0,0.0010629952145604813,0.0036675296148112923,0.007377516325100217,0.002046134839370485,-18.753147143530008,32.267770907649734,123.55848434925764,True,0.5046505,0.6077876045236025,31.165792
2026-05-28 14:20:00,2026-05-28 14:55:00,1,1262.65,1283.75,pivot,21.09999999999991,0.176392,20.823607999999908,655943.6519999971,1.0,2026-05-28,1270.7,0.0,1282.6,1284.05,1280.8,0.0,2026,0.0,1.0,2.0,1.0,1,14,3,5,1262.65,1270.7,1262.15,7.196237035991729,57.735762378287255,-2.804421142710453,-6.226262228639804,3.421841085929352,1254.59,1271.1350453736643,1238.0449546263353,1261.12,1257.285,1254.59,1277.7741666666666,1261.5901027547156,1.0,0.008197045895537,1,0.0147309230586464,1,0.0254623213083592,1,0.0588444937235179,1,0.0105334019720428,1,0.0101374094167029,1,0.0167504850908801,1,0.0158001029580642,1,2026-05-28 14:20:00,0.0062760473623268,0.0139873503807246,7.878517263142323,0.9775892016022214,1.6835506407104632,0.9775892016022214,0.0224107983977785,4.846013918872811e-05,0.0001219858725202,0.0036554062236046,True,3.723364162877599,0.9762141382202484,1.707964032116619,0.9762141382202484,0.0237858617797515,0.0004528388890481,0.0006026948992797,0.0078366143722931,True,0,0,1,3.4218410859293513,1,0,1,1,0.7435774522815681,0,1,0,1,0,0,0,0.006383399992080286,-0.01197811481144141,0.026206859182931915,0.005699312585428842,197.5626038334775,42.93101109478085,331.8021621193482,True,0.5484843,0.6074423871222585,31.165792
2026-05-29 11:50:00,2026-05-29 11:55:00,1,1328.4,1328.1,pivot,-0.3000000000001819,0.179695,-0.5796950000001818,-18260.392500005728,1.0,2026-05-29,1327.8,0.0,1328.0,1331.8,1327.05,0.0,2026,0.0,1.0,1.0,1.0,1,11,4,5,1328.4,1328.8,1326.05,4.98456232066123,50.37118457287646,2.302990244396142,3.809451579529136,-1.5064613351329943,1331.1375,1335.9766903524874,1326.2983096475127,1330.12,1330.34,1331.1375,1311.3158333333336,1318.1921921254534,1.0,-0.0003011141222524,0,0.0046296296296295,1,0.0053071364046973,1,0.0109906654622101,1,0.0058717253839204,1,0.0035380909364647,1,0.0052694971394158,1,0.0041026799156879,1,2026-05-29 11:50:00,-0.000414133243876,0.0004896514156475,218.5944857761252,0.3934987988681715,-0.1466647162042667,0.3934987988681715,0.6065012011318285,4.846013918872811e-05,0.0001219858725202,0.0036554062236046,True,94.87687791041884,0.5035212177833218,-0.0144250410013646,0.5035212177833218,0.4964787822166782,0.0004528388890481,0.0006026948992797,0.0078366143722931,True,0,0,0,1.506461335132994,0,1,0,0,0.21715309787381146,1,1,1,0,1,0,0,-0.002060749774164374,0.012860709625614673,0.007285742777005904,0.0037523052699949037,-75.88224196388596,10.938258773573663,184.95934959349262,True,0.5046505,0.5432558870554006,31.165792
2026-05-29 11:55:00,2026-05-29 12:30:00,-1,1328.1,1333.85,pivot,-5.75,0.1798585,-6.0298585,-189940.54275,1.0,2026-05-29,1328.0,0.0,1333.4,1335.2,1332.35,0.0,2026,0.0,1.0,1.0,1.0,0,11,4,5,1328.1,1331.8,1327.05,4.967807869185428,50.65149629054652,1.9599353863334272,3.4395483408899947,-1.4796129545565675,1331.05,1336.0552604016823,1326.0447395983176,1329.2599999999998,1330.05,1331.05,1312.5766666666668,1318.1921921254534,1.0,-0.0051577441457722,0,-0.0054965740531587,0,-0.0076801445674271,0,-0.0128755364806868,0,-0.0037647767487388,0,-0.004856562005873,0,-0.0043294932610496,0,-0.0039906633536632,0,2026-05-29 11:55:00,0.0001506137513202,-0.003232720929787,231.73585892957587,0.5238722865258428,0.0078316545546007,0.5238722865258428,0.4761277134741571,4.846013918872811e-05,0.0001219858725202,0.0036554062236046,True,52.01104511170459,0.2099402736424471,-0.4894225550547864,0.2099402736424471,0.7900597263575528,0.0004528388890481,0.0006026948992797,0.0078366143722931,True,0,0,0,1.4796129545565675,0,1,0,0,0.20531003751488025,1,1,1,0,1,0,0,-0.0022212182817559264,0.011688376879250874,0.007537475192654673,0.0037405375116221886,-74.94461007916655,10.399260603596924,-118.59046758527221,True,0.5046505,0.5432558870554006,31.165792
2026-06-01 14:15:00,2026-06-01 14:25:00,-1,1413.85,1408.4,pivot,5.449999999999818,0.1846675,5.165332499999818,162707.97374999427,1.0,2026-06-01,1413.45,0.0,1400.2,1409.35,1399.7,0.0,2026,0.0,1.0,1.0,1.0,1,14,0,6,1413.85,1413.85,1410.15,3.340429782049789,47.215463679068215,1.3513342090061542,2.266002711927605,-0.914668502921451,1415.64,1420.836314494988,1410.4436855050117,1416.1699999999998,1417.025,1415.64,1407.5183333333332,1411.3665031757482,1.0,0.0037486296283198,1,0.003005976588747,1,-0.0016621282314249,0,-0.0118824486331648,0,0.0105739647062982,1,0.0062241397602291,1,-0.0004951020263818,0,0.0013084839268662,1,2026-06-01 14:15:00,-0.0002122241094552,-0.0038131600064141,229.20619656041544,0.4391281387104128,-0.0914289579684382,0.4391281387104128,0.5608718612895871,4.846013918872811e-05,0.0001219858725202,0.0036554062236046,True,44.45235875558041,0.1816181749262041,-0.5634901369278069,0.1816181749262041,0.8183818250737959,0.0004528388890481,0.0006026948992797,0.0078366143722931,True,0,0,0,0.914668502921451,0,1,0,0,0.32776254192020104,1,1,0,1,1,0,0,-0.001266046610319476,0.004478315710058851,0.007350588103388904,0.0023626479343988325,-43.18649747807547,15.475460393392325,333.07988824839333,True,0.5046505,0.567597943380753,31.165792
2026-06-02 10:30:00,2026-06-02 10:35:00,-1,1390.75,1400.05,pivot,-9.299999999999956,0.183724,-9.583723999999956,-301887.3059999986,1.0,2026-06-02,1399.65,0.0,1390.2,1400.7,1390.1,0.0,2026,0.0,1.0,1.0,0.0,1,10,1,6,1390.75,1400.9,1390.6,12.164895865555822,51.23790760229223,-5.307968989369783,-6.327947216455823,1.0199782270860398,1394.925,1425.2575342115767,1364.5924657884232,1391.47,1386.02,1394.925,1407.9108333333331,1413.051593495478,-1.0,0.000395470070106,1,0.0181556714003235,1,0.0117921984540716,1,0.0104260291209778,1,0.0126550422433937,1,0.0120438612259572,1,0.0161064174006831,1,0.0214632392593923,1,2026-06-02 10:30:00,0.0067026541726431,0.0124734268778291,7.10664449855396,0.9807801779064548,1.8002563593694367,0.9807801779064548,0.0192198220935453,4.846013918872811e-05,0.0001219858725202,0.0036554062236046,True,5.667617795332892,0.9692240657033256,1.514778119045784,0.9692240657033256,0.0307759342966743,0.0004528388890481,0.0006026948992797,0.0078366143722931,True,0,0,1,1.0199782270860398,0,0,0,1,0.4311795056278793,0,0,1,0,1,0,0,-0.0030019773503504976,-0.012339265384384778,0.043620397931442435,0.008747004037789554,52.26155015578435,22.092735669363325,398.63383066690153,True,0.5092483,0.6381121367060927,31.165792
2026-06-02 13:35:00,2026-06-02 14:05:00,1,1377.9,1393.7,pivot,15.799999999999956,0.183148,15.516851999999956,488780.8379999986,1.0,2026-06-02,1380.6,0.0,1393.85,1395.0,1388.3,0.0,2026,0.0,1.0,1.0,1.0,1,13,1,6,1377.9,1380.95,1375.65,6.864733257640692,52.711854110699946,-0.6852336193155679,-1.6318166787430888,0.9465830594275207,1375.66,1384.4159062838617,1366.9040937161385,1377.3200000000002,1377.4299999999998,1375.66,1385.065,1392.8755236595498,-1.0,-0.0004717323463241,0,0.0114304376224689,1,0.0155308803251323,1,0.0198853327527395,1,0.0050439073953115,1,0.0101241018941866,1,0.0115755860367224,1,0.0099063792728063,1,2026-06-02 13:35:00,0.0018850146957712,0.0033011112269642,108.47219028941416,0.7923658665229621,0.4131692034115695,0.7923658665229621,0.2076341334770378,5.403998449204256e-05,0.0001569421690241,0.004182481444595,True,61.43149553499385,0.7096388358644735,0.2812923138831638,0.7096388358644735,0.2903611641355265,0.0004840172647973,0.0008012450339332,0.0088870760758478,True,0,0,1,0.9465830594275209,1,0,1,1,0.6279136577859826,1,0,0,1,1,0,0,0.0016256622396400384,-0.0051999419406342715,0.012709059124554143,0.004982025733101598,49.89614813220349,33.098493123330684,158.88308295231224,True,0.5095549,0.6242688313752461,31.165792
2026-06-04 10:35:00,2026-06-04 11:10:00,1,1393.3,1373.4,pivot,-19.899999999999864,0.183001,-20.183000999999866,-635764.5314999957,1.0,2026-06-04,1393.95,0.0,1372.5,1376.25,1371.65,0.0,2026,0.0,1.0,1.0,2.0,0,10,3,6,1393.3,1398.15,1392.2,8.74220791604132,52.93436267276117,-1.1884646725995935,-1.701344765744484,0.5128800931448905,1387.3775,1402.3796919489912,1372.375308051009,1387.69,1387.92,1387.3775,1390.6391666666666,1399.1469527636402,-1.0,-0.0072848632742409,0,-0.0125601090935189,0,-0.0072848632742409,0,0.0021531615588889,1,-0.0091868226512595,0,-0.0097609990669632,0,-0.0140314361587597,0,-0.0149285868082968,0,2026-06-04 10:35:00,0.0003946400754394,0.0027297886999168,189.71416732996167,0.5662978372180921,0.0568317898271639,0.5662978372180921,0.4337021627819079,5.403998449204256e-05,0.0001569421690241,0.004182481444595,True,67.59847745745351,0.6726030003489916,0.2170054188266436,0.6726030003489916,0.3273969996510084,0.0004840172647973,0.0008012450339332,0.0088870760758478,True,0,0,1,0.5128800931448905,1,1,1,1,0.6973878223974522,0,0,1,0,1,0,0,0.004250699777506567,0.0019097346826479277,0.021534762002427533,0.00627446200821167,27.14898085817116,36.91577991435389,-289.3849135146743,True,0.4977358,0.6147413889711596,31.165792
2026-06-04 11:40:00,2026-06-04 12:50:00,-1,1384.25,1392.2,pivot,-7.950000000000045,0.1832935,-8.233293500000045,-259348.7452500014,1.0,2026-06-04,1388.2,0.0,1395.25,1396.2,1391.55,0.0,2026,0.0,1.0,1.0,1.0,0,11,3,6,1384.25,1388.8,1384.25,6.8737958603987135,53.795959296684046,-1.7764208023149877,-2.8671830396720948,1.090762237357107,1383.1275,1395.4140555581853,1370.8409444418148,1383.82,1379.55,1383.1275,1391.3766666666666,1393.99573895027,-1.0,-0.005526458370959,0,-0.0069351634459092,0,-0.0134368791764492,0,-0.0085967130214918,0,-0.001878273433267,0,-0.0063572331587501,0,-0.0065378363734874,0,-0.008705074950334,0,2026-06-04 11:40:00,0.0028494672024067,0.0098087906615499,64.17539102916975,0.8744823801452795,0.6437625770849658,0.8744823801452795,0.1255176198547205,5.403998449204256e-05,0.0001569421690241,0.004182481444595,True,15.170256219565248,0.9256912036574128,1.0135555891207328,0.9256912036574128,0.0743087963425872,0.0004840172647973,0.0008012450339332,0.0088870760758478,True,0,0,1,1.090762237357107,1,0,1,1,0.5456800115656557,1,0,1,0,1,0,0,0.0008109084341700888,-0.005148395641442334,0.017751931454845913,0.004965718519341675,58.67860092322295,29.355379691200095,-59.1656131479105,True,0.50733465,0.6430692920959025,31.165792
2026-06-05 11:25:00,2026-06-05 11:55:00,-1,1334.8,1323.2,pivot,11.599999999999907,0.17974,11.320259999999907,356588.1899999971,1.0,2026-06-05,1338.6,0.0,1321.25,1324.35,1319.6,0.0,2026,0.0,1.0,2.0,2.0,1,11,4,6,1334.8,1339.15,1334.55,9.144116477465277,63.49560875196258,2.5155640616501387,-3.757204031878015,6.272768093528153,1306.505,1346.2485449919673,1266.7614550080325,1330.4699999999998,1323.825,1306.505,1345.0449999999998,1309.5353421074483,1.0,0.000524423134552,1,0.0085406053341323,1,0.0110878034162421,1,0.0195909499550493,1,0.0051693137548695,1,0.0069673359304764,1,0.0101513335331135,1,0.0071920887024272,1,2026-06-05 11:25:00,0.0030301353076557,0.0121382148321616,57.614442827793845,0.8854814068606617,0.6869589684239995,0.8854814068606617,0.1145185931393383,5.403998449204256e-05,0.0001569421690241,0.004182481444595,True,8.671479549272114,0.95310602548022,1.275669264161989,0.95310602548022,0.0468939745197799,0.0004840172647973,0.0008012450339332,0.0088870760758478,True,0,0,1,6.272768093528153,1,0,1,1,0.8559697556637035,0,1,1,0,0,0,0,0.021197932274497937,-0.0076753071621215845,0.05954981269398769,0.006850551751172667,398.29322865845785,54.350320709135524,162.83338327838925,True,0.4958535,0.5774495908713593,31.165792
2026-06-05 11:55:00,2026-06-05 12:35:00,1,1323.2,1320.7,pivot,-2.5,0.179317,-2.7793170000000003,-87548.48550000001,1.0,2026-06-05,1321.25,0.0,1316.7,1320.8,1314.85,0.0,2026,0.0,1.0,1.0,2.0,0,11,4,6,1323.2,1324.35,1319.6,8.253377998388967,49.31475064567736,2.576787156654291,1.4043445583257466,1.1724425983285442,1319.3475,1348.7421732572136,1289.9528267427866,1326.21,1329.02,1319.3475,1338.165,1309.9736271070333,1.0,0.0015114873035066,1,-0.0004156590084642,0,-0.0103914752116082,0,-0.0121674727932286,0,-0.001020253929867,0,-0.0024183796856106,0,-0.0043455259975816,0,-0.0019649334945587,0,2026-06-05 11:55:00,-0.0016259243935117,-0.009678649000313,113.01070527223337,0.2222253756087599,-0.4262700471367005,0.2222253756087599,0.77777462439124,5.403998449204256e-05,0.0001569421690241,0.004182481444595,True,10.918700663623444,0.0659331857721202,-1.1792285724578473,0.0659331857721202,0.9340668142278796,0.0004840172647973,0.0008012450339332,0.0088870760758478,True,0,0,1,1.1724425983285442,1,0,0,0,0.5655305804267539,0,1,1,0,1,0,0,0.002911502418379658,-0.01130970374848845,0.04442967541900472,0.006237438027803028,57.81871438294222,27.88899955625055,-32.1379987908105,True,0.5046505,0.5686707492054148,31.165792
2026-06-05 14:20:00,2026-06-05 14:45:00,1,1314.0,1314.6,pivot,0.599999999999909,0.178858,0.3211419999999091,10115.972999997137,1.0,2026-06-05,1317.6,0.0,1308.2,1314.95,1307.35,0.0,2026,0.0,1.0,1.0,1.0,1,14,4,6,1314.0,1318.2,1314.0,6.421797772934079,56.86909458127215,-0.595503221000854,-2.243883670241888,1.648380449241034,1307.725,1317.1471742994215,1298.302825700578,1312.9599999999998,1310.425,1307.725,1310.3725000000002,1309.9736271070333,1.0,-0.0016742770167428,0,-0.0044140030441399,0,-0.0109969558599695,0,-0.0777397260273973,0,0.0037290715372907,1,0.0005707762557077,1,-0.0075342465753425,0,-0.0082952815829528,0,2026-06-05 14:20:00,0.0028501415862227,0.0057465954576793,64.14983159485283,0.8745255661752847,0.6439238172063979,0.8745255661752847,0.1254744338247153,5.403998449204256e-05,0.0001569421690241,0.004182481444595,True,36.26813354974309,0.8280549378207025,0.5564654090433548,0.8280549378207025,0.1719450621792975,0.0004840172647973,0.0008012450339332,0.0088870760758478,True,0,0,1,1.648380449241034,1,1,1,1,0.8329910804338084,0,1,0,1,1,0,0,0.004775494672755016,0.0027606544901064133,0.014341208979332918,0.004887212916997016,93.74190367380825,47.37144853854633,117.46575342465704,True,0.5502875,0.5823026472388897,31.165792
2026-06-08 11:20:00,2026-06-08 11:55:00,-1,1219.0,1243.65,pivot,-24.65000000000009,0.1738795,-24.92387950000009,-785102.2042500029,1.0,2026-06-08,1231.5,0.0,1237.35,1246.65,1235.55,0.0,2026,0.0,1.0,2.0,2.0,0,11,0,6,1219.0,1231.75,1218.25,12.293783186564252,52.6637570980291,-6.36215676865686,-12.503621598337974,6.141464829681114,1210.9199999999998,1233.4059347872098,1188.4340652127898,1225.15,1217.02,1210.9199999999998,1263.2,1228.0769424507066,1.0,-0.0162838392124691,0,-0.0160377358490565,0,-0.0127973748974568,0,-0.0130434782608696,0,-0.0188679245283018,0,-0.0234208367514355,0,-0.0201804757998358,0,-0.0150533223954059,0,2026-06-08 11:20:00,0.0103251473325068,0.0119673860724923,1.8251669988881625,0.9947851269185064,2.431141727268802,0.9947851269185064,0.0052148730814934,5.403998449204256e-05,0.0001569421690241,0.004182481444595,True,9.070286321423534,0.9515875528098082,1.2564471085045636,0.9515875528098082,0.0484124471901917,0.0004840172647973,0.0008012450339332,0.0088870760758478,True,0,0,1,6.141464829681114,1,0,0,1,0.6796678696363573,0,0,1,0,0,0,0,0.006628383921247051,-0.03625922887612801,0.036892427870730105,0.010085137970930478,323.43261201641485,35.79386359386403,-594.3396226415067,True,0.50733465,0.584975503377897,31.165792
2026-06-08 11:55:00,2026-06-08 12:05:00,1,1243.65,1232.2,pivot,-11.450000000000044,0.1742755,-11.724275500000047,-369314.6782500015,1.0,2026-06-08,1237.35,0.0,1237.85,1241.5,1232.2,0.0,2026,0.0,1.0,2.0,2.0,0,11,0,6,1243.65,1246.65,1235.55,11.439667693111131,52.912132758783216,2.288313151683724,-2.115896968535325,4.404210120219049,1222.1425000000002,1257.279049797568,1187.0059502024324,1241.81,1236.3049999999998,1222.1425000000002,1255.6566666666663,1228.0769424507066,1.0,-0.0094479958187592,0,-0.0038998110400837,0,-0.0080810517428538,0,-0.0137096449965827,0,-0.0072769669923211,0,-0.011578820407671,0,-0.0054275720660957,0,-0.0092067703935995,0,2026-06-08 11:55:00,-0.0050384032097483,0.0009298377496773,19.094725121068468,0.048867304192902,-1.242168183551976,0.048867304192902,0.951132695807098,5.403998449204256e-05,0.0001569421690241,0.004182481444595,True,80.59113850649005,0.536390048285923,0.0144696314790791,0.536390048285923,0.463609951714077,0.0004840172647973,0.0008012450339332,0.0088870760758478,True,0,0,1,4.404210120219049,1,0,1,1,0.8060559463565873,0,1,1,0,0,0,0,0.017293852772082126,-0.009654377571395653,0.056505527757114614,0.009198462343192321,233.0361505786069,42.65013924462639,-229.22446025811465,True,0.51525545,0.5578972287332582,31.165792
2026-06-08 12:05:00,2026-06-08 12:25:00,-1,1232.2,1238.85,pivot,-6.649999999999864,0.1741315,-6.924131499999864,-218110.1422499957,1.0,2026-06-08,1237.85,0.0,1236.9,1238.95,1234.0,0.0,2026,0.0,1.0,1.0,2.0,0,12,0,6,1232.2,1241.5,1232.2,11.166346123141734,53.03760061394965,2.1652575825810345,-0.6066038222662706,2.7718614048473054,1226.3525,1255.7439859690166,1196.9610140309833,1237.85,1238.535,1226.3525,1253.3825,1228.0769424507066,1.0,-0.0019477357571821,0,-0.0,0,-0.0019883135854569,0,0.0114429475734459,1,-0.0053562733322511,0,-0.0038143158578153,0,-0.0041795163122868,0,-0.0033273819185196,0,2026-06-08 12:05:00,0.0048183107693659,-0.0078056242455116,21.0217066454958,0.94910105318998,1.1144983336066066,0.94910105318998,0.0508989468100199,5.403998449204256e-05,0.0001569421690241,0.004182481444595,True,16.759216224744986,0.0916642752353477,-0.968470305192462,0.0916642752353477,0.9083357247646522,0.0004840172647973,0.0008012450339332,0.0088870760758478,True,0,0,1,2.7718614048473054,1,0,0,0,0.599476086478994,0,1,0,1,1,0,0,0.004745577016718131,-0.017190796948547225,0.047705706815479115,0.00906212150879868,147.0128781475128,31.794773252286426,-168.72260996590964,True,0.5372398,0.5767129664156414,31.165792
2026-06-08 13:00:00,2026-06-08 13:25:00,1,1234.8,1225.7,pivot,-9.099999999999907,0.173815,-9.37381499999991,-295275.17249999713,1.0,2026-06-08,1234.9,0.0,1227.7,1230.0,1224.85,0.0,2026,0.0,1.0,1.0,1.0,0,13,0,6,1234.8,1239.15,1231.3,9.039098386268556,50.922078637398855,1.1550149945364865,1.2467545044242678,-0.0917395098877813,1236.885,1245.2204095718955,1228.5495904281045,1234.95,1234.925,1236.885,1239.3958333333333,1228.0769424507066,1.0,-0.0019031422092645,0,-0.005749919015225,0,-0.0147797214123744,0,-0.0333657272432783,0,-0.0053449951409134,0,-0.0072886297376093,0,-0.0059118885649497,0,-0.0066407515387107,0,2026-06-08 13:00:00,0.000202466037014,-0.0019820008510735,194.34658091289648,0.5291514276902547,0.0108844160082864,0.5291514276902547,0.4708485723097453,5.403998449204256e-05,0.0001569421690241,0.004182481444595,True,65.42214330551032,0.3117438699954166,-0.313179032254583,0.3117438699954166,0.6882561300045833,0.0004840172647973,0.0008012450339332,0.0088870760758478,True,0,0,0,0.09173950988778135,0,0,0,0,0.37493116072964044,1,1,0,1,1,0,0,-0.0016885325558795242,-0.0037219252780477025,0.013500825351304705,0.007320293477703722,-4.671566536662029,19.09227405028598,-168.3673469387721,True,0.5046505,0.5727919210756206,31.165792
2026-06-11 11:55:00,2026-06-11 12:30:00,-1,1208.05,1213.55,pivot,-5.5,0.172648,-5.772647999999999,-181838.41199999998,1.0,2026-06-11,1213.45,0.0,1219.8,1221.5,1212.65,0.0,2026,0.0,1.0,1.0,0.0,1,11,3,6,1208.05,1215.1,1207.85,9.176975320051548,51.289088099302624,-1.6816633503647154,-0.8244199123048551,-0.8572434380598603,1215.8625,1238.0901943211468,1193.6348056788531,1208.65,1206.15,1215.8625,1209.3774999999998,1209.8621710627906,1.0,-0.0065808534414966,0,-0.0046355697197964,0,-0.0124580936219526,0,-0.0175075534953024,0,0.0018211166756343,1,-0.0006622242456851,0,-0.0043044575969538,0,-0.0097264186085013,0,2026-06-11 11:55:00,0.003425862395116,0.0115627389065964,57.55117788719088,0.8572129725871804,0.6621961105491945,0.8572129725871804,0.1427870274128195,3.0315229701143435e-05,3.663137020312779e-05,0.0051181681240955,True,14.273867989894187,0.915499434425622,1.0248141680764529,0.915499434425622,0.0845005655743779,0.0004793510463258,0.0001998848833679,0.0110877214398355,True,0,0,0,0.8572434380598603,0,0,0,1,0.32426202450140323,0,0,1,0,1,0,0,-0.006467033649269484,-0.0010988783576837654,0.036799295262856385,0.007596519448740987,-43.967234217201245,16.631103541910697,57.36517528248045,True,0.52233034,0.5976069263487243,31.165792
2026-06-11 12:30:00,2026-06-11 13:00:00,1,1213.55,1230.4,pivot,16.850000000000136,0.1733185,16.576681500000138,522165.4672500043,1.0,2026-06-11,1219.8,0.0,1225.6,1233.5,1223.6,0.0,2026,0.0,1.0,1.0,1.0,1,12,3,6,1213.55,1221.5,1212.65,7.961934146775317,56.39446723105885,0.0786019702582052,-0.7722220579479205,0.8508240282061258,1210.395,1223.37400734555,1197.41599265445,1212.28,1211.73,1210.395,1210.1633333333334,1209.8621710627906,1.0,0.0078694738576902,1,0.0138436817601252,1,0.0098471426805653,1,0.0106299699229533,1,0.0078694738576902,1,0.0105887684891435,1,0.009929545548185,1,0.0098471426805653,1,2026-06-11 12:30:00,0.0053842015770304,0.0079012756741348,24.60645723715665,0.932400983902502,1.044821130758049,0.932400983902502,0.0675990160974979,3.0315229701143435e-05,3.663137020312779e-05,0.0051181681240955,True,27.736549500335983,0.8401659120844968,0.6945873264003246,0.8401659120844968,0.1598340879155032,0.0004793510463258,0.0001998848833679,0.0110877214398355,True,0,0,1,0.8508240282061257,1,1,1,1,0.6215424229296596,0,1,0,1,1,0,0,0.002599810473404452,0.002790710450056893,0.02139014848263346,0.006560862054942373,47.98176777806785,35.05155380261961,247.8884265172413,True,0.5121093,0.6087215329872175,31.165792
2026-06-11 14:25:00,2026-06-11 14:40:00,-1,1226.25,1227.2,pivot,-0.9500000000000456,0.1736035,-1.2236035000000456,-38543.51025000143,1.0,2026-06-11,1220.25,0.0,1230.25,1231.5,1226.65,0.0,2026,0.0,1.0,1.0,1.0,0,14,3,6,1226.25,1226.25,1218.2,6.449381423487949,44.27631765884901,1.858554583807063,3.258320256027227,-1.399765672220164,1227.74,1235.5691358731267,1219.910864126873,1225.27,1229.14,1227.74,1218.9216666666666,1217.7241474698365,1.0,0.0005300713557595,1,0.0018348623853211,1,0.0004485219164117,1,-0.1025076452599388,0,-0.0032619775739041,0,-0.0029357798165136,0,-8.154943934753032e-05,0,0.0065647298674821,1,2026-06-11 14:25:00,-0.0050272927903475,-0.0070637045232946,30.30418263113044,0.0789662259079991,-0.989401683917052,0.0789662259079991,0.9210337740920008,3.0315229701143435e-05,3.663137020312779e-05,0.0051181681240955,True,26.578800535059983,0.164154261766852,-0.6551020826124204,0.164154261766852,0.835845738233148,0.0004793510463258,0.0001998848833679,0.0110877214398355,True,0,0,0,1.399765672220164,0,1,1,0,0.4048426273253054,1,1,0,1,1,0,0,-0.0012150866462793143,0.005976214746856983,0.012769232820594173,0.005259434392242976,-61.9764695511723,17.92494076929825,-102.75229357797916,True,0.5085927,0.594159242635279,31.165792
2026-06-12 14:10:00,2026-06-12 14:15:00,-1,1347.45,1349.7,pivot,-2.25,0.1809145,-2.5309145,-79723.80675,1.0,2026-06-12,1349.9,0.0,1349.6,1351.35,1348.35,0.0,2026,0.0,1.0,1.0,1.0,1,14,4,6,1347.45,1350.35,1346.1,3.4855849165774693,44.31383493170221,1.1240475084287027,2.7076552089551207,-1.583607700526418,1355.4175,1361.4532073546882,1349.381792645312,1352.69,1355.605,1355.4175,1350.1416666666669,1351.3390531871685,-1.0,-0.0015956065160116,0,0.0191472781921406,1,0.0287580244164904,1,-0.0161416008015139,0,0.000111321384838,1,0.0050465694459905,1,0.0232661694311478,1,0.027310846413596,1,2026-06-12 14:10:00,0.0018165982714559,-0.0065346438206378,106.26240722608227,0.7260388980426644,0.3477742149330821,0.7260388980426644,0.2739611019573356,3.0315229701143435e-05,3.663137020312779e-05,0.0051181681240955,True,28.986343198333778,0.1789554732229115,-0.6073861740258197,0.1789554732229115,0.8210445267770885,0.0004793510463258,0.0001998848833679,0.0110877214398355,True,0,0,0,1.583607700526418,0,0,0,0,-0.16003034373523636,1,0,0,1,1,0,0,-0.005913020891313201,-0.0019976004057047263,0.008958710682679198,0.002586800932559627,-70.1757302377002,-7.091558236346829,3.506623622397,True,0.5085927,0.5533665804584682,31.165792
2026-06-12 14:15:00,2026-06-12 14:40:00,-1,1349.7,1321.25,pivot,28.450000000000045,0.1801285,28.169871500000045,887350.9522500015,1.0,2026-06-12,1349.6,0.0,1316.1,1328.75,1312.0,0.0,2026,0.0,1.0,1.0,1.0,1,14,4,6,1349.7,1351.35,1348.35,3.450900279679079,43.76706392552178,0.6902050462376792,2.3041651764116327,-1.6139601301739537,1355.125,1361.6972302637555,1348.5527697362445,1351.13,1354.75,1355.125,1350.2333333333331,1351.3390531871685,-1.0,0.0022968066977847,1,0.0248944209824406,1,0.0298955323405202,1,-0.0141512928798991,0,0.0067051937467585,1,0.0207823960880195,1,0.0289323553382232,1,0.0233014744017189,1,2026-06-12 14:15:00,-0.0002222633830229,-0.0057628530378996,135.32847368200336,0.4654194218844092,-0.0505834796647698,0.4654194218844092,0.5345805781155908,3.0315229701143435e-05,3.663137020312779e-05,0.0051181681240955,True,32.6744313308906,0.2029090479324863,-0.537778474470406,0.2029090479324863,0.7970909520675136,0.0004793510463258,0.0001998848833679,0.0110877214398355,True,0,0,0,1.6139601301739535,0,0,0,0,0.08727861149983476,1,0,0,1,1,0,0,-0.004019411721123179,-0.0003951495394036272,0.009738801605920576,0.0025567906050819283,-70.63829619056689,3.8199285688440487,211.21360302289273,True,0.4928286,0.57230488785392,31.165792
2026-06-12 14:40:00,2026-06-12 15:05:00,1,1321.25,1309.25,pivot,-12.0,0.178915,-12.278915,-386785.8225,1.0,2026-06-12,1316.1,0.0,1309.35,1312.45,1302.25,0.0,2026,0.0,2.0,0.0,0.0,0,14,4,6,1321.25,1328.75,1312.0,6.510125463986152,16.301937662787907,-5.411773019170596,-1.0263821313588617,-4.385390887811735,1349.8725,1373.4332942656583,1326.3117057343416,1334.46,1342.7949999999998,1349.8725,1348.8425,1343.122599509992,-1.0,-0.00802270577105,0,-0.0090066225165563,0,-0.015212866603595,0,0.0470009460737936,1,-0.0140397350993377,0,-0.0094985808893093,0,-0.0063576158940398,0,-0.0150614947965942,0,2026-06-12 14:40:00,-0.0042081381405706,-0.0251354343914805,41.3374079216787,0.1083962347196075,-0.8293532779413916,0.1083962347196075,0.8916037652803925,3.0315229701143435e-05,3.663137020312779e-05,0.0051181681240955,True,1.752820461661819,0.0172696468302359,-2.284988797051192,0.0172696468302359,0.982730353169764,0.0004793510463258,0.0001998848833679,0.0110877214398355,True,1,0,0,4.3853908878117345,0,0,0,0,-0.10741797745162121,1,0,0,1,0,1,0,-0.021663197729422854,-0.020883632923368003,0.035664400023702386,0.004927247276432282,-71.49036888006502,-1.751121172279086,-442.2516556291376,True,0.67240745,0.5917245167032186,38.630325
2026-06-16 13:55:00,2026-06-16 14:45:00,-1,1401.55,1399.7,pivot,1.849999999999909,0.1840375,1.5659624999999089,49327.81874999713,1.0,2026-06-16,1403.3,0.0,1396.85,1401.15,1396.45,0.0,2026,0.0,1.0,1.0,1.0,0,13,1,6,1401.55,1404.05,1400.5,3.724710585239652,50.68723775585493,1.3489323723679263,2.2537233819595857,-0.9047910095916594,1405.6775,1410.9441253165692,1400.4108746834308,1404.03,1405.14,1405.6775,1398.3633333333337,1398.8574006528297,1.0,-0.0026756091470158,0,-0.0030323570332845,0,0.0033534301309265,1,-0.0011059184474331,0,-0.0029610074560308,0,-0.0038885519603296,0,-0.0027826335128965,0,0.0033177553422994,1,2026-06-16 13:55:00,0.0010338129006598,-0.0009971510797741,126.14948108413098,0.6342282044352208,0.1948317261721303,0.6342282044352208,0.3657717955647792,3.0315229701143435e-05,3.663137020312779e-05,0.0051181681240955,True,55.04759848694766,0.4155438294688069,-0.107960501139707,0.4155438294688069,0.584456170531193,0.0004793510463258,0.0001998848833679,0.0110877214398355,True,0,0,0,0.9047910095916594,0,1,0,0,0.1081456576173495,1,1,0,1,1,0,0,-0.0029449538011487673,0.002273673195152702,0.007515429797822642,0.0026575652564943468,-45.86135702253246,5.481604659913878,-93.2717348649702,True,0.5046505,0.5419439186965781,31.165792
2026-06-16 15:15:00,2026-06-16 15:45:00,1,1401.65,1403.1,eod,1.449999999999818,0.1841425,1.1658574999998181,36724.51124999427,1.0,2026-06-16,1402.0,0.0,1403.1,1403.1,1403.1,0.0,2026,0.0,1.0,1.0,1.0,1,15,1,6,1401.65,1402.6,1401.0,3.535263821965781,50.81818017814746,-0.6710353125331494,-0.5817270878903502,-0.0893082246427992,1401.8825000000002,1408.7356418160534,1395.029358183947,1400.39,1399.135,1401.8825000000002,1400.3008333333337,1398.8574006528297,1.0,-3.567224342751892e-05,0,-0.0163022152463169,0,-0.008347304962009,0,-0.0075981878500339,0,0.000927478329112,1,0.0010344950593941,1,-0.0168016266543004,0,-0.0152677201869226,0,2026-06-16 15:15:00,0.0001783325907534,0.0031075337992801,136.22580054707765,0.5203103557438185,0.0276859253378556,0.5203103557438185,0.4796896442561815,3.0315229701143435e-05,3.663137020312779e-05,0.0051181681240955,True,52.65310171476678,0.6491946165663257,0.2622404370176229,0.6491946165663257,0.3508053834336743,0.0004793510463258,0.0001998848833679,0.0110877214398355,True,0,0,0,0.0893082246427992,0,1,1,1,0.48303697732801554,1,1,0,0,1,0,0,-0.00016587593193741144,0.0009625560351488644,0.009778677724186875,0.0025222158327441093,-4.538481451288239,24.54706014656282,29.215567367028,True,0.50623804,0.5763374787484576,31.165792
2026-06-17 12:20:00,2026-06-17 12:55:00,1,1402.15,1404.55,pivot,2.399999999999864,0.184201,2.1157989999998636,66647.6684999957,1.0,2026-06-17,1398.65,0.0,1404.75,1405.35,1403.3,0.0,2026,0.0,1.0,1.0,1.0,0,12,2,6,1402.15,1402.15,1398.3,3.5311180834725806,45.66020498817714,0.9829012084228452,1.854190889724945,-0.8712896813020998,1403.025,1408.853559460326,1397.1964405396743,1401.35,1402.45,1403.025,1397.4916666666666,1397.7085049237503,1.0,-0.0029240808757979,0,0.0008558285490138,1,0.0051349712940839,1,0.0120529187319472,1,-0.0013550618692722,0,-0.0001069785686268,0,0.0018186356666547,1,0.0018542951895302,1,2026-06-17 12:20:00,-0.0024992872192782,-0.0032478569514193,79.15955933796585,0.2091288900454603,-0.4954738742447016,0.2091288900454603,0.7908711099545397,3.0315229701143435e-05,3.663137020312779e-05,0.0051181681240955,True,45.22613518027038,0.3014708824932509,-0.310951339596287,0.3014708824932509,0.6985291175067492,0.0004793510463258,0.0001998848833679,0.0110877214398355,True,0,0,0,0.8712896813020998,0,1,1,0,0.4249385713608908,1,1,0,1,1,0,0,-0.0006240416503227186,0.0033222788812420426,0.008313745976287689,0.002518359721479571,-39.78326545233741,19.402782275721414,-42.6844488820743,True,0.50146675,0.5817005643227202,31.165792
2026-06-18 14:00:00,2026-06-18 15:45:00,-1,1455.9,1470.1,eod,-14.199999999999818,0.18778,-14.487779999999818,-456365.06999999424,1.0,2026-06-18,1453.45,0.0,1470.1,1470.1,1470.1,0.0,2026,0.0,1.0,1.0,1.0,0,14,3,6,1455.9,1456.85,1452.3,3.862262919320299,44.81436029632695,2.623033220819025,4.076776064636033,-1.4537428438170084,1459.5975,1468.2789669582485,1450.9160330417517,1458.39,1461.395,1459.5975,1449.015,1456.6059307376224,-1.0,-0.0014080637406414,0,-0.004911051583213,0,-0.0134624630812555,0,-0.045401469881173,0,-0.0033656157703138,0,-0.0040524761316023,0,-0.0066968885225633,0,-0.0093413009135242,0,2026-06-18 14:00:00,-0.0017529090741869,-0.0076079873477103,101.97910517831924,0.2773720351287575,-0.3496447168206837,0.2773720351287575,0.7226279648712425,3.0315229701143435e-05,3.663137020312779e-05,0.0051181681240955,True,24.23446284739072,0.1502283213063785,-0.7041908721684212,0.1502283213063785,0.8497716786936215,0.0004793510463258,0.0001998848833679,0.0110877214398355,True,0,0,0,1.4537428438170084,0,1,0,0,0.28704635876734286,1,0,0,1,1,0,0,-0.0025396661858644075,0.00472903358747166,0.0119259110629142,0.0026528353041557103,-65.14855558102238,12.863798943548431,-106.01689676488469,True,0.5085927,0.5681001487596292,31.165792
2026-06-19 11:55:00,2026-06-19 12:05:00,1,1521.4,1515.8,pivot,-5.600000000000136,0.191116,-5.891116000000136,-185570.1540000043,1.0,2026-06-19,1517.35,0.0,1513.95,1518.0,1513.0,0.0,2026,0.0,1.0,1.0,1.0,0,11,4,6,1521.4,1522.7,1517.0,5.438368084011567,49.26550946667224,1.262062921703773,2.246609085092284,-0.9845461633885112,1521.3275,1534.799868413158,1507.8551315868417,1520.27,1517.6999999999998,1521.3275,1503.4716666666668,1518.013522521011,-1.0,-0.0034836334954648,0,-0.019455764427501,0,-0.0328644669383462,0,-0.0426252136190351,0,-0.0090705928749836,0,-0.0153805705271461,0,-0.0228079400552123,0,-0.0322400420665178,0,2026-06-19 11:55:00,-0.002468365057189,9.886144576438982e-05,79.55955321515759,0.2052253087747628,-0.4818986618236182,0.2052253087747628,0.7947746912252371,5.5377162570452734e-05,0.0001014026503107,0.0053325894240403,True,58.9223395069378,0.4802527941216763,-0.0346729097900546,0.4802527941216763,0.5197472058783237,0.0004311940572632,0.0005045616994243,0.0117007847370334,True,0,0,0,0.9845461633885111,1,1,1,1,0.5026906924520194,1,1,1,0,1,0,0,4.76534770605961e-05,0.011784102361859658,0.017710488251818278,0.0035745813619111125,-48.50416833279253,24.765313067802985,-285.7236755619834,True,0.5046505,0.5678265099445164,31.165792
2026-06-19 12:05:00,2026-06-19 12:30:00,-1,1515.8,1486.6,pivot,29.200000000000045,0.190072,28.909928000000043,910662.7320000014,1.0,2026-06-19,1513.95,0.0,1472.35,1487.05,1472.0,0.0,2026,0.0,1.0,1.0,0.0,1,12,4,6,1515.8,1518.0,1513.0,5.381296970397726,45.0884432762868,0.4377869950824333,1.6696780272999945,-1.231891032217561,1519.4925,1530.6016368335238,1508.3833631664763,1518.0099999999998,1518.41,1519.4925,1505.4816666666666,1518.013522521011,-1.0,0.0054096846549677,1,0.0286647314949202,1,0.0352289220213747,1,0.0409684654967673,1,0.0158332233803931,1,0.0191977833487266,1,0.0186700092360469,1,0.0278070985618154,1,2026-06-19 12:05:00,-0.0014191187345576,-0.0050402834381475,112.10960674253272,0.3066957863799616,-0.2851375314989817,0.3066957863799616,0.6933042136200385,5.5377162570452734e-05,0.0001014026503107,0.0053325894240403,True,36.59026007390874,0.2248182638679953,-0.4738866035217542,0.2248182638679953,0.7751817361320047,0.0004311940572632,0.0005045616994243,0.0117007847370334,True,0,0,0,1.2318910322175611,0,1,0,0,0.333807970172023,1,0,0,1,1,0,0,-0.0024360073888376496,0.006807186524167691,0.014657787087377933,0.0035501365420225134,-55.544048928707895,15.050881728273698,498.7465364823826,True,0.50809884,0.5718207617094657,31.165792
2026-06-19 14:45:00,2026-06-19 15:30:00,-1,1452.55,1468.35,pivot,-15.799999999999956,0.187627,-16.08762699999995,-506760.2504999985,1.0,2026-06-19,1467.85,0.0,1476.5,1478.25,1466.6,0.0,2026,0.0,1.0,1.0,1.0,0,14,4,6,1452.55,1468.0,1452.55,9.840139205401234,52.03456002970676,-7.8741055705604595,-9.966758990991494,2.0926534204310343,1459.0625,1477.5532907411125,1440.5717092588875,1453.39,1455.045,1459.0625,1492.5116666666663,1471.7307162044945,-1.0,-0.0156276892361709,0,-0.0213073560290523,0,-0.0157998003511067,0,,0,-0.0238890227530894,0,-0.0257822450173832,0,-0.0196206671026814,0,-0.0193797115417714,0,2026-06-19 14:45:00,0.010512535391167,0.0090334232765697,2.583335768306838,0.9905034963392736,1.9523597098851864,0.9905034963392736,0.0094965036607265,5.5377162570452734e-05,0.0001014026503107,0.0053325894240403,True,22.831038577783684,0.8739703668869829,0.7289136385999122,0.8739703668869829,0.126029633113017,0.0004311940572632,0.0005045616994243,0.0117007847370334,True,0,0,1,2.0926534204310343,0,0,0,0,0.32389882371227846,1,0,0,1,1,0,0,-0.004483494544077688,-0.027511388018771375,0.025459764883979906,0.006774389319060435,108.89030002678983,16.85393278600796,-752.5042167223161,True,0.50733465,0.6097051483204544,31.165792
