entry_time,exit_time,direction,entry_px,exit_px,exit_reason,gross_pts,cost_pts,net_pts,net_krw,size_factor,exit_date,entry_close,entry_high,entry_low,entry_volume,exit_close,exit_high,exit_low,exit_volume,year,entry_rsi,entry_macd,entry_macd_signal,entry_macd_hist,entry_atr,entry_supertrend,entry_supertrend_dir,entry_ma5,entry_ma10,entry_ma20,entry_ma60,entry_bb_upper,entry_bb_lower,entry_bb_middle,atr_normalized,volatility_regime,trend_regime,momentum_regime,is_win,entry_hour,entry_dayofweek,entry_month,ret_log_5m_kde_pdf,ret_log_5m_kde_cdf,ret_log_5m_kde_zscore,ret_log_5m_kde_left_tail,ret_log_5m_kde_right_tail,ret_log_5m_kde_median,ret_log_5m_kde_mean,ret_log_5m_kde_std,ret_log_5m_kde_ready,ret_log_15m_kde_pdf,ret_log_15m_kde_cdf,ret_log_15m_kde_zscore,ret_log_15m_kde_left_tail,ret_log_15m_kde_right_tail,ret_log_15m_kde_median,ret_log_15m_kde_mean,ret_log_15m_kde_std,ret_log_15m_kde_ready,ret_log_30m_kde_pdf,ret_log_30m_kde_cdf,ret_log_30m_kde_zscore,ret_log_30m_kde_left_tail,ret_log_30m_kde_right_tail,ret_log_30m_kde_median,ret_log_30m_kde_mean,ret_log_30m_kde_std,ret_log_30m_kde_ready,ret_log_60m_kde_pdf,ret_log_60m_kde_cdf,ret_log_60m_kde_zscore,ret_log_60m_kde_left_tail,ret_log_60m_kde_right_tail,ret_log_60m_kde_median,ret_log_60m_kde_mean,ret_log_60m_kde_std,ret_log_60m_kde_ready,kde_aligned_tail_5m,kde_opposite_tail_5m,kde_aligned_zscore_5m,kde_aligned_tail_15m,kde_opposite_tail_15m,kde_aligned_zscore_15m,kde_aligned_tail_30m,kde_opposite_tail_30m,kde_aligned_zscore_30m,kde_aligned_tail_60m,kde_opposite_tail_60m,kde_aligned_zscore_60m,rsi_oversold,rsi_overbought,macd_bullish,macd_strength,price_above_ma20,price_above_ma60,price_above_ma5,price_above_ma10,bb_position,bb_lower_touch,price_above_st,is_morning,is_afternoon,is_bull,is_neutral,is_bear,price_ma20_ratio,price_ma60_ratio,bb_width,atr_ratio,rsi_macd_interaction,rsi_bb_interaction,kde_tail_spread_5m,kde_zscore_abs_5m,kde_tail_spread_15m,kde_zscore_abs_15m,kde_tail_spread_30m,kde_zscore_abs_30m,kde_tail_spread_60m,kde_zscore_abs_60m,filter_score,entry_score,exit_score
2025-02-28 10:50:00,2025-02-28 13:25:00,-1,337.15,335.9,pivot,1.25,0.1201915,0.9298085000000001,29288.967750000003,1.0,2025-02-28,337.1,337.25,336.95,0.0,335.8,336.0,335.6,0.0,2025,0.0,0.0,0.0,0.0,0.0,0.0,0.0,0.0,0.0,0.0,0.0,0.0,0.0,0.0,0.0,1.0,1.0,1.0,1,10,4,2,158.67039915862802,0.1045528171427934,-1.1284507916304014,0.1045528171427934,0.8954471828572066,-5.666493436411928e-05,-6.647152069385944e-05,0.0009929296404816,True,183.1349189269298,0.2090152068806804,-0.6834413944217149,0.2090152068806804,0.7909847931193196,-0.0001868723800554,-0.0001893601922069,0.0016765922240577,True,26.32540420886652,0.0386467166026745,-1.778517972356359,0.0386467166026745,0.9613532833973256,-0.0003952665677132,-0.000416533391767,0.0022643909644547,True,22.36364915951019,0.0534996475766964,-1.6167389782291033,0.0534996475766964,0.9465003524233035,-0.0007592270855687,-0.0009558620727054,0.0030708842947922,True,0.8954471828572066,0.1045528171427934,-1.1284507916304014,0.7909847931193196,0.2090152068806804,-0.6834413944217149,0.9613532833973256,0.0386467166026745,-1.778517972356359,0.9465003524233035,0.0534996475766964,-1.6167389782291033,1,0,0,0.0,1,1,1,1,,0,1,1,0,1,0,0,1.0,1.0,0.0,0.0,0.0,,0.7908943657144132,1.1284507916304014,0.5819695862386391,0.6834413944217149,0.9227065667946511,1.778517972356359,0.8930007048466071,1.6167389782291033,0.50995404,0.5087867545378166,0.5090502
2025-03-04 10:30:00,2025-03-04 10:50:00,-1,333.65,333.65,pivot,-0.0,0.120019,-0.320019,-10080.5985,1.0,2025-03-04,333.0,333.9,332.8,0.0,334.1,334.15,333.55,0.0,2025,0.0,0.0,0.0,0.0,0.0,0.0,0.0,0.0,0.0,0.0,0.0,0.0,0.0,0.0,0.0,1.0,1.0,1.0,0,10,1,3,223.89232401146955,0.8698481493351647,1.0234820147597623,0.8698481493351647,0.1301518506648352,-6.62512099750857e-05,-6.825492802302946e-05,0.0009428421025883,True,101.46412851995444,0.9050105225508916,1.1972101315596004,0.9050105225508916,0.0949894774491084,-0.0002040857196869,-0.0002160003511053,0.0015541253471379,True,93.29293929181172,0.1437037119996792,-0.9517193977681244,0.1437037119996792,0.8562962880003208,-0.0004631974867633,-0.0005080442573539,0.0022877773885058,True,105.26595788891127,0.2412412114198943,-0.6063978548525786,0.2412412114198943,0.7587587885801057,-0.0009253537445419,-0.001076022395266,0.0028996141034188,True,0.1301518506648352,0.8698481493351647,1.0234820147597623,0.0949894774491084,0.9050105225508916,1.1972101315596004,0.8562962880003208,0.1437037119996792,-0.9517193977681244,0.7587587885801057,0.2412412114198943,-0.6063978548525786,1,0,0,0.0,1,1,1,1,,0,1,1,0,1,0,0,1.0,1.0,0.0,0.0,0.0,,-0.7396962986703295,1.0234820147597623,-0.8100210451017833,1.1972101315596004,0.7125925760006415,0.9517193977681244,0.5175175771602114,0.6063978548525786,0.50995404,0.5183491920167113,0.5176903
2025-03-04 10:50:00,2025-03-04 11:00:00,-1,333.65,333.05,pivot,0.5999999999999659,0.120001,0.27999899999996586,8819.968499998924,1.0,2025-03-04,334.1,334.15,333.55,0.0,333.3,333.75,333.05,0.0,2025,0.0,0.0,0.0,0.0,0.0,0.0,0.0,0.0,0.0,0.0,0.0,0.0,0.0,0.0,0.0,1.0,1.0,1.0,1,10,1,3,99.551464376103,0.9407849644946106,1.504269781779946,0.9407849644946106,0.0592150355053894,-6.62512099750857e-05,-6.825492802302946e-05,0.0009428421025883,True,281.8905208188851,0.4292620750600418,-0.1503136482065075,0.4292620750600418,0.5707379249399582,-0.0002040857196869,-0.0002160003511053,0.0015541253471379,True,77.99917765092142,0.1171344278364935,-1.086435169975538,0.1171344278364935,0.8828655721635065,-0.0004631974867633,-0.0005080442573539,0.0022877773885058,True,13.094841886877772,0.0261765114396043,-2.204140494988212,0.0261765114396043,0.9738234885603956,-0.0009253537445419,-0.001076022395266,0.0028996141034188,True,0.0592150355053894,0.9407849644946106,1.504269781779946,0.5707379249399582,0.4292620750600418,-0.1503136482065075,0.8828655721635065,0.1171344278364935,-1.086435169975538,0.9738234885603956,0.0261765114396043,-2.204140494988212,1,0,0,0.0,1,1,1,1,,0,1,1,0,1,0,0,1.0,1.0,0.0,0.0,0.0,,-0.8815699289892212,1.504269781779946,0.1414758498799164,0.1503136482065075,0.765731144327013,1.086435169975538,0.9476469771207913,2.204140494988212,0.50995404,0.5183491920167113,0.5180912
2025-03-05 08:45:00,2025-03-05 10:30:00,-1,335.5,334.9,pivot,0.6000000000000227,0.120112,0.27988800000002273,8816.472000000716,1.0,2025-03-05,335.9,336.2,335.0,0.0,334.25,335.1,333.55,0.0,2025,0.0,0.0,0.0,0.0,0.0,0.0,0.0,0.0,0.0,0.0,0.0,0.0,0.0,0.0,0.0,1.0,1.0,1.0,1,8,2,3,464.6084222956434,0.2896436519413277,-0.4565592197537992,0.2896436519413277,0.7103563480586723,-5.6692586658141485e-05,-5.3431583143199145e-05,0.0008692187851774,True,173.03578535193304,0.1617204176930695,-0.8498990679022569,0.1617204176930695,0.8382795823069304,-0.0002374276024805,-0.0002553262741036,0.0014646727702676,True,100.21819739583434,0.1208714632048233,-1.096299124454171,0.1208714632048233,0.8791285367951767,-0.0004703442837489,-0.0005499159970027,0.0016868073744082,True,194.09574709401264,0.3807459663394412,-0.2947070972899972,0.3807459663394412,0.6192540336605588,-0.0010627821443962,-0.0010750051275585,0.0019512136054155,True,0.7103563480586723,0.2896436519413277,-0.4565592197537992,0.8382795823069304,0.1617204176930695,-0.8498990679022569,0.8791285367951767,0.1208714632048233,-1.096299124454171,0.6192540336605588,0.3807459663394412,-0.2947070972899972,1,0,0,0.0,1,1,1,1,,0,1,0,0,1,0,0,1.0,1.0,0.0,0.0,0.0,,0.42071269611734463,0.4565592197537992,0.6765591646138609,0.8498990679022569,0.7582570735903533,1.096299124454171,0.23850806732111757,0.2947070972899972,0.50995404,0.5179956420733304,0.52804804
2025-03-05 10:30:00,2025-03-05 10:35:00,1,334.9,334.25,pivot,-0.6499999999999773,0.1200745,-0.9700744999999773,-30557.346749999284,1.0,2025-03-05,334.25,335.1,333.55,0.0,334.3,334.6,334.2,0.0,2025,0.0,0.0,0.0,0.0,0.0,0.0,0.0,0.0,0.0,0.0,0.0,0.0,0.0,0.0,0.0,1.0,1.0,1.0,0,10,2,3,447.0518609049421,0.6915926598566793,0.3637655719324075,0.6915926598566793,0.3084073401433207,6.107678990504606e-05,0.0001047598494178,0.0009433781424544,True,295.40324976509163,0.3563057941308007,-0.3611678744397025,0.3563057941308007,0.6436942058691992,0.000167261626364,0.0003328643811975,0.0017481395516703,True,168.59618822465055,0.2656063025376511,-0.5665893356517879,0.2656063025376511,0.7343936974623488,0.0004418125643916,0.0007210400453133,0.002589426956434,True,45.48082241408699,0.0669380522292405,-1.2812862338094582,0.0669380522292405,0.9330619477707596,0.0009455546844413,0.0014741636333159,0.0035933084433094,True,0.6915926598566793,0.3084073401433207,-0.3637655719324075,0.3563057941308007,0.6436942058691992,0.3611678744397025,0.2656063025376511,0.7343936974623488,0.5665893356517879,0.0669380522292405,0.9330619477707596,1.2812862338094582,1,0,0,0.0,1,1,1,1,,0,1,1,0,1,0,0,1.0,1.0,0.0,0.0,0.0,,0.38318531971335856,0.3637655719324075,-0.2873884117383985,0.3611678744397025,-0.46878739492469773,0.5665893356517879,-0.866123895541519,1.2812862338094582,0.50995404,0.5183491920167113,0.5165827
2025-03-05 10:35:00,2025-03-05 11:35:00,-1,334.25,334.15,pivot,0.1000000000000227,0.120052,-0.22005199999997727,-6931.637999999284,1.0,2025-03-05,334.3,334.6,334.2,0.0,334.4,334.6,334.15,0.0,2025,0.0,0.0,0.0,0.0,0.0,0.0,0.0,0.0,0.0,0.0,0.0,0.0,0.0,0.0,0.0,1.0,1.0,1.0,0,10,2,3,485.9796806566464,0.3938611023152853,-0.2692949858627218,0.3938611023152853,0.6061388976847146,6.107678990504606e-05,0.0001047598494178,0.0009433781424544,True,306.5301722978285,0.4015364177906775,-0.2758083786013864,0.4015364177906775,0.5984635822093225,0.000167261626364,0.0003328643811975,0.0017481395516703,True,146.8249549875245,0.2180722532270934,-0.6818429083529002,0.2180722532270934,0.7819277467729067,0.0004418125643916,0.0007210400453133,0.002589426956434,True,49.518539814084825,0.0740750409368662,-1.2399938724159274,0.0740750409368662,0.9259249590631338,0.0009455546844413,0.0014741636333159,0.0035933084433094,True,0.6061388976847146,0.3938611023152853,-0.2692949858627218,0.5984635822093225,0.4015364177906775,-0.2758083786013864,0.7819277467729067,0.2180722532270934,-0.6818429083529002,0.9259249590631338,0.0740750409368662,-1.2399938724159274,1,0,0,0.0,1,1,1,1,,0,1,1,0,1,0,0,1.0,1.0,0.0,0.0,0.0,,0.2122777953694293,0.2692949858627218,0.196927164418645,0.2758083786013864,0.5638554935458133,0.6818429083529002,0.8518499181262675,1.2399938724159274,0.50995404,0.5183491920167113,0.51470727
2025-03-10 10:55:00,2025-03-10 11:35:00,1,339.55,339.25,pivot,-0.3000000000000113,0.120364,-0.6203640000000115,-19541.46600000036,1.0,2025-03-10,339.65,339.65,339.4,0.0,339.3,339.45,339.2,0.0,2025,0.0,0.0,0.0,0.0,0.0,0.0,0.0,0.0,0.0,0.0,0.0,0.0,0.0,0.0,0.0,1.0,1.0,1.0,0,10,0,3,451.584462806824,0.3252024675890633,-0.4235535617438876,0.3252024675890633,0.6747975324109367,6.107678990504606e-05,0.0001047598494178,0.0009433781424544,True,279.63636437285953,0.3146682173961725,-0.4433563547903971,0.3146682173961725,0.6853317826038274,0.000167261626364,0.0003328643811975,0.0017481395516703,True,207.5751198538728,0.4387232734222669,-0.2215168817149694,0.4387232734222669,0.5612767265777331,0.0004418125643916,0.0007210400453133,0.002589426956434,True,100.2337641317741,0.6995806409795085,0.3292388411793495,0.6995806409795085,0.3004193590204915,0.0009455546844413,0.0014741636333159,0.0035933084433094,True,0.3252024675890633,0.6747975324109367,0.4235535617438876,0.3146682173961725,0.6853317826038274,0.4433563547903971,0.4387232734222669,0.5612767265777331,0.2215168817149694,0.6995806409795085,0.3004193590204915,-0.3292388411793495,1,0,0,0.0,1,1,1,1,,0,1,1,0,1,0,0,1.0,1.0,0.0,0.0,0.0,,-0.34959506482187336,0.4235535617438876,-0.3706635652076549,0.4433563547903971,-0.12255345315546617,0.2215168817149694,0.39916128195901696,0.3292388411793495,0.50995404,0.5226119967949799,0.5074788
2025-03-11 10:35:00,2025-03-11 10:40:00,1,330.6,330.9,pivot,0.2999999999999545,0.119845,-0.01984500000004547,-625.1175000014323,1.0,2025-03-11,330.9,331.1,330.5,0.0,331.1,331.55,330.85,0.0,2025,0.0,0.0,0.0,0.0,0.0,0.0,0.0,0.0,0.0,0.0,0.0,0.0,0.0,0.0,0.0,1.0,1.0,1.0,0,10,1,3,269.2733689191443,0.8291655344763275,0.8561514267489732,0.8291655344763275,0.1708344655236725,-6.209706173977093e-05,-5.898516962976432e-05,0.0009526195098101,True,44.90445490574452,0.955554345174652,1.7008213612247811,0.955554345174652,0.0444456548253481,-0.000193174544708,-0.0001902913389829,0.0015365714358526,True,176.29989355156283,0.3079767300365669,-0.4360197953811937,0.3079767300365669,0.6920232699634331,-0.0004367105248557,-0.000438417246926,0.0021146387396094,True,91.56511642832,0.1988414557100049,-0.7645221366175333,0.1988414557100049,0.801158544289995,-0.0009568681738777,-0.0010728466926283,0.002942250317697,True,0.8291655344763275,0.1708344655236725,-0.8561514267489732,0.955554345174652,0.0444456548253481,-1.7008213612247811,0.3079767300365669,0.6920232699634331,0.4360197953811937,0.1988414557100049,0.801158544289995,0.7645221366175333,1,0,0,0.0,1,1,1,1,,0,1,1,0,1,0,0,1.0,1.0,0.0,0.0,0.0,,0.6583310689526549,0.8561514267489732,0.9111086903493039,1.7008213612247811,-0.3840465399268662,0.4360197953811937,-0.6023170885799901,0.7645221366175333,0.50995404,0.5183491920167113,0.50451565
2025-04-28 10:35:00,2025-04-28 15:45:00,-1,337.55,337.5,eod,0.0500000000000113,0.1202515,-0.27025149999998865,-8512.922249999643,1.0,2025-04-28,337.65,337.75,337.5,0.0,337.5,337.5,337.5,0.0,2025,0.0,0.0,0.0,0.0,0.0,0.0,0.0,0.0,0.0,0.0,0.0,0.0,0.0,0.0,0.0,1.0,1.0,1.0,0,10,0,4,261.020353284294,0.1374681954242923,-0.869438229585528,0.1374681954242923,0.8625318045757077,5.585325796261739e-05,6.906773674719867e-05,0.0009298409905568,True,52.9682057296587,0.0612764796244092,-1.364316452217233,0.0612764796244092,0.9387235203755908,0.000200973240827,0.0002675959752343,0.0016043390443404,True,223.16909288704127,0.4494406532719017,-0.1650752476728309,0.4494406532719017,0.5505593467280983,0.0005259803742159,0.0006779331554271,0.0023142863514565,True,133.8254428515074,0.6747889427426528,0.3312528520348388,0.6747889427426528,0.3252110572573472,0.0011818842260986,0.0013294255316292,0.0031403316750304,True,0.8625318045757077,0.1374681954242923,-0.869438229585528,0.9387235203755908,0.0612764796244092,-1.364316452217233,0.5505593467280983,0.4494406532719017,-0.1650752476728309,0.3252110572573472,0.6747889427426528,0.3312528520348388,1,0,0,0.0,1,1,1,1,,0,1,1,0,1,0,0,1.0,1.0,0.0,0.0,0.0,,0.7250636091514153,0.869438229585528,0.8774470407511816,1.364316452217233,0.10111869345619656,0.1650752476728309,-0.34957788548530555,0.3312528520348388,0.50995404,0.5226119967949799,0.50243145
2025-04-30 10:45:00,2025-04-30 11:25:00,-1,337.9,338.15,pivot,-0.25,0.1202815,-0.5702815,-17963.86725,1.0,2025-04-30,337.6,338.0,337.6,0.0,337.85,338.2,337.75,0.0,2025,0.0,0.0,0.0,0.0,0.0,0.0,0.0,0.0,0.0,0.0,0.0,0.0,0.0,0.0,0.0,1.0,1.0,1.0,0,10,2,4,221.2540342375601,0.1487408009470021,-0.846261857952604,0.1487408009470021,0.8512591990529979,-9.41222928377272e-05,-3.534602503755693e-05,0.0011810388958823,True,136.16993968773923,0.1738116373125026,-0.7957872773185368,0.1738116373125026,0.8261883626874974,-0.0002383228275398,-0.0001322313291468,0.0020622103944769,True,88.28294482174437,0.1508894921831564,-0.8835706893640881,0.1508894921831564,0.8491105078168435,-0.0004747169874321,-0.0003874837807418,0.0027375399525331,True,26.44487666569034,0.053705360538876,-1.4226829568977617,0.053705360538876,0.946294639461124,-0.0009631410002901,-0.0009257927631119,0.0038055377241378,True,0.8512591990529979,0.1487408009470021,-0.846261857952604,0.8261883626874974,0.1738116373125026,-0.7957872773185368,0.8491105078168435,0.1508894921831564,-0.8835706893640881,0.946294639461124,0.053705360538876,-1.4226829568977617,1,0,0,0.0,1,1,1,1,,0,1,1,0,1,0,0,1.0,1.0,0.0,0.0,0.0,,0.7025183981059957,0.846261857952604,0.6523767253749948,0.7957872773185368,0.6982210156336871,0.8835706893640881,0.892589278922248,1.4226829568977617,0.50995404,0.5183491920167113,0.50750315
2025-05-02 10:40:00,2025-05-02 11:00:00,1,339.15,338.5,pivot,-0.6499999999999773,0.1203295,-0.9703294999999772,-30565.37924999928,1.0,2025-05-02,338.75,339.2,338.6,0.0,338.7,338.85,338.3,0.0,2025,0.0,0.0,0.0,0.0,0.0,0.0,0.0,0.0,0.0,0.0,0.0,0.0,0.0,0.0,0.0,1.0,1.0,1.0,0,10,4,5,338.74162014238664,0.1862212565776089,-0.704218004538605,0.1862212565776089,0.8137787434223911,4.374823322585878e-05,5.8488420951449655e-05,0.0009206977553636,True,291.8960827178219,0.6134194623256995,0.2022769444417816,0.6134194623256995,0.3865805376743004,0.0002169866200459,0.0002629266539883,0.0016181034866761,True,171.88391482033492,0.2393942628441114,-0.5939901266816096,0.2393942628441114,0.7606057371558885,0.0005429614792084,0.0006560484870236,0.00234574358261,True,152.99288438769432,0.562620457995667,0.0880754409374606,0.562620457995667,0.437379542004333,0.0012196284231942,0.0013481120600491,0.0031321340196656,True,0.1862212565776089,0.8137787434223911,0.704218004538605,0.6134194623256995,0.3865805376743004,-0.2022769444417816,0.2393942628441114,0.7606057371558885,0.5939901266816096,0.562620457995667,0.437379542004333,-0.0880754409374606,1,0,0,0.0,1,1,1,1,,0,1,1,0,1,0,0,1.0,1.0,0.0,0.0,0.0,,-0.6275574868447822,0.704218004538605,0.22683892465139915,0.2022769444417816,-0.5212114743117772,0.5939901266816096,0.12524091599133397,0.0880754409374606,0.5075804,0.5046910494460957,0.5057387
2025-06-11 10:50:00,2025-06-11 11:00:00,1,387.6,387.7,pivot,0.0999999999999659,0.123259,-0.22325900000003412,-7032.658500001075,1.0,2025-06-11,387.6,388.05,387.45,0.0,388.25,388.7,387.6,0.0,2025,0.0,0.0,0.0,0.0,0.0,0.0,0.0,0.0,0.0,0.0,0.0,0.0,0.0,0.0,0.0,1.0,1.0,1.0,0,10,2,6,33.91083190674653,0.9786945929870978,2.174229182386035,0.9786945929870978,0.0213054070129021,5.7891255047986615e-05,6.72931948600276e-05,0.0008603355792227,True,271.7236147787269,0.3354016956846697,-0.3830882394344758,0.3354016956846697,0.6645983043153303,0.0001852647782053,0.0002125446341478,0.0015653479460975,True,161.3107487484828,0.2429427929561693,-0.6508224428286173,0.2429427929561693,0.7570572070438306,0.0004239128612158,0.0004980752123991,0.002152854917022,True,7.810104640655412,0.0059768253751135,-2.300236960073745,0.0059768253751135,0.9940231746248864,0.000865139856961,0.0011110875030184,0.0030564454866254,True,0.9786945929870978,0.0213054070129021,-2.174229182386035,0.3354016956846697,0.6645983043153303,0.3830882394344758,0.2429427929561693,0.7570572070438306,0.6508224428286173,0.0059768253751135,0.9940231746248864,2.300236960073745,1,0,0,0.0,1,1,1,1,,0,1,1,0,1,0,0,1.0,1.0,0.0,0.0,0.0,,0.9573891859741958,2.174229182386035,-0.3291966086306606,0.3830882394344758,-0.5141144140876613,0.6508224428286173,-0.988046349249773,2.300236960073745,0.5075804,0.5142534869249903,0.50104094
2025-10-14 10:50:00,2025-10-14 11:00:00,-1,504.95,506.65,pivot,-1.6999999999999886,0.130348,-2.0303479999999885,-63955.96199999964,1.0,2025-10-14,506.1,506.1,504.75,0.0,506.5,506.9,506.05,0.0,2025,0.0,0.0,0.0,0.0,0.0,0.0,0.0,0.0,0.0,0.0,0.0,0.0,0.0,0.0,0.0,1.0,1.0,1.0,0,10,1,10,81.5749463161889,0.0440980327685675,-1.6548307960916997,0.0440980327685675,0.9559019672314324,8.773685436421562e-05,0.0001073540599479,0.0009009321114187,True,314.9934335557785,0.4554872896085406,-0.1404693113014586,0.4554872896085406,0.5445127103914593,0.0002404032984391,0.000311415263821,0.0015129138643344,True,14.695359626945848,0.0162247231159751,-2.113904008486091,0.0162247231159751,0.9837752768840248,0.0005251383851596,0.0006188824309666,0.002067147087436,True,8.063367139886161e-07,1.0597486884759069e-10,-4.710468381784013,1.0597486884759069e-10,0.9999999998940252,0.0010250798608079,0.0012148858980086,0.0025755681357082,True,0.9559019672314324,0.0440980327685675,-1.6548307960916997,0.5445127103914593,0.4554872896085406,-0.1404693113014586,0.9837752768840248,0.0162247231159751,-2.113904008486091,0.9999999998940252,1.0597486884759069e-10,-4.710468381784013,1,0,0,0.0,1,1,1,1,,0,1,1,0,1,0,0,1.0,1.0,0.0,0.0,0.0,,0.9118039344628649,1.6548307960916997,0.0890254207829187,0.1404693113014586,0.9675505537680497,2.113904008486091,0.9999999997880503,4.710468381784013,0.5047069,0.5307094726411713,0.5024434
2025-10-14 13:25:00,2025-10-14 13:40:00,1,498.0,495.45,pivot,-2.550000000000012,0.1298035,-2.8798035000000115,-90713.81025000036,1.0,2025-10-14,495.3,499.05,494.75,0.0,494.7,495.8,494.3,0.0,2025,0.0,0.0,0.0,0.0,0.0,0.0,0.0,0.0,0.0,0.0,0.0,0.0,0.0,0.0,0.0,1.0,0.0,0.0,0,13,1,10,5.984198219296739,0.0038380252747427,-4.33519719006522,0.0038380252747427,0.9961619747252572,-9.942625549626932e-05,-0.000123549510548,0.0010803823581631,True,1.0167254961386096,0.0004436601734792,-4.352650003524575,0.0004436601734792,0.9995563398265208,-0.0003028645479743,-0.0004118621183522,0.001903272589745,True,6.407136976171887,0.010304055831532,-3.393506415372835,0.010304055831532,0.989695944168468,-0.0005941495253576,-0.0007989960218886,0.0026495579694656,True,3.862181819788949,0.0141718429657215,-2.85611582855257,0.0141718429657215,0.9858281570342784,-0.0013902162113,-0.0015412869152956,0.0034099080113533,True,0.0038380252747427,0.9961619747252572,4.33519719006522,0.0004436601734792,0.9995563398265208,4.352650003524575,0.010304055831532,0.989695944168468,3.393506415372835,0.0141718429657215,0.9858281570342784,2.85611582855257,1,0,0,0.0,1,1,1,1,,0,1,0,1,0,1,0,1.0,1.0,0.0,0.0,0.0,,-0.9923239494505145,4.33519719006522,-0.9991126796530416,4.352650003524575,-0.9793918883369359,3.393506415372835,-0.9716563140685569,2.85611582855257,0.5237105,0.7739312139455318,0.50654936
2025-10-23 10:45:00,2025-10-23 10:55:00,1,542.85,542.6,pivot,-0.25,0.1325635,-0.5825634999999999,-18350.750249999997,1.0,2025-10-23,541.75,543.05,541.7,0.0,543.55,543.6,542.55,0.0,2025,0.0,0.0,0.0,0.0,0.0,0.0,0.0,0.0,0.0,0.0,0.0,0.0,0.0,0.0,0.0,1.0,1.0,2.0,0,10,3,10,86.62071337143118,0.0489371601413006,-1.6101723694083163,0.0489371601413006,0.9510628398586994,8.549457803800859e-05,0.0001185905261851,0.0009884755497791,True,289.67968703736915,0.4750840300513126,-0.0930126311629288,0.4750840300513126,0.5249159699486874,0.0002707016752887,0.0003446418697189,0.001724077936363,True,83.3234008583361,0.8683533993111225,0.8649294240109092,0.8683533993111225,0.1316466006888774,0.0006301262543242,0.0007395428774887,0.0025586290415679,True,2.5957702187714,0.9865462786938692,2.709086667840253,0.9865462786938692,0.0134537213061307,0.0011053416876558,0.0013545326218666,0.0034662202322433,True,0.0489371601413006,0.9510628398586994,1.6101723694083163,0.4750840300513126,0.5249159699486874,0.0930126311629288,0.8683533993111225,0.1316466006888774,-0.8649294240109092,0.9865462786938692,0.0134537213061307,-2.709086667840253,1,0,0,0.0,1,1,1,1,,0,1,1,0,1,0,0,1.0,1.0,0.0,0.0,0.0,,-0.9021256797173989,1.6101723694083163,-0.04983193989737478,0.0930126311629288,0.7367067986222451,0.8649294240109092,0.9730925573877386,2.709086667840253,0.51110506,0.5403806088929675,0.5034431
2025-10-23 10:55:00,2025-10-23 12:30:00,-1,542.6,543.0,pivot,-0.3999999999999772,0.132568,-0.7325679999999772,-23075.891999999283,1.0,2025-10-23,543.55,543.6,542.55,0.0,542.65,543.4,542.35,0.0,2025,0.0,0.0,0.0,0.0,0.0,0.0,0.0,0.0,0.0,0.0,0.0,0.0,0.0,0.0,0.0,1.0,1.0,2.0,0,10,3,10,28.45616629327505,0.0162993521721553,-2.2651961615260667,0.0162993521721553,0.9837006478278446,8.549457803800859e-05,0.0001185905261851,0.0009884755497791,True,23.914498629329284,0.0268136502242386,-2.070502695513241,0.0268136502242386,0.9731863497757614,0.0002707016752887,0.0003446418697189,0.001724077936363,True,176.37508388702997,0.2965207055325354,-0.4332979516639354,0.2965207055325354,0.7034792944674646,0.0006301262543242,0.0007395428774887,0.0025586290415679,True,21.257391421952928,0.945673113675748,1.5595348642141005,0.945673113675748,0.0543268863242519,0.0011053416876558,0.0013545326218666,0.0034662202322433,True,0.9837006478278446,0.0162993521721553,-2.2651961615260667,0.9731863497757614,0.0268136502242386,-2.070502695513241,0.7034792944674646,0.2965207055325354,-0.4332979516639354,0.0543268863242519,0.945673113675748,1.5595348642141005,1,0,0,0.0,1,1,1,1,,0,1,1,0,1,0,0,1.0,1.0,0.0,0.0,0.0,,0.9674012956556893,2.2651961615260667,0.9463726995515227,2.070502695513241,0.4069585889349292,0.4332979516639354,-0.8913462273514962,1.5595348642141005,0.51110506,0.5403806088929675,0.5112558
2025-10-24 10:25:00,2025-10-24 10:55:00,1,545.1,548.25,pivot,3.1499999999999773,0.1328005,2.8171994999999774,88741.78424999928,1.0,2025-10-24,544.1,545.45,544.1,0.0,548.85,548.95,547.95,0.0,2025,0.0,0.0,0.0,0.0,0.0,0.0,0.0,0.0,0.0,0.0,0.0,0.0,0.0,0.0,0.0,1.0,1.0,1.0,1,10,4,10,6.373438691912425,0.0045514965038025,-3.1508943898332515,0.0045514965038025,0.9954485034961976,8.657241080210452e-05,0.0001162938223292,0.0010220808092492,True,132.69141618502832,0.1505549180147943,-0.8968914288098655,0.1505549180147943,0.8494450819852057,0.0002816351853902,0.00034597836183,0.0018121872397066,True,200.74579913926308,0.4420278640100609,-0.1522177659519344,0.4420278640100609,0.5579721359899391,0.0006547766622994,0.0007755785607388,0.0026918487625257,True,50.65339916471557,0.8541269243462931,0.8944274635890546,0.8541269243462931,0.1458730756537068,0.0012682316398434,0.001583491922722,0.003763926726583,True,0.0045514965038025,0.9954485034961976,3.1508943898332515,0.1505549180147943,0.8494450819852057,0.8968914288098655,0.4420278640100609,0.5579721359899391,0.1522177659519344,0.8541269243462931,0.1458730756537068,-0.8944274635890546,1,0,0,0.0,1,1,1,1,,0,1,1,0,1,0,0,1.0,1.0,0.0,0.0,0.0,,-0.9908970069923951,3.1508943898332515,-0.6988901639704115,0.8968914288098655,-0.11594427197987822,0.1522177659519344,0.7082538486925863,0.8944274635890546,0.5047069,0.5223156418797965,0.5152819
2025-10-24 10:55:00,2025-10-24 13:15:00,-1,548.25,549.7,pivot,-1.4500000000000457,0.1329385,-1.7829385000000457,-56162.56275000144,1.0,2025-10-24,548.85,548.95,547.95,0.0,550.2,550.35,549.5,0.0,2025,0.0,0.0,0.0,0.0,0.0,0.0,0.0,0.0,0.0,0.0,0.0,0.0,0.0,0.0,0.0,1.0,1.0,1.0,0,10,4,10,16.725316093768072,0.9878273744257752,2.570680334913304,0.9878273744257752,0.0121726255742247,8.657241080210452e-05,0.0001162938223292,0.0010220808092492,True,8.23915178157341,0.9852681923305906,2.537365362764022,0.9852681923305906,0.0147318076694094,0.0002816351853902,0.00034597836183,0.0018121872397066,True,184.44930820780644,0.6026603598788673,0.1532217985804891,0.6026603598788673,0.3973396401211326,0.0006547766622994,0.0007755785607388,0.0026918487625257,True,138.36206866453125,0.5401603772058836,-0.0078726551838389,0.5401603772058836,0.4598396227941164,0.0012682316398434,0.001583491922722,0.003763926726583,True,0.0121726255742247,0.9878273744257752,2.570680334913304,0.0147318076694094,0.9852681923305906,2.537365362764022,0.3973396401211326,0.6026603598788673,0.1532217985804891,0.4598396227941164,0.5401603772058836,-0.0078726551838389,1,0,0,0.0,1,1,1,1,,0,1,1,0,1,0,0,1.0,1.0,0.0,0.0,0.0,,-0.9756547488515505,2.570680334913304,-0.9705363846611812,2.537365362764022,-0.20532071975773475,0.1532217985804891,-0.08032075441176723,0.0078726551838389,0.5047069,0.5223156418797965,0.512611
2025-10-27 10:25:00,2025-10-27 10:40:00,1,562.8,564.8,pivot,2.0,0.133828,1.666172,52484.418,1.0,2025-10-27,562.65,563.35,561.95,0.0,564.4,565.0,564.25,0.0,2025,0.0,0.0,0.0,0.0,0.0,0.0,0.0,0.0,0.0,0.0,0.0,0.0,0.0,0.0,0.0,1.0,1.0,1.0,1,10,0,10,46.69617369846095,0.970257265870459,1.9788589902495648,0.970257265870459,0.0297427341295409,8.657241080210452e-05,0.0001162938223292,0.0010220808092492,True,269.5890765007813,0.3988061031918996,-0.2400402138960467,0.3988061031918996,0.6011938968081003,0.0002816351853902,0.00034597836183,0.0018121872397066,True,4.162126103353607,0.0073089262786006,-3.0886143149579164,0.0073089262786006,0.9926910737213994,0.0006547766622994,0.0007755785607388,0.0026918487625257,True,11.863098343810336,0.0387245695666189,-1.553566875990042,0.0387245695666189,0.961275430433381,0.0012682316398434,0.001583491922722,0.003763926726583,True,0.970257265870459,0.0297427341295409,-1.9788589902495648,0.3988061031918996,0.6011938968081003,0.2400402138960467,0.0073089262786006,0.9926910737213994,3.0886143149579164,0.0387245695666189,0.961275430433381,1.553566875990042,1,0,0,0.0,1,1,1,1,,0,1,1,0,1,0,0,1.0,1.0,0.0,0.0,0.0,,0.9405145317409181,1.9788589902495648,-0.20238779361620074,0.2400402138960467,-0.9853821474427988,3.0886143149579164,-0.9225508608667622,1.553566875990042,0.5047069,0.53497227741944,0.5032559
2025-10-27 10:40:00,2025-10-27 12:05:00,1,564.8,563.95,pivot,-0.849999999999909,0.1338625,-1.183862499999909,-37291.66874999713,1.0,2025-10-27,564.4,565.0,564.25,0.0,564.15,564.25,563.15,0.0,2025,0.0,0.0,0.0,0.0,0.0,0.0,0.0,0.0,0.0,0.0,0.0,0.0,0.0,0.0,0.0,1.0,1.0,1.0,0,10,0,10,25.89776510601296,0.9824494350722957,2.317665111366286,0.9824494350722957,0.0175505649277043,8.657241080210452e-05,0.0001162938223292,0.0010220808092492,True,17.513205255947756,0.977232205084712,2.162051202918277,0.977232205084712,0.0227677949152879,0.0002816351853902,0.00034597836183,0.0018121872397066,True,32.84872146593146,0.9221054905899287,1.2628577055026,0.9221054905899287,0.0778945094100711,0.0006547766622994,0.0007755785607388,0.0026918487625257,True,145.0093935677509,0.4706334511974723,-0.137938463701827,0.4706334511974723,0.5293665488025276,0.0012682316398434,0.001583491922722,0.003763926726583,True,0.9824494350722957,0.0175505649277043,-2.317665111366286,0.977232205084712,0.0227677949152879,-2.162051202918277,0.9221054905899287,0.0778945094100711,-1.2628577055026,0.4706334511974723,0.5293665488025276,0.137938463701827,1,0,0,0.0,1,1,1,1,,0,1,1,0,1,0,0,1.0,1.0,0.0,0.0,0.0,,0.9648988701445913,2.317665111366286,0.9544644101694241,2.162051202918277,0.8442109811798576,1.2628577055026,-0.05873309760505535,0.137938463701827,0.5047069,0.53497227741944,0.5055553
2025-10-28 10:40:00,2025-10-28 10:55:00,1,557.4,557.95,pivot,0.5500000000000682,0.1334605,0.21653950000006825,6820.99425000215,1.0,2025-10-28,557.1,558.05,556.85,0.0,559.15,559.3,557.85,0.0,2025,0.0,0.0,0.0,0.0,0.0,0.0,0.0,0.0,0.0,0.0,0.0,0.0,0.0,0.0,0.0,1.0,1.0,1.0,1,10,1,10,280.89786170713205,0.8002089549407192,0.6624773180226472,0.8002089549407192,0.1997910450592808,-0.0001280894387702,-0.0001413887039826,0.001162317384223,True,23.67715125470812,0.9689882369719376,1.846243663023488,0.9689882369719376,0.0310117630280624,-0.0003551680215623,-0.00047185474017,0.0019601501747865,True,162.2877831882656,0.3250121390493047,-0.2472533483640416,0.3250121390493047,0.6749878609506953,-0.0006817539651644,-0.0009219739114109,0.0028014416838522,True,88.92432125673267,0.215477955135187,-0.6516769307218419,0.215477955135187,0.7845220448648129,-0.0013902162113,-0.0015412869152956,0.0034099080113533,True,0.8002089549407192,0.1997910450592808,-0.6624773180226472,0.9689882369719376,0.0310117630280624,-1.846243663023488,0.3250121390493047,0.6749878609506953,0.2472533483640416,0.215477955135187,0.7845220448648129,0.6516769307218419,1,0,0,0.0,1,1,1,1,,0,1,1,0,1,0,0,1.0,1.0,0.0,0.0,0.0,,0.6004179098814384,0.6624773180226472,0.9379764739438752,1.846243663023488,-0.3499757219013906,0.2472533483640416,-0.569044089729626,0.6516769307218419,0.5047069,0.5307094726411713,0.5054853
2025-11-11 12:10:00,2025-11-11 12:25:00,-1,586.2,585.85,pivot,0.3500000000000227,0.1351615,0.014838500000022707,467.4127500007153,1.0,2025-11-11,585.8,587.1,585.4,0.0,585.5,585.85,585.0,0.0,2025,0.0,0.0,0.0,0.0,0.0,0.0,0.0,0.0,0.0,0.0,0.0,0.0,0.0,0.0,0.0,1.0,1.0,0.0,1,12,1,11,228.52442649306175,0.1791522228610399,-0.7907913969355573,0.1791522228610399,0.8208477771389601,0.0001022164721286,0.0001208224288678,0.0012319436384824,True,222.15502193785892,0.4091221819240779,-0.1978473097140104,0.4091221819240779,0.5908778180759221,0.0003188689116686,0.0003520491929007,0.0022109007870062,True,40.525376877277736,0.0816071803883283,-1.3272461962531314,0.0816071803883283,0.9183928196116716,0.0007620269103958,0.0008055474311335,0.0031114424939626,True,13.678431694598894,0.0482735645482789,-1.5662181009161649,0.0482735645482789,0.9517264354517212,0.0016045581578733,0.0018115149669569,0.0042561761656983,True,0.8208477771389601,0.1791522228610399,-0.7907913969355573,0.5908778180759221,0.4091221819240779,-0.1978473097140104,0.9183928196116716,0.0816071803883283,-1.3272461962531314,0.9517264354517212,0.0482735645482789,-1.5662181009161649,1,0,0,0.0,1,1,1,1,,0,1,0,1,1,0,0,1.0,1.0,0.0,0.0,0.0,,0.6416955542779201,0.7907913969355573,0.1817556361518442,0.1978473097140104,0.8367856392233434,1.3272461962531314,0.9034528709034423,1.5662181009161649,0.50468594,0.5414646231966171,0.5157969
2025-11-11 14:35:00,2025-11-11 14:45:00,1,578.1,579.15,pivot,1.0499999999999543,0.1347175,0.7152824999999545,22531.398749998567,1.0,2025-11-11,579.2,579.55,576.95,0.0,581.1,581.4,578.6,0.0,2025,0.0,0.0,0.0,0.0,0.0,0.0,0.0,0.0,0.0,0.0,0.0,0.0,0.0,0.0,0.0,1.0,1.0,0.0,1,14,1,11,2.047849480145441,0.9985577272416286,4.4208360326888245,0.9985577272416286,0.0014422727583713,-4.254845022231719e-05,-5.257726596261265e-05,0.0008914854512841,True,33.67922412024998,0.9720350837442896,1.7021399674432265,0.9720350837442896,0.0279649162557105,-0.0001630520644023,-0.0002375972895419,0.0014584352625323,True,244.31238091243665,0.6943392857466912,0.515051344436382,0.6943392857466912,0.3056607142533087,-0.0004286875340268,-0.0005495069758107,0.0017368031097496,True,45.43392891812695,0.0729728735831441,-1.5484416700360593,0.0729728735831441,0.927027126416856,-0.0010583489201099,-0.0012201461728073,0.0021018029307727,True,0.9985577272416286,0.0014422727583713,-4.4208360326888245,0.9720350837442896,0.0279649162557105,-1.7021399674432265,0.6943392857466912,0.3056607142533087,-0.515051344436382,0.0729728735831441,0.927027126416856,1.5484416700360593,1,0,0,0.0,1,1,1,1,,0,1,0,1,1,0,0,1.0,1.0,0.0,0.0,0.0,,0.9971154544832573,4.4208360326888245,0.9440701674885791,1.7021399674432265,0.38867857149338253,0.515051344436382,-0.854054252833712,1.5484416700360593,0.50468594,0.5376082332097923,0.5420326
2025-11-12 10:30:00,2025-11-12 11:00:00,-1,583.05,586.15,pivot,-3.1000000000000227,0.135076,-3.4350760000000227,-108204.89400000071,1.0,2025-11-12,583.3,584.0,582.6,0.0,586.0,586.65,585.25,0.0,2025,0.0,0.0,0.0,0.0,0.0,0.0,0.0,0.0,0.0,0.0,0.0,0.0,0.0,0.0,0.0,1.0,1.0,1.0,0,10,2,11,51.0826309051974,0.0388380413421823,-1.696986240740766,0.0388380413421823,0.9611619586578176,0.0001022164721286,0.0001208224288678,0.0012319436384824,True,149.9126483882399,0.2106592121649456,-0.6630209684072622,0.2106592121649456,0.7893407878350545,0.0003188689116686,0.0003520491929007,0.0022109007870062,True,154.18712630572705,0.5825970892930405,0.1546478945003552,0.5825970892930405,0.4174029107069594,0.0007620269103958,0.0008055474311335,0.0031114424939626,True,27.70794038125261,0.913231915585096,1.312980867976665,0.913231915585096,0.086768084414904,0.0016045581578733,0.0018115149669569,0.0042561761656983,True,0.9611619586578176,0.0388380413421823,-1.696986240740766,0.7893407878350545,0.2106592121649456,-0.6630209684072622,0.4174029107069594,0.5825970892930405,0.1546478945003552,0.086768084414904,0.913231915585096,1.312980867976665,1,0,0,0.0,1,1,1,1,,0,1,1,0,1,0,0,1.0,1.0,0.0,0.0,0.0,,0.9223239173156353,1.696986240740766,0.5786815756701089,0.6630209684072622,-0.16519417858608115,0.1546478945003552,-0.826463831170192,1.312980867976665,0.5047069,0.5489975468132628,0.56247604
2025-11-14 10:30:00,2025-11-14 10:35:00,-1,573.1,575.2,pivot,-2.1000000000000227,0.134449,-2.434449000000023,-76685.14350000072,1.0,2025-11-14,575.25,575.55,573.05,0.0,573.6,575.45,573.55,0.0,2025,0.0,0.0,0.0,0.0,0.0,0.0,0.0,0.0,0.0,0.0,0.0,0.0,0.0,0.0,0.0,1.0,1.0,1.0,0,10,4,11,117.37867286995774,0.1232610708119325,-0.8613108337610398,0.1232610708119325,0.8767389291880674,-0.0001432238830048,-0.0001706271229666,0.0015212555472565,True,37.00918597459547,0.9389868314652444,1.307563297797433,0.9389868314652444,0.0610131685347555,-0.0003599092416593,-0.0005340069321894,0.0026117073979882,True,96.44701288062616,0.814595789320997,0.6224547908305404,0.814595789320997,0.185404210679003,-0.0006838663349256,-0.0009188197434626,0.003858781563433,True,114.4206555948587,0.3981241040515357,-0.1330785308511808,0.3981241040515357,0.6018758959484642,-0.0015932554715101,-0.0018023090323234,0.0047765385671765,True,0.8767389291880674,0.1232610708119325,-0.8613108337610398,0.0610131685347555,0.9389868314652444,1.307563297797433,0.185404210679003,0.814595789320997,0.6224547908305404,0.6018758959484642,0.3981241040515357,-0.1330785308511808,1,0,0,0.0,1,1,1,1,,0,1,1,0,1,0,0,1.0,1.0,0.0,0.0,0.0,,0.7534778583761349,0.8613108337610398,-0.877973662930489,1.307563297797433,-0.6291915786419939,0.6224547908305404,0.20375179189692855,0.1330785308511808,0.5047069,0.5343161343525415,0.5744335
2025-11-14 10:35:00,2025-11-14 10:55:00,1,575.2,572.6,pivot,-2.6000000000000227,0.134434,-2.9344340000000226,-92434.67100000072,1.0,2025-11-14,573.6,575.45,573.55,0.0,573.0,573.5,572.4,0.0,2025,0.0,0.0,0.0,0.0,0.0,0.0,0.0,0.0,0.0,0.0,0.0,0.0,0.0,0.0,0.0,1.0,1.0,1.0,0,10,4,11,291.9188715873215,0.2601904166686994,-0.4037901769533999,0.2601904166686994,0.7398095833313005,-0.0001432238830048,-0.0001706271229666,0.0015212555472565,True,52.49799682315036,0.9161553014113588,1.10747306119311,0.9161553014113588,0.083844698588641,-0.0003599092416593,-0.0005340069321894,0.0026117073979882,True,63.03956615636661,0.8695477799629104,0.8039641588752446,0.8695477799629104,0.1304522200370895,-0.0006838663349256,-0.0009188197434626,0.003858781563433,True,124.16350374608864,0.535563210495004,0.1035252738742471,0.535563210495004,0.464436789504996,-0.0015932554715101,-0.0018023090323234,0.0047765385671765,True,0.2601904166686994,0.7398095833313005,0.4037901769533999,0.9161553014113588,0.083844698588641,-1.10747306119311,0.8695477799629104,0.1304522200370895,-0.8039641588752446,0.535563210495004,0.464436789504996,-0.1035252738742471,1,0,0,0.0,1,1,1,1,,0,1,1,0,1,0,0,1.0,1.0,0.0,0.0,0.0,,-0.4796191666626011,0.4037901769533999,0.8323106028227178,1.10747306119311,0.7390955599258209,0.8039641588752446,0.07112642099000799,0.1035252738742471,0.5047069,0.5343161343525415,0.56939477
2025-11-14 10:55:00,2025-11-14 11:20:00,1,572.6,572.35,pivot,-0.25,0.1343485,-0.5843484999999999,-18406.97775,1.0,2025-11-14,573.0,573.5,572.4,0.0,571.9,572.65,571.75,0.0,2025,0.0,0.0,0.0,0.0,0.0,0.0,0.0,0.0,0.0,0.0,0.0,0.0,0.0,0.0,0.0,1.0,1.0,1.0,0,10,4,11,41.12190085174179,0.0592634258477871,-1.4377227400886392,0.0592634258477871,0.9407365741522128,-0.0001432238830048,-0.0001706271229666,0.0015212555472565,True,15.484157647042524,0.0310560025173148,-2.03183980950655,0.0310560025173148,0.9689439974826852,-0.0003599092416593,-0.0005340069321894,0.0026117073979882,True,41.58472770248645,0.1121083716849,-0.8922627551423508,0.1121083716849,0.8878916283150999,-0.0006838663349256,-0.0009188197434626,0.003858781563433,True,82.68053579419978,0.2486787936919221,-0.4447208451747045,0.2486787936919221,0.7513212063080779,-0.0015932554715101,-0.0018023090323234,0.0047765385671765,True,0.0592634258477871,0.9407365741522128,1.4377227400886392,0.0310560025173148,0.9689439974826852,2.03183980950655,0.1121083716849,0.8878916283150999,0.8922627551423508,0.2486787936919221,0.7513212063080779,0.4447208451747045,1,0,0,0.0,1,1,1,1,,0,1,1,0,1,0,0,1.0,1.0,0.0,0.0,0.0,,-0.8814731483044257,1.4377227400886392,-0.9378879949653705,2.03183980950655,-0.7757832566302,0.8922627551423508,-0.5026424126161557,0.4447208451747045,0.5047069,0.5343161343525415,0.5569463
2025-11-14 14:35:00,2025-11-14 15:10:00,1,565.4,565.7,pivot,0.3000000000000682,0.133933,-0.03393299999993178,-1068.889499997851,1.0,2025-11-14,566.35,566.45,565.15,0.0,565.35,566.0,565.0,0.0,2025,0.0,0.0,0.0,0.0,0.0,0.0,0.0,0.0,0.0,0.0,0.0,0.0,0.0,0.0,0.0,1.0,1.0,0.0,0,14,4,11,22.164405458528726,0.0169805795458625,-2.415158795154839,0.0169805795458625,0.9830194204541376,-4.254845022231719e-05,-5.257726596261265e-05,0.0008914854512841,True,357.9314451837016,0.4951091852788645,0.0418020984017536,0.4951091852788645,0.5048908147211355,-0.0001630520644023,-0.0002375972895419,0.0014584352625323,True,91.19693925933556,0.1108024421751288,-1.1564944648290014,0.1108024421751288,0.8891975578248712,-0.0004286875340268,-0.0005495069758107,0.0017368031097496,True,21.024622286739284,0.0307825771078305,-2.143146712397174,0.0307825771078305,0.9692174228921696,-0.0010583489201099,-0.0012201461728073,0.0021018029307727,True,0.0169805795458625,0.9830194204541376,2.415158795154839,0.4951091852788645,0.5048908147211355,-0.0418020984017536,0.1108024421751288,0.8891975578248712,1.1564944648290014,0.0307825771078305,0.9692174228921696,2.143146712397174,1,0,0,0.0,1,1,1,1,,0,1,0,1,1,0,0,1.0,1.0,0.0,0.0,0.0,,-0.9660388409082751,2.415158795154839,-0.009781629442271011,0.0418020984017536,-0.7783951156497424,1.1564944648290014,-0.9384348457843391,2.143146712397174,0.50468594,0.5191909662274219,0.5384031
2025-11-18 10:30:00,2025-11-18 11:05:00,-1,566.85,564.4,pivot,2.450000000000045,0.1339375,2.1160625000000453,66655.96875000143,1.0,2025-11-18,566.8,567.55,566.25,0.0,564.95,565.0,563.65,0.0,2025,0.0,0.0,0.0,0.0,0.0,0.0,0.0,0.0,0.0,0.0,0.0,0.0,0.0,0.0,0.0,1.0,1.0,1.0,1,10,1,11,49.52085238510535,0.0665668660763479,-1.3325041677633542,0.0665668660763479,0.933433133923652,-0.0001432238830048,-0.0001706271229666,0.0015212555472565,True,21.866394239984377,0.9679125212683284,1.6899826608363704,0.9679125212683284,0.0320874787316717,-0.0003599092416593,-0.0005340069321894,0.0026117073979882,True,44.17984344458455,0.8983791262149594,0.9460760219390656,0.8983791262149594,0.1016208737850405,-0.0006838663349256,-0.0009188197434626,0.003858781563433,True,64.93791730130555,0.1880361234245721,-0.6152364698128653,0.1880361234245721,0.8119638765754278,-0.0015932554715101,-0.0018023090323234,0.0047765385671765,True,0.933433133923652,0.0665668660763479,-1.3325041677633542,0.0320874787316717,0.9679125212683284,1.6899826608363704,0.1016208737850405,0.8983791262149594,0.9460760219390656,0.8119638765754278,0.1880361234245721,-0.6152364698128653,1,0,0,0.0,1,1,1,1,,0,1,1,0,1,0,0,1.0,1.0,0.0,0.0,0.0,,0.8668662678473041,1.3325041677633542,-0.9358250425366567,1.6899826608363704,-0.7967582524299189,0.9460760219390656,0.6239277531508557,0.6152364698128653,0.5047069,0.5427099651139164,0.5152347
2025-11-19 10:30:00,2025-11-19 10:35:00,-1,552.95,553.95,pivot,-1.0,0.133207,-1.3332070000000003,-41996.020500000006,1.0,2025-11-19,553.95,554.05,551.55,0.0,554.4,554.8,552.35,0.0,2025,0.0,0.0,0.0,0.0,0.0,0.0,0.0,0.0,0.0,0.0,0.0,0.0,0.0,0.0,0.0,1.0,1.0,1.0,0,10,2,11,147.1060710788363,0.1671892519684634,-0.7054247519410833,0.1671892519684634,0.8328107480315365,-0.0001665398214595,-0.0002012039386249,0.0016324194983921,True,4.532260629160373,0.9934380732144218,2.644833505503452,0.9934380732144218,0.0065619267855782,-0.0004027253998858,-0.0006061217759538,0.0027282513338324,True,8.571249982641088,0.9755354147869792,1.856601130377042,0.9755354147869792,0.0244645852130208,-0.0008051133693821,-0.0010768185511979,0.0039933054292747,True,1.629256249885089,0.9887557532119532,2.8834221113895704,0.9887557532119532,0.0112442467880468,-0.0016790539557081,-0.0019846536518362,0.0049711253078692,True,0.8328107480315365,0.1671892519684634,-0.7054247519410833,0.0065619267855782,0.9934380732144218,2.644833505503452,0.0244645852130208,0.9755354147869792,1.856601130377042,0.0112442467880468,0.9887557532119532,2.8834221113895704,1,0,0,0.0,1,1,1,1,,0,1,1,0,1,0,0,1.0,1.0,0.0,0.0,0.0,,0.6656214960630731,0.7054247519410833,-0.9868761464288436,2.644833505503452,-0.9510708295739585,1.856601130377042,-0.9775115064239064,2.8834221113895704,0.5047069,0.5489975468132628,0.5096022
2025-11-19 10:35:00,2025-11-19 11:25:00,-1,553.95,555.5,pivot,-1.5499999999999543,0.1332835,-1.8832834999999546,-59323.43024999857,1.0,2025-11-19,554.4,554.8,552.35,0.0,556.2,556.35,555.2,0.0,2025,0.0,0.0,0.0,0.0,0.0,0.0,0.0,0.0,0.0,0.0,0.0,0.0,0.0,0.0,0.0,1.0,1.0,1.0,0,10,2,11,76.05230908083945,0.0987317227986751,-1.0941733568482492,0.0987317227986751,0.9012682772013249,-0.0001665398214595,-0.0002012039386249,0.0016324194983921,True,109.85529201343802,0.8379194441352805,0.7528466232977256,0.8379194441352805,0.1620805558647194,-0.0004027253998858,-0.0006061217759538,0.0027282513338324,True,29.12332404686928,0.9304984152737802,1.1997819046779652,0.9304984152737802,0.0695015847262198,-0.0008051133693821,-0.0010768185511979,0.0039933054292747,True,1.849809088961189,0.9907582400830852,3.1095122562346904,0.9907582400830852,0.0092417599169147,-0.0016790539557081,-0.0019846536518362,0.0049711253078692,True,0.9012682772013249,0.0987317227986751,-1.0941733568482492,0.1620805558647194,0.8379194441352805,0.7528466232977256,0.0695015847262198,0.9304984152737802,1.1997819046779652,0.0092417599169147,0.9907582400830852,3.1095122562346904,1,0,0,0.0,1,1,1,1,,0,1,1,0,1,0,0,1.0,1.0,0.0,0.0,0.0,,0.8025365544026497,1.0941733568482492,-0.6758388882705612,0.7528466232977256,-0.8609968305475604,1.1997819046779652,-0.9815164801661705,3.1095122562346904,0.5047069,0.5489975468132628,0.50491375
2025-11-20 10:35:00,2025-11-20 13:05:00,1,568.6,572.55,pivot,3.949999999999932,0.1342345,3.615765499999932,113896.61324999786,1.0,2025-11-20,569.1,569.45,568.45,0.0,572.25,572.75,571.9,0.0,2025,0.0,0.0,0.0,0.0,0.0,0.0,0.0,0.0,0.0,0.0,0.0,0.0,0.0,0.0,0.0,1.0,1.0,1.0,1,10,3,11,159.4517836784364,0.8482066402237689,0.9051737790677524,0.8482066402237689,0.1517933597762311,9.8217324794508e-05,0.0001184223060284,0.0014227107437239,True,33.43974837426195,0.956190003148038,1.6568342508740246,0.956190003148038,0.0438099968519619,0.0003535542056072,0.0003523225373936,0.0024968846641247,True,16.24868952005356,0.9647200197424164,1.9545298428061335,0.9647200197424164,0.0352799802575835,0.0008201034399723,0.0008417200701817,0.0035390053424341,True,90.45868695183266,0.3128159207103351,-0.4386617092855603,0.3128159207103351,0.6871840792896649,0.0015336697484977,0.0016950923799485,0.004664959960791,True,0.8482066402237689,0.1517933597762311,-0.9051737790677524,0.956190003148038,0.0438099968519619,-1.6568342508740246,0.9647200197424164,0.0352799802575835,-1.9545298428061335,0.3128159207103351,0.6871840792896649,0.4386617092855603,1,0,0,0.0,1,1,1,1,,0,1,1,0,1,0,0,1.0,1.0,0.0,0.0,0.0,,0.6964132804475378,0.9051737790677524,0.9123800062960762,1.6568342508740246,0.9294400394848329,1.9545298428061335,-0.37436815857932976,0.4386617092855603,0.5047069,0.5379435469908764,0.5021273
2025-11-21 10:30:00,2025-11-21 10:40:00,1,545.1,542.55,pivot,-2.550000000000068,0.1326295,-2.882629500000068,-90802.82925000215,1.0,2025-11-21,543.4,545.2,543.05,0.0,544.15,544.35,542.35,0.0,2025,0.0,0.0,0.0,0.0,0.0,0.0,0.0,0.0,0.0,0.0,0.0,0.0,0.0,0.0,0.0,1.0,1.0,1.0,0,10,4,11,133.38169281220723,0.8610800620567575,0.8273491349041113,0.8610800620567575,0.1389199379432425,-0.0001746147381294,-0.0001991876326519,0.0016859447643323,True,211.91891594239783,0.5756090821581961,0.1828070235490917,0.5756090821581961,0.4243909178418039,-0.0004451003595109,-0.0006074188900801,0.0028199294054519,True,152.35213067965532,0.5013224472125131,0.0614095181455209,0.5013224472125131,0.4986775527874869,-0.0008355889041533,-0.0010832270869383,0.0041734112961422,True,111.67810470728664,0.5923781828854486,0.1984565950617368,0.5923781828854486,0.4076218171145513,-0.0017399466989773,-0.001922096527691,0.0050555971818454,True,0.8610800620567575,0.1389199379432425,-0.8273491349041113,0.5756090821581961,0.4243909178418039,-0.1828070235490917,0.5013224472125131,0.4986775527874869,-0.0614095181455209,0.5923781828854486,0.4076218171145513,-0.1984565950617368,1,0,0,0.0,1,1,1,1,,0,1,1,0,1,0,0,1.0,1.0,0.0,0.0,0.0,,0.7221601241135149,0.8273491349041113,0.15121816431639218,0.1828070235490917,0.0026448944250261897,0.0614095181455209,0.18475636577089732,0.1984565950617368,0.5047069,0.5343161343525415,0.5057781
2025-11-21 10:40:00,2025-11-21 12:50:00,-1,542.55,541.65,pivot,0.8999999999999773,0.132526,0.5674739999999773,17875.430999999284,1.0,2025-11-21,544.15,544.35,542.35,0.0,540.95,541.85,540.8,0.0,2025,0.0,0.0,0.0,0.0,0.0,0.0,0.0,0.0,0.0,0.0,0.0,0.0,0.0,0.0,0.0,1.0,1.0,1.0,1,10,4,11,37.32185299122966,0.0545237384408892,-1.625741303233209,0.0545237384408892,0.9454762615591108,-0.0001746147381294,-0.0001991876326519,0.0016859447643323,True,201.6549347157986,0.6328890798993005,0.2806674249787635,0.6328890798993005,0.3671109201006994,-0.0004451003595109,-0.0006074188900801,0.0028199294054519,True,139.5231399456644,0.6523027897620067,0.3036533980918067,0.6523027897620067,0.3476972102379932,-0.0008355889041533,-0.0010832270869383,0.0041734112961422,True,53.31973909871674,0.8569524520339917,0.799241645965082,0.8569524520339917,0.1430475479660082,-0.0017399466989773,-0.001922096527691,0.0050555971818454,True,0.9454762615591108,0.0545237384408892,-1.625741303233209,0.3671109201006994,0.6328890798993005,0.2806674249787635,0.3476972102379932,0.6523027897620067,0.3036533980918067,0.1430475479660082,0.8569524520339917,0.799241645965082,1,0,0,0.0,1,1,1,1,,0,1,1,0,1,0,0,1.0,1.0,0.0,0.0,0.0,,0.8909525231182216,1.625741303233209,-0.26577815979860114,0.2806674249787635,-0.3046055795240135,0.3036533980918067,-0.7139049040679836,0.799241645965082,0.5047069,0.5343161343525415,0.5077789
2025-11-24 10:35:00,2025-11-24 10:45:00,1,551.05,547.65,pivot,-3.3999999999999773,0.132961,-3.732960999999977,-117588.27149999927,1.0,2025-11-24,549.6,551.25,549.55,0.0,548.7,548.8,547.4,0.0,2025,0.0,0.0,0.0,0.0,0.0,0.0,0.0,0.0,0.0,0.0,0.0,0.0,0.0,0.0,0.0,1.0,1.0,1.0,0,10,0,11,219.2447335879757,0.7720353492587045,0.6194229575493623,0.7720353492587045,0.2279646507412954,9.8217324794508e-05,0.0001184223060284,0.0014227107437239,True,197.36296191860097,0.5019471253534091,0.0044385600210878,0.5019471253534091,0.4980528746465908,0.0003535542056072,0.0003523225373936,0.0024968846641247,True,107.58732031759352,0.7306243692828175,0.5074770346248352,0.7306243692828175,0.2693756307171825,0.0008201034399723,0.0008417200701817,0.0035390053424341,True,8.546242386626028,0.9695701472369392,2.064826515718595,0.9695701472369392,0.0304298527630607,0.0015336697484977,0.0016950923799485,0.004664959960791,True,0.7720353492587045,0.2279646507412954,-0.6194229575493623,0.5019471253534091,0.4980528746465908,-0.0044385600210878,0.7306243692828175,0.2693756307171825,-0.5074770346248352,0.9695701472369392,0.0304298527630607,-2.064826515718595,1,0,0,0.0,1,1,1,1,,0,1,1,0,1,0,0,1.0,1.0,0.0,0.0,0.0,,0.5440706985174091,0.6194229575493623,0.003894250706818314,0.0044385600210878,0.461248738565635,0.5074770346248352,0.9391402944738786,2.064826515718595,0.5047069,0.5469727698921851,0.50855696
2025-11-24 10:45:00,2025-11-24 11:15:00,-1,547.65,548.65,pivot,-1.0,0.132889,-1.332889,-41986.0035,1.0,2025-11-24,548.7,548.8,547.4,0.0,550.25,550.4,548.6,0.0,2025,0.0,0.0,0.0,0.0,0.0,0.0,0.0,0.0,0.0,0.0,0.0,0.0,0.0,0.0,0.0,1.0,1.0,1.0,0,10,0,11,29.14612716063273,0.0298907406834505,-1.871420851039693,0.0298907406834505,0.9701092593165496,9.8217324794508e-05,0.0001184223060284,0.0014227107437239,True,182.8575487817188,0.3230379139284824,-0.3596582396960017,0.3230379139284824,0.6769620860715175,0.0003535542056072,0.0003523225373936,0.0024968846641247,True,79.56386630843176,0.1931803196910551,-0.7258417190959455,0.1931803196910551,0.8068196803089449,0.0008201034399723,0.0008417200701817,0.0035390053424341,True,66.39481131924988,0.7609632403850486,0.5943589413506893,0.7609632403850486,0.2390367596149514,0.0015336697484977,0.0016950923799485,0.004664959960791,True,0.9701092593165496,0.0298907406834505,-1.871420851039693,0.6769620860715175,0.3230379139284824,-0.3596582396960017,0.8068196803089449,0.1931803196910551,-0.7258417190959455,0.2390367596149514,0.7609632403850486,0.5943589413506893,1,0,0,0.0,1,1,1,1,,0,1,1,0,1,0,0,1.0,1.0,0.0,0.0,0.0,,0.940218518633099,1.871420851039693,0.3539241721430351,0.3596582396960017,0.6136393606178898,0.7258417190959455,-0.5219264807700972,0.5943589413506893,0.5047069,0.5469727698921851,0.5076325
2025-11-25 10:55:00,2025-11-25 11:05:00,-1,547.9,548.25,pivot,-0.3500000000000227,0.1328845,-0.6828845000000229,-21510.86175000072,1.0,2025-11-25,547.95,548.95,547.6,0.0,547.7,548.25,546.9,0.0,2025,0.0,0.0,0.0,0.0,0.0,0.0,0.0,0.0,0.0,0.0,0.0,0.0,0.0,0.0,0.0,1.0,1.0,1.0,0,10,1,11,88.65904921213142,0.0866353692855342,-1.130691240685559,0.0866353692855342,0.9133646307144658,-4.206245121085512e-05,-7.287281071297047e-05,0.0013876590236631,True,42.61578480190052,0.0762766980069631,-1.2234966132176552,0.0762766980069631,0.9237233019930368,-0.0001912090162208,-0.0002218080029845,0.0026491623110874,True,77.27490904227872,0.1800950429915645,-0.7477275905947814,0.1800950429915645,0.8199049570084355,-0.0003174609105456,-0.000379046812143,0.003516016498709,True,25.839324180111127,0.0707227196517914,-1.3902570818066735,0.0707227196517914,0.9292772803482086,-0.0005001136084747,-0.0004790469899028,0.0044982758167221,True,0.9133646307144658,0.0866353692855342,-1.130691240685559,0.9237233019930368,0.0762766980069631,-1.2234966132176552,0.8199049570084355,0.1800950429915645,-0.7477275905947814,0.9292772803482086,0.0707227196517914,-1.3902570818066735,1,0,0,0.0,1,1,1,1,,0,1,1,0,1,0,0,1.0,1.0,0.0,0.0,0.0,,0.8267292614289317,1.130691240685559,0.8474466039860736,1.2234966132176552,0.6398099140168709,0.7477275905947814,0.8585545606964171,1.3902570818066735,0.5047069,0.5427099651139164,0.504745
2025-11-26 10:50:00,2025-11-26 11:15:00,1,555.55,555.5,pivot,-0.0499999999999545,0.1333315,-0.3833314999999545,-12074.942249998567,1.0,2025-11-26,555.7,556.3,555.5,0.0,555.05,555.65,554.95,0.0,2025,0.0,0.0,0.0,0.0,0.0,0.0,0.0,0.0,0.0,0.0,0.0,0.0,0.0,0.0,0.0,1.0,1.0,2.0,0,10,2,11,438.70005370900304,0.6255701638394623,0.151358471554991,0.6255701638394623,0.3744298361605377,9.930389845865924e-05,0.0001854765186907,0.0011532852241792,True,125.31586014978424,0.8307972288039785,0.6602291277670531,0.8307972288039785,0.1692027711960214,0.0003178159276297,0.0005472936298119,0.0018996194138552,True,10.245831978600616,0.9764708827168102,2.420235112623777,0.9764708827168102,0.0235291172831898,0.0005538091349639,0.0009050638451866,0.0022745414778683,True,2.865623611623364,0.994329688961466,3.649742030772774,0.994329688961466,0.0056703110385341,0.0010369233618436,0.0014855388071034,0.0028173218001605,True,0.6255701638394623,0.3744298361605377,-0.151358471554991,0.8307972288039785,0.1692027711960214,-0.6602291277670531,0.9764708827168102,0.0235291172831898,-2.420235112623777,0.994329688961466,0.0056703110385341,-3.649742030772774,1,0,0,0.0,1,1,1,1,,0,1,1,0,1,0,0,1.0,1.0,0.0,0.0,0.0,,0.2511403276789246,0.151358471554991,0.6615944576079571,0.6602291277670531,0.9529417654336203,2.420235112623777,0.9886593779229319,3.649742030772774,0.51110506,0.563435101188099,0.50163686
2025-11-27 10:40:00,2025-11-27 10:50:00,-1,567.45,567.2,pivot,0.25,0.1340395,-0.0840395,-2647.24425,1.0,2025-11-27,567.9,568.35,567.35,0.0,568.45,568.45,566.8,0.0,2025,0.0,0.0,0.0,0.0,0.0,0.0,0.0,0.0,0.0,0.0,0.0,0.0,0.0,0.0,0.0,1.0,1.0,1.0,0,10,3,11,79.1177887783068,0.0782310255247578,-1.2764170273687854,0.0782310255247578,0.9217689744752422,0.0001239605938138,0.0001230731242438,0.0015420785192998,True,117.90947526749083,0.2204024799674889,-0.6157628534544478,0.2204024799674889,0.779597520032511,0.0004062800547517,0.0003536696269223,0.002715430738961,True,56.5557900470643,0.1498788289683426,-0.9048296344041282,0.1498788289683426,0.8501211710316573,0.0008669354198627,0.0008242307967009,0.0038231268110313,True,95.74678715706597,0.4673459165037899,-0.1028958482102564,0.4673459165037899,0.5326540834962101,0.001483899509725,0.0016445860889011,0.004864843865642,True,0.9217689744752422,0.0782310255247578,-1.2764170273687854,0.779597520032511,0.2204024799674889,-0.6157628534544478,0.8501211710316573,0.1498788289683426,-0.9048296344041282,0.5326540834962101,0.4673459165037899,-0.1028958482102564,1,0,0,0.0,1,1,1,1,,0,1,1,0,1,0,0,1.0,1.0,0.0,0.0,0.0,,0.8435379489504844,1.2764170273687854,0.5591950400650221,0.6157628534544478,0.7002423420633147,0.9048296344041282,0.0653081669924202,0.1028958482102564,0.5047069,0.5379435469908764,0.502049
2025-11-27 10:50:00,2025-11-27 11:30:00,-1,567.2,567.85,pivot,-0.6499999999999773,0.1340515,-0.9840514999999772,-30997.622249999284,1.0,2025-11-27,568.45,568.45,566.8,0.0,566.55,567.9,566.55,0.0,2025,0.0,0.0,0.0,0.0,0.0,0.0,0.0,0.0,0.0,0.0,0.0,0.0,0.0,0.0,0.0,1.0,1.0,1.0,0,10,3,11,251.59295335586333,0.6966703904896051,0.4342411904543331,0.6966703904896051,0.3033296095103949,0.0001239605938138,0.0001230731242438,0.0015420785192998,True,45.78034176939088,0.100912839014881,-1.198667321082848,0.100912839014881,0.899087160985119,0.0004062800547517,0.0003536696269223,0.002715430738961,True,52.73326503103748,0.1400438829143884,-0.9514899662901184,0.1400438829143884,0.8599561170856116,0.0008669354198627,0.0008242307967009,0.0038231268110313,True,95.74997077108728,0.4674617138250284,-0.1026472543121431,0.4674617138250284,0.5325382861749716,0.001483899509725,0.0016445860889011,0.004864843865642,True,0.3033296095103949,0.6966703904896051,0.4342411904543331,0.899087160985119,0.100912839014881,-1.198667321082848,0.8599561170856116,0.1400438829143884,-0.9514899662901184,0.5325382861749716,0.4674617138250284,-0.1026472543121431,1,0,0,0.0,1,1,1,1,,0,1,1,0,1,0,0,1.0,1.0,0.0,0.0,0.0,,-0.3933407809792102,0.4342411904543331,0.798174321970238,1.198667321082848,0.7199122341712232,0.9514899662901184,0.06507657234994318,0.1026472543121431,0.5047069,0.5379435469908764,0.5041617
2025-11-28 10:35:00,2025-11-28 10:50:00,-1,557.75,559.3,pivot,-1.5499999999999543,0.1335115,-1.8835114999999545,-59330.612249998565,1.0,2025-11-28,557.4,557.95,557.2,0.0,559.65,560.1,558.8,0.0,2025,0.0,0.0,0.0,0.0,0.0,0.0,0.0,0.0,0.0,0.0,0.0,0.0,0.0,0.0,0.0,1.0,1.0,0.0,0,10,4,11,303.66015531750486,0.6825673119839889,0.3306835805004515,0.6825673119839889,0.3174326880160111,-0.0001746147381294,-0.0001991876326519,0.0016859447643323,True,73.54351599598937,0.8766908470023405,0.914847766152134,0.8766908470023405,0.1233091529976595,-0.0004451003595109,-0.0006074188900801,0.0028199294054519,True,142.2570761050976,0.6390058323452303,0.2810163249588807,0.6390058323452303,0.3609941676547696,-0.0008355889041533,-0.0010832270869383,0.0041734112961422,True,111.76497554372553,0.5144487509321947,0.0615582615795751,0.5144487509321947,0.4855512490678053,-0.0017399466989773,-0.001922096527691,0.0050555971818454,True,0.3174326880160111,0.6825673119839889,0.3306835805004515,0.1233091529976595,0.8766908470023405,0.914847766152134,0.3609941676547696,0.6390058323452303,0.2810163249588807,0.4855512490678053,0.5144487509321947,0.0615582615795751,1,0,0,0.0,1,1,1,1,,0,1,1,0,1,0,0,1.0,1.0,0.0,0.0,0.0,,-0.3651346239679778,0.3306835805004515,-0.7533816940046809,0.914847766152134,-0.27801166469046074,0.2810163249588807,-0.028897501864389386,0.0615582615795751,0.5104952,0.5889775183652091,0.5055324
2025-11-28 10:50:00,2025-11-28 11:20:00,1,559.3,558.3,pivot,-1.0,0.133528,-1.3335280000000003,-42006.132000000005,1.0,2025-11-28,559.65,560.1,558.8,0.0,558.35,558.7,558.2,0.0,2025,0.0,0.0,0.0,0.0,0.0,0.0,0.0,0.0,0.0,0.0,0.0,0.0,0.0,0.0,0.0,1.0,1.0,1.0,0,10,4,11,187.19160005754424,0.8139323219029183,0.6499663924166725,0.8139323219029183,0.1860676780970817,-0.0001746147381294,-0.0001991876326519,0.0016859447643323,True,206.92848395734208,0.4615732480282137,-0.0069991038309017,0.4615732480282137,0.5384267519717862,-0.0004451003595109,-0.0006074188900801,0.0028199294054519,True,93.55712805780148,0.7884448830604952,0.5818881181451995,0.7884448830604952,0.2115551169395048,-0.0008355889041533,-0.0010832270869383,0.0041734112961422,True,111.95838080993232,0.5849157614231962,0.1852881783583889,0.5849157614231962,0.4150842385768037,-0.0017399466989773,-0.001922096527691,0.0050555971818454,True,0.8139323219029183,0.1860676780970817,-0.6499663924166725,0.4615732480282137,0.5384267519717862,0.0069991038309017,0.7884448830604952,0.2115551169395048,-0.5818881181451995,0.5849157614231962,0.4150842385768037,-0.1852881783583889,1,0,0,0.0,1,1,1,1,,0,1,1,0,1,0,0,1.0,1.0,0.0,0.0,0.0,,0.6278646438058366,0.6499663924166725,-0.07685350394357254,0.0069991038309017,0.5768897661209904,0.5818881181451995,0.16983152284639252,0.1852881783583889,0.5047069,0.5343161343525415,0.50220716
2025-12-03 11:10:00,2025-12-03 12:30:00,-1,573.3,572.25,pivot,1.0499999999999543,0.1343665,0.7156334999999546,22542.45524999857,1.0,2025-12-03,573.45,573.5,572.85,0.0,572.7,572.85,572.1,0.0,2025,0.0,0.0,0.0,0.0,0.0,0.0,0.0,0.0,0.0,0.0,0.0,0.0,0.0,0.0,0.0,1.0,1.0,2.0,1,11,2,12,112.938794576247,0.1087144662803168,-1.0847792941745542,0.1087144662803168,0.8912855337196832,0.0001239907548787,0.0001237859925209,0.0015616594889091,True,60.964748610944966,0.1316207081814224,-1.0117733765583274,0.1316207081814224,0.8683792918185775,0.0004018004973914,0.0003517433032951,0.0027608169396357,True,67.19078055512415,0.1802097011655638,-0.7969156158897399,0.1802097011655638,0.8197902988344361,0.0008528103489399,0.0008409967720052,0.0039005054359357,True,88.29106208750125,0.5555770547829113,0.0803534715144903,0.5555770547829113,0.4444229452170887,0.0013897553392492,0.0016108482803177,0.0049680821523011,True,0.8912855337196832,0.1087144662803168,-1.0847792941745542,0.8683792918185775,0.1316207081814224,-1.0117733765583274,0.8197902988344361,0.1802097011655638,-0.7969156158897399,0.4444229452170887,0.5555770547829113,0.0803534715144903,1,0,0,0.0,1,1,1,1,,0,1,1,0,1,0,0,1.0,1.0,0.0,0.0,0.0,,0.7825710674393664,1.0847792941745542,0.7367585836371551,1.0117733765583274,0.6395805976688723,0.7969156158897399,-0.11115410956582261,0.0803534715144903,0.51327443,0.5353982047433861,0.5010674
2025-12-04 10:35:00,2025-12-04 10:55:00,1,566.7,565.4,pivot,-1.3000000000000682,0.133963,-1.6339630000000682,-51469.83450000215,1.0,2025-12-04,567.45,567.5,566.2,0.0,564.6,565.45,564.5,0.0,2025,0.0,0.0,0.0,0.0,0.0,0.0,0.0,0.0,0.0,0.0,0.0,0.0,0.0,0.0,0.0,1.0,1.0,1.0,0,10,3,12,140.63150287298987,0.8548022978975716,0.7999454619811902,0.8548022978975716,0.1451977021024284,-0.0001746147381294,-0.0001991876326519,0.0016859447643323,True,49.64909348473873,0.912295758685318,1.125365532121508,0.912295758685318,0.0877042413146819,-0.0004451003595109,-0.0006074188900801,0.0028199294054519,True,105.6915454477491,0.7602906710102288,0.5137847654782324,0.7602906710102288,0.2397093289897711,-0.0008355889041533,-0.0010832270869383,0.0041734112961422,True,110.38427686356322,0.6159805751159712,0.2404033932376579,0.6159805751159712,0.3840194248840288,-0.0017399466989773,-0.001922096527691,0.0050555971818454,True,0.8548022978975716,0.1451977021024284,-0.7999454619811902,0.912295758685318,0.0877042413146819,-1.125365532121508,0.7602906710102288,0.2397093289897711,-0.5137847654782324,0.6159805751159712,0.3840194248840288,-0.2404033932376579,1,0,0,0.0,1,1,1,1,,0,1,1,0,1,0,0,1.0,1.0,0.0,0.0,0.0,,0.7096045957951431,0.7999454619811902,0.8245915173706361,1.125365532121508,0.5205813420204577,0.5137847654782324,0.23196115023194236,0.2404033932376579,0.5101736,0.5445949231376656,0.5016264
2025-12-04 10:55:00,2025-12-04 11:00:00,1,565.4,564.6,pivot,-0.7999999999999545,0.1339,-1.1338999999999544,-35717.849999998565,1.0,2025-12-04,564.6,565.45,564.5,0.0,564.3,564.6,564.05,0.0,2025,0.0,0.0,0.0,0.0,0.0,0.0,0.0,0.0,0.0,0.0,0.0,0.0,0.0,0.0,0.0,1.0,1.0,1.0,0,10,3,12,69.97173016561831,0.0956291214331932,-1.1378401581352904,0.0956291214331932,0.9043708785668068,-0.0001746147381294,-0.0001991876326519,0.0016859447643323,True,187.8743624752685,0.3929358411115492,-0.1289639540479011,0.3929358411115492,0.6070641588884508,-0.0004451003595109,-0.0006074188900801,0.0028199294054519,True,76.53028037639496,0.8240984024223331,0.6831968601777847,0.8240984024223331,0.1759015975776668,-0.0008355889041533,-0.0010832270869383,0.0041734112961422,True,45.82719136609115,0.8745250166420621,0.8699705956218219,0.8745250166420621,0.1254749833579379,-0.0017399466989773,-0.001922096527691,0.0050555971818454,True,0.0956291214331932,0.9043708785668068,1.1378401581352904,0.3929358411115492,0.6070641588884508,0.1289639540479011,0.8240984024223331,0.1759015975776668,-0.6831968601777847,0.8745250166420621,0.1254749833579379,-0.8699705956218219,1,0,0,0.0,1,1,1,1,,0,1,1,0,1,0,0,1.0,1.0,0.0,0.0,0.0,,-0.8087417571336135,1.1378401581352904,-0.21412831777690156,0.1289639540479011,0.6481968048446664,0.6831968601777847,0.7490500332841241,0.8699705956218219,0.5101736,0.5445949231376656,0.5036472
2025-12-05 11:00:00,2025-12-05 15:45:00,-1,574.05,580.4,eod,-6.350000000000023,0.1346335,-6.6846335000000225,-210565.9552500007,1.0,2025-12-05,573.9,574.7,573.6,0.0,580.4,580.4,580.4,0.0,2025,0.0,0.0,0.0,0.0,0.0,0.0,0.0,0.0,0.0,0.0,0.0,0.0,0.0,0.0,0.0,1.0,1.0,2.0,0,11,4,12,75.07923183113164,0.0762790715940144,-1.3055524427680978,0.0762790715940144,0.9237209284059856,0.0001239907548787,0.0001237859925209,0.0015616594889091,True,70.10607569239646,0.1491166074943825,-0.9155420122349128,0.1491166074943825,0.8508833925056174,0.0004018004973914,0.0003517433032951,0.0027608169396357,True,101.80877960002184,0.2986751238569175,-0.43889830814462,0.2986751238569175,0.7013248761430825,0.0008528103489399,0.0008409967720052,0.0039005054359357,True,48.7018665781347,0.8152607291887484,0.8366169959057512,0.8152607291887484,0.1847392708112516,0.0013897553392492,0.0016108482803177,0.0049680821523011,True,0.9237209284059856,0.0762790715940144,-1.3055524427680978,0.8508833925056174,0.1491166074943825,-0.9155420122349128,0.7013248761430825,0.2986751238569175,-0.43889830814462,0.1847392708112516,0.8152607291887484,0.8366169959057512,1,0,0,0.0,1,1,1,1,,0,1,1,0,1,0,0,1.0,1.0,0.0,0.0,0.0,,0.8474418568119713,1.3055524427680978,0.7017667850112349,0.9155420122349128,0.40264975228616495,0.43889830814462,-0.6305214583774967,0.8366169959057512,0.51327443,0.5352243787693515,0.5053198
2025-12-08 10:40:00,2025-12-08 11:05:00,1,582.05,580.05,pivot,-2.0,0.134863,-2.334863,-73548.1845,1.0,2025-12-08,581.65,582.5,581.15,0.0,580.05,580.25,579.45,0.0,2025,0.0,0.0,0.0,0.0,0.0,0.0,0.0,0.0,0.0,0.0,0.0,0.0,0.0,0.0,0.0,1.0,1.0,1.0,0,10,0,12,309.8782943502813,0.5149447828997411,0.0309485184407826,0.5149447828997411,0.4850552171002589,0.0001239907548787,0.0001237859925209,0.0015616594889091,True,168.6628782409208,0.534161243803957,0.0908412231114272,0.534161243803957,0.465838756196043,0.0004018004973914,0.0003517433032951,0.0027608169396357,True,113.28939581847354,0.3557915317853894,-0.3038431875443325,0.3557915317853894,0.6442084682146105,0.0008528103489399,0.0008409967720052,0.0039005054359357,True,60.88581686156471,0.7548508029040085,0.6132631373140848,0.7548508029040085,0.2451491970959914,0.0013897553392492,0.0016108482803177,0.0049680821523011,True,0.5149447828997411,0.4850552171002589,-0.0309485184407826,0.534161243803957,0.465838756196043,-0.0908412231114272,0.3557915317853894,0.6442084682146105,0.3038431875443325,0.7548508029040085,0.2451491970959914,-0.6132631373140848,1,0,0,0.0,1,1,1,1,,0,1,1,0,1,0,0,1.0,1.0,0.0,0.0,0.0,,0.02988956579948221,0.0309485184407826,0.06832248760791404,0.0908412231114272,-0.2884169364292211,0.3038431875443325,0.5097016058080172,0.6132631373140848,0.5101736,0.5475130349278631,0.50508183
2025-12-09 10:35:00,2025-12-09 13:05:00,1,585.9,584.5,pivot,-1.3999999999999773,0.135112,-1.7351119999999771,-54656.02799999928,1.0,2025-12-09,585.2,586.4,584.7,0.0,585.35,585.45,584.3,0.0,2025,0.0,0.0,0.0,0.0,0.0,0.0,0.0,0.0,0.0,0.0,0.0,0.0,0.0,0.0,0.0,1.0,1.0,1.0,0,10,1,12,249.46484025275632,0.6848771366744878,0.4131176321971104,0.6848771366744878,0.3151228633255122,0.0001239907548787,0.0001237859925209,0.0015616594889091,True,173.4023441359701,0.4748794884625036,-0.0345902346387302,0.4748794884625036,0.5251205115374964,0.0004018004973914,0.0003517433032951,0.0027608169396357,True,122.29916364925622,0.4476966091945146,-0.1061102541808293,0.4476966091945146,0.5523033908054853,0.0008528103489399,0.0008409967720052,0.0039005054359357,True,89.64061308708027,0.4128320274283336,-0.2382680268290367,0.4128320274283336,0.5871679725716664,0.0013897553392492,0.0016108482803177,0.0049680821523011,True,0.6848771366744878,0.3151228633255122,-0.4131176321971104,0.4748794884625036,0.5251205115374964,0.0345902346387302,0.4476966091945146,0.5523033908054853,0.1061102541808293,0.4128320274283336,0.5871679725716664,0.2382680268290367,1,0,0,0.0,1,1,1,1,,0,1,1,0,1,0,0,1.0,1.0,0.0,0.0,0.0,,0.3697542733489756,0.4131176321971104,-0.050241023074992786,0.0345902346387302,-0.1046067816109707,0.1061102541808293,-0.17433594514333284,0.2382680268290367,0.5101736,0.5432502301495943,0.50729775
2025-12-10 10:45:00,2025-12-10 11:15:00,-1,585.35,586.7,pivot,-1.3500000000000227,0.1351615,-1.6851615000000228,-53082.58725000072,1.0,2025-12-10,585.1,585.45,584.6,0.0,586.5,586.8,586.2,0.0,2025,0.0,0.0,0.0,0.0,0.0,0.0,0.0,0.0,0.0,0.0,0.0,0.0,0.0,0.0,0.0,1.0,1.0,1.0,0,10,2,12,395.3825333637113,0.5588952785723665,0.1227952439844482,0.5588952785723665,0.4411047214276334,-6.263283656314077e-05,-8.987201501526417e-05,0.0014271203768327,True,151.5520282168835,0.7200751594153811,0.452468803977091,0.7200751594153811,0.2799248405846188,-0.0002659359857852,-0.0002829805613996,0.0027017752950392,True,92.98257251083064,0.777276793710466,0.6768429394200318,0.777276793710466,0.222723206289534,-0.000524702027848,-0.0005372333866027,0.0035711295256547,True,84.17862370445235,0.2987458770003389,-0.4927368751427748,0.2987458770003389,0.7012541229996611,-0.0006916505498171,-0.0006098421736335,0.0046443925969339,True,0.4411047214276334,0.5588952785723665,0.1227952439844482,0.2799248405846188,0.7200751594153811,0.452468803977091,0.222723206289534,0.777276793710466,0.6768429394200318,0.7012541229996611,0.2987458770003389,-0.4927368751427748,1,0,0,0.0,1,1,1,1,,0,1,1,0,1,0,0,1.0,1.0,0.0,0.0,0.0,,-0.11779055714473313,0.1227952439844482,-0.44015031883076233,0.452468803977091,-0.554553587420932,0.6768429394200318,0.40250824599932217,0.4927368751427748,0.5101736,0.5556489229600519,0.5111075
2025-12-11 10:55:00,2025-12-11 11:00:00,-1,589.05,588.15,pivot,0.8999999999999773,0.135316,0.5646839999999773,17787.545999999285,1.0,2025-12-11,588.15,589.15,588.1,0.0,588.0,588.55,587.85,0.0,2025,0.0,0.0,0.0,0.0,0.0,0.0,0.0,0.0,0.0,0.0,0.0,0.0,0.0,0.0,0.0,1.0,1.0,1.0,1,10,3,12,128.3596564680805,0.1224726843080361,-1.0173739587109314,0.1224726843080361,0.8775273156919638,0.000148640031296,0.0001529954208835,0.0015674788485048,True,118.72608871829428,0.2265755474967095,-0.6156085527923301,0.2265755474967095,0.7734244525032905,0.0004625808907606,0.0004106857205602,0.0027337121334762,True,101.34611488843234,0.3100643495708823,-0.4102903167329178,0.3100643495708823,0.6899356504291176,0.000883537654395,0.0008439379299791,0.0039178566497897,True,82.3446316821384,0.4211995993846552,-0.2093600837431143,0.4211995993846552,0.5788004006153448,0.0017083565707859,0.0018317019452441,0.0050993379493489,True,0.8775273156919638,0.1224726843080361,-1.0173739587109314,0.7734244525032905,0.2265755474967095,-0.6156085527923301,0.6899356504291176,0.3100643495708823,-0.4102903167329178,0.5788004006153448,0.4211995993846552,-0.2093600837431143,1,0,0,0.0,1,1,1,1,,0,1,1,0,1,0,0,1.0,1.0,0.0,0.0,0.0,,0.7550546313839277,1.0173739587109314,0.546848905006581,0.6156085527923301,0.37987130085823534,0.4102903167329178,0.1576008012306896,0.2093600837431143,0.5101736,0.5445949231376656,0.5127795
2025-12-15 10:45:00,2025-12-15 10:50:00,-1,576.6,576.3,pivot,0.3000000000000682,0.134587,-0.0345869999999318,-1089.4904999978517,1.0,2025-12-15,576.25,576.75,575.55,0.0,577.4,577.45,576.15,0.0,2025,0.0,0.0,0.0,0.0,0.0,0.0,0.0,0.0,0.0,0.0,0.0,0.0,0.0,0.0,0.0,1.0,1.0,1.0,0,10,0,12,320.7847130241679,0.4218142823107033,-0.1287812082971043,0.4218142823107033,0.5781857176892966,-0.0001974739684511,-0.0002090476124756,0.0017415916977683,True,196.57575246902056,0.5021307749342305,0.0508578308327467,0.5021307749342305,0.4978692250657694,-0.0005307866283155,-0.0006702154861903,0.0029541122291055,True,128.6120415807083,0.6608656523891223,0.3270589873633762,0.6608656523891223,0.3391343476108777,-0.0009838485489067,-0.0012027738900344,0.0042076790199243,True,31.166134668455005,0.906918874465459,1.067156879799968,0.906918874465459,0.0930811255345409,-0.001891017939798,-0.0021530256652724,0.0053538969769764,True,0.5781857176892966,0.4218142823107033,-0.1287812082971043,0.4978692250657694,0.5021307749342305,0.0508578308327467,0.3391343476108777,0.6608656523891223,0.3270589873633762,0.0930811255345409,0.906918874465459,1.067156879799968,1,0,0,0.0,1,1,1,1,,0,1,1,0,1,0,0,1.0,1.0,0.0,0.0,0.0,,0.15637143537859333,0.1287812082971043,-0.004261549868461112,0.0508578308327467,-0.32173130477824463,0.3270589873633762,-0.8138377489309181,1.067156879799968,0.5101736,0.5475130349278631,0.51313066
2025-12-15 10:50:00,2025-12-15 12:05:00,-1,576.3,577.5,pivot,-1.2000000000000457,0.134614,-1.5346140000000457,-48340.34100000144,1.0,2025-12-15,577.4,577.45,576.15,0.0,576.1,577.55,575.85,0.0,2025,0.0,0.0,0.0,0.0,0.0,0.0,0.0,0.0,0.0,0.0,0.0,0.0,0.0,0.0,0.0,1.0,1.0,1.0,0,10,0,12,329.2636739254754,0.4500591758122033,-0.0790961246187714,0.4500591758122033,0.5499408241877968,-0.0001974739684511,-0.0002090476124756,0.0017415916977683,True,172.73509360909313,0.3882451831749485,-0.1545125942120424,0.3882451831749485,0.6117548168250515,-0.0005307866283155,-0.0006702154861903,0.0029541122291055,True,142.72101905251046,0.5415570080824803,0.1210388396607895,0.5415570080824803,0.4584429919175197,-0.0009838485489067,-0.0012027738900344,0.0042076790199243,True,59.28212774826867,0.83118029994556,0.7425816233670862,0.83118029994556,0.16881970005444,-0.001891017939798,-0.0021530256652724,0.0053538969769764,True,0.5499408241877968,0.4500591758122033,-0.0790961246187714,0.6117548168250515,0.3882451831749485,-0.1545125942120424,0.4584429919175197,0.5415570080824803,0.1210388396607895,0.16881970005444,0.83118029994556,0.7425816233670862,1,0,0,0.0,1,1,1,1,,0,1,1,0,1,0,0,1.0,1.0,0.0,0.0,0.0,,0.09988164837559349,0.0790961246187714,0.223509633650103,0.1545125942120424,-0.08311401616496061,0.1210388396607895,-0.66236059989112,0.7425816233670862,0.5101736,0.5475130349278631,0.51244426
2025-12-16 10:40:00,2025-12-16 10:50:00,-1,565.55,564.75,pivot,0.7999999999999545,0.133909,0.4660909999999545,14681.866499998567,1.0,2025-12-16,565.5,566.1,565.3,0.0,566.05,566.15,564.75,0.0,2025,0.0,0.0,0.0,0.0,0.0,0.0,0.0,0.0,0.0,0.0,0.0,0.0,0.0,0.0,0.0,1.0,1.0,0.0,1,10,1,12,100.88837060748904,0.1242753944785571,-0.9991142096787494,0.1242753944785571,0.8757246055214429,-0.0001943214552843,-0.0001946081326463,0.0017459483615306,True,129.61539232331086,0.2756894030622919,-0.4292140838448132,0.2756894030622919,0.7243105969377082,-0.0005432271713406,-0.0006548937554848,0.002991784852513,True,63.3978122631385,0.1832652394777874,-0.674543949353388,0.1832652394777874,0.8167347605222126,-0.0009645278993038,-0.0011611211286525,0.00428273534197,True,35.055156399926844,0.1329754122893142,-0.9577771564827534,0.1329754122893142,0.8670245877106858,-0.0018762533031869,-0.0021493472704805,0.0054647403669127,True,0.8757246055214429,0.1242753944785571,-0.9991142096787494,0.7243105969377082,0.2756894030622919,-0.4292140838448132,0.8167347605222126,0.1832652394777874,-0.674543949353388,0.8670245877106858,0.1329754122893142,-0.9577771564827534,1,0,0,0.0,1,1,1,1,,0,1,1,0,1,0,0,1.0,1.0,0.0,0.0,0.0,,0.7514492110428859,0.9991142096787494,0.44862119387541627,0.4292140838448132,0.6334695210444252,0.674543949353388,0.7340491754213716,0.9577771564827534,0.5124545,0.6052691611310195,0.5100968
2025-12-29 10:55:00,2025-12-29 12:40:00,1,603.6,603.95,pivot,0.3500000000000227,0.1362265,0.013773500000022733,433.86525000071606,1.0,2025-12-29,603.25,603.75,602.95,0.0,603.65,603.95,603.55,0.0,2025,0.0,0.0,0.0,0.0,0.0,0.0,0.0,0.0,0.0,0.0,0.0,0.0,0.0,0.0,0.0,1.0,1.0,1.0,1,10,0,12,302.0827209295757,0.4229490706902419,-0.1794115870631464,0.4229490706902419,0.5770509293097581,8.803888193127072e-05,0.0001143754660486,0.0015610018658255,True,165.22086682158192,0.3275483858963498,-0.3581248790715879,0.3275483858963498,0.6724516141036502,0.0003118405058955,0.0002951673006712,0.0026743410829857,True,118.73309123434068,0.3544074579330251,-0.3045678487690073,0.3544074579330251,0.6455925420669749,0.0007448668374531,0.0007062634178524,0.0036787463009546,True,90.88381840456525,0.5152293956816475,-0.0113102664358131,0.5152293956816475,0.4847706043183525,0.0015741323549512,0.0017965005940638,0.0048747238693236,True,0.4229490706902419,0.5770509293097581,0.1794115870631464,0.3275483858963498,0.6724516141036502,0.3581248790715879,0.3544074579330251,0.6455925420669749,0.3045678487690073,0.5152293956816475,0.4847706043183525,0.0113102664358131,1,0,0,0.0,1,1,1,1,,0,1,1,0,1,0,0,1.0,1.0,0.0,0.0,0.0,,-0.1541018586195162,0.1794115870631464,-0.34490322820730035,0.3581248790715879,-0.29118508413394983,0.3045678487690073,0.03045879136329499,0.0113102664358131,0.5101736,0.5475130349278631,0.50120324
2025-12-30 10:55:00,2025-12-30 12:10:00,-1,608.55,607.95,pivot,0.599999999999909,0.136495,0.263504999999909,8300.407499997134,1.0,2025-12-30,609.35,609.55,608.5,0.0,608.55,608.7,607.9,0.0,2025,0.0,0.0,0.0,0.0,0.0,0.0,0.0,0.0,0.0,0.0,0.0,0.0,0.0,0.0,0.0,1.0,1.0,1.0,1,10,1,12,237.32642924772813,0.2411815464156289,-0.5993128075891652,0.2411815464156289,0.758818453584371,8.803888193127072e-05,0.0001143754660486,0.0015610018658255,True,149.76824021146373,0.2763647357453566,-0.4787982948502299,0.2763647357453566,0.7236352642546433,0.0003118405058955,0.0002951673006712,0.0026743410829857,True,95.83576256417729,0.247915171246775,-0.5713420583060842,0.247915171246775,0.7520848287532249,0.0007448668374531,0.0007062634178524,0.0036787463009546,True,87.70582390003707,0.3645441732753091,-0.3516810894905522,0.3645441732753091,0.6354558267246908,0.0015741323549512,0.0017965005940638,0.0048747238693236,True,0.758818453584371,0.2411815464156289,-0.5993128075891652,0.7236352642546433,0.2763647357453566,-0.4787982948502299,0.7520848287532249,0.247915171246775,-0.5713420583060842,0.6354558267246908,0.3645441732753091,-0.3516810894905522,1,0,0,0.0,1,1,1,1,,0,1,1,0,1,0,0,1.0,1.0,0.0,0.0,0.0,,0.5176369071687421,0.5993128075891652,0.4472705285092867,0.4787982948502299,0.5041696575064499,0.5713420583060842,0.27091165344938173,0.3516810894905522,0.5101736,0.5432502301495943,0.50174314
2026-01-05 10:25:00,2026-01-05 10:40:00,1,640.6,642.6,pivot,2.0,0.138496,1.6615039999999999,52337.376,1.0,2026-01-05,641.55,641.55,639.95,0.0,643.3,643.4,642.35,0.0,2026,0.0,0.0,0.0,0.0,0.0,0.0,0.0,0.0,0.0,0.0,0.0,0.0,0.0,0.0,0.0,1.0,1.0,1.0,1,10,0,1,316.17517234500934,0.5691541495657633,0.1117607929805387,0.5691541495657633,0.4308458504342367,0.0001012140080853,0.0001511674979528,0.001445738096484,True,92.77851661002452,0.1424882323703373,-0.9055133929619162,0.1424882323703373,0.8575117676296626,0.0003455174092765,0.0003735568079456,0.0024825382150812,True,116.2143128256371,0.2524156849931485,-0.5432498301413017,0.2524156849931485,0.7475843150068515,0.000651929676799,0.0007145698810161,0.003472602638103,True,12.10763161448687,0.0415024081015437,-1.7021507795405226,0.0415024081015437,0.9584975918984564,0.0013662148106133,0.0015947869347724,0.0044170122120019,True,0.5691541495657633,0.4308458504342367,-0.1117607929805387,0.1424882323703373,0.8575117676296626,0.9055133929619162,0.2524156849931485,0.7475843150068515,0.5432498301413017,0.0415024081015437,0.9584975918984564,1.7021507795405226,1,0,0,0.0,1,1,1,1,,0,1,1,0,1,0,0,1.0,1.0,0.0,0.0,0.0,,0.1383082991315266,0.1117607929805387,-0.7150235352593253,0.9055133929619162,-0.49516863001370304,0.5432498301413017,-0.9169951837969127,1.7021507795405226,0.50995404,0.5300891209779864,0.5060719
2026-01-07 14:00:00,2026-01-07 14:55:00,-1,659.85,660.7,pivot,-0.8500000000000227,0.1396165,-1.189616500000023,-37472.91975000072,1.0,2026-01-07,659.6,660.65,658.55,0.0,661.0,662.0,659.95,0.0,2026,0.0,0.0,0.0,0.0,0.0,0.0,0.0,0.0,0.0,0.0,0.0,0.0,0.0,0.0,0.0,1.0,1.0,0.0,0,14,2,1,382.6080383210708,0.3069693738936853,-0.3204896711510243,0.3069693738936853,0.6930306261063146,-9.720741197139728e-05,-0.0001047531610668,0.0013283758160565,True,274.088812476113,0.5132020789521303,0.0532217715871507,0.5132020789521303,0.4867979210478697,-0.0002754258755745,-0.0003464642633736,0.0022374220517833,True,15.809762655247154,0.970083138784901,1.7503478870129272,0.970083138784901,0.0299168612150989,-0.0005708138167634,-0.0006840923810567,0.0026472820724786,True,11.195348943781912,0.0282317241437103,-2.375418410348761,0.0282317241437103,0.9717682758562896,-0.0010939055223354,-0.0012802249615526,0.0028618260187592,True,0.6930306261063146,0.3069693738936853,-0.3204896711510243,0.4867979210478697,0.5132020789521303,0.0532217715871507,0.0299168612150989,0.970083138784901,1.7503478870129272,0.9717682758562896,0.0282317241437103,-2.375418410348761,1,0,0,0.0,1,1,1,1,,0,1,0,1,1,0,0,1.0,1.0,0.0,0.0,0.0,,0.3860612522126293,0.3204896711510243,-0.02640415790426065,0.0532217715871507,-0.9401662775698021,1.7503478870129272,0.9435365517125792,2.375418410348761,0.5006344,0.5187943352792116,0.50621617
2026-01-08 10:40:00,2026-01-08 11:00:00,-1,676.5,676.1,pivot,0.3999999999999772,0.140578,0.0594219999999773,1871.7929999992848,1.0,2026-01-08,676.8,677.45,676.4,0.0,674.45,676.35,673.15,0.0,2026,0.0,0.0,0.0,0.0,0.0,0.0,0.0,0.0,0.0,0.0,0.0,0.0,0.0,0.0,0.0,1.0,1.0,2.0,1,10,3,1,51.462729735718895,0.0480826534934534,-1.587729836396561,0.0480826534934534,0.9519173465065466,8.565490026556636e-05,0.0001469410371177,0.0013968336891549,True,96.77798273435069,0.1404855475283294,-0.8909723392066414,0.1404855475283294,0.8595144524716706,0.0003701364283367,0.0003853705451415,0.0024250475047804,True,138.37985006343854,0.3688107714907508,-0.2798764091544681,0.3688107714907508,0.6311892285092491,0.0007718683126989,0.0008020542626715,0.0033947651195727,True,5.705685521844111,0.9871580947143812,2.586777544510931,0.9871580947143812,0.0128419052856187,0.0013976379632317,0.0015695027413416,0.0043766433126191,True,0.9519173465065466,0.0480826534934534,-1.587729836396561,0.8595144524716706,0.1404855475283294,-0.8909723392066414,0.6311892285092491,0.3688107714907508,-0.2798764091544681,0.0128419052856187,0.9871580947143812,2.586777544510931,1,0,0,0.0,1,1,1,1,,0,1,1,0,1,0,0,1.0,1.0,0.0,0.0,0.0,,0.9038346930130932,1.587729836396561,0.7190289049433412,0.8909723392066414,0.26237845701849827,0.2798764091544681,-0.9743161894287625,2.586777544510931,0.5197103,0.5530839081155008,0.50504947
2026-01-08 11:00:00,2026-01-08 11:10:00,-1,676.1,674.5,pivot,1.6000000000000227,0.140518,1.2594820000000229,39673.68300000072,1.0,2026-01-08,674.45,676.35,673.15,0.0,673.2,674.7,672.5,0.0,2026,0.0,0.0,0.0,0.0,0.0,0.0,0.0,0.0,0.0,0.0,0.0,0.0,0.0,0.0,0.0,1.0,1.0,2.0,1,11,3,1,370.0075615033456,0.2637835990586525,-0.4839699344643962,0.2637835990586525,0.7362164009413474,0.0001018675525,0.0001608923640626,0.0012481959218264,True,265.7096438626476,0.5169714836290435,-0.036166589359758,0.5169714836290435,0.4830285163709564,0.0003799123024907,0.0005176569733035,0.0020533738341618,True,175.5832245332734,0.3057859935985317,-0.5487979950063024,0.3057859935985317,0.6942140064014682,0.0008362148613136,0.0011503949798692,0.0025000419325599,True,66.16932556325791,0.8028055812519268,0.7867705208143185,0.8028055812519268,0.1971944187480732,0.0015751478777072,0.0020393843185983,0.0032434565180635,True,0.7362164009413474,0.2637835990586525,-0.4839699344643962,0.4830285163709564,0.5169714836290435,-0.036166589359758,0.6942140064014682,0.3057859935985317,-0.5487979950063024,0.1971944187480732,0.8028055812519268,0.7867705208143185,1,0,0,0.0,1,1,1,1,,0,1,1,0,1,0,0,1.0,1.0,0.0,0.0,0.0,,0.47243280188269493,0.4839699344643962,-0.03394296725808715,0.036166589359758,0.38842801280293654,0.5487979950063024,-0.6056111625038536,0.7867705208143185,0.50914,0.519289351559975,0.5215485
2026-01-08 12:20:00,2026-01-08 12:25:00,1,670.45,669.75,pivot,-0.7000000000000455,0.140206,-1.0402060000000455,-32766.489000001435,1.0,2026-01-08,669.7,670.65,668.65,0.0,669.5,670.3,668.9,0.0,2026,0.0,0.0,0.0,0.0,0.0,0.0,0.0,0.0,0.0,0.0,0.0,0.0,0.0,0.0,0.0,1.0,1.0,0.0,0,12,3,1,96.99701025211056,0.907758481508464,1.280151898310165,0.907758481508464,0.0922415184915359,8.565490026556636e-05,0.0001469410371177,0.0013968336891549,True,57.21667268339985,0.9179961977076114,1.3154596979609177,0.9179961977076114,0.0820038022923885,0.0003701364283367,0.0003853705451415,0.0024250475047804,True,122.98850028774837,0.6465336054460101,0.311818289809515,0.6465336054460101,0.3534663945539898,0.0007718683126989,0.0008020542626715,0.0033947651195727,True,82.6673142638185,0.2590140439699736,-0.6133023864876191,0.2590140439699736,0.7409859560300264,0.0013976379632317,0.0015695027413416,0.0043766433126191,True,0.907758481508464,0.0922415184915359,-1.280151898310165,0.9179961977076114,0.0820038022923885,-1.3154596979609177,0.6465336054460101,0.3534663945539898,-0.311818289809515,0.2590140439699736,0.7409859560300264,0.6133023864876191,1,0,0,0.0,1,1,1,1,,0,1,0,1,1,0,0,1.0,1.0,0.0,0.0,0.0,,0.8155169630169281,1.280151898310165,0.835992395415223,1.3154596979609177,0.2930672108920203,0.311818289809515,-0.4819719120600528,0.6133023864876191,0.5006344,0.5098808817886125,0.5408642
2026-01-08 12:25:00,2026-01-08 13:15:00,1,669.75,668.7,pivot,-1.0499999999999543,0.1401535,-1.3901534999999545,-43789.83524999857,1.0,2026-01-08,669.5,670.3,668.9,0.0,670.75,670.85,668.7,0.0,2026,0.0,0.0,0.0,0.0,0.0,0.0,0.0,0.0,0.0,0.0,0.0,0.0,0.0,0.0,0.0,1.0,1.0,0.0,0,12,3,1,16.738094585099656,0.0206418959804222,-2.2376118254391035,0.0206418959804222,0.9793581040195776,8.565490026556636e-05,0.0001469410371177,0.0013968336891549,True,143.26190978703724,0.7290441425505398,0.5182026109284638,0.7290441425505398,0.2709558574494601,0.0003701364283367,0.0003853705451415,0.0024250475047804,True,102.035163985292,0.2030978903973878,-0.6752981380029375,0.2030978903973878,0.7969021096026121,0.0007718683126989,0.0008020542626715,0.0033947651195727,True,22.773942241634643,0.0607228457048781,-1.463514736016174,0.0607228457048781,0.9392771542951218,0.0013976379632317,0.0015695027413416,0.0043766433126191,True,0.0206418959804222,0.9793581040195776,2.2376118254391035,0.7290441425505398,0.2709558574494601,-0.5182026109284638,0.2030978903973878,0.7969021096026121,0.6752981380029375,0.0607228457048781,0.9392771542951218,1.463514736016174,1,0,0,0.0,1,1,1,1,,0,1,0,1,1,0,0,1.0,1.0,0.0,0.0,0.0,,-0.9587162080391554,2.2376118254391035,0.45808828510107974,0.5182026109284638,-0.5938042192052243,0.6752981380029375,-0.8785543085902437,1.463514736016174,0.5006344,0.5098808817886125,0.5531931
2026-01-09 10:30:00,2026-01-09 10:35:00,1,661.1,659.65,pivot,-1.4500000000000457,0.1396225,-1.7896225000000454,-56373.10875000143,1.0,2026-01-09,659.65,661.1,659.3,0.0,659.9,660.05,659.05,0.0,2026,0.0,0.0,0.0,0.0,0.0,0.0,0.0,0.0,0.0,0.0,0.0,0.0,0.0,0.0,0.0,1.0,1.0,1.0,0,10,4,1,88.77313984614453,0.9225915144696324,1.107116104320281,0.9225915144696324,0.0774084855303675,-9.720741197139728e-05,-0.0001047531610668,0.0013283758160565,True,170.16828065888433,0.2337204318463607,-0.4886479430970407,0.2337204318463607,0.7662795681536393,-0.0002754258755745,-0.0003464642633736,0.0022374220517833,True,21.21585447981486,0.0357869772961908,-1.6844640700471003,0.0357869772961908,0.9642130227038092,-0.0005708138167634,-0.0006840923810567,0.0026472820724786,True,32.84846544083808,0.943825159921608,1.5354500647231684,0.943825159921608,0.0561748400783921,-0.0010939055223354,-0.0012802249615526,0.0028618260187592,True,0.9225915144696324,0.0774084855303675,-1.107116104320281,0.2337204318463607,0.7662795681536393,0.4886479430970407,0.0357869772961908,0.9642130227038092,1.6844640700471003,0.943825159921608,0.0561748400783921,-1.5354500647231684,1,0,0,0.0,1,1,1,1,,0,1,1,0,1,0,0,1.0,1.0,0.0,0.0,0.0,,0.8451830289392649,1.107116104320281,-0.5325591363072786,0.4886479430970407,-0.9284260454076183,1.6844640700471003,0.8876503198432159,1.5354500647231684,0.50995404,0.5162638787208231,0.5592613
2026-01-09 10:35:00,2026-01-09 12:40:00,1,659.65,669.85,pivot,10.200000000000044,0.139885,9.860115000000047,310593.62250000145,1.0,2026-01-09,659.9,660.05,659.05,0.0,669.95,670.5,669.85,0.0,2026,0.0,0.0,0.0,0.0,0.0,0.0,0.0,0.0,0.0,0.0,0.0,0.0,0.0,0.0,0.0,1.0,1.0,1.0,1,10,4,1,20.46670272137488,0.9768504522694464,2.017299495423952,0.9768504522694464,0.0231495477305535,-9.720741197139728e-05,-0.0001047531610668,0.0013283758160565,True,25.34862892348453,0.9575470177530828,1.5091207572184575,0.9575470177530828,0.042452982246917,-0.0002754258755745,-0.0003464642633736,0.0022374220517833,True,159.79333650300163,0.2781555050221271,-0.398164134808939,0.2781555050221271,0.7218444949778728,-0.0005708138167634,-0.0006840923810567,0.0026472820724786,True,24.540313285332136,0.9652162848202056,1.7978674107356512,0.9652162848202056,0.0347837151797942,-0.0010939055223354,-0.0012802249615526,0.0028618260187592,True,0.9768504522694464,0.0231495477305535,-2.017299495423952,0.9575470177530828,0.042452982246917,-1.5091207572184575,0.2781555050221271,0.7218444949778728,0.398164134808939,0.9652162848202056,0.0347837151797942,-1.7978674107356512,1,0,0,0.0,1,1,1,1,,0,1,1,0,1,0,0,1.0,1.0,0.0,0.0,0.0,,0.9537009045388929,2.017299495423952,0.9150940355061659,1.5091207572184575,-0.44368898995574574,0.398164134808939,0.9304325696404114,1.7978674107356512,0.50995404,0.5162638787208231,0.53093934
2026-01-12 10:30:00,2026-01-12 10:35:00,-1,676.3,676.95,pivot,-0.650000000000091,0.1405975,-0.9905975000000911,-31203.821250002868,1.0,2026-01-12,676.95,677.45,676.3,0.0,677.75,678.45,676.4,0.0,2026,0.0,0.0,0.0,0.0,0.0,0.0,0.0,0.0,0.0,0.0,0.0,0.0,0.0,0.0,0.0,1.0,1.0,1.0,0,10,0,1,10.594221814991872,0.0159191388634924,-2.4861682350862773,0.0159191388634924,0.9840808611365076,8.565490026556636e-05,0.0001469410371177,0.0013968336891549,True,69.34387756067808,0.1035060728786761,-1.07371674291051,0.1035060728786761,0.8964939271213239,0.0003701364283367,0.0003853705451415,0.0024250475047804,True,110.41630531679156,0.2280197242498277,-0.6067508058274191,0.2280197242498277,0.7719802757501723,0.0007718683126989,0.0008020542626715,0.0033947651195727,True,68.4742190486178,0.7781485505051842,0.6755329893395753,0.7781485505051842,0.2218514494948158,0.0013976379632317,0.0015695027413416,0.0043766433126191,True,0.9840808611365076,0.0159191388634924,-2.4861682350862773,0.8964939271213239,0.1035060728786761,-1.07371674291051,0.7719802757501723,0.2280197242498277,-0.6067508058274191,0.2218514494948158,0.7781485505051842,0.6755329893395753,1,0,0,0.0,1,1,1,1,,0,1,1,0,1,0,0,1.0,1.0,0.0,0.0,0.0,,0.9681617222730152,2.4861682350862773,0.7929878542426478,1.07371674291051,0.5439605515003445,0.6067508058274191,-0.5562971010103683,0.6755329893395753,0.50995404,0.5300891209779864,0.5090511
2026-01-12 10:35:00,2026-01-12 14:05:00,-1,676.95,674.65,pivot,2.300000000000068,0.140548,1.9594520000000684,61722.73800000215,1.0,2026-01-12,677.75,678.45,676.4,0.0,673.95,674.65,673.35,0.0,2026,0.0,0.0,0.0,0.0,0.0,0.0,0.0,0.0,0.0,0.0,0.0,0.0,0.0,0.0,0.0,1.0,1.0,1.0,1,10,0,1,174.75410841269522,0.8281438125634708,0.8481436276252505,0.8281438125634708,0.1718561874365292,8.565490026556636e-05,0.0001469410371177,0.0013968336891549,True,45.80592672120782,0.074002899686295,-1.285380334540452,0.074002899686295,0.925997100313705,0.0003701364283367,0.0003853705451415,0.0024250475047804,True,139.4460693825687,0.3791479470939947,-0.2580394183767761,0.3791479470939947,0.6208520529060053,0.0007718683126989,0.0008020542626715,0.0033947651195727,True,36.76477129084849,0.876835090639633,1.115770351309921,0.876835090639633,0.1231649093603669,0.0013976379632317,0.0015695027413416,0.0043766433126191,True,0.1718561874365292,0.8281438125634708,0.8481436276252505,0.925997100313705,0.074002899686295,-1.285380334540452,0.6208520529060053,0.3791479470939947,-0.2580394183767761,0.1231649093603669,0.876835090639633,1.115770351309921,1,0,0,0.0,1,1,1,1,,0,1,1,0,1,0,0,1.0,1.0,0.0,0.0,0.0,,-0.6562876251269416,0.8481436276252505,0.8519942006274099,1.285380334540452,0.24170410581201063,0.2580394183767761,-0.7536701812792661,1.115770351309921,0.50995404,0.5300891209779864,0.5020685
2026-01-30 10:40:00,2026-01-30 11:10:00,-1,777.8,775.2,pivot,2.599999999999909,0.14659,2.253409999999909,70982.41499999714,1.0,2026-01-30,776.35,779.75,776.25,0.0,772.15,775.35,771.35,0.0,2026,0.0,0.0,0.0,0.0,0.0,0.0,0.0,0.0,0.0,0.0,0.0,0.0,0.0,0.0,0.0,1.0,1.0,2.0,1,10,4,1,13.733225812814783,0.0172991846714658,-2.089751818191516,0.0172991846714658,0.982700815328534,8.320116467645673e-05,0.0001251663864782,0.0012509801770388,True,226.02358972329503,0.5968817304343982,0.1526692797117303,0.5968817304343982,0.4031182695656018,0.000299833222525,0.0003903870889543,0.0020487447792306,True,94.74351102154792,0.8255254930382024,0.9054816845559306,0.8255254930382024,0.1744745069617975,0.0007394164887031,0.0009204981339813,0.002376088129266,True,0.3855369927563042,0.9992400446652808,4.170800347604958,0.9992400446652808,0.0007599553347192,0.001640958135602,0.0018886666545656,0.0032371967174593,True,0.982700815328534,0.0172991846714658,-2.089751818191516,0.4031182695656018,0.5968817304343982,0.1526692797117303,0.1744745069617975,0.8255254930382024,0.9054816845559306,0.0007599553347192,0.9992400446652808,4.170800347604958,1,0,0,0.0,1,1,1,1,,0,1,1,0,1,0,0,1.0,1.0,0.0,0.0,0.0,,0.9654016306570682,2.089751818191516,-0.19376346086879637,0.1526692797117303,-0.6510509860764049,0.9054816845559306,-0.9984800893305616,4.170800347604958,0.5197103,0.5471199301033154,0.54935443
2026-01-30 11:35:00,2026-01-30 11:50:00,-1,765.85,768.85,pivot,-3.0,0.146041,-3.346041,-105400.2915,1.0,2026-01-30,767.5,770.05,765.6,0.0,770.6,771.4,768.85,0.0,2026,0.0,0.0,0.0,0.0,0.0,0.0,0.0,0.0,0.0,0.0,0.0,0.0,0.0,0.0,0.0,1.0,0.0,0.0,0,11,4,1,132.8786735496352,0.1315985929389271,-0.9405599780920954,0.1315985929389271,0.8684014070610728,-0.0001206995322666,-0.0001404071599854,0.0015141302522753,True,6.5242856900268045,0.0186464658210342,-2.5097885381354823,0.0186464658210342,0.9813535341789658,-0.000384819943852,-0.0003437031380768,0.0028412361304271,True,3.882069688849208,0.0091586917986535,-3.2308137754834965,0.0091586917986535,0.9908413082013464,-0.0007315767184166,-0.000643570241979,0.0038730908021826,True,0.349190030594398,0.0005663131230802,-4.256636170885282,0.0005663131230802,0.9994336868769198,-0.0012694843129628,-0.0009432001207483,0.0052322224993356,True,0.8684014070610728,0.1315985929389271,-0.9405599780920954,0.9813535341789658,0.0186464658210342,-2.5097885381354823,0.9908413082013464,0.0091586917986535,-3.2308137754834965,0.9994336868769198,0.0005663131230802,-4.256636170885282,1,0,0,0.0,1,1,1,1,,0,1,1,0,0,1,0,1.0,1.0,0.0,0.0,0.0,,0.7368028141221458,0.9405599780920954,0.9627070683579315,2.5097885381354823,0.9816826164026929,3.2308137754834965,0.9988673737538396,4.256636170885282,0.51689315,0.754331038341181,0.5648103
2026-01-30 11:50:00,2026-01-30 12:40:00,1,768.85,769.1,pivot,0.25,0.1461385,-0.09613849999999999,-3028.36275,1.0,2026-01-30,770.6,771.4,768.85,0.0,770.9,771.3,768.7,0.0,2026,0.0,0.0,0.0,0.0,0.0,0.0,0.0,0.0,0.0,0.0,0.0,0.0,0.0,0.0,0.0,1.0,1.0,0.0,0,11,4,1,119.89518915722176,0.9001992127949626,1.0815826807373607,0.9001992127949626,0.0998007872050373,-0.0001206995322666,-0.0001404071599854,0.0015141302522753,True,51.14506305342218,0.8994037562083648,1.1527397547004403,0.8994037562083648,0.1005962437916352,-0.000384819943852,-0.0003437031380768,0.0028412361304271,True,49.975256816699336,0.1263661873335992,-1.0068269161737504,0.1263661873335992,0.8736338126664007,-0.0007315767184166,-0.000643570241979,0.0038730908021826,True,12.692163559672338,0.0354084472922725,-1.7247966708158742,0.0354084472922725,0.9645915527077276,-0.0012694843129628,-0.0009432001207483,0.0052322224993356,True,0.9001992127949626,0.0998007872050373,-1.0815826807373607,0.8994037562083648,0.1005962437916352,-1.1527397547004403,0.1263661873335992,0.8736338126664007,1.0068269161737504,0.0354084472922725,0.9645915527077276,1.7247966708158742,1,0,0,0.0,1,1,1,1,,0,1,1,0,1,0,0,1.0,1.0,0.0,0.0,0.0,,0.8003984255899254,1.0815826807373607,0.7988075124167295,1.1527397547004403,-0.7472676253328016,1.0068269161737504,-0.929183105415455,1.7247966708158742,0.5006344,0.5456247809623225,0.5376514
2026-01-30 15:25:00,2026-01-30 15:30:00,1,771.2,768.5,pivot,-2.700000000000045,0.146191,-3.046191000000045,-95955.01650000142,1.0,2026-01-30,768.5,771.75,768.05,0.0,772.15,772.4,768.4,0.0,2026,0.0,0.0,0.0,0.0,0.0,0.0,0.0,0.0,0.0,0.0,0.0,0.0,0.0,0.0,0.0,1.0,1.0,0.0,0,15,4,1,4.568875069334868,0.0048694627161874,-3.305333444505187,0.0048694627161874,0.9951305372838124,-6.741010810357068e-05,-7.186296545863286e-05,0.0012286732798719,True,28.55733215267137,0.0498025963820065,-1.6045479593999492,0.0498025963820065,0.9501974036179934,-0.0001662053759737,-0.0001211229623413,0.0021789428872691,True,117.65427156971546,0.1658043838609302,-0.8376810224712892,0.1658043838609302,0.8341956161390698,-0.0002634087600175,-2.539382549012477e-05,0.0026704406536198,True,117.49903867164734,0.1750715943975368,-0.8924264727736688,0.1750715943975368,0.8249284056024632,-0.0004733509653072,-1.0594747698659816e-05,0.0031741581994283,True,0.0048694627161874,0.9951305372838124,3.305333444505187,0.0498025963820065,0.9501974036179934,1.6045479593999492,0.1658043838609302,0.8341956161390698,0.8376810224712892,0.1750715943975368,0.8249284056024632,0.8924264727736688,1,0,0,0.0,1,1,1,1,,0,1,0,0,1,0,0,1.0,1.0,0.0,0.0,0.0,,-0.990261074567625,3.305333444505187,-0.900394807235987,1.6045479593999492,-0.6683912322781396,0.8376810224712892,-0.6498568112049263,0.8924264727736688,0.5033306,0.5252038667227642,0.50482965
2026-02-02 11:45:00,2026-02-02 13:15:00,1,743.6,729.0,pivot,-14.600000000000025,0.144178,-14.944178000000022,-470741.6070000007,1.0,2026-02-02,740.35,743.95,740.25,0.0,736.3,736.7,728.8,0.0,2026,0.0,0.0,0.0,0.0,0.0,0.0,0.0,0.0,0.0,0.0,0.0,0.0,0.0,0.0,0.0,1.0,0.0,0.0,0,11,0,2,71.26904200448656,0.9141401676038016,1.2106426676565776,0.9141401676038016,0.0858598323961985,-0.0002118774768641,-0.0002048271468546,0.0017775566447462,True,56.41229307582311,0.9022436327188516,1.1151718440931555,0.9022436327188516,0.0977563672811483,-0.0005671492181249,-0.0006697294684027,0.0030098129433481,True,120.58139882391316,0.6332634954931781,0.2874249319778889,0.6332634954931781,0.3667365045068219,-0.0010440107505166,-0.0012336422534077,0.0042920502578484,True,15.49481687306892,0.0584977775677951,-1.5124024784961194,0.0584977775677951,0.9415022224322048,-0.0020426598648261,-0.002268767916541,0.0055145190544064,True,0.9141401676038016,0.0858598323961985,-1.2106426676565776,0.9022436327188516,0.0977563672811483,-1.1151718440931555,0.6332634954931781,0.3667365045068219,-0.2874249319778889,0.0584977775677951,0.9415022224322048,1.5124024784961194,1,0,0,0.0,1,1,1,1,,0,1,1,0,0,1,0,1.0,1.0,0.0,0.0,0.0,,0.828280335207603,1.2106426676565776,0.8044872654377032,1.1151718440931555,0.2665269909863562,0.2874249319778889,-0.8830044448644098,1.5124024784961194,0.53361994,0.7659946350488461,0.5027633
2026-02-05 10:30:00,2026-02-05 11:35:00,1,773.95,763.05,pivot,-10.900000000000093,0.14611,-11.246110000000092,-354252.4650000029,1.0,2026-02-05,772.4,774.95,772.3,0.0,764.35,766.05,762.8,0.0,2026,0.0,0.0,0.0,0.0,0.0,0.0,0.0,0.0,0.0,0.0,0.0,0.0,0.0,0.0,0.0,1.0,1.0,1.0,0,10,3,2,12.665360261832902,0.0151341243774623,-2.4321515758410843,0.0151341243774623,0.9848658756225376,-0.0002118774768641,-0.0002048271468546,0.0017775566447462,True,129.791222212859,0.2734486848167142,-0.4445818636152642,0.2734486848167142,0.7265513151832859,-0.0005671492181249,-0.0006697294684027,0.0030098129433481,True,129.05515432577644,0.560063922867681,0.1515141165260358,0.560063922867681,0.4399360771323189,-0.0010440107505166,-0.0012336422534077,0.0042920502578484,True,87.70135637988719,0.4387462226810832,-0.0817043875753202,0.4387462226810832,0.5612537773189168,-0.0020426598648261,-0.002268767916541,0.0055145190544064,True,0.0151341243774623,0.9848658756225376,2.4321515758410843,0.2734486848167142,0.7265513151832859,0.4445818636152642,0.560063922867681,0.4399360771323189,-0.1515141165260358,0.4387462226810832,0.5612537773189168,0.0817043875753202,1,0,0,0.0,1,1,1,1,,0,1,1,0,1,0,0,1.0,1.0,0.0,0.0,0.0,,-0.9697317512450753,2.4321515758410843,-0.45310263036657167,0.4445818636152642,0.12012784573536212,0.1515141165260358,-0.12250755463783358,0.0817043875753202,0.50995404,0.5147507325500021,0.51565516
2026-02-05 12:20:00,2026-02-05 12:55:00,1,759.5,755.0,pivot,-4.5,0.145435,-4.845434999999999,-152631.20249999998,1.0,2026-02-05,760.7,761.2,758.85,0.0,753.3,755.2,753.2,0.0,2026,0.0,0.0,0.0,0.0,0.0,0.0,0.0,0.0,0.0,0.0,0.0,0.0,0.0,0.0,0.0,1.0,1.0,0.0,0,12,3,2,308.70823278718484,0.5043328175834847,0.0039214458967052,0.5043328175834847,0.4956671824165153,-0.0002118774768641,-0.0002048271468546,0.0017775566447462,True,142.89793388062245,0.7136859493904556,0.4636629048836069,0.7136859493904556,0.2863140506095444,-0.0005671492181249,-0.0006697294684027,0.0030098129433481,True,10.358266374580086,0.0390990744428827,-1.7932565850555506,0.0390990744428827,0.9609009255571171,-0.0010440107505166,-0.0012336422534077,0.0042920502578484,True,54.177407462582615,0.2091879495558281,-0.661882862684914,0.2091879495558281,0.7908120504441718,-0.0020426598648261,-0.002268767916541,0.0055145190544064,True,0.5043328175834847,0.4956671824165153,-0.0039214458967052,0.7136859493904556,0.2863140506095444,-0.4636629048836069,0.0390990744428827,0.9609009255571171,1.7932565850555506,0.2091879495558281,0.7908120504441718,0.661882862684914,1,0,0,0.0,1,1,1,1,,0,1,0,1,1,0,0,1.0,1.0,0.0,0.0,0.0,,0.008665635166969388,0.0039214458967052,0.4273718987809112,0.4636629048836069,-0.9218018511142344,1.7932565850555506,-0.5816241008883437,0.661882862684914,0.5006344,0.5111154835108453,0.51048994
2026-02-06 10:25:00,2026-02-06 10:35:00,1,728.7,725.7,pivot,-3.0,0.143632,-3.343632,-105324.408,1.0,2026-02-06,728.25,729.4,725.7,0.0,731.1,731.1,725.7,0.0,2026,0.0,0.0,0.0,0.0,0.0,0.0,0.0,0.0,0.0,0.0,0.0,0.0,0.0,0.0,0.0,1.0,1.0,1.0,0,10,4,2,38.47255527436749,0.0546485668560347,-1.5663357674524216,0.0546485668560347,0.9453514331439652,-0.0001913054173516,-0.000134318806079,0.0021459954588218,True,8.875109115820708,0.0259284724127179,-2.1225356397692776,0.0259284724127179,0.974071527587282,-0.0006182362654769,-0.0005670073135843,0.0037913391927257,True,70.4175733087124,0.7578077600320303,0.5841837693862056,0.7578077600320303,0.2421922399679696,-0.0012326455795934,-0.0013283527465099,0.005332520621938,True,3.132742235319272,0.9760866324975372,2.2559215338580847,0.9760866324975372,0.0239133675024627,-0.0026575728580834,-0.0029600746923808,0.0067324078974935,True,0.0546485668560347,0.9453514331439652,1.5663357674524216,0.0259284724127179,0.974071527587282,2.1225356397692776,0.7578077600320303,0.2421922399679696,-0.5841837693862056,0.9760866324975372,0.0239133675024627,-2.2559215338580847,1,0,0,0.0,1,1,1,1,,0,1,1,0,1,0,0,1.0,1.0,0.0,0.0,0.0,,-0.8907028662879305,1.5663357674524216,-0.9481430551745641,2.1225356397692776,0.5156155200640608,0.5841837693862056,0.9521732649950745,2.2559215338580847,0.50995404,0.5087867545378166,0.5034076
2026-02-09 10:40:00,2026-02-09 12:05:00,-1,777.55,780.05,pivot,-2.5,0.146728,-2.846728,-89671.932,1.0,2026-02-09,780.35,780.7,776.95,0.0,782.25,782.55,779.9,0.0,2026,0.0,0.0,0.0,0.0,0.0,0.0,0.0,0.0,0.0,0.0,0.0,0.0,0.0,0.0,0.0,1.0,1.0,1.0,0,10,0,2,281.6600192705962,0.6488944740074943,0.3041507780144272,0.6488944740074943,0.3511055259925056,0.0001555691288835,0.0001695835304234,0.0015484077270597,True,62.08947057400355,0.1021466012832438,-1.1440910480492186,0.1021466012832438,0.8978533987167562,0.000484749414705,0.0005010239684575,0.0025621337096517,True,39.07454052487785,0.0902339826711731,-1.183514783780179,0.0902339826711731,0.9097660173288268,0.0009406174005677,0.0010897594438514,0.0035677238181197,True,30.348629883697186,0.068988480201667,-1.3104787198169352,0.068988480201667,0.9310115197983329,0.0018178679148432,0.0023608136075202,0.0045815606477937,True,0.3511055259925056,0.6488944740074943,0.3041507780144272,0.8978533987167562,0.1021466012832438,-1.1440910480492186,0.9097660173288268,0.0902339826711731,-1.183514783780179,0.9310115197983329,0.068988480201667,-1.3104787198169352,1,0,0,0.0,1,1,1,1,,0,1,1,0,1,0,0,1.0,1.0,0.0,0.0,0.0,,-0.29778894801498873,0.3041507780144272,0.7957067974335124,1.1440910480492186,0.8195320346576537,1.183514783780179,0.8620230395966658,1.3104787198169352,0.50995404,0.5226119967949799,0.50852704
2026-02-10 08:45:00,2026-02-10 10:30:00,1,783.8,783.3,pivot,-0.5,0.147013,-0.847013,-26680.9095,1.0,2026-02-10,786.6,787.2,783.8,0.0,780.65,783.35,780.45,0.0,2026,0.0,0.0,0.0,0.0,0.0,0.0,0.0,0.0,0.0,0.0,0.0,0.0,0.0,0.0,0.0,1.0,1.0,1.0,0,8,1,2,4.222037769542155,0.998392327998894,4.502580163077106,0.998392327998894,0.0016076720011061,8.320116467645673e-05,0.0001251663864782,0.0012509801770388,True,10.603049031090135,0.983382760953974,2.33808683112928,0.983382760953974,0.0166172390460258,0.000299833222525,0.0003903870889543,0.0020487447792306,True,146.546988020295,0.6754185046352398,0.3649986295794037,0.6754185046352398,0.3245814953647602,0.0007394164887031,0.0009204981339813,0.002376088129266,True,108.09343542566064,0.6046501260900464,0.2058156517080734,0.6046501260900464,0.3953498739099536,0.001640958135602,0.0018886666545656,0.0032371967174593,True,0.998392327998894,0.0016076720011061,-4.502580163077106,0.983382760953974,0.0166172390460258,-2.33808683112928,0.6754185046352398,0.3245814953647602,-0.3649986295794037,0.6046501260900464,0.3953498739099536,-0.2058156517080734,1,0,0,0.0,1,1,1,1,,0,1,0,0,1,0,0,1.0,1.0,0.0,0.0,0.0,,0.9967846559977879,4.502580163077106,0.9667655219079483,2.33808683112928,0.35083700927047956,0.3649986295794037,0.20930025218009285,0.2058156517080734,0.50995404,0.5127522255285921,0.51467204
2026-02-10 10:30:00,2026-02-10 11:15:00,-1,783.3,786.25,pivot,-2.950000000000045,0.1470865,-3.2970865000000456,-103858.22475000143,1.0,2026-02-10,780.65,783.35,780.45,0.0,785.7,786.5,784.8,0.0,2026,0.0,0.0,0.0,0.0,0.0,0.0,0.0,0.0,0.0,0.0,0.0,0.0,0.0,0.0,0.0,1.0,1.0,1.0,0,10,1,2,66.44721642784538,0.0526908069901633,-1.370231895627951,0.0526908069901633,0.9473091930098366,8.320116467645673e-05,0.0001251663864782,0.0012509801770388,True,36.11269667190025,0.0534541239608978,-1.4308873914897011,0.0534541239608978,0.946545876039102,0.000299833222525,0.0003903870889543,0.0020487447792306,True,62.09930786787771,0.0759348321698286,-1.2966165252440285,0.0759348321698286,0.9240651678301712,0.0007394164887031,0.0009204981339813,0.002376088129266,True,112.1845285675053,0.262020883277,-0.7013008945465206,0.262020883277,0.7379791167229999,0.001640958135602,0.0018886666545656,0.0032371967174593,True,0.9473091930098366,0.0526908069901633,-1.370231895627951,0.946545876039102,0.0534541239608978,-1.4308873914897011,0.9240651678301712,0.0759348321698286,-1.2966165252440285,0.7379791167229999,0.262020883277,-0.7013008945465206,1,0,0,0.0,1,1,1,1,,0,1,1,0,1,0,0,1.0,1.0,0.0,0.0,0.0,,0.8946183860196734,1.370231895627951,0.8930917520782042,1.4308873914897011,0.8481303356603427,1.2966165252440285,0.47595823344599986,0.7013008945465206,0.50995404,0.5183491920167113,0.52266145
2026-02-11 11:10:00,2026-02-11 11:15:00,1,785.0,786.55,pivot,1.5499999999999543,0.1471465,1.2028534999999545,37889.885249998566,1.0,2026-02-11,786.5,786.9,784.7,0.0,787.7,787.75,786.55,0.0,2026,0.0,0.0,0.0,0.0,0.0,0.0,0.0,0.0,0.0,0.0,0.0,0.0,0.0,0.0,0.0,1.0,1.0,2.0,1,11,2,2,222.65986409612373,0.2270450319761799,-0.6027682537441279,0.2270450319761799,0.77295496802382,0.0001555691288835,0.0001695835304234,0.0015484077270597,True,144.6579606867788,0.2571840970458697,-0.5432995208608251,0.2571840970458697,0.7428159029541302,0.000484749414705,0.0005010239684575,0.0025621337096517,True,136.6129027584294,0.4149851525996508,-0.2162048196207062,0.4149851525996508,0.5850148474003491,0.0009406174005677,0.0010897594438514,0.0035677238181197,True,96.28480460683896,0.5537902574485914,-0.000490395583844,0.5537902574485914,0.4462097425514085,0.0018178679148432,0.0023608136075202,0.0045815606477937,True,0.2270450319761799,0.77295496802382,0.6027682537441279,0.2571840970458697,0.7428159029541302,0.5432995208608251,0.4149851525996508,0.5850148474003491,0.2162048196207062,0.5537902574485914,0.4462097425514085,0.000490395583844,1,0,0,0.0,1,1,1,1,,0,1,1,0,1,0,0,1.0,1.0,0.0,0.0,0.0,,-0.5459099360476402,0.6027682537441279,-0.48563180590826055,0.5432995208608251,-0.17002969480069835,0.2162048196207062,0.10758051489718296,0.000490395583844,0.50914,0.5124193333359031,0.5437685
2026-02-11 11:15:00,2026-02-11 12:10:00,1,786.55,788.0,pivot,1.4500000000000457,0.1472365,1.1027635000000455,34737.05025000143,1.0,2026-02-11,787.7,787.75,786.55,0.0,787.1,788.45,787.1,0.0,2026,0.0,0.0,0.0,0.0,0.0,0.0,0.0,0.0,0.0,0.0,0.0,0.0,0.0,0.0,0.0,1.0,1.0,2.0,1,11,2,2,305.1475986650304,0.3464863745901806,-0.3151520631122103,0.3464863745901806,0.6535136254098194,0.0001555691288835,0.0001695835304234,0.0015484077270597,True,169.80239686223743,0.3277475557767007,-0.369518611487624,0.3277475557767007,0.6722524442232993,0.000484749414705,0.0005010239684575,0.0025621337096517,True,136.99140957130547,0.4586573698672223,-0.1268748508780812,0.4586573698672223,0.5413426301327777,0.0009406174005677,0.0010897594438514,0.0035677238181197,True,102.52576109147869,0.5031632376964685,-0.1117718820598936,0.5031632376964685,0.4968367623035314,0.0018178679148432,0.0023608136075202,0.0045815606477937,True,0.3464863745901806,0.6535136254098194,0.3151520631122103,0.3277475557767007,0.6722524442232993,0.369518611487624,0.4586573698672223,0.5413426301327777,0.1268748508780812,0.5031632376964685,0.4968367623035314,0.1117718820598936,1,0,0,0.0,1,1,1,1,,0,1,1,0,1,0,0,1.0,1.0,0.0,0.0,0.0,,-0.3070272508196388,0.3151520631122103,-0.3445048884465986,0.369518611487624,-0.08268526026555545,0.1268748508780812,0.006326475392937125,0.1117718820598936,0.50914,0.5124193333359031,0.53986794
2026-02-12 10:40:00,2026-02-12 10:45:00,1,809.85,811.25,pivot,1.3999999999999773,0.148633,1.0513669999999773,33118.06049999929,1.0,2026-02-12,811.3,811.65,809.7,0.0,813.0,813.3,811.2,0.0,2026,0.0,0.0,0.0,0.0,0.0,0.0,0.0,0.0,0.0,0.0,0.0,0.0,0.0,0.0,0.0,1.0,1.0,2.0,1,10,3,2,205.7006144744724,0.779545719225349,0.6498729671655439,0.779545719225349,0.220454280774651,0.0001555691288835,0.0001695835304234,0.0015484077270597,True,131.6528288800425,0.7537115260211944,0.6018931108582983,0.7537115260211944,0.2462884739788056,0.000484749414705,0.0005010239684575,0.0025621337096517,True,99.6119345755923,0.7135198094368377,0.458380605091483,0.7135198094368377,0.2864801905631623,0.0009406174005677,0.0010897594438514,0.0035677238181197,True,55.53288459908859,0.7739996652814103,0.6488034528744548,0.7739996652814103,0.2260003347185897,0.0018178679148432,0.0023608136075202,0.0045815606477937,True,0.779545719225349,0.220454280774651,-0.6498729671655439,0.7537115260211944,0.2462884739788056,-0.6018931108582983,0.7135198094368377,0.2864801905631623,-0.458380605091483,0.7739996652814103,0.2260003347185897,-0.6488034528744548,1,0,0,0.0,1,1,1,1,,0,1,1,0,1,0,0,1.0,1.0,0.0,0.0,0.0,,0.559091438450698,0.6498729671655439,0.5074230520423888,0.6018931108582983,0.42703961887367536,0.458380605091483,0.5479993305628206,0.6488034528744548,0.5197103,0.5456067839324944,0.5294374
2026-02-24 11:55:00,2026-02-24 12:30:00,-1,882.35,882.9,pivot,-0.5499999999999545,0.1529575,-0.9029574999999547,-28443.16124999857,1.0,2026-02-24,882.2,882.5,881.6,0.0,882.45,883.4,882.15,0.0,2026,0.0,0.0,0.0,0.0,0.0,0.0,0.0,0.0,0.0,0.0,0.0,0.0,0.0,0.0,0.0,1.0,1.0,2.0,0,11,1,2,205.02351918215456,0.7324818748999041,0.5655635051444472,0.7324818748999041,0.2675181251000958,0.0001741652439703,0.0001716800161196,0.0017036508379626,True,111.16802236008944,0.2234408749070369,-0.6712410579555336,0.2234408749070369,0.7765591250929631,0.0005065401575541,0.0004707624635629,0.0028126349969096,True,127.6076208253005,0.4468666470515425,-0.1341318522003971,0.4468666470515425,0.5531333529484574,0.0009843600436861,0.0010814849362392,0.0038323831041615,True,86.8920650648247,0.5494615484248541,0.03562142467639,0.5494615484248541,0.4505384515751459,0.0020558888200976,0.0024391871177509,0.0048765155964652,True,0.2675181251000958,0.7324818748999041,0.5655635051444472,0.7765591250929631,0.2234408749070369,-0.6712410579555336,0.5531333529484574,0.4468666470515425,-0.1341318522003971,0.4505384515751459,0.5494615484248541,0.03562142467639,1,0,0,0.0,1,1,1,1,,0,1,1,0,1,0,0,1.0,1.0,0.0,0.0,0.0,,-0.4649637497998083,0.5655635051444472,0.5531182501859262,0.6712410579555336,0.10626670589691495,0.1341318522003971,-0.09892309684970818,0.03562142467639,0.50914,0.5126744110500857,0.52695704
2026-02-25 10:30:00,2026-02-25 10:55:00,1,901.4,904.5,pivot,3.1000000000000227,0.154177,2.7458230000000228,86493.42450000072,1.0,2026-02-25,901.6,902.9,900.45,0.0,904.45,904.9,903.6,0.0,2026,0.0,0.0,0.0,0.0,0.0,0.0,0.0,0.0,0.0,0.0,0.0,0.0,0.0,0.0,0.0,1.0,1.0,1.0,1,10,2,2,271.0159251628928,0.4679452262963073,-0.068124943337613,0.4679452262963073,0.5320547737036927,0.0001741652439703,0.0001716800161196,0.0017036508379626,True,48.20943986044163,0.9143550856938004,1.3187858124466147,0.9143550856938004,0.0856449143061995,0.0005065401575541,0.0004707624635629,0.0028126349969096,True,55.92489576517793,0.8428534771038063,0.9397077018464058,0.8428534771038063,0.1571465228961936,0.0009843600436861,0.0010814849362392,0.0038323831041615,True,41.36555708487565,0.8496625809115611,1.0223314071749614,0.8496625809115611,0.1503374190884389,0.0020558888200976,0.0024391871177509,0.0048765155964652,True,0.4679452262963073,0.5320547737036927,0.068124943337613,0.9143550856938004,0.0856449143061995,-1.3187858124466147,0.8428534771038063,0.1571465228961936,-0.9397077018464058,0.8496625809115611,0.1503374190884389,-1.0223314071749614,1,0,0,0.0,1,1,1,1,,0,1,1,0,1,0,0,1.0,1.0,0.0,0.0,0.0,,-0.06410954740738539,0.068124943337613,0.828710171387601,1.3187858124466147,0.6857069542076127,0.9397077018464058,0.6993251618231222,1.0223314071749614,0.50995404,0.5183491920167113,0.5685156
2026-02-25 10:55:00,2026-02-25 12:20:00,1,904.5,908.5,pivot,4.0,0.15439,3.64561,114836.715,1.0,2026-02-25,904.45,904.9,903.6,0.0,906.4,909.05,906.35,0.0,2026,0.0,0.0,0.0,0.0,0.0,0.0,0.0,0.0,0.0,0.0,0.0,0.0,0.0,0.0,0.0,1.0,1.0,2.0,1,10,2,2,72.23745448962404,0.9265955127267383,1.393299239833299,0.9265955127267383,0.0734044872732616,0.0001741652439703,0.0001716800161196,0.0017036508379626,True,71.77508323470822,0.8735750725368794,1.0726373162665204,0.8735750725368794,0.1264249274631206,0.0005065401575541,0.0004707624635629,0.0028126349969096,True,31.99941637906645,0.9171727731039228,1.3959361029170716,0.9171727731039228,0.0828272268960772,0.0009843600436861,0.0010814849362392,0.0038323831041615,True,20.614573106849143,0.942214485758916,1.6300428783612686,0.942214485758916,0.057785514241084,0.0020558888200976,0.0024391871177509,0.0048765155964652,True,0.9265955127267383,0.0734044872732616,-1.393299239833299,0.8735750725368794,0.1264249274631206,-1.0726373162665204,0.9171727731039228,0.0828272268960772,-1.3959361029170716,0.942214485758916,0.057785514241084,-1.6300428783612686,1,0,0,0.0,1,1,1,1,,0,1,1,0,1,0,0,1.0,1.0,0.0,0.0,0.0,,0.8531910254534767,1.393299239833299,0.7471501450737588,1.0726373162665204,0.8343455462078455,1.3959361029170716,0.884428971517832,1.6300428783612686,0.5197103,0.5492052433992035,0.5631722
2026-02-26 08:45:00,2026-02-26 10:25:00,-1,915.75,921.9,pivot,-6.149999999999977,0.1551295,-6.505129499999978,-204911.57924999928,1.0,2026-02-26,910.65,916.5,910.3,0.0,918.2,922.55,918.1,0.0,2026,0.0,0.0,0.0,0.0,0.0,0.0,0.0,0.0,0.0,0.0,0.0,0.0,0.0,0.0,0.0,1.0,1.0,1.0,0,8,3,2,376.7557054834538,0.542375106881743,0.0365367994784146,0.542375106881743,0.457624893118257,0.0001096963806892,0.0001695925546529,0.0013921854338034,True,89.41216971062214,0.8552091822495349,0.8869506482348886,0.8552091822495349,0.1447908177504651,0.0004192063788032,0.0005683735827276,0.0023454994253716,True,114.60006643903677,0.7370545689104728,0.5363871434635689,0.7370545689104728,0.2629454310895271,0.0008860713301972,0.0010942358155391,0.0026920418912239,True,93.2111397053813,0.7241956119930041,0.5238108094538515,0.7241956119930041,0.2758043880069959,0.0018824868936454,0.0021841101576929,0.0037372217953241,True,0.457624893118257,0.542375106881743,0.0365367994784146,0.1447908177504651,0.8552091822495349,0.8869506482348886,0.2629454310895271,0.7370545689104728,0.5363871434635689,0.2758043880069959,0.7241956119930041,0.5238108094538515,1,0,0,0.0,1,1,1,1,,0,1,0,0,1,0,0,1.0,1.0,0.0,0.0,0.0,,-0.08475021376348596,0.0365367994784146,-0.7104183644990698,0.8869506482348886,-0.4741091378209457,0.5363871434635689,-0.44839122398600817,0.5238108094538515,0.50995404,0.510922915540132,0.56569254
2026-02-26 10:25:00,2026-02-26 10:30:00,1,921.9,918.2,pivot,-3.699999999999932,0.155203,-4.055202999999932,-127738.89449999786,1.0,2026-02-26,918.2,922.55,918.1,0.0,921.65,922.3,916.95,0.0,2026,0.0,0.0,0.0,0.0,0.0,0.0,0.0,0.0,0.0,0.0,0.0,0.0,0.0,0.0,0.0,1.0,1.0,1.0,0,10,3,2,9.958918306201385,0.0073430362099252,-3.002081756978388,0.0073430362099252,0.9926569637900748,0.0001807659514509,0.0001781095278154,0.0016586679029906,True,75.47097460364141,0.147519294166574,-0.9564410458967614,0.147519294166574,0.8524807058334261,0.0005423603017335,0.0004958318991799,0.0028339986034712,True,34.849042074490605,0.0958626692681235,-1.2208081204647347,0.0958626692681235,0.9041373307318764,0.001060300342606,0.001178920339184,0.0039281855428247,True,85.84706660102282,0.339296510271064,-0.4443027779480418,0.339296510271064,0.660703489728936,0.0022577849715848,0.0026983945724501,0.0050994087071766,True,0.0073430362099252,0.9926569637900748,3.002081756978388,0.147519294166574,0.8524807058334261,0.9564410458967614,0.0958626692681235,0.9041373307318764,1.2208081204647347,0.339296510271064,0.660703489728936,0.4443027779480418,1,0,0,0.0,1,1,1,1,,0,1,1,0,1,0,0,1.0,1.0,0.0,0.0,0.0,,-0.9853139275801497,3.002081756978388,-0.7049614116668521,0.9564410458967614,-0.8082746614637529,1.2208081204647347,-0.321406979457872,0.4443027779480418,0.50995404,0.5147507325500021,0.5682129
2026-02-26 10:30:00,2026-02-26 11:05:00,-1,918.2,926.5,pivot,-8.299999999999955,0.155341,-8.655340999999954,-272643.24149999855,1.0,2026-02-26,921.65,922.3,916.95,0.0,927.7,927.75,926.2,0.0,2026,0.0,0.0,0.0,0.0,0.0,0.0,0.0,0.0,0.0,0.0,0.0,0.0,0.0,0.0,0.0,1.0,1.0,2.0,0,10,3,2,30.313189191254512,0.0437335490684551,-1.870515051143,0.0437335490684551,0.9562664509315448,0.0001807659514509,0.0001781095278154,0.0016586679029906,True,98.3884138748543,0.1942036543328747,-0.7677245902262303,0.1942036543328747,0.8057963456671253,0.0005423603017335,0.0004958318991799,0.0028339986034712,True,8.211354286357285,0.0247990413288085,-2.212070758195408,0.0247990413288085,0.9752009586711914,0.001060300342606,0.001178920339184,0.0039281855428247,True,82.80702429005278,0.5432895993566772,0.0140142978042744,0.5432895993566772,0.4567104006433228,0.0022577849715848,0.0026983945724501,0.0050994087071766,True,0.9562664509315448,0.0437335490684551,-1.870515051143,0.8057963456671253,0.1942036543328747,-0.7677245902262303,0.9752009586711914,0.0247990413288085,-2.212070758195408,0.4567104006433228,0.5432895993566772,0.0140142978042744,1,0,0,0.0,1,1,1,1,,0,1,1,0,1,0,0,1.0,1.0,0.0,0.0,0.0,,0.9125329018630898,1.870515051143,0.6115926913342506,0.7677245902262303,0.9504019173423829,2.212070758195408,-0.0865791987133544,0.0140142978042744,0.5197103,0.5456067839324944,0.5519464
2026-02-27 10:30:00,2026-02-27 10:35:00,-1,922.1,922.95,pivot,-0.8500000000000227,0.1553515,-1.205351500000023,-37968.572250000725,1.0,2026-02-27,923.0,924.45,920.95,0.0,920.7,924.85,920.4,0.0,2026,0.0,0.0,0.0,0.0,0.0,0.0,0.0,0.0,0.0,0.0,0.0,0.0,0.0,0.0,0.0,1.0,1.0,1.0,0,10,4,2,176.91987890659814,0.7404748143125407,0.4910817012334184,0.7404748143125407,0.2595251856874593,-0.0001913054173516,-0.000134318806079,0.0021459954588218,True,54.25761593606313,0.8806868581105401,1.0065638422992045,0.8806868581105401,0.1193131418894598,-0.0006182362654769,-0.0005670073135843,0.0037913391927257,True,61.538586922419626,0.2390952156436788,-0.5804458994716903,0.2390952156436788,0.7609047843563211,-0.0012326455795934,-0.0013283527465099,0.005332520621938,True,5.815135605298777,0.0267288990864684,-2.2028606380295863,0.0267288990864684,0.9732711009135316,-0.0026575728580834,-0.0029600746923808,0.0067324078974935,True,0.2595251856874593,0.7404748143125407,0.4910817012334184,0.1193131418894598,0.8806868581105401,1.0065638422992045,0.7609047843563211,0.2390952156436788,-0.5804458994716903,0.9732711009135316,0.0267288990864684,-2.2028606380295863,1,0,0,0.0,1,1,1,1,,0,1,1,0,1,0,0,1.0,1.0,0.0,0.0,0.0,,-0.4809496286250814,0.4910817012334184,-0.7613737162210803,1.0065638422992045,0.5218095687126423,0.5804458994716903,0.9465422018270633,2.2028606380295863,0.50995404,0.5087867545378166,0.5304171
2026-03-03 11:40:00,2026-03-03 12:15:00,1,898.75,890.4,pivot,-8.350000000000023,0.1536745,-8.703674500000021,-274165.7467500007,1.0,2026-03-03,896.8,900.45,896.7,0.0,889.55,893.65,889.15,0.0,2026,0.0,0.0,0.0,0.0,0.0,0.0,0.0,0.0,0.0,0.0,0.0,0.0,0.0,0.0,0.0,1.0,0.0,0.0,0,11,1,3,199.32633523380565,0.6928230442073587,0.3728501517978618,0.6928230442073587,0.3071769557926412,-0.0001913054173516,-0.000134318806079,0.0021459954588218,True,2.968496800068817,0.9843123364006616,2.545041238334389,0.9843123364006616,0.0156876635993383,-0.0006182362654769,-0.0005670073135843,0.0037913391927257,True,78.05394189497166,0.7117709222364211,0.4676628331979742,0.7117709222364211,0.2882290777635788,-0.0012326455795934,-0.0013283527465099,0.005332520621938,True,14.401310592114717,0.0706201143511706,-1.4920386803273629,0.0706201143511706,0.9293798856488292,-0.0026575728580834,-0.0029600746923808,0.0067324078974935,True,0.6928230442073587,0.3071769557926412,-0.3728501517978618,0.9843123364006616,0.0156876635993383,-2.545041238334389,0.7117709222364211,0.2882290777635788,-0.4676628331979742,0.0706201143511706,0.9293798856488292,1.4920386803273629,1,0,0,0.0,1,1,1,1,,0,1,1,0,0,1,0,1.0,1.0,0.0,0.0,0.0,,0.38564608841471754,0.3728501517978618,0.9686246728013234,2.545041238334389,0.4235418444728423,0.4676628331979742,-0.8587597712976587,1.4920386803273629,0.5425894,0.769122689789804,0.5206366
2026-03-03 12:15:00,2026-03-03 12:45:00,1,890.4,890.9,pivot,0.5,0.153439,0.14656100000000002,4616.6715,1.0,2026-03-03,889.55,893.65,889.15,0.0,889.55,893.15,887.6,0.0,2026,0.0,0.0,0.0,0.0,0.0,0.0,0.0,0.0,0.0,0.0,0.0,0.0,0.0,0.0,0.0,1.0,1.0,0.0,1,12,1,3,50.5772008701426,0.075061311977791,-1.3524220248331165,0.075061311977791,0.9249386880222088,-0.0001913054173516,-0.000134318806079,0.0021459954588218,True,35.570408204243385,0.085180366334719,-1.2431000500608205,0.085180366334719,0.914819633665281,-0.0006182362654769,-0.0005670073135843,0.0037913391927257,True,9.673093247301136,0.0295215719856896,-2.018398474697911,0.0295215719856896,0.9704784280143104,-0.0012326455795934,-0.0013283527465099,0.005332520621938,True,7.178998339459355,0.0363008721409614,-1.9831409288865836,0.0363008721409614,0.9636991278590386,-0.0026575728580834,-0.0029600746923808,0.0067324078974935,True,0.075061311977791,0.9249386880222088,1.3524220248331165,0.085180366334719,0.914819633665281,1.2431000500608205,0.0295215719856896,0.9704784280143104,2.018398474697911,0.0363008721409614,0.9636991278590386,1.9831409288865836,1,0,0,0.0,1,1,1,1,,0,1,0,1,1,0,0,1.0,1.0,0.0,0.0,0.0,,-0.8498773760444178,1.3524220248331165,-0.8296392673305619,1.2431000500608205,-0.9409568560286208,2.018398474697911,-0.9273982557180771,1.9831409288865836,0.50965536,0.5461026325561956,0.53513074
2026-03-03 12:45:00,2026-03-03 13:10:00,1,890.9,882.65,pivot,-8.25,0.1532065,-8.6032065,-271001.00475,1.0,2026-03-03,889.55,893.15,887.6,0.0,883.5,886.85,881.7,0.0,2026,0.0,0.0,0.0,0.0,0.0,0.0,0.0,0.0,0.0,0.0,0.0,0.0,0.0,0.0,0.0,1.0,1.0,0.0,0,12,1,3,0.6654513804243154,1.0,6.269142702566077,1.0,0.0,-0.0001913054173516,-0.000134318806079,0.0021459954588218,True,2.823643540183107,0.9845939412611352,2.570945330515328,0.9845939412611352,0.0154060587388648,-0.0006182362654769,-0.0005670073135843,0.0037913391927257,True,31.667417769263288,0.8977051924937334,1.1026337763604646,0.8977051924937334,0.1022948075062666,-0.0012326455795934,-0.0013283527465099,0.005332520621938,True,41.72481055146996,0.2137679530243636,-0.6802863119852661,0.2137679530243636,0.7862320469756363,-0.0026575728580834,-0.0029600746923808,0.0067324078974935,True,1.0,0.0,-6.269142702566077,0.9845939412611352,0.0154060587388648,-2.570945330515328,0.8977051924937334,0.1022948075062666,-1.1026337763604646,0.2137679530243636,0.7862320469756363,0.6802863119852661,1,0,0,0.0,1,1,1,1,,0,1,0,1,1,0,0,1.0,1.0,0.0,0.0,0.0,,1.0,6.269142702566077,0.9691878825222704,2.570945330515328,0.7954103849874667,1.1026337763604646,-0.5724640939512727,0.6802863119852661,0.50965536,0.5461026325561956,0.5095711
2026-03-10 11:45:00,2026-03-10 12:30:00,1,822.85,816.85,pivot,-6.0,0.149191,-6.349191,-199999.5165,1.0,2026-03-10,820.1,823.75,819.7,0.0,814.4,817.4,814.3,0.0,2026,0.0,0.0,0.0,0.0,0.0,0.0,0.0,0.0,0.0,0.0,0.0,0.0,0.0,0.0,0.0,1.0,0.0,1.0,0,11,1,3,362.1158632444943,0.4904352699840125,-0.0651990015644408,0.4904352699840125,0.5095647300159875,0.0001474311940231,0.0002152132703473,0.0014445700641565,True,21.550048435488023,0.0311319395024755,-1.7851722350444548,0.0311319395024755,0.9688680604975244,0.0004747760598137,0.0006759372081766,0.0024425065926376,True,21.546001043912582,0.0355111017583201,-1.7057754785247694,0.0355111017583201,0.9644888982416798,0.0009766068832126,0.001216846898906,0.0028732999773556,True,35.65883589691371,0.0577900495007498,-1.4030975545937636,0.0577900495007498,0.9422099504992502,0.0020696763025213,0.0023999166541482,0.0039494998236915,True,0.4904352699840125,0.5095647300159875,0.0651990015644408,0.0311319395024755,0.9688680604975244,1.7851722350444548,0.0355111017583201,0.9644888982416798,1.7057754785247694,0.0577900495007498,0.9422099504992502,1.4030975545937636,1,0,0,0.0,1,1,1,1,,0,1,1,0,0,1,0,1.0,1.0,0.0,0.0,0.0,,-0.019129460031974965,0.0651990015644408,-0.9377361209950489,1.7851722350444548,-0.9289777964833598,1.7057754785247694,-0.8844199009985003,1.4030975545937636,0.5305238,0.7067905255624399,0.50166094
2026-03-13 11:05:00,2026-03-13 11:35:00,-1,821.35,817.15,pivot,4.2000000000000455,0.149155,3.850845000000045,121301.61750000142,1.0,2026-03-13,820.25,821.55,818.85,0.0,815.0,817.75,814.7,0.0,2026,0.0,0.0,0.0,0.0,0.0,0.0,0.0,0.0,0.0,0.0,0.0,0.0,0.0,0.0,0.0,1.0,1.0,2.0,1,11,4,3,19.25076424042915,0.96800005334245,1.9224457253541456,0.96800005334245,0.03199994665755,-0.0001213090729217,-0.000113073648394,0.0016480969686111,True,78.26293054270405,0.8269446788132532,0.7828021481343287,0.8269446788132532,0.1730553211867468,-0.0003738534386905,-0.0002860883744207,0.003174448864628,True,34.915016457552305,0.8956062761823437,1.1336938439107571,0.8956062761823437,0.1043937238176563,-0.0007646103640377,-0.0005993732507386,0.0045202190862106,True,6.601726785498092,0.9742385706202088,2.157291802850521,0.9742385706202088,0.0257614293797912,-0.001358316763399,-0.0009733862674131,0.0060565422417836,True,0.03199994665755,0.96800005334245,1.9224457253541456,0.1730553211867468,0.8269446788132532,0.7828021481343287,0.1043937238176563,0.8956062761823437,1.1336938439107571,0.0257614293797912,0.9742385706202088,2.157291802850521,1,0,0,0.0,1,1,1,1,,0,1,1,0,1,0,0,1.0,1.0,0.0,0.0,0.0,,-0.9360001066849,1.9224457253541456,-0.6538893576265064,0.7828021481343287,-0.7912125523646873,1.1336938439107571,-0.9484771412404176,2.157291802850521,0.50914,0.5151843843369519,0.50271803
2026-03-13 13:25:00,2026-03-13 14:00:00,1,810.4,810.55,pivot,0.1499999999999772,0.1486285,-0.19862850000002275,-6256.797750000716,1.0,2026-03-13,809.15,811.35,809.1,0.0,810.5,811.9,810.4,0.0,2026,0.0,0.0,0.0,0.0,0.0,0.0,0.0,0.0,0.0,0.0,0.0,0.0,0.0,0.0,0.0,1.0,1.0,0.0,0,13,4,3,163.37564310546168,0.1968277819485848,-0.5790343954147261,0.1968277819485848,0.8031722180514151,-0.0001869491574187,-0.0002181926754376,0.0019599945813451,True,43.96362276409887,0.1144127836438786,-0.9779153205027638,0.1144127836438786,0.8855872163561214,-0.0005237772878771,-0.0006611697449309,0.0034065750492981,True,107.02732776829669,0.3263305634388347,-0.2157583997558546,0.3263305634388347,0.6736694365611653,-0.0008638784857246,-0.0012664554934785,0.0043880139556173,True,76.54261895338195,0.296210944411062,-0.2555760639677419,0.296210944411062,0.7037890555889379,-0.0014243157358655,-0.002086208472699,0.0052995719104487,True,0.1968277819485848,0.8031722180514151,0.5790343954147261,0.1144127836438786,0.8855872163561214,0.9779153205027638,0.3263305634388347,0.6736694365611653,0.2157583997558546,0.296210944411062,0.7037890555889379,0.2555760639677419,1,0,0,0.0,1,1,1,1,,0,1,0,1,1,0,0,1.0,1.0,0.0,0.0,0.0,,-0.6063444361028303,0.5790343954147261,-0.7711744327122427,0.9779153205027638,-0.3473388731223306,0.2157583997558546,-0.4075781111778759,0.2555760639677419,0.50965536,0.5271136885754908,0.50264144
2026-03-16 10:30:00,2026-03-16 10:35:00,-1,814.4,811.9,pivot,2.5,0.148789,2.151211,67763.1465,1.0,2026-03-16,811.8,815.4,811.55,0.0,812.8,815.75,811.7,0.0,2026,0.0,0.0,0.0,0.0,0.0,0.0,0.0,0.0,0.0,0.0,0.0,0.0,0.0,0.0,0.0,1.0,1.0,1.0,1,10,0,3,257.90620855711575,0.3991293797139411,-0.1994136659838273,0.3991293797139411,0.6008706202860589,0.0002027022495942,0.0001942951910871,0.0018936457923057,True,126.65994888047754,0.2918274300962259,-0.4491205571238572,0.2918274300962259,0.7081725699037741,0.0005388215773781,0.0005757358783641,0.0033220885927755,True,19.26437443220226,0.0541073516937126,-1.425774338859351,0.0541073516937126,0.9458926483062874,0.0010224625683279,0.0012350910229968,0.004628129454764,True,50.14728762306685,0.1516173381328505,-0.8961768296259438,0.1516173381328505,0.8483826618671495,0.0021654637906083,0.0027629145686086,0.0058074153226782,True,0.6008706202860589,0.3991293797139411,-0.1994136659838273,0.7081725699037741,0.2918274300962259,-0.4491205571238572,0.9458926483062874,0.0541073516937126,-1.425774338859351,0.8483826618671495,0.1516173381328505,-0.8961768296259438,1,0,0,0.0,1,1,1,1,,0,1,1,0,1,0,0,1.0,1.0,0.0,0.0,0.0,,0.20174124057211779,0.1994136659838273,0.41634513980754817,0.4491205571238572,0.8917852966125748,1.425774338859351,0.696765323734299,0.8961768296259438,0.50995404,0.5226119967949799,0.50032616
2026-03-16 10:35:00,2026-03-16 11:00:00,-1,811.9,817.2,pivot,-5.300000000000068,0.148873,-5.648873000000068,-177939.49950000216,1.0,2026-03-16,812.8,815.75,811.7,0.0,816.55,817.75,815.2,0.0,2026,0.0,0.0,0.0,0.0,0.0,0.0,0.0,0.0,0.0,0.0,0.0,0.0,0.0,0.0,0.0,1.0,1.0,1.0,0,10,0,3,8.404464162954994,0.0107552150696529,-2.644378496784386,0.0107552150696529,0.9892447849303472,-0.0001213090729217,-0.000113073648394,0.0016480969686111,True,50.041621003025405,0.0996861838651628,-1.1258192884130098,0.0996861838651628,0.9003138161348372,-0.0003738534386905,-0.0002860883744207,0.003174448864628,True,6.70526423835146,0.0320861357189207,-2.056593790297551,0.0320861357189207,0.9679138642810792,-0.0007646103640377,-0.0005993732507386,0.0045202190862106,True,75.43656396774975,0.3064775599183956,-0.4564070654064062,0.3064775599183956,0.6935224400816045,-0.001358316763399,-0.0009733862674131,0.0060565422417836,True,0.9892447849303472,0.0107552150696529,-2.644378496784386,0.9003138161348372,0.0996861838651628,-1.1258192884130098,0.9679138642810792,0.0320861357189207,-2.056593790297551,0.6935224400816045,0.3064775599183956,-0.4564070654064062,1,0,0,0.0,1,1,1,1,,0,1,1,0,1,0,0,1.0,1.0,0.0,0.0,0.0,,0.9784895698606942,2.644378496784386,0.8006276322696744,1.1258192884130098,0.9358277285621585,2.056593790297551,0.38704488016320887,0.4564070654064062,0.50995404,0.5226119967949799,0.5005933
2026-03-19 14:35:00,2026-03-19 15:05:00,1,861.5,862.8,pivot,1.2999999999999543,0.151729,0.9482709999999546,29870.53649999857,1.0,2026-03-19,861.3,862.15,860.4,0.0,863.1,864.05,862.65,0.0,2026,0.0,0.0,0.0,0.0,0.0,0.0,0.0,0.0,0.0,0.0,0.0,0.0,0.0,0.0,0.0,1.0,1.0,0.0,1,14,3,3,50.5778933589104,0.0829008788665245,-1.1859351332089632,0.0829008788665245,0.9170991211334756,-0.0001869491574187,-0.0002181926754376,0.0019599945813451,True,184.593787009794,0.4789397275765122,0.0073119261098491,0.4789397275765122,0.5210602724234878,-0.0005237772878771,-0.0006611697449309,0.0034065750492981,True,145.82096810960954,0.5332048156184928,0.1436172218160216,0.5332048156184928,0.4667951843815072,-0.0008638784857246,-0.0012664554934785,0.0043880139556173,True,98.6732925021474,0.3756711717013116,-0.0861221708785737,0.3756711717013116,0.6243288282986884,-0.0014243157358655,-0.002086208472699,0.0052995719104487,True,0.0829008788665245,0.9170991211334756,1.1859351332089632,0.4789397275765122,0.5210602724234878,-0.0073119261098491,0.5332048156184928,0.4667951843815072,-0.1436172218160216,0.3756711717013116,0.6243288282986884,0.0861221708785737,1,0,0,0.0,1,1,1,1,,0,1,0,1,1,0,0,1.0,1.0,0.0,0.0,0.0,,-0.834198242266951,1.1859351332089632,-0.04212054484697564,0.0073119261098491,0.06640963123698557,0.1436172218160216,-0.24865765659737682,0.0861221708785737,0.50965536,0.530486349957845,0.51455355
2026-03-20 10:35:00,2026-03-20 12:45:00,1,871.0,866.85,pivot,-4.149999999999977,0.1521355,-4.502135499999977,-141817.2682499993,1.0,2026-03-20,873.25,873.4,870.55,0.0,867.7,867.9,866.5,0.0,2026,0.0,0.0,0.0,0.0,0.0,0.0,0.0,0.0,0.0,0.0,0.0,0.0,0.0,0.0,0.0,1.0,1.0,1.0,0,10,4,3,241.848105919144,0.6231960178257836,0.2625980902672112,0.6231960178257836,0.3768039821742164,0.0002027022495942,0.0001942951910871,0.0018936457923057,True,61.25630626690382,0.1207194363181655,-0.9872590173680932,0.1207194363181655,0.8792805636818344,0.0005388215773781,0.0005757358783641,0.0033220885927755,True,115.45749804391096,0.4147054006589104,-0.2046178523238377,0.4147054006589104,0.5852945993410896,0.0010224625683279,0.0012350910229968,0.004628129454764,True,82.85233019243864,0.3357034320803401,-0.4360712256904244,0.3357034320803401,0.66429656791966,0.0021654637906083,0.0027629145686086,0.0058074153226782,True,0.6231960178257836,0.3768039821742164,-0.2625980902672112,0.1207194363181655,0.8792805636818344,0.9872590173680932,0.4147054006589104,0.5852945993410896,0.2046178523238377,0.3357034320803401,0.66429656791966,0.4360712256904244,1,0,0,0.0,1,1,1,1,,0,1,1,0,1,0,0,1.0,1.0,0.0,0.0,0.0,,0.2463920356515672,0.2625980902672112,-0.7585611273636689,0.9872590173680932,-0.17058919868217925,0.2046178523238377,-0.32859313583931987,0.4360712256904244,0.50995404,0.5087867545378166,0.5493946
2026-03-23 10:35:00,2026-03-23 11:25:00,1,815.15,818.6,pivot,3.450000000000045,0.1490125,3.1009875000000457,97681.10625000144,1.0,2026-03-23,819.65,819.65,812.9,0.0,816.05,820.4,815.8,0.0,2026,0.0,0.0,0.0,0.0,0.0,0.0,0.0,0.0,0.0,0.0,0.0,0.0,0.0,0.0,0.0,1.0,1.0,1.0,1,10,0,3,178.64795685128396,0.4587264727197535,-0.0898444856106575,0.4587264727197535,0.5412735272802465,-0.0002016402167227,-9.89073265086242e-05,0.0036824044259597,True,34.80112731425542,0.869922882277263,0.8356224956541431,0.869922882277263,0.130077117722737,-0.0005011605580802,-0.0004428736338012,0.0060541412428743,True,3.239189924253874,0.98527528482824,2.2397079325727747,0.98527528482824,0.0147247151717598,-0.0013560111220351,-0.0014424792874597,0.0074122680622102,True,57.67315536592234,0.4649138730812122,0.0054166509041366,0.4649138730812122,0.5350861269187878,-0.003201316667036,-0.0038506330164811,0.009355868876144,True,0.4587264727197535,0.5412735272802465,0.0898444856106575,0.869922882277263,0.130077117722737,-0.8356224956541431,0.98527528482824,0.0147247151717598,-2.2397079325727747,0.4649138730812122,0.5350861269187878,-0.0054166509041366,1,0,0,0.0,1,1,1,1,,0,1,1,0,1,0,0,1.0,1.0,0.0,0.0,0.0,,-0.082547054560493,0.0898444856106575,0.739845764554526,0.8356224956541431,0.9705505696564802,2.2397079325727747,-0.07017225383757558,0.0054166509041366,0.50995404,0.5226119967949799,0.5481692
2026-03-24 08:45:00,2026-03-24 10:30:00,1,844.65,821.4,pivot,-23.25,0.1499815,-23.5999815,-743399.4172499999,1.0,2026-03-24,844.4,846.7,841.05,0.0,818.95,821.45,816.6,0.0,2026,0.0,0.0,0.0,0.0,0.0,0.0,0.0,0.0,0.0,0.0,0.0,0.0,0.0,0.0,0.0,2.0,2.0,2.0,0,8,1,3,78.87114678467466,0.9022468554596148,0.9676654705593172,0.9022468554596148,0.0977531445403852,-0.0001869491574187,-0.0002181926754376,0.0019599945813451,True,139.36632828103873,0.766935569913111,0.4859580888029374,0.766935569913111,0.233064430086889,-0.0005237772878771,-0.0006611697449309,0.0034065750492981,True,23.935192101034488,0.946121510174622,1.224759063552225,0.946121510174622,0.0538784898253779,-0.0008638784857246,-0.0012664554934785,0.0043880139556173,True,78.76509836891789,0.3034470332948241,-0.2381733049983973,0.3034470332948241,0.6965529667051759,-0.0014243157358655,-0.002086208472699,0.0052995719104487,True,0.9022468554596148,0.0977531445403852,-0.9676654705593172,0.766935569913111,0.233064430086889,-0.4859580888029374,0.946121510174622,0.0538784898253779,-1.224759063552225,0.3034470332948241,0.6965529667051759,0.2381733049983973,1,0,0,0.0,1,1,1,1,,0,1,0,0,0,0,0,1.0,1.0,0.0,0.0,0.0,,0.8044937109192296,0.9676654705593172,0.5338711398262219,0.4859580888029374,0.8922430203492441,1.224759063552225,-0.39310593341035177,0.2381733049983973,0.5264262,0.6145432976387111,0.5566715
2026-03-24 12:30:00,2026-03-24 13:25:00,-1,825.85,823.65,pivot,2.200000000000045,0.149485,1.8505150000000457,58291.22250000144,1.0,2026-03-24,821.45,826.05,821.0,0.0,823.1,824.55,822.2,0.0,2026,0.0,0.0,0.0,0.0,0.0,0.0,0.0,0.0,0.0,0.0,0.0,0.0,0.0,0.0,0.0,1.0,1.0,2.0,1,12,1,3,24.06093972422326,0.9714839933635584,1.8936011364172995,0.9714839933635584,0.0285160066364417,0.000226234264838,0.0001939716266073,0.0019841988496299,True,23.68676155825942,0.9593788481064696,1.581073090416132,0.9593788481064696,0.0406211518935305,0.0005388353508961,0.0005743261383498,0.0034856129081876,True,30.99832386044962,0.9060034155230272,1.166264599895953,0.9060034155230272,0.0939965844769729,0.0010321349772819,0.0012250383026418,0.0048480568337904,True,22.180742212127207,0.91760570180241,1.355675905679785,0.91760570180241,0.0823942981975899,0.0020091738415126,0.0025236872763528,0.0059213583470146,True,0.0285160066364417,0.9714839933635584,1.8936011364172995,0.0406211518935305,0.9593788481064696,1.581073090416132,0.0939965844769729,0.9060034155230272,1.166264599895953,0.0823942981975899,0.91760570180241,1.355675905679785,1,0,0,0.0,1,1,1,1,,0,1,0,1,1,0,0,1.0,1.0,0.0,0.0,0.0,,-0.9429679867271167,1.8936011364172995,-0.918757696212939,1.581073090416132,-0.8120068310460543,1.166264599895953,-0.83521140360482,1.355675905679785,0.50914,0.5140584518218951,0.5897636
2026-03-25 10:30:00,2026-03-25 10:35:00,-1,857.05,857.45,pivot,-0.4000000000000909,0.151435,-0.7514350000000909,-23670.202500002863,1.0,2026-03-25,857.4,858.7,855.8,0.0,858.25,859.95,856.75,0.0,2026,0.0,0.0,0.0,0.0,0.0,0.0,0.0,0.0,0.0,0.0,0.0,0.0,0.0,0.0,0.0,1.0,1.0,2.0,0,10,2,3,156.4464733778795,0.8200840012176324,0.7619963718971039,0.8200840012176324,0.1799159987823676,0.000211744088476,0.0001589213970691,0.0020860133170378,True,129.9244828741931,0.3616573502932816,-0.2776583732084731,0.3616573502932816,0.6383426497067184,0.0004860312862148,0.0004882112176103,0.003645315716772,True,108.5530825912131,0.4455253594781834,-0.1212767409308106,0.4455253594781834,0.5544746405218166,0.0010236052036409,0.0011312838670171,0.0050056423837838,True,39.16992672343356,0.8239995555314299,0.838000324559643,0.8239995555314299,0.1760004444685701,0.0021027385012016,0.0025084546215659,0.0062144644844141,True,0.1799159987823676,0.8200840012176324,0.7619963718971039,0.6383426497067184,0.3616573502932816,-0.2776583732084731,0.5544746405218166,0.4455253594781834,-0.1212767409308106,0.1760004444685701,0.8239995555314299,0.838000324559643,1,0,0,0.0,1,1,1,1,,0,1,1,0,1,0,0,1.0,1.0,0.0,0.0,0.0,,-0.6401680024352647,0.7619963718971039,0.2766852994134368,0.2776583732084731,0.10894928104363322,0.1212767409308106,-0.6479991110628598,0.838000324559643,0.5197103,0.5492052433992035,0.6326246
2026-03-25 10:35:00,2026-03-25 11:05:00,-1,857.45,852.8,pivot,4.650000000000091,0.1513075,4.298692500000091,135408.81375000288,1.0,2026-03-25,858.25,859.95,856.75,0.0,850.25,853.25,850.15,0.0,2026,0.0,0.0,0.0,0.0,0.0,0.0,0.0,0.0,0.0,0.0,0.0,0.0,0.0,0.0,0.0,1.0,1.0,2.0,1,10,2,3,89.29688722049791,0.106290394482115,-1.0683148595351304,0.106290394482115,0.8937096055178849,0.0001609389557473,0.0001961025287541,0.0018748153092802,True,120.97141144833448,0.2196177113894675,-0.621361599350693,0.2196177113894675,0.7803822886105325,0.0005224223020409,0.0006986373222937,0.0030947338910443,True,91.19816472216878,0.1856340443669935,-0.7692346776594475,0.1856340443669935,0.8143659556330065,0.0011904652545072,0.001430432601586,0.0036026288401122,True,85.67834703071337,0.6617779785400184,0.2990384098667011,0.6617779785400184,0.3382220214599816,0.002492140254095,0.0027374256308781,0.0051171154377763,True,0.8937096055178849,0.106290394482115,-1.0683148595351304,0.7803822886105325,0.2196177113894675,-0.621361599350693,0.8143659556330065,0.1856340443669935,-0.7692346776594475,0.3382220214599816,0.6617779785400184,0.2990384098667011,1,0,0,0.0,1,1,1,1,,0,1,1,0,1,0,0,1.0,1.0,0.0,0.0,0.0,,0.78741921103577,1.0683148595351304,0.560764577221065,0.621361599350693,0.628731911266013,0.7692346776594475,-0.3235559570800368,0.2990384098667011,0.5197103,0.5492052433992035,0.64587843
2026-03-25 12:15:00,2026-03-25 12:50:00,1,843.0,842.6,pivot,-0.3999999999999772,0.150568,-0.7505679999999773,-23642.891999999283,1.0,2026-03-25,843.75,844.55,841.2,0.0,845.25,845.95,842.55,0.0,2026,0.0,0.0,0.0,0.0,0.0,0.0,0.0,0.0,0.0,0.0,0.0,0.0,0.0,0.0,0.0,1.0,1.0,0.0,0,12,2,3,263.0457625217311,0.3555602060596491,-0.2938093430508633,0.3555602060596491,0.6444397939403508,0.0001609389557473,0.0001961025287541,0.0018748153092802,True,167.7153326607742,0.3566026569942349,-0.321274526338283,0.3566026569942349,0.6433973430057651,0.0005224223020409,0.0006986373222937,0.0030947338910443,True,17.465364244371127,0.0380392817181928,-1.6417124088275998,0.0380392817181928,0.9619607182818072,0.0011904652545072,0.001430432601586,0.0036026288401122,True,11.63162640337623,0.0363648768360636,-1.6182058863396902,0.0363648768360636,0.9636351231639364,0.002492140254095,0.0027374256308781,0.0051171154377763,True,0.3555602060596491,0.6444397939403508,0.2938093430508633,0.3566026569942349,0.6433973430057651,0.321274526338283,0.0380392817181928,0.9619607182818072,1.6417124088275998,0.0363648768360636,0.9636351231639364,1.6182058863396902,1,0,0,0.0,1,1,1,1,,0,1,0,1,1,0,0,1.0,1.0,0.0,0.0,0.0,,-0.28887958788070167,0.2938093430508633,-0.28679468601153024,0.321274526338283,-0.9239214365636144,1.6417124088275998,-0.9272702463278728,1.6182058863396902,0.50965536,0.5449201879556332,0.6482285
2026-03-26 10:30:00,2026-03-26 10:45:00,-1,824.9,823.8,pivot,1.1000000000000227,0.149461,0.7505390000000229,23641.97850000072,1.0,2026-03-26,825.85,826.95,824.5,0.0,823.5,824.7,823.5,0.0,2026,0.0,0.0,0.0,0.0,0.0,0.0,0.0,0.0,0.0,0.0,0.0,0.0,0.0,0.0,0.0,1.0,1.0,1.0,1,10,3,3,145.88727725369182,0.6974482812083075,0.2949790531047934,0.6974482812083075,0.3025517187916925,-0.0002045534260019,-0.0001232857359842,0.0037088795862597,True,78.06579330614888,0.3153238086857842,-0.3323450723966328,0.3153238086857842,0.6846761913142158,-0.0005137952708327,-0.0005196129947836,0.0060904982541132,True,73.38575340489761,0.5255408405084739,0.0680941533644219,0.5255408405084739,0.474459159491526,-0.0012576616288854,-0.0014200286520153,0.0075013770364811,True,42.49049888713028,0.2957655897228595,-0.3459839573452206,0.2957655897228595,0.7042344102771405,-0.0031103305327064,-0.0037781012578016,0.0095150521445194,True,0.3025517187916925,0.6974482812083075,0.2949790531047934,0.6846761913142158,0.3153238086857842,-0.3323450723966328,0.474459159491526,0.5255408405084739,0.0680941533644219,0.7042344102771405,0.2957655897228595,-0.3459839573452206,1,0,0,0.0,1,1,1,1,,0,1,1,0,1,0,0,1.0,1.0,0.0,0.0,0.0,,-0.39489656241661497,0.2949790531047934,0.36935238262843156,0.3323450723966328,-0.05108168101694793,0.0680941533644219,0.408468820554281,0.3459839573452206,0.50995404,0.5147507325500021,0.6495752
2026-03-26 10:45:00,2026-03-26 11:10:00,1,823.8,820.7,pivot,-3.099999999999909,0.149335,-3.4493349999999086,-108654.05249999712,1.0,2026-03-26,823.5,824.7,823.5,0.0,817.95,820.75,817.65,0.0,2026,0.0,0.0,0.0,0.0,0.0,0.0,0.0,0.0,0.0,0.0,0.0,0.0,0.0,0.0,0.0,1.0,1.0,1.0,0,10,3,3,173.64098322306103,0.4284666219502948,-0.1300485568072938,0.4284666219502948,0.5715333780497052,-0.0002045534260019,-0.0001232857359842,0.0037088795862597,True,89.98416143193128,0.6478041246324223,0.2544963850261725,0.6478041246324223,0.3521958753675777,-0.0005137952708327,-0.0005196129947836,0.0060904982541132,True,71.61607019731727,0.4814785350743825,-0.0124423331360092,0.4814785350743825,0.5185214649256175,-0.0012576616288854,-0.0014200286520153,0.0075013770364811,True,57.58799448812093,0.5328370322746211,0.1300000848772869,0.5328370322746211,0.4671629677253789,-0.0031103305327064,-0.0037781012578016,0.0095150521445194,True,0.4284666219502948,0.5715333780497052,0.1300485568072938,0.6478041246324223,0.3521958753675777,-0.2544963850261725,0.4814785350743825,0.5185214649256175,0.0124423331360092,0.5328370322746211,0.4671629677253789,-0.1300000848772869,1,0,0,0.0,1,1,1,1,,0,1,1,0,1,0,0,1.0,1.0,0.0,0.0,0.0,,-0.14306675609941039,0.1300485568072938,0.29560824926484464,0.2544963850261725,-0.037042929851234974,0.0124423331360092,0.06567406454924218,0.1300000848772869,0.50995404,0.5147507325500021,0.6196532
2026-03-26 11:10:00,2026-03-26 12:10:00,1,820.7,811.15,pivot,-9.550000000000068,0.1489555,-9.898955500000067,-311817.09825000213,1.0,2026-03-26,817.95,820.75,817.65,0.0,814.1,814.55,810.85,0.0,2026,0.0,0.0,0.0,0.0,0.0,0.0,0.0,0.0,0.0,0.0,0.0,0.0,0.0,0.0,0.0,1.0,1.0,0.0,0,11,3,3,176.17229738266423,0.4496302893072534,-0.097707925470095,0.4496302893072534,0.5503697106927465,-0.0002045534260019,-0.0001232857359842,0.0037088795862597,True,97.89379900113792,0.5385802664687057,0.0653760490981087,0.5385802664687057,0.4614197335312943,-0.0005137952708327,-0.0005196129947836,0.0060904982541132,True,63.63213008502586,0.3818513296852054,-0.2067648342080045,0.3818513296852054,0.6181486703147946,-0.0012576616288854,-0.0014200286520153,0.0075013770364811,True,44.00499003289508,0.3085187495567272,-0.3152840884237315,0.3085187495567272,0.6914812504432728,-0.0031103305327064,-0.0037781012578016,0.0095150521445194,True,0.4496302893072534,0.5503697106927465,0.097707925470095,0.5385802664687057,0.4614197335312943,-0.0653760490981087,0.3818513296852054,0.6181486703147946,0.2067648342080045,0.3085187495567272,0.6914812504432728,0.3152840884237315,1,0,0,0.0,1,1,1,1,,0,1,1,0,1,0,0,1.0,1.0,0.0,0.0,0.0,,-0.10073942138549313,0.097707925470095,0.07716053293741143,0.0653760490981087,-0.23629734062958918,0.2067648342080045,-0.3829625008865456,0.3152840884237315,0.50965536,0.5613898272367291,0.5762986
2026-03-26 12:10:00,2026-03-26 12:35:00,1,811.15,819.55,pivot,8.399999999999977,0.148921,8.051078999999978,253608.9884999993,1.0,2026-03-26,814.1,814.55,810.85,0.0,821.6,821.75,818.75,0.0,2026,0.0,0.0,0.0,0.0,0.0,0.0,0.0,0.0,0.0,0.0,0.0,0.0,0.0,0.0,0.0,1.0,1.0,0.0,1,12,3,3,119.12898147361214,0.7647347789474636,0.4318459737886636,0.7647347789474636,0.2352652210525364,-0.0002045534260019,-0.0001232857359842,0.0037088795862597,True,97.89739924965716,0.5384175809732094,0.0651035972622382,0.5384175809732094,0.4615824190267906,-0.0005137952708327,-0.0005196129947836,0.0060904982541132,True,45.72232033364767,0.8065848441705282,0.6496121402157319,0.8065848441705282,0.1934151558294717,-0.0012576616288854,-0.0014200286520153,0.0075013770364811,True,16.490072443195295,0.113278993485789,-1.029345701141108,0.113278993485789,0.8867210065142109,-0.0031103305327064,-0.0037781012578016,0.0095150521445194,True,0.7647347789474636,0.2352652210525364,-0.4318459737886636,0.5384175809732094,0.4615824190267906,-0.0651035972622382,0.8065848441705282,0.1934151558294717,-0.6496121402157319,0.113278993485789,0.8867210065142109,1.029345701141108,1,0,0,0.0,1,1,1,1,,0,1,0,1,1,0,0,1.0,1.0,0.0,0.0,0.0,,0.5294695578949271,0.4318459737886636,0.07683516194641876,0.0651035972622382,0.6131696883410566,0.6496121402157319,-0.773442013028422,1.029345701141108,0.50965536,0.5302043622935598,0.51595974
2026-03-27 10:25:00,2026-03-27 11:00:00,1,785.5,787.45,pivot,1.9500000000000453,0.1471885,1.6028115000000458,50488.56225000144,1.0,2026-03-27,787.6,787.6,784.35,0.0,789.75,790.6,787.25,0.0,2026,0.0,0.0,0.0,0.0,0.0,0.0,0.0,0.0,0.0,0.0,0.0,0.0,0.0,0.0,0.0,1.0,1.0,1.0,1,10,4,3,154.26312765077506,0.6412739830067934,0.2020653151602628,0.6412739830067934,0.3587260169932066,-0.000216969445712,-0.0001197779237324,0.0037497567603181,True,9.680077670604346,0.9598684936716706,1.6950929713056484,0.9598684936716706,0.0401315063283294,-0.0004818587307686,-0.0004703248652701,0.0061377608525285,True,8.051830172757057,0.9649603919570484,1.7282091331558058,0.9649603919570484,0.0350396080429517,-0.0011980121137506,-0.001361285430485,0.0076174907142992,True,17.6214976727845,0.9065191674322516,1.082919564696181,0.9065191674322516,0.0934808325677483,-0.0031103305327064,-0.0037781012578016,0.0095150521445194,True,0.6412739830067934,0.3587260169932066,-0.2020653151602628,0.9598684936716706,0.0401315063283294,-1.6950929713056484,0.9649603919570484,0.0350396080429517,-1.7282091331558058,0.9065191674322516,0.0934808325677483,-1.082919564696181,1,0,0,0.0,1,1,1,1,,0,1,1,0,1,0,0,1.0,1.0,0.0,0.0,0.0,,0.2825479660135868,0.2020653151602628,0.9197369873433412,1.6950929713056484,0.9299207839140967,1.7282091331558058,0.8130383348645033,1.082919564696181,0.50995404,0.5087867545378166,0.52090394
2026-03-30 12:00:00,2026-03-30 12:50:00,1,778.3,785.35,pivot,7.050000000000068,0.1469095,6.7030905000000685,211147.35075000217,1.0,2026-03-30,778.5,779.2,777.65,0.0,782.9,785.85,782.9,0.0,2026,0.0,0.0,0.0,0.0,0.0,0.0,0.0,0.0,0.0,0.0,0.0,0.0,0.0,0.0,0.0,1.0,1.0,2.0,1,12,0,3,102.57937749990614,0.2203860016194753,-0.5538120891043363,0.2203860016194753,0.7796139983805247,-0.0001976424911654,-7.373980277211574e-05,0.0038091024282693,True,28.12721252694587,0.8792904354432998,0.9403046052025248,0.8792904354432998,0.1207095645567002,-0.000461574077839,-0.0003647028355373,0.0062835537669102,True,26.083721665489414,0.8652065057585571,0.8973715477813118,0.8652065057585571,0.1347934942414429,-0.0011573367820002,-0.001199860902249,0.0078030232028402,True,52.67765473883172,0.623364090707704,0.29609023837989,0.623364090707704,0.3766359092922959,-0.0029825850285503,-0.0036134975106598,0.0098166855022052,True,0.2203860016194753,0.7796139983805247,0.5538120891043363,0.8792904354432998,0.1207095645567002,-0.9403046052025248,0.8652065057585571,0.1347934942414429,-0.8973715477813118,0.623364090707704,0.3766359092922959,-0.29609023837989,1,0,0,0.0,1,1,1,1,,0,1,0,1,1,0,0,1.0,1.0,0.0,0.0,0.0,,-0.5592279967610494,0.5538120891043363,0.7585808708865995,0.9403046052025248,0.7304130115171141,0.8973715477813118,0.24672818141540814,0.29609023837989,0.50914,0.5159271543131166,0.5081183
2026-03-31 10:25:00,2026-03-31 10:30:00,1,760.6,763.05,pivot,2.449999999999932,0.1457095,2.1042904999999315,66285.15074999785,1.0,2026-03-31,763.2,763.35,759.6,0.0,767.55,767.85,762.0,0.0,2026,0.0,0.0,0.0,0.0,0.0,0.0,0.0,0.0,0.0,0.0,0.0,0.0,0.0,0.0,0.0,1.0,1.0,2.0,1,10,1,3,53.18606377164974,0.8818311594649111,0.8528953165185452,0.8818311594649111,0.1181688405350889,-0.0001976424911654,-7.373980277211574e-05,0.0038091024282693,True,89.267887830583,0.4702909839547089,-0.0680317235098143,0.4702909839547089,0.5297090160452911,-0.000461574077839,-0.0003647028355373,0.0062835537669102,True,30.516274047661785,0.1454117983367466,-0.8830456381276737,0.1454117983367466,0.8545882016632533,-0.0011573367820002,-0.001199860902249,0.0078030232028402,True,11.971379656798232,0.9212914805843327,1.2668039548382697,0.9212914805843327,0.0787085194156672,-0.0029825850285503,-0.0036134975106598,0.0098166855022052,True,0.8818311594649111,0.1181688405350889,-0.8528953165185452,0.4702909839547089,0.5297090160452911,0.0680317235098143,0.1454117983367466,0.8545882016632533,0.8830456381276737,0.9212914805843327,0.0787085194156672,-1.2668039548382697,1,0,0,0.0,1,1,1,1,,0,1,1,0,1,0,0,1.0,1.0,0.0,0.0,0.0,,0.7636623189298222,0.8528953165185452,-0.05941803209058216,0.0680317235098143,-0.7091764033265067,0.8830456381276737,0.8425829611686655,1.2668039548382697,0.5197103,0.5492052433992035,0.5717883
2026-03-31 10:30:00,2026-03-31 11:00:00,1,763.05,771.9,pivot,8.850000000000023,0.1460485,8.503951500000024,267874.47225000075,1.0,2026-03-31,767.55,767.85,762.0,0.0,769.1,772.05,768.25,0.0,2026,0.0,0.0,0.0,0.0,0.0,0.0,0.0,0.0,0.0,0.0,0.0,0.0,0.0,0.0,0.0,1.0,2.0,2.0,1,10,1,3,26.198491631453805,0.9360958405588238,1.2302085007988286,0.9360958405588238,0.0639041594411762,-0.0001976424911654,-7.373980277211574e-05,0.0038091024282693,True,13.922238908846504,0.9366918354264469,1.4133739353363308,0.9366918354264469,0.0633081645735532,-0.000461574077839,-0.0003647028355373,0.0062835537669102,True,59.45933553379052,0.3713355989861654,-0.2499768150553002,0.3713355989861654,0.6286644010138346,-0.0011573367820002,-0.001199860902249,0.0078030232028402,True,4.194956749428619,0.9808773087939954,2.049327175742914,0.9808773087939954,0.0191226912060046,-0.0029825850285503,-0.0036134975106598,0.0098166855022052,True,0.9360958405588238,0.0639041594411762,-1.2302085007988286,0.9366918354264469,0.0633081645735532,-1.4133739353363308,0.3713355989861654,0.6286644010138346,0.2499768150553002,0.9808773087939954,0.0191226912060046,-2.049327175742914,1,0,0,0.0,1,1,1,1,,0,1,1,0,0,0,0,1.0,1.0,0.0,0.0,0.0,,0.8721916811176476,1.2302085007988286,0.8733836708528937,1.4133739353363308,-0.25732880202766917,0.2499768150553002,0.9617546175879907,2.049327175742914,0.5197103,0.5838853056321048,0.6025126
2026-03-31 11:00:00,2026-03-31 11:30:00,1,771.9,766.25,pivot,-5.649999999999977,0.1461445,-5.996144499999978,-188878.5517499993,1.0,2026-03-31,769.1,772.05,768.25,0.0,765.05,766.7,764.5,0.0,2026,0.0,0.0,0.0,0.0,0.0,0.0,0.0,0.0,0.0,0.0,0.0,0.0,0.0,0.0,0.0,1.0,1.0,2.0,0,11,1,3,0.6785805448420104,0.999512837710173,4.667533782674926,0.999512837710173,0.000487162289827,-0.0001213090729217,-0.000113073648394,0.0016480969686111,True,11.818214936738489,0.9670827144399018,2.047885363753738,0.9670827144399018,0.0329172855600982,-0.0003738534386905,-0.0002860883744207,0.003174448864628,True,0.6615102442225886,0.9988052029883964,4.210453976112846,0.9988052029883964,0.0011947970116036,-0.0007646103640377,-0.0005993732507386,0.0045202190862106,True,1.615575084128156,0.98645130768513,2.6839987243326022,0.98645130768513,0.0135486923148699,-0.001358316763399,-0.0009733862674131,0.0060565422417836,True,0.999512837710173,0.000487162289827,-4.667533782674926,0.9670827144399018,0.0329172855600982,-2.047885363753738,0.9988052029883964,0.0011947970116036,-4.210453976112846,0.98645130768513,0.0135486923148699,-2.6839987243326022,1,0,0,0.0,1,1,1,1,,0,1,1,0,1,0,0,1.0,1.0,0.0,0.0,0.0,,0.9990256754203459,4.667533782674926,0.9341654288798036,2.047885363753738,0.9976104059767927,4.210453976112846,0.9729026153702601,2.6839987243326022,0.50914,0.5126744110500857,0.6309868
2026-03-31 12:40:00,2026-03-31 13:30:00,-1,758.7,754.2,pivot,4.5,0.145387,4.1546129999999994,130870.30949999997,1.0,2026-03-31,756.6,759.45,756.2,0.0,756.55,757.25,754.2,0.0,2026,0.0,0.0,0.0,0.0,0.0,0.0,0.0,0.0,0.0,0.0,0.0,0.0,0.0,0.0,0.0,1.0,0.0,0.0,1,12,1,3,33.38855371682863,0.0695100396592509,-1.1699222339009223,0.0695100396592509,0.930489960340749,-0.0001976424911654,-7.373980277211574e-05,0.0038091024282693,True,15.989807457357651,0.0662474303899072,-1.3183171027496798,0.0662474303899072,0.9337525696100928,-0.000461574077839,-0.0003647028355373,0.0062835537669102,True,24.967342150915712,0.1170320878700125,-1.0130823251619547,0.1170320878700125,0.8829679121299874,-0.0011573367820002,-0.001199860902249,0.0078030232028402,True,41.00154166679974,0.3116891476178965,-0.3266528480338878,0.3116891476178965,0.6883108523821034,-0.0029825850285503,-0.0036134975106598,0.0098166855022052,True,0.930489960340749,0.0695100396592509,-1.1699222339009223,0.9337525696100928,0.0662474303899072,-1.3183171027496798,0.8829679121299874,0.1170320878700125,-1.0130823251619547,0.6883108523821034,0.3116891476178965,-0.3266528480338878,1,0,0,0.0,1,1,1,1,,0,1,0,1,0,1,0,1.0,1.0,0.0,0.0,0.0,,0.8609799206814981,1.1699222339009223,0.8675051392201856,1.3183171027496798,0.7659358242599749,1.0130823251619547,0.3766217047642069,0.3266528480338878,0.5425894,0.7806436716173284,0.62868506
2026-03-31 13:30:00,2026-03-31 13:55:00,1,754.2,752.6,pivot,-1.6000000000000227,0.145204,-1.9452040000000228,-61273.92600000072,1.0,2026-03-31,756.55,757.25,754.2,0.0,752.5,752.95,751.15,0.0,2026,0.0,0.0,0.0,0.0,0.0,0.0,0.0,0.0,0.0,0.0,0.0,0.0,0.0,0.0,0.0,1.0,1.0,0.0,0,13,1,3,154.9642802414142,0.4042484375152327,-0.1893979448933567,0.4042484375152327,0.5957515624847673,-0.0001976424911654,-7.373980277211574e-05,0.0038091024282693,True,72.83932787962907,0.7059899905695255,0.3748537213556357,0.7059899905695255,0.2940100094304745,-0.000461574077839,-0.0003647028355373,0.0062835537669102,True,65.6983824526154,0.4530729101085354,-0.0838863422156431,0.4530729101085354,0.5469270898914645,-0.0011573367820002,-0.001199860902249,0.0078030232028402,True,20.06026952405409,0.1388578272014286,-0.9202759179635496,0.1388578272014286,0.8611421727985713,-0.0029825850285503,-0.0036134975106598,0.0098166855022052,True,0.4042484375152327,0.5957515624847673,0.1893979448933567,0.7059899905695255,0.2940100094304745,-0.3748537213556357,0.4530729101085354,0.5469270898914645,0.0838863422156431,0.1388578272014286,0.8611421727985713,0.9202759179635496,1,0,0,0.0,1,1,1,1,,0,1,0,1,1,0,0,1.0,1.0,0.0,0.0,0.0,,-0.19150312496953464,0.1893979448933567,0.411979981139051,0.3748537213556357,-0.09385417978292915,0.0838863422156431,-0.7222843455971427,0.9202759179635496,0.50965536,0.5461026325561956,0.6449194
2026-03-31 13:55:00,2026-03-31 14:10:00,-1,752.6,753.1,pivot,-0.5,0.145171,-0.845171,-26622.8865,1.0,2026-03-31,752.5,752.95,751.15,0.0,750.0,753.95,750.0,0.0,2026,0.0,0.0,0.0,0.0,0.0,0.0,0.0,0.0,0.0,0.0,0.0,0.0,0.0,0.0,0.0,1.0,1.0,0.0,0,13,1,3,125.6450264885856,0.174364893195815,-0.6961555026000268,0.174364893195815,0.825635106804185,-0.0002273522072461,-0.0002499822096176,0.0021159260715514,True,61.15252378251429,0.1586618811399953,-0.7970753802024116,0.1586618811399953,0.8413381188600046,-0.0006070643165827,-0.0006967107668046,0.0036113333535864,True,117.39829823299796,0.463452854736781,0.0151265635534006,0.463452854736781,0.536547145263219,-0.0010201313810906,-0.0013960369480056,0.0046535459914358,True,100.88773293465236,0.4991138325072778,0.1203732048729488,0.4991138325072778,0.5008861674927222,-0.0016480158403851,-0.0023576223022717,0.0058222319374076,True,0.825635106804185,0.174364893195815,-0.6961555026000268,0.8413381188600046,0.1586618811399953,-0.7970753802024116,0.536547145263219,0.463452854736781,0.0151265635534006,0.5008861674927222,0.4991138325072778,0.1203732048729488,1,0,0,0.0,1,1,1,1,,0,1,0,1,1,0,0,1.0,1.0,0.0,0.0,0.0,,0.6512702136083699,0.6961555026000268,0.6826762377200093,0.7970753802024116,0.07309429052643801,0.0151265635534006,0.0017723349854443793,0.1203732048729488,0.50965536,0.5461026325561956,0.65720046
2026-03-31 14:10:00,2026-03-31 14:40:00,-1,753.1,755.0,pivot,-1.8999999999999773,0.145243,-2.2452429999999772,-70725.15449999928,1.0,2026-03-31,750.0,753.95,750.0,0.0,755.55,755.8,753.7,0.0,2026,0.0,0.0,0.0,0.0,0.0,0.0,0.0,0.0,0.0,0.0,0.0,0.0,0.0,0.0,0.0,1.0,1.0,0.0,0,14,1,3,52.875366524266674,0.9209695973981348,1.1846209773320702,0.9209695973981348,0.0790304026018653,-0.0002273522072461,-0.0002499822096176,0.0021159260715514,True,148.37186105909896,0.6723083398081671,0.3214564407300959,0.6723083398081671,0.3276916601918329,-0.0006070643165827,-0.0006967107668046,0.0036113333535864,True,83.71994456517048,0.2791155930669768,-0.368536838031337,0.2791155930669768,0.7208844069330231,-0.0010201313810906,-0.0013960369480056,0.0046535459914358,True,97.61115960839535,0.6542806927106809,0.3821627669361119,0.6542806927106809,0.3457193072893191,-0.0016480158403851,-0.0023576223022717,0.0058222319374076,True,0.0790304026018653,0.9209695973981348,1.1846209773320702,0.3276916601918329,0.6723083398081671,0.3214564407300959,0.7208844069330231,0.2791155930669768,-0.368536838031337,0.3457193072893191,0.6542806927106809,0.3821627669361119,1,0,0,0.0,1,1,1,1,,0,1,0,1,1,0,0,1.0,1.0,0.0,0.0,0.0,,-0.8419391947962694,1.1846209773320702,-0.3446166796163342,0.3214564407300959,0.44176881386604633,0.368536838031337,-0.3085613854213618,0.3821627669361119,0.50965536,0.5422462425693709,0.6728804
2026-03-31 15:10:00,2026-03-31 15:20:00,1,747.85,747.2,pivot,-0.6499999999999773,0.1448515,-0.9948514999999772,-31337.822249999284,1.0,2026-03-31,746.55,748.25,746.2,0.0,749.4,749.4,746.2,0.0,2026,0.0,0.0,0.0,0.0,0.0,0.0,0.0,0.0,0.0,0.0,0.0,0.0,0.0,0.0,0.0,1.0,1.0,0.0,0,15,1,3,10.06392812962452,0.0186291439089003,-2.5179147634480405,0.0186291439089003,0.9813708560910996,-0.0002273522072461,-0.0002499822096176,0.0021159260715514,True,10.020126936354163,0.0249343824481242,-2.0840355901079644,0.0249343824481242,0.9750656175518758,-0.0006070643165827,-0.0006967107668046,0.0036113333535864,True,35.62634224374221,0.1324293512959341,-0.9128266844948392,0.1324293512959341,0.8675706487040659,-0.0010201313810906,-0.0013960369480056,0.0046535459914358,True,59.41588993425092,0.2744680004273693,-0.3482299293369454,0.2744680004273693,0.7255319995726306,-0.0016480158403851,-0.0023576223022717,0.0058222319374076,True,0.0186291439089003,0.9813708560910996,2.5179147634480405,0.0249343824481242,0.9750656175518758,2.0840355901079644,0.1324293512959341,0.8675706487040659,0.9128266844948392,0.2744680004273693,0.7255319995726306,0.3482299293369454,1,0,0,0.0,1,1,1,1,,0,1,0,0,1,0,0,1.0,1.0,0.0,0.0,0.0,,-0.9627417121821994,2.5179147634480405,-0.9501312351037516,2.0840355901079644,-0.7351412974081317,0.9128266844948392,-0.4510639991452613,0.3482299293369454,0.5053966,0.5537654049174158,0.6572045
2026-04-01 10:30:00,2026-04-01 11:40:00,1,799.6,801.85,pivot,2.25,0.1480435,1.9019565000000003,59911.62975000001,1.0,2026-04-01,799.2,800.85,798.5,0.0,802.9,803.3,801.5,0.0,2026,0.0,0.0,0.0,0.0,0.0,0.0,0.0,0.0,0.0,0.0,0.0,0.0,0.0,0.0,0.0,1.0,1.0,1.0,1,10,2,4,126.9276655459171,0.8569468830927764,0.8872795913748501,0.8569468830927764,0.1430531169072235,0.000211744088476,0.0001589213970691,0.0020860133170378,True,1.7266950026102308,0.996357790620064,2.825224562914164,0.996357790620064,0.0036422093799359,0.0004860312862148,0.0004882112176103,0.003645315716772,True,60.86513383781933,0.7942059841308874,0.6533444073132972,0.7942059841308874,0.2057940158691126,0.0010236052036409,0.0011312838670171,0.0050056423837838,True,11.538701622560188,0.9537818641786387,1.6795209179939623,0.9537818641786387,0.0462181358213612,0.0021027385012016,0.0025084546215659,0.0062144644844141,True,0.8569468830927764,0.1430531169072235,-0.8872795913748501,0.996357790620064,0.0036422093799359,-2.825224562914164,0.7942059841308874,0.2057940158691126,-0.6533444073132972,0.9537818641786387,0.0462181358213612,-1.6795209179939623,1,0,0,0.0,1,1,1,1,,0,1,1,0,1,0,0,1.0,1.0,0.0,0.0,0.0,,0.7138937661855529,0.8872795913748501,0.9927155812401282,2.825224562914164,0.5884119682617748,0.6533444073132972,0.9075637283572775,1.6795209179939623,0.50995404,0.5183491920167113,0.6444911
2026-04-01 11:40:00,2026-04-01 11:50:00,-1,801.85,802.35,pivot,-0.5,0.148126,-0.848126,-26715.969,1.0,2026-04-01,802.9,803.3,801.5,0.0,803.15,803.35,802.2,0.0,2026,0.0,0.0,0.0,0.0,0.0,0.0,0.0,0.0,0.0,0.0,0.0,0.0,0.0,0.0,0.0,1.0,1.0,2.0,0,11,2,4,164.53576519226783,0.2293708880351654,-0.5848455847460735,0.2293708880351654,0.7706291119648345,0.000211744088476,0.0001589213970691,0.0020860133170378,True,99.8889358788924,0.2329678133570147,-0.5789828361919386,0.2329678133570147,0.7670321866429852,0.0004860312862148,0.0004882112176103,0.003645315716772,True,108.7465489480668,0.4564992557167919,-0.1012050305814387,0.4564992557167919,0.543500744283208,0.0010236052036409,0.0011312838670171,0.0050056423837838,True,80.40388098581788,0.4768335226949462,-0.1119620506592323,0.4768335226949462,0.5231664773050537,0.0021027385012016,0.0025084546215659,0.0062144644844141,True,0.7706291119648345,0.2293708880351654,-0.5848455847460735,0.7670321866429852,0.2329678133570147,-0.5789828361919386,0.543500744283208,0.4564992557167919,-0.1012050305814387,0.5231664773050537,0.4768335226949462,-0.1119620506592323,1,0,0,0.0,1,1,1,1,,0,1,1,0,1,0,0,1.0,1.0,0.0,0.0,0.0,,0.5412582239296692,0.5848455847460735,0.5340643732859706,0.5789828361919386,0.08700148856641615,0.1012050305814387,0.0463329546101075,0.1119620506592323,0.50914,0.5032499880173319,0.6233806
2026-04-01 11:50:00,2026-04-01 12:20:00,-1,802.35,804.25,pivot,-1.8999999999999773,0.148198,-2.2481979999999773,-70818.23699999928,1.0,2026-04-01,803.15,803.35,802.2,0.0,803.8,805.15,803.7,0.0,2026,0.0,0.0,0.0,0.0,0.0,0.0,0.0,0.0,0.0,0.0,0.0,0.0,0.0,0.0,0.0,1.0,1.0,2.0,0,11,2,4,181.24753283936943,0.7781756027952369,0.5933985612126487,0.7781756027952369,0.2218243972047631,0.0001609389557473,0.0001961025287541,0.0018748153092802,True,139.0282458439762,0.6973233693339959,0.3381757060810365,0.6973233693339959,0.3026766306660041,0.0005224223020409,0.0006986373222937,0.0030947338910443,True,100.77708056187586,0.715925720163277,0.4165705676586118,0.715925720163277,0.2840742798367229,0.0011904652545072,0.001430432601586,0.0036026288401122,True,74.9181468841984,0.7302156867388282,0.465525166877074,0.7302156867388282,0.2697843132611718,0.002492140254095,0.0027374256308781,0.0051171154377763,True,0.2218243972047631,0.7781756027952369,0.5933985612126487,0.3026766306660041,0.6973233693339959,0.3381757060810365,0.2840742798367229,0.715925720163277,0.4165705676586118,0.2697843132611718,0.7302156867388282,0.465525166877074,1,0,0,0.0,1,1,1,1,,0,1,1,0,1,0,0,1.0,1.0,0.0,0.0,0.0,,-0.5563512055904738,0.5933985612126487,-0.39464673866799177,0.3381757060810365,-0.43185144032655415,0.4165705676586118,-0.4604313734776564,0.465525166877074,0.50914,0.5032499880173319,0.59118307
2026-04-02 10:25:00,2026-04-02 15:45:00,1,799.5,779.45,eod,-20.049999999999955,0.1473685,-20.397368499999956,-642517.1077499986,1.0,2026-04-02,800.4,801.85,792.1,0.0,779.45,779.45,779.45,0.0,2026,0.0,0.0,0.0,0.0,0.0,0.0,0.0,0.0,0.0,0.0,0.0,0.0,0.0,0.0,0.0,2.0,0.0,0.0,0,10,3,4,1.7483226725855216e-36,0.0,-9.470209566849531,0.0,1.0,-8.314338767817091e-05,-3.318167589809707e-05,0.0018983286789322,True,0.0048777178066654,1.3922732883362031e-06,-4.715467292338341,1.3922732883362031e-06,0.9999986077267116,-0.0002160475644364,-0.0001335852550567,0.0035585035609364,True,5.7665909173977954e-06,1.639184877955264e-09,-4.261949064604958,1.639184877955264e-09,0.9999999983608152,-0.0005470722147236,-0.0002845322258598,0.0051718602145729,True,0.8448439630197848,0.0016348829015813,-3.390865820883213,0.0016348829015813,0.9983651170984186,-0.0010877030613704,-0.0004510945448981,0.0071660178126293,True,0.0,1.0,9.470209566849531,1.3922732883362031e-06,0.9999986077267116,4.715467292338341,1.639184877955264e-09,0.9999999983608152,4.261949064604958,0.0016348829015813,0.9983651170984186,3.390865820883213,1,0,0,0.0,1,1,1,1,,0,1,1,0,0,1,0,1.0,1.0,0.0,0.0,0.0,,-1.0,9.470209566849531,-0.9999972154534232,4.715467292338341,-0.9999999967216303,4.261949064604958,-0.9967302341968373,3.390865820883213,0.54231644,0.7522991319714655,0.5925226
2026-04-03 10:35:00,2026-04-03 10:40:00,-1,800.85,801.15,pivot,-0.2999999999999545,0.14806,-0.6480599999999545,-20413.889999998566,1.0,2026-04-03,801.2,802.3,800.45,0.0,801.85,802.55,800.5,0.0,2026,0.0,0.0,0.0,0.0,0.0,0.0,0.0,0.0,0.0,0.0,0.0,0.0,0.0,0.0,0.0,1.0,1.0,1.0,0,10,4,4,200.82971388388407,0.7336983898247775,0.4898834000729363,0.7336983898247775,0.2663016101752224,0.0002143451662292,0.0002291219155417,0.0019451047974318,True,144.88430800712047,0.3128590938364431,-0.4166590715816025,0.3128590938364431,0.6871409061635569,0.0005403773041471,0.0007216878839592,0.0032238121392004,True,65.89834736436565,0.1390933293609812,-0.9362952514348002,0.1390933293609812,0.8609066706390187,0.0012244741960832,0.0014596900386888,0.0038143533255219,True,79.41990413468777,0.3054623196963595,-0.458598975385479,0.3054623196963595,0.6945376803036405,0.0027380829341964,0.0029444463317445,0.0053356723739184,True,0.2663016101752224,0.7336983898247775,0.4898834000729363,0.6871409061635569,0.3128590938364431,-0.4166590715816025,0.8609066706390187,0.1390933293609812,-0.9362952514348002,0.6945376803036405,0.3054623196963595,-0.458598975385479,1,0,0,0.0,1,1,1,1,,0,1,1,0,1,0,0,1.0,1.0,0.0,0.0,0.0,,-0.4673967796495551,0.4898834000729363,0.3742818123271138,0.4166590715816025,0.7218133412780375,0.9362952514348002,0.389075360607281,0.458598975385479,0.50995404,0.5087867545378166,0.50510633
2026-05-13 11:00:00,2026-05-13 11:25:00,-1,1200.25,1202.2,pivot,-1.9500000000000453,0.1720735,-2.3220735000000454,-73145.31525000143,1.0,2026-05-13,1197.0,1202.15,1196.6,0.0,1202.25,1203.0,1201.0,0.0,2026,0.0,0.0,0.0,0.0,0.0,0.0,0.0,0.0,0.0,0.0,0.0,0.0,0.0,0.0,0.0,1.0,2.0,2.0,0,11,2,5,0.6298110529425122,0.0,-5.533337991049846,0.0,1.0,0.0001220711722234,0.0001614303509715,0.0015637920331067,True,33.27784638990734,0.0543361345518544,-1.5024272712356763,0.0543361345518544,0.9456638654481456,0.0004206669325156,0.0004862525566535,0.0027121599464148,True,12.409965937507357,0.9789982695322716,2.264759447083912,0.9789982695322716,0.0210017304677284,0.0009687718909271,0.0011629432216122,0.0033611399442397,True,2.0307699998498963e-14,1.0,5.757982437307925,1.0,0.0,0.002157609543261,0.0024258856656373,0.0046617046181543,True,1.0,0.0,-5.533337991049846,0.9456638654481456,0.0543361345518544,-1.5024272712356763,0.0210017304677284,0.9789982695322716,2.264759447083912,0.0,1.0,5.757982437307925,1,0,0,0.0,1,1,1,1,,0,1,1,0,0,0,0,1.0,1.0,0.0,0.0,0.0,,1.0,5.533337991049846,0.8913277308962912,1.5024272712356763,-0.9579965390645433,2.264759447083912,-1.0,5.757982437307925,0.50914,0.5489268916755906,0.5550418
2026-05-13 11:25:00,2026-05-13 11:30:00,-1,1202.2,1202.15,pivot,0.0499999999999545,0.1721305,-0.3221305000000455,-10147.110750001433,1.0,2026-05-13,1202.25,1203.0,1201.0,0.0,1206.6,1206.65,1201.8,0.0,2026,0.0,0.0,0.0,0.0,0.0,0.0,0.0,0.0,0.0,0.0,0.0,0.0,0.0,0.0,0.0,1.0,1.0,2.0,0,11,2,5,6.341416693409197,0.9963633012676628,3.2335437015116417,0.9963633012676628,0.0036366987323372,0.0001220711722234,0.0001614303509715,0.0015637920331067,True,65.96627073879829,0.8775901991586162,1.0200713109373136,0.8775901991586162,0.1224098008413837,0.0004206669325156,0.0004862525566535,0.0027121599464148,True,20.69228083685645,0.0431093045833395,-1.6808259162176498,0.0431093045833395,0.9568906954166604,0.0009687718909271,0.0011629432216122,0.0033611399442397,True,13.3837356960928,0.9638989194667332,1.9950907876747688,0.9638989194667332,0.0361010805332666,0.002157609543261,0.0024258856656373,0.0046617046181543,True,0.0036366987323372,0.9963633012676628,3.2335437015116417,0.1224098008413837,0.8775901991586162,1.0200713109373136,0.9568906954166604,0.0431093045833395,-1.6808259162176498,0.0361010805332666,0.9638989194667332,1.9950907876747688,1,0,0,0.0,1,1,1,1,,0,1,1,0,1,0,0,1.0,1.0,0.0,0.0,0.0,,-0.9927266025353256,3.2335437015116417,-0.7551803983172325,1.0200713109373136,0.9137813908333209,1.6808259162176498,-0.9277978389334667,1.9950907876747688,0.50914,0.5032499880173319,0.58419645
2026-05-13 11:30:00,2026-05-13 12:00:00,1,1202.15,1200.65,pivot,-1.5,0.172084,-1.8720839999999999,-58970.64599999999,1.0,2026-05-13,1206.6,1206.65,1201.8,0.0,1201.75,1203.55,1198.3,0.0,2026,0.0,0.0,0.0,0.0,0.0,0.0,0.0,0.0,0.0,0.0,0.0,0.0,0.0,0.0,0.0,1.0,2.0,2.0,0,11,2,5,216.87260415597945,0.7392198946635801,0.4822444810934641,0.7392198946635801,0.2607801053364199,0.0001220711722234,0.0001614303509715,0.0015637920331067,True,37.55539271749672,0.9431445978660796,1.496286204880997,0.9431445978660796,0.0568554021339203,0.0004206669325156,0.0004862525566535,0.0027121599464148,True,48.23348467991051,0.8803639617349411,1.1179626199621433,0.8803639617349411,0.1196360382650588,0.0009687718909271,0.0011629432216122,0.0033611399442397,True,5.958650967816203,0.9812901304057832,2.417528342209457,0.9812901304057832,0.0187098695942169,0.002157609543261,0.0024258856656373,0.0046617046181543,True,0.7392198946635801,0.2607801053364199,-0.4822444810934641,0.9431445978660796,0.0568554021339203,-1.496286204880997,0.8803639617349411,0.1196360382650588,-1.1179626199621433,0.9812901304057832,0.0187098695942169,-2.417528342209457,1,0,0,0.0,1,1,1,1,,0,1,1,0,0,0,0,1.0,1.0,0.0,0.0,0.0,,0.4784397893271602,0.4822444810934641,0.8862891957321594,1.496286204880997,0.7607279234698824,1.1179626199621433,0.9625802608115662,2.417528342209457,0.50914,0.5489268916755906,0.5798338
2026-05-13 12:00:00,2026-05-13 12:25:00,-1,1200.65,1204.95,pivot,-4.2999999999999545,0.172168,-4.672167999999954,-147173.29199999856,1.0,2026-05-13,1201.75,1203.55,1198.3,0.0,1204.3,1205.45,1203.35,0.0,2026,0.0,0.0,0.0,0.0,0.0,0.0,0.0,0.0,0.0,0.0,0.0,0.0,0.0,0.0,0.0,1.0,1.0,2.0,0,12,2,5,17.030734264021035,0.0238420480121446,-1.941143143899864,0.0238420480121446,0.9761579519878554,0.0001563413261212,0.0001342007848141,0.0022508428428869,True,69.34615887238698,0.1735094741196798,-0.7648591696058091,0.1735094741196798,0.8264905258803201,0.0004022673686253,0.0004032378048513,0.0038413521400987,True,97.97844097563367,0.3796070527962908,-0.236924143088871,0.3796070527962908,0.6203929472037091,0.0009088040518724,0.0009711022264064,0.0051523554686756,True,61.9379589023352,0.687470649001955,0.3779524811119384,0.687470649001955,0.312529350998045,0.0020333377015545,0.0022241274420573,0.0064739075467352,True,0.9761579519878554,0.0238420480121446,-1.941143143899864,0.8264905258803201,0.1735094741196798,-0.7648591696058091,0.6203929472037091,0.3796070527962908,-0.236924143088871,0.312529350998045,0.687470649001955,0.3779524811119384,1,0,0,0.0,1,1,1,1,,0,1,0,1,1,0,0,1.0,1.0,0.0,0.0,0.0,,0.9523159039757108,1.941143143899864,0.6529810517606404,0.7648591696058091,0.24078589440741827,0.236924143088871,-0.37494129800390996,0.3779524811119384,0.50914,0.5011025591996634,0.580493
2026-05-13 12:50:00,2026-05-13 13:45:00,1,1209.35,1214.5,pivot,5.150000000000091,0.1727155,4.777284500000091,150484.46175000287,1.0,2026-05-13,1209.25,1209.7,1206.7,0.0,1215.35,1216.0,1212.35,0.0,2026,0.0,0.0,0.0,0.0,0.0,0.0,0.0,0.0,0.0,0.0,0.0,0.0,0.0,0.0,0.0,1.0,1.0,2.0,1,12,2,5,191.7372703174371,0.7716278470915295,0.584202886652744,0.7716278470915295,0.2283721529084704,0.0001220711722234,0.0001614303509715,0.0015637920331067,True,34.85748901083955,0.9480509203293488,1.5464790730368458,0.9480509203293488,0.0519490796706513,0.0004206669325156,0.0004862525566535,0.0027121599464148,True,38.149919489326834,0.9074237021920096,1.3060640410522495,0.9074237021920096,0.0925762978079902,0.0009687718909271,0.0011629432216122,0.0033611399442397,True,104.608040744496,0.3664276098628675,-0.3252766542554601,0.3664276098628675,0.6335723901371324,0.002157609543261,0.0024258856656373,0.0046617046181543,True,0.7716278470915295,0.2283721529084704,-0.584202886652744,0.9480509203293488,0.0519490796706513,-1.5464790730368458,0.9074237021920096,0.0925762978079902,-1.3060640410522495,0.3664276098628675,0.6335723901371324,0.3252766542554601,1,0,0,0.0,1,1,1,1,,0,1,0,1,1,0,0,1.0,1.0,0.0,0.0,0.0,,0.5432556941830591,0.584202886652744,0.8961018406586975,1.5464790730368458,0.8148474043840195,1.3060640410522495,-0.2671447802742649,0.3252766542554601,0.50914,0.5011025591996634,0.6125483
2026-05-14 10:25:00,2026-05-14 10:30:00,1,1242.35,1245.45,pivot,3.1000000000001364,0.174634,2.7253660000001356,85849.02900000427,1.0,2026-05-14,1245.35,1245.45,1241.15,0.0,1245.9,1247.7,1244.4,0.0,2026,0.0,0.0,0.0,0.0,0.0,0.0,0.0,0.0,0.0,0.0,0.0,0.0,0.0,0.0,0.0,1.0,1.0,2.0,1,10,3,5,0.4807584501014721,0.0045938047569673,-3.657431022210672,0.0045938047569673,0.9954061952430326,0.0001220711722234,0.0001614303509715,0.0015637920331067,True,44.828575624919374,0.0857607910016086,-1.2053601747853198,0.0857607910016086,0.9142392089983914,0.0004206669325156,0.0004862525566535,0.0027121599464148,True,71.76376472801087,0.1514336174190204,-0.8622399097211907,0.1514336174190204,0.8485663825809795,0.0009687718909271,0.0011629432216122,0.0033611399442397,True,61.81265838631003,0.76916809642601,0.5827384998648865,0.76916809642601,0.2308319035739899,0.002157609543261,0.0024258856656373,0.0046617046181543,True,0.0045938047569673,0.9954061952430326,3.657431022210672,0.0857607910016086,0.9142392089983914,1.2053601747853198,0.1514336174190204,0.8485663825809795,0.8622399097211907,0.76916809642601,0.2308319035739899,-0.5827384998648865,1,0,0,0.0,1,1,1,1,,0,1,1,0,1,0,0,1.0,1.0,0.0,0.0,0.0,,-0.9908123904860654,3.657431022210672,-0.8284784179967828,1.2053601747853198,-0.6971327651619591,0.8622399097211907,0.5383361928520202,0.5827384998648865,0.5173392,0.5345218315289454,0.65993565
2026-05-14 10:30:00,2026-05-14 10:50:00,1,1245.45,1241.35,pivot,-4.100000000000136,0.174604,-4.474604000000137,-140950.02600000432,1.0,2026-05-14,1245.9,1247.7,1244.4,0.0,1236.85,1242.55,1236.75,0.0,2026,0.0,0.0,0.0,0.0,0.0,0.0,0.0,0.0,0.0,0.0,0.0,0.0,0.0,0.0,0.0,1.0,1.0,2.0,0,10,3,5,26.50510318223937,0.9742670130295804,1.9765610715367283,0.9742670130295804,0.0257329869704197,0.0001300778662668,0.0001739972010288,0.0016458282436628,True,158.03494508421653,0.2768005154479581,-0.4494261643209692,0.2768005154479581,0.723199484552042,0.0004593933437559,0.0005290086209425,0.0027885295792093,True,66.87624009005181,0.153846802755712,-0.8459458075908729,0.153846802755712,0.846153197244288,0.0009864865853135,0.0011599168042025,0.003510281749461,True,41.7817879091516,0.8375715030669658,0.7929490199143727,0.8375715030669658,0.1624284969330341,0.0021790733647819,0.0026093807385957,0.0048570242325007,True,0.9742670130295804,0.0257329869704197,-1.9765610715367283,0.2768005154479581,0.723199484552042,0.4494261643209692,0.153846802755712,0.846153197244288,0.8459458075908729,0.8375715030669658,0.1624284969330341,-0.7929490199143727,1,0,0,0.0,1,1,1,1,,0,1,1,0,1,0,0,1.0,1.0,0.0,0.0,0.0,,0.9485340260591607,1.9765610715367283,-0.4463989691040839,0.4494261643209692,-0.6923063944885759,0.8459458075908729,0.6751430061339317,0.7929490199143727,0.5173392,0.5345218315289454,0.6485266
2026-05-14 10:50:00,2026-05-14 11:15:00,-1,1241.35,1234.3,pivot,7.0499999999999545,0.1742695,6.675730499999954,210285.51074999856,1.0,2026-05-14,1236.85,1242.55,1236.75,0.0,1232.75,1235.65,1232.55,0.0,2026,0.0,0.0,0.0,0.0,0.0,0.0,0.0,0.0,0.0,0.0,0.0,0.0,0.0,0.0,0.0,1.0,1.0,1.0,1,10,3,5,15.18664120658208,0.0278050300752399,-2.0565865368751624,0.0278050300752399,0.97219496992476,0.0001300778662668,0.0001739972010288,0.0016458282436628,True,118.48335527164244,0.2039851655763525,-0.636325988110681,0.2039851655763525,0.7960148344236475,0.0004593933437559,0.0005290086209425,0.0027885295792093,True,111.06344984234622,0.23604339360647,-0.582264521207712,0.23604339360647,0.7639566063935299,0.0009864865853135,0.0011599168042025,0.003510281749461,True,103.32007094640048,0.5895185269480833,0.0844400902212051,0.5895185269480833,0.4104814730519167,0.0021790733647819,0.0026093807385957,0.0048570242325007,True,0.97219496992476,0.0278050300752399,-2.0565865368751624,0.7960148344236475,0.2039851655763525,-0.636325988110681,0.7639566063935299,0.23604339360647,-0.582264521207712,0.4104814730519167,0.5895185269480833,0.0844400902212051,1,0,0,0.0,1,1,1,1,,0,1,1,0,1,0,0,1.0,1.0,0.0,0.0,0.0,,0.94438993984952,2.0565865368751624,0.592029668847295,0.636325988110681,0.5279132127870599,0.582264521207712,-0.1790370538961666,0.0844400902212051,0.5075804,0.5106550274582812,0.6353401
2026-05-14 11:50:00,2026-05-14 11:55:00,1,1226.75,1226.7,pivot,-0.0499999999999545,0.1736035,-0.42360349999995456,-13343.510249998568,1.0,2026-05-14,1226.55,1229.5,1225.75,0.0,1224.75,1226.8,1223.6,0.0,2026,0.0,0.0,0.0,0.0,0.0,0.0,0.0,0.0,0.0,0.0,0.0,0.0,0.0,0.0,0.0,1.0,1.0,0.0,0,11,3,5,165.1421806376979,0.2328714776503139,-0.5280041623679403,0.2328714776503139,0.7671285223496861,0.0001563413261212,0.0001342007848141,0.0022508428428869,True,81.53087819064653,0.2030017159560247,-0.6641198237371689,0.2030017159560247,0.7969982840439753,0.0004022673686253,0.0004032378048513,0.0038413521400987,True,75.84735559313029,0.2657459224848582,-0.4874585650936083,0.2657459224848582,0.7342540775151418,0.0009088040518724,0.0009711022264064,0.0051523554686756,True,5.868818722264813,0.0360595846867932,-1.759567755175241,0.0360595846867932,0.9639404153132068,0.0020333377015545,0.0022241274420573,0.0064739075467352,True,0.2328714776503139,0.7671285223496861,0.5280041623679403,0.2030017159560247,0.7969982840439753,0.6641198237371689,0.2657459224848582,0.7342540775151418,0.4874585650936083,0.0360595846867932,0.9639404153132068,1.759567755175241,1,0,0,0.0,1,1,1,1,,0,1,1,0,1,0,0,1.0,1.0,0.0,0.0,0.0,,-0.5342570446993722,0.5280041623679403,-0.5939965680879506,0.6641198237371689,-0.46850815503028365,0.4874585650936083,-0.9278808306264137,1.759567755175241,0.50965536,0.5650935309404328,0.59730136
2026-05-14 11:55:00,2026-05-14 12:25:00,1,1226.7,1230.35,pivot,3.649999999999864,0.1737115,3.2762884999998634,103203.0877499957,1.0,2026-05-14,1224.75,1226.8,1223.6,0.0,1231.7,1233.85,1230.35,0.0,2026,0.0,0.0,0.0,0.0,0.0,0.0,0.0,0.0,0.0,0.0,0.0,0.0,0.0,0.0,0.0,1.0,1.0,0.0,1,11,3,5,12.027983551649587,0.0162348263988869,-2.1826425465004458,0.0162348263988869,0.983765173601113,-0.000110413105679,-8.032602477331566e-05,0.0020123849599327,True,17.045659765633935,0.0460998530403799,-1.690902952228966,0.0460998530403799,0.95390014695962,-0.0002438509837386,-0.0002531376731421,0.0038374916548573,True,48.70375220651015,0.1712203709634598,-0.7593996055144635,0.1712203709634598,0.8287796290365401,-0.0004756162747039,-0.0004235749381016,0.0056524339104191,True,10.69553524940225,0.0617266376314679,-1.4101243430739792,0.0617266376314679,0.938273362368532,-0.0013271035036923,-0.0008623558110632,0.0076343952782248,True,0.0162348263988869,0.983765173601113,2.1826425465004458,0.0460998530403799,0.95390014695962,1.690902952228966,0.1712203709634598,0.8287796290365401,0.7593996055144635,0.0617266376314679,0.938273362368532,1.4101243430739792,1,0,0,0.0,1,1,1,1,,0,1,1,0,1,0,0,1.0,1.0,0.0,0.0,0.0,,-0.9675303472022262,2.1826425465004458,-0.9078002939192401,1.690902952228966,-0.6575592580730804,0.7593996055144635,-0.8765467247370641,1.4101243430739792,0.50965536,0.5650935309404328,0.5606624
2026-05-15 10:30:00,2026-05-15 10:35:00,-1,1228.1,1227.95,pivot,0.1499999999998635,0.1736815,-0.22368150000013645,-7045.967250004298,1.0,2026-05-15,1227.95,1228.6,1225.2,0.0,1231.8,1234.75,1227.95,0.0,2026,0.0,0.0,0.0,0.0,0.0,0.0,0.0,0.0,0.0,0.0,0.0,0.0,0.0,0.0,0.0,1.0,0.0,0.0,0,10,4,5,107.28866742783372,0.1390352589391001,-0.8854153446040687,0.1390352589391001,0.8609647410608998,-0.000110413105679,-8.032602477331566e-05,0.0020123849599327,True,67.338744441595,0.1733842617720852,-0.7563097617725699,0.1733842617720852,0.8266157382279147,-0.0002438509837386,-0.0002531376731421,0.0038374916548573,True,20.18735201574481,0.0797382590508793,-1.2533776896352578,0.0797382590508793,0.9202617409491206,-0.0004756162747039,-0.0004235749381016,0.0056524339104191,True,4.139834014278703,0.0292388528280053,-2.1026067616783672,0.0292388528280053,0.9707611471719946,-0.0013271035036923,-0.0008623558110632,0.0076343952782248,True,0.8609647410608998,0.1390352589391001,-0.8854153446040687,0.8266157382279147,0.1733842617720852,-0.7563097617725699,0.9202617409491206,0.0797382590508793,-1.2533776896352578,0.9707611471719946,0.0292388528280053,-2.1026067616783672,1,0,0,0.0,1,1,1,1,,0,1,1,0,0,1,0,1.0,1.0,0.0,0.0,0.0,,0.7219294821217997,0.8854153446040687,0.6532314764558295,0.7563097617725699,0.8405234818982413,1.2533776896352578,0.9415222943439893,2.1026067616783672,0.51653606,0.7687970036496027,0.5193757
2026-05-15 11:25:00,2026-05-15 11:50:00,-1,1201.45,1205.7,pivot,-4.25,0.1722145,-4.6222145,-145599.75675,1.0,2026-05-15,1195.15,1206.8,1194.05,0.0,1205.7,1211.3,1204.4,0.0,2026,0.0,0.0,0.0,0.0,0.0,0.0,0.0,0.0,0.0,0.0,0.0,0.0,0.0,0.0,0.0,1.0,0.0,0.0,0,11,4,5,122.53999690140154,0.2913557495520252,-0.4086170522675383,0.2913557495520252,0.7086442504479747,-0.0002661648747661,-0.0001463516317855,0.0038440551305893,True,4.010298754875866,0.0249795722166903,-2.032173668873762,0.0249795722166903,0.9750204277833096,-0.0005817526714248,-0.0004967132661988,0.0063528523425207,True,1.4001842993434206,0.0130181794747908,-2.8937515448793887,0.0130181794747908,0.9869818205252092,-0.0013770214074746,-0.0013519652801901,0.008144654226047,True,0.6160943309302865,0.0143838500088377,-2.948699372542443,0.0143838500088377,0.9856161499911622,-0.0030123610274504,-0.0037396713415324,0.0108651208129153,True,0.7086442504479747,0.2913557495520252,-0.4086170522675383,0.9750204277833096,0.0249795722166903,-2.032173668873762,0.9869818205252092,0.0130181794747908,-2.8937515448793887,0.9856161499911622,0.0143838500088377,-2.948699372542443,1,0,0,0.0,1,1,1,1,,0,1,1,0,0,1,0,1.0,1.0,0.0,0.0,0.0,,0.41728850089594954,0.4086170522675383,0.9500408555666192,2.032173668873762,0.9739636410504184,2.8937515448793887,0.9712322999823245,2.948699372542443,0.5258985,0.7696948210962681,0.5132804
2026-05-15 11:50:00,2026-05-15 12:25:00,1,1205.7,1196.9,pivot,-8.799999999999955,0.172078,-9.172077999999955,-288920.4569999986,1.0,2026-05-15,1205.7,1211.3,1204.4,0.0,1196.8,1199.45,1196.4,0.0,2026,0.0,0.0,0.0,0.0,0.0,0.0,0.0,0.0,0.0,0.0,0.0,0.0,0.0,0.0,0.0,1.0,1.0,0.0,0,11,4,5,30.55578356663334,0.9328979534034942,1.2156515107320844,0.9328979534034942,0.0671020465965057,-0.0002661648747661,-0.0001463516317855,0.0038440551305893,True,11.633676357508556,0.9517828998770766,1.5920996270049343,0.9517828998770766,0.0482171001229233,-0.0005817526714248,-0.0004967132661988,0.0063528523425207,True,12.952217522841371,0.9287542474400752,1.372535431680627,0.9287542474400752,0.0712457525599247,-0.0013770214074746,-0.0013519652801901,0.008144654226047,True,8.550365621282129,0.0700321829434072,-1.4234940153879148,0.0700321829434072,0.9299678170565928,-0.0030123610274504,-0.0037396713415324,0.0108651208129153,True,0.9328979534034942,0.0671020465965057,-1.2156515107320844,0.9517828998770766,0.0482171001229233,-1.5920996270049343,0.9287542474400752,0.0712457525599247,-1.372535431680627,0.0700321829434072,0.9299678170565928,1.4234940153879148,1,0,0,0.0,1,1,1,1,,0,1,1,0,1,0,0,1.0,1.0,0.0,0.0,0.0,,0.8657959068069885,1.2156515107320844,0.9035657997541533,1.5920996270049343,0.8575084948801505,1.372535431680627,-0.8599356341131856,1.4234940153879148,0.50965536,0.5609885637174098,0.5372082
2026-05-15 12:25:00,2026-05-15 12:50:00,-1,1196.9,1203.55,pivot,-6.649999999999864,0.1720134999999999,-7.022013499999863,-221193.4252499957,1.0,2026-05-15,1196.8,1199.45,1196.4,0.0,1201.75,1204.15,1200.0,0.0,2026,0.0,0.0,0.0,0.0,0.0,0.0,0.0,0.0,0.0,0.0,0.0,0.0,0.0,0.0,0.0,1.0,1.0,0.0,0,12,4,5,152.03115400061992,0.6094172265371158,0.1523947868202397,0.6094172265371158,0.3905827734628841,-0.0002269615933968,-0.000155681224693,0.0040312993911495,True,94.07695140346404,0.602004936665103,0.1690126622447177,0.602004936665103,0.397995063334897,-0.0004650223181095,-0.0005211663351293,0.0065377459996741,True,45.89899093380891,0.2574303122768744,-0.4500875848432677,0.2574303122768744,0.7425696877231256,-0.0012053369340164,-0.0014128033611818,0.0085928716626048,True,22.82755703753424,0.8493380299336378,0.8378094445852411,0.8493380299336378,0.1506619700663621,-0.0031352397907084,-0.00425845309321,0.0116189703312919,True,0.3905827734628841,0.6094172265371158,0.1523947868202397,0.397995063334897,0.602004936665103,0.1690126622447177,0.7425696877231256,0.2574303122768744,-0.4500875848432677,0.1506619700663621,0.8493380299336378,0.8378094445852411,1,0,0,0.0,1,1,1,1,,0,1,0,1,1,0,0,1.0,1.0,0.0,0.0,0.0,,-0.21883445307423172,0.1523947868202397,-0.20400987333020604,0.1690126622447177,0.4851393754462512,0.4500875848432677,-0.6986760598672758,0.8378094445852411,0.50965536,0.5189918327426458,0.5719621
2026-05-15 13:25:00,2026-05-15 13:50:00,1,1185.3,1178.65,pivot,-6.649999999999864,0.1709185,-7.020918499999864,-221158.9327499957,1.0,2026-05-15,1185.35,1189.5,1181.65,0.0,1176.5,1179.6,1174.7,0.0,2026,0.0,0.0,0.0,0.0,0.0,0.0,0.0,0.0,0.0,0.0,0.0,0.0,0.0,0.0,0.0,1.0,1.0,0.0,0,13,4,5,40.448985371548375,0.0936614161997948,-0.9822878880284058,0.0936614161997948,0.9063385838002052,-0.0002269615933968,-0.000155681224693,0.0040312993911495,True,35.79067825500842,0.150584134547806,-0.7675912378654445,0.150584134547806,0.8494158654521939,-0.0004650223181095,-0.0005211663351293,0.0065377459996741,True,10.076292176406248,0.0650828692603464,-1.3342738450017528,0.0650828692603464,0.9349171307396535,-0.0012053369340164,-0.0014128033611818,0.0085928716626048,True,27.78354970426601,0.2469682673414767,-0.4445749421434833,0.2469682673414767,0.7530317326585233,-0.0031352397907084,-0.00425845309321,0.0116189703312919,True,0.0936614161997948,0.9063385838002052,0.9822878880284058,0.150584134547806,0.8494158654521939,0.7675912378654445,0.0650828692603464,0.9349171307396535,1.3342738450017528,0.2469682673414767,0.7530317326585233,0.4445749421434833,1,0,0,0.0,1,1,1,1,,0,1,0,1,1,0,0,1.0,1.0,0.0,0.0,0.0,,-0.8126771676004103,0.9822878880284058,-0.6988317309043879,0.7675912378654445,-0.8698342614793071,1.3342738450017528,-0.5060634653170466,0.4445749421434833,0.50965536,0.5189918327426458,0.56511796
2026-05-15 13:50:00,2026-05-15 13:55:00,1,1178.65,1176.55,pivot,-2.1000000000001364,0.170656,-2.4706560000001363,-77825.6640000043,1.0,2026-05-15,1176.5,1179.6,1174.7,0.0,1173.25,1176.8,1171.7,0.0,2026,0.0,0.0,0.0,0.0,0.0,0.0,0.0,0.0,0.0,0.0,0.0,0.0,0.0,0.0,0.0,1.0,0.0,0.0,0,13,4,5,60.92570782928947,0.1337081192271739,-0.7874616402282903,0.1337081192271739,0.866291880772826,-0.0002269615933968,-0.000155681224693,0.0040312993911495,True,95.52610986993466,0.4465535878478081,-0.0752102736009904,0.4465535878478081,0.5534464121521919,-0.0004650223181095,-0.0005211663351293,0.0065377459996741,True,31.42435486895271,0.171671283300998,-0.7069851193690273,0.171671283300998,0.8283287166990019,-0.0012053369340164,-0.0014128033611818,0.0085928716626048,True,18.268445235911937,0.1621079098430333,-0.7635104715904363,0.1621079098430333,0.8378920901569666,-0.0031352397907084,-0.00425845309321,0.0116189703312919,True,0.1337081192271739,0.866291880772826,0.7874616402282903,0.4465535878478081,0.5534464121521919,0.0752102736009904,0.171671283300998,0.8283287166990019,0.7069851193690273,0.1621079098430333,0.8378920901569666,0.7635104715904363,1,0,0,0.0,1,1,1,1,,0,1,0,1,0,1,0,1.0,1.0,0.0,0.0,0.0,,-0.7325837615456521,0.7874616402282903,-0.10689282430438385,0.0752102736009904,-0.6566574333980039,0.7069851193690273,-0.6757841803139333,0.7635104715904363,0.5258985,0.7709621513619858,0.548333
2026-05-15 13:55:00,2026-05-15 14:20:00,1,1176.55,1178.35,pivot,1.7999999999999543,0.170647,1.4293529999999546,45024.61949999857,1.0,2026-05-15,1173.25,1176.8,1171.7,0.0,1174.45,1181.85,1174.25,0.0,2026,0.0,0.0,0.0,0.0,0.0,0.0,0.0,0.0,0.0,0.0,0.0,0.0,0.0,0.0,0.0,1.0,0.0,0.0,1,13,4,5,29.495508141211552,0.0731272390817806,-1.1267441436398835,0.0731272390817806,0.9268727609182194,-0.0002269615933968,-0.000155681224693,0.0040312993911495,True,28.139448039876708,0.1193082572689773,-0.9163341507017744,0.1193082572689773,0.8806917427310227,-0.0004650223181095,-0.0005211663351293,0.0065377459996741,True,28.23120538948501,0.154106756221746,-0.7747559925019953,0.154106756221746,0.845893243778254,-0.0012053369340164,-0.0014128033611818,0.0085928716626048,True,6.731072844116476,0.0705640103149754,-1.4364247329627158,0.0705640103149754,0.9294359896850244,-0.0031352397907084,-0.00425845309321,0.0116189703312919,True,0.0731272390817806,0.9268727609182194,1.1267441436398835,0.1193082572689773,0.8806917427310227,0.9163341507017744,0.154106756221746,0.845893243778254,0.7747559925019953,0.0705640103149754,0.9294359896850244,1.4364247329627158,1,0,0,0.0,1,1,1,1,,0,1,0,1,0,1,0,1.0,1.0,0.0,0.0,0.0,,-0.8537455218364387,1.1267441436398835,-0.7613834854620454,0.9163341507017744,-0.6917864875565081,0.7747559925019953,-0.858871979370049,1.4364247329627158,0.5258985,0.7709621513619858,0.51195246
2026-05-18 14:20:00,2026-05-18 14:55:00,1,1163.0,1181.7,pivot,18.700000000000045,0.170341,18.329659000000046,577384.2585000014,1.0,2026-05-18,1169.95,1170.45,1162.9,0.0,1175.85,1182.1,1174.3,0.0,2026,0.0,0.0,0.0,0.0,0.0,0.0,0.0,0.0,0.0,0.0,0.0,0.0,0.0,0.0,0.0,1.0,1.0,0.0,1,14,0,5,3.1586759978549304,0.0025036876966919,-4.097721025623479,0.0025036876966919,0.997496312303308,-0.000129578629577,-0.0001824955778487,0.0018124594032069,True,60.73353436353172,0.1484379292810896,-0.8686643285796047,0.1484379292810896,0.8515620707189103,-0.0003405961614318,-0.000463002786633,0.0031944451131297,True,44.40916180052872,0.1474560343804307,-0.8345082256697239,0.1474560343804307,0.8525439656195692,-0.000571183683318,-0.000559850241861,0.0044827183845653,True,5.649741899510564,0.0289269891155622,-2.144333152050461,0.0289269891155622,0.9710730108844378,-0.0007087850191918,-0.0006462799455739,0.0054736149726315,True,0.0025036876966919,0.997496312303308,4.097721025623479,0.1484379292810896,0.8515620707189103,0.8686643285796047,0.1474560343804307,0.8525439656195692,0.8345082256697239,0.0289269891155622,0.9710730108844378,2.144333152050461,1,0,0,0.0,1,1,1,1,,0,1,0,1,1,0,0,1.0,1.0,0.0,0.0,0.0,,-0.9949926246066162,4.097721025623479,-0.7031241414378208,0.8686643285796047,-0.7050879312391385,0.8345082256697239,-0.9421460217688755,2.144333152050461,0.50965536,0.5186458786432009,0.54406714
2026-05-19 10:45:00,2026-05-19 11:25:00,1,1133.05,1119.7,pivot,-13.349999999999907,0.1675825,-13.717582499999912,-432103.8487499972,1.0,2026-05-19,1125.35,1134.55,1124.9,0.0,1121.8,1125.7,1118.9,0.0,2026,0.0,0.0,0.0,0.0,0.0,0.0,0.0,0.0,0.0,0.0,0.0,0.0,0.0,0.0,0.0,1.0,0.0,0.0,0,10,1,5,22.658833908730237,0.9651098901413172,1.89420789506605,0.9651098901413172,0.0348901098586827,-0.0002489959705932,-0.0002785510829892,0.0021534007647523,True,21.46312954597365,0.9457292025889285,1.399894826686544,0.9457292025889285,0.0542707974110716,-0.0006915793247465,-0.0008407914987825,0.0036317580719136,True,25.135160594696377,0.1062523275602153,-1.1247026995651257,0.1062523275602153,0.8937476724397846,-0.0012071125204979,-0.0016017462979116,0.0047506165829724,True,12.398006398707388,0.0657171348966432,-1.5949881728643365,0.0657171348966432,0.9342828651033568,-0.0022007238582214,-0.0027994441102209,0.0059131356858564,True,0.9651098901413172,0.0348901098586827,-1.89420789506605,0.9457292025889285,0.0542707974110716,-1.399894826686544,0.1062523275602153,0.8937476724397846,1.1247026995651257,0.0657171348966432,0.9342828651033568,1.5949881728643365,1,0,0,0.0,1,1,1,1,,0,1,1,0,0,1,0,1.0,1.0,0.0,0.0,0.0,,0.9302197802826345,1.89420789506605,0.8914584051778569,1.399894826686544,-0.7874953448795693,1.1247026995651257,-0.8685657302067136,1.5949881728643365,0.53326404,0.7763436742449398,0.61745006
2026-05-19 11:25:00,2026-05-19 11:50:00,1,1119.7,1127.25,pivot,7.549999999999954,0.1674085,7.182591499999955,226251.63224999857,1.0,2026-05-19,1121.8,1125.7,1118.9,0.0,1131.65,1132.05,1125.1,0.0,2026,0.0,0.0,0.0,0.0,0.0,0.0,0.0,0.0,0.0,0.0,0.0,0.0,0.0,0.0,0.0,1.0,1.0,0.0,1,11,1,5,6.0439292227727845,0.9794301937337628,2.0026389776017663,0.9794301937337628,0.0205698062662372,-0.0002269615933968,-0.000155681224693,0.0040312993911495,True,32.478397375145335,0.8668117159477114,0.8175229879165206,0.8668117159477114,0.1331882840522885,-0.0004650223181095,-0.0005211663351293,0.0065377459996741,True,62.58290633416341,0.3938643757277025,-0.1617911614578936,0.3938643757277025,0.6061356242722975,-0.0012053369340164,-0.0014128033611818,0.0085928716626048,True,30.73578874170179,0.2723535081803983,-0.3704256587575296,0.2723535081803983,0.7276464918196017,-0.0031352397907084,-0.00425845309321,0.0116189703312919,True,0.9794301937337628,0.0205698062662372,-2.0026389776017663,0.8668117159477114,0.1331882840522885,-0.8175229879165206,0.3938643757277025,0.6061356242722975,0.1617911614578936,0.2723535081803983,0.7276464918196017,0.3704256587575296,1,0,0,0.0,1,1,1,1,,0,1,1,0,1,0,0,1.0,1.0,0.0,0.0,0.0,,0.9588603874675257,2.0026389776017663,0.7336234318954229,0.8175229879165206,-0.212271248544595,0.1617911614578936,-0.45529298363920345,0.3704256587575296,0.50965536,0.575470097907547,0.5966815
2026-05-19 12:15:00,2026-05-19 13:10:00,1,1136.45,1132.2,pivot,-4.25,0.1680595,-4.6180595,-145468.87425,1.0,2026-05-19,1138.6,1138.8,1134.45,0.0,1131.5,1134.6,1130.95,0.0,2026,0.0,0.0,0.0,0.0,0.0,0.0,0.0,0.0,0.0,0.0,0.0,0.0,0.0,0.0,0.0,1.0,2.0,1.0,0,12,1,5,37.26072663922116,0.9131855016259404,1.0036160228020918,0.9131855016259404,0.0868144983740597,-0.0002269615933968,-0.000155681224693,0.0040312993911495,True,83.80623093855417,0.6759928764935932,0.2958255766512639,0.6759928764935932,0.3240071235064068,-0.0004650223181095,-0.0005211663351293,0.0065377459996741,True,12.26398187679484,0.932713670640364,1.3254715707049496,0.932713670640364,0.0672863293596358,-0.0012053369340164,-0.0014128033611818,0.0085928716626048,True,4.728703118140138,0.9776468621242532,1.8333087392030116,0.9776468621242532,0.0223531378757467,-0.0031352397907084,-0.00425845309321,0.0116189703312919,True,0.9131855016259404,0.0868144983740597,-1.0036160228020918,0.6759928764935932,0.3240071235064068,-0.2958255766512639,0.932713670640364,0.0672863293596358,-1.3254715707049496,0.9776468621242532,0.0223531378757467,-1.8333087392030116,1,0,0,0.0,1,1,1,1,,0,1,0,1,0,0,0,1.0,1.0,0.0,0.0,0.0,,0.8263710032518806,1.0036160228020918,0.3519857529871864,0.2958255766512639,0.8654273412807283,1.3254715707049496,0.9552937242485066,1.8333087392030116,0.50031275,0.5547436320536515,0.5832237
2026-05-20 11:45:00,2026-05-20 12:05:00,-1,1105.2,1111.65,pivot,-6.4500000000000455,0.1665055,-6.816505500000046,-214719.92325000145,1.0,2026-05-20,1112.15,1115.5,1104.6,0.0,1116.8,1117.65,1111.05,0.0,2026,0.0,0.0,0.0,0.0,0.0,0.0,0.0,0.0,0.0,0.0,0.0,0.0,0.0,0.0,0.0,1.0,1.0,0.0,0,11,2,5,78.65253837583766,0.8270676308244038,0.6184038425074138,0.8270676308244038,0.1729323691755961,-0.0002269615933968,-0.000155681224693,0.0040312993911495,True,1.2161420551826996,0.0070035429507512,-3.644613008350268,0.0070035429507512,0.9929964570492488,-0.0004650223181095,-0.0005211663351293,0.0065377459996741,True,4.218972253961897,0.0399081703355391,-1.7836842209169623,0.0399081703355391,0.9600918296644608,-0.0012053369340164,-0.0014128033611818,0.0085928716626048,True,50.942581621475775,0.5112738736831361,0.1157161214802959,0.5112738736831361,0.4887261263168638,-0.0031352397907084,-0.00425845309321,0.0116189703312919,True,0.1729323691755961,0.8270676308244038,0.6184038425074138,0.9929964570492488,0.0070035429507512,-3.644613008350268,0.9600918296644608,0.0399081703355391,-1.7836842209169623,0.4887261263168638,0.5112738736831361,0.1157161214802959,1,0,0,0.0,1,1,1,1,,0,1,1,0,1,0,0,1.0,1.0,0.0,0.0,0.0,,-0.6541352616488078,0.6184038425074138,0.9859929140984975,3.644613008350268,0.9201836593289218,1.7836842209169623,-0.022547747366272353,0.1157161214802959,0.50965536,0.574689309538614,0.5971661
2026-05-20 12:30:00,2026-05-20 12:35:00,1,1110.0,1108.15,pivot,-1.849999999999909,0.1665445,-2.2165444999999093,-69821.15174999714,1.0,2026-05-20,1108.4,1110.6,1105.45,0.0,1111.5,1114.6,1107.8,0.0,2026,0.0,0.0,0.0,0.0,0.0,0.0,0.0,0.0,0.0,0.0,0.0,0.0,0.0,0.0,0.0,1.0,1.0,0.0,0,12,2,5,26.72152938778981,0.067857999302677,-1.1725221395686816,0.067857999302677,0.9321420006973228,-0.0002269615933968,-0.000155681224693,0.0040312993911495,True,6.067076880593759,0.0349191213494351,-1.780521590667255,0.0349191213494351,0.9650808786505648,-0.0004650223181095,-0.0005211663351293,0.0065377459996741,True,34.8913774254603,0.1910508878043581,-0.6397178050415032,0.1910508878043581,0.8089491121956419,-0.0012053369340164,-0.0014128033611818,0.0085928716626048,True,1.5534499400271111,0.0236935470262938,-2.536574511343895,0.0236935470262938,0.976306452973706,-0.0031352397907084,-0.00425845309321,0.0116189703312919,True,0.067857999302677,0.9321420006973228,1.1725221395686816,0.0349191213494351,0.9650808786505648,1.780521590667255,0.1910508878043581,0.8089491121956419,0.6397178050415032,0.0236935470262938,0.976306452973706,2.536574511343895,1,0,0,0.0,1,1,1,1,,0,1,0,1,1,0,0,1.0,1.0,0.0,0.0,0.0,,-0.8642840013946458,1.1725221395686816,-0.9301617573011297,1.780521590667255,-0.6178982243912838,0.6397178050415032,-0.9526129059474122,2.536574511343895,0.50965536,0.5356435457181504,0.5798166
2026-05-20 12:35:00,2026-05-20 13:10:00,-1,1108.15,1122.3,pivot,-14.149999999999864,0.1669135,-14.516913499999863,-457282.7752499957,1.0,2026-05-20,1111.5,1114.6,1107.8,0.0,1124.1,1125.05,1118.35,0.0,2026,0.0,0.0,0.0,0.0,0.0,0.0,0.0,0.0,0.0,0.0,0.0,0.0,0.0,0.0,0.0,1.0,1.0,0.0,0,12,2,5,12.843828967513108,0.9628750937805076,1.5404481687582017,0.9628750937805076,0.0371249062194924,-0.0002269615933968,-0.000155681224693,0.0040312993911495,True,86.01636503539679,0.6632132959939852,0.2727581732134802,0.6632132959939852,0.3367867040060148,-0.0004650223181095,-0.0005211663351293,0.0065377459996741,True,68.39693033212146,0.5147497288140175,0.0491457447731445,0.5147497288140175,0.4852502711859825,-0.0012053369340164,-0.0014128033611818,0.0085928716626048,True,10.14543431105445,0.0972231656272584,-1.162810854179068,0.0972231656272584,0.9027768343727416,-0.0031352397907084,-0.00425845309321,0.0116189703312919,True,0.0371249062194924,0.9628750937805076,1.5404481687582017,0.3367867040060148,0.6632132959939852,0.2727581732134802,0.4852502711859825,0.5147497288140175,0.0491457447731445,0.9027768343727416,0.0972231656272584,-1.162810854179068,1,0,0,0.0,1,1,1,1,,0,1,0,1,1,0,0,1.0,1.0,0.0,0.0,0.0,,-0.9257501875610152,1.5404481687582017,-0.32642659198797036,0.2727581732134802,-0.029499457628034964,0.0491457447731445,0.8055536687454832,1.162810854179068,0.50965536,0.5356435457181504,0.5578744
2026-05-20 13:10:00,2026-05-20 13:50:00,-1,1122.3,1114.55,pivot,7.75,0.1671055,7.382894500000001,232561.17675,1.0,2026-05-20,1124.1,1125.05,1118.35,0.0,1111.6,1116.0,1111.3,0.0,2026,0.0,0.0,0.0,0.0,0.0,0.0,0.0,0.0,0.0,0.0,0.0,0.0,0.0,0.0,0.0,1.0,2.0,2.0,1,13,2,5,44.92544903235822,0.8975409392021793,0.9085709142224088,0.8975409392021793,0.1024590607978207,-0.0002269615933968,-0.000155681224693,0.0040312993911495,True,30.82838149999185,0.8721845373427825,0.8436645875614335,0.8721845373427825,0.1278154626572175,-0.0004650223181095,-0.0005211663351293,0.0065377459996741,True,31.49036636525061,0.8355958237247079,0.7509027380995249,0.8355958237247079,0.1644041762752921,-0.0012053369340164,-0.0014128033611818,0.0085928716626048,True,39.88112181039735,0.7353738335493918,0.5211648362336733,0.7353738335493918,0.2646261664506082,-0.0031352397907084,-0.00425845309321,0.0116189703312919,True,0.1024590607978207,0.8975409392021793,0.9085709142224088,0.1278154626572175,0.8721845373427825,0.8436645875614335,0.1644041762752921,0.8355958237247079,0.7509027380995249,0.2646261664506082,0.7353738335493918,0.5211648362336733,1,0,0,0.0,1,1,1,1,,0,1,0,1,0,0,0,1.0,1.0,0.0,0.0,0.0,,-0.7950818784043585,0.9085709142224088,-0.7443690746855649,0.8436645875614335,-0.6711916474494157,0.7509027380995249,-0.4707476670987836,0.5211648362336733,0.50914,0.5495829706211995,0.53107566
2026-05-21 08:45:00,2026-05-21 10:40:00,-1,1172.7,1209.05,pivot,-36.34999999999991,0.1714525,-36.721452499999906,-1156725.7537499971,1.0,2026-05-21,1171.25,1174.7,1170.35,0.0,1205.5,1209.95,1205.1,0.0,2026,0.0,0.0,0.0,0.0,0.0,0.0,0.0,0.0,0.0,0.0,0.0,0.0,0.0,0.0,0.0,1.0,2.0,2.0,0,8,3,5,44.55658364069621,0.0538514005299723,-1.453300576308778,0.0538514005299723,0.9461485994700276,0.0001300778662668,0.0001739972010288,0.0016458282436628,True,190.19732776778892,0.5665639964963727,0.0970533094158178,0.5665639964963727,0.4334360035036273,0.0004593933437559,0.0005290086209425,0.0027885295792093,True,104.16083605298772,0.6853459746843507,0.3788782268463384,0.6853459746843507,0.3146540253156493,0.0009864865853135,0.0011599168042025,0.003510281749461,True,81.83882298304437,0.7068418873704556,0.342349286850684,0.7068418873704556,0.2931581126295444,0.0021790733647819,0.0026093807385957,0.0048570242325007,True,0.9461485994700276,0.0538514005299723,-1.453300576308778,0.4334360035036273,0.5665639964963727,0.0970533094158178,0.3146540253156493,0.6853459746843507,0.3788782268463384,0.2931581126295444,0.7068418873704556,0.342349286850684,1,0,0,0.0,1,1,1,1,,0,1,0,0,0,0,0,1.0,1.0,0.0,0.0,0.0,,0.8922971989400553,1.453300576308778,-0.13312799299274536,0.0970533094158178,-0.37069194936870137,0.3788782268463384,-0.4136837747409112,0.342349286850684,0.5173392,0.5733737543900678,0.54738533
2026-05-21 10:40:00,2026-05-21 10:50:00,1,1209.05,1203.55,pivot,-5.5,0.172378,-5.872378,-184979.907,1.0,2026-05-21,1205.5,1209.95,1205.1,0.0,1199.75,1205.45,1199.3,0.0,2026,0.0,0.0,0.0,0.0,0.0,0.0,0.0,0.0,0.0,0.0,0.0,0.0,0.0,0.0,0.0,1.0,1.0,2.0,0,10,3,5,68.5870981787572,0.9103682542746344,1.1857250579106822,0.9103682542746344,0.0896317457253654,0.0001483935056748,0.0001097461648827,0.0022186122344093,True,68.46781926886999,0.8460075626713462,0.9128179840010454,0.8460075626713462,0.1539924373286537,0.0003887182240911,0.000309175736467,0.0035748054965953,True,25.761332789482346,0.926600626923209,1.391695781940746,0.926600626923209,0.073399373076791,0.000808441528313,0.0006412482262418,0.0049223105238453,True,11.394090353783415,0.96102903438891,1.7305169713885864,0.96102903438891,0.03897096561109,0.0020390385474627,0.0021361988850702,0.0065814826135059,True,0.9103682542746344,0.0896317457253654,-1.1857250579106822,0.8460075626713462,0.1539924373286537,-0.9128179840010454,0.926600626923209,0.073399373076791,-1.391695781940746,0.96102903438891,0.03897096561109,-1.7305169713885864,1,0,0,0.0,1,1,1,1,,0,1,1,0,1,0,0,1.0,1.0,0.0,0.0,0.0,,0.820736508549269,1.1857250579106822,0.6920151253426925,0.9128179840010454,0.853201253846418,1.391695781940746,0.9220580687778199,1.7305169713885864,0.5173392,0.5345218315289454,0.564378
2026-05-21 10:50:00,2026-05-21 13:30:00,1,1203.55,1220.15,pivot,16.600000000000136,0.172711,16.227289000000138,511159.60350000433,1.0,2026-05-21,1199.75,1205.45,1199.3,0.0,1218.95,1220.2,1218.15,0.0,2026,0.0,0.0,0.0,0.0,0.0,0.0,0.0,0.0,0.0,0.0,0.0,0.0,0.0,0.0,0.0,1.0,1.0,2.0,1,10,3,5,47.55624883297117,0.0684707504828134,-1.3562077733925004,0.0684707504828134,0.9315292495171864,0.0001483935056748,0.0001097461648827,0.0022186122344093,True,97.00217416989372,0.7537294088301378,0.5988971231378782,0.7537294088301378,0.2462705911698621,0.0003887182240911,0.000309175736467,0.0035748054965953,True,48.2959336275326,0.8370075516422903,0.8749313819419209,0.8370075516422903,0.1629924483577096,0.000808441528313,0.0006412482262418,0.0049223105238453,True,16.61756182687952,0.939405927630599,1.494950804342351,0.939405927630599,0.0605940723694009,0.0020390385474627,0.0021361988850702,0.0065814826135059,True,0.0684707504828134,0.9315292495171864,1.3562077733925004,0.7537294088301378,0.2462705911698621,-0.5988971231378782,0.8370075516422903,0.1629924483577096,-0.8749313819419209,0.939405927630599,0.0605940723694009,-1.494950804342351,1,0,0,0.0,1,1,1,1,,0,1,1,0,1,0,0,1.0,1.0,0.0,0.0,0.0,,-0.863058499034373,1.3562077733925004,0.5074588176602757,0.5988971231378782,0.6740151032845807,0.8749313819419209,0.8788118552611981,1.494950804342351,0.5173392,0.5345218315289454,0.5593769
2026-05-26 10:35:00,2026-05-26 11:15:00,-1,1267.7,1273.2,pivot,-5.5,0.176227,-5.876227,-185101.1505,1.0,2026-05-26,1264.05,1267.75,1260.65,0.0,1272.35,1273.3,1270.45,0.0,2026,0.0,0.0,0.0,0.0,0.0,0.0,0.0,0.0,0.0,0.0,0.0,0.0,0.0,0.0,0.0,1.0,1.0,1.0,0,10,1,5,207.7823905188647,0.3379640879501324,-0.299972288030151,0.3379640879501324,0.6620359120498676,0.0001604313885058,0.0001253110531653,0.0022483355087618,True,129.71813365334168,0.5818296215139439,0.1961008009663716,0.5818296215139439,0.4181703784860561,0.0004844753582261,0.0003845345448982,0.0036441742716632,True,79.98483641068873,0.2973297917682666,-0.4429584404677666,0.2973297917682666,0.7026702082317333,0.0009220435255578,0.0009002028819393,0.0046878781937315,True,62.84870295721517,0.6776833221777971,0.3615890831304467,0.6776833221777971,0.3223166778222028,0.0019841334942557,0.0021191425285654,0.0067546476965832,True,0.6620359120498676,0.3379640879501324,-0.299972288030151,0.4181703784860561,0.5818296215139439,0.1961008009663716,0.7026702082317333,0.2973297917682666,-0.4429584404677666,0.3223166778222028,0.6776833221777971,0.3615890831304467,1,0,0,0.0,1,1,1,1,,0,1,1,0,1,0,0,1.0,1.0,0.0,0.0,0.0,,0.3240718240997352,0.299972288030151,-0.1636592430278878,0.1961008009663716,0.4053404164634667,0.4429584404677666,-0.35536664435559434,0.3615890831304467,0.5075804,0.5142534869249903,0.5780053
2026-05-27 10:25:00,2026-05-27 10:30:00,1,1330.65,1328.25,pivot,-2.400000000000091,0.179767,-2.779767000000091,-87562.66050000286,1.0,2026-05-27,1328.3,1331.15,1325.35,0.0,1327.8,1331.6,1325.6,0.0,2026,0.0,0.0,0.0,0.0,0.0,0.0,0.0,0.0,0.0,0.0,0.0,0.0,0.0,0.0,0.0,1.0,1.0,1.0,0,10,2,5,111.8350389349592,0.8478925353240395,0.8848671691214194,0.8478925353240395,0.1521074646759604,0.0001507468076022,0.0001427803269932,0.0021918419283438,True,132.45994980620253,0.4980756057208952,0.0176987628424643,0.4980756057208952,0.5019243942791047,0.0004306230187282,0.0003502708448158,0.0037198243993486,True,25.559894513211205,0.0907650702338282,-1.2845812762841853,0.0907650702338282,0.9092349297661716,0.0008413025514226,0.0008498514036118,0.0047139453684341,True,41.12141135755538,0.1575893866971253,-0.8294887297822384,0.1575893866971253,0.8424106133028746,0.0018180138572274,0.0019881764003557,0.0067205762948667,True,0.8478925353240395,0.1521074646759604,-0.8848671691214194,0.4980756057208952,0.5019243942791047,-0.0176987628424643,0.0907650702338282,0.9092349297661716,1.2845812762841853,0.1575893866971253,0.8424106133028746,0.8294887297822384,1,0,0,0.0,1,1,1,1,,0,1,1,0,1,0,0,1.0,1.0,0.0,0.0,0.0,,0.6957850706480792,0.8848671691214194,-0.003848788558209526,0.0176987628424643,-0.8184698595323434,1.2845812762841853,-0.6848212266057493,0.8294887297822384,0.5075804,0.5142534869249903,0.62819743
2026-05-27 10:30:00,2026-05-27 11:20:00,1,1328.25,1334.25,pivot,6.0,0.179875,5.620125,177033.9375,1.0,2026-05-27,1327.8,1331.6,1325.6,0.0,1338.25,1338.4,1333.15,0.0,2026,0.0,0.0,0.0,0.0,0.0,0.0,0.0,0.0,0.0,0.0,0.0,0.0,0.0,0.0,0.0,1.0,1.0,1.0,1,10,2,5,3.873508880477516,0.9928911164902312,2.8930928123473243,0.9928911164902312,0.0071088835097689,0.0001507468076022,0.0001427803269932,0.0021918419283438,True,15.700637510257438,0.967238488916632,1.8421705354643427,0.967238488916632,0.0327615110833678,0.0004306230187282,0.0003502708448158,0.0037198243993486,True,72.26333177350645,0.741641712812636,0.5463341948733959,0.741641712812636,0.258358287187364,0.0008413025514226,0.0008498514036118,0.0047139453684341,True,15.356061507420778,0.9372869852371484,1.4985121944800406,0.9372869852371484,0.0627130147628516,0.0018180138572274,0.0019881764003557,0.0067205762948667,True,0.9928911164902312,0.0071088835097689,-2.8930928123473243,0.967238488916632,0.0327615110833678,-1.8421705354643427,0.741641712812636,0.258358287187364,-0.5463341948733959,0.9372869852371484,0.0627130147628516,-1.4985121944800406,1,0,0,0.0,1,1,1,1,,0,1,1,0,1,0,0,1.0,1.0,0.0,0.0,0.0,,0.9857822329804623,2.8930928123473243,0.9344769778332642,1.8421705354643427,0.48328342562527205,0.5463341948733959,0.8745739704742967,1.4985121944800406,0.5075804,0.5142534869249903,0.61877096
2026-05-27 13:40:00,2026-05-27 13:45:00,1,1323.15,1325.55,pivot,2.399999999999864,0.1794609999999999,2.0205389999998635,63646.978499995705,1.0,2026-05-27,1325.35,1325.9,1320.45,0.0,1327.1,1328.4,1324.15,0.0,2026,0.0,0.0,0.0,0.0,0.0,0.0,0.0,0.0,0.0,0.0,0.0,0.0,0.0,0.0,0.0,1.0,1.0,0.0,1,13,2,5,33.81882324027138,0.9427044619258534,1.5100469883173693,0.9427044619258534,0.0572955380741465,-0.000110413105679,-8.032602477331566e-05,0.0020123849599327,True,9.692451491090496,0.0272352359419547,-2.057114953541836,0.0272352359419547,0.9727647640580452,-0.0002438509837386,-0.0002531376731421,0.0038374916548573,True,8.099260371412596,0.0287915970756717,-1.9503204116505963,0.0287915970756717,0.9712084029243282,-0.0004756162747039,-0.0004235749381016,0.0056524339104191,True,4.19641199551844,0.0303907812061526,-2.0664653395981167,0.0303907812061526,0.9696092187938472,-0.0013271035036923,-0.0008623558110632,0.0076343952782248,True,0.9427044619258534,0.0572955380741465,-1.5100469883173693,0.0272352359419547,0.9727647640580452,2.057114953541836,0.0287915970756717,0.9712084029243282,1.9503204116505963,0.0303907812061526,0.9696092187938472,2.0664653395981167,1,0,0,0.0,1,1,1,1,,0,1,0,1,1,0,0,1.0,1.0,0.0,0.0,0.0,,0.8854089238517069,1.5100469883173693,-0.9455295281160906,2.057114953541836,-0.9424168058486565,1.9503204116505963,-0.9392184375876946,2.0664653395981167,0.50965536,0.5356435457181504,0.5787982
2026-05-27 13:45:00,2026-05-27 14:15:00,-1,1325.55,1315.45,pivot,10.099999999999907,0.17923,9.720769999999908,306204.2549999971,1.0,2026-05-27,1327.1,1328.4,1324.15,0.0,1314.5,1315.55,1310.55,0.0,2026,0.0,0.0,0.0,0.0,0.0,0.0,0.0,0.0,0.0,0.0,0.0,0.0,0.0,0.0,0.0,1.0,1.0,0.0,1,13,2,5,62.59947635684739,0.9128975647695488,1.1866106911669625,0.9128975647695488,0.0871024352304512,-0.000110413105679,-8.032602477331566e-05,0.0020123849599327,True,69.04160357671569,0.1776419263254688,-0.7401980839839191,0.1776419263254688,0.8223580736745312,-0.0002438509837386,-0.0002531376731421,0.0038374916548573,True,13.21392216818668,0.0527871113375649,-1.542073005312439,0.0527871113375649,0.947212888662435,-0.0004756162747039,-0.0004235749381016,0.0056524339104191,True,6.380642388880597,0.0460031088246249,-1.656821127905902,0.0460031088246249,0.9539968911753752,-0.0013271035036923,-0.0008623558110632,0.0076343952782248,True,0.0871024352304512,0.9128975647695488,1.1866106911669625,0.8223580736745312,0.1776419263254688,-0.7401980839839191,0.947212888662435,0.0527871113375649,-1.542073005312439,0.9539968911753752,0.0460031088246249,-1.656821127905902,1,0,0,0.0,1,1,1,1,,0,1,0,1,1,0,0,1.0,1.0,0.0,0.0,0.0,,-0.8257951295390975,1.1866106911669625,0.6447161473490624,0.7401980839839191,0.8944257773248702,1.542073005312439,0.9079937823507503,1.656821127905902,0.50965536,0.5356435457181504,0.5891097
2026-05-27 14:15:00,2026-05-27 14:35:00,-1,1315.45,1317.35,pivot,-1.899999999999864,0.178984,-2.2789839999998636,-71787.9959999957,1.0,2026-05-27,1314.5,1315.55,1310.55,0.0,1315.65,1322.7,1315.45,0.0,2026,0.0,0.0,0.0,0.0,0.0,0.0,0.0,0.0,0.0,0.0,0.0,0.0,0.0,0.0,0.0,1.0,0.0,0.0,0,14,2,5,315.30878345786846,0.5339038032361382,0.0679161216569648,0.5339038032361382,0.4660961967638618,-0.0001069985148417,-0.0001322486631791,0.0019472352064969,True,27.498754635343914,0.0666490648042673,-1.4600432470218407,0.0666490648042673,0.9333509351957326,-0.0003358895109858,-0.0003619471569104,0.0034729063478068,True,117.11772172598307,0.4254179256017046,-0.1654064902428245,0.4254179256017046,0.5745820743982955,-0.0005060348867784,-0.0002971528837183,0.0050606402299578,True,9.340584731354786,0.0483800719039581,-1.5240307084153193,0.0483800719039581,0.951619928096042,-0.0006224315571759,-0.0002556998663851,0.0065737234732237,True,0.4660961967638618,0.5339038032361382,0.0679161216569648,0.9333509351957326,0.0666490648042673,-1.4600432470218407,0.5745820743982955,0.4254179256017046,-0.1654064902428245,0.951619928096042,0.0483800719039581,-1.5240307084153193,1,0,0,0.0,1,1,1,1,,0,1,0,1,0,1,0,1.0,1.0,0.0,0.0,0.0,,-0.06780760647227635,0.0679161216569648,0.8667018703914653,1.4600432470218407,0.14916414879659085,0.1654064902428245,0.9032398561920839,1.5240307084153193,0.5425894,0.7825921160981738,0.5931053
2026-05-27 14:35:00,2026-05-27 14:45:00,1,1317.35,1324.1,pivot,6.75,0.1792435,6.3707565,200678.82975,1.0,2026-05-27,1315.65,1322.7,1315.45,0.0,1310.25,1325.0,1310.25,0.0,2026,0.0,0.0,0.0,0.0,0.0,0.0,0.0,0.0,0.0,0.0,0.0,0.0,0.0,0.0,0.0,1.0,1.0,0.0,1,14,2,5,31.698381681222678,0.969135017043181,1.8685637600752212,0.969135017043181,0.030864982956819,0.0001300778662668,0.0001739972010288,0.0016458282436628,True,4.1069696008040735,0.9864558492306412,2.4851441757351425,0.9864558492306412,0.0135441507693588,0.0004593933437559,0.0005290086209425,0.0027885295792093,True,146.8829672670326,0.4773298267791782,-0.0939231582376996,0.4773298267791782,0.5226701732208218,0.0009864865853135,0.0011599168042025,0.003510281749461,True,35.585638426575755,0.8569504042986739,0.8967621635438932,0.8569504042986739,0.1430495957013261,0.0021790733647819,0.0026093807385957,0.0048570242325007,True,0.969135017043181,0.030864982956819,-1.8685637600752212,0.9864558492306412,0.0135441507693588,-2.4851441757351425,0.4773298267791782,0.5226701732208218,0.0939231582376996,0.8569504042986739,0.1430495957013261,-0.8967621635438932,1,0,0,0.0,1,1,1,1,,0,1,0,1,1,0,0,1.0,1.0,0.0,0.0,0.0,,0.9382700340863619,1.8685637600752212,0.9729116984612824,2.4851441757351425,-0.045340346441643586,0.0939231582376996,0.7139008085973477,0.8967621635438932,0.50965536,0.5359255333824356,0.5626941
2026-05-27 14:45:00,2026-05-27 15:10:00,1,1324.1,1309.95,pivot,-14.149999999999864,0.1790215,-14.529021499999864,-457664.1772499957,1.0,2026-05-27,1310.25,1325.0,1310.25,0.0,1313.3,1314.45,1306.7,0.0,2026,0.0,0.0,0.0,0.0,0.0,0.0,0.0,0.0,0.0,0.0,0.0,0.0,0.0,0.0,0.0,1.0,1.0,0.0,0,14,2,5,149.84811876403316,0.1972175546802915,-0.6147220807837365,0.1972175546802915,0.8027824453197084,-0.0001069985148417,-0.0001322486631791,0.0019472352064969,True,40.21852942077615,0.106774884488964,-1.10789837354919,0.106774884488964,0.8932251155110359,-0.0003358895109858,-0.0003619471569104,0.0034729063478068,True,42.40817648360006,0.1434380656605909,-0.8553508982354436,0.1434380656605909,0.8565619343394091,-0.0005060348867784,-0.0002971528837183,0.0050606402299578,True,34.95670608420087,0.1362218558530729,-0.8373172112626145,0.1362218558530729,0.863778144146927,-0.0006224315571759,-0.0002556998663851,0.0065737234732237,True,0.1972175546802915,0.8027824453197084,0.6147220807837365,0.106774884488964,0.8932251155110359,1.10789837354919,0.1434380656605909,0.8565619343394091,0.8553508982354436,0.1362218558530729,0.863778144146927,0.8373172112626145,1,0,0,0.0,1,1,1,1,,0,1,0,1,1,0,0,1.0,1.0,0.0,0.0,0.0,,-0.6055648906394169,0.6147220807837365,-0.7864502310220719,1.10789837354919,-0.7131238686788182,0.8553508982354436,-0.7275562882938541,0.8373172112626145,0.50965536,0.5359255333824356,0.500734
2026-06-01 11:55:00,2026-06-01 12:00:00,-1,1411.05,1416.6,pivot,-5.5499999999999545,0.1848294999999999,-5.934829499999955,-186947.12924999857,1.0,2026-06-01,1416.6,1416.85,1410.65,0.0,1418.35,1418.65,1415.5,0.0,2026,0.0,0.0,0.0,0.0,0.0,0.0,0.0,0.0,0.0,0.0,0.0,0.0,0.0,0.0,0.0,1.0,1.0,2.0,0,11,0,6,58.64331659970772,0.0833749686769427,-1.301028292333646,0.0833749686769427,0.9166250313230572,0.000131630441588,0.0001339508730747,0.0021142066031858,True,58.49911089000194,0.1476195610441322,-0.9381316661760994,0.1476195610441322,0.8523804389558678,0.0004204362563753,0.00037179155413,0.0035243060096276,True,73.54656773601721,0.2558853662312794,-0.5923899890797668,0.2558853662312794,0.7441146337687206,0.0008197976750379,0.0008843038598377,0.0046576014727982,True,71.56846499866816,0.5318218437134614,0.0434624795859358,0.5318218437134614,0.4681781562865386,0.0017906136979014,0.0019675942639515,0.0061096040873038,True,0.9166250313230572,0.0833749686769427,-1.301028292333646,0.8523804389558678,0.1476195610441322,-0.9381316661760994,0.7441146337687206,0.2558853662312794,-0.5923899890797668,0.4681781562865386,0.5318218437134614,0.0434624795859358,1,0,0,0.0,1,1,1,1,,0,1,1,0,1,0,0,1.0,1.0,0.0,0.0,0.0,,0.8332500626461145,1.301028292333646,0.7047608779117356,0.9381316661760994,0.48822926753744117,0.5923899890797668,-0.06364368742692283,0.0434624795859358,0.50914,0.5027347576082651,0.50320053
2026-06-01 12:00:00,2026-06-01 13:10:00,-1,1416.6,1414.7,pivot,1.899999999999864,0.184939,1.5150609999998634,47724.4214999957,1.0,2026-06-01,1418.35,1418.65,1415.5,0.0,1416.3,1416.7,1414.2,0.0,2026,0.0,0.0,0.0,0.0,0.0,0.0,0.0,0.0,0.0,0.0,0.0,0.0,0.0,0.0,0.0,1.0,1.0,2.0,1,12,0,6,187.95812181957527,0.2817884993903475,-0.4486996324699947,0.2817884993903475,0.7182115006096524,0.000131630441588,0.0001339508730747,0.0021142066031858,True,24.822731809905637,0.0629928131351492,-1.5496896569970235,0.0629928131351492,0.9370071868648508,0.0004204362563753,0.00037179155413,0.0035243060096276,True,61.48191995642284,0.2005582960868473,-0.7673068121481301,0.2005582960868473,0.7994417039131527,0.0008197976750379,0.0008843038598377,0.0046576014727982,True,71.2040819875514,0.3417535894297498,-0.3858372411932014,0.3417535894297498,0.6582464105702501,0.0017906136979014,0.0019675942639515,0.0061096040873038,True,0.7182115006096524,0.2817884993903475,-0.4486996324699947,0.9370071868648508,0.0629928131351492,-1.5496896569970235,0.7994417039131527,0.2005582960868473,-0.7673068121481301,0.6582464105702501,0.3417535894297498,-0.3858372411932014,1,0,0,0.0,1,1,1,1,,0,1,0,1,1,0,0,1.0,1.0,0.0,0.0,0.0,,0.43642300121930494,0.4486996324699947,0.8740143737297017,1.5496896569970235,0.5988834078263054,0.7673068121481301,0.3164928211405003,0.3858372411932014,0.50914,0.5059815301303544,0.5830157
2026-06-01 14:25:00,2026-06-01 14:55:00,-1,1408.4,1411.95,pivot,-3.5499999999999545,0.1846105,-3.9346104999999545,-123940.23074999856,1.0,2026-06-01,1400.2,1409.35,1399.7,0.0,1412.15,1414.95,1410.0,0.0,2026,0.0,0.0,0.0,0.0,0.0,0.0,0.0,0.0,0.0,0.0,0.0,0.0,0.0,0.0,0.0,1.0,0.0,0.0,0,14,0,6,346.8253232098528,0.3781160324686327,-0.2306242034820725,0.3781160324686327,0.6218839675313672,0.0001219411028181,0.0001808324372378,0.001704316115822,True,36.41633681015532,0.0608799125815096,-1.3338251751573815,0.0608799125815096,0.9391200874184904,0.0004629071894288,0.0005724347317072,0.0028387067311563,True,37.04657496795296,0.091713316406118,-1.174644305151763,0.091713316406118,0.908286683593882,0.0009860338393875,0.001141855140021,0.0035280219931739,True,45.9188170769165,0.121959337802569,-0.9664966511918208,0.121959337802569,0.878040662197431,0.0021790733647819,0.0026093807385957,0.0048570242325007,True,0.6218839675313672,0.3781160324686327,-0.2306242034820725,0.9391200874184904,0.0608799125815096,-1.3338251751573815,0.908286683593882,0.091713316406118,-1.174644305151763,0.878040662197431,0.121959337802569,-0.9664966511918208,1,0,0,0.0,1,1,1,1,,0,1,0,1,0,1,0,1.0,1.0,0.0,0.0,0.0,,0.24376793506273453,0.2306242034820725,0.8782401748369808,1.3338251751573815,0.816573367187764,1.174644305151763,0.7560813243948621,0.9664966511918208,0.5425894,0.770594096297213,0.6547081
2026-06-02 11:00:00,2026-06-02 11:25:00,-1,1365.5,1374.25,pivot,-8.75,0.1821925,-9.132192499999999,-287664.06375,1.0,2026-06-02,1368.35,1372.35,1364.75,0.0,1376.5,1380.4,1372.3,0.0,2026,0.0,0.0,0.0,0.0,0.0,0.0,0.0,0.0,0.0,0.0,0.0,0.0,0.0,0.0,0.0,1.0,0.0,0.0,0,11,1,6,147.55899270703046,0.6395886710509069,0.2192086083847918,0.6395886710509069,0.3604113289490931,-0.0002368728646149,-0.0001343774102278,0.0034359990673319,True,5.373580356211744,0.02687656540026,-1.9014070428296277,0.02687656540026,0.97312343459974,-0.0003355570957819,-0.0003429751611654,0.005984227714857,True,8.75344173047994,0.0511040842301161,-1.5157598457392607,0.0511040842301161,0.948895915769884,-0.0010986407657697,-0.0012155155742496,0.0077847771010622,True,48.56378571848568,0.4832005996471964,0.0613872699441689,0.4832005996471964,0.5167994003528036,-0.003143995545695,-0.0042340060672795,0.0121628508246582,True,0.3604113289490931,0.6395886710509069,0.2192086083847918,0.97312343459974,0.02687656540026,-1.9014070428296277,0.948895915769884,0.0511040842301161,-1.5157598457392607,0.5167994003528036,0.4832005996471964,0.0613872699441689,1,0,0,0.0,1,1,1,1,,0,1,1,0,0,1,0,1.0,1.0,0.0,0.0,0.0,,-0.2791773421018138,0.2192086083847918,0.9462468691994801,1.9014070428296277,0.8977918315397678,1.5157598457392607,0.03359880070560717,0.0613872699441689,0.5425894,0.7706462954867644,0.6765424
2026-06-02 11:25:00,2026-06-02 12:00:00,-1,1374.25,1385.25,pivot,-11.0,0.182785,-11.382785000000002,-358557.72750000004,1.0,2026-06-02,1376.5,1380.4,1372.3,0.0,1381.35,1388.9,1380.65,0.0,2026,0.0,0.0,0.0,0.0,0.0,0.0,0.0,0.0,0.0,0.0,0.0,0.0,0.0,0.0,0.0,1.0,1.0,0.0,0,11,1,6,6.597476420971639,0.9833335659985252,2.3939718885811367,0.9833335659985252,0.0166664340014747,-0.0002368728646149,-0.0001343774102278,0.0034359990673319,True,23.36109500631272,0.904908958799421,1.1588805088984302,0.904908958799421,0.0950910412005789,-0.0003355570957819,-0.0003429751611654,0.005984227714857,True,46.24924514182543,0.7567365569950038,0.5531062752841949,0.7567365569950038,0.2432634430049962,-0.0010986407657697,-0.0012155155742496,0.0077847771010622,True,35.042883505011275,0.3147194581380286,-0.2614517561222507,0.3147194581380286,0.6852805418619714,-0.003143995545695,-0.0042340060672795,0.0121628508246582,True,0.0166664340014747,0.9833335659985252,2.3939718885811367,0.0950910412005789,0.904908958799421,1.1588805088984302,0.2432634430049962,0.7567365569950038,0.5531062752841949,0.6852805418619714,0.3147194581380286,-0.2614517561222507,1,0,0,0.0,1,1,1,1,,0,1,1,0,1,0,0,1.0,1.0,0.0,0.0,0.0,,-0.9666671319970505,2.3939718885811367,-0.8098179175988421,1.1588805088984302,-0.5134731139900075,0.5531062752841949,0.3705610837239428,0.2614517561222507,0.50965536,0.575470097907547,0.63227624
2026-06-02 14:05:00,2026-06-02 14:30:00,-1,1393.7,1399.25,pivot,-5.5499999999999545,0.1837885,-5.933788499999953,-186914.33774999852,1.0,2026-06-02,1393.85,1395.0,1388.3,0.0,1406.7,1406.7,1399.2,0.0,2026,0.0,0.0,0.0,0.0,0.0,0.0,0.0,0.0,0.0,0.0,0.0,0.0,0.0,0.0,0.0,1.0,2.0,2.0,0,14,1,6,10.286976831610495,0.9837684919580134,2.5453842514910585,0.9837684919580134,0.0162315080419865,-0.000110413105679,-8.032602477331566e-05,0.0020123849599327,True,3.1360173554358632,0.992932935565975,2.813863523050572,0.992932935565975,0.007067064434025,-0.0002438509837386,-0.0002531376731421,0.0038374916548573,True,9.849286515774285,0.964501162632164,1.7864327241666962,0.964501162632164,0.0354988373678358,-0.0004756162747039,-0.0004235749381016,0.0056524339104191,True,13.410207130236882,0.9264449523974396,1.5322591402251462,0.9264449523974396,0.0735550476025603,-0.0013271035036923,-0.0008623558110632,0.0076343952782248,True,0.0162315080419865,0.9837684919580134,2.5453842514910585,0.007067064434025,0.992932935565975,2.813863523050572,0.0354988373678358,0.964501162632164,1.7864327241666962,0.0735550476025603,0.9264449523974396,1.5322591402251462,1,0,0,0.0,1,1,1,1,,0,1,0,1,0,0,0,1.0,1.0,0.0,0.0,0.0,,-0.9675369839160269,2.5453842514910585,-0.9858658711319499,2.813863523050572,-0.9290023252643282,1.7864327241666962,-0.8528899047948794,1.5322591402251462,0.50914,0.5487368490738442,0.56848496
2026-06-02 14:30:00,2026-06-02 15:00:00,1,1399.25,1406.75,pivot,7.5,0.18418,7.115819999999999,224148.33,1.0,2026-06-02,1406.7,1406.7,1399.2,0.0,1402.35,1407.6,1401.8,0.0,2026,0.0,0.0,0.0,0.0,0.0,0.0,0.0,0.0,0.0,0.0,0.0,0.0,0.0,0.0,0.0,1.0,2.0,2.0,1,14,1,6,20.845795118824768,0.9813845311987812,2.07823348578255,0.9813845311987812,0.0186154688012187,0.0001219411028181,0.0001808324372378,0.001704316115822,True,53.52270495105277,0.913821293847986,1.1982344034456691,0.913821293847986,0.086178706152014,0.0004629071894288,0.0005724347317072,0.0028387067311563,True,5.157457318671707,0.9867723263366852,2.638840597554981,0.9867723263366852,0.0132276736633148,0.0009860338393875,0.001141855140021,0.0035280219931739,True,2.3288214136579217,0.9942884770928512,3.1067496496093794,0.9942884770928512,0.0057115229071488,0.0021790733647819,0.0026093807385957,0.0048570242325007,True,0.9813845311987812,0.0186154688012187,-2.07823348578255,0.913821293847986,0.086178706152014,-1.1982344034456691,0.9867723263366852,0.0132276736633148,-2.638840597554981,0.9942884770928512,0.0057115229071488,-3.1067496496093794,1,0,0,0.0,1,1,1,1,,0,1,0,1,0,0,0,1.0,1.0,0.0,0.0,0.0,,0.9627690623975625,2.07823348578255,0.8276425876959721,1.1982344034456691,0.9735446526733704,2.638840597554981,0.9885769541857024,3.1067496496093794,0.50914,0.5487368490738442,0.5330691
2026-06-04 10:35:00,2026-06-04 11:10:00,1,1393.3,1373.4,pivot,-19.899999999999864,0.183001,-20.283000999999864,-638914.5314999957,1.0,2026-06-04,1393.95,1398.15,1392.2,0.0,1372.5,1376.25,1371.65,0.0,2026,0.0,0.0,0.0,0.0,0.0,0.0,0.0,0.0,0.0,0.0,0.0,0.0,0.0,0.0,0.0,1.0,1.0,2.0,0,10,3,6,95.463636697488,0.1943847030180734,-0.6553631370836149,0.1943847030180734,0.8056152969819266,-0.0002368728646149,-0.0001343774102278,0.0034359990673319,True,27.40908486000116,0.1104682686580763,-1.0099206434703505,0.1104682686580763,0.8895317313419236,-0.0003355570957819,-0.0003429751611654,0.005984227714857,True,57.68006503335032,0.3150969323058334,-0.3450610653050406,0.3150969323058334,0.6849030676941665,-0.0010986407657697,-0.0012155155742496,0.0077847771010622,True,43.36886111938195,0.3952364657773846,-0.0941367445142738,0.3952364657773846,0.6047635342226154,-0.003143995545695,-0.0042340060672795,0.0121628508246582,True,0.1943847030180734,0.8056152969819266,0.6553631370836149,0.1104682686580763,0.8895317313419236,1.0099206434703505,0.3150969323058334,0.6849030676941665,0.3450610653050406,0.3952364657773846,0.6047635342226154,0.0941367445142738,1,0,0,0.0,1,1,1,1,,0,1,1,0,1,0,0,1.0,1.0,0.0,0.0,0.0,,-0.6112305939638532,0.6553631370836149,-0.7790634626838473,1.0099206434703505,-0.3698061353883331,0.3450610653050406,-0.20952706844523084,0.0941367445142738,0.5173392,0.5345218315289454,0.56470287
2026-06-04 11:10:00,2026-06-04 11:40:00,-1,1373.4,1384.25,pivot,-10.849999999999907,0.1827295,-11.23272949999991,-353830.9792499972,1.0,2026-06-04,1372.5,1376.25,1371.65,0.0,1388.2,1388.8,1384.25,0.0,2026,0.0,0.0,0.0,0.0,0.0,0.0,0.0,0.0,0.0,0.0,0.0,0.0,0.0,0.0,0.0,1.0,1.0,0.0,0,11,3,6,78.35704309393925,0.1554351019391618,-0.7847285924730922,0.1554351019391618,0.8445648980608382,-0.0002368728646149,-0.0001343774102278,0.0034359990673319,True,21.990443869598145,0.0802954070359253,-1.2131844971786028,0.0802954070359253,0.9197045929640748,-0.0003355570957819,-0.0003429751611654,0.005984227714857,True,9.523935111225557,0.0539170691504944,-1.4767163890005957,0.0539170691504944,0.9460829308495056,-0.0010986407657697,-0.0012155155742496,0.0077847771010622,True,43.28963867652104,0.3943043829231555,-0.0958999362765455,0.3943043829231555,0.6056956170768445,-0.003143995545695,-0.0042340060672795,0.0121628508246582,True,0.8445648980608382,0.1554351019391618,-0.7847285924730922,0.9197045929640748,0.0802954070359253,-1.2131844971786028,0.9460829308495056,0.0539170691504944,-1.4767163890005957,0.6056956170768445,0.3943043829231555,-0.0958999362765455,1,0,0,0.0,1,1,1,1,,0,1,1,0,1,0,0,1.0,1.0,0.0,0.0,0.0,,0.6891297961216765,0.7847285924730922,0.8394091859281495,1.2131844971786028,0.8921658616990111,1.4767163890005957,0.211391234153689,0.0958999362765455,0.50965536,0.5650935309404328,0.59394026
2026-06-05 11:00:00,2026-06-05 11:25:00,-1,1321.95,1334.8,pivot,-12.849999999999907,0.1797025,-13.229702499999908,-416735.6287499971,1.0,2026-06-05,1322.45,1326.65,1316.8,0.0,1338.6,1339.15,1334.55,0.0,2026,0.0,0.0,0.0,0.0,0.0,0.0,0.0,0.0,0.0,0.0,0.0,0.0,0.0,0.0,0.0,1.0,2.0,2.0,0,11,4,6,6.933511376656458,0.9827224343273512,2.36749914545605,0.9827224343273512,0.0172775656726489,-0.0002368728646149,-0.0001343774102278,0.0034359990673319,True,20.72150357132629,0.9190368761954746,1.266432620276828,0.9190368761954746,0.0809631238045254,-0.0003355570957819,-0.0003429751611654,0.005984227714857,True,0.187609961083121,0.998812848392703,3.659316186739776,0.998812848392703,0.0011871516072969,-0.0010986407657697,-0.0012155155742496,0.0077847771010622,True,1.7246582027392297,0.9855317561937296,2.123554642104159,0.9855317561937296,0.0144682438062704,-0.003143995545695,-0.0042340060672795,0.0121628508246582,True,0.0172775656726489,0.9827224343273512,2.36749914545605,0.0809631238045254,0.9190368761954746,1.266432620276828,0.0011871516072969,0.998812848392703,3.659316186739776,0.0144682438062704,0.9855317561937296,2.123554642104159,1,0,0,0.0,1,1,1,1,,0,1,1,0,0,0,0,1.0,1.0,0.0,0.0,0.0,,-0.9654448686547022,2.36749914545605,-0.8380737523909492,1.266432620276828,-0.9976256967854061,3.659316186739776,-0.9710635123874591,2.123554642104159,0.50914,0.5421227064916109,0.57580197
2026-06-05 11:25:00,2026-06-05 11:55:00,-1,1334.8,1323.2,pivot,11.599999999999907,0.17974,11.220259999999907,353438.1899999971,1.0,2026-06-05,1338.6,1339.15,1334.55,0.0,1321.25,1324.35,1319.6,0.0,2026,0.0,0.0,0.0,0.0,0.0,0.0,0.0,0.0,0.0,0.0,0.0,0.0,0.0,0.0,0.0,1.0,2.0,2.0,1,11,4,6,44.92002035935286,0.0928268875607725,-1.0803047785933848,0.0928268875607725,0.9071731124392276,-0.0002368728646149,-0.0001343774102278,0.0034359990673319,True,94.8062989671416,0.6047906579781407,0.17731292245284,0.6047906579781407,0.3952093420218593,-0.0003355570957819,-0.0003429751611654,0.005984227714857,True,9.420681837784,0.9571706533972122,1.7382967901063917,0.9571706533972122,0.0428293466027878,-0.0010986407657697,-0.0012155155742496,0.0077847771010622,True,0.9522977581919602,0.9936676616233788,2.7242685150639026,0.9936676616233788,0.006332338376621,-0.003143995545695,-0.0042340060672795,0.0121628508246582,True,0.9071731124392276,0.0928268875607725,-1.0803047785933848,0.3952093420218593,0.6047906579781407,0.17731292245284,0.0428293466027878,0.9571706533972122,1.7382967901063917,0.006332338376621,0.9936676616233788,2.7242685150639026,1,0,0,0.0,1,1,1,1,,0,1,1,0,0,0,0,1.0,1.0,0.0,0.0,0.0,,0.8143462248784551,1.0803047785933848,-0.20958131595628138,0.17731292245284,-0.9143413067944244,1.7382967901063917,-0.9873353232467579,2.7242685150639026,0.50914,0.5421227064916109,0.5565303
2026-06-05 11:55:00,2026-06-05 12:35:00,1,1323.2,1320.7,pivot,-2.5,0.179317,-2.8793170000000003,-90698.48550000001,1.0,2026-06-05,1321.25,1324.35,1319.6,0.0,1316.7,1320.8,1314.85,0.0,2026,0.0,0.0,0.0,0.0,0.0,0.0,0.0,0.0,0.0,0.0,0.0,0.0,0.0,0.0,0.0,1.0,1.0,2.0,0,11,4,6,120.88408025014142,0.2572249996537306,-0.4873758182577622,0.2572249996537306,0.7427750003462694,-0.0002368728646149,-0.0001343774102278,0.0034359990673319,True,27.001922594925052,0.1082589591334781,-1.023387742968087,0.1082589591334781,0.8917410408665218,-0.0003355570957819,-0.0003429751611654,0.005984227714857,True,58.541397070846,0.6781284853880992,0.3598150196218766,0.6781284853880992,0.3218715146119008,-0.0010986407657697,-0.0012155155742496,0.0077847771010622,True,8.358040855180926,0.9492387301158524,1.491123088828218,0.9492387301158524,0.0507612698841476,-0.003143995545695,-0.0042340060672795,0.0121628508246582,True,0.2572249996537306,0.7427750003462694,0.4873758182577622,0.1082589591334781,0.8917410408665218,1.023387742968087,0.6781284853880992,0.3218715146119008,-0.3598150196218766,0.9492387301158524,0.0507612698841476,-1.491123088828218,1,0,0,0.0,1,1,1,1,,0,1,1,0,1,0,0,1.0,1.0,0.0,0.0,0.0,,-0.48555000069253884,0.4873758182577622,-0.7834820817330437,1.023387742968087,0.35625697077619844,0.3598150196218766,0.8984774602317047,1.491123088828218,0.50914,0.5081951370251241,0.5439515
2026-06-05 13:20:00,2026-06-05 13:40:00,-1,1303.8,1306.9,pivot,-3.1000000000001364,0.178321,-3.4783210000001357,-109567.11150000428,1.0,2026-06-05,1304.65,1305.95,1303.2,0.0,1303.05,1313.85,1301.55,0.0,2026,0.0,0.0,0.0,0.0,0.0,0.0,0.0,0.0,0.0,0.0,0.0,0.0,0.0,0.0,0.0,1.0,1.0,0.0,0,13,4,6,84.03028475106382,0.1679500880703687,-0.7403137597590358,0.1679500880703687,0.8320499119296313,-0.0002368728646149,-0.0001343774102278,0.0034359990673319,True,57.57147381848584,0.2218039365383224,-0.5433742056571721,0.2218039365383224,0.7781960634616776,-0.0003355570957819,-0.0003429751611654,0.005984227714857,True,32.68041367361212,0.1618763739752949,-0.7803705063484522,0.1618763739752949,0.8381236260247051,-0.0010986407657697,-0.0012155155742496,0.0077847771010622,True,18.131314206031327,0.1778162216678426,-0.6972286268308499,0.1778162216678426,0.8221837783321574,-0.003143995545695,-0.0042340060672795,0.0121628508246582,True,0.8320499119296313,0.1679500880703687,-0.7403137597590358,0.7781960634616776,0.2218039365383224,-0.5433742056571721,0.8381236260247051,0.1618763739752949,-0.7803705063484522,0.8221837783321574,0.1778162216678426,-0.6972286268308499,1,0,0,0.0,1,1,1,1,,0,1,0,1,1,0,0,1.0,1.0,0.0,0.0,0.0,,0.6640998238592626,0.7403137597590358,0.5563921269233552,0.5433742056571721,0.6762472520494103,0.7803705063484522,0.6443675566643148,0.6972286268308499,0.50965536,0.5189918327426458,0.5230171
2026-06-05 13:40:00,2026-06-05 13:45:00,1,1306.9,1303.0,pivot,-3.900000000000091,0.178297,-4.278297000000091,-134766.35550000286,1.0,2026-06-05,1303.05,1313.85,1301.55,0.0,1308.3,1309.65,1301.95,0.0,2026,0.0,0.0,0.0,0.0,0.0,0.0,0.0,0.0,0.0,0.0,0.0,0.0,0.0,0.0,0.0,1.0,1.0,0.0,0,13,4,6,153.16240234602307,0.6057618482290008,0.160678026537579,0.6057618482290008,0.3942381517709992,-0.0002676823756094,-0.0001736198312604,0.0034763668100598,True,59.57273140392189,0.2380544544835429,-0.5074799421532349,0.2380544544835429,0.761945545516457,-0.000346305150695,-0.0004022342343981,0.0060213546851835,True,45.20343958617723,0.2408241856347327,-0.5286937113436658,0.2408241856347327,0.7591758143652673,-0.0011169861866417,-0.0011776369659953,0.0080818144971217,True,10.167996985370795,0.0886576571096452,-1.1949243204018276,0.0886576571096452,0.9113423428903548,-0.0026583133401271,-0.0031032861280957,0.0111397645887832,True,0.6057618482290008,0.3942381517709992,-0.160678026537579,0.2380544544835429,0.761945545516457,0.5074799421532349,0.2408241856347327,0.7591758143652673,0.5286937113436658,0.0886576571096452,0.9113423428903548,1.1949243204018276,1,0,0,0.0,1,1,1,1,,0,1,0,1,1,0,0,1.0,1.0,0.0,0.0,0.0,,0.21152369645800162,0.160678026537579,-0.5238910910329141,0.5074799421532349,-0.5183516287305345,0.5286937113436658,-0.8226846857807095,1.1949243204018276,0.50965536,0.5189918327426458,0.5181856
2026-06-05 13:45:00,2026-06-05 14:20:00,-1,1303.0,1314.0,pivot,-11.0,0.17851,-11.37851,-358423.065,1.0,2026-06-05,1308.3,1309.65,1301.95,0.0,1317.6,1318.2,1314.0,0.0,2026,0.0,0.0,0.0,0.0,0.0,0.0,0.0,0.0,0.0,0.0,0.0,0.0,0.0,0.0,0.0,1.0,1.0,0.0,0,13,4,6,14.066565302454595,0.9615126139024668,1.8159319674815289,0.9615126139024668,0.0384873860975333,-0.0002676823756094,-0.0001736198312604,0.0034763668100598,True,74.95002968477358,0.7005393281045954,0.378381874809592,0.7005393281045954,0.2994606718954046,-0.000346305150695,-0.0004022342343981,0.0060213546851835,True,68.81204963863024,0.495296239697944,-0.0009269850152256,0.495296239697944,0.5047037603020559,-0.0011169861866417,-0.0011776369659953,0.0080818144971217,True,36.58290356645965,0.2855913514707595,-0.378318357547677,0.2855913514707595,0.7144086485292405,-0.0026583133401271,-0.0031032861280957,0.0111397645887832,True,0.0384873860975333,0.9615126139024668,1.8159319674815289,0.2994606718954046,0.7005393281045954,0.378381874809592,0.5047037603020559,0.495296239697944,-0.0009269850152256,0.7144086485292405,0.2855913514707595,-0.378318357547677,1,0,0,0.0,1,1,1,1,,0,1,0,1,1,0,0,1.0,1.0,0.0,0.0,0.0,,-0.9230252278049335,1.8159319674815289,-0.4010786562091908,0.378381874809592,0.009407520604111874,0.0009269850152256,0.428817297058481,0.378318357547677,0.50965536,0.5189918327426458,0.5318017
2026-06-08 10:50:00,2026-06-08 10:55:00,1,1206.5,1214.15,pivot,7.650000000000091,0.1726195,7.277380500000091,229237.48575000287,1.0,2026-06-08,1214.05,1214.75,1202.35,0.0,1216.85,1219.8,1212.35,0.0,2026,0.0,0.0,0.0,0.0,0.0,0.0,0.0,0.0,0.0,0.0,0.0,0.0,0.0,0.0,0.0,1.0,1.0,2.0,1,10,0,6,2.133519308278691,0.9953944303520326,3.324099446502854,0.9953944303520326,0.0046055696479674,-0.0002676823756094,-0.0001736198312604,0.0034763668100598,True,1.3337788943708755,0.991668010892372,2.9941422102830506,0.991668010892372,0.0083319891076278,-0.000346305150695,-0.0004022342343981,0.0060213546851835,True,27.941855153872652,0.8409315368071648,0.822197466360336,0.8409315368071648,0.1590684631928351,-0.0011169861866417,-0.0011776369659953,0.0080818144971217,True,49.44269569687911,0.5976721582271664,0.2118597696165284,0.5976721582271664,0.4023278417728336,-0.0026583133401271,-0.0031032861280957,0.0111397645887832,True,0.9953944303520326,0.0046055696479674,-3.324099446502854,0.991668010892372,0.0083319891076278,-2.9941422102830506,0.8409315368071648,0.1590684631928351,-0.822197466360336,0.5976721582271664,0.4023278417728336,-0.2118597696165284,1,0,0,0.0,1,1,1,1,,0,1,1,0,1,0,0,1.0,1.0,0.0,0.0,0.0,,0.9907888607040651,3.324099446502854,0.9833360217847442,2.9941422102830506,0.6818630736143297,0.822197466360336,0.19534431645433276,0.2118597696165284,0.5173392,0.5373499828724052,0.5312759
2026-06-08 10:55:00,2026-06-08 11:20:00,1,1214.15,1219.0,pivot,4.849999999999909,0.1729945,4.477005499999909,141025.67324999714,1.0,2026-06-08,1216.85,1219.8,1212.35,0.0,1231.5,1231.75,1218.25,0.0,2026,0.0,0.0,0.0,0.0,0.0,0.0,0.0,0.0,0.0,0.0,0.0,0.0,0.0,0.0,0.0,1.0,1.0,2.0,1,10,0,6,58.06608963601328,0.1161397914587245,-0.9617810997336864,0.1161397914587245,0.8838602085412754,-0.0002676823756094,-0.0001736198312604,0.0034763668100598,True,60.59815596611959,0.7558849009230348,0.5148626970179185,0.7558849009230348,0.2441150990769651,-0.000346305150695,-0.0004022342343981,0.0060213546851835,True,33.41848647775557,0.8161701785924964,0.7214882037869342,0.8161701785924964,0.1838298214075036,-0.0011169861866417,-0.0011776369659953,0.0080818144971217,True,51.32471709256447,0.4748574899207319,-0.0037721865185502,0.4748574899207319,0.5251425100792682,-0.0026583133401271,-0.0031032861280957,0.0111397645887832,True,0.1161397914587245,0.8838602085412754,0.9617810997336864,0.7558849009230348,0.2441150990769651,-0.5148626970179185,0.8161701785924964,0.1838298214075036,-0.7214882037869342,0.4748574899207319,0.5251425100792682,0.0037721865185502,1,0,0,0.0,1,1,1,1,,0,1,1,0,1,0,0,1.0,1.0,0.0,0.0,0.0,,-0.7677204170825509,0.9617810997336864,0.5117698018460697,0.5148626970179185,0.6323403571849928,0.7214882037869342,-0.05028502015853625,0.0037721865185502,0.5173392,0.5373499828724052,0.5316025
2026-06-08 11:20:00,2026-06-08 11:55:00,-1,1219.0,1243.65,pivot,-24.65000000000009,0.1738795,-25.023879500000092,-788252.2042500029,1.0,2026-06-08,1231.5,1231.75,1218.25,0.0,1237.35,1246.65,1235.55,0.0,2026,0.0,0.0,0.0,0.0,0.0,0.0,0.0,0.0,0.0,0.0,0.0,0.0,0.0,0.0,0.0,1.0,2.0,2.0,0,11,0,6,17.722942030658793,0.9516317005429576,1.63470262639843,0.9516317005429576,0.0483682994570423,-0.0002676823756094,-0.0001736198312604,0.0034763668100598,True,12.121903922522474,0.9576447008096752,1.662747338362366,0.9576447008096752,0.0423552991903248,-0.000346305150695,-0.0004022342343981,0.0060213546851835,True,6.91466065137064,0.970273772990564,1.9821599868958009,0.970273772990564,0.029726227009436,-0.0011169861866417,-0.0011776369659953,0.0080818144971217,True,2.374084085625628,0.9816220081560936,2.1016879423570654,0.9816220081560936,0.0183779918439065,-0.0026583133401271,-0.0031032861280957,0.0111397645887832,True,0.0483682994570423,0.9516317005429576,1.63470262639843,0.0423552991903248,0.9576447008096752,1.662747338362366,0.029726227009436,0.970273772990564,1.9821599868958009,0.0183779918439065,0.9816220081560936,2.1016879423570654,1,0,0,0.0,1,1,1,1,,0,1,1,0,0,0,0,1.0,1.0,0.0,0.0,0.0,,-0.9032634010859153,1.63470262639843,-0.9152894016193505,1.662747338362366,-0.9405475459811281,1.9821599868958009,-0.963244016312187,2.1016879423570654,0.50914,0.5491819693897732,0.53844714
2026-06-08 11:55:00,2026-06-08 12:05:00,1,1243.65,1232.2,pivot,-11.450000000000044,0.1742755,-11.824275500000049,-372464.6782500015,1.0,2026-06-08,1237.35,1246.65,1235.55,0.0,1237.85,1241.5,1232.2,0.0,2026,0.0,0.0,0.0,0.0,0.0,0.0,0.0,0.0,0.0,0.0,0.0,0.0,0.0,0.0,0.0,1.0,2.0,2.0,0,11,0,6,10.94795831452061,0.0234516858157089,-2.0327738717183457,0.0234516858157089,0.976548314184291,-0.0002676823756094,-0.0001736198312604,0.0034763668100598,True,74.54560190641857,0.7022512042281127,0.3822090976363614,0.7022512042281127,0.2977487957718873,-0.000346305150695,-0.0004022342343981,0.0060213546851835,True,5.327179441481395,0.9775281155757656,2.129619069527796,0.9775281155757656,0.0224718844242343,-0.0011169861866417,-0.0011776369659953,0.0080818144971217,True,1.0494829324262152,0.9896130163925048,2.6507070926956167,0.9896130163925048,0.0103869836074951,-0.0026583133401271,-0.0031032861280957,0.0111397645887832,True,0.0234516858157089,0.976548314184291,2.0327738717183457,0.7022512042281127,0.2977487957718873,-0.3822090976363614,0.9775281155757656,0.0224718844242343,-2.129619069527796,0.9896130163925048,0.0103869836074951,-2.6507070926956167,1,0,0,0.0,1,1,1,1,,0,1,1,0,0,0,0,1.0,1.0,0.0,0.0,0.0,,-0.9530966283685821,2.0327738717183457,0.4045024084562254,0.3822090976363614,0.9550562311515313,2.129619069527796,0.9792260327850096,2.6507070926956167,0.50914,0.5491819693897732,0.5812597
2026-06-08 12:05:00,2026-06-08 12:25:00,-1,1232.2,1238.85,pivot,-6.649999999999864,0.1741315,-7.024131499999863,-221260.1422499957,1.0,2026-06-08,1237.85,1241.5,1232.2,0.0,1236.9,1238.95,1234.0,0.0,2026,0.0,0.0,0.0,0.0,0.0,0.0,0.0,0.0,0.0,0.0,0.0,0.0,0.0,0.0,0.0,1.0,1.0,2.0,0,12,0,6,22.769605673298607,0.0578512070580249,-1.3993872465961648,0.0578512070580249,0.942148792941975,-0.0002676823756094,-0.0001736198312604,0.0034763668100598,True,19.89207930338121,0.0735451371611611,-1.2966181501928271,0.0735451371611611,0.9264548628388388,-0.000346305150695,-0.0004022342343981,0.0060213546851835,True,68.78726778903766,0.4934739137215842,-0.0041942294025747,0.4934739137215842,0.5065260862784158,-0.0011169861866417,-0.0011776369659953,0.0080818144971217,True,5.862693503581847,0.9674223510003382,1.7782897885285982,0.9674223510003382,0.0325776489996617,-0.0026583133401271,-0.0031032861280957,0.0111397645887832,True,0.942148792941975,0.0578512070580249,-1.3993872465961648,0.9264548628388388,0.0735451371611611,-1.2966181501928271,0.5065260862784158,0.4934739137215842,-0.0041942294025747,0.0325776489996617,0.9674223510003382,1.7782897885285982,1,0,0,0.0,1,1,1,1,,0,1,0,1,1,0,0,1.0,1.0,0.0,0.0,0.0,,0.88429758588395,1.3993872465961648,0.8529097256776778,1.2966181501928271,0.013052172556831554,0.0041942294025747,-0.9348447020006765,1.7782897885285982,0.50914,0.5059815301303544,0.62717175
2026-06-08 12:25:00,2026-06-08 13:00:00,-1,1238.85,1234.8,pivot,4.0499999999999545,0.1742095,3.6757904999999544,115787.40074999856,1.0,2026-06-08,1236.9,1238.95,1234.0,0.0,1234.9,1239.15,1231.3,0.0,2026,0.0,0.0,0.0,0.0,0.0,0.0,0.0,0.0,0.0,0.0,0.0,0.0,0.0,0.0,0.0,1.0,1.0,2.0,1,12,0,6,34.96678677821029,0.0777568369073082,-1.199293418755926,0.0777568369073082,0.9222431630926918,-0.0002676823756094,-0.0001736198312604,0.0034763668100598,True,81.8267040834284,0.3311179935016149,-0.2908367855809392,0.3311179935016149,0.668882006498385,-0.000346305150695,-0.0004022342343981,0.0060213546851835,True,31.13254859470155,0.161012261430941,-0.7868871867534255,0.161012261430941,0.838987738569059,-0.0011169861866417,-0.0011776369659953,0.0080818144971217,True,14.838672878484214,0.8841472021517591,1.0412897058649389,0.8841472021517591,0.1158527978482408,-0.0026583133401271,-0.0031032861280957,0.0111397645887832,True,0.9222431630926918,0.0777568369073082,-1.199293418755926,0.668882006498385,0.3311179935016149,-0.2908367855809392,0.838987738569059,0.161012261430941,-0.7868871867534255,0.1158527978482408,0.8841472021517591,1.0412897058649389,1,0,0,0.0,1,1,1,1,,0,1,0,1,1,0,0,1.0,1.0,0.0,0.0,0.0,,0.8444863261853837,1.199293418755926,0.3377640129967701,0.2908367855809392,0.6779754771381179,0.7868871867534255,-0.7682944043035184,1.0412897058649389,0.50914,0.5059815301303544,0.6594751
2026-06-08 13:50:00,2026-06-08 14:20:00,-1,1218.3,1208.15,pivot,10.149999999999864,0.1727935,9.777206499999863,307982.0047499957,1.0,2026-06-08,1216.55,1224.45,1215.95,0.0,1212.65,1213.2,1207.55,0.0,2026,0.0,0.0,0.0,0.0,0.0,0.0,0.0,0.0,0.0,0.0,0.0,0.0,0.0,0.0,0.0,1.0,0.0,0.0,1,13,0,6,13.272013579535038,0.031469805504234,-1.844128490818613,0.031469805504234,0.968530194495766,-0.0002676823756094,-0.0001736198312604,0.0034763668100598,True,22.97023310589608,0.0892953589709251,-1.175589056090442,0.0892953589709251,0.9107046410290748,-0.000346305150695,-0.0004022342343981,0.0060213546851835,True,16.599106983016956,0.0859265069740213,-1.1824157437901253,0.0859265069740213,0.9140734930259788,-0.0011169861866417,-0.0011776369659953,0.0080818144971217,True,14.15208117910989,0.1124995187188934,-1.019602749466263,0.1124995187188934,0.8875004812811066,-0.0026583133401271,-0.0031032861280957,0.0111397645887832,True,0.968530194495766,0.031469805504234,-1.844128490818613,0.9107046410290748,0.0892953589709251,-1.175589056090442,0.9140734930259788,0.0859265069740213,-1.1824157437901253,0.8875004812811066,0.1124995187188934,-1.019602749466263,1,0,0,0.0,1,1,1,1,,0,1,0,1,0,1,0,1.0,1.0,0.0,0.0,0.0,,0.9370603889915321,1.844128490818613,0.8214092820581497,1.175589056090442,0.8281469860519576,1.1824157437901253,0.7750009625622132,1.019602749466263,0.5425894,0.770594096297213,0.6837276
2026-06-08 14:20:00,2026-06-08 14:45:00,-1,1208.15,1193.6,pivot,14.550000000000182,0.1720525,14.177947500000183,446605.34625000576,1.0,2026-06-08,1212.65,1213.2,1207.55,0.0,1188.9,1194.05,1186.25,0.0,2026,0.0,0.0,0.0,0.0,0.0,0.0,0.0,0.0,0.0,0.0,0.0,0.0,0.0,0.0,0.0,1.0,1.0,0.0,1,14,0,6,4.4883415908368205,0.008611536709472,-3.037878971902304,0.008611536709472,0.991388463290528,-0.0002489959705932,-0.0002785510829892,0.0021534007647523,True,38.40570748377067,0.1083418408183391,-1.090092683586223,0.1083418408183391,0.8916581591816608,-0.0006915793247465,-0.0008407914987825,0.0036317580719136,True,10.817462446830296,0.0366040764242996,-1.9293205844836023,0.0366040764242996,0.9633959235757004,-0.0012071125204979,-0.0016017462979116,0.0047506165829724,True,1.9937471859501013,0.0103048247067815,-3.1626986440922717,0.0103048247067815,0.9896951752932184,-0.0022007238582214,-0.0027994441102209,0.0059131356858564,True,0.991388463290528,0.008611536709472,-3.037878971902304,0.8916581591816608,0.1083418408183391,-1.090092683586223,0.9633959235757004,0.0366040764242996,-1.9293205844836023,0.9896951752932184,0.0103048247067815,-3.1626986440922717,1,0,0,0.0,1,1,1,1,,0,1,0,1,1,0,0,1.0,1.0,0.0,0.0,0.0,,0.982776926581056,3.037878971902304,0.7833163183633217,1.090092683586223,0.9267918471514007,1.9293205844836023,0.9793903505864369,3.1626986440922717,0.50965536,0.5186458786432009,0.6897545
2026-06-08 14:45:00,2026-06-08 15:10:00,-1,1193.6,1193.65,pivot,-0.0500000000001819,0.1716175,-0.4216175000001819,-13280.95125000573,1.0,2026-06-08,1188.9,1194.05,1186.25,0.0,1186.0,1194.15,1185.65,0.0,2026,0.0,0.0,0.0,0.0,0.0,0.0,0.0,0.0,0.0,0.0,0.0,0.0,0.0,0.0,0.0,1.0,0.0,0.0,0,14,0,6,35.37353623055867,0.0710615884414415,-1.3782547093744333,0.0710615884414415,0.9289384115585584,-0.0002489959705932,-0.0002785510829892,0.0021534007647523,True,3.412104066128533,0.0126082265311224,-2.805118745434014,0.0126082265311224,0.9873917734688776,-0.0006915793247465,-0.0008407914987825,0.0036317580719136,True,6.970978616888883,0.0263054337271266,-2.175138905046833,0.0263054337271266,0.9736945662728732,-0.0012071125204979,-0.0016017462979116,0.0047506165829724,True,1.501793880492144,0.0086122180745646,-3.325972507896996,0.0086122180745646,0.9913877819254354,-0.0022007238582214,-0.0027994441102209,0.0059131356858564,True,0.9289384115585584,0.0710615884414415,-1.3782547093744333,0.9873917734688776,0.0126082265311224,-2.805118745434014,0.9736945662728732,0.0263054337271266,-2.175138905046833,0.9913877819254354,0.0086122180745646,-3.325972507896996,1,0,0,0.0,1,1,1,1,,0,1,0,1,0,1,0,1.0,1.0,0.0,0.0,0.0,,0.8578768231171169,1.3782547093744333,0.9747835469377553,2.805118745434014,0.9473891325457466,2.175138905046833,0.9827755638508708,3.325972507896996,0.5425894,0.770594096297213,0.6856495
2026-06-08 15:10:00,2026-06-08 15:45:00,-1,1193.65,1178.25,eod,15.400000000000093,0.171157,15.028843000000089,473408.5545000028,1.0,2026-06-08,1186.0,1194.15,1185.65,0.0,1178.25,1178.25,1178.25,0.0,2026,0.0,0.0,0.0,0.0,0.0,0.0,0.0,0.0,0.0,0.0,0.0,0.0,0.0,0.0,0.0,1.0,0.0,0.0,1,15,0,6,18.42823069974804,0.9732043375007564,2.077675513960442,0.9732043375007564,0.0267956624992434,-0.0002489959705932,-0.0002785510829892,0.0021534007647523,True,18.837687520804412,0.9506521846076608,1.467789097952171,0.9506521846076608,0.0493478153923393,-0.0006915793247465,-0.0008407914987825,0.0036317580719136,True,22.462095142456285,0.0927770383381481,-1.2432301180451182,0.0927770383381481,0.9072229616618518,-0.0012071125204979,-0.0016017462979116,0.0047506165829724,True,1.5321844147414905,0.008717691606129,-3.314324046990304,0.008717691606129,0.991282308393871,-0.0022007238582214,-0.0027994441102209,0.0059131356858564,True,0.0267956624992434,0.9732043375007564,2.077675513960442,0.0493478153923393,0.9506521846076608,1.467789097952171,0.9072229616618518,0.0927770383381481,-1.2432301180451182,0.991282308393871,0.008717691606129,-3.314324046990304,1,0,0,0.0,1,1,1,1,,0,1,0,0,0,1,0,1.0,1.0,0.0,0.0,0.0,,-0.946408675001513,2.077675513960442,-0.9013043692153214,1.467789097952171,0.8144459233237037,1.2432301180451182,0.982564616787742,3.314324046990304,0.5425894,0.7916559075688199,0.663674
2026-06-09 10:50:00,2026-06-09 11:45:00,1,1230.55,1233.8,pivot,3.25,0.1739305,2.8760695,90596.18925,1.0,2026-06-09,1230.55,1236.2,1230.15,0.0,1233.85,1235.75,1232.9,0.0,2026,0.0,0.0,0.0,0.0,0.0,0.0,0.0,0.0,0.0,0.0,0.0,0.0,0.0,0.0,0.0,1.0,1.0,1.0,1,10,1,6,14.882998117959046,0.0278930972705968,-2.012902417722697,0.0278930972705968,0.9721069027294033,0.0001219411028181,0.0001808324372378,0.001704316115822,True,19.014152022899584,0.9674369365697338,1.7386958081724564,0.9674369365697338,0.0325630634302661,0.0004629071894288,0.0005724347317072,0.0028387067311563,True,1.0642630847460286,0.9952440441704672,3.4612418739299344,0.9952440441704672,0.0047559558295329,0.0009860338393875,0.001141855140021,0.0035280219931739,True,64.84835840255256,0.165736859054526,-0.8051358194884735,0.165736859054526,0.8342631409454739,0.0021790733647819,0.0026093807385957,0.0048570242325007,True,0.0278930972705968,0.9721069027294033,2.012902417722697,0.9674369365697338,0.0325630634302661,-1.7386958081724564,0.9952440441704672,0.0047559558295329,-3.4612418739299344,0.165736859054526,0.8342631409454739,0.8051358194884735,1,0,0,0.0,1,1,1,1,,0,1,1,0,1,0,0,1.0,1.0,0.0,0.0,0.0,,-0.9442138054588065,2.012902417722697,0.9348738731394678,1.7386958081724564,0.9904880883409343,3.4612418739299344,-0.6685262818909479,0.8051358194884735,0.5075804,0.5142534869249903,0.61277735
2026-06-09 11:45:00,2026-06-09 12:25:00,-1,1233.8,1244.55,pivot,-10.75,0.1743505,-11.1243505,-350417.04075,1.0,2026-06-09,1233.85,1235.75,1232.9,0.0,1248.05,1248.2,1244.25,0.0,2026,0.0,0.0,0.0,0.0,0.0,0.0,0.0,0.0,0.0,0.0,0.0,0.0,0.0,0.0,0.0,1.0,1.0,2.0,0,11,1,6,21.98953585096532,0.0334425046590573,-1.9254901250070409,0.0334425046590573,0.9665574953409426,0.000131630441588,0.0001339508730747,0.0021142066031858,True,135.77935629067468,0.5092006156400858,0.0330081472062121,0.5092006156400858,0.4907993843599142,0.0004204362563753,0.00037179155413,0.0035243060096276,True,57.29362237172749,0.1841441494285202,-0.8263035153006636,0.1841441494285202,0.8158558505714797,0.0008197976750379,0.0008843038598377,0.0046576014727982,True,52.77455723820007,0.1930394590883128,-0.7674104251806029,0.1930394590883128,0.8069605409116871,0.0017906136979014,0.0019675942639515,0.0061096040873038,True,0.9665574953409426,0.0334425046590573,-1.9254901250070409,0.4907993843599142,0.5092006156400858,0.0330081472062121,0.8158558505714797,0.1841441494285202,-0.8263035153006636,0.8069605409116871,0.1930394590883128,-0.7674104251806029,1,0,0,0.0,1,1,1,1,,0,1,1,0,1,0,0,1.0,1.0,0.0,0.0,0.0,,0.9331149906818853,1.9254901250070409,-0.01840123128017157,0.0330081472062121,0.6317117011429595,0.8263035153006636,0.6139210818233743,0.7674104251806029,0.50914,0.5035050657315145,0.5678402
2026-06-09 12:25:00,2026-06-09 13:30:00,-1,1244.55,1280.25,pivot,-35.700000000000045,0.175744,-36.07574400000004,-1136385.9360000014,1.0,2026-06-09,1248.05,1248.2,1244.25,0.0,1283.4,1285.1,1277.45,0.0,2026,0.0,0.0,0.0,0.0,0.0,0.0,0.0,0.0,0.0,0.0,0.0,0.0,0.0,0.0,0.0,1.0,2.0,2.0,0,12,1,6,6.2378498258511685,0.9903780047448963,2.5166244815679097,0.9903780047448963,0.0096219952551035,0.0001219411028181,0.0001808324372378,0.001704316115822,True,6.349279516900369,0.9838823806632672,2.2413437763976933,0.9838823806632672,0.0161176193367327,0.0004629071894288,0.0005724347317072,0.0028387067311563,True,11.6478541278408,0.971786346411216,2.089632302925559,0.971786346411216,0.0282136535887839,0.0009860338393875,0.001141855140021,0.0035280219931739,True,19.43968223240695,0.9348120059991786,1.5497144939767205,0.9348120059991786,0.0651879940008214,0.0021790733647819,0.0026093807385957,0.0048570242325007,True,0.0096219952551035,0.9903780047448963,2.5166244815679097,0.0161176193367327,0.9838823806632672,2.2413437763976933,0.0282136535887839,0.971786346411216,2.089632302925559,0.0651879940008214,0.9348120059991786,1.5497144939767205,1,0,0,0.0,1,1,1,1,,0,1,0,1,0,0,0,1.0,1.0,0.0,0.0,0.0,,-0.9807560094897928,2.5166244815679097,-0.9677647613265344,2.2413437763976933,-0.9435726928224321,2.089632302925559,-0.8696240119983571,1.5497144939767205,0.50914,0.5623567783436592,0.54887855
2026-06-09 13:30:00,2026-06-09 13:35:00,-1,1280.25,1283.35,pivot,-3.099999999999909,0.176908,-3.4769079999999084,-109522.60199999712,1.0,2026-06-09,1283.4,1285.1,1277.45,0.0,1288.75,1288.8,1282.8,0.0,2026,0.0,0.0,0.0,0.0,0.0,0.0,0.0,0.0,0.0,0.0,0.0,0.0,0.0,0.0,0.0,2.0,2.0,2.0,0,13,1,6,294.71663466573165,0.6300093184311005,0.1935337253237878,0.6300093184311005,0.3699906815688994,0.0001219411028181,0.0001808324372378,0.001704316115822,True,8.713260805626296,0.9809562128668918,2.102426311257942,0.9809562128668918,0.0190437871331081,0.0004629071894288,0.0005724347317072,0.0028387067311563,True,1.4392938580135208,0.9944680311333108,3.272317596225516,0.9944680311333108,0.0055319688666891,0.0009860338393875,0.001141855140021,0.0035280219931739,True,0.3577171756988533,0.9996204023146916,4.107465043010583,0.9996204023146916,0.0003795976853084,0.0021790733647819,0.0026093807385957,0.0048570242325007,True,0.3699906815688994,0.6300093184311005,0.1935337253237878,0.0190437871331081,0.9809562128668918,2.102426311257942,0.0055319688666891,0.9944680311333108,3.272317596225516,0.0003795976853084,0.9996204023146916,4.107465043010583,1,0,0,0.0,1,1,1,1,,0,1,0,1,0,0,0,1.0,1.0,0.0,0.0,0.0,,-0.2600186368622011,0.1935337253237878,-0.9619124257337838,2.102426311257942,-0.9889360622666218,3.272317596225516,-0.9992408046293833,4.107465043010583,0.50914,0.5705926612484341,0.5523168
2026-06-09 13:35:00,2026-06-09 14:15:00,-1,1283.35,1284.75,pivot,-1.400000000000091,0.177043,-1.777043000000091,-55976.85450000287,1.0,2026-06-09,1288.75,1288.8,1282.8,0.0,1284.95,1286.3,1283.55,0.0,2026,0.0,0.0,0.0,0.0,0.0,0.0,0.0,0.0,0.0,0.0,0.0,0.0,0.0,0.0,0.0,1.0,2.0,2.0,0,13,1,6,4.322083102839412,0.9965057790172448,3.1569227953269565,0.9965057790172448,0.0034942209827553,0.0001219411028181,0.0001808324372378,0.001704316115822,True,1.1236444629638775,0.9956571786328564,3.657889009957649,0.9956571786328564,0.0043428213671437,0.0004629071894288,0.0005724347317072,0.0028387067311563,True,1.4337493491940605,0.9969068622927256,3.824558960286834,0.9969068622927256,0.0030931377072742,0.0009860338393875,0.001141855140021,0.0035280219931739,True,0.0086195514505968,0.999967282828202,4.707338543151439,0.999967282828202,3.271717179786915e-05,0.0021790733647819,0.0026093807385957,0.0048570242325007,True,0.0034942209827553,0.9965057790172448,3.1569227953269565,0.0043428213671437,0.9956571786328564,3.657889009957649,0.0030931377072742,0.9969068622927256,3.824558960286834,3.271717179786915e-05,0.999967282828202,4.707338543151439,1,0,0,0.0,1,1,1,1,,0,1,0,1,0,0,0,1.0,1.0,0.0,0.0,0.0,,-0.9930115580344895,3.1569227953269565,-0.9913143572657127,3.657889009957649,-0.9938137245854515,3.824558960286834,-0.9999345656564042,4.707338543151439,0.50914,0.552593239060669,0.57223916
2026-06-09 14:30:00,2026-06-09 14:40:00,1,1279.4,1294.8,pivot,15.399999999999864,0.177226,15.022773999999863,473217.3809999957,1.0,2026-06-09,1294.35,1294.55,1278.55,0.0,1289.6,1294.85,1289.0,0.0,2026,0.0,0.0,0.0,0.0,0.0,0.0,0.0,0.0,0.0,0.0,0.0,0.0,0.0,0.0,0.0,1.0,2.0,2.0,1,14,1,6,130.0889943299339,0.1311925138965664,-0.8600248742973449,0.1311925138965664,0.8688074861034336,0.0001219411028181,0.0001808324372378,0.001704316115822,True,90.3593012072029,0.8181757625570297,0.7191429271641507,0.8181757625570297,0.1818242374429702,0.0004629071894288,0.0005724347317072,0.0028387067311563,True,118.99837379517795,0.6496940584942419,0.273329369136065,0.6496940584942419,0.3503059415057581,0.0009860338393875,0.001141855140021,0.0035280219931739,True,26.39214343815153,0.8867291059356562,1.097659749606475,0.8867291059356562,0.1132708940643437,0.0021790733647819,0.0026093807385957,0.0048570242325007,True,0.1311925138965664,0.8688074861034336,0.8600248742973449,0.8181757625570297,0.1818242374429702,-0.7191429271641507,0.6496940584942419,0.3503059415057581,-0.273329369136065,0.8867291059356562,0.1132708940643437,-1.097659749606475,1,0,0,0.0,1,1,1,1,,0,1,0,1,0,0,0,1.0,1.0,0.0,0.0,0.0,,-0.7376149722068672,0.8600248742973449,0.6363515251140596,0.7191429271641507,0.2993881169884838,0.273329369136065,0.7734582118713126,1.097659749606475,0.50914,0.5487368490738442,0.5843464
2026-06-10 10:25:00,2026-06-10 10:30:00,1,1255.35,1257.3,pivot,1.9500000000000453,0.1753795,1.5746205000000455,49600.54575000143,1.0,2026-06-10,1257.15,1259.65,1252.6,0.0,1258.5,1258.95,1250.25,0.0,2026,0.0,0.0,0.0,0.0,0.0,0.0,0.0,0.0,0.0,0.0,0.0,0.0,0.0,0.0,0.0,1.0,1.0,1.0,1,10,2,6,2.9594576272052806,0.9968187534772054,3.278697080676584,0.9968187534772054,0.0031812465227946,-0.0001291244206015,-0.000132275943533,0.002593159772166,True,10.031898521094284,0.9687365762423888,1.943303513155085,0.9687365762423888,0.0312634237576111,-0.0003839896813603,-0.0003963719999669,0.0046340243162027,True,5.531876703296981,0.975537580657064,2.1386922075007857,0.975537580657064,0.0244624193429361,-0.0007304577361633,-0.0006046941328746,0.0066800860624975,True,35.5713867469808,0.7643499277970073,0.5686100846927332,0.7643499277970073,0.2356500722029927,-0.0016747684028478,-0.0010248287920061,0.0087632611860598,True,0.9968187534772054,0.0031812465227946,-3.278697080676584,0.9687365762423888,0.0312634237576111,-1.943303513155085,0.975537580657064,0.0244624193429361,-2.1386922075007857,0.7643499277970073,0.2356500722029927,-0.5686100846927332,1,0,0,0.0,1,1,1,1,,0,1,1,0,1,0,0,1.0,1.0,0.0,0.0,0.0,,0.9936375069544108,3.278697080676584,0.9374731524847777,1.943303513155085,0.9510751613141278,2.1386922075007857,0.5286998555940146,0.5686100846927332,0.5075804,0.5142534869249903,0.6063388
2026-06-10 10:30:00,2026-06-10 12:00:00,-1,1257.3,1238.45,pivot,18.84999999999991,0.1748725,18.47512749999991,581966.5162499972,1.0,2026-06-10,1258.5,1258.95,1250.25,0.0,1242.55,1243.55,1238.15,0.0,2026,0.0,0.0,0.0,0.0,0.0,0.0,0.0,0.0,0.0,0.0,0.0,0.0,0.0,0.0,0.0,1.0,1.0,2.0,1,10,2,6,6.424755558243316,0.0155947651546567,-2.19841664013034,0.0155947651546567,0.9844052348453431,-0.0003121210431548,-0.0001561294769066,0.0037543452348333,True,36.11367966625539,0.8364304396299137,0.7749140075793911,0.8364304396299137,0.1635695603700863,-0.0003777852471218,-0.000395490747285,0.0062808151032888,True,32.00900569869635,0.8132152765617221,0.7109297354203459,0.8132152765617221,0.1867847234382779,-0.0011408220386713,-0.0011279740846368,0.0083830639680725,True,40.84806758020356,0.3268096946244189,-0.2996955548068425,0.3268096946244189,0.6731903053755811,-0.0025663640279043,-0.0027952317152727,0.011476727779212,True,0.9844052348453431,0.0155947651546567,-2.19841664013034,0.1635695603700863,0.8364304396299137,0.7749140075793911,0.1867847234382779,0.8132152765617221,0.7109297354203459,0.6731903053755811,0.3268096946244189,-0.2996955548068425,1,0,0,0.0,1,1,1,1,,0,1,1,0,1,0,0,1.0,1.0,0.0,0.0,0.0,,0.9688104696906864,2.19841664013034,-0.6728608792598274,0.7749140075793911,-0.6264305531234442,0.7109297354203459,0.3463806107511622,0.2996955548068425,0.5173392,0.5381202909956546,0.6557256
2026-06-10 12:00:00,2026-06-10 13:35:00,1,1238.45,1210.3,pivot,-28.15000000000009,0.1734625,-28.523462500000093,-898489.0687500029,1.0,2026-06-10,1242.55,1243.55,1238.15,0.0,1206.65,1211.9,1204.8,0.0,2026,0.0,0.0,0.0,0.0,0.0,0.0,0.0,0.0,0.0,0.0,0.0,0.0,0.0,0.0,0.0,1.0,1.0,0.0,0,12,2,6,21.84968642750826,0.056190204270041,-1.4292672772211097,0.056190204270041,0.943809795729959,-0.0003121210431548,-0.0001561294769066,0.0037543452348333,True,76.21142180720415,0.6892006111137713,0.3399253975593573,0.6892006111137713,0.3107993888862287,-0.0003777852471218,-0.000395490747285,0.0062808151032888,True,59.70668609579685,0.6401928067543171,0.2599781957220688,0.6401928067543171,0.3598071932456829,-0.0011408220386713,-0.0011279740846368,0.0083830639680725,True,23.314557647257253,0.1764155004383512,-0.7126290741972825,0.1764155004383512,0.8235844995616488,-0.0025663640279043,-0.0027952317152727,0.011476727779212,True,0.056190204270041,0.943809795729959,1.4292672772211097,0.6892006111137713,0.3107993888862287,-0.3399253975593573,0.6401928067543171,0.3598071932456829,-0.2599781957220688,0.1764155004383512,0.8235844995616488,0.7126290741972825,1,0,0,0.0,1,1,1,1,,0,1,0,1,1,0,0,1.0,1.0,0.0,0.0,0.0,,-0.8876195914599181,1.4292672772211097,0.3784012222275426,0.3399253975593573,0.2803856135086342,0.2599781957220688,-0.6471689991232976,0.7126290741972825,0.50965536,0.5356435457181504,0.6713891
2026-06-10 13:35:00,2026-06-10 14:30:00,1,1210.3,1214.95,pivot,4.650000000000091,0.1727575,4.277242500000091,134733.13875000286,1.0,2026-06-10,1206.65,1211.9,1204.8,0.0,1205.3,1215.7,1204.75,0.0,2026,0.0,0.0,0.0,0.0,0.0,0.0,0.0,0.0,0.0,0.0,0.0,0.0,0.0,0.0,0.0,1.0,0.0,0.0,1,13,2,6,31.91148531906875,0.0630707789155648,-1.5784420587037402,0.0630707789155648,0.9369292210844352,-0.0002958583576998,-0.0003283903004793,0.002611734884801,True,8.004010582128421,0.0227274359248084,-2.242667978428453,0.0227274359248084,0.9772725640751916,-0.0009090521934108,-0.0009928337208306,0.0043566680718318,True,3.450756685959995,0.0148794403249834,-2.6649181897840277,0.0148794403249834,0.9851205596750164,-0.0016378405620452,-0.0020344178394564,0.0057969784651748,True,2.146894289792761,0.0101725009297777,-2.9960307618842448,0.0101725009297777,0.9898274990702224,-0.0030022698702621,-0.0038743159896148,0.0072541335523488,True,0.0630707789155648,0.9369292210844352,1.5784420587037402,0.0227274359248084,0.9772725640751916,2.242667978428453,0.0148794403249834,0.9851205596750164,2.6649181897840277,0.0101725009297777,0.9898274990702224,2.9960307618842448,1,0,0,0.0,1,1,1,1,,0,1,0,1,0,1,0,1.0,1.0,0.0,0.0,0.0,,-0.8738584421688704,1.5784420587037402,-0.9545451281503832,2.242667978428453,-0.970241119350033,2.6649181897840277,-0.9796549981404447,2.9960307618842448,0.5425894,0.7825921160981738,0.6930406
2026-06-10 14:30:00,2026-06-10 15:30:00,1,1214.95,1229.95,pivot,15.0,0.173347,14.626653,460739.5695,1.0,2026-06-10,1205.3,1215.7,1204.75,0.0,1231.4,1233.0,1229.85,0.0,2026,0.0,0.0,0.0,0.0,0.0,0.0,0.0,0.0,0.0,0.0,0.0,0.0,0.0,0.0,0.0,1.0,1.0,0.0,1,14,2,6,167.23990296125473,0.7225935041806477,0.428950307406837,0.7225935041806477,0.2774064958193523,-0.0002958583576998,-0.0003283903004793,0.002611734884801,True,26.073486276720967,0.0815485219894104,-1.3256257469573154,0.0815485219894104,0.9184514780105896,-0.0009090521934108,-0.0009928337208306,0.0043566680718318,True,11.87277420837326,0.0498940538979166,-1.6995051769902794,0.0498940538979166,0.9501059461020832,-0.0016378405620452,-0.0020344178394564,0.0057969784651748,True,15.534734352440545,0.1071941888976292,-1.2746472843293384,0.1071941888976292,0.8928058111023708,-0.0030022698702621,-0.0038743159896148,0.0072541335523488,True,0.7225935041806477,0.2774064958193523,-0.428950307406837,0.0815485219894104,0.9184514780105896,1.3256257469573154,0.0498940538979166,0.9501059461020832,1.6995051769902794,0.1071941888976292,0.8928058111023708,1.2746472843293384,1,0,0,0.0,1,1,1,1,,0,1,0,1,1,0,0,1.0,1.0,0.0,0.0,0.0,,0.44518700836129543,0.428950307406837,-0.8369029560211791,1.3256257469573154,-0.9002118922041666,1.6995051769902794,-0.7856116222047416,1.2746472843293384,0.50965536,0.5359255333824356,0.6876614
2026-06-11 10:25:00,2026-06-11 10:40:00,1,1226.65,1230.2,pivot,3.5499999999999545,0.1737055,3.1762944999999543,100053.27674999856,1.0,2026-06-11,1233.4,1235.0,1224.3,0.0,1230.35,1235.5,1227.0,0.0,2026,0.0,0.0,0.0,0.0,0.0,0.0,0.0,0.0,0.0,0.0,0.0,0.0,0.0,0.0,0.0,1.0,2.0,2.0,1,10,3,6,1.1265080704739745,0.0022559191756999,-3.3667078318972923,0.0022559191756999,0.9977440808243,-0.0001291244206015,-0.000132275943533,0.002593159772166,True,24.026007495952744,0.9270873844916308,1.3612099332310132,0.9270873844916308,0.0729126155083692,-0.0003839896813603,-0.0003963719999669,0.0046340243162027,True,0.0445863651710315,0.9999677156986954,4.317922757726936,0.9999677156986954,3.228430130464144e-05,-0.0007304577361633,-0.0006046941328746,0.0066800860624975,True,1.4412124333001877,0.9869837031931435,2.891790001394916,0.9869837031931435,0.0130162968068563,-0.0016747684028478,-0.0010248287920061,0.0087632611860598,True,0.0022559191756999,0.9977440808243,3.3667078318972923,0.9270873844916308,0.0729126155083692,-1.3612099332310132,0.9999677156986954,3.228430130464144e-05,-4.317922757726936,0.9869837031931435,0.0130162968068563,-2.891790001394916,1,0,0,0.0,1,1,1,1,,0,1,1,0,0,0,0,1.0,1.0,0.0,0.0,0.0,,-0.9954881616486001,3.3667078318972923,0.8541747689832615,1.3612099332310132,0.9999354313973907,4.317922757726936,0.9739674063862872,2.891790001394916,0.5173392,0.5604780544020419,0.66529
2026-06-11 10:40:00,2026-06-11 11:00:00,1,1230.2,1219.7,pivot,-10.5,0.173497,-10.873497,-342515.1555,1.0,2026-06-11,1230.35,1235.5,1227.0,0.0,1221.75,1224.4,1218.0,0.0,2026,0.0,0.0,0.0,0.0,0.0,0.0,0.0,0.0,0.0,0.0,0.0,0.0,0.0,0.0,0.0,1.0,2.0,2.0,0,10,3,6,2.8083186048969617,0.0049408594194113,-2.8519577196434587,0.0049408594194113,0.9950591405805886,-0.0001291244206015,-0.000132275943533,0.002593159772166,True,40.37515847195507,0.1215779950913381,-0.9520280996385164,0.1215779950913381,0.8784220049086618,-0.0003839896813603,-0.0003963719999669,0.0046340243162027,True,66.94598643062731,0.6346265988822369,0.2557016007842099,0.6346265988822369,0.365373401117763,-0.0007304577361633,-0.0006046941328746,0.0066800860624975,True,1.336447407336001,0.9887627252775324,3.0391403576034417,0.9887627252775324,0.0112372747224677,-0.0016747684028478,-0.0010248287920061,0.0087632611860598,True,0.0049408594194113,0.9950591405805886,2.8519577196434587,0.1215779950913381,0.8784220049086618,0.9520280996385164,0.6346265988822369,0.365373401117763,-0.2557016007842099,0.9887627252775324,0.0112372747224677,-3.0391403576034417,1,0,0,0.0,1,1,1,1,,0,1,1,0,0,0,0,1.0,1.0,0.0,0.0,0.0,,-0.9901182811611774,2.8519577196434587,-0.7568440098173237,0.9520280996385164,0.26925319776447393,0.2557016007842099,0.9775254505550647,3.0391403576034417,0.5173392,0.5604780544020419,0.6411779
2026-06-11 11:00:00,2026-06-11 11:30:00,-1,1219.7,1203.05,pivot,16.65000000000009,0.1726825,16.27731750000009,512735.5012500028,1.0,2026-06-11,1221.75,1224.4,1218.0,0.0,1199.5,1207.45,1198.1,0.0,2026,0.0,0.0,0.0,0.0,0.0,0.0,0.0,0.0,0.0,0.0,0.0,0.0,0.0,0.0,0.0,1.0,1.0,2.0,1,11,3,6,1.3557368107281504,0.0048222189629145,-3.534015162418693,0.0048222189629145,0.9951777810370854,0.000131630441588,0.0001339508730747,0.0021142066031858,True,15.167633706087964,0.0338049482751965,-1.9684675465629764,0.0338049482751965,0.9661950517248036,0.0004204362563753,0.00037179155413,0.0035243060096276,True,55.15261320469574,0.1762019841254408,-0.856451194138373,0.1762019841254408,0.8237980158745591,0.0008197976750379,0.0008843038598377,0.0046576014727982,True,20.98932397532361,0.920745840690745,1.408143331805076,0.920745840690745,0.0792541593092549,0.0017906136979014,0.0019675942639515,0.0061096040873038,True,0.9951777810370854,0.0048222189629145,-3.534015162418693,0.9661950517248036,0.0338049482751965,-1.9684675465629764,0.8237980158745591,0.1762019841254408,-0.856451194138373,0.0792541593092549,0.920745840690745,1.408143331805076,1,0,0,0.0,1,1,1,1,,0,1,1,0,1,0,0,1.0,1.0,0.0,0.0,0.0,,0.990355562074171,3.534015162418693,0.932390103449607,1.9684675465629764,0.6475960317491183,0.856451194138373,-0.8414916813814901,1.408143331805076,0.50914,0.5123001042481472,0.60632
2026-06-11 11:30:00,2026-06-11 11:35:00,-1,1203.05,1199.4,pivot,3.649999999999864,0.1720735,3.277926499999864,103254.68474999572,1.0,2026-06-11,1199.5,1207.45,1198.1,0.0,1208.0,1209.0,1198.6,0.0,2026,0.0,0.0,0.0,0.0,0.0,0.0,0.0,0.0,0.0,0.0,0.0,0.0,0.0,0.0,0.0,1.0,0.0,1.0,1,11,3,6,27.596447177824366,0.0718200186956231,-1.2814871235268483,0.0718200186956231,0.9281799813043768,-0.0003066756500567,-0.0001389365130221,0.003850747460662,True,2.953251283583639,0.0202359868348399,-2.2670997357300307,0.0202359868348399,0.97976401316516,-0.0003750279287784,-0.0003483136059129,0.0065082716636228,True,3.4015330020669783,0.0261962896050884,-2.080665146240515,0.0261962896050884,0.9738037103949116,-0.0011809588219908,-0.001116215284849,0.0085151615048441,True,5.095935233022011,0.0503455980295066,-1.649924667855759,0.0503455980295066,0.9496544019704932,-0.0025681383288287,-0.0028635660870239,0.0115608632385097,True,0.9281799813043768,0.0718200186956231,-1.2814871235268483,0.97976401316516,0.0202359868348399,-2.2670997357300307,0.9738037103949116,0.0261962896050884,-2.080665146240515,0.9496544019704932,0.0503455980295066,-1.649924667855759,1,0,0,0.0,1,1,1,1,,0,1,1,0,0,1,0,1.0,1.0,0.0,0.0,0.0,,0.8563599626087537,1.2814871235268483,0.9595280263303202,2.2670997357300307,0.9476074207898233,2.080665146240515,0.8993088039409867,1.649924667855759,0.5305238,0.7008030368062612,0.5844786
2026-06-11 11:35:00,2026-06-11 11:55:00,1,1199.4,1208.05,pivot,8.649999999999864,0.1722235,8.277776499999865,260749.95974999573,1.0,2026-06-11,1208.0,1209.0,1198.6,0.0,1213.45,1215.1,1207.85,0.0,2026,0.0,0.0,0.0,0.0,0.0,0.0,0.0,0.0,0.0,0.0,0.0,0.0,0.0,0.0,0.0,1.0,0.0,1.0,1,11,3,6,53.88738270445712,0.8537644676894741,0.8468517187483828,0.8537644676894741,0.1462355323105258,-0.0003066756500567,-0.0001389365130221,0.003850747460662,True,27.224601358169977,0.1205810857198936,-0.9839126587848284,0.1205810857198936,0.8794189142801063,-0.0003750279287784,-0.0003483136059129,0.0065082716636228,True,9.47698913033292,0.0567545272305322,-1.4735229577054247,0.0567545272305322,0.9432454727694678,-0.0011809588219908,-0.001116215284849,0.0085151615048441,True,3.620644714395825,0.03726699128006,-1.9109801785474176,0.03726699128006,0.96273300871994,-0.0025681383288287,-0.0028635660870239,0.0115608632385097,True,0.8537644676894741,0.1462355323105258,-0.8468517187483828,0.1205810857198936,0.8794189142801063,0.9839126587848284,0.0567545272305322,0.9432454727694678,1.4735229577054247,0.03726699128006,0.96273300871994,1.9109801785474176,1,0,0,0.0,1,1,1,1,,0,1,1,0,0,1,0,1.0,1.0,0.0,0.0,0.0,,0.7075289353789483,0.8468517187483828,-0.7588378285602128,0.9839126587848284,-0.8864909455389356,1.4735229577054247,-0.9254660174398801,1.9109801785474176,0.5305238,0.7008030368062612,0.51886284
2026-06-18 10:25:00,2026-06-18 10:30:00,1,1441.1,1439.6,pivot,-1.5,0.186421,-1.8864210000000001,-59422.2615,1.0,2026-06-18,1439.35,1443.15,1438.15,0.0,1445.6,1447.1,1439.6,0.0,2026,0.0,0.0,0.0,0.0,0.0,0.0,0.0,0.0,0.0,0.0,0.0,0.0,0.0,0.0,0.0,1.0,1.0,1.0,0,10,3,6,227.3972041587744,0.6010490312672092,0.1983156974702454,0.6010490312672092,0.3989509687327908,0.000131630441588,0.0001339508730747,0.0021142066031858,True,69.02714643675617,0.8485562333435062,0.9262496467438952,0.8485562333435062,0.1514437666564938,0.0004204362563753,0.00037179155413,0.0035243060096276,True,48.40622518397184,0.1527853791309706,-0.952941465724684,0.1527853791309706,0.8472146208690293,0.0008197976750379,0.0008843038598377,0.0046576014727982,True,42.72662043314839,0.8050026908867054,0.7906682425252043,0.8050026908867054,0.1949973091132946,0.0017906136979014,0.0019675942639515,0.0061096040873038,True,0.6010490312672092,0.3989509687327908,-0.1983156974702454,0.8485562333435062,0.1514437666564938,-0.9262496467438952,0.1527853791309706,0.8472146208690293,0.952941465724684,0.8050026908867054,0.1949973091132946,-0.7906682425252043,1,0,0,0.0,1,1,1,1,,0,1,1,0,1,0,0,1.0,1.0,0.0,0.0,0.0,,0.20209806253441842,0.1983156974702454,0.6971124666870123,0.9262496467438952,-0.6944292417380588,0.952941465724684,0.6100053817734108,0.7906682425252043,0.5075804,0.5106550274582812,0.5314492
2026-06-18 10:30:00,2026-06-18 12:20:00,-1,1439.6,1447.65,pivot,-8.050000000000182,0.1866175,-8.436617500000182,-265753.45125000575,1.0,2026-06-18,1445.6,1447.1,1439.6,0.0,1451.15,1451.25,1447.2,0.0,2026,0.0,0.0,0.0,0.0,0.0,0.0,0.0,0.0,0.0,0.0,0.0,0.0,0.0,0.0,0.0,1.0,1.0,2.0,0,10,3,6,27.9071897130665,0.0481914570333597,-1.7006988315116065,0.0481914570333597,0.9518085429666402,0.0001829185158822,0.0001844431043243,0.0022057036614979,True,132.31066481579717,0.503241666067287,0.0040714245474341,0.503241666067287,0.4967583339327129,0.0006001594120175,0.0006099390255174,0.0036086359081798,True,87.92553296415109,0.3494726399182171,-0.3713786964831639,0.3494726399182171,0.6505273600817829,0.001007136530095,0.0011768367224561,0.0047563532224351,True,72.16793494138876,0.3864323613351969,-0.3196792714423144,0.3864323613351969,0.613567638664803,0.0018311956887695,0.0023178628642561,0.0064908714195455,True,0.9518085429666402,0.0481914570333597,-1.7006988315116065,0.4967583339327129,0.503241666067287,0.0040714245474341,0.6505273600817829,0.3494726399182171,-0.3713786964831639,0.613567638664803,0.3864323613351969,-0.3196792714423144,1,0,0,0.0,1,1,1,1,,0,1,1,0,1,0,0,1.0,1.0,0.0,0.0,0.0,,0.9036170859332805,1.7006988315116065,-0.006483332134574138,0.0040714245474341,0.3010547201635658,0.3713786964831639,0.22713527732960614,0.3196792714423144,0.5173392,0.5345218315289454,0.57240486
2026-06-19 10:40:00,2026-06-19 10:45:00,-1,1527.3,1526.95,pivot,0.349999999999909,0.1916275,-0.04162750000009093,-1311.2662500028644,1.0,2026-06-19,1526.9,1527.5,1522.15,0.0,1528.55,1529.15,1525.35,0.0,2026,0.0,0.0,0.0,0.0,0.0,0.0,0.0,0.0,0.0,0.0,0.0,0.0,0.0,0.0,0.0,1.0,1.0,1.0,0,10,4,6,104.51616245515171,0.1637820380728098,-0.838288421391272,0.1637820380728098,0.8362179619271901,0.0001829185158822,0.0001844431043243,0.0022057036614979,True,115.722649109767,0.3193079911524954,-0.3952330770374214,0.3193079911524954,0.6806920088475046,0.0006001594120175,0.0006099390255174,0.0036086359081798,True,95.54993463934863,0.4339713704016796,-0.1787345701773245,0.4339713704016796,0.5660286295983203,0.001007136530095,0.0011768367224561,0.0047563532224351,True,50.85700021282448,0.752624037957416,0.546380871028512,0.752624037957416,0.247375962042584,0.0018311956887695,0.0023178628642561,0.0064908714195455,True,0.8362179619271901,0.1637820380728098,-0.838288421391272,0.6806920088475046,0.3193079911524954,-0.3952330770374214,0.5660286295983203,0.4339713704016796,-0.1787345701773245,0.247375962042584,0.752624037957416,0.546380871028512,1,0,0,0.0,1,1,1,1,,0,1,1,0,1,0,0,1.0,1.0,0.0,0.0,0.0,,0.6724359238543803,0.838288421391272,0.36138401769500916,0.3952330770374214,0.13205725919664074,0.1787345701773245,-0.5052480759148319,0.546380871028512,0.5075804,0.5046910494460957,0.6068683
2026-06-19 10:45:00,2026-06-19 11:15:00,-1,1526.95,1515.3,pivot,11.650000000000093,0.1912675,11.258732500000088,354650.0737500028,1.0,2026-06-19,1528.55,1529.15,1525.35,0.0,1507.6,1516.2,1507.25,0.0,2026,0.0,0.0,0.0,0.0,0.0,0.0,0.0,0.0,0.0,0.0,0.0,0.0,0.0,0.0,0.0,1.0,1.0,1.0,1,10,4,6,77.21201258036884,0.1189355256962333,-1.0621178920402643,0.1189355256962333,0.8810644743037667,0.0001829185158822,0.0001844431043243,0.0022057036614979,True,35.04412893279456,0.0859568060550687,-1.2916350574899769,0.0859568060550687,0.9140431939449312,0.0006001594120175,0.0006099390255174,0.0036086359081798,True,79.17451536201523,0.2809040442313092,-0.5431711316243499,0.2809040442313092,0.7190959557686907,0.001007136530095,0.0011768367224561,0.0047563532224351,True,66.9785344362572,0.5766515385960153,0.0974854413253478,0.5766515385960153,0.4233484614039847,0.0018311956887695,0.0023178628642561,0.0064908714195455,True,0.8810644743037667,0.1189355256962333,-1.0621178920402643,0.9140431939449312,0.0859568060550687,-1.2916350574899769,0.7190959557686907,0.2809040442313092,-0.5431711316243499,0.4233484614039847,0.5766515385960153,0.0974854413253478,1,0,0,0.0,1,1,1,1,,0,1,1,0,1,0,0,1.0,1.0,0.0,0.0,0.0,,0.7621289486075333,1.0621178920402643,0.8280863878898624,1.2916350574899769,0.43819191153738146,0.5431711316243499,-0.15330307719203057,0.0974854413253478,0.5075804,0.5046910494460957,0.58889663
2026-06-19 11:15:00,2026-06-19 11:55:00,1,1515.3,1521.4,pivot,6.100000000000136,0.191101,5.7088990000001365,179830.3185000043,1.0,2026-06-19,1507.6,1516.2,1507.25,0.0,1517.35,1522.7,1517.0,0.0,2026,0.0,0.0,0.0,0.0,0.0,0.0,0.0,0.0,0.0,0.0,0.0,0.0,0.0,0.0,0.0,1.0,0.0,0.0,1,11,4,6,137.36311475083824,0.2177066944885898,-0.6361016488639573,0.2177066944885898,0.7822933055114102,0.0001829185158822,0.0001844431043243,0.0022057036614979,True,106.99417769882103,0.2816078523439162,-0.4884712443367099,0.2816078523439162,0.7183921476560837,0.0006001594120175,0.0006099390255174,0.0036086359081798,True,16.239764214242825,0.0501909347049572,-1.6492705844237243,0.0501909347049572,0.9498090652950428,0.001007136530095,0.0011768367224561,0.0047563532224351,True,11.044090126933094,0.0465493654764194,-1.6010510713826451,0.0465493654764194,0.9534506345235806,0.0018311956887695,0.0023178628642561,0.0064908714195455,True,0.2177066944885898,0.7822933055114102,0.6361016488639573,0.2816078523439162,0.7183921476560837,0.4884712443367099,0.0501909347049572,0.9498090652950428,1.6492705844237243,0.0465493654764194,0.9534506345235806,1.6010510713826451,1,0,0,0.0,1,1,1,1,,0,1,1,0,0,1,0,1.0,1.0,0.0,0.0,0.0,,-0.5645866110228204,0.6361016488639573,-0.4367842953121675,0.4884712443367099,-0.8996181305900857,1.6492705844237243,-0.9069012690471612,1.6010510713826451,0.5258985,0.7696948210962681,0.5334191
