entry_time,exit_time,direction,entry_px,exit_px,exit_reason,gross_pts,cost_pts,net_pts,net_krw,size_factor,exit_date,entry_close,entry_volume,exit_close,exit_high,exit_low,exit_volume,year,atr_normalized,volatility_regime,trend_regime,momentum_regime,is_win,entry_hour,entry_dayofweek,entry_month,entry_open,entry_high,entry_low,entry_atr,entry_rsi,entry_macd,entry_macd_signal,entry_macd_hist,entry_bb_middle,entry_bb_upper,entry_bb_lower,entry_ma5,entry_ma10,entry_ma20,entry_ma60,entry_supertrend,entry_supertrend_dir,future_return_1,is_win_h1,future_return_5,is_win_h5,future_return_10,is_win_h10,future_return_20,is_win_h20,future_return_3,is_win_h3,future_return_4,is_win_h4,future_return_6,is_win_h6,future_return_7,is_win_h7,timestamp,ret_log_1m,ret_log_5m,ret_log_1m_kde_pdf,ret_log_1m_kde_cdf,ret_log_1m_kde_zscore,ret_log_1m_kde_left_tail,ret_log_1m_kde_right_tail,ret_log_1m_kde_median,ret_log_1m_kde_mean,ret_log_1m_kde_std,ret_log_1m_kde_ready,ret_log_5m_kde_pdf,ret_log_5m_kde_cdf,ret_log_5m_kde_zscore,ret_log_5m_kde_left_tail,ret_log_5m_kde_right_tail,ret_log_5m_kde_median,ret_log_5m_kde_mean,ret_log_5m_kde_std,ret_log_5m_kde_ready,rsi_oversold,rsi_overbought,macd_bullish,macd_strength,price_above_ma20,price_above_ma60,price_above_ma5,price_above_ma10,bb_position,bb_lower_touch,price_above_st,is_morning,is_afternoon,is_bull,is_neutral,is_bear,price_ma20_ratio,price_ma60_ratio,bb_width,atr_ratio,rsi_macd_interaction,rsi_bb_interaction,pnl_per_contract,_has_kde,filter_score,entry_score,exit_score
2025-01-02 14:20:00,2025-01-02 15:45:00,1,316.7,317.6,eod,0.9000000000000341,0.119029,0.6809710000000341,21450.586500001074,1.0,2025-01-02,317.2,0.0,317.6,317.6,317.6,0.0,2025,0.0,1.0,1.0,1.0,1,14,3,1,316.7,317.35,316.7,0.3918985449867862,59.42788697005415,-0.0929900074706893,-0.20994041474108,0.1169504072703906,316.4825,316.9529700886859,316.01202991131413,316.66,316.545,316.4825,317.1491666666667,317.2918521140575,-1.0,0.0014209030628354,1,0.0031575623618566,1,0.0045784654246921,1,0.0132617619197978,1,0.002841806125671,1,0.0025260498894853,1,0.0036311967161352,1,0.0029996842437637,1,2025-01-02 14:20:00,0.0014196705594443,0.0026832941677996,100.7439115118877,0.9288999710433604,0.9973292898682412,0.9288999710433604,0.0711000289566397,-4.681387056777516e-06,-9.756781891933756e-06,0.0014332551503878,True,62.08278803801142,0.8857549442622049,0.8764469055181237,0.8857549442622049,0.114245055737795,-6.101232877103471e-06,-5.002537066031658e-05,0.0031186367608247,True,0,0,1,0.11695040727039069,1,0,1,1,0.731151783323242,1,0,0,1,1,0,0,0.0006867698137037345,-0.0014182717608674231,0.002971077288827824,0.00123744409531666,6.950115584366572,43.45080553728715,89.5168929586365,True,0.6978326,0.6023764403862142,42.431416
2025-01-08 10:35:00,2025-01-08 11:45:00,1,333.75,335.75,pivot,2.0,0.120085,1.7799150000000001,56067.3225,1.0,2025-01-08,334.65,0.0,335.75,335.85,335.55,0.0,2025,0.0,1.0,1.0,2.0,1,10,2,1,333.75,334.95,333.45,0.8700161578882947,70.13940477199128,0.4149144559120259,0.095260493740375,0.3196539621716509,331.94,333.796879102381,330.083120897619,332.79,332.065,331.94,331.9625,331.4539301912142,1.0,0.0031460674157303,1,0.003445692883895,1,0.004943820224719,1,0.0073408239700374,1,0.0058426966292134,1,0.0043445692883894,1,0.0050936329588014,1,0.0050936329588014,1,2025-01-08 10:35:00,0.0025431983189164,0.008552831790307,20.89271569249642,0.978346018993198,1.7425107728080296,0.978346018993198,0.0216539810068019,-1.415753805924838e-06,-1.2080948190836065e-06,0.0014601955141059,True,4.4808205070756575,0.9880647072249336,2.6249983034159654,0.9880647072249336,0.0119352927750663,5.794256572581866e-06,-1.093779247657703e-05,0.0032623905210298,True,0,1,1,0.31965396217165093,1,1,1,1,0.9873769104512778,0,1,1,0,1,0,0,0.005423220973782779,0.005355805243445761,0.011127365407526681,0.0026067899861821563,22.42033863972821,69.25402878466036,184.0449438202221,True,0.7238368,0.5711629722507272,46.275394
2025-01-08 13:40:00,2025-01-08 14:20:00,-1,335.25,335.15,pivot,0.1000000000000227,0.120112,-0.12011199999997726,-3783.527999999284,1.0,2025-01-08,334.7,0.0,335.45,335.5,335.0,0.0,2025,0.0,1.0,1.0,1.0,1,13,2,1,335.25,335.25,334.7,0.4404882364813369,40.61515582315965,0.0726554231599152,0.2523776266833678,-0.1797222035234525,335.64250000000004,336.3739549316716,334.9110450683285,335.18999999999994,335.45500000000004,335.64250000000004,334.005,334.77768561122485,-1.0,0.0011931394481729,1,0.0002982848620433,1,-0.0002982848620433,0,0.0011931394481729,1,0.0016405667412379,1,0.0008948545861297,1,0.0005965697240864,1,0.0002982848620433,1,2025-01-08 13:40:00,-0.001641913944507,-0.003132227186066,71.31850491879962,0.0525345941485946,-1.1236206616430788,0.0525345941485946,0.9474654058514052,-1.415753805924838e-06,-1.2080948190836065e-06,0.0014601955141059,True,48.795007545873055,0.0794880056437528,-0.9567491609202652,0.0794880056437528,0.9205119943562472,5.794256572581866e-06,-1.093779247657703e-05,0.0032623905210298,True,0,0,0,0.17972220352345258,0,1,1,0,0.23169912252617347,1,1,0,1,1,0,0,-0.0011707680835198835,0.0037136465324384923,0.004363638667690082,0.0013139097285051063,-7.299445300986635,9.410495965489895,51.67785234899385,True,0.67350745,0.5958911534139791,40.376163
2025-01-15 11:10:00,2025-01-15 12:45:00,-1,331.2,331.35,pivot,-0.1500000000000341,0.1198765,-0.36987650000003414,-11651.109750001075,1.0,2025-01-15,330.55,0.0,331.6,331.6,331.35,0.0,2025,0.0,1.0,1.0,1.0,1,11,2,1,331.2,331.3,330.45,0.5778132731087403,37.52927516050022,-0.1618323271812869,-0.0105072929088072,-0.1513250342724796,331.755,332.6540638410605,330.85593615893947,331.33000000000004,331.56,331.755,331.37583333333333,332.3151723197161,-1.0,0.0024154589371981,1,0.0004528985507245,1,0.0009057971014493,1,-0.0001509661835749,0,0.0012077294685989,1,0.0012077294685989,1,0.0006038647342994,1,0.0009057971014493,1,2025-01-15 11:10:00,-0.0018135111514012,-0.0039251258123468,54.409855181176496,0.0385536278491168,-1.321427476790056,0.0385536278491168,0.9614463721508832,1.627258868253428e-05,7.872974707582796e-06,0.0013783458858697,True,25.770292067672862,0.0439884141095245,-1.283577773431854,0.0439884141095245,0.9560115858904756,4.999326941800197e-06,3.608809407918408e-05,0.0030860723739669,True,0,0,0,0.1513250342724797,0,0,0,0,0.191345611594536,1,0,1,0,1,0,0,-0.0016757246376811802,-0.0005308977455716907,0.0054291294750031666,0.0017446052932027184,-5.679118849884013,7.181062108285543,38.04347826086535,True,0.7293062,0.5544551643870163,38.68271
2025-02-04 14:15:00,2025-02-04 15:10:00,1,327.05,327.9,pivot,0.8499999999999659,0.1196485,0.6303514999999659,19856.072249998924,1.0,2025-02-04,326.65,0.0,328.05,328.1,327.6,0.0,2025,0.0,1.0,1.0,1.0,1,14,1,2,327.05,327.2,326.3,0.5349330794366838,24.70368399514939,-0.651026746466357,-0.4299567900655842,-0.2210699564007728,328.535,330.24629375509727,326.82370624490267,327.31,328.04,328.535,329.8533333333333,328.49666387474383,-1.0,-0.0009172909341079,0,0.0021403455129184,1,0.0025989909799723,1,0.0110074912092951,1,0.0009172909341079,1,0.0022932273352698,1,0.0025989909799723,1,0.0033634000917289,1,2025-02-04 14:15:00,-0.0010709096104941,-0.006408322205215,176.4055091685943,0.1121711448799032,-0.7311224399723008,0.1121711448799032,0.8878288551200967,1.0987338160191738e-05,-9.085405286014188e-07,0.0014635046217512,True,4.5526784423821125,0.0133475155803688,-1.9475776838420464,0.0133475155803688,0.9866524844196312,-1.2591534013011167e-05,-4.389710459131884e-06,0.0032881525332138,True,1,0,0,0.22106995640077287,0,0,0,0,0.06611774116024809,1,0,0,1,1,0,0,-0.0045405901238343175,-0.008571574173163996,0.010465028314308525,0.0016356308804056988,-5.461242343746144,1.6333517840958507,28.89466442439885,True,0.7335631,0.6181457601556558,41.337013
2025-02-21 08:45:00,2025-02-21 10:45:00,1,352.2,349.45,pivot,-2.75,0.1210495,-2.9710495000000003,-93588.05925,1.0,2025-02-21,352.0,0.0,349.55,349.75,349.3,0.0,2025,0.0,1.0,1.0,1.0,0,8,4,2,352.2,352.25,351.6,0.3912170986161214,72.82578708865626,6.478631888739983e-05,-0.1676688465353691,0.1677336328542565,350.4775,351.33802309853456,349.61697690146536,350.83,350.46500000000003,350.4775,350.98999999999995,350.87870940650873,1.0,-0.0015616127200454,0,-0.0072402044293015,0,-0.0090857467348097,0,-0.0092277115275411,0,-0.0061044860874502,0,-0.0068143100511072,0,-0.0069562748438386,0,-0.0075241340147642,0,2025-02-21 08:45:00,0.0037000184519646,0.005412347637477,3.857322211142925,0.995128771533056,2.844114447667465,0.995128771533056,0.0048712284669439,1.9500023189098045e-05,3.085453800337656e-05,0.0012900901076503,True,8.814175890241957,0.9718090138502166,1.870465707503834,0.9718090138502166,0.0281909861497834,3.905491236143483e-05,0.000153664175022,0.0028114300312261,True,0,1,1,0.1677336328542565,1,1,1,1,1.5008447204574178,1,1,0,0,1,0,0,0.00489068710959673,0.0034355479841000464,0.004886559332961952,0.0011107810863603676,12.215333833850922,109.30019806516573,-192.2913117546813,True,0.6660506,0.5085639182535323,53.82526
2025-02-27 10:40:00,2025-02-27 10:55:00,-1,346.95,346.25,pivot,0.6999999999999886,0.120796,0.47920399999998864,15094.925999999643,1.0,2025-02-27,346.4,0.0,345.9,346.35,345.85,0.0,2025,0.0,1.0,1.0,1.0,1,10,3,2,346.95,347.1,346.3,0.5072949663903294,35.866588353216216,-0.2200040260625542,-0.1815247306692835,-0.0384792953932706,347.115,347.76152919708846,346.46847080291155,347.04999999999995,347.125,347.115,347.53333333333336,348.1792906804416,-1.0,0.0021616947686986,1,0.0043233895373973,1,0.0024499207378583,1,0.0038910505836574,1,0.0030263726761781,1,0.0036028246144977,1,0.0037469375990777,1,0.0038910505836574,1,2025-02-27 10:40:00,-0.0014423772874239,-0.0031704883165667,82.21352079968732,0.0469797503651132,-1.141960407797025,0.0469797503651132,0.9530202496348869,1.9500023189098045e-05,3.085453800337656e-05,0.0012900901076503,True,38.16102236354079,0.050125785948945,-1.182370699134596,0.050125785948945,0.949874214051055,3.905491236143483e-05,0.000153664175022,0.0028114300312261,True,0,0,0,0.03847929539327069,0,0,0,0,0.37239555402673796,1,0,1,0,1,0,0,-0.0004755728491137641,-0.0016813181534324003,0.0037269300884188216,0.0014621558333775169,-1.3801210479922457,13.3565580408449,95.33073929961014,True,0.74431545,0.6047375083358225,40.376163
2025-03-17 11:25:00,2025-03-17 11:45:00,-1,345.75,346.25,pivot,-0.5,0.12076,-0.72076,-22703.94,1.0,2025-03-17,346.2,0.0,346.4,346.45,346.25,0.0,2025,0.0,1.0,1.0,1.0,0,11,0,3,345.75,346.2,345.75,0.4023246410498011,61.71609044761029,0.5235559743987892,0.7575420033101646,-0.2339860289113754,346.265,346.83263591226176,345.6973640877382,346.0,346.115,346.265,343.0991666666667,345.293410229332,1.0,-0.0014461315979754,0,-0.0013015184381778,0,-0.0015907447577729,0,-0.0039045553145336,0,-0.0014461315979754,0,-0.0018799710773679,0,-0.0017353579175705,0,-0.0010122921185828,0,2025-03-17 11:25:00,0.0013006721972413,0.0014452958145301,104.43641825749474,0.933521240393876,0.9951465557300336,0.933521240393876,0.0664787596061241,1.8094160248338463e-05,6.250552068476488e-06,0.0013007346884934,True,143.21706438892662,0.7749161901376579,0.502069885774328,0.7749161901376579,0.2250838098623421,6.024149201903217e-05,3.2291279519022884e-05,0.0028143582697294,True,0,0,0,0.23398602891137543,0,1,0,0,0.04636414920618837,1,1,1,0,1,0,0,-0.0014895155459146389,0.007666907688599595,0.003283504915469433,0.0011636287521324688,-14.440702923771601,2.8614140259356207,-45.5531453362251,True,0.600175,0.5208283214068049,46.41693
2025-03-24 10:50:00,2025-03-24 10:55:00,-1,354.8,354.25,pivot,0.5500000000000114,0.1212715,0.3287285000000114,10354.94775000036,1.0,2025-03-24,354.2,0.0,354.1,354.35,353.9,0.0,2025,0.0,1.0,1.0,1.0,1,10,0,3,354.8,354.8,354.05,0.5404696695623905,45.94341651492372,0.2106514869199713,0.2209546989631826,-0.0103032120432112,354.4875,355.82830690685194,353.1466930931481,354.85,354.98,354.4875,354.39166666666665,354.23552413686065,-1.0,0.0019729425028184,1,0.0021138669673055,1,0.0005636978579481,1,0.0021138669673055,1,0.0019729425028184,1,0.0019729425028184,1,0.0014092446448703,1,0.0007046223224351,1,2025-03-24 10:50:00,-0.0015515906914189,-0.0033821903718177,59.85229725625363,0.0343968600718721,-1.1849101963173037,0.0343968600718721,0.965603139928128,1.743266971161024e-05,2.3507203171147373e-05,0.0013292972745829,True,26.373325018988773,0.0426216182458759,-1.215748388501647,0.0426216182458759,0.957378381754124,7.894841024307117e-05,0.0001192762993126,0.0028800915586207,True,0,0,0,0.010303212043211302,1,1,0,0,0.616534304232411,1,1,1,0,1,0,0,0.0008807779030439684,0.0011508831266441935,0.007558099813145005,0.0015233079750912922,-0.47336476234283037,28.325692335088355,62.147688838779594,True,0.7221498,0.5419388757615731,38.68271
2025-03-28 11:00:00,2025-03-28 13:10:00,-1,345.2,344.45,pivot,0.75,0.1206895,0.5293105,16673.28075,1.0,2025-03-28,344.8,0.0,344.15,344.55,344.15,0.0,2025,0.0,1.0,1.0,1.0,1,11,4,3,345.2,345.35,344.7,0.5803126410327214,32.05471079045523,-0.6167574236441737,-0.7401510921559308,0.123393668511757,345.40250000000003,346.83941006286494,343.9655899371351,345.42,345.865,345.40250000000003,348.6033333333333,346.5848131452172,-1.0,0.002172653534183,1,0.0023174971031286,1,0.0030417149478563,1,0.0042004634994205,1,0.0023174971031286,1,0.0026071842410196,1,0.0020278099652375,1,0.0018829663962919,1,2025-03-28 11:00:00,-0.0013042534998634,-0.0040521039525707,104.0798850879059,0.0586398926744497,-0.961852292030072,0.0586398926744497,0.9413601073255504,6.4412760031409e-06,2.8421202982370495e-07,0.0013562765537938,True,19.91756753571287,0.0371770514618285,-1.3834243859770323,0.0371770514618285,0.9628229485381714,2.136342535280006e-05,1.9904846420007448e-06,0.002930477789973,True,0,0,1,0.12339366851175704,0,0,0,0,0.42953629971930923,1,0,1,0,1,0,0,-0.0005866164542295574,-0.009859018926226268,0.00832508727036449,0.0016810910806278141,3.955348357517673,13.768661861504754,73.00115874855089,True,0.7224627,0.6047375083358225,40.376163
2025-04-03 10:30:00,2025-04-03 10:35:00,-1,330.5,329.9,pivot,0.6000000000000227,0.119812,0.38018800000002273,11975.922000000715,1.0,2025-04-03,329.95,0.0,330.1,330.15,329.35,0.0,2025,0.0,1.0,1.0,2.0,0,10,3,4,330.5,330.75,329.7,1.0253367000703542,38.42936921364109,-0.7358678938696812,-0.9979468325393936,0.2620789386697124,330.1625,333.3220927453303,327.00290725466976,331.22,331.15500000000003,330.1625,334.7191666666667,330.020479136568,-1.0,0.0012102874432677,1,-0.0027231467473524,0,-0.0039334341906203,0,-0.0057488653555218,0,-0.0012102874432677,0,-0.0027231467473524,0,-0.0040847201210288,0,-0.0030257186081694,0,2025-04-03 10:30:00,-0.0018168059501566,-0.0051390681421343,37.71357824955116,0.0242370196797646,-1.3397637503233053,0.0242370196797646,0.9757629803202352,6.4412760031409e-06,2.8421202982370495e-07,0.0013562765537938,True,8.909893990215938,0.0220192454646944,-1.7543414402822168,0.0220192454646944,0.9779807545353056,2.136342535280006e-05,1.9904846420007448e-06,0.002930477789973,True,0,0,1,0.26207893866971244,1,0,0,0,0.5534087819543813,0,1,1,0,1,0,0,0.0010211800302571173,-0.012766011094301649,0.019120077127565856,0.0031023803330419188,10.071528297257576,21.26715040779631,-38.124054462932556,True,0.71942383,0.543851453676789,39.281364
2025-04-03 12:05:00,2025-04-03 12:50:00,1,332.25,332.1,pivot,-0.1499999999999772,0.1199305,-0.3699304999999773,-11652.810749999284,1.0,2025-04-03,332.7,0.0,332.15,332.15,331.85,0.0,2025,0.0,1.0,1.0,1.0,1,12,3,4,332.25,332.85,332.2,0.6629242140117274,60.45097253086997,0.1181577602261541,-0.0537104223303965,0.1718681825565506,331.4425,332.7830713631362,330.1019286368638,332.0,331.79,331.4425,332.6858333333333,330.7200561463524,1.0,0.0004514672686229,1,-0.0004514672686229,0,-0.000300978179082,0,0.0028592927012791,1,0.000150489089541,1,-0.000752445447705,0,-0.000150489089541,0,-0.0010534236267871,0,2025-04-03 12:05:00,0.0013534854310763,0.004367805723999,95.6906113783852,0.9361785206499186,0.9977325164703854,0.9361785206499186,0.0638214793500814,6.4412760031409e-06,2.8421202982370495e-07,0.0013562765537938,True,17.738299770796004,0.961414478808636,1.4897963923477435,0.961414478808636,0.038585521191364,2.136342535280006e-05,1.9904846420007448e-06,0.002930477789973,True,0,0,1,0.1718681825565506,1,0,1,1,0.8011775509328022,1,1,0,1,1,0,0,0.0024303987960872975,-0.0013117632304989557,0.008069654556124472,0.0019952572280262674,10.389598782656584,48.4319621237885,4.7404063205415,True,0.6851135,0.5969501262339151,45.556347
2025-04-04 12:00:00,2025-04-04 13:05:00,-1,328.95,326.95,pivot,2.0,0.119677,1.780323,56080.1745,1.0,2025-04-04,327.75,0.0,326.9,327.0,326.3,0.0,2025,0.0,1.0,0.0,0.0,1,12,4,4,328.95,328.95,327.65,1.476294572255477,33.304360307958575,-0.6767933099494599,-0.179018572737797,-0.4977747372116627,331.38,335.26375835346056,327.49624164653943,329.33000000000004,330.115,331.38,331.26416666666665,331.67442484057284,-1.0,0.0042559659522723,1,0.0024319805441556,1,0.0042559659522723,1,0.0071439428484571,1,0.0057759537923695,1,0.0056239550083598,1,0.0039519683842529,1,0.004407964736282,1,2025-04-04 12:00:00,-0.0036546408881976,-0.0086580627431146,4.031971973746005,0.0025667303382499,-2.6948228884468337,0.0025667303382499,0.99743326966175,6.4412760031409e-06,2.8421202982370495e-07,0.0013562765537938,True,1.9072380145588903,0.0096019663124968,-2.9551676717660245,0.0096019663124968,0.9903980336875032,2.136342535280006e-05,1.9904846420007448e-06,0.002930477789973,True,0,0,0,0.4977747372116629,0,0,0,0,0.1871587031367706,1,0,0,1,0,1,0,-0.007387140902872798,-0.007035010386583569,0.023613061884545154,0.004487899596459879,-16.57806920029661,6.233200884037265,181.94254445963927,True,0.6916994,0.5052318952443223,94.91069
2025-04-04 14:40:00,2025-04-04 15:45:00,1,327.25,329.15,eod,1.8999999999999773,0.119692,1.680307999999977,52929.70199999928,1.0,2025-04-04,327.75,0.0,329.15,329.15,329.15,0.0,2025,0.0,1.0,1.0,1.0,1,14,4,4,327.25,327.8,327.25,0.7158012525052684,56.88949677133314,-0.2571135905538426,-0.5279026180070854,0.2707890274532427,326.63,327.4977860518054,325.7622139481946,327.16,326.70500000000004,326.63,329.075,328.17141589170944,-1.0,0.0024446142093201,1,0.0073338426279602,1,0.0068754774637127,1,-0.0491978609625669,0,0.0039724980901451,1,0.0059587471352176,1,0.0073338426279602,1,0.0076394194041252,1,2025-04-04 14:40:00,0.0015267178537998,0.0038211739273234,83.61738947562147,0.933884396718026,0.9025818057563452,0.933884396718026,0.0661156032819738,7.556532870725675e-06,-1.172253647869367e-05,0.0017044885909143,True,35.19392290429488,0.9251498173156484,1.0464329979021023,0.9251498173156484,0.0748501826843517,8.806858624153473e-06,-6.148710381591302e-05,0.0037103770990816,True,0,0,1,0.2707890274532428,1,0,1,1,0.8572309088801945,1,0,0,1,1,0,0,0.001894576012223085,-0.005576776165011424,0.005303505282233219,0.0021873223911543726,15.405051503013691,48.7674350230268,125.13368983957066,True,0.7008211,0.6020585507251693,42.74596
2025-04-07 10:25:00,2025-04-07 10:30:00,1,313.75,314.3,pivot,0.5500000000000114,0.1188415,0.33115850000001135,10431.492750000358,1.0,2025-04-07,314.3,0.0,314.65,314.8,313.55,0.0,2025,0.0,1.0,1.0,2.0,0,10,0,4,313.75,314.75,313.7,1.832933383516737,46.03707102155991,-2.4514896370926067,-3.28751684384317,0.8360272067505634,311.8475,314.3736735154007,309.32132648459924,312.68,311.66,311.8475,321.9891666666667,316.4123474983193,-1.0,0.0028685258964142,1,0.0017529880478088,1,0.0022310756972111,1,-0.0020717131474102,0,-0.0009561752988048,0,-0.0004780876494023,0,0.0030278884462151,1,0.006215139442231,1,2025-04-07 10:25:00,0.0017514533575283,0.0081463592433762,58.73369654894413,0.9496740639099692,1.0344310331002136,0.9496740639099692,0.0503259360900307,7.556532870725675e-06,-1.172253647869367e-05,0.0017044885909143,True,5.261287845310626,0.9844160736947904,2.2121326560644112,0.9844160736947904,0.0155839263052095,8.806858624153473e-06,-6.148710381591302e-05,0.0037103770990816,True,0,0,1,0.8360272067505634,1,0,1,1,0.8765576648637766,0,0,1,0,1,0,0,0.006063745019920239,-0.026260292164674667,0.0161030981061401,0.00584201875224458,38.48824389313204,40.354147471826394,-30.1195219123512,True,0.71932375,0.5344402230515178,39.056507
2025-04-09 13:45:00,2025-04-09 14:00:00,1,304.2,304.55,pivot,0.3500000000000227,0.1182625,0.13173750000002274,4149.7312500007165,1.0,2025-04-09,304.95,0.0,304.3,304.65,303.85,0.0,2025,0.0,1.0,1.0,1.0,1,13,2,4,304.2,305.4,304.2,0.8577989400431886,42.95674506389543,-0.7784225098778279,-0.7893677022699584,0.0109451923921305,305.26,307.12930890625046,303.3906910937495,304.28,304.565,305.26,306.8958333333333,306.404708122222,-1.0,0.0018080210387903,1,-0.0001643655489809,0,-0.0027942143326757,0,0.0018080210387903,1,0.0003287310979619,1,-0.0004930966469427,0,0.0013149243918475,1,0.0006574621959236,1,2025-04-09 13:45:00,0.0022980968748287,0.0027912340591463,26.21452176049875,0.9715177077147252,1.355139262075306,0.9715177077147252,0.0284822922852746,7.556532870725675e-06,-1.172253647869367e-05,0.0017044885909143,True,61.72259752088494,0.8763868083255535,0.7688493882921767,0.8763868083255535,0.1236131916744465,8.806858624153473e-06,-6.148710381591302e-05,0.0037103770990816,True,0,0,1,0.010945192392130543,0,0,0,0,0.2164727572699068,1,0,0,1,1,0,0,-0.0034845496383957997,-0.008862042515888645,0.01228999938363226,0.0028198518739092327,0.47016983926403766,9.298965047321904,10.35502958579985,True,0.6961541,0.5367048384548551,42.169643
2025-04-09 14:35:00,2025-04-09 15:00:00,-1,303.95,304.4,pivot,-0.4499999999999886,0.1182505,-0.6682504999999886,-21049.890749999642,1.0,2025-04-09,303.35,0.0,304.3,304.6,304.15,0.0,2025,0.0,1.0,1.0,1.0,1,14,2,4,303.95,304.25,303.15,0.7865766822865966,31.9124775512271,-0.5919229212527739,-0.6182471523717317,0.0263242311189577,304.39250000000004,305.3884259101253,303.3965740898748,304.08000000000004,304.22,304.39250000000004,306.2683333333334,306.0297325275002,-1.0,0.0004935022207599,1,-0.0011515051817733,0,-0.0026320118440533,0,-0.055601250205626,0,0.0001645007402533,1,-0.0014805066622799,0,-0.0016450074025333,0,-0.0041125185063332,0,2025-04-09 14:35:00,-0.0021404470179148,-0.0026337463784073,25.84714077175892,0.0234920434573226,-1.248893358854445,0.0234920434573226,0.9765079565426772,7.556532870725675e-06,-1.172253647869367e-05,0.0017044885909143,True,62.48224415010008,0.0982303309739824,-0.6932608750814178,0.0982303309739824,0.9017696690260176,8.806858624153473e-06,-6.148710381591302e-05,0.0037103770990816,True,0,0,1,0.026324231118957764,0,0,0,0,0.27784492023889834,1,0,0,1,1,0,0,-0.0014558315512421527,-0.007627350989746291,0.006553221978123149,0.002587848930043088,0.8400714346370515,8.866719779846328,5.18177331797895,True,0.63474995,0.5317420888321038,42.64813
2025-04-10 10:50:00,2025-04-10 11:15:00,-1,320.85,321.85,pivot,-1.0,0.119281,-1.2192809999999998,-38407.3515,1.0,2025-04-10,321.3,0.0,322.65,322.7,321.8,0.0,2025,0.0,1.0,1.0,1.0,0,10,3,4,320.85,321.4,320.75,0.9194744617569264,71.92757718199792,1.973010677341108,2.44943781748622,-0.4764271401451116,320.4825,321.2559236936733,319.7090763063267,320.8,320.65500000000003,320.4825,311.55916666666667,318.7090122008462,1.0,-0.0021817048465014,0,-0.0056100981767179,0,-0.0038959015116097,0,-0.002025868786037,0,-0.0026492130278945,0,-0.0031167212092878,0,-0.0056100981767179,0,-0.0046750818139317,0,2025-04-10 10:50:00,0.0015573901294533,0.002492989761088,79.62680199697057,0.9363836207640204,0.9205768077862364,0.9363836207640204,0.0636163792359795,7.556532870725675e-06,-1.172253647869367e-05,0.0017044885909143,True,73.08492794041214,0.8562948872434806,0.6884682598801686,0.8562948872434806,0.1437051127565194,8.806858624153473e-06,-6.148710381591302e-05,0.0037103770990816,True,0,1,0,0.4764271401451121,1,1,1,1,0.7375799985222876,1,1,1,0,1,0,0,0.0011453950444132983,0.028956937301958398,0.004821092059674577,0.0028657455563563233,-34.26824989438605,53.05234227160975,-83.45021037867676,True,0.6598982,0.5266673790101535,42.74596
2025-04-10 11:15:00,2025-04-10 12:35:00,1,321.85,321.5,pivot,-0.3500000000000227,0.1193005,-0.5693005000000227,-17932.965750000716,1.0,2025-04-10,322.65,0.0,322.0,322.05,321.45,0.0,2025,0.0,1.0,1.0,1.0,0,11,3,4,321.85,322.7,321.8,0.7811237158050088,76.77418921410859,1.7251125011092654,2.0008822754922835,-0.2757697743830181,320.83,322.34601971917454,319.31398028082543,321.91,321.355,320.83,312.95416666666665,320.2651043644777,1.0,0.0024856299518407,1,0.0007767593599502,1,0.0010874631039302,1,0.0012428149759203,1,-0.00015535187199,0,0.0004660556159701,1,0.0021749262078607,1,0.0026409818238308,1,2025-04-10 11:15:00,0.0024825458832237,0.0041928782600359,20.797401213073105,0.9758183810746835,1.463352957008864,0.9758183810746835,0.0241816189253164,7.556532870725675e-06,-1.172253647869367e-05,0.0017044885909143,True,28.263357875772265,0.9369366591863054,1.14661266233689,0.9369366591863054,0.0630633408136945,8.806858624153473e-06,-6.148710381591302e-05,0.0037103770990816,True,0,1,0,0.2757697743830181,1,1,0,1,0.8364072337249718,1,1,1,0,1,0,0,0.0031691781885972927,0.027639687224897843,0.009420660053904309,0.002426980630122755,-21.172000838013865,64.21448722205014,-4.893583967685,True,0.71336806,0.6149444236398076,47.1709
2025-06-02 14:40:00,2025-06-02 15:45:00,1,359.0,359.15,eod,0.1499999999999772,0.1215445,-0.07154450000002274,-2253.651750000716,1.0,2025-06-02,359.5,0.0,359.15,359.15,359.15,0.0,2025,0.0,1.0,1.0,1.0,1,14,0,6,359.0,359.55,359.0,0.4017999617369739,59.60301943148465,-0.0179290919490995,-0.1361730996764354,0.1182440077273358,358.6875,359.3748863569719,358.0001136430281,359.0,358.915,358.6875,359.5516666666667,359.42933715444724,1.0,0.0025069637883007,1,0.0008356545961003,1,-0.0001392757660167,0,0.0225626740947075,1,0.0012534818941503,1,0.0011142061281336,1,0.0016713091922006,1,0.0018105849582172,1,2025-06-02 14:40:00,0.0015310741386094,0.0019490469764602,44.59759842761041,0.9709064249323616,1.42529907733273,0.9709064249323616,0.0290935750676384,9.313162051157338e-06,4.994023219618413e-05,0.0010391741143795,True,103.73289354713208,0.8684108802426231,0.7415615003832066,0.8684108802426231,0.1315891197573768,8.055380893689452e-05,0.0002513567641201,0.0022893451338327,True,0,0,1,0.1182440077273359,1,0,0,1,0.7273103014268694,1,0,0,1,1,0,0,0.0008704735376044568,-0.0015366759517177618,0.003829450456667962,0.001119219949128061,7.047699890229016,43.34989002866465,39.48467966573445,True,0.60893685,0.5395247648273803,39.352177
2025-06-05 14:40:00,2025-06-05 15:45:00,1,375.9,376.1,eod,0.2000000000000454,0.12256,-0.022559999999954523,-710.6399999985674,1.0,2025-06-05,376.35,0.0,376.1,376.1,376.1,0.0,2025,0.0,1.0,1.0,1.0,1,14,3,6,375.9,376.5,375.9,0.5304202567869865,54.92278455290789,-0.2406856118596465,-0.3872485078356433,0.1465628959759967,375.67,376.73543789136966,374.6045621086304,375.8200000000001,375.39,375.67,377.0433333333333,376.4553040091156,-1.0,0.0010641127959564,1,0.0006650704974727,1,0.0005320563979783,1,0.0140994945464219,1,0.00146315509444,1,0.0007980845969673,1,0.0005320563979783,1,0.0009310986964618,1,2025-06-05 14:40:00,0.0010634056565052,0.0038602377386748,142.96198970858683,0.9324171560368744,0.9752604595180366,0.9324171560368744,0.0675828439631255,9.313162051157338e-06,4.994023219618413e-05,0.0010391741143795,True,18.440326234891828,0.9608489884343344,1.5763813508156856,0.9608489884343344,0.0391510115656654,8.055380893689452e-05,0.0002513567641201,0.0022893451338327,True,0,0,1,0.1465628959759968,1,0,1,1,0.6079368407408019,1,0,0,1,1,0,0,0.0006118648576748108,-0.003041589075108584,0.005668730467516044,0.0014110674562037417,8.049642359139918,33.38958412578254,46.089385474859995,True,0.677066,0.5891178802844989,42.74596
2025-06-11 11:00:00,2025-06-11 12:15:00,1,387.7,387.8,pivot,0.1000000000000227,0.123265,-0.12326499999997727,-3882.847499999284,1.0,2025-06-11,388.25,0.0,387.7,387.9,387.5,0.0,2025,0.0,1.0,1.0,1.0,1,11,2,6,387.7,388.7,387.6,0.8035307335877135,58.1143837572024,0.2558834383225417,0.3856891940332648,-0.1298057557107231,388.2,390.28654839808206,386.1134516019179,387.7,387.365,388.2,385.9,387.092236029777,1.0,0.0007737941707506,1,0.0,0,0.0002579313902502,1,0.0010317255610008,1,0.0006448284756254,1,-0.0001289656951251,0,0.0005158627805003,1,0.0012896569512509,1,2025-06-11 11:00:00,0.0015465913638285,0.004129570973752,60.47738210779504,0.9597532195827658,1.3521239021792737,0.9597532195827658,0.0402467804172341,1.1857629779822364e-05,6.247717099638172e-05,0.0010976170086485,True,19.62736936847268,0.9488822435682612,1.4987360926496065,0.9488822435682612,0.0511177564317386,6.66731998340935e-05,0.0003148160073456,0.0025453146722198,True,0,0,0,0.12980575571072311,0,1,0,1,0.3801849023824242,1,1,1,0,1,0,0,-0.0012896569512509672,0.004642765024503511,0.010763726582832462,0.002072557992230368,-7.543581501266628,22.09421131574673,20.3120969822001,True,0.7045395,0.5556458362727426,39.495316
2025-06-13 10:40:00,2025-06-13 11:20:00,1,387.95,387.75,pivot,-0.1999999999999886,0.123271,-0.42327099999998863,-13333.036499999642,1.0,2025-06-13,388.55,0.0,387.1,388.0,387.0,0.0,2025,0.0,1.0,1.0,1.0,1,10,4,6,387.95,388.55,387.65,1.0842726989255251,50.1401728090717,-0.811960491033517,-0.9993363629202876,0.1873758718867706,387.8975,390.4623381515818,385.3326618484182,387.51,387.125,387.8975,390.5366666666667,389.7629939620393,-1.0,0.0025776517592473,1,0.001417708467586,1,-0.0032220646990591,0,-0.0009021781157364,0,0.0025776517592473,1,0.0012888258796236,1,0.0011599432916612,1,-0.0005155303518494,0,2025-06-13 10:40:00,0.0014165220319777,0.0068435931116783,76.2614073885699,0.9509014940134412,1.2336223384954796,0.9509014940134412,0.0490985059865587,1.1857629779822364e-05,6.247717099638172e-05,0.0010976170086485,True,4.605884019005988,0.9757104951432376,2.5650176677914733,0.9757104951432376,0.0242895048567625,6.66731998340935e-05,0.0003148160073456,0.0025453146722198,True,0,0,1,0.18737587188677063,1,0,1,1,0.5102345639173433,1,0,1,0,1,0,0,0.00013532671736050806,-0.006667525883919839,0.01322251914721895,0.0027948774298892256,9.395058596653158,25.583249207976934,81.19603041628994,True,0.7200782,0.5344402230515178,42.163986
2025-06-13 11:20:00,2025-06-13 11:35:00,-1,387.75,386.7,pivot,1.0500000000000114,0.1232335,0.8267665000000114,26043.14475000036,1.0,2025-06-13,387.1,0.0,386.95,387.2,386.7,0.0,2025,0.0,1.0,1.0,1.0,1,11,4,6,387.75,388.0,387.0,0.9222287791210848,40.572721841742286,-0.3534215888820426,-0.455285774129385,0.1018641852473423,387.6375,389.49955178473726,385.7754482152627,388.04,388.375,387.6375,389.97,389.7629939620393,-1.0,0.0021921341070277,1,0.0033526756931012,1,0.000902643455835,1,0.0011605415860734,1,0.0020631850419084,1,0.0039974210186976,1,0.0034816247582205,1,0.001418439716312,1,2025-06-13 11:20:00,-0.0016777444730456,-0.0047677430691805,42.6454742360577,0.0257117883441792,-1.585454334554096,0.0257117883441792,0.9742882116558208,1.1857629779822364e-05,6.247717099638172e-05,0.0010976170086485,True,9.102096680860342,0.0160984293936436,-1.996829363378313,0.0160984293936436,0.9839015706063564,6.66731998340935e-05,0.0003148160073456,0.0025453146722198,True,0,0,1,0.10186418524734236,1,0,0,0,0.5302086120595955,1,0,1,0,1,0,0,0.00029013539651840455,-0.005725338491296008,0.00960439347382218,0.002378410777875138,4.1329072536761275,21.51200653519021,64.9903288201146,True,0.7330272,0.543851453676789,39.281364
2025-06-17 14:10:00,2025-06-17 14:55:00,1,395.15,394.7,pivot,-0.4499999999999886,0.1236955,-0.6736954999999886,-21221.40824999964,1.0,2025-06-17,395.65,0.0,394.9,395.0,394.55,0.0,2025,0.0,1.0,1.0,1.0,1,14,1,6,395.15,395.9,395.1,0.7819419938186938,47.0121173256525,-0.6265836834307379,-0.742138620780729,0.1155549373499911,395.66,397.879198529452,393.440801470548,395.28,394.825,395.66,398.0175,396.47296719175546,-1.0,0.0006326711375427,1,0.0002530684550171,1,-0.0001265342275084,0,-0.0058205744653927,0,0.0016449449576111,1,0.0,0,0.0010122738200684,1,-0.0013918765025938,0,2025-06-17 14:10:00,0.0013910846378571,0.0029108417692732,79.97465804099681,0.9489120842142472,1.2104472292176396,0.9489120842142472,0.0510879157857526,1.1857629779822364e-05,6.247717099638172e-05,0.0010976170086485,True,47.39618598041415,0.9101895289392912,1.0199233086035762,0.9101895289392912,0.0898104710607087,6.66731998340935e-05,0.0003148160073456,0.0025453146722198,True,0,0,1,0.11555493734999112,0,0,0,1,0.38509365132690837,1,0,0,1,1,0,0,-0.0012906491205872397,-0.007256737947614848,0.01123218286449197,0.001978848522886736,5.432482272256205,18.10406791754453,51.81576616474965,True,0.69886297,0.567491930671454,39.495316
2025-06-24 12:05:00,2025-06-24 13:15:00,1,417.2,416.75,pivot,-0.4499999999999886,0.1250185,-0.6750184999999886,-21263.08274999964,1.0,2025-06-24,417.9,0.0,416.7,416.85,416.1,0.0,2025,0.0,1.0,1.0,1.0,1,12,1,6,417.2,417.9,417.1,0.725472039385761,66.9555153097984,0.7454426740662825,0.853471214940978,-0.1080285408746954,416.71,418.4957918808741,414.924208119126,416.9599999999999,416.415,416.71,412.24,415.4227651835583,1.0,0.0015580057526367,1,0.0020373921380633,1,0.00071907957814,1,0.0008389261744966,1,0.0026366251198466,1,0.0016778523489932,1,0.0010786193672099,1,0.0010786193672099,1,2025-06-24 12:05:00,0.0017963001057862,0.0040762554943357,57.497890346562,0.9576987299476628,1.4223408812324598,0.9576987299476628,0.042301270052337,2.399517466845896e-05,7.01315035741336e-05,0.0012136110442922,True,26.447794692358418,0.9323425532498046,1.3192260222450345,0.9323425532498046,0.0676574467501953,0.0001325508842753,0.0003495233733425,0.0028249383033326,True,0,0,0,0.10802854087469549,1,1,1,1,0.6371940384677192,1,1,0,1,1,0,0,0.0011744966442953238,0.011888782358580968,0.008560843148964803,0.0017389070934462152,-7.23310662243085,42.66365519793764,83.0536912751679,True,0.7276269,0.5532574484586272,39.495316
2025-06-25 10:45:00,2025-06-25 11:10:00,-1,419.75,420.35,pivot,-0.6000000000000227,0.125203,-0.8252030000000227,-25993.894500000715,1.0,2025-06-25,419.05,0.0,420.15,420.4,420.0,0.0,2025,0.0,1.0,1.0,1.0,0,10,2,6,419.75,419.85,418.85,0.9833403485673872,48.293734958458,0.2955927796338073,0.3783533217430749,-0.0827605421092675,419.215,421.1877352131023,417.2422647868976,419.53,419.89,419.215,418.3891666666667,419.0855685202313,-1.0,0.0025014889815366,1,-0.0009529481834424,0,0.0013103037522334,1,0.0023823704586063,1,-0.0004764740917212,0,-0.0014294222751638,0,-0.0003573555687908,0,0.0009529481834424,1,2025-06-25 10:45:00,-0.001669051412735,-0.0033353217339917,55.348457147630754,0.0421851384616526,-1.4330645098268722,0.0421851384616526,0.9578148615383472,2.399517466845896e-05,7.01315035741336e-05,0.0012136110442922,True,36.92737649976446,0.0623849204403302,-1.3043984369453794,0.0623849204403302,0.9376150795596698,0.0001325508842753,0.0003495233733425,0.0028249383033326,True,0,0,0,0.08276054210926759,1,1,1,0,0.635598532546773,1,1,1,0,1,0,0,0.0012745681953544373,0.0032420091324199866,0.009399572188695023,0.002342680997182578,-3.9968156856432677,30.695427070798697,-15.008933889217799,True,0.7015595,0.5724879596208629,38.68271
2025-06-26 10:55:00,2025-06-26 11:20:00,-1,412.45,412.85,pivot,-0.4000000000000341,0.124759,-0.6247590000000341,-19679.908500001075,1.0,2025-06-26,411.7,0.0,412.5,413.05,412.25,0.0,2025,0.0,1.0,1.0,0.0,0,10,3,6,412.45,412.75,411.65,0.9725750978704654,19.43909501341628,-1.612888203943328,-1.2712701164117095,-0.3416180875316184,415.395,419.3586373525728,411.4313626474272,412.72,413.7950000000001,415.395,417.765,415.1441584693744,-1.0,-0.0012122681537156,0,-0.0001212268153715,0,0.0046066189841192,1,-0.0004849072614862,0,-0.0036368044611468,0,-0.0009698145229725,0,0.0007273608922293,1,0.0023033094920596,1,2025-06-26 10:55:00,-0.0019412769988767,-0.0041207184718088,37.54834995477599,0.029575575493449,-1.657374915884939,0.029575575493449,0.9704244245065508,2.399517466845896e-05,7.01315035741336e-05,0.0012136110442922,True,21.86485906929639,0.0398312438017703,-1.5824210531881917,0.0398312438017703,0.9601687561982296,0.0001325508842753,0.0003495233733425,0.0028249383033326,True,1,0,0,0.3416180875316186,0,0,0,0,0.12849779911267525,1,0,1,0,1,0,0,-0.007140259425384879,-0.012886410473996843,0.019219965341606582,0.0023580436364903997,-6.640746461828689,2.4978809259661725,-114.5593405261242,True,0.7152876,0.5473593044821676,42.64813
2025-07-01 11:00:00,2025-07-01 11:50:00,-1,422.5,421.8,pivot,0.6999999999999886,0.125329,0.4746709999999886,14952.13649999964,1.0,2025-07-01,421.75,0.0,421.4,421.8,421.4,0.0,2025,0.0,1.0,1.0,1.0,1,11,1,7,422.5,422.55,421.5,0.7908993195025269,48.66928424375802,0.7878653629250607,1.1717710146480087,-0.383905651722948,423.05,424.2148356605816,421.88516433941845,422.61,423.16,423.05,419.1816666666666,421.1241475457713,1.0,0.0010650887573964,1,-0.0001183431952662,0,0.002603550295858,1,0.0043786982248521,1,0.0007100591715976,1,0.0005917159763313,1,0.000473372781065,1,-0.0003550295857987,0,2025-07-01 11:00:00,-0.0017767253711509,-0.0044949212183953,58.28869959464954,0.0498449551542298,-1.39104581828449,0.0498449551542298,0.9501550448457702,5.556812651880662e-05,8.582745827271393e-05,0.001338958648911,True,21.649770004231804,0.0449515233576988,-1.580784414791509,0.0449515233576988,0.9550484766423012,0.0002469069676662,0.0004251857715126,0.0031124465448104,True,0,0,0,0.383905651722948,0,1,0,0,0.2639151948157941,1,1,1,0,1,0,0,-0.001301775147929021,0.007854043392505053,0.00551401496133296,0.0018719510520769868,-18.684413286489328,12.844563632736657,22.3668639053244,True,0.7382935,0.6049794554073472,40.376163
2025-07-01 14:35:00,2025-07-01 15:45:00,1,419.8,416.9,eod,-2.900000000000034,0.125101,-3.1251010000000345,-98440.68150000108,1.0,2025-07-01,418.9,0.0,416.9,416.9,416.9,0.0,2025,0.0,1.0,1.0,1.0,0,14,1,7,419.8,419.85,418.75,0.5550420470124233,32.68330000411754,-0.3942476258260399,-0.3740261509449288,-0.020221474881111,420.18500000000006,421.32890835576126,419.04109164423886,419.9,419.86,420.18500000000006,421.52166666666665,420.9965755668417,-1.0,-0.001191043353978,0,-0.0046450690805145,0,-0.0071462601238685,0,-0.0131014768937589,0,-0.0029776083849452,0,-0.0038113387327299,0,-0.0054787994282992,0,-0.0046450690805145,0,2025-07-01 14:35:00,-0.002027068004661,-0.0033365140580819,40.97882302618396,0.0374166666993587,-1.5780139772442638,0.0374166666993587,0.9625833333006412,5.556812651880662e-05,8.582745827271393e-05,0.001338958648911,True,36.596616621007264,0.0774593664218524,-1.2085990154165662,0.0774593664218524,0.9225406335781476,0.0002469069676662,0.0004251857715126,0.0031124465448104,True,0,0,0,0.02022147488111109,0,0,0,0,0.3317172883382538,1,0,0,1,1,0,0,-0.0009171033825632391,-0.004101159282197798,0.005449777778757494,0.0013221582825450769,-0.6609045300650779,10.84161565131151,-93.79466412577379,True,0.6899875,0.5263415448223624,38.68271
2025-07-02 10:40:00,2025-07-02 12:50:00,1,412.5,412.5,pivot,0.0,0.12475,-0.22475,-7079.625,1.0,2025-07-02,413.5,0.0,412.85,412.95,412.5,0.0,2025,0.0,1.0,1.0,1.0,0,10,2,7,412.5,413.8,412.5,1.0939849813864282,50.30956380651729,-1.2429419570854066,-1.565418023624238,0.3224760665388313,412.4625,415.4596697191789,409.465330280821,411.68,411.47,412.4625,416.8491666666667,413.5995924143127,-1.0,0.0002424242424242,1,-0.0036363636363636,0,-0.0024242424242424,0,0.0007272727272727,1,-0.003030303030303,0,-0.0039999999999999,0,-0.0035151515151514,0,-0.0014545454545455,0,2025-07-02 10:40:00,0.0023001039133937,0.0075252206071862,31.948289380050152,0.9698809231207468,1.6537302753313443,0.9698809231207468,0.0301190768792531,5.556812651880662e-05,8.582745827271393e-05,0.001338958648911,True,9.493965751243056,0.9784977228561558,2.281174867890328,0.9784977228561558,0.0215022771438442,0.0002469069676662,0.0004251857715126,0.0031124465448104,True,0,0,1,0.32247606653883154,1,0,1,1,0.5062559019864787,1,0,1,0,1,0,0,9.090909090914604e-05,-0.0105434343434344,0.014531731971776825,0.002652084803361038,16.22363024561005,25.469513603414715,-95.4545454545445,True,0.718727,0.5711629722507272,40.251225
2025-07-14 10:55:00,2025-07-14 11:45:00,-1,430.45,430.6,pivot,-0.1500000000000341,0.1258315,-0.37583150000003407,-11838.692250001073,1.0,2025-07-14,429.7,0.0,430.3,430.7,430.3,0.0,2025,0.0,1.0,1.0,1.0,1,10,0,7,430.45,430.45,429.55,0.7814101230349114,41.78521334895409,0.256840612123085,0.4732520418472521,-0.2164114297241671,431.09,432.354328409664,429.82567159033607,430.73,431.2600000000001,431.09,429.9175,429.4049069717372,1.0,0.0020908351724938,1,0.0008131025670808,1,0.0003484725287489,1,-0.0022069926820768,0,0.0022069926820768,1,0.0012777326054129,1,0.000116157509583,1,-0.000232315019166,0,2025-07-14 10:55:00,-0.001860033086836,-0.0038325347416384,63.95894895927528,0.059054524512509,-1.3627821722238012,0.059054524512509,0.940945475487491,4.3384789001395776e-05,6.489382648514195e-05,0.0014124978683718,True,34.33890572605288,0.0760419063248182,-1.2687357791969267,0.0760419063248182,0.9239580936751818,0.000188800238339,0.0003223101819531,0.0032747913251264,True,0,0,0,0.2164114297241671,0,1,0,0,0.24690120260362353,1,1,1,0,1,0,0,-0.0014868161226622985,0.0012370774770588233,0.0058744495744637495,0.0018153330770935333,-9.042797762176507,10.316819426905747,69.5202694854192,True,0.7059252,0.6049794554073472,40.376163
2025-07-23 12:10:00,2025-07-23 15:45:00,1,428.5,430.4,eod,1.8999999999999773,0.125767,1.6742329999999772,52738.33949999928,1.0,2025-07-23,429.1,0.0,430.4,430.4,430.4,0.0,2025,0.0,1.0,1.0,1.0,1,12,2,7,428.5,429.2,428.4,0.8161633525033452,57.831442983946594,-0.0406450588916982,-0.198746054700754,0.1581009958090558,428.0825,429.37102220975913,426.7939777902408,428.27,427.815,428.0825,428.4175,429.269916360265,-1.0,0.0007001166861143,1,0.0018669778296382,1,0.0014002333722287,1,0.002100350058343,1,0.0019836639439907,1,0.0017502917152858,1,0.000933488914819,1,0.0010501750291715,1,2025-07-23 12:10:00,0.0015159468823512,0.0051401982335627,101.6824227716346,0.918907381892386,1.145472541580074,0.918907381892386,0.081092618107614,3.133531280125289e-05,3.918736549278935e-05,0.0012892142441244,True,16.1824160621901,0.9622519476510286,1.7006675167212222,0.9622519476510286,0.0377480523489713,0.0001746534171088,0.0001929760867059,0.0029089884402536,True,0,0,1,0.1581009958090558,1,1,1,1,0.6620072967458108,1,0,0,1,1,0,0,0.0009743290548425162,0.00019253208868140446,0.006014105996542261,0.00190469860560874,9.143208724836589,38.28483723671197,62.48541423570705,True,0.69112396,0.576442430226219,39.094383
2025-08-20 10:30:00,2025-08-20 10:35:00,-1,418.7,417.75,pivot,0.9499999999999886,0.1250935,0.7249064999999887,22834.554749999643,1.0,2025-08-20,417.8,0.0,417.75,418.1,417.6,0.0,2025,0.0,1.0,1.0,0.0,0,10,2,8,418.7,418.7,417.65,1.0543452337025967,30.12864843363917,-1.407351580038778,-1.4115947368749262,0.004243156836148,420.045,422.89952549472827,417.19047450527165,419.02,420.07,420.045,424.7466666666666,421.42127495055286,-1.0,0.0022689276331502,1,0.00083592070695,1,-0.0019106759016002,0,-0.00059708621925,0,-0.0009553379508001,0,-0.00011941724385,0,0.0011941724385001,1,-0.0002388344877,0,2025-08-20 10:30:00,-0.0021518239026321,-0.0084609930958969,32.68855655152819,0.0297741778197289,-1.7846629373137417,0.0297741778197289,0.9702258221802712,-7.699925569765708e-06,-5.718349176210776e-06,0.0012025271039058,True,4.497598568399857,0.0095472843055183,-3.1031984450259085,0.0095472843055183,0.9904527156944816,-9.10076546663454e-06,-2.81820708944929e-05,0.0027174578662603,True,0,0,1,0.004243156836148287,0,0,0,0,0.26440918070553315,1,0,1,0,1,0,0,-0.0032123238595653863,-0.014441525356261344,0.013635182683201848,0.0025181400375032166,0.12784058056509578,7.966291248103578,-30.09314545020315,True,0.7071693,0.543851453676789,46.505527
2025-08-20 14:05:00,2025-08-20 14:15:00,1,420.95,422.4,pivot,1.4499999999999886,0.1253005,1.2246994999999885,38578.03424999964,1.0,2025-08-20,421.55,0.0,422.65,422.8,422.35,0.0,2025,0.0,1.0,1.0,1.0,1,14,2,8,420.95,421.7,420.9,0.6444608764162431,61.48222213630157,0.5225555526172911,0.377384583971574,0.1451709686457171,420.1875,422.5146566138381,417.8603433861619,421.36,421.1,420.1875,419.6433333333334,420.0971903919942,1.0,0.00332581066635,1,0.0055826107613731,1,0.006295284475591,1,0.0112840004751158,1,0.0051074949518946,1,0.0054638318090034,1,0.0051074949518946,1,0.0049887159995249,1,2025-08-20 14:05:00,0.0014243325850117,0.0015431185921598,95.99573633476383,0.9358824790658008,1.1892047418666882,0.9358824790658008,0.0641175209341993,-7.699925569765708e-06,-5.718349176210776e-06,0.0012025271039058,True,138.59715509576873,0.7863107221933099,0.5782244805203725,0.7863107221933099,0.2136892778066901,-9.10076546663454e-06,-2.81820708944929e-05,0.0027174578662603,True,0,0,1,0.14517096864571716,1,1,0,0,0.6638265330888976,1,1,0,1,1,0,0,0.0018113790236369846,0.0031040899552598057,0.01105668898367074,0.001530967754878829,8.925433742018049,40.81353036734255,160.8860909846799,True,0.59033126,0.5519716154602301,44.750504
2025-09-08 15:15:00,2025-09-08 15:45:00,1,434.7,435.15,eod,0.4499999999999886,0.1260955,0.2239044999999886,7052.991749999641,1.0,2025-09-08,435.25,0.0,435.15,435.15,435.15,0.0,2025,0.0,1.0,1.0,1.0,1,15,0,9,434.7,435.3,434.7,0.3456965042658508,77.57050529145052,0.2383003949949511,0.0073710868099183,0.2309293081850328,433.52,434.7721140066267,432.2678859933733,434.42,433.795,433.52,433.8308333333333,433.8746481962023,1.0,0.001610305958132,1,0.0040257648953301,1,0.001610305958132,1,0.0055210489993099,1,0.0006901311249137,1,0.0010351966873705,1,0.0042558086036347,1,0.0037957211870256,1,2025-09-08 15:15:00,0.001149425413906,0.0042594895460397,131.7998333256074,0.9191243705696784,1.008798910673597,0.9191243705696784,0.0808756294303216,-1.1420477084108084e-05,-1.0838201751186392e-05,0.0011501436048166,True,18.408156731047683,0.9636742642220956,1.6647723531214218,0.9636742642220956,0.0363257357779044,-4.237988454896708e-05,-5.676558896479109e-05,0.002592699912941,True,0,1,1,0.2309293081850328,1,1,1,1,0.9712030988212597,1,1,0,0,1,0,0,0.0027145157579940345,0.0019994632313473015,0.005760818986090168,0.0007952530578924565,17.913303122518094,75.33671511618766,21.73913043478155,True,0.6830472,0.5644474807312695,42.431416
2025-09-25 10:35:00,2025-09-25 10:45:00,-1,481.5,481.8,pivot,-0.3000000000000113,0.128899,-0.5288990000000113,-16660.318500000358,1.0,2025-09-25,480.7,0.0,481.5,481.9,481.1,0.0,2025,0.0,1.0,1.0,1.0,0,10,3,9,481.5,481.5,480.7,0.8264240592410838,47.84198511428126,0.3303563523413686,0.3357823319326117,-0.0054259795912431,480.85,482.8591894191476,478.84081058085246,481.5400000000001,481.535,480.85,480.3,480.1341412270384,1.0,-0.0005192107995846,0,-0.0021806853582554,0,0.0002076843198338,1,0.0002076843198338,1,-0.0002076843198338,0,-0.0003115264797507,0,-0.0010384215991692,0,-0.0008307372793353,0,2025-09-25 10:35:00,-0.0016628563382652,-0.0034266167166476,40.18372890758639,0.0277077164222021,-1.606413570992027,0.0277077164222021,0.9722922835777978,3.181527774563726e-05,5.951710439713295e-05,0.0010721855652643,True,20.2162605408346,0.0324649673875796,-1.573643920075795,0.0324649673875796,0.9675350326124204,0.0001759779763702,0.0002924728661059,0.0023633615809188,True,0,0,0,0.00542597959124308,1,1,0,0,0.66175677459912,1,1,1,0,1,0,0,0.0013499480789199944,0.0024922118380062068,0.008345542758660687,0.0017163531863781593,-0.25958963483464625,31.659757759645874,-6.5420560747647,True,0.7152876,0.5473593044821676,42.64813
2025-10-02 15:25:00,2025-10-02 15:45:00,-1,496.0,495.15,eod,0.8500000000000227,0.1297345,0.6202655000000228,19538.36325000072,1.0,2025-10-02,494.85,0.0,495.15,495.15,495.15,0.0,2025,0.0,1.0,1.0,1.0,0,15,3,10,496.0,496.7,494.0,0.8550831767711038,28.06471159177066,-0.4338849929152957,-0.2055573714056293,-0.2283276215096663,497.3425,498.84522560005416,495.8397743999459,496.75999999999993,497.205,497.3425,498.3033333333333,497.5598548808949,-1.0,0.0039314516129032,1,-0.018649193548387,0,-0.0196572580645161,0,-0.0263104838709677,0,-0.0168346774193548,0,-0.0171370967741935,0,-0.018649193548387,0,-0.0117943548387097,0,2025-10-02 15:25:00,-0.0024220417532112,-0.0061445673054368,17.03251916657711,0.0092835146650519,-2.4042785266885707,0.0092835146650519,0.990716485334948,2.681802710255625e-05,5.325765540502146e-05,0.0010295393737203,True,1.7720575781401544,0.0063868278969349,-2.782694182775764,0.0063868278969349,0.993613172103065,0.0001672812930653,0.0002681495172574,0.0023044993094776,True,1,0,0,0.2283276215096664,0,0,0,0,0.05331166250456262,1,0,0,0,1,0,0,-0.0027066532258063964,-0.004643817204300978,0.006059377419573122,0.001723958017683677,-6.407948846103755,1.4961764326683638,-530.2923387096762,True,0.69810855,0.550222176310516,70.76535
2025-10-10 10:45:00,2025-10-10 10:50:00,-1,508.0,507.4,pivot,0.6000000000000227,0.130462,0.36953800000002274,11640.447000000717,1.0,2025-10-10,507.4,0.0,507.3,507.9,507.2,0.0,2025,0.0,1.0,1.0,2.0,1,10,4,10,508.0,508.05,506.9,1.3279217846709868,57.84884154209716,1.8262134643323409,2.214560080353935,-0.3883466160215945,507.555,510.8765247004088,504.2334752995913,508.25999999999993,508.73,507.555,501.5208333333333,504.9132965181624,1.0,0.0013779527559054,1,0.0068897637795275,1,0.0036417322834646,1,0.0052165354330708,1,0.0041338582677165,1,0.0049212598425196,1,0.0067913385826771,1,0.0052165354330708,1,2025-10-10 10:45:00,-0.0012802207667089,-0.0028536304727591,92.1767221424425,0.0543887351687642,-1.2952184794014272,0.0543887351687642,0.9456112648312358,2.681802710255625e-05,5.325765540502146e-05,0.0010295393737203,True,34.42685066172137,0.050483346085284,-1.35464566085038,0.050483346085284,0.949516653914716,0.0001672812930653,0.0002681495172574,0.0023044993094776,True,0,0,0,0.38834661602159426,1,1,0,0,0.5669873085612118,1,1,1,0,1,0,0,0.0008759842519684905,0.012754265091863554,0.013076868899247081,0.0026140192611633596,-22.46540185364287,32.799558969337696,130.21653543306974,True,0.7511394,0.6049794554073472,40.376163
2025-10-14 14:05:00,2025-10-14 14:50:00,1,496.75,496.75,pivot,0.0,0.129805,-0.229805,-7238.8575,1.0,2025-10-14,497.6,0.0,496.85,497.1,496.35,0.0,2025,0.0,1.0,1.0,0.0,1,14,1,10,496.75,497.7,496.3,1.6638556570933385,40.89274428189647,-2.096420908451876,-2.1323390733709138,0.0359181649190381,499.2275,506.0229686928541,492.4320313071458,496.43,496.285,499.2275,504.2258333333333,499.7182224512551,-1.0,0.0020130850528434,1,0.001711122294917,1,-0.0005032712632108,0,0.0080523402113739,1,0.0038248616004025,1,0.003522898842476,1,-0.0019124308002012,0,-0.001811776547559,0,2025-10-14 14:05:00,0.0017096599930435,0.0058450231913067,42.93596744714296,0.9680415608460798,1.608877115260721,0.9680415608460798,0.0319584391539201,2.681802710255625e-05,5.325765540502146e-05,0.0010295393737203,True,5.712860744869586,0.9833953437618944,2.419993640750236,0.9833953437618944,0.0166046562381056,0.0001672812930653,0.0002681495172574,0.0023044993094776,True,0,0,1,0.035918164919037654,0,0,1,1,0.3177094096095844,1,0,0,1,1,0,0,-0.00498741821841977,-0.015049488340882333,0.02735971290530103,0.003349482953383671,1.4687923331092096,12.992009643117035,120.48314041267875,True,0.718727,0.5573190940516977,39.056507
2025-10-28 10:55:00,2025-10-28 11:50:00,1,557.95,557.25,pivot,-0.7000000000000455,0.133456,-0.9334560000000456,-29403.864000001435,1.0,2025-10-28,559.15,0.0,558.6,558.6,557.05,0.0,2025,0.0,1.0,1.0,1.0,1,10,1,10,557.95,559.3,557.85,1.4202032650085126,49.943507526489206,-1.2268570122928395,-1.5800131287739865,0.3531561164811467,558.1275,561.2518483570608,555.0031516429393,557.76,557.04,558.1275,562.175,560.9252307129434,-1.0,0.0033157092929472,1,0.003943005645667,1,-0.0011649789407654,0,0.0011649789407652,1,0.0022403441168563,1,0.0036741643516443,1,0.0028676404695759,1,0.0023299578815305,1,2025-10-28 10:55:00,0.0020588110928864,0.0039423041829984,50.7768198638921,0.957541786709554,1.2957854488182856,0.957541786709554,0.042458213290446,3.64708742360648e-05,8.128652322225767e-05,0.001526120370828,True,36.73189405660776,0.9076491368197008,0.99909797652761,0.9076491368197008,0.0923508631802991,0.000241860492755,0.0004036938898299,0.0035418050844893,True,0,0,1,0.353156116481147,0,0,1,1,0.4715940766337922,1,0,1,0,1,0,0,-0.0003181288645936179,-0.007572363114974296,0.011199384737201324,0.0025453952236015997,17.63785516150185,23.55306231580753,70.57083968097345,True,0.69143724,0.5344402230515178,39.495316
2025-11-04 12:25:00,2025-11-04 14:35:00,1,587.8,586.6,pivot,-1.1999999999999318,0.135232,-1.4352319999999317,-45209.80799999785,1.0,2025-11-04,589.15,0.0,586.2,586.65,585.9,0.0,2025,0.0,1.0,1.0,1.0,1,12,1,11,587.8,589.2,587.0,1.5607722942863322,51.30276223732878,-1.0453924239493515,-1.5558207673799904,0.5104283434306387,587.6850000000001,590.7337443534934,584.6362556465067,588.23,587.0,587.6850000000001,592.8583333333333,589.1211730662616,1.0,0.0017012589316093,1,-0.0018713848247701,0,-0.0037427696495405,0,-0.0029772031303164,0,0.0005103776794829,1,-0.0003402517863217,0,-0.0023817625042531,0,-0.0024668254508335,0,2025-11-04 12:25:00,0.0022090068455994,0.0068125955385744,54.38938323065416,0.9476452666199138,1.2253769776859174,0.9476452666199138,0.0523547333800862,3.800559536296628e-05,9.529424826344916e-05,0.001724948840909,True,15.423433114398067,0.9526008503673848,1.5742715635422098,0.9526008503673848,0.0473991496326152,0.0002828966077742,0.0004771371035496,0.0040243745626514,True,0,0,1,0.5104283434306389,1,0,0,1,0.5188602235323739,1,0,0,1,1,0,0,0.00019564477713490203,-0.00860553476239094,0.01037340712314856,0.002655277805863104,26.186383942215656,26.618962682288643,16.07689690371135,True,0.71121585,0.5724145622689674,39.495316
2025-11-05 15:10:00,2025-11-05 15:45:00,-1,562.45,565.5,eod,-3.0499999999999545,0.1338385,-3.2838384999999546,-103440.91274999856,1.0,2025-11-05,563.75,0.0,565.5,565.5,565.5,0.0,2025,0.0,1.0,1.0,1.0,0,15,2,11,562.45,563.9,562.3,2.123450155057885,51.3991824200996,-0.043660818508215,0.193498489189178,-0.237159307697393,563.4675,566.6759223084468,560.2590776915531,562.65,563.695,563.4675,560.4091666666667,561.7611329346399,1.0,-0.0055116010312026,0,-0.0054227042403768,0,-0.0216908169615075,0,-0.017245977420215,0,-0.0068450528935903,0,-0.0055116010312026,0,-0.0300471152991376,0,-0.0288914570184016,0,2025-11-05 15:10:00,0.0023086495780531,0.0029311208088587,48.2701309267601,0.95275266779501,1.2831425937381942,0.95275266779501,0.0472473322049901,3.800559536296628e-05,9.529424826344916e-05,0.001724948840909,True,66.06210434086768,0.818810835028671,0.6097801452388241,0.818810835028671,0.1811891649713289,0.0002828966077742,0.0004771371035496,0.0040243745626514,True,0,0,0,0.23715930769739302,0,1,0,0,0.3414329688892362,1,1,0,0,1,0,0,-0.0018090496933059422,0.003628470678875194,0.01140873787339984,0.0037753580852660407,-12.189794518962833,17.549375452174043,-215.61916614809445,True,0.65424335,0.5399720462925984,42.169643
2025-11-07 11:10:00,2025-11-07 11:45:00,-1,559.1,556.15,pivot,2.950000000000045,0.1334575,2.7165425000000454,85571.08875000144,1.0,2025-11-07,557.3,0.0,556.5,557.7,555.8,0.0,2025,0.0,1.0,1.0,0.0,1,11,4,11,559.1,559.6,557.25,2.552661275218248,33.86136155013871,-2.228390522763675,-1.9503284639969665,-0.2780620587667086,562.8100000000001,569.8849818689562,555.735018131044,559.47,560.255,562.8100000000001,567.8466666666666,565.7970305131535,-1.0,0.0033088892863531,1,0.0055446252906457,1,0.0057234841709891,1,0.0107315328206045,1,0.0083169379359684,1,0.0034877481666965,1,0.005455195850474,1,0.0046503308889286,1,2025-11-07 11:10:00,-0.003224653457109,-0.0061714788248271,16.41854434973443,0.0175798707572231,-1.9246644460614084,0.0175798707572231,0.9824201292427768,3.800559536296628e-05,9.529424826344916e-05,0.001724948840909,True,12.277479504378176,0.0351281311231011,-1.6520867590407335,0.0351281311231011,0.9648718688768988,0.0002828966077742,0.0004771371035496,0.0040243745626514,True,0,0,0,0.27806205876670864,0,0,0,0,0.2378085153632039,1,0,1,0,1,0,0,-0.006635664460740541,-0.01564419006736998,0.025308466710628207,0.004565661375815145,-9.415559905275437,8.052520118415163,261.9835449830046,True,0.72569066,0.5749153268911312,40.674664
2025-11-07 12:15:00,2025-11-07 12:45:00,1,555.45,554.35,pivot,-1.1000000000000227,0.133294,-1.3332940000000228,-41998.76100000072,1.0,2025-11-07,554.05,0.0,553.5,554.6,553.2,0.0,2025,0.0,1.0,1.0,0.0,0,12,4,11,555.45,555.65,553.8,2.145990524741636,32.90457916648906,-2.1857787769874903,-2.289075909083817,0.1032971320963267,557.365,561.9764388693153,552.7535611306847,555.5699999999999,555.95,557.365,563.8625,560.7904894839605,-1.0,-0.0009901881357459,0,-0.0019803762714916,0,-0.005671077504726,0,-0.0084616077054641,0,-0.0013502565487442,0,-0.000450085516248,0,-0.0035106670267351,0,-0.004230803852732,0,2025-11-07 12:15:00,-0.0024336394903647,-0.0034234267669238,29.78424996683689,0.0347554507327871,-1.4660920246744549,0.0347554507327871,0.9652445492672128,3.800559536296628e-05,9.529424826344916e-05,0.001724948840909,True,41.31351878244488,0.0986861145444817,-0.9692347990351264,0.0986861145444817,0.9013138854555184,0.0002828966077742,0.0004771371035496,0.0040243745626514,True,0,0,1,0.10329713209632674,0,0,0,0,0.2923641563653317,1,0,0,1,1,0,0,-0.0034476550544602818,-0.015145377621747967,0.01660433475313815,0.003863517012767371,3.3989486607348596,9.620119528566843,-42.5330812854423,True,0.63253194,0.5148349534852625,38.68271
2025-11-07 14:30:00,2025-11-07 14:40:00,1,554.35,557.75,pivot,3.3999999999999773,0.133363,3.166636999999977,99749.06549999928,1.0,2025-11-07,556.65,0.0,558.25,558.5,556.95,0.0,2025,0.0,1.0,1.0,1.0,1,14,4,11,554.35,557.0,554.1,2.039852783912284,58.37591147480071,-0.0088609546372708,-0.7640011134804084,0.7551401588431376,552.905,556.9646733110299,548.8453266889701,555.35,553.62,552.905,557.0258333333334,554.7008538401552,1.0,0.00613330928114,1,0.0091999639217101,1,0.0081176152250383,1,0.0255253900965093,1,0.0064038964553079,1,0.0059529178316946,1,0.0095607468206006,1,0.0099215297194912,1,2025-11-07 14:30:00,0.0042306197489573,0.0035993919900476,7.667446307593807,0.9894228278986102,2.3973612449367527,0.9894228278986102,0.0105771721013897,3.800559536296628e-05,9.529424826344916e-05,0.001724948840909,True,50.705659935981295,0.8575055357470134,0.7758360554890531,0.8575055357470134,0.1424944642529866,0.0002828966077742,0.0004771371035496,0.0040243745626514,True,0,0,1,0.7551401588431377,1,0,0,1,0.6779699854264226,0,0,0,1,1,0,0,0.0026066564444846216,-0.004826974534740406,0.014646607057021314,0.003679720003449597,44.081995063693945,39.57711585182477,201.72273834219885,True,0.6300167,0.5087122947771516,58.959026
2025-11-11 14:45:00,2025-11-11 15:10:00,1,579.15,580.1,pivot,0.9500000000000456,0.1347775,0.7152225000000455,22529.508750001434,1.0,2025-11-11,581.1,0.0,580.25,581.3,579.75,0.0,2025,0.0,1.0,1.0,1.0,1,14,1,11,579.15,581.4,578.6,1.8240790571148384,48.70439429696998,-1.5531418592996715,-1.7757040192417428,0.2225621599420713,580.5649999999999,584.7820206526524,576.3479793473475,579.4399999999999,578.8900000000001,580.5649999999999,585.5866666666666,582.1470450233024,-1.0,0.0002590002590002,1,0.0018993352326686,1,0.0044030044030045,1,0.0047483380816714,1,0.0016403349736683,1,0.0015540015540015,1,0.0037986704653372,1,0.0044030044030045,1,2025-11-11 14:45:00,0.0035340294506733,0.0062144166851114,19.748554249760783,0.969224082134984,1.5960768305502102,0.969224082134984,0.0307759178650158,5.008422411693399e-05,9.376824390805978e-05,0.0021554483724817,True,25.076663056829663,0.9176909364481366,1.1421975396847877,0.9176909364481366,0.0823090635518634,0.0004250550283828,0.0004691737531297,0.0050299906385433,True,0,0,1,0.2225621599420713,0,0,0,1,0.33222752310805537,1,0,0,1,1,0,0,-0.002443235776569047,-0.011113988891766574,0.01456279254995225,0.003149579654864609,10.839755193403937,16.180940281760435,51.670551670551454,True,0.69988596,0.6230108789344448,39.495316
2025-11-14 10:30:00,2025-11-14 10:35:00,-1,573.1,575.2,pivot,-2.1000000000000227,0.134449,-2.334449000000023,-73535.14350000072,1.0,2025-11-14,575.25,0.0,573.6,575.45,573.55,0.0,2025,0.0,1.0,1.0,1.0,1,10,4,11,573.1,575.55,573.05,2.1400434174242124,45.263432889690826,-2.6981850027126484,-3.491937963255644,0.7937529605429949,573.19,575.4106210664662,570.9693789335339,573.6099999999999,573.105,573.19,584.5300000000001,578.380587440205,-1.0,-0.0008724480893386,0,0.0001744896178677,1,0.0020938754144129,1,-0.0014831617518758,0,0.0020938754144129,1,0.0009596928982726,1,0.001308672134008,1,0.0015704065608095,1,2025-11-14 10:30:00,0.0037445073577834,0.0058405779942047,17.142714377290165,0.9731166736676856,1.6937260759681414,0.9731166736676856,0.0268833263323143,5.008422411693399e-05,9.376824390805978e-05,0.0021554483724817,True,28.841199133075268,0.907642806417815,1.0678755940250773,0.907642806417815,0.0923571935821849,0.0004250550283828,0.0004691737531297,0.0050299906385433,True,0,0,1,0.7937529605429958,0,0,0,0,0.4797353989478142,1,0,1,0,1,0,0,-0.00015704065608101872,-0.019944163322282434,0.0077495064263345004,0.003734153581267165,35.92798386053126,21.71447103508344,65.95707555400635,True,0.68177193,0.52943789962551,42.169643
2025-12-17 14:40:00,2025-12-17 14:45:00,1,568.7,570.0,pivot,1.2999999999999543,0.134161,1.0658389999999545,33573.92849999857,1.0,2025-12-17,569.95,0.0,570.45,570.6,569.75,0.0,2025,0.0,1.0,1.0,1.0,1,14,2,12,568.7,570.1,568.65,0.9547332211719,64.53075400823218,0.068336966484594,-0.1228562472043535,0.1911932136889476,568.0225,570.653784462098,565.3912155379021,568.0799999999999,567.45,568.0225,567.5958333333333,567.2740980621688,1.0,0.0030771935994373,1,0.0066819061016352,1,0.0080007033585369,1,-0.0017583963425356,0,0.0050993493933532,1,0.0062423070160013,1,0.0084403024441708,1,0.0085282222612975,1,2025-12-17 14:40:00,0.0022835070523341,0.0054539192191799,54.08881543777601,0.935757460706122,1.02274316563691,0.935757460706122,0.064242539293878,-3.277006100385237e-05,4.347070348608671e-07,0.0022323027149024,True,22.878773790372524,0.937888280172808,1.1090645373975911,0.937888280172808,0.0621117198271919,1.541960076953456e-05,5.509792461292823e-06,0.0049126171137914,True,0,0,1,0.19119321368894748,1,1,1,1,0.6287394065064016,1,1,0,1,1,0,0,0.00119131352206789,0.001941562628216533,0.009253681948647573,0.001678799404205908,12.337842240604846,40.5730279765465,160.6295058906258,True,0.69570434,0.6137755230593118,45.556347
2025-12-19 12:20:00,2025-12-19 12:35:00,1,569.05,570.55,pivot,1.5,0.134188,1.265812,39873.078,1.0,2025-12-19,570.4,0.0,570.25,570.7,569.95,0.0,2025,0.0,1.0,1.0,1.0,1,12,4,12,569.05,570.5,568.9,1.125931009893476,57.376534762874606,0.2056628865714174,0.1524942076305698,0.0531686789408475,569.4375,570.4942452636498,568.3807547363502,569.65,569.4,569.4375,569.1291666666667,570.5417435232575,-1.0,0.0049204815042616,1,0.0036903611281961,1,0.0064141991037696,1,0.0025481064932783,1,0.0021087777875407,1,0.0034267639047536,1,0.0057991389157368,1,0.0049204815042616,1,2025-12-19 12:20:00,0.0023695653721873,0.0021938493288605,49.83073779145349,0.9402214299475292,1.061294532025854,0.9402214299475292,0.0597785700524708,-3.277006100385237e-05,4.347070348608671e-07,0.0022323027149024,True,94.8834081376912,0.7705517302609177,0.4454528992816859,0.7705517302609177,0.2294482697390822,1.541960076953456e-05,5.509792461292823e-06,0.0049126171137914,True,0,0,1,0.05316867894084759,0,0,0,0,0.3166540161903787,1,0,0,1,1,0,0,-0.000680959493893411,-0.00013912075681709024,0.003714068231788979,0.0019786152533054673,3.0506345555456558,18.168510167751123,66.42650030753204,True,0.58097976,0.5487644636572686,44.750504
2026-01-06 13:40:00,2026-01-06 14:35:00,1,654.95,657.65,pivot,2.699999999999932,0.139378,2.460621999999932,77509.59299999785,1.0,2026-01-06,656.55,0.0,657.85,658.0,656.5,0.0,2026,0.0,1.0,1.0,1.0,1,13,1,1,654.95,656.7,654.1,1.3768747914563877,81.8716394524119,1.8702082259102328,1.2598625101170988,0.6103457157931338,650.365,655.0765870645728,645.6534129354272,653.72,651.74,650.365,646.7983333333333,651.2888500578074,1.0,0.0037407435682112,1,0.0016031758149476,1,0.004046110390106,1,0.0084739293075806,1,0.0029773265134742,1,0.0003053668218946,1,0.0043514772120007,1,0.0049622108557905,1,2026-01-06 13:40:00,0.0024399554613559,0.0099495692968363,36.64682216927269,0.9667146503444516,1.5161368371970052,0.9667146503444516,0.0332853496555483,3.2200489526989616e-07,7.753894680822606e-05,0.0015581815945553,True,3.690111680883095,0.992526569280508,2.7782862415050187,0.992526569280508,0.0074734307194919,0.0001689013683655,0.0003845706592063,0.0034427693211511,True,0,1,1,0.610345715793134,1,1,1,1,0.9865664092759145,0,1,0,1,1,0,0,0.007000534391938371,0.012446242715729071,0.014387623679892414,0.002102259396070521,49.97000438473971,80.7718093560983,93.7857851744373,True,0.72772586,0.586592481242893,42.089195
2026-01-06 15:00:00,2026-01-06 15:45:00,1,658.4,660.9,eod,2.5,0.139579,2.2604210000000005,71203.26150000001,1.0,2026-01-06,659.65,0.0,660.9,660.9,660.9,0.0,2026,0.0,1.0,1.0,2.0,1,15,1,1,658.4,659.65,658.25,1.4479924227133918,70.83944209253958,1.9918314261841488,2.062854700414335,-0.0710232742301864,656.7524999999999,660.0159297480413,653.4890702519585,657.8,657.73,656.7524999999999,650.5691666666667,654.595456187384,1.0,0.0024301336573511,1,0.0028857837181044,1,0.0196688942891859,1,0.013593560145808,1,0.0016707168894289,1,0.0031895504252734,1,0.0034933171324423,1,0.0037970838396111,1,2026-01-06 15:00:00,0.0018967419669256,0.0027324495179383,71.37056160973694,0.9382786337997476,1.1675166915551705,0.9382786337997476,0.0617213662002523,3.2200489526989616e-07,7.753894680822606e-05,0.0015581815945553,True,77.7109293354797,0.8331822840837657,0.6819739110335904,0.8331822840837657,0.1668177159162343,0.0001689013683655,0.0003845706592063,0.0034427693211511,True,0,1,0,0.0710232742301864,1,1,1,1,0.7524184871742388,1,1,0,0,1,0,0,0.002502278250303822,0.01189373228027539,0.009913213086395515,0.0021992594512657833,-5.0312491220518485,53.300905851535724,52.62758201701035,True,0.6491445,0.5865845831726598,42.219315
2026-01-07 12:45:00,2026-01-07 12:50:00,-1,668.25,666.1,pivot,2.1499999999999773,0.1400305,1.9099694999999774,60164.03924999929,1.0,2026-01-07,666.1,0.0,664.95,666.7,664.85,0.0,2026,0.0,1.0,1.0,1.0,1,12,2,1,668.25,668.6,666.1,1.7355693314893714,37.85587631601612,0.1813256774789806,0.8143532501475909,-0.6330275726686102,670.0375,672.8397312605614,667.2352687394387,668.74,669.9399999999999,670.0375,667.1791666666667,667.4139274015764,-1.0,0.0049382716049382,1,0.0136924803591469,1,0.0127197904975682,1,0.0084549195660306,1,0.0120463898241675,1,0.0147399925177703,1,0.0160867938645716,1,0.0168350168350168,1,2026-01-07 12:45:00,-0.0031477205035224,-0.0079997436080506,8.283509057297561,0.0107976205240727,-2.069886758770928,0.0107976205240727,0.9892023794759272,3.2200489526989616e-07,7.753894680822606e-05,0.0015581815945553,True,3.11054739072019,0.0131906953146738,-2.435340124517397,0.0131906953146738,0.986809304685326,0.0001689013683655,0.0003845706592063,0.0034427693211511,True,0,0,0,0.6330275726686103,0,1,0,0,0.1810577297531944,1,1,0,1,1,0,0,-0.0026748971193415977,0.0016024441950367762,0.008386775190606422,0.0025971856812411096,-23.963813495570815,6.854099023595599,379.4612794612762,True,0.73335385,0.5707546903914171,48.577316
2026-01-07 13:15:00,2026-01-07 13:50:00,1,659.0,659.85,pivot,0.8500000000000227,0.1395655,0.6104345000000229,19228.68675000072,1.0,2026-01-07,657.5,0.0,659.6,661.05,659.6,0.0,2026,0.0,1.0,0.0,0.0,1,13,2,1,659.0,659.4,657.45,2.1542439559830675,23.078036873120467,-2.5343553690977387,-1.068569863711013,-1.4657855053867257,667.1375,677.1226402770884,657.1523597229117,659.37,663.37,667.1375,667.3375,665.1878702056462,-1.0,-0.0030349013657056,0,0.0021244309559938,1,0.0034142640364188,1,0.0030349013657056,1,0.001062215477997,1,0.0011380880121396,1,0.0014415781487102,1,0.0009104704097117,1,2026-01-07 13:15:00,-0.0024305040067546,-0.0112670858072526,24.524592174441924,0.0219128712203789,-1.6095960588461726,0.0219128712203789,0.9780871287796212,3.2200489526989616e-07,7.753894680822606e-05,0.0015581815945553,True,1.901458950349986,0.0053795545019619,-3.384384888896068,0.0053795545019619,0.994620445498038,0.0001689013683655,0.0003845706592063,0.0034427693211511,True,1,0,0,1.4657855053867257,0,0,0,0,0.0925194952607658,1,0,0,1,0,1,0,-0.012348254931714788,-0.012651745068285246,0.03030391586369761,0.003268958962038039,-33.827451941400376,2.1351683231104475,33.4597875569055,True,0.6835175,0.5466470697797016,44.79373
2026-01-08 11:10:00,2026-01-08 11:50:00,1,674.5,671.5,pivot,-3.0,0.14038,-3.24038,-102071.97,1.0,2026-01-08,673.2,0.0,668.95,671.6,668.75,0.0,2026,0.0,1.0,1.0,1.0,0,11,3,1,674.5,674.7,672.5,2.011972462279398,52.96173836248849,2.1907347394183034,2.830549636760414,-0.6398148973421107,674.8275,678.8697082339525,670.7852917660475,675.0000000000001,675.74,674.8275,666.1016666666667,671.2069849970204,1.0,-0.0011860637509265,0,-0.0034099332839139,0,-0.00763528539659,0,-0.0073387694588584,0,-0.0005189028910304,0,-0.0016308376575241,0,-0.0048925129725722,0,-0.0045218680504076,0,2026-01-08 11:10:00,-0.0019292133311595,-0.0057026631121819,57.24376471434489,0.0414959645851787,-1.287880876644835,0.0414959645851787,0.9585040354148212,3.2200489526989616e-07,7.753894680822606e-05,0.0015581815945553,True,11.922432547874225,0.0270830150724646,-1.7681213010672716,0.0270830150724646,0.9729169849275354,0.0001689013683655,0.0003845706592063,0.0034427693211511,True,0,0,0,0.6398148973421107,0,1,0,0,0.45948996426641814,1,1,1,0,1,0,0,-0.00048554484803556167,0.012451198418581635,0.011985791649970245,0.0029829095067151934,-33.8857091934553,24.335387267667222,-16.3454410674576,True,0.7198379,0.5426738592723778,38.68271
2026-01-08 11:50:00,2026-01-08 12:20:00,-1,671.5,670.45,pivot,1.0499999999999543,0.1402585,0.8097414999999544,25506.857249998564,1.0,2026-01-08,668.95,0.0,669.7,670.65,668.65,0.0,2026,0.0,1.0,1.0,1.0,1,11,3,1,671.5,671.6,668.75,1.8863379572909087,36.44513675772766,0.1937661979935683,1.2091155887503444,-1.015349390756776,674.4825,679.058671122613,669.906328877387,671.44,672.6500000000001,674.4825,667.9233333333333,671.2069849970204,-1.0,0.0021593447505585,1,0.0015636634400595,1,0.0047654504839911,1,0.0046165301563663,1,0.0005212211466865,1,-0.0014147431124349,0,0.0026805658972449,1,0.0029784065524944,1,2026-01-08 11:50:00,-0.0037302341075559,-0.0077433191604551,3.7745089519938544,0.0077803130434763,-2.4437286819902617,0.0077803130434763,0.9922196869565236,3.2200489526989616e-07,7.753894680822606e-05,0.0015581815945553,True,3.339265013195316,0.0140233760262409,-2.360858094594529,0.0140233760262409,0.9859766239737592,0.0001689013683655,0.0003845706592063,0.0034427693211511,True,0,0,0,1.015349390756776,0,1,1,0,0.1741271337885476,1,1,1,0,1,0,0,-0.004441548771407236,0.005326383718044245,0.013629698056926298,0.0028091406661070865,-37.004547403006164,6.346087204154759,16.41846612062475,True,0.69685227,0.5753150551471663,52.052464
2026-01-08 14:40:00,2026-01-08 14:45:00,-1,671.75,670.4,pivot,1.3500000000000227,0.1402645,1.1097355000000229,34956.66825000072,1.0,2026-01-08,670.4,0.0,669.65,670.8,669.45,0.0,2026,0.0,1.0,1.0,1.0,1,14,3,1,671.75,671.95,669.45,1.6704658713849712,45.017653774809375,0.3709897694927804,0.4935611675709491,-0.1225713980781687,671.4575,675.2988642088721,667.6161357911278,671.9300000000001,672.8799999999999,671.4575,672.3216666666667,671.2069849970204,-1.0,0.0031261630070711,1,0.0084852995906215,1,0.0101228135467062,1,0.0197245999255675,1,0.0087085969482694,1,0.0101228135467062,1,0.0109415705247488,1,0.0130256791961295,1,2026-01-08 14:40:00,-0.002086128010319,-0.0046876829767036,44.02726929841909,0.0334871275548499,-1.3885845941754518,0.0334871275548499,0.96651287244515,3.2200489526989616e-07,7.753894680822606e-05,0.0015581815945553,True,20.265804039528,0.0433008444139322,-1.4733062725834996,0.0433008444139322,0.9566991555860678,0.0001689013683655,0.0003845706592063,0.0034427693211511,True,0,0,0,0.12257139807816869,1,0,0,0,0.5380724117911612,1,1,0,1,1,0,0,0.0004354298474134994,-0.000851011040813867,0.011436886368060036,0.002486737434142123,-5.517876761377334,24.22275753979115,274.3208038704861,True,0.7070493,0.5263415448223624,38.68271
2026-01-12 15:10:00,2026-01-12 15:45:00,1,672.25,674.05,eod,1.7999999999999543,0.140389,1.5596109999999546,49127.74649999857,1.0,2026-01-12,673.3,0.0,674.05,674.05,674.05,0.0,2026,0.0,1.0,1.0,1.0,1,15,0,1,672.25,673.55,672.25,1.4937430101938425,54.514073894737095,-0.8520963054992308,-1.1897404489731849,0.3376441434739541,671.7,676.0146018949127,667.3853981050873,671.4100000000001,670.225,671.7,674.6441666666667,671.1394053732625,1.0,0.0015619189289698,1,0.0026775753068054,1,0.0081814801041279,1,0.0105615470435106,1,0.0021569356638156,1,0.0014875418371141,1,0.0119003346969133,1,0.0119747117887689,1,2026-01-12 15:10:00,0.001560700402261,0.0101508559324717,110.6091205613078,0.9082134013921692,0.9518540461749228,0.9082134013921692,0.0917865986078306,3.2200489526989616e-07,7.753894680822606e-05,0.0015581815945553,True,3.145794039435102,0.993213094219815,2.836752730792797,0.993213094219815,0.006786905780185,0.0001689013683655,0.0003845706592063,0.0034427693211511,True,0,0,1,0.3376441434739541,1,0,1,1,0.563737050763415,1,1,0,0,1,0,0,0.0008181480104127252,-0.0035614230816908977,0.012836301658349418,0.0022220052215601973,18.406357787464348,30.73160324251796,67.9434734101914,True,0.72419614,0.6230788948057794,40.073494
2026-01-13 10:35:00,2026-01-13 10:45:00,-1,678.7,676.35,pivot,2.3500000000000227,0.1406515,2.109348500000023,66444.47775000072,1.0,2026-01-13,677.45,0.0,677.0,677.15,675.8,0.0,2026,0.0,1.0,1.0,1.0,1,10,1,1,678.7,678.85,676.9,1.7838415300178183,47.42294659450048,0.9283536709166356,1.3713956377351262,-0.4430419668184906,679.1925,681.8675848558827,676.5174151441173,679.08,679.615,679.1925,675.325,675.1776984126107,1.0,0.0034625018417563,1,0.00390452335347,1,0.0050832473847061,1,0.0034625018417563,1,0.004493885369088,1,0.0038308531015176,1,0.0040518638573743,1,0.0041255341093267,1,2026-01-13 10:35:00,-0.0018434544172725,-0.003830575586322,65.56443003690849,0.0468197429140469,-1.2328430593669115,0.0468197429140469,0.9531802570859532,3.2200489526989616e-07,7.753894680822606e-05,0.0015581815945553,True,32.682897655860835,0.0656558340969059,-1.2243475679976772,0.0656558340969059,0.934344165903094,0.0001689013683655,0.0003845706592063,0.0034427693211511,True,0,0,0,0.4430419668184906,0,1,0,0,0.4079468453277454,1,1,1,0,1,0,0,-0.0007256519817297037,0.004972742006777663,0.007882967013062287,0.0026283210991864124,-21.010355531555735,19.346041459372618,141.557389126272,True,0.7015595,0.6049794554073472,40.376163
2026-01-14 10:40:00,2026-01-14 10:45:00,-1,682.85,680.8,pivot,2.050000000000068,0.1409095,1.8090905000000683,56986.35075000215,1.0,2026-01-14,680.85,0.0,679.8,681.25,679.6,0.0,2026,0.0,1.0,1.0,1.0,1,10,2,1,682.85,683.0,680.75,1.6209968528345593,38.903069614217344,0.4787232771016079,0.9519019537723824,-0.4731786766707746,683.9775000000001,687.1325252376076,680.8224747623925,683.6999999999999,684.365,683.9775000000001,680.8725,680.6812604795487,1.0,0.0044665739181373,1,0.0046130189646334,1,0.0041736838251446,1,-0.0009518928022259,0,0.0042469063483927,1,0.003368236069415,1,0.0041004613018965,1,0.0035879036391594,1,2026-01-14 10:40:00,-0.0028599733497011,-0.0060768206916409,17.661467567092263,0.0227011614784137,-1.7718025607703989,0.0227011614784137,0.9772988385215864,1.7021975472909176e-05,9.133063667772478e-05,0.0016657070328962,True,11.280355432749978,0.0351948790305398,-1.71588719178353,0.0351948790305398,0.96480512096946,0.0002675779276299,0.0004551977337615,0.0038067877985691,True,0,0,0,0.4731786766707745,0,1,0,0,0.3213168017548043,1,1,1,0,1,0,0,-0.0016511678992458879,0.0028959507944644903,0.009240756352368925,0.0023738695948371667,-18.408102998486385,12.500209906884827,133.77754997437006,True,0.72569066,0.5355779993675291,44.340633
2026-01-30 11:50:00,2026-01-30 12:40:00,1,768.85,769.1,pivot,0.25,0.1461385,0.003861500000000007,121.63725000000022,1.0,2026-01-30,770.6,0.0,770.9,771.3,768.7,0.0,2026,0.0,1.0,1.0,0.0,1,11,4,1,768.85,771.4,768.85,2.9351932176165287,46.63729590052764,-1.5339680261694184,-0.7482932433729657,-0.7856747827964528,773.9625,785.5570484035273,762.3679515964726,768.28,769.395,773.9625,770.6616666666667,774.6784981473551,-1.0,0.0056578006113026,1,0.0060479937569096,1,0.0026663198283149,1,0.0052676074656954,1,0.0084541848214866,1,0.0076737985302724,1,0.0058528971841061,1,0.0057878649931715,1,2026-01-30 11:50:00,0.0024036130713296,0.0054652055354064,61.10913445589747,0.9389382445054736,1.2216841976533956,0.9389382445054736,0.0610617554945264,8.088249171274661e-05,0.0001316018704466,0.0018597369150284,True,29.74704030534267,0.9101725327165135,1.1136479880434536,0.9101725327165135,0.0898274672834864,0.0004609224172761,0.0006586844466234,0.0043160147015822,True,0,0,0,0.7856747827964528,0,0,1,0,0.2795300074626194,1,0,1,0,1,0,0,-0.006649541523053852,-0.0023563330515272473,0.030160755423105597,0.003817640915154489,-36.64174732686095,13.036523671110881,266.3068218768279,True,0.7075651,0.5778061712711099,44.893642
2026-01-30 15:25:00,2026-01-30 15:30:00,1,771.2,768.5,pivot,-2.700000000000045,0.146191,-2.946191000000045,-92805.01650000142,1.0,2026-01-30,768.5,0.0,772.15,772.4,768.4,0.0,2026,0.0,1.0,1.0,0.0,0,15,4,1,771.2,771.75,768.05,2.249961735423656,33.46150608731453,-0.4804287295440872,0.3606168351041957,-0.8410455646482828,775.2099999999999,779.6927857936048,770.727214206395,772.89,773.995,775.2099999999999,773.3841666666667,774.6784981473551,-1.0,0.0012318464730289,1,-0.0250259336099585,0,-0.012448132780083,0,-0.0206820539419087,0,-0.0223677385892116,0,-0.0256742738589212,0,-0.0304719917012448,0,-0.0238589211618258,0,2026-01-30 15:25:00,-0.0033126593250147,-0.0090029430268114,20.729955461094985,0.0286002263389664,-1.8520152864787056,0.0286002263389664,0.9713997736610336,8.088249171274661e-05,0.0001316018704466,0.0018597369150284,True,5.423468488322494,0.018457703891369,-2.238552957174347,0.018457703891369,0.9815422961086308,0.0004609224172761,0.0006586844466234,0.0043160147015822,True,0,0,0,0.8410455646482828,0,0,0,0,0.05273348040402387,1,0,0,0,1,0,0,-0.005199688796680338,-0.0028321663208852044,0.011625481829888163,0.0029174815034020436,-28.142651281187405,1.7645416755445262,-704.5837655601655,True,0.7330272,0.5565708293097603,46.505527
2026-02-03 11:00:00,2026-02-03 11:35:00,-1,762.8,762.15,pivot,0.6499999999999773,0.1457485,0.4042514999999771,12733.92224999928,1.0,2026-02-03,760.95,0.0,760.6,762.5,760.2,0.0,2026,0.0,1.0,1.0,1.0,1,11,1,2,762.8,762.8,760.0,2.7285659857229825,59.57840346392391,4.478174017098695,5.594437676930918,-1.1162636598322226,761.8599999999999,766.7083963758427,757.0116036241571,763.03,763.7349999999999,761.8599999999999,744.4891666666667,757.5174746968321,1.0,0.0047850026219192,1,0.0005899318300995,1,0.0016386995280545,1,-0.0036706869428422,0,0.0001966439433665,1,0.000393287886733,1,0.0008521237545883,1,0.0028841111693758,1,2026-02-03 11:00:00,-0.0022971164893842,-0.0052428195325792,45.95332941448231,0.058987430359309,-1.305947276845732,0.058987430359309,0.9410125696406908,8.088249171274661e-05,0.0001316018704466,0.0018597369150284,True,20.38464905365051,0.0626677225285325,-1.3673502958734671,0.0626677225285325,0.9373322774714674,0.0004609224172761,0.0006586844466234,0.0043160147015822,True,0,0,0,1.1162636598322226,1,1,0,0,0.5969392688976118,1,1,1,0,1,0,0,0.0012323020450970825,0.024004763153294733,0.01271210376466375,0.003577039834455929,-66.50520669760047,35.56468860584169,6.19428421604475,True,0.6853803,0.6049794554073472,40.376163
2026-02-05 10:25:00,2026-02-05 10:30:00,1,771.2,773.95,pivot,2.75,0.1463545,2.5036454999999997,78864.83325,1.0,2026-02-05,773.95,0.0,772.4,774.95,772.3,0.0,2026,0.0,1.0,1.0,1.0,1,10,3,2,771.2,775.9,770.6,3.4845291554658884,45.963193016661855,-2.569183516831117,-3.1173149857400926,0.5481314689089754,772.5775000000001,777.9362582072431,767.2187417927571,773.45,772.415,772.5775000000001,782.3291666666667,776.9791549047773,-1.0,0.0015560165975102,1,-0.0023340248962656,0,-0.0129019709543569,0,-0.016856846473029,0,0.0009076763485476,1,-0.0012318464730291,0,-0.0042790456431536,0,-0.0057702282157676,0,2026-02-05 10:25:00,0.0035595287235505,0.0059612695164994,16.74635106962554,0.9801172936892792,1.843232139666051,0.9801172936892792,0.0198827063107208,8.088249171274661e-05,0.0001316018704466,0.0018597369150284,True,24.373222247769466,0.9235189883067384,1.2285836440575768,0.9235189883067384,0.0764810116932617,0.0004609224172761,0.0006586844466234,0.0043160147015822,True,0,0,1,0.5481314689089758,0,0,0,0,0.3714720886139069,1,0,1,0,1,0,0,-0.0017861773858921868,-0.01443097337482703,0.0138971945208584,0.004518321000344772,25.19387250396962,17.07404330926352,28.5918049792494,True,0.72506905,0.5075030844429907,63.72485
2026-02-05 15:30:00,2026-02-05 15:45:00,-1,756.25,759.45,eod,-3.200000000000045,0.145471,-3.4454710000000457,-108532.33650000145,1.0,2026-02-05,758.7,0.0,759.45,759.45,759.45,0.0,2026,0.0,1.0,1.0,1.0,1,15,3,2,756.25,759.3,756.15,2.9023309125699392,54.28870126002892,-0.7779561251160203,-1.0913083769773786,0.3133522518613583,756.5325,761.101534799124,751.963465200876,755.79,755.23,756.5325,759.3841666666667,762.0623081715518,-1.0,-0.0042314049586777,0,0.044694214876033,1,0.044495867768595,1,0.037090909090909,1,0.032793388429752,1,0.0343801652892562,1,0.0408595041322313,1,0.0476694214876032,1,2026-02-05 15:30:00,0.0033666731472797,0.0048886930950044,21.913967024236072,0.9764131230785756,1.7395316782124008,0.9764131230785756,0.0235868769214243,8.088249171274661e-05,0.0001316018704466,0.0018597369150284,True,37.6555839251703,0.890853732776529,0.9800728081000952,0.890853732776529,0.1091462672234709,0.0004609224172761,0.0006586844466234,0.0043160147015822,True,0,0,1,0.3133522518613583,0,0,1,1,0.46908537443682957,1,0,0,0,1,0,0,-0.00037355371900830054,-0.0041443526170799536,0.01208339781586508,0.003837792942241242,17.011486790458623,25.46603575824985,1032.9917355371879,True,0.67788863,0.5771466954626324,43.606724
2026-02-06 11:35:00,2026-02-06 12:15:00,1,749.8,743.65,pivot,-6.149999999999977,0.1448035,-6.394803499999977,-201436.31024999928,1.0,2026-02-06,751.45,0.0,743.55,745.4,743.1,0.0,2026,0.0,1.0,2.0,2.0,0,11,4,2,749.8,751.8,749.7,3.839725640783369,69.11484005152909,3.7720360120691794,1.6453115145249484,2.126724497544231,738.1525,754.9517629864604,721.3532370135397,748.45,745.55,738.1525,743.3108333333333,739.9666169027005,1.0,0.0004667911443051,1,-0.0049346492397971,0,-0.0068684982662042,0,-0.0057348626300346,0,-0.0040010669511869,0,-0.006535076020272,0,-0.0054014403841023,0,-0.0082688716991196,0,2026-02-06 11:35:00,0.0022648557509849,0.0058725560830095,70.1866861294973,0.9298499546987976,1.1470729345099744,0.9298499546987976,0.0701500453012022,8.088249171274661e-05,0.0001316018704466,0.0018597369150284,True,25.22631967144197,0.921321600834158,1.2080291650708876,0.921321600834158,0.0786783991658419,0.0004609224172761,0.0006586844466234,0.0043160147015822,True,0,0,1,2.126724497544231,1,1,1,1,0.8466669939445386,0,1,1,0,0,0,0,0.01553414243798336,0.008654530096914671,0.04480998395961683,0.005120999787654534,146.9882234814381,58.51725386338573,-126.03360896238736,True,0.72976524,0.6094562996502043,39.094383
2026-02-10 08:45:00,2026-02-10 10:30:00,1,783.8,783.3,pivot,-0.5,0.147013,-0.747013,-23530.9095,1.0,2026-02-10,786.6,0.0,780.65,783.35,780.45,0.0,2026,0.0,1.0,1.0,1.0,1,8,1,2,783.8,787.2,783.8,1.910055572820042,66.05046294294164,0.628164022269857,0.2915444949085966,0.3366195273612604,781.74,784.8224802126817,778.6575197873183,782.1099999999999,781.89,781.74,781.5566666666667,779.4560343151444,1.0,0.0055498851747895,1,0.0049757591222251,1,0.0031257973972952,1,-0.0006379178361826,0,0.0090584332737943,1,0.0061878030109722,1,0.0069533044143914,1,0.0032533809645318,1,2026-02-10 08:45:00,0.0035659742321782,0.0083618398044507,27.82091077699518,0.9580210975533864,1.3396633532918272,0.9580210975533864,0.0419789024466136,7.040225456498499e-05,6.31468626621451e-05,0.0026147071657285,True,14.87527616943661,0.9463743961473512,1.3410769788472352,0.9463743961473512,0.0536256038526488,0.0004405271803491,0.0003223725421186,0.0059947843331429,True,0,0,1,0.33661952736126044,1,1,1,1,0.8341465083092559,1,1,0,0,1,0,0,0.002628221485072653,0.002862124691672909,0.00786547642939967,0.002436917036004136,22.233875617845456,55.09576303606466,285.34064812452044,True,0.71103257,0.5364320516332305,39.495316
2026-02-20 10:50:00,2026-02-20 11:35:00,1,849.65,851.85,pivot,2.200000000000045,0.151045,1.9489550000000457,61392.08250000144,1.0,2026-02-20,852.1,0.0,851.65,852.35,851.15,0.0,2026,0.0,1.0,1.0,1.0,1,10,4,2,849.65,852.95,849.2,2.194559208098482,68.15639660349453,2.201351829171813,2.135221915407851,0.0661299137639619,847.7625,852.9537755815278,842.5712244184723,850.5300000000001,849.585,847.7625,842.1591666666667,844.959182858502,1.0,0.0024127581945507,1,0.0002942388042134,1,0.0020596716294944,1,0.0039427999764609,1,0.0016477373035955,1,0.0011769552168539,1,0.0011769552168539,1,0.0025893014770788,1,2026-02-20 10:50:00,0.0028793908537958,0.0042927354150752,50.10166641288222,0.931467778863268,0.9686337746495208,0.931467778863268,0.068532221136732,6.165451679249326e-05,0.0001068310675458,0.0028623406067511,True,53.03164806089247,0.8230751579448512,0.5843691416980505,0.8230751579448512,0.1769248420551488,0.0004080057368871,0.0005336632815996,0.0064327012931459,True,0,0,1,0.06612991376396193,1,1,0,1,0.6817953959828555,1,1,1,0,1,0,0,0.002221502971811842,0.00881637537025044,0.012219797755611718,0.0025828979086664886,4.50717662985148,46.4687174110441,51.90372506325825,True,0.6634782,0.5753616907392316,39.62103
2026-02-26 08:45:00,2026-02-26 10:25:00,-1,915.75,921.9,pivot,-6.149999999999977,0.1551295,-6.405129499999977,-201761.57924999928,1.0,2026-02-26,910.65,0.0,918.2,922.55,918.1,0.0,2026,0.0,1.0,1.0,1.0,1,8,3,2,915.75,916.5,910.3,2.52016148681726,62.44841457832074,-0.1362186106802028,-0.6197433094777084,0.4835246987975056,906.2275000000002,912.0564183848934,900.398581615107,906.88,905.69,906.2275000000002,907.3933333333332,908.5589922760986,1.0,0.0039312039312039,1,-0.0071526071526071,0,-0.0096642096642096,0,-0.0026754026754027,0,0.0007098007098006,1,-0.0036036036036035,0,-0.0092274092274092,0,-0.0039312039312039,0,2026-02-26 08:45:00,0.0036854740689696,0.0060579544225998,24.736219930829023,0.9602305863221012,1.250250579187941,0.9602305863221012,0.0397694136778986,6.165451679249326e-05,0.0001068310675458,0.0028623406067511,True,30.423360715108814,0.8952719686279127,0.8587824755497961,0.8952719686279127,0.1047280313720873,0.0004080057368871,0.0005336632815996,0.0064327012931459,True,0,0,1,0.4835246987975056,1,1,1,1,1.3168325040095998,0,1,0,0,1,0,0,0.01039858039858019,0.009125489125489267,0.01273037048297723,0.002752019095623544,30.195350849364292,82.23410214059969,22.3587223587189,True,0.6877488,0.5532574484586272,39.495316
2026-02-26 10:25:00,2026-02-26 10:30:00,1,921.9,918.2,pivot,-3.699999999999932,0.155203,-3.955202999999932,-124588.89449999786,1.0,2026-02-26,918.2,0.0,921.65,922.3,916.95,0.0,2026,0.0,1.0,1.0,1.0,1,10,3,2,921.9,922.55,918.1,4.009618451509126,47.955872978865855,3.26911347993098,4.219397662518591,-0.9502841825876116,922.315,932.7037135145188,911.9262864854812,923.44,925.275,922.315,912.4425,918.1125771948916,1.0,-0.0002711790866688,0,0.0028744983186896,1,0.0067252413493871,1,0.0073760711573924,1,0.0015186028853454,1,0.0001084716346675,1,0.0052066384640417,1,0.0049896951947066,1,2026-02-26 10:25:00,-0.0040215259894269,-0.0091607004281974,23.193602653534512,0.0312740685173509,-1.442301117915754,0.0312740685173509,0.9687259314826492,6.165451679249326e-05,0.0001068310675458,0.0028623406067511,True,10.699317674784552,0.0351099373814105,-1.5070439723551945,0.0351099373814105,0.9648900626185896,0.0004080057368871,0.0005336632815996,0.0064327012931459,True,0,0,0,0.9502841825876112,0,1,0,0,0.48002640079447584,0,1,1,0,1,0,0,-0.0004501572838703518,0.01025870484868205,0.022537614740251156,0.00434929867828303,-45.57170755399687,23.020085103002035,47.8359908883801,True,0.7159912,0.5355779993675291,39.281364
2026-02-27 15:00:00,2026-02-27 15:05:00,-1,940.5,936.6,pivot,3.899999999999977,0.156313,3.6436869999999772,114776.14049999928,1.0,2026-02-27,936.55,0.0,937.9,939.45,935.6,0.0,2026,0.0,1.0,1.0,1.0,1,15,4,2,940.5,941.0,936.55,3.3506382677067594,40.23177146474616,1.5117266300555912,2.7019868360584973,-1.1902602060029062,943.7275,953.8545079264044,933.6004920735955,943.87,946.78,943.7275,935.8458333333332,941.8983224135036,-1.0,0.0027644869750133,1,0.0062732589048378,1,0.0275385433280169,1,0.0228070175438597,1,0.0030834662413609,1,0.0066454013822434,1,0.0052099946836788,1,0.0028708133971292,1,2026-02-27 15:00:00,-0.0041024059240131,-0.0143643314708026,24.239919393381943,0.0301668694519234,-1.438353105037966,0.0301668694519234,0.9698331305480764,7.830829586167718e-05,0.0001449122456969,0.0029529036749276,True,1.138573304197473,0.009444490177396,-2.2923357156247595,0.009444490177396,0.990555509822604,0.0005301488687346,0.000719790963016,0.0065802414240653,True,0,0,0,1.1902602060029062,0,1,0,0,0.34064888546276256,1,0,0,0,1,0,0,-0.0034316852737904984,0.00494860889597747,0.021535370391077974,0.0035626137880986277,-47.886276591490606,13.704908109658353,97.12918660286834,True,0.745117,0.5249079393449189,50.55078
2026-03-04 12:30:00,2026-03-04 13:00:00,1,761.25,795.0,pivot,33.75,0.1466875,33.5033125,1055354.34375,1.0,2026-03-04,754.5,0.0,791.45,797.45,785.9,0.0,2026,0.0,1.0,0.0,0.0,1,12,2,3,761.25,763.5,754.45,11.777909628148995,27.165589921185088,-16.34315237601038,-14.142931421703985,-2.2002209543063973,789.9399999999999,828.2486303324567,751.6313696675431,765.17,774.3050000000001,789.9399999999999,826.6533333333334,795.5171186102029,-1.0,0.0025615763546798,1,0.0440722495894909,1,0.031855500821018,1,0.0191133004926107,1,0.0296223316912971,1,0.0246305418719211,1,0.0396715927750411,1,0.0510344827586207,1,2026-03-04 12:30:00,-0.0089065408162032,-0.0434428116499754,0.2127555660873523,0.0009695151636329,-3.065272036725728,0.0009695151636329,0.999030484836367,7.830829586167718e-05,0.0001449122456969,0.0029529036749276,True,0.0308472948211417,0.0,-6.711395489454095,0.0,1.0,0.0005301488687346,0.000719790963016,0.0065802414240653,True,1,0,0,2.2002209543063955,0,0,0,0,0.12554129773086042,0,0,0,1,0,1,0,-0.037688013136288924,-0.08591570881226065,0.10064664783568289,0.015471802467190798,-59.7703001806861,3.4104034123299583,933.1034482758587,True,0.61782765,0.507326934056396,94.91069
2026-03-04 14:30:00,2026-03-04 14:55:00,1,765.1,776.1,pivot,11.0,0.146236,10.753764,338743.566,1.0,2026-03-04,762.7,0.0,770.5,777.75,770.1,0.0,2026,0.0,1.0,0.0,0.0,1,14,2,3,765.1,765.25,759.4,10.14949386577572,36.84658781941216,-5.883152748458542,-5.003213726463606,-0.8799390219949359,780.315,801.1101436651272,759.5198563348729,770.0799999999999,773.3199999999999,780.315,794.65,791.0512949612569,-1.0,0.0028100901842896,1,0.0070579009279832,1,-0.0198013331590641,0,0.1040386877532349,1,0.0101293948503463,1,0.014573258397595,1,-0.0028100901842896,0,-0.0075153574696118,0,2026-03-04 14:30:00,-0.0032724683959049,-0.0177386802569857,38.81720952255896,0.0559585314739261,-1.157294994285834,0.0559585314739261,0.9440414685260738,7.830829586167718e-05,0.0001449122456969,0.0029529036749276,True,0.6054601384675257,0.0067029453760008,-2.805135865151557,0.0067029453760008,0.9932970546239992,0.0005301488687346,0.000719790963016,0.0065802414240653,True,0,0,0,0.8799390219949359,0,0,0,0,0.1341693944265668,1,0,0,1,0,1,0,-0.019886289373938087,-0.03862240230035283,0.05435928287838759,0.013265578180336843,-32.42275044966405,4.943684374415842,319.0759377859085,True,0.7292896,0.5974441379716791,39.3732
2026-03-05 10:25:00,2026-03-05 10:35:00,1,848.15,838.45,pivot,-9.699999999999932,0.150598,-9.950597999999932,-313443.83699999785,1.0,2026-03-05,845.2,0.0,839.05,843.5,837.05,0.0,2026,0.0,1.0,1.0,2.0,0,10,3,3,848.15,849.3,844.9,8.286481503713665,64.20021069738704,14.594782029413407,16.51645589086344,-1.9216738614500315,842.6325,863.0437011316695,822.2212988683306,848.64,847.4949999999999,842.6325,797.1674999999999,826.5600286080643,1.0,-0.0114366562518421,0,-0.0229912161763838,0,-0.0105523787065966,0,-0.0110239933973943,0,-0.0194541059954017,0,-0.0191003949773034,0,-0.022755408830985,0,-0.015445381123622,0,2026-03-05 10:25:00,-0.0035431712985886,-0.0022454656956035,32.99952745550928,0.0461782363094374,-1.24896845623524,0.0461782363094374,0.9538217636905626,7.830829586167718e-05,0.0001449122456969,0.0029529036749276,True,69.03953606921282,0.2530674029889444,-0.450630374711627,0.2530674029889444,0.7469325970110556,0.0005301488687346,0.000719790963016,0.0065802414240653,True,0,0,0,1.9216738614500333,1,1,0,1,0.6351586309009302,0,1,1,0,1,0,0,0.006505335141189563,0.06011023993397403,0.04813111155260151,0.00977006603043526,-123.37186679675337,40.7773179301036,-612.8043388551536,True,0.60018706,0.5414571481012777,40.376163
2026-03-09 11:50:00,2026-03-09 12:15:00,1,765.95,759.95,pivot,-6.0,0.145777,-6.245777,-196741.9755,1.0,2026-03-09,769.55,0.0,759.55,763.2,759.05,0.0,2026,0.0,1.0,2.0,1.0,0,11,0,3,765.95,769.9,765.25,6.357470292674636,52.47320912684107,-4.357820197854949,-7.488441927025951,3.1306217291710023,759.7025000000001,768.4517841842203,750.9532158157799,763.9399999999999,761.095,759.7025000000001,790.7733333333333,772.6047918575014,-1.0,-0.0020889091977283,0,-0.0083556367909133,0,-0.0109014948756446,0,-0.012925125660944,0,-0.0075070174293361,0,-0.0077681310790522,0,-0.0045694888700306,0,-0.0062014491807559,0,2026-03-09 11:50:00,0.0048196003153999,0.014463129637376,14.308915880920267,0.9764666918600462,1.583081801616006,0.9764666918600462,0.0235333081399538,7.830829586167718e-05,0.0001449122456969,0.0029529036749276,True,3.1714708290351377,0.9815300893550172,2.0885766628710045,0.9815300893550172,0.0184699106449828,0.0005301488687346,0.000719790963016,0.0065802414240653,True,0,0,1,3.1306217291710023,1,0,1,1,0.8570292076732205,0,0,1,0,0,0,0,0.008156537633004694,-0.032408555823922276,0.02284557525744549,0.008300111355407841,164.27376869182282,44.97107284204781,-236.47104902408716,True,0.7124383,0.6104208194263826,48.541428
2026-03-10 11:40:00,2026-03-10 11:45:00,1,826.35,822.85,pivot,-3.5,0.149476,-3.749476,-118108.494,1.0,2026-03-10,822.85,0.0,820.1,823.75,819.7,0.0,2026,0.0,1.0,1.0,1.0,0,11,1,3,826.35,826.95,822.6,5.761544903529802,48.21918872917124,3.5484420383892257,5.829298988087585,-2.280856949698359,828.9975000000001,833.4802711183506,824.5147288816495,826.82,828.525,828.9975000000001,802.3341666666668,831.1037190821124,-1.0,-0.0075633811339021,0,-0.0104677194893204,0,-0.0144611847280208,0,-0.0112543111272464,0,-0.0111938040781751,0,-0.0118593816179585,0,-0.0109517758818903,0,-0.0096811278513946,0,2026-03-10 11:40:00,-0.0041839796657467,-0.0095549831933118,23.141745374171887,0.0282167950657009,-1.4659780297607934,0.0282167950657009,0.971783204934299,7.830829586167718e-05,0.0001449122456969,0.0029529036749276,True,10.413151915200196,0.0322149055418542,-1.5614585383981128,0.0322149055418542,0.9677850944581458,0.0005301488687346,0.000719790963016,0.0065802414240653,True,0,0,0,2.280856949698359,0,1,0,0,0.20470274634786834,1,0,1,0,1,0,0,-0.003203848248320973,0.029062544119723192,0.010849570081322852,0.0069722816040779356,-109.98107172174701,9.870600359527533,-352.6048284625156,True,0.72569066,0.5355779993675291,39.281364
2026-03-10 11:45:00,2026-03-10 12:30:00,1,822.85,816.85,pivot,-6.0,0.149191,-6.249191,-196849.5165,1.0,2026-03-10,820.1,0.0,814.4,817.4,814.3,0.0,2026,0.0,1.0,0.0,1.0,0,11,1,3,822.85,823.75,819.7,5.639291696134813,43.24471783381485,2.6802043141005925,5.199480053290186,-2.519275739189593,828.6425000000002,834.6049504900972,822.6800495099031,824.97,827.485,828.6425000000002,803.3950000000001,831.1037190821124,-1.0,-0.0044965668104758,0,-0.0067448502157137,0,-0.0130643495169228,0,-0.0095400133681716,0,-0.0076563164610804,0,-0.0062587348848514,0,-0.0054687974722002,0,-0.0044358023941179,0,2026-03-10 11:45:00,-0.0033476399990263,-0.0112159774096861,37.05314989310556,0.0530801418703781,-1.1827518365660752,0.0530801418703781,0.946919858129622,7.830829586167718e-05,0.0001449122456969,0.0029529036749276,True,5.767674387053883,0.0187489221864143,-1.8138800088778608,0.0187489221864143,0.9812510778135856,0.0005301488687346,0.000719790963016,0.0065802414240653,True,0,0,0,2.5192757391895935,0,1,0,0,0.01425173176524903,1,0,1,0,0,1,0,-0.007039557635049075,0.023643434404812452,0.014492192963716382,0.006853365371738243,-108.9453684868293,0.6163121188314103,-241.1739685240326,True,0.72776586,0.5960511758813741,44.233562
2026-03-10 13:00:00,2026-03-10 13:10:00,1,810.45,810.5,pivot,0.0499999999999545,0.1486285,-0.19862850000004548,-6256.797750001432,1.0,2026-03-10,807.3,0.0,813.85,814.35,810.25,0.0,2026,0.0,1.0,0.0,0.0,1,13,1,3,810.45,811.9,806.65,4.629030314211049,34.336715815030104,-3.5055098169391385,-2.191096995987735,-1.3144128209514037,816.9150000000001,829.5810383061253,804.2489616938749,808.94,812.5649999999999,816.9150000000001,815.9358333333333,819.6909546727127,-1.0,-0.0001233882411006,0,0.0056141649700782,1,0.0019742118576098,1,0.0087605651181441,1,0.0072799062249367,1,0.008143623912641,1,0.006354494416682,1,0.0087605651181441,1,2026-03-10 13:00:00,-0.0038943025572147,-0.0059281388873954,27.171982694641155,0.0355612823680759,-1.3678789583310014,0.0355612823680759,0.964438717631924,7.830829586167718e-05,0.0001449122456969,0.0029529036749276,True,24.25068648252132,0.0932683425821154,-1.0102866174633771,0.0932683425821154,0.9067316574178844,0.0005301488687346,0.000719790963016,0.0065802414240653,True,0,0,0,1.3144128209514037,0,0,1,0,0.24478997127011637,1,0,0,1,0,1,0,-0.007977049787155324,-0.006768873259711628,0.03125680376611805,0.005711679084719661,-45.132619496640395,8.405283677871369,229.31704608550606,True,0.66990465,0.5386137136579987,38.68271
2026-03-10 13:10:00,2026-03-10 13:30:00,1,810.5,815.05,pivot,4.5499999999999545,0.1487665,4.301233499999954,135488.85524999857,1.0,2026-03-10,813.85,0.0,815.6,817.55,814.4,0.0,2026,0.0,1.0,1.0,0.0,1,13,1,3,810.5,814.35,810.25,4.702072056641159,46.73901544728418,-3.0894949965095293,-2.572336882118771,-0.5171581143907584,815.345,825.8395549818391,804.8504450181609,810.78,811.23,815.345,817.4208333333333,819.6909546727127,-1.0,0.0072177668106107,1,0.0086983343615051,1,0.0122146822948796,1,0.0117828500925354,1,0.0055521283158544,1,0.0062924120913016,1,0.0054904380012338,1,0.0061073411474399,1,2026-03-10 13:10:00,0.0043098207333786,0.0102507999005116,19.613883593124868,0.9679276608896872,1.410445089369098,0.9679276608896872,0.0320723391103129,7.830829586167718e-05,0.0001449122456969,0.0029529036749276,True,8.940252749356771,0.957814063699466,1.4484284577521174,0.957814063699466,0.042185936300534,0.0005301488687346,0.000719790963016,0.0065802414240653,True,0,0,0,0.5171581143907584,0,0,0,0,0.2691660099744897,1,0,0,1,1,0,0,-0.005977791486736616,-0.008538967715402034,0.025896495945315453,0.005801446090858925,-24.17146109719802,12.580554298081521,174.8920419494136,True,0.716232,0.5517053593551373,42.925552
2026-03-10 14:55:00,2026-03-10 15:00:00,1,819.95,822.85,pivot,2.8999999999999773,0.149284,2.650715999999977,83497.55399999928,1.0,2026-03-10,822.85,0.0,826.25,826.35,822.35,0.0,2026,0.0,1.0,1.0,1.0,1,14,1,3,819.95,822.9,819.9,3.631172224833026,60.655110751879455,0.9471566816974928,0.3115424309007862,0.6356142507967066,817.3125,822.071300717302,812.553699282698,819.16,818.25,817.3125,820.4441666666667,819.6909546727127,1.0,0.0076833953289834,1,0.0042075736325384,1,0.0290261601317152,1,0.0267699249954264,1,0.0070126227208976,1,0.0051222635526555,1,0.0049393255686321,1,0.0057930361607415,1,2026-03-10 14:55:00,0.003408610032274,0.0052394417410413,36.73143927727375,0.9433773889290298,1.1052503386034152,0.9433773889290298,0.0566226110709702,7.830829586167718e-05,0.0001449122456969,0.0029529036749276,True,41.28065707373847,0.8487383763294107,0.6868518169403277,0.8487383763294107,0.1512616236705892,0.0005301488687346,0.000719790963016,0.0065802414240653,True,0,0,1,0.6356142507967066,1,0,1,1,0.7771181392835615,1,1,0,1,1,0,0,0.0032166595524117875,-0.0006026790251437467,0.011607538794565646,0.004428528843018508,38.55325277754712,47.13618680553891,220.8976157082744,True,0.6886841,0.6076614318365249,39.495316
2026-03-10 15:00:00,2026-03-10 15:45:00,1,822.85,822.15,eod,-0.7000000000000455,0.14935,-0.9493500000000454,-29904.52500000143,1.0,2026-03-10,826.25,0.0,822.15,822.15,822.15,0.0,2026,0.0,1.0,2.0,2.0,1,15,1,3,822.85,826.35,822.35,3.6575170659163807,65.31243778000294,1.50066529393564,0.549367003507757,0.9512982904278828,817.7725,823.9819558668025,811.5630441331975,821.0,819.08,817.7725,820.4425,819.6909546727127,1.0,0.0037066293978245,1,0.0013975815762289,1,0.025764112535699,1,0.0204776083125721,1,0.0015798748253022,1,0.0006684085799355,1,0.0022482834052379,1,-0.0008507018290089,0,2026-03-10 15:00:00,0.004123467124504,0.0111970986681029,22.28713378926383,0.964029181637445,1.3473364920732254,0.964029181637445,0.035970818362555,7.830829586167718e-05,0.0001449122456969,0.0029529036749276,True,6.911363816302876,0.9652408866381006,1.5922375836803102,0.9652408866381006,0.0347591133618994,0.0005301488687346,0.000719790963016,0.0065802414240653,True,0,0,1,0.9512982904278829,1,1,1,1,0.9088522496106085,0,1,0,0,0,0,0,0.006170626481132632,0.0029258066476271828,0.015092558465826092,0.004444937796580641,62.13161040379426,59.359356003908566,49.766056997019305,True,0.6934351,0.5731458793011455,40.251225
2026-03-11 14:50:00,2026-03-11 15:05:00,1,838.45,831.65,pivot,-6.800000000000068,0.150103,-7.0501030000000675,-222078.24450000213,1.0,2026-03-11,832.5,0.0,834.0,834.85,829.0,0.0,2026,0.0,2.0,0.0,0.0,0,14,2,3,838.45,840.15,832.05,3.1254986313321305,19.127998300778813,-3.8487243636919857,-1.8633865530379337,-1.985337810654052,848.6225000000001,862.2612017076247,834.9837982923755,838.6200000000001,843.26,848.6225000000001,850.1833333333333,845.4406419687966,-1.0,-0.0124038404198223,0,-0.0062615540580833,0,-0.0210507484047946,0,-0.0044129047647445,0,-0.0053074124873278,0,-0.0013119446597889,0,-0.0093625141630389,0,-0.0070367940843223,0,2026-03-11 14:50:00,-0.0071217273385197,-0.017208439177792,6.691373159490927,0.0213909522541487,-1.4589237843307663,0.0213909522541487,0.9786090477458512,8.479893996862295e-06,3.75290454950208e-05,0.0049072175400161,True,2.9746031016906267,0.0296174313135547,-1.624872756739169,0.0296174313135547,0.9703825686864452,0.000280927876622,0.0001911478272277,0.0107082766529593,True,1,0,0,1.985337810654052,0,0,0,0,0.12707227498372625,1,0,0,1,0,1,0,-0.012132506410638694,-0.013994076371081441,0.03253313067594869,0.003727710216866993,-37.97553826866264,2.4306382599648138,-167.1834933508257,True,0.737994,0.5671795838606026,44.79373
2026-03-12 13:15:00,2026-03-12 13:45:00,1,821.25,821.9,pivot,0.6499999999999773,0.1492945,0.4007054999999773,12622.223249999284,1.0,2026-03-12,824.65,0.0,822.1,823.6,821.65,0.0,2026,0.0,1.0,1.0,1.0,1,13,3,3,821.25,824.8,821.25,2.4901744825424905,53.8785253313845,-1.2200874686119505,-1.8694275210616496,0.6493400524496993,821.45,824.2573212656029,818.6426787343972,822.2800000000001,821.1,821.45,826.86,826.3642426537023,-1.0,0.0043226788432267,1,0.0007914764079147,1,0.0055403348554032,1,0.0031050228310501,1,0.0030441400304414,1,0.0027397260273972,1,0.0010350076103501,1,0.0021917808219177,1,2026-03-12 13:15:00,0.0041923687493827,0.0049232738860754,32.188481700041194,0.933363601624584,0.8466793391584524,0.933363601624584,0.0666363983754159,8.479893996862295e-06,3.75290454950208e-05,0.0049072175400161,True,45.1648914544672,0.7923430220067291,0.4419129438106007,0.7923430220067291,0.2076569779932708,0.000280927876622,0.0001911478272277,0.0107082766529593,True,0,0,1,0.6493400524496991,0,0,0,1,0.4643788542389893,1,0,0,1,1,0,0,-0.0002435312024353674,-0.006831050228310519,0.00683670323434474,0.003032175930036518,34.98548446459366,25.020047861474694,95.8904109589041,True,0.6238037,0.5855270809956283,42.74596
2026-03-23 10:35:00,2026-03-23 11:25:00,1,815.15,818.6,pivot,3.450000000000045,0.1490125,3.200987500000046,100831.10625000144,1.0,2026-03-23,819.65,0.0,816.05,820.4,815.8,0.0,2026,0.0,1.0,1.0,1.0,1,10,0,3,815.15,819.65,812.9,4.307837713118724,44.78757282761951,-7.888158569179723,-10.565577767506507,2.6774191983267848,813.9475,825.7571960633202,802.1378039366798,815.42,810.7,813.9475,846.1483333333332,816.5157666334366,1.0,0.0048457339140036,1,0.0034962890265595,1,0.001104091271545,1,-0.0096301294240324,0,0.0014721216953935,1,0.0032509354106605,1,0.0053364411458014,1,-0.0022081825430901,0,2026-03-23 10:35:00,0.0054439379639501,0.0112260786967344,13.203292738897591,0.9668253042666236,1.0987607772257626,0.9668253042666236,0.0331746957333762,5.897674660383861e-05,8.37259733417918e-05,0.0048784158496649,True,9.170760441973831,0.9469219717001682,1.0314440668837117,0.9469219717001682,0.0530780282998317,0.0003835887612526,0.0004011637656982,0.0104949122095794,True,0,0,1,2.6774191983267848,1,0,0,1,0.5509115557907895,0,0,1,0,1,0,0,0.0014751886155922056,-0.03802776585086576,0.028975516318027823,0.005284717798096945,119.91510733512753,24.67399142655716,46.37183340489525,True,0.690301,0.5991455470882429,40.251225
2026-03-24 14:30:00,2026-03-24 15:45:00,1,818.85,830.75,eod,11.899999999999975,0.149488,11.650511999999976,366991.12799999927,1.0,2026-03-24,822.15,0.0,830.75,830.75,830.75,0.0,2026,0.0,1.0,1.0,1.0,1,14,1,3,818.85,822.6,818.55,4.139942000271002,48.91634069437685,0.0175753933542637,0.693895102372957,-0.6763197090186933,824.2375,829.5929571335281,818.8820428664718,822.2199999999999,823.3399999999999,824.2375,820.1924999999999,820.4644095711989,1.0,0.0064114306649569,1,0.0111742077303535,1,0.0136166575074799,1,0.042010136166575,1,0.0104414727972155,1,0.0113573914636379,1,0.0135555962630518,1,0.0142272699517615,1,2026-03-24 14:30:00,0.0040219432643586,0.00298444050125,32.88243847946672,0.9360087560749956,0.8072737979660708,0.9360087560749956,0.0639912439250044,5.897674660383861e-05,8.37259733417918e-05,0.0048784158496649,True,65.9012830045798,0.6968527388202037,0.2461456259914053,0.6968527388202037,0.3031472611797963,0.0003835887612526,0.0004011637656982,0.0104949122095794,True,0,0,0,0.6763197090186933,0,0,0,0,-0.0029916089021773296,1,0,0,1,1,0,0,-0.006579349087134313,-0.0016394944128959627,0.013080435082196123,0.005055800207939186,-33.08308530468022,-0.14633856028323697,328.90639311228824,True,0.5647647,0.5541828463638511,42.74596
2026-03-27 10:25:00,2026-03-27 11:00:00,1,785.5,787.45,pivot,1.9500000000000453,0.1471885,1.7028115000000459,53638.56225000144,1.0,2026-03-27,787.6,0.0,789.75,790.6,787.25,0.0,2026,0.0,1.0,1.0,1.0,1,10,4,3,785.5,787.6,784.35,3.5999689258104497,50.139397517172654,-4.713075007300517,-7.022561679420839,2.3094866721203218,780.3149999999999,788.7380323361424,771.8919676638575,784.0600000000001,779.505,780.3149999999999,803.7166666666667,785.4429417797911,1.0,0.0029280712921705,1,-6.365372374278106e-05,0,-0.0026734563971992,0,0.0013367281985995,1,0.0015913430935709,1,0.0005092297899426,1,0.0024188415022278,1,0.0054105665181413,1,2026-03-27 10:25:00,0.002860868475929,0.0144513033533358,70.14569453158747,0.8705831222081213,0.571125057608969,0.8705831222081213,0.1294168777918787,1.4521943394411408e-05,-3.6483203217214665e-05,0.0050730599901817,True,3.6185212364903294,0.967944131859482,1.3333638711907885,0.967944131859482,0.032055868140518,7.14248930600338e-05,-0.0001719133463641,0.0109671613395677,True,0,0,1,2.3094866721203218,1,0,1,1,0.8077870173756607,0,1,1,0,1,0,0,0.006600891152132475,-0.0231911733503077,0.02144629493607245,0.0045830285497268615,115.79627031405299,40.501954373409504,50.127307447483346,True,0.6116327,0.5122463334075914,40.073494
2026-03-30 10:30:00,2026-03-30 10:35:00,-1,770.95,777.0,pivot,-6.0499999999999545,0.1464385,-6.296438499999955,-198337.8127499986,1.0,2026-03-30,777.15,0.0,777.65,778.0,775.55,0.0,2026,0.0,1.0,1.0,2.0,0,10,0,3,770.95,777.7,769.75,4.441339583425544,48.761177706707,-4.660863461188342,-5.959544398396141,1.2986809372077994,771.5425,778.7320593194918,764.3529406805083,772.0699999999999,771.75,771.5425,790.825,779.4127356034405,-1.0,-0.0086905765613852,0,-0.0088202866593163,0,-0.0030481873013812,0,-0.0145275309682857,0,-0.0156300668007003,0,-0.0095985472469031,0,-0.006809780141384,0,-0.0060315195537972,0,2026-03-30 10:30:00,0.0078801596252415,0.0067783739730987,3.8328602017131774,0.983190800085482,1.5605261604988712,0.983190800085482,0.0168091999145181,1.4521943394411408e-05,-3.6483203217214665e-05,0.0050730599901817,True,28.188540998927845,0.8720694922748898,0.6337362152581268,0.8720694922748898,0.1279305077251101,7.14248930600338e-05,-0.0001719133463641,0.0109671613395677,True,0,0,1,1.2986809372077994,0,0,0,0,0.45879441467339777,1,0,1,0,1,0,0,-0.0007685323302418739,-0.025779881963810883,0.018651168868258027,0.005760865923115044,63.325211963502305,22.371355984734173,-492.34710422205944,True,0.60982674,0.5475476651822068,63.72485
2026-03-31 10:30:00,2026-03-31 11:00:00,1,763.05,771.9,pivot,8.850000000000023,0.1460485,8.603951500000024,271024.47225000075,1.0,2026-03-31,767.55,0.0,769.1,772.05,768.25,0.0,2026,0.0,1.0,2.0,2.0,1,10,1,3,763.05,767.85,762.0,5.014848521289351,56.41068453498074,-2.1280558962143914,-4.164119460455236,2.0360635642408447,756.3525,767.7047302490686,745.0002697509314,760.6300000000001,760.275,756.3525,772.8125,762.4592784062255,1.0,0.009042657755062,1,0.0116637179739205,1,0.0057008059760173,1,0.0076010746346898,1,0.0076666011401612,1,0.0153332022803224,1,0.0079287071620471,1,0.0102221348535483,1,2026-03-31 10:30:00,0.0056835037851335,0.0176123367049492,12.722526004288396,0.96771286668596,1.1275220477228862,0.96771286668596,0.03228713331404,1.4521943394411408e-05,-3.6483203217214665e-05,0.0050730599901817,True,1.7543081182672344,0.9756195487492216,1.621590993391396,0.9756195487492216,0.0243804512507784,7.14248930600338e-05,-0.0001719133463641,0.0109671613395677,True,0,0,1,2.0360635642408447,1,0,1,1,0.7949860887709481,0,1,1,0,0,0,0,0.008777275407902485,-0.012794050193303251,0.029754879101156182,0.006572109981376517,114.85573941555877,44.84570946335615,241.4979359150778,True,0.70388436,0.5913865358087657,42.089195
2026-05-07 10:25:00,2026-05-07 10:35:00,1,1118.65,1114.9,pivot,-3.75,0.1670065,-4.0170065,-126535.70475,1.0,2026-05-07,1124.1,0.0,1125.4,1125.7,1114.9,0.0,2026,0.0,1.0,1.0,0.0,1,10,3,5,1118.65,1124.6,1116.95,7.296459246657573,46.03913777332577,-4.092382435159152,-3.236352593237488,-0.8560298419216648,1130.1699999999998,1152.4691243652364,1107.8708756347633,1120.34,1123.385,1130.1699999999998,1133.1358333333335,1142.3016993563474,-1.0,-0.0033969516828321,0,0.0135431099986589,1,0.0168059714834845,1,0.0070620837616768,1,0.009877977919814,1,0.0120234210879183,1,0.0140794707906852,1,0.0144817413847046,1,2026-05-07 10:25:00,0.0049048120802638,0.0038326175529584,5.2651491702421165,0.993134047860357,1.5934231151678926,0.993134047860357,0.006865952139643,6.260204166077895e-06,0.0001610966535094,0.002977059502651,True,54.12982642857291,0.8566952449888654,0.4708703892115259,0.8566952449888654,0.1433047550111346,0.0001671542312834,0.000796274467771,0.0064483627655409,True,0,0,0,0.8560298419216639,0,0,0,0,0.24169389319252924,1,0,1,0,1,0,0,-0.010298127206900955,-0.012949388399708042,0.039867920020089556,0.006522557767539063,-39.410875830309806,11.127378447662338,311.156304474141,True,0.6179556,0.5101534392280401,88.56158
2026-05-07 14:10:00,2026-05-07 15:10:00,-1,1141.1,1147.85,pivot,-6.75,0.1686685,-7.0186685,-221088.05775,1.0,2026-05-07,1145.35,0.0,1149.7,1150.6,1146.8,0.0,2026,0.0,1.0,1.0,1.0,0,14,3,5,1141.1,1145.35,1140.9,3.4366683772481146,68.61612778118973,2.1408779318360303,1.1963047898154575,0.9445731420205729,1135.8275,1142.4022903776097,1129.2527096223905,1139.4,1137.16,1135.8275,1131.495,1139.6282707658886,1.0,-0.0041188327052844,0,-0.009157830163877,0,-0.0091140127946718,0,0.0155113486986239,1,-0.006309701165542,0,-0.0081938480413637,0,-0.0110857944089037,0,-0.0128384891771098,0,2026-05-07 14:10:00,0.0037175576939495,0.0082849788972074,17.736266496460676,0.9807370868343932,1.1946220884309386,0.9807370868343932,0.0192629131656069,6.260204166077895e-06,0.0001610966535094,0.002977059502651,True,8.19669508155234,0.9678103258957644,1.1613342334669483,0.9678103258957644,0.0321896741042355,0.0001671542312834,0.000796274467771,0.0064483627655409,True,0,0,1,0.9445731420205727,1,1,1,1,0.90096335374853,0,1,0,1,1,0,0,0.004620541582683209,0.008417316624309893,0.011523600696888245,0.003011715342431088,64.8129514115635,61.82061660697838,-198.755586714573,True,0.6931747,0.60562676486051,49.03611
2026-05-12 12:55:00,2026-05-12 13:10:00,-1,1193.25,1193.35,pivot,-0.099999999999909,0.171598,-0.3715979999999091,-11705.336999997136,1.0,2026-05-12,1188.1,0.0,1186.4,1194.3,1185.0,0.0,2026,0.0,1.0,1.0,1.0,1,12,1,5,1193.25,1193.25,1186.95,6.986702507878702,41.493334943353446,-2.5723162253100327,-2.1262967218798465,-0.4460195034301861,1198.11,1208.2180270389952,1188.0019729610046,1193.19,1195.065,1198.11,1207.569166666667,1203.9512899210515,-1.0,0.0015084852294154,1,0.0070395977372722,1,0.0143725120469307,1,0.017473287240729,1,0.0057406243452754,1,0.0068300858998534,1,0.0085061805992039,1,0.0067881835323695,1,2026-05-12 12:55:00,-0.0045347743146431,-0.006794473146215,7.20656075450205,0.0089504866664536,-1.5773520697087242,0.0089504866664536,0.9910495133335464,6.260204166077895e-06,0.0001610966535094,0.002977059502651,True,13.797219786016846,0.0345222637306808,-1.177158899085176,0.0345222637306808,0.9654777362693192,0.0001671542312834,0.000796274467771,0.0064483627655409,True,0,0,0,0.44601950343018615,0,0,1,0,0.2595970023996402,1,0,0,1,1,0,0,-0.004072910119421663,-0.012000139674558465,0.01694201054095162,0.005855187519697215,-18.506836647096893,10.771545370858798,180.8296668761751,True,0.6928262,0.570549757629949,40.21524
2026-05-12 14:10:00,2026-05-12 14:40:00,1,1176.4,1172.5,pivot,-3.900000000000091,0.170467,-4.170467000000092,-131369.7105000029,1.0,2026-05-12,1169.25,0.0,1172.0,1173.7,1169.7,0.0,2026,0.0,1.0,0.0,0.0,1,14,1,5,1176.4,1176.75,1168.5,6.734604870171839,35.24851911335146,-5.995467635857494,-5.107235116641531,-0.888232519215963,1184.575,1200.131298439724,1169.018701560276,1175.71,1178.455,1184.575,1197.3516666666665,1192.4399042564492,-1.0,-0.0051003060183611,0,-0.0034002040122407,0,0.0053553213192791,1,-0.0195086705202312,0,0.0038252295137708,1,-0.0006375382522951,0,-0.0037402244134648,0,0.0060353621217272,1,2026-05-12 14:10:00,-0.00592638541986,-0.0058413622509952,1.9642037286271112,0.0034188093566591,-2.0447969104912533,0.0034188093566591,0.9965811906433408,6.260204166077895e-06,0.0001610966535094,0.002977059502651,True,20.38844083578745,0.0508083507955259,-1.0293522495720535,0.0508083507955259,0.949191649204474,0.0001671542312834,0.000796274467771,0.0064483627655409,True,0,0,0,0.888232519215963,0,0,1,0,0.23724469122022823,1,0,0,1,0,1,0,-0.0069491669500169615,-0.01780998526578236,0.026447294185182012,0.005724757625103568,-31.308880930684193,8.362524033017381,120.4947296837802,True,0.6729463,0.5174176902680707,40.610054
2026-05-13 10:35:00,2026-05-13 10:40:00,1,1194.15,1200.45,pivot,6.2999999999999545,0.171838,6.028161999999952,189887.1029999985,1.0,2026-05-13,1200.4,0.0,1202.5,1204.9,1199.15,0.0,2026,0.0,1.0,2.0,2.0,1,10,2,5,1194.15,1201.3,1192.7,7.519680151549154,71.3809756578831,6.1381442473943935,1.193220220477819,4.944924026916574,1167.96,1202.1266134373209,1133.7933865626792,1192.15,1181.815,1167.96,1176.8791666666666,1174.337212750026,1.0,0.0069924213875977,1,0.0023866348448686,1,0.0067830674538373,1,0.0100489888204999,1,0.001632960683331,1,0.0052338483440103,1,0.0020097977640998,1,0.0004187078675208,1,2026-05-13 10:35:00,0.0052201993635151,0.0147280539077957,3.545566826950147,0.9945032536262264,1.6993623088489471,0.9945032536262264,0.0054967463737736,6.260204166077895e-06,0.0001610966535094,0.002977059502651,True,0.7639739802517095,0.98489884957686,2.160514218349168,0.98489884957686,0.0151011504231398,0.0001671542312834,0.000796274467771,0.0064483627655409,True,0,1,1,4.944924026916574,1,1,1,1,0.8832688897898235,0,1,1,0,0,0,0,0.021931918100741157,0.014462867590615486,0.05722331941099668,0.006297098481387726,352.97350159541327,63.04859512145282,51.4382615249265,True,0.69454354,0.5264086533450114,51.867737
2026-05-13 11:30:00,2026-05-13 12:00:00,1,1202.15,1200.65,pivot,-1.5,0.172084,-1.7720839999999998,-55820.64599999999,1.0,2026-05-13,1206.6,0.0,1201.75,1203.55,1198.3,0.0,2026,0.0,1.0,2.0,2.0,1,11,2,5,1202.15,1206.65,1201.8,6.489945599637643,67.21358030067672,8.074170796502585,7.452764034463052,0.6214067620395332,1193.09,1216.298201819036,1169.881798180964,1201.2800000000002,1200.275,1193.09,1178.799166666667,1185.772231659012,1.0,0.0021627916649335,1,-0.0010813958324669,0,0.0021627916649335,1,0.0099821153766168,1,0.0038680697084389,1,-0.0003743293266231,0,-0.0003327371792206,0,0.0009982115376615,1,2026-05-13 11:30:00,0.0036116858488892,0.0083640709814132,19.64731953733105,0.9787645680591884,1.159059532504171,0.9787645680591884,0.0212354319408114,6.260204166077895e-06,0.0001610966535094,0.002977059502651,True,7.924732868772861,0.9684478391422768,1.1735996855020667,0.9684478391422768,0.0315521608577232,0.0001671542312834,0.000796274467771,0.0064483627655409,True,0,0,1,0.6214067620395332,1,1,1,1,0.6951896159522541,0,1,1,0,0,0,0,0.007536497109345898,0.019424226039456958,0.0386111580402378,0.0053986154802958385,41.766973299727674,46.726183076003444,121.84419581582534,True,0.69944495,0.6104208194263826,49.03611
2026-05-14 10:50:00,2026-05-14 11:15:00,-1,1241.35,1234.3,pivot,7.0499999999999545,0.1742695,6.775730499999955,213435.51074999856,1.0,2026-05-14,1236.85,0.0,1232.75,1235.65,1232.55,0.0,2026,0.0,1.0,1.0,1.0,1,10,3,5,1241.35,1242.55,1236.75,5.5190282628371,49.85310012385568,4.231783108754598,5.359602418208757,-1.1278193094541589,1240.825,1250.114977627008,1231.5350223729922,1243.13,1242.9299999999998,1240.825,1225.9491666666663,1231.054166310534,1.0,0.0089015990655334,1,0.0069279413541707,1,0.0071696137269906,1,0.0098682885568131,1,0.006323760422121,1,0.0056390220324646,1,0.0049945623716114,1,0.0050348411004148,1,2026-05-14 10:50:00,-0.00359139259774,-0.0068487899645503,20.051327822633773,0.0364274863531321,-1.1955174846534438,0.0364274863531321,0.9635725136468678,3.9184012061128907e-05,0.0001584275450626,0.0031365665420524,True,13.637884517730964,0.0427875377635663,-1.1622822147387917,0.0427875377635663,0.9572124622364336,0.0003695237430949,0.0007988683808392,0.0065798635205894,True,0,0,0,1.1278193094541589,1,1,0,0,0.5282562575002044,1,1,1,0,1,0,0,0.0004229266524347393,0.012406519783569174,0.014967539577086146,0.004445988853133363,-56.22528895583596,26.33521209621098,199.1984532968115,True,0.71763456,0.5419388757615731,38.68271
2026-05-14 14:55:00,2026-05-14 15:00:00,-1,1232.7,1236.95,pivot,-4.25,0.1740895,-4.5240895,-142508.81925,1.0,2026-05-14,1237.0,0.0,1240.15,1240.3,1236.75,0.0,2026,0.0,1.0,1.0,1.0,0,14,3,5,1232.7,1237.05,1231.7,4.0384555680583984,59.60535160847451,-0.1927928315503777,-0.6406659492758935,0.4478731177255157,1232.3525,1241.108218437798,1223.596781562202,1230.87,1229.315,1232.3525,1233.4399999999998,1231.054166310534,1.0,-0.0060436440334226,0,-0.0052729780157378,0,-0.0064898190962926,0,-0.0079500283929585,0,-0.0077066601768475,0,-0.0035694005029608,0,-0.0097752900137908,0,-0.009734728644439,0,2026-05-14 14:55:00,0.0034416472882524,0.0084022169464462,28.5231177620905,0.9604539146362356,1.0467559668099031,0.9604539146362356,0.0395460853637643,3.9184012061128907e-05,0.0001584275450626,0.0031365665420524,True,11.026583794890948,0.9559722203102512,1.1555480659765849,0.9559722203102512,0.0440277796897489,0.0003695237430949,0.0007988683808392,0.0065798635205894,True,0,0,1,0.44787311772551575,1,0,1,1,0.5198441739800487,1,1,0,1,1,0,0,0.0002819015169952802,-0.0006003082664068968,0.01420575717984588,0.0032761057581393673,26.69563465801306,30.985494771697795,-242.75979557069624,True,0.69514865,0.5424796706808495,40.251225
2026-05-14 15:25:00,2026-05-14 15:45:00,-1,1239.25,1245.5,eod,-6.25,0.1745425,-6.5245425,-205523.08875,1.0,2026-05-14,1244.75,0.0,1245.5,1245.5,1245.5,0.0,2026,0.0,1.0,1.0,1.0,0,15,3,5,1239.25,1244.75,1239.1,4.173849043553872,63.922770082958266,2.570745045373542,1.263033548450156,1.3077114969233858,1233.5475,1245.6820732730916,1221.4129267269082,1241.38,1237.565,1233.5475,1233.305833333333,1231.054166310534,1.0,-0.0043978212628606,0,-0.0008069396812588,0,-0.0127496469638894,0,0.0017349203147065,1,-0.002662900948154,0,-0.0011700625378253,0,0.0020576961872099,1,-0.0030260238047205,0,2026-05-14 15:25:00,0.004468696419633,0.0037023664972813,10.420220686924756,0.9786736257460522,1.374199723417916,0.9786736257460522,0.0213263742539477,3.9184012061128907e-05,0.0001584275450626,0.0031365665420524,True,59.88687461103437,0.8189882598728945,0.441270264551318,0.8189882598728945,0.1810117401271055,0.0003695237430949,0.0007988683808392,0.0065798635205894,True,0,0,1,1.3077114969233858,1,1,0,1,0.7349691197071313,0,1,0,0,1,0,0,0.004601573532378536,0.004796583955349517,0.019583737378401044,0.0033680444168278168,83.59254135267477,46.981262057113184,-83.88137986685099,True,0.6430879,0.5894653308375708,44.45902
2026-05-15 10:55:00,2026-05-15 11:25:00,-1,1215.55,1201.45,pivot,14.099999999999907,0.17251,13.827489999999907,435565.9349999971,1.0,2026-05-15,1206.85,0.0,1195.15,1206.8,1194.05,0.0,2026,0.0,1.0,0.0,0.0,1,10,4,5,1215.55,1218.6,1204.8,6.26816100927323,22.69519418645564,-6.238961980840031,-2.8822952010751965,-3.356666779764834,1236.56,1261.70611197517,1211.41388802483,1221.42,1227.0549999999998,1236.56,1236.1425000000002,1232.0988757559114,-1.0,0.0054296409032947,1,0.0113528855250709,1,0.0080621940685286,1,0.0123812266052403,1,0.0169881946443995,1,0.0186746740158776,1,0.0167825264283656,1,0.0097075397967997,1,2026-05-15 10:55:00,-0.0070595813886463,-0.0173324529531576,3.4807006775026843,0.0062252593013821,-2.301245274709124,0.0062252593013821,0.9937747406986178,3.9184012061128907e-05,0.0001584275450626,0.0031365665420524,True,0.6601288256371607,0.0095333049664836,-2.7555771145193493,0.0095333049664836,0.9904666950335164,0.0003695237430949,0.0007988683808392,0.0065798635205894,True,1,0,0,3.3566667797648346,0,0,0,0,0.08224158031377055,1,0,1,0,0,1,0,-0.017284356875488457,-0.016940890954712025,0.04137404792097407,0.005156645970361754,-76.18020438598764,1.86648863542201,535.1281312985843,True,0.6986103,0.5369526528658785,61.230804
2026-05-15 11:25:00,2026-05-15 11:50:00,-1,1201.45,1205.7,pivot,-4.25,0.1722145,-4.5222145,-142449.75675,1.0,2026-05-15,1195.15,0.0,1205.7,1211.3,1204.4,0.0,2026,0.0,1.0,0.0,0.0,0,11,4,5,1201.45,1206.8,1194.05,8.124035448267865,27.6627673184196,-11.536037607189428,-8.365443840935143,-3.170593766254285,1221.85,1257.04123694888,1186.65876305112,1197.91,1207.38,1221.85,1232.9541666666669,1216.8829223834537,-1.0,-0.0019143534895334,0,-0.0035373923176162,0,0.0017062715884971,1,0.0056182113279786,1,-0.0043697199217612,0,-0.0035790086978234,0,-0.0006242457031087,0,0.0022889009113987,1,2026-05-15 11:25:00,-0.0055071272732608,-0.0114805137658107,6.124347216774069,0.0133626436158028,-1.806291925379042,0.0133626436158028,0.9866373563841973,3.9184012061128907e-05,0.0001584275450626,0.0031365665420524,True,2.3178915458799105,0.0146466438153549,-1.866206207503536,0.0146466438153549,0.985353356184645,0.0003695237430949,0.0007988683808392,0.0065798635205894,True,1,0,0,3.170593766254285,0,0,1,0,0.21015511575177415,0,0,1,0,0,1,0,-0.01697948312455771,-0.026221787562251308,0.05858127587311984,0.006761858960645774,-87.70739761712396,5.813472067816866,-137.6461775354778,True,0.7319044,0.5869771304456051,39.805546
2026-05-15 13:55:00,2026-05-15 14:20:00,1,1176.55,1178.35,pivot,1.7999999999999543,0.170647,1.5293529999999544,48174.61949999857,1.0,2026-05-15,1173.25,0.0,1174.45,1181.85,1174.25,0.0,2026,0.0,1.0,0.0,0.0,1,13,4,5,1176.55,1176.8,1171.7,6.187303785006438,22.90738559521256,-7.824171571664692,-6.723843850123332,-1.10032772154136,1191.035,1208.4376041635312,1173.6323958364685,1180.12,1183.87,1191.035,1212.4583333333333,1192.6663119669238,-1.0,-0.0049296672474607,0,-0.0017848795206322,0,-0.0184862521779779,0,-0.0032722791211592,0,0.0033997705154902,1,0.0015298967319705,1,-0.0048446729845735,0,-0.0135140877990734,0,2026-05-15 13:55:00,-0.0027662534928901,-0.0110615439925305,37.96751546315009,0.0593984606002582,-0.9324466733739432,0.0593984606002582,0.9406015393997418,3.9184012061128907e-05,0.0001584275450626,0.0031365665420524,True,2.615535182461333,0.0156921545723123,-1.802531668971064,0.0156921545723123,0.9843078454276876,0.0003695237430949,0.0007988683808392,0.0065798635205894,True,1,0,0,1.10032772154136,0,0,0,0,0.08382665422125558,1,0,0,1,0,1,0,-0.01231141897921901,-0.030520023231765163,0.02958243026396048,0.005258853244661458,-25.205631398449608,1.9202494914028543,107.09277123794129,True,0.7400094,0.6179766520525803,39.676395
2026-05-15 14:55:00,2026-05-15 15:25:00,-1,1154.5,1165.1,pivot,-10.599999999999907,0.169588,-10.869587999999908,-342392.0219999971,1.0,2026-05-15,1149.7,0.0,1165.0,1168.15,1164.5,0.0,2026,0.0,1.0,0.0,0.0,0,14,4,5,1154.5,1156.05,1149.0,6.736763400393241,19.1573528600767,-11.081121585143592,-9.45169159967064,-1.629429985472953,1172.175,1196.1808655132163,1148.1691344867834,1155.29,1164.13,1172.175,1196.2916666666667,1172.9356761169824,-1.0,0.0019922044174967,1,-0.0092247726288437,0,-0.0016024252923342,0,0.0253789519272411,1,-0.0039411000433087,0,-0.0106106539627544,0,-0.0090948462537895,0,-0.018796015591165,0,2026-05-15 14:55:00,-0.0042529248671386,-0.0094791542337613,13.71137641207919,0.0253080891489996,-1.406427172214432,0.0253080891489996,0.9746919108510004,3.9184012061128907e-05,0.0001584275450626,0.0031365665420524,True,4.391227049242912,0.0210994033274354,-1.562041915069988,0.0210994033274354,0.9789005966725646,0.0003695237430949,0.0007988683808392,0.0065798635205894,True,1,0,0,1.6294299854729513,0,0,0,0,0.13186080522135632,1,0,0,1,0,1,0,-0.015309657860545651,-0.036198931716471844,0.041586601148924145,0.0058352216547364584,-31.21556519249501,2.526103974039367,-124.14465136422405,True,0.71942383,0.5565708293097603,46.505527
2026-05-15 15:25:00,2026-05-15 15:45:00,-1,1165.1,1172.7,eod,-7.600000000000136,0.170134,-7.870134000000136,-247909.2210000043,1.0,2026-05-15,1165.0,0.0,1172.7,1172.7,1172.7,0.0,2026,0.0,1.0,1.0,0.0,1,15,4,5,1165.1,1168.15,1164.5,6.788304460180389,43.443045072204,-7.072678991349676,-8.871611706852004,1.7989327155023285,1165.21,1183.7192750600427,1146.7007249399574,1163.25,1158.535,1165.21,1188.8158333333336,1169.4696085052842,-1.0,-0.0095270792206678,0,0.0127456870654878,1,0.029525362629817,1,0.0150630847137584,1,0.0085829542528538,1,0.0075100849712471,1,0.0255342889022401,1,0.0362629817183074,1,2026-05-15 15:25:00,-0.0001287470765464,0.011047928701518,290.4505516909584,0.450706594861676,-0.0915569995913935,0.450706594861676,0.549293405138324,3.9184012061128907e-05,0.0001584275450626,0.0031365665420524,True,4.020888849582119,0.9746796671420536,1.5576402593470071,0.9746796671420536,0.0253203328579465,0.0003695237430949,0.0007988683808392,0.0065798635205894,True,0,0,1,1.7989327155023283,0,0,1,1,0.4970285167937886,0,0,0,0,1,0,0,-9.441249678150145e-05,-0.020355191256830874,0.031772852218766946,0.005826370663617192,78.15111504142999,21.592432257243264,270.3630589648947,True,0.55172575,0.5150775083812721,40.148285
2026-05-18 10:25:00,2026-05-18 10:55:00,1,1152.3,1170.6,pivot,18.299999999999955,0.1696869999999999,18.030312999999957,567954.8594999986,1.0,2026-05-18,1155.6,0.0,1170.35,1178.4,1168.95,0.0,2026,0.0,1.0,2.0,1.0,1,10,0,5,1152.3,1159.0,1148.85,12.921490752389891,53.23095532749587,-1.5353003072029878,-4.922543082458783,3.387242775255795,1140.2325,1167.0538048680362,1113.411195131964,1151.7199999999998,1146.5849999999998,1140.2325,1164.7783333333332,1149.9471602973315,1.0,0.007940640458214,1,0.0159680638722555,1,0.0262084526598976,1,0.0258613208365876,1,0.0137984899765686,1,0.0149266684023258,1,0.0156643235268592,1,0.0171396337759264,1,2026-05-18 10:25:00,0.0028597445721113,0.0057712077911346,48.6754199975318,0.9384036082263788,0.861233769738876,0.9384036082263788,0.0615963917736211,3.9184012061128907e-05,0.0001584275450626,0.0031365665420524,True,28.75021170942649,0.9074398604990508,0.7556903566063639,0.9074398604990508,0.0925601395009491,0.0003695237430949,0.0007988683808392,0.0065798635205894,True,0,0,1,3.387242775255795,1,0,1,1,0.7249610908077246,0,1,1,0,0,0,0,0.010472533194480502,-0.010829066504671735,0.04655264231196064,0.01121365161189785,180.30616885302436,38.59037143895867,434.65243426191086,True,0.6690988,0.5877162808227634,42.74596
2026-05-18 11:50:00,2026-05-18 12:15:00,-1,1182.7,1178.05,pivot,4.650000000000091,0.1708225,4.379177500000091,137944.09125000288,1.0,2026-05-18,1176.5,0.0,1172.9,1179.5,1172.05,0.0,2026,0.0,1.0,1.0,2.0,1,11,0,5,1182.7,1183.05,1174.45,9.59493355156322,54.55875304278717,7.95807646161461,7.863926859522345,0.0941496020922647,1172.7825,1198.230347082693,1147.334652917307,1182.0800000000002,1182.94,1172.7825,1160.2241666666666,1161.869473396316,1.0,0.0055804515092585,1,0.0082861249682928,1,0.0005918660691638,1,0.0095121332544178,1,0.000507313773569,1,0.0039316817451594,1,0.00604548913503,1,0.0039739578929568,1,2026-05-18 11:50:00,-0.0054673894908805,-0.0136757154172061,6.262576612082679,0.013611240422443,-1.7936227274367944,0.013611240422443,0.986388759577557,3.9184012061128907e-05,0.0001584275450626,0.0031365665420524,True,0.7700176176273703,0.0112273607740759,-2.199830399635532,0.0112273607740759,0.988772639225924,0.0003695237430949,0.0007988683808392,0.0065798635205894,True,0,0,1,0.09414960209226475,1,1,1,0,0.6948593130053993,0,1,1,0,1,0,0,0.008385473915616825,0.019003833037400365,0.04303347777575545,0.008112736578644811,5.1366848896285475,37.91065765774233,15.9803838674235,True,0.7397773,0.5664446163647039,39.805546
2026-05-18 12:15:00,2026-05-18 12:45:00,1,1178.05,1182.0,pivot,3.9500000000000455,0.1708015,3.679198500000046,115894.75275000144,1.0,2026-05-18,1172.9,0.0,1181.25,1182.05,1178.3,0.0,2026,0.0,1.0,1.0,2.0,1,12,0,5,1178.05,1179.5,1172.05,8.882760555796269,50.23755942055738,4.974295625360583,6.600365251508707,-1.626069626148125,1178.3875,1192.253963712198,1164.5210362878022,1177.5099999999998,1179.795,1178.3875,1160.4333333333334,1161.869473396316,1.0,-0.002122151012266,0,0.0033529985993803,1,0.001188404566869,1,-0.0021645940325113,0,0.001061075506133,1,0.0025890242349645,1,0.0027163532957005,1,0.000679088323925,1,2026-05-18 12:15:00,-0.0043812146050483,-0.0030646146399577,12.707473521173466,0.0235962710090335,-1.4473285005266925,0.0235962710090335,0.9764037289909664,3.9184012061128907e-05,0.0001584275450626,0.0031365665420524,True,58.59877595253322,0.1628139286656463,-0.5871676530535321,0.1628139286656463,0.8371860713343536,0.0003695237430949,0.0007988683808392,0.0065798635205894,True,0,0,0,1.6260696261481247,0,1,1,0,0.48783035072946523,0,1,0,1,1,0,0,-0.00028649038665599165,0.014954090799767889,0.023541384002712714,0.007540223722079936,-81.68976946557996,24.507406231922857,33.4238784431895,True,0.6107763,0.5440142576677401,42.64813
2026-05-19 11:50:00,2026-05-19 12:15:00,1,1127.25,1136.45,pivot,9.200000000000044,0.167911,8.932089000000046,281360.80350000144,1.0,2026-05-19,1131.65,0.0,1138.6,1138.8,1134.45,0.0,2026,0.0,1.0,1.0,1.0,1,11,1,5,1127.25,1132.05,1125.1,6.563629315910059,50.59742726362024,-4.959816640505096,-7.445783993878317,2.485967353373221,1124.8574999999998,1137.2953994283694,1112.4196005716303,1126.81,1122.5,1124.8574999999998,1150.1566666666668,1133.035745627576,-1.0,0.0025726325127523,1,0.0100687513861165,1,0.0155245065424706,1,-0.0007984031936128,0,0.0053226879574184,1,0.0082501663339986,1,0.0090929252605899,1,0.0142381902860944,1,2026-05-19 11:50:00,0.0038069988432137,0.0087422066014983,19.701678820471127,0.9691601171063652,1.1632373326801893,0.9691601171063652,0.0308398828936348,3.9184012061128907e-05,0.0001584275450626,0.0031365665420524,True,9.779730017380734,0.9595115493804244,1.207219298060383,0.9595115493804244,0.0404884506195756,0.0003695237430949,0.0007988683808392,0.0065798635205894,True,0,0,1,2.485967353373221,1,0,1,1,0.5961778157870902,0,0,1,0,1,0,0,0.0021224218230207624,-0.0203208398018778,0.022067685834321612,0.005822691786125579,125.78355234203606,30.16506367047128,167.6646706586796,True,0.7076172,0.6104208194263826,40.251225
2026-05-19 14:05:00,2026-05-19 14:10:00,1,1130.6,1134.55,pivot,3.9500000000000455,0.1679545,3.682045500000046,115984.43325000144,1.0,2026-05-19,1134.65,0.0,1135.1,1137.75,1133.75,0.0,2026,0.0,1.0,1.0,1.0,1,14,1,5,1130.6,1135.3,1126.75,5.619040264302001,54.7335451630408,-1.4391573191012412,-1.6217618224668904,0.1826045033656491,1133.4675000000002,1148.9540060135346,1117.9809939864658,1129.37,1127.79,1133.4675000000002,1133.59,1133.035745627576,1.0,0.003980187511056,1,0.0100831416946754,1,0.0124270298956308,1,0.0141517778170882,1,0.0039359632053777,1,0.0113214222536707,1,0.0142844507341235,1,0.0088006368300018,1,2026-05-19 14:05:00,0.0036642205976069,0.0081857053164526,22.81474831564765,0.9661364413828626,1.1177167790134457,0.9661364413828626,0.0338635586171374,3.9184012061128907e-05,0.0001584275450626,0.0031365665420524,True,11.901943403401622,0.9534861535552416,1.1226428804334394,0.9534861535552416,0.0465138464447584,0.0003695237430949,0.0007988683808392,0.0065798635205894,True,0,0,1,0.18260450336564915,0,0,1,1,0.4074194012034009,0,0,0,1,1,0,0,-0.002536263930656546,-0.002644613479568379,0.0273951990333175,0.00496996308535468,9.99459183193839,22.299508196065386,123.98284096939754,True,0.690301,0.586592481242893,39.495316
2026-05-20 10:25:00,2026-05-20 11:05:00,1,1118.5,1131.95,pivot,13.450000000000044,0.1675134999999999,13.182486500000046,415248.3247500014,1.0,2026-05-20,1112.25,0.0,1132.5,1135.4,1131.1,0.0,2026,0.0,1.0,1.0,0.0,0,10,2,5,1118.5,1119.9,1110.25,9.611092385730274,39.261510995681896,-3.964098472258684,-3.821737383202304,-0.1423610890563811,1122.7949999999998,1141.7432091941096,1103.84679080589,1121.8,1120.375,1122.7949999999998,1132.3383333333334,1133.035745627576,-1.0,-0.0059007599463566,0,0.0065713008493517,1,0.0183728207420652,1,-0.0015198927134555,0,-0.00317389360751,0,0.0005811354492624,1,0.0098793026374608,1,0.011890925346446,1,2026-05-20 10:25:00,-0.0058269999029139,-0.0063184992090706,5.229919314461467,0.0115389274859951,-1.9082737023841017,0.0115389274859951,0.9884610725140048,3.9184012061128907e-05,0.0001584275450626,0.0031365665420524,True,17.0212620523486,0.0510051244628771,-1.0816892428906084,0.0510051244628771,0.9489948755371228,0.0003695237430949,0.0007988683808392,0.0065798635205894,True,0,0,0,0.14236108905638023,0,0,0,0,0.38666475137569045,0,0,1,0,1,0,0,-0.0038399642378183687,-0.012372224705707077,0.0338814648084217,0.008592840756128988,-5.589311463344356,15.181042387779277,-99.977648636565,True,0.7018757,0.5749153268911312,41.940804
2026-05-20 12:05:00,2026-05-20 12:30:00,1,1111.65,1110.0,pivot,-1.650000000000091,0.1666495,-1.916649500000091,-60374.45925000287,1.0,2026-05-20,1116.8,0.0,1108.4,1110.6,1105.45,0.0,2026,0.0,1.0,1.0,1.0,0,12,2,5,1111.65,1117.65,1111.05,9.301132853673336,46.72531198724948,-3.552286423955138,-2.4303497023345364,-1.1219367216206018,1121.1325000000002,1143.2573199536023,1099.0076800463978,1112.6,1116.405,1121.1325000000002,1128.0825,1133.035745627576,-1.0,-0.0027436693203797,0,-0.0029235820626995,0,-0.0013943237529799,0,0.0025637565780595,1,-0.007511356991859,0,-0.0014842801241398,0,-0.00013493455674,0,-0.0022489092789996,0,2026-05-20 12:05:00,0.0043072571975802,0.0104411389588465,11.979375568615646,0.9768722930985204,1.3227296781029592,0.9768722930985204,0.0231277069014794,3.9184012061128907e-05,0.0001584275450626,0.0031365665420524,True,5.162415866931951,0.9719038463829592,1.46542106045743,0.9719038463829592,0.0280961536170407,0.0003695237430949,0.0007988683808392,0.0065798635205894,True,0,0,0,1.1219367216206018,0,0,0,0,0.28570447081861855,0,0,0,1,1,0,0,-0.00853011289524587,-0.014782080690864832,0.03980537031188277,0.008366961591933912,-52.42284334767449,13.349630535151968,-236.6077452435585,True,0.7096553,0.567504235906702,67.58225
2026-05-20 13:50:00,2026-05-20 14:00:00,-1,1114.55,1110.85,pivot,3.7000000000000455,0.166762,3.433238000000046,108146.99700000144,1.0,2026-05-20,1111.6,0.0,1115.9,1120.4,1110.8,0.0,2026,0.0,1.0,1.0,1.0,1,13,2,5,1114.55,1116.0,1111.3,6.190509124823733,44.188599398367145,-0.3146595822952349,-0.4015966079478922,0.0869370256526573,1113.9550000000002,1125.597250645112,1102.3127493548884,1115.5700000000002,1118.635,1113.9550000000002,1118.6608333333336,1129.3666890560949,-1.0,0.0032748642950068,1,0.0015252792606882,1,0.0002691669283566,1,-0.0124714010138621,0,0.0017495850343188,1,0.0019738908079494,1,-0.0005831950114396,0,0.0003140280830827,1,2026-05-20 13:50:00,-0.0026054549575749,-0.0089112382456856,44.02510955673221,0.0660602215633121,-0.8811808917750679,0.0660602215633121,0.933939778436688,3.9184012061128907e-05,0.0001584275450626,0.0031365665420524,True,5.546079673415386,0.0239442355857815,-1.4757307041613357,0.0239442355857815,0.9760557644142184,0.0003695237430949,0.0007988683808392,0.0065798635205894,True,0,0,1,0.08693702565265732,1,0,0,0,0.525553478366729,0,0,0,1,1,0,0,0.00053384774124068,-0.0036883346043996507,0.020891392302026367,0.005554267753643832,3.841625399450842,23.223472117965805,55.1119285810422,True,0.7237017,0.5710231003236073,41.337013
2026-05-20 15:10:00,2026-05-20 15:45:00,-1,1123.25,1125.95,eod,-2.700000000000045,0.167476,-2.9674760000000457,-93475.49400000145,1.0,2026-05-20,1126.55,0.0,1125.95,1125.95,1125.95,0.0,2026,0.0,1.0,1.0,1.0,0,15,2,5,1123.25,1126.8,1121.85,5.264540440157668,62.12901253047675,1.958771435359722,0.69869605223955,1.260075383120172,1116.6275,1125.5673854978988,1107.6876145021013,1122.91,1119.355,1116.6275,1117.305,1127.0174431873384,-1.0,-0.0057422657467171,0,-0.0024037391497886,0,-0.0486089472512796,0,-0.0648564433563319,0,-0.0034275539728465,0,-0.0046294235477409,0,-0.0427331404406855,0,-0.0438904963276207,0,2026-05-20 15:10:00,0.0030226275402153,0.0116067550045363,42.22845732650836,0.9457906255752668,0.9131641101031605,0.9457906255752668,0.0542093744247332,3.9184012061128907e-05,0.0001584275450626,0.0031365665420524,True,3.2027499158631905,0.9766897492969282,1.6425700304995037,0.9766897492969282,0.0233102507030718,0.0003695237430949,0.0007988683808392,0.0065798635205894,True,0,0,1,1.260075383120172,1,1,1,1,0.8703906499449285,0,0,0,0,1,0,0,0.00589583797017578,0.00529267749833068,0.015917890937723188,0.00468688220801929,78.28723926721847,54.076511596838266,-107.96795014466474,True,0.6634026,0.5649158306374539,42.61584
2026-05-21 10:50:00,2026-05-21 13:30:00,1,1203.55,1220.15,pivot,16.600000000000136,0.172711,16.32728900000014,514309.60350000433,1.0,2026-05-21,1199.75,0.0,1218.95,1220.2,1218.15,0.0,2026,0.0,1.0,1.0,2.0,1,10,3,5,1203.55,1205.45,1199.3,5.213517162739422,67.6998167665243,13.054659450789586,15.199870247062735,-2.145210796273151,1196.9699999999998,1212.1574047569593,1181.7825952430403,1204.7099999999998,1203.09,1196.9699999999998,1150.3341666666668,1192.8335565625655,1.0,-0.0009970503925886,0,0.0030742387104815,1,0.0080179469070666,1,0.0129201113372938,1,0.0015786631215986,1,0.0015786631215986,1,0.004362095467575,1,0.0058576710564579,1,2026-05-21 10:50:00,-0.0030792301294198,-0.0023311004187154,28.97620494635552,0.0488804413491916,-1.032229870170027,0.0488804413491916,0.9511195586508084,3.9184012061128907e-05,0.0001584275450626,0.0031365665420524,True,75.90838644596492,0.2126327132796018,-0.4756890153968302,0.2126327132796018,0.7873672867203981,0.0003695237430949,0.0007988683808392,0.0065798635205894,True,0,0,0,2.1452107962731493,1,1,0,1,0.7166268729021964,0,1,1,0,1,0,0,0.005467159652694242,0.04421572293077412,0.02523767979221386,0.004331782778230587,-145.230377833262,48.51550798544599,49.7278883303559,True,0.60898024,0.5448834090647054,40.376163
2026-05-27 13:15:00,2026-05-27 13:40:00,1,1336.7,1323.15,pivot,-13.549999999999956,0.1797955,-13.829795499999955,-435638.5582499986,1.0,2026-05-27,1331.0,0.0,1325.35,1325.9,1320.45,0.0,2026,0.0,1.0,1.0,1.0,0,13,2,5,1336.7,1337.25,1330.95,3.992689465522817,41.89018328637224,0.7795374704057849,2.4837823561198737,-1.7042448857140888,1339.1325000000002,1346.2272182062952,1332.037781793705,1334.12,1337.05,1339.1325000000002,1327.388333333333,1331.7933715633374,-1.0,-0.0069948380339643,0,-0.0084910600733149,0,-0.011184259744146,0,-0.0173187701054837,0,-0.0123438318246427,0,-0.010062093214633,0,-0.0071818657888831,0,-0.0057978604024837,0,2026-05-27 13:15:00,-0.0041985366818581,-0.0042359443317269,22.912115915938124,0.0540492045694672,-1.181954149576803,0.0540492045694672,0.9459507954305328,4.846013918872811e-05,0.0001219858725202,0.0036554062236046,True,39.59679142662184,0.1636300600859666,-0.6174400067603206,0.1636300600859666,0.8363699399140334,0.0004528388890481,0.0006026948992797,0.0078366143722931,True,0,0,0,1.7042448857140888,0,1,1,0,0.3285696535598982,1,1,0,1,1,0,0,-0.0018197800553603038,0.006966160444876899,0.0106152737432409,0.0029869749872991824,-71.3911306274257,13.763843009963965,-388.83070247624505,True,0.62523764,0.5928995352108526,40.376163
2026-05-28 12:55:00,2026-05-28 13:20:00,-1,1265.3,1239.5,pivot,25.799999999999955,0.175144,25.524855999999957,804032.9639999986,1.0,2026-05-28,1259.05,0.0,1242.2,1243.15,1237.5,0.0,2026,0.0,1.0,0.0,0.0,1,12,3,5,1265.3,1265.3,1258.3,6.436212978268454,27.70759458005865,-8.470503359259965,-6.838686240250751,-1.631817119009214,1277.74,1300.134256784848,1255.345743215152,1261.51,1268.84,1277.74,1290.7891666666667,1278.5099067783017,-1.0,0.0119339287125582,1,0.0182565399509996,1,0.0107879554255906,1,-0.0084169762111752,0,0.0162412076187465,1,0.0203113886034932,1,0.0143049079269737,1,0.0104323085434284,1,2026-05-28 12:55:00,-0.0051493419652037,-0.0075170475817992,14.834849506624783,0.0362507479627194,-1.442063484951319,0.0362507479627194,0.9637492520372806,4.846013918872811e-05,0.0001219858725202,0.0036554062236046,True,15.915783648856982,0.0769969229676457,-1.0361288810875855,0.0769969229676457,0.9230030770323544,0.0004528388890481,0.0006026948992797,0.0078366143722931,True,1,0,0,1.631817119009214,0,0,1,0,0.2222502153226857,1,0,0,1,0,1,0,-0.009831660475776539,-0.02014476145314687,0.035397544906106124,0.005086709063675377,-45.21372716230662,6.158018861491715,511.59803999051474,True,0.66919404,0.5466453407907496,38.68271
2026-05-28 14:20:00,2026-05-28 14:55:00,1,1262.65,1283.75,pivot,21.09999999999991,0.176392,20.823607999999908,655943.6519999971,1.0,2026-05-28,1270.7,0.0,1282.6,1284.05,1280.8,0.0,2026,0.0,1.0,2.0,1.0,1,14,3,5,1262.65,1270.7,1262.15,7.196237035991729,57.735762378287255,-2.804421142710453,-6.226262228639804,3.421841085929352,1254.59,1271.1350453736643,1238.0449546263353,1261.12,1257.285,1254.59,1277.7741666666666,1261.5901027547156,1.0,0.008197045895537,1,0.0147309230586464,1,0.0254623213083592,1,0.0588444937235179,1,0.0105334019720428,1,0.0101374094167029,1,0.0167504850908801,1,0.0158001029580642,1,2026-05-28 14:20:00,0.0062760473623268,0.0139873503807246,7.878517263142323,0.9775892016022214,1.6835506407104632,0.9775892016022214,0.0224107983977785,4.846013918872811e-05,0.0001219858725202,0.0036554062236046,True,3.723364162877599,0.9762141382202484,1.707964032116619,0.9762141382202484,0.0237858617797515,0.0004528388890481,0.0006026948992797,0.0078366143722931,True,0,0,1,3.4218410859293513,1,0,1,1,0.7435774522815681,0,1,0,1,0,0,0,0.006383399992080286,-0.01197811481144141,0.026206859182931915,0.005699312585428842,197.5626038334775,42.93101109478085,331.8021621193482,True,0.695212,0.5663689176848546,48.541428
2026-06-01 14:25:00,2026-06-01 14:55:00,-1,1408.4,1411.95,pivot,-3.5499999999999545,0.1846105,-3.8346104999999544,-120790.23074999856,1.0,2026-06-01,1400.2,0.0,1412.15,1414.95,1410.0,0.0,2026,0.0,1.0,0.0,0.0,0,14,0,6,1408.4,1409.35,1399.7,3.9840950671755735,27.818897944161407,-0.578165953767666,1.4381405468619368,-2.016306500629603,1414.73,1423.7617801540869,1405.6982198459132,1410.28,1414.5,1414.73,1408.6625,1411.3665031757482,-1.0,0.0067452428287418,1,-0.0025560920193126,0,-0.0055026980971314,0,0.0009230332291963,1,-0.0008520306731041,0,-0.004366657199659,0,-0.0026625958534507,0,-0.003976143141153,0,2026-06-01 14:25:00,-0.0059457229008075,-0.0126323445489756,10.430499575550842,0.0262198836329837,-1.6599273520261084,0.0262198836329837,0.9737801163670164,4.846013918872811e-05,0.0001219858725202,0.0036554062236046,True,4.353055337646948,0.0318442042510147,-1.6888721097529873,0.0318442042510147,0.9681557957489852,0.0004528388890481,0.0006026948992797,0.0078366143722931,True,1,0,0,2.016306500629603,0,0,0,0,0.14957074397256964,1,0,0,1,0,1,0,-0.00449446180062477,-0.00018638170974142153,0.012825589540026761,0.0028288093348307107,-56.091424765164135,4.16089326200521,-26.838966202779147,True,0.72569066,0.5565708293097603,46.505527
2026-06-02 10:30:00,2026-06-02 10:35:00,-1,1390.75,1400.05,pivot,-9.299999999999956,0.183724,-9.583723999999956,-301887.3059999986,1.0,2026-06-02,1399.65,0.0,1390.2,1400.7,1390.1,0.0,2026,0.0,1.0,1.0,0.0,1,10,1,6,1390.75,1400.9,1390.6,12.164895865555822,51.23790760229223,-5.307968989369783,-6.327947216455823,1.0199782270860398,1394.925,1425.2575342115767,1364.5924657884232,1391.47,1386.02,1394.925,1407.9108333333331,1413.051593495478,-1.0,0.000395470070106,1,0.0181556714003235,1,0.0117921984540716,1,0.0104260291209778,1,0.0126550422433937,1,0.0120438612259572,1,0.0161064174006831,1,0.0214632392593923,1,2026-06-02 10:30:00,0.0067026541726431,0.0124734268778291,7.10664449855396,0.9807801779064548,1.8002563593694367,0.9807801779064548,0.0192198220935453,4.846013918872811e-05,0.0001219858725202,0.0036554062236046,True,5.667617795332892,0.9692240657033256,1.514778119045784,0.9692240657033256,0.0307759342966743,0.0004528388890481,0.0006026948992797,0.0078366143722931,True,0,0,1,1.0199782270860398,0,0,0,1,0.4311795056278793,0,0,1,0,1,0,0,-0.0030019773503504976,-0.012339265384384778,0.043620397931442435,0.008747004037789554,52.26155015578435,22.092735669363325,398.63383066690153,True,0.6991683,0.553751761281633,47.464123
2026-06-02 14:30:00,2026-06-02 15:00:00,1,1399.25,1406.75,pivot,7.5,0.18418,7.21582,227298.33,1.0,2026-06-02,1406.7,0.0,1402.35,1407.6,1401.8,0.0,2026,0.0,1.0,2.0,2.0,1,14,1,6,1399.25,1406.7,1399.2,6.380313615668724,71.84935695571484,5.852221680894218,3.3981415111936526,2.454080169700565,1385.8325,1405.0975016763546,1366.5674983236454,1398.23,1393.77,1385.8325,1381.9158333333332,1392.8755236595498,1.0,0.0071466857244952,1,0.0054314811506163,1,0.0087546900125067,1,-0.0108986957298552,0,0.0139717705913882,1,0.0057888154368411,1,0.0022154725745934,1,0.0021082722887261,1,2026-06-02 14:30:00,0.0052744242019826,0.0091768332501254,17.082266597427772,0.9577646144076388,1.2235516405151443,0.9577646144076388,0.0422353855923611,5.403998449204256e-05,0.0001569421690241,0.004182481444595,True,17.323361620934364,0.9153992778178978,0.9424458781166786,0.9153992778178978,0.0846007221821022,0.0004840172647973,0.0008012450339332,0.0088870760758478,True,0,1,1,2.454080169700565,1,1,1,1,0.8482351111463526,0,1,0,1,0,0,0,0.009589065570841535,0.012388184146268902,0.027536182492556134,0.004559809623490244,176.32408211075713,60.94514728312474,440.1107736287283,True,0.682803,0.5364320516332305,39.495316
2026-06-05 13:45:00,2026-06-05 14:20:00,-1,1303.0,1314.0,pivot,-11.0,0.17851,-11.27851,-355273.065,1.0,2026-06-05,1308.3,0.0,1317.6,1318.2,1314.0,0.0,2026,0.0,1.0,1.0,0.0,0,13,4,6,1303.0,1309.65,1301.95,7.20988608343329,47.29358573050794,-4.268680300664073,-4.141103201186222,-0.1275770994778513,1310.1325000000002,1325.1972820429846,1295.0677179570157,1303.23,1304.44,1310.1325000000002,1310.2233333333336,1309.9736271070333,-1.0,-0.0061013046815042,0,-0.005218726016884,0,-0.0122026093630085,0,-0.0004988488104375,0,-0.0075594781273982,0,-0.0059094397544129,0,-0.0083269378357635,0,-0.0112049117421334,0,2026-06-05 13:45:00,0.0040209141427912,0.0027937789655994,31.82869108936004,0.9284305632438824,0.923846770141774,0.9284305632438824,0.0715694367561176,5.403998449204256e-05,0.0001569421690241,0.004182481444595,True,66.93130774729077,0.6769251620083006,0.2242057921706318,0.6769251620083006,0.3230748379916994,0.0004840172647973,0.0008012450339332,0.0088870760758478,True,0,0,0,0.12757709947785134,0,0,0,0,0.2632723799239529,1,0,0,1,1,0,0,-0.0054739063699157054,-0.005543617293425621,0.02312322646659165,0.0055332970709388255,-6.033578491405301,12.451094870408324,-238.12356101304331,True,0.55645543,0.5652390372311823,39.62103
2026-06-05 14:45:00,2026-06-05 15:10:00,1,1314.6,1309.55,pivot,-5.0499999999999545,0.1787245,-5.328724499999955,-167854.82174999858,1.0,2026-06-05,1308.2,0.0,1299.55,1310.25,1299.3,0.0,2026,0.0,1.0,1.0,1.0,0,14,4,6,1314.6,1314.95,1307.35,6.566176686994322,45.93923882171639,0.120180539969624,-0.6329212071462033,0.7531017471158273,1309.1550000000002,1320.3414532784034,1297.968546721597,1313.55,1313.255,1309.1550000000002,1311.6533333333334,1309.9736271070333,-1.0,-0.0079872204472843,0,-0.0114483493077741,0,-0.0125133120340786,0,-0.0726456716872052,0,-0.0050966073330289,0,-0.0036132663928191,0,-0.0099650083675642,0,-0.0089761144074242,0,2026-06-05 14:45:00,-0.0049943869423411,-0.007159753336318,19.454854832507287,0.0497250957041403,-1.2316442235559024,0.0497250957041403,0.9502749042958596,5.403998449204256e-05,0.0001569421690241,0.004182481444595,True,19.70675328973269,0.103566235146637,-0.8957950064011232,0.103566235146637,0.896433764853363,0.0004840172647973,0.0008012450339332,0.0088870760758478,True,0,0,1,0.7531017471158272,1,1,1,1,0.7433747258620367,0,1,0,1,1,0,0,0.004141944317662946,0.0022414929763171216,0.017018793972924356,0.0049948095899850315,34.596921017805855,34.150069065404054,-160.54313099041036,True,0.641043,0.5216240307343457,40.376163
2026-06-08 10:50:00,2026-06-08 10:55:00,1,1206.5,1214.15,pivot,7.650000000000091,0.1726195,7.377380500000092,232387.48575000287,1.0,2026-06-08,1214.05,0.0,1216.85,1219.8,1212.35,0.0,2026,0.0,1.0,1.0,2.0,1,10,0,6,1206.5,1214.75,1202.35,12.9499172081245,44.20095514398186,-17.12580827298052,-21.264688070393863,4.138879797413345,1205.6725,1225.9536157974835,1185.3913842025167,1206.12,1203.185,1205.6725,1272.2216666666668,1228.0769424507066,-1.0,0.0085785329465395,1,0.0102362204724408,1,0.0340240364691255,1,0.0213012847078326,1,0.0127227517612929,1,0.01831744716121,1,0.020721094073767,1,0.0268130957314545,1,2026-06-08 10:50:00,0.0064455042795708,0.020554938546249,10.767796982682498,0.9736841751793168,1.5035481194239888,0.9736841751793168,0.0263158248206832,5.403998449204256e-05,0.0001569421690241,0.004182481444595,True,1.2895632799993944,0.9845205146491022,2.2227438297732025,0.9845205146491022,0.0154794853508978,0.0004840172647973,0.0008012450339332,0.0088870760758478,True,0,0,1,4.138879797413342,1,0,1,1,0.5204007513260822,0,0,1,0,1,0,0,0.0006858682138417738,-0.05447299350739064,0.03361975266884937,0.010733458108681725,182.9424402718,23.00221026625862,400.76668048072634,True,0.73491764,0.6104208194263826,44.43002
2026-06-08 11:20:00,2026-06-08 11:55:00,-1,1219.0,1243.65,pivot,-24.65000000000009,0.1738795,-24.92387950000009,-785102.2042500029,1.0,2026-06-08,1231.5,0.0,1237.35,1246.65,1235.55,0.0,2026,0.0,1.0,2.0,2.0,0,11,0,6,1219.0,1231.75,1218.25,12.293783186564252,52.6637570980291,-6.36215676865686,-12.503621598337974,6.141464829681114,1210.9199999999998,1233.4059347872098,1188.4340652127898,1225.15,1217.02,1210.9199999999998,1263.2,1228.0769424507066,1.0,-0.0162838392124691,0,-0.0160377358490565,0,-0.0127973748974568,0,-0.0130434782608696,0,-0.0188679245283018,0,-0.0234208367514355,0,-0.0201804757998358,0,-0.0150533223954059,0,2026-06-08 11:20:00,0.0103251473325068,0.0119673860724923,1.8251669988881625,0.9947851269185064,2.431141727268802,0.9947851269185064,0.0052148730814934,5.403998449204256e-05,0.0001569421690241,0.004182481444595,True,9.070286321423534,0.9515875528098082,1.2564471085045636,0.9515875528098082,0.0484124471901917,0.0004840172647973,0.0008012450339332,0.0088870760758478,True,0,0,1,6.141464829681114,1,0,0,1,0.6796678696363573,0,0,1,0,0,0,0,0.006628383921247051,-0.03625922887612801,0.036892427870730105,0.010085137970930478,323.43261201641485,35.79386359386403,-594.3396226415067,True,0.6581759,0.5191617881071586,52.522976
2026-06-08 15:10:00,2026-06-08 15:45:00,-1,1193.65,1178.25,eod,15.400000000000093,0.171157,15.12884300000009,476558.5545000028,1.0,2026-06-08,1186.0,0.0,1178.25,1178.25,1178.25,0.0,2026,0.0,1.0,0.0,0.0,1,15,0,6,1193.65,1194.15,1185.65,7.47790469397023,30.909357963631976,-10.01294774542498,-8.821640333175175,-1.191307412249806,1204.9175,1230.3001354878008,1179.5348645121992,1189.94,1194.58,1204.9175,1219.48,1210.2344559067226,-1.0,0.0034767310350606,1,0.0129016043228752,1,-0.0309554727097556,0,-0.0288610564235745,0,0.0038118376408496,1,0.0089641017048548,1,-0.0389561429229673,0,-0.0356050768650777,0,2026-06-08 15:10:00,-0.0064295390948897,-0.0024422093068283,11.02814266992988,0.0283731247453799,-1.5747783585329385,0.0283731247453799,0.97162687525462,5.403998449204256e-05,0.0001569421690241,0.004182481444595,True,60.38600361418247,0.2824478255616149,-0.3649630444344121,0.2824478255616149,0.717552174438385,0.0004840172647973,0.0008012450339332,0.0088870760758478,True,0,0,0,1.1913074122498042,0,0,1,0,0.2780470825140437,0,0,0,0,0,1,0,-0.009439534201817892,-0.021639509068822456,0.04252944412147752,0.006264738151024362,-36.82254724995734,8.594256804170094,120.0728856867624,True,0.5743341,0.5440142576677401,42.64813
2026-06-09 13:35:00,2026-06-09 14:15:00,-1,1283.35,1284.75,pivot,-1.400000000000091,0.177043,-1.677043000000091,-52826.85450000287,1.0,2026-06-09,1288.75,0.0,1284.95,1286.3,1283.55,0.0,2026,0.0,1.0,2.0,2.0,1,13,1,6,1283.35,1288.8,1282.8,9.568145852634622,88.40275855422372,12.51474393425474,9.944404431638697,2.570339502616044,1258.74,1289.4568494837504,1228.0231505162496,1279.61,1271.095,1258.74,1239.0816666666667,1272.5576342995569,1.0,0.0008181711925818,1,-0.0047142244905911,0,0.0029999610394669,1,-0.0088830015194608,0,0.002142829313905,1,0.000467526395761,1,0.002649316242646,1,-0.0009350527915222,0,2026-06-09 13:35:00,0.0041599500147547,0.0175734938746069,29.44667019427493,0.9326910775484516,0.9570892061944524,0.9326910775484516,0.0673089224515484,5.403998449204256e-05,0.0001569421690241,0.004182481444595,True,2.545124814659938,0.9788448274984696,1.8872628857375504,0.9788448274984696,0.0211551725015303,0.0004840172647973,0.0008012450339332,0.0088870760758478,True,0,1,1,2.5703395026160436,1,1,1,1,0.9005944687299218,0,1,0,1,0,0,0,0.019176374332800797,0.03449435721613995,0.047869793094246105,0.0074556012409978745,227.22510245214963,79.61503537440066,67.49912338800749,True,0.6715265,0.593783825450444,45.33984
2026-06-10 13:35:00,2026-06-10 14:30:00,1,1210.3,1214.95,pivot,4.650000000000091,0.1727575,4.377242500000091,137883.13875000286,1.0,2026-06-10,1206.65,0.0,1205.3,1215.7,1204.75,0.0,2026,0.0,1.0,0.0,0.0,1,13,2,6,1210.3,1211.9,1204.8,6.469721207373715,23.738832759432725,-9.102652064563015,-6.810978655443102,-2.291673409119915,1231.1125,1256.715026090298,1205.5099739097018,1214.11,1221.13,1231.1125,1244.6366666666663,1227.639890137018,-1.0,-0.0073948607783194,0,-0.0033875898537551,0,0.0038420226390151,1,0.0147897215566389,1,0.0034289019251426,1,-0.0049987606378583,0,-0.0016937949268775,0,-0.0022721639262992,0,2026-06-10 13:35:00,-0.0028963939480469,-0.0139902705673884,53.85275658798327,0.1193701708003043,-0.730029805874414,0.1193701708003043,0.8806298291996957,5.403998449204256e-05,0.0001569421690241,0.004182481444595,True,4.072800946684998,0.0351782428458,-1.6643849422556691,0.0351782428458,0.9648217571542,0.0004840172647973,0.0008012450339332,0.0088870760758478,True,1,0,0,2.2916734091199134,0,0,0,0,0.09354596639027205,1,0,0,1,0,1,0,-0.017196149714946707,-0.02837037649067699,0.042307735421462545,0.005345551687493775,-54.401651798336715,2.2206720514581826,108.0104106419919,True,0.74582964,0.5134588026873127,41.337013
2026-06-11 10:25:00,2026-06-11 10:40:00,1,1226.65,1230.2,pivot,3.5499999999999545,0.1737055,3.2762944999999544,103203.27674999856,1.0,2026-06-11,1233.4,0.0,1230.35,1235.5,1227.0,0.0,2026,0.0,1.0,2.0,2.0,1,10,3,6,1226.65,1235.0,1224.3,11.61794849111939,61.08111953861331,6.823380972674613,2.1792307214973072,4.644150251177306,1203.0,1246.5677210315798,1159.4322789684202,1232.25,1218.875,1203.0,1212.063333333333,1209.8621710627906,1.0,-0.0020380711694452,0,-0.0037500509517793,0,-0.0173643663636735,0,-0.0134105082949496,0,0.0030163453307788,1,0.0035870052582235,1,-0.0057881221212245,0,-0.0039946194921127,0,2026-06-11 10:25:00,0.006140102649271,0.008631272540713,12.012338957335064,0.9702013043022136,1.4305288761002837,0.9702013043022136,0.0297986956977863,5.403998449204256e-05,0.0001569421690241,0.004182481444595,True,19.3666952809768,0.9053658643242756,0.8810577787287369,0.9053658643242756,0.0946341356757243,0.0004840172647973,0.0008012450339332,0.0088870760758478,True,0,0,1,4.644150251177306,1,1,0,1,0.7714165377488705,0,1,1,0,0,0,0,0.019280153262952016,0.011891465916656782,0.07103529292231658,0.009471282347140089,283.66989664744204,47.11898575630197,95.0148779195322,True,0.66973877,0.6149444236398076,39.495316
2026-06-11 12:30:00,2026-06-11 13:00:00,1,1213.55,1230.4,pivot,16.850000000000136,0.1733185,16.576681500000138,522165.4672500043,1.0,2026-06-11,1219.8,0.0,1225.6,1233.5,1223.6,0.0,2026,0.0,1.0,1.0,1.0,1,12,3,6,1213.55,1221.5,1212.65,7.961934146775317,56.39446723105885,0.0786019702582052,-0.7722220579479205,0.8508240282061258,1210.395,1223.37400734555,1197.41599265445,1212.28,1211.73,1210.395,1210.1633333333334,1209.8621710627906,1.0,0.0078694738576902,1,0.0138436817601252,1,0.0098471426805653,1,0.0106299699229533,1,0.0078694738576902,1,0.0105887684891435,1,0.009929545548185,1,0.0098471426805653,1,2026-06-11 12:30:00,0.0053842015770304,0.0079012756741348,24.60645723715665,0.932400983902502,1.044821130758049,0.932400983902502,0.0675990160974979,3.0315229701143435e-05,3.663137020312779e-05,0.0051181681240955,True,27.736549500335983,0.8401659120844968,0.6945873264003246,0.8401659120844968,0.1598340879155032,0.0004793510463258,0.0001998848833679,0.0110877214398355,True,0,0,1,0.8508240282061257,1,1,1,1,0.6215424229296596,0,1,0,1,1,0,0,0.002599810473404452,0.002790710450056893,0.02139014848263346,0.006560862054942373,47.98176777806785,35.05155380261961,247.8884265172413,True,0.6570725,0.6282735250573138,42.219315
2026-06-19 12:30:00,2026-06-19 12:50:00,-1,1486.6,1471.95,pivot,14.649999999999864,0.1887565,14.361243499999864,452379.1702499957,1.0,2026-06-19,1472.35,0.0,1466.4,1478.8,1465.0,0.0,2026,0.0,1.0,0.0,0.0,1,12,4,6,1486.6,1487.05,1472.0,7.199813314448379,19.05209768662044,-7.475818652180578,-2.442022862973669,-5.033795789206909,1510.695,1537.3816988379815,1484.0083011620184,1491.2900000000002,1504.65,1510.695,1508.0716666666667,1502.7062772665947,-1.0,-0.0006054083142742,0,0.0162787568949279,1,0.0081057446522265,1,0.0190030943091618,1,0.010224673752186,1,0.0135880532759315,1,0.0233082200995559,1,0.0120072648997712,1,2026-06-19 12:30:00,-0.0096991348545731,-0.0278623655882462,3.432456407469431,0.0100715813555967,-1.8378571319781687,0.0100715813555967,0.9899284186444032,5.5377162570452734e-05,0.0001014026503107,0.0053325894240403,True,0.9406758519657458,0.012105164457228,-2.424361094165617,0.012105164457228,0.987894835542772,0.0004311940572632,0.0005045616994243,0.0117007847370334,True,1,0,0,5.033795789206909,0,0,0,0,0.048557876223583915,1,0,0,1,0,1,0,-0.016208125924929387,-0.014443472801471013,0.03590299857121158,0.004843140935321122,-95.90436911046866,0.9251294012665447,322.07722319385897,True,0.7177877,0.5618842516089549,60.52161
2026-06-19 13:00:00,2026-06-19 13:25:00,1,1462.4,1474.55,pivot,12.149999999999864,0.1881085,11.861891499999862,373649.58224999567,1.0,2026-06-19,1451.95,0.0,1475.55,1476.85,1468.05,0.0,2026,0.0,2.0,0.0,0.0,1,13,4,6,1462.4,1467.4,1451.25,10.390673051367228,22.27601841782817,-14.627602257738316,-9.5748179825546,-5.052784275183718,1496.835,1543.949095556751,1449.720904443249,1465.1600000000003,1476.215,1496.835,1507.8366666666666,1492.1918214131515,-1.0,0.0043421772428883,1,0.0089920678336979,1,-0.0088211159737418,0,-0.006769693654267,0,0.0079321663019693,1,0.0083082603938729,1,-0.001230853391685,0,-0.004000273522976,0,2026-06-19 13:00:00,-0.0071714411697594,-0.0241893778896585,13.25614447168507,0.0299971653986454,-1.3638484499261767,0.0299971653986454,0.9700028346013544,5.5377162570452734e-05,0.0001014026503107,0.0053325894240403,True,1.4331811835346209,0.0164250194877115,-2.110451576031969,0.0164250194877115,0.9835749805122884,0.0004311940572632,0.0005045616994243,0.0117007847370334,True,1,0,0,5.052784275183715,0,0,0,0,0.13455734856969176,1,0,0,1,0,1,0,-0.023546909190371952,-0.031069930707512645,0.06443393812465939,0.007105219537313476,-112.55591557530506,2.9974019749925787,249.86323851203292,True,0.745117,0.5249079393449189,41.419247
