entry_time,exit_time,direction,entry_px,exit_px,exit_reason,gross_pts,cost_pts,net_pts,net_krw,size_factor,exit_date,entry_close,entry_volume,exit_close,exit_high,exit_low,exit_volume,year,atr_normalized,volatility_regime,trend_regime,momentum_regime,is_win,entry_hour,entry_dayofweek,entry_month,entry_open,entry_high,entry_low,entry_atr,entry_rsi,entry_macd,entry_macd_signal,entry_macd_hist,entry_bb_middle,entry_bb_upper,entry_bb_lower,entry_ma5,entry_ma10,entry_ma20,entry_ma60,entry_supertrend,entry_supertrend_dir,future_return_1,is_win_h1,future_return_5,is_win_h5,future_return_10,is_win_h10,future_return_20,is_win_h20,future_return_3,is_win_h3,future_return_4,is_win_h4,future_return_6,is_win_h6,future_return_7,is_win_h7,timestamp,ret_log_1m,ret_log_5m,ret_log_1m_kde_pdf,ret_log_1m_kde_cdf,ret_log_1m_kde_zscore,ret_log_1m_kde_left_tail,ret_log_1m_kde_right_tail,ret_log_1m_kde_median,ret_log_1m_kde_mean,ret_log_1m_kde_std,ret_log_1m_kde_ready,ret_log_5m_kde_pdf,ret_log_5m_kde_cdf,ret_log_5m_kde_zscore,ret_log_5m_kde_left_tail,ret_log_5m_kde_right_tail,ret_log_5m_kde_median,ret_log_5m_kde_mean,ret_log_5m_kde_std,ret_log_5m_kde_ready,rsi_oversold,rsi_overbought,macd_bullish,macd_strength,price_above_ma20,price_above_ma60,price_above_ma5,price_above_ma10,bb_position,bb_lower_touch,price_above_st,is_morning,is_afternoon,is_bull,is_neutral,is_bear,price_ma20_ratio,price_ma60_ratio,bb_width,atr_ratio,rsi_macd_interaction,rsi_bb_interaction,pnl_per_contract,_has_kde,filter_score,entry_score,exit_score
2024-01-10 11:05:00,2024-01-10 15:45:00,-1,343.45,342.7,eod,0.75,0.1205845,0.5294155,16676.58825,1.0,2024-01-10,343.4,0.0,342.7,342.7,342.7,0.0,2024,0.0,1.0,1.0,1.0,1,11,2,1,343.45,343.65,343.25,0.5058940615993395,31.69150857104384,-0.5870094837799797,-0.5829280534792904,-0.0040814303006893,344.24,345.4594045149778,343.0205954850222,343.58,343.87,344.24,345.81166666666667,344.9112429814759,-1.0,0.0013102343863735,1,0.0021837239772892,1,0.0008734895909157,1,0.0017469791818313,1,0.0016013975833454,1,0.0020381423788032,1,0.0021837239772892,1,0.0011646527878875,1,2024-01-10 11:05:00,-0.0002911631990289,-0.002617421881103,548.2169678285976,0.3102947208961046,-0.3069908557355036,0.3102947208961046,0.6897052791038953,1.2827479885975653e-05,2.0283365598471445e-05,0.0010145141420621,True,42.72895801991108,0.0587386588745511,-1.195589198506113,0.0587386588745511,0.9412613411254488,6.401141218688619e-05,0.0001005609562657,0.0022733417471192,True,0,0,0,0.004081430300689304,0,0,0,0,0.17607139784355544,1,0,1,0,1,0,0,-0.0023001892560780913,-0.006876304168486472,0.007100914339658071,0.0014729773230436438,-0.129346683356413,5.579968213874707,50.444023875380104,True,0.5614073,0.550442256840573,39.303074
2024-01-17 13:55:00,2024-01-17 14:00:00,1,328.9,329.2,pivot,0.3000000000000113,0.119743,0.08025700000001139,2528.0955000003587,1.0,2024-01-17,329.25,0.0,328.75,329.35,328.7,0.0,2024,0.0,1.0,1.0,1.0,0,13,2,1,328.9,329.3,328.9,0.4475274239582152,53.87872416366816,-0.311880247778447,-0.5297662348650142,0.2178859870865671,328.5975,329.5503212962819,327.64467870371817,328.78,328.425,328.5975,330.45666666666665,328.8571730106462,1.0,-0.0004560656734569,0,-0.0009121313469138,0,-0.0034965034965034,0,-0.0048647005168743,0,-0.0006080875646092,0,-0.0015202189115232,0,-0.0015202189115232,0,-0.0019762845849801,0,2024-01-17 13:55:00,0.0009115770913835,0.0042611539137618,212.98273934625792,0.900131897505858,0.8411739992560575,0.900131897505858,0.099868102494142,-3.829830701341588e-07,6.498933655379731e-06,0.0010759702017996,True,13.740804365268064,0.9767861731956696,1.7805850855003016,0.9767861731956696,0.0232138268043304,9.40566050227364e-06,2.8021383935523004e-05,0.002377382897508,True,0,0,1,0.2178859870865672,1,0,1,1,0.6587391052133188,1,1,0,1,1,0,0,0.0009197324414714268,-0.004732948211209097,0.005793987815639127,0.0013606793066531324,11.73941899736571,35.492022545609984,-19.1547582851898,True,0.5694898,0.556926763822462,52.34672
2024-01-19 08:45:00,2024-01-19 11:05:00,-1,333.0,333.25,pivot,-0.25,0.1199875,-0.4699875,-14804.60625,1.0,2024-01-19,333.1,0.0,333.3,333.35,332.85,0.0,2024,0.0,2.0,2.0,2.0,0,8,4,1,333.0,333.45,332.25,0.7323285611313972,83.36567567753978,0.5367569874948117,0.208254005043742,0.3285029824510696,328.8175,331.1831032949293,326.4518967050707,329.95,329.59,328.8175,328.905,330.31379571684704,1.0,-0.0006006006006005,0,-0.0016516516516516,0,-0.0040540540540541,0,0.0007507507507507,1,-0.0004504504504503,0,-0.0033033033033033,0,-0.0042042042042041,0,-0.0022522522522522,0,2024-01-19 08:45:00,0.0120810892503396,0.010866391257072,3.2990412213395145e-15,1.0,11.222048990286382,1.0,0.0,-3.829830701341588e-07,6.498933655379731e-06,0.0010759702017996,True,1.133601244332035,0.999065719484442,4.558950047338692,0.999065719484442,0.0009342805155578,9.40566050227364e-06,2.8021383935523004e-05,0.002377382897508,True,0,1,1,0.3285029824510697,1,1,1,1,1.3840239631398086,0,1,0,0,0,0,0,0.012560060060060073,0.01229729729729738,0.014207827597173062,0.002199184868262454,27.385873094120413,115.38009284105655,-14.18918918918445,True,0.6382075,0.49763409041157036,40.936615
2024-02-01 11:55:00,2024-02-01 12:35:00,1,342.15,341.45,pivot,-0.6999999999999886,0.120508,-0.9205079999999887,-28996.001999999644,1.0,2024-02-01,342.1,0.0,341.4,341.5,341.25,0.0,2024,0.0,1.0,1.0,1.0,0,11,3,2,342.15,342.2,342.0,0.4250714552992313,74.97203849789199,0.7399266009805956,0.7310755720672132,0.0088510289133824,341.1025,342.7541259938695,339.45087400613056,342.06,341.835,341.1025,338.9866666666667,340.94733503155675,1.0,0.0002922694724536,1,-0.0008768084173606,0,-0.001461347362268,0,-0.000730673681134,0,-0.0005845389449071,0,-0.0008768084173606,0,-0.0011690778898143,0,-0.0018997515709483,0,2024-02-01 11:55:00,-0.0001461454149476,0.0007310476237559,484.8295870021768,0.442743137913133,-0.1089496448288382,0.442743137913133,0.557256862086867,-2.9501788767991048e-05,-1.8196954096289943e-05,0.0011743816242114,True,178.71439324061006,0.6655785879057841,0.3184969289169973,0.6655785879057841,0.3344214120942159,-9.54084393425842e-05,-8.739778724381037e-05,0.0025697120966998,True,0,1,1,0.008851028913382408,1,1,1,1,0.8171117443925229,1,1,1,0,1,0,0,0.0030615227239513573,0.009245457645282182,0.009654397158377664,0.001242354099953913,0.6635796804400603,61.2605331576759,-18.412976764573653,True,0.572444,0.6227723651837894,35.834274
2024-02-02 11:10:00,2024-02-02 11:20:00,1,350.75,351.55,pivot,0.8000000000000114,0.121069,0.5789310000000114,18236.32650000036,1.0,2024-02-02,351.0,0.0,351.3,351.65,351.3,0.0,2024,0.0,1.0,1.0,1.0,1,11,4,2,350.75,351.0,350.5,0.4740227856023525,86.72478545367451,1.248347851927008,1.2955868870015386,-0.0472390350745306,349.5175,351.1407764148547,347.89422358514526,350.64,350.18999999999994,349.5175,345.4933333333333,349.38701514404715,1.0,0.0021382751247327,1,0.0021382751247327,1,0.0034212401995723,1,0.0024233784746971,1,0.0017106200997862,1,0.0019957234497505,1,0.0024233784746971,1,0.0025659301496791,1,2024-02-02 11:10:00,0.0007125044832955,0.0028530689824064,297.02238518251704,0.8078864321554357,0.6222010139867545,0.8078864321554357,0.1921135678445643,-2.9501788767991048e-05,-1.8196954096289943e-05,0.0011743816242114,True,64.17118044719477,0.9198129847233542,1.1442786814237418,0.9198129847233542,0.0801870152766458,-9.54084393425842e-05,-8.739778724381037e-05,0.0025697120966998,True,0,1,0,0.047239035074530644,1,1,1,1,0.8796334341832704,1,1,1,0,1,0,0,0.0035138987883108082,0.014986932763126778,0.009256030875864456,0.0013514548413466928,-4.096795181877272,76.28602085742305,53.8845331432653,True,0.50240684,0.7264329169796147,45.14508
2024-02-02 11:20:00,2024-02-02 15:45:00,1,351.55,354.05,eod,2.5,0.121168,2.278832,71783.208,1.0,2024-02-02,351.3,0.0,354.05,354.05,354.05,0.0,2024,0.0,1.0,1.0,1.0,0,11,4,2,351.55,351.65,351.3,0.4768359732999875,83.56860062323548,1.257900394061096,1.2840788241383243,-0.0261784300772283,349.7625,351.69719023852474,347.82780976147524,351.03000000000003,350.595,349.7625,345.7958333333333,350.09048226667824,1.0,-0.0005689091167685,0,0.0002844545583842,1,0.0007111363959607,1,0.0004266818375763,1,-0.0001422272791921,0,0.0001422272791921,1,0.0002844545583842,1,0.0009955909543449,1,2024-02-02 11:20:00,-0.0005691519789381,0.001851984288862,379.065565572468,0.255359540056476,-0.4691447937222493,0.255359540056476,0.744640459943524,-2.9501788767991048e-05,-1.8196954096289943e-05,0.0011743816242114,True,115.60656723361473,0.8288154840649794,0.7547079217926939,0.8288154840649794,0.1711845159350206,-9.54084393425842e-05,-8.739778724381037e-05,0.0025697120966998,True,0,1,0,0.02617843007722831,1,1,1,1,0.9619602571011665,0,1,1,0,1,0,0,0.005084625231119393,0.016367989380363303,0.011006629148199411,0.0013563816620679491,-2.187694768067187,80.3896725411123,-4.48015929455115,True,0.50240684,0.7264329169796147,45.14508
2024-02-05 08:45:00,2024-02-05 10:40:00,-1,353.7,346.2,pivot,7.5,0.120997,7.279003,229288.5945,1.0,2024-02-05,352.85,0.0,346.8,346.8,346.05,0.0,2024,0.0,1.0,1.0,1.0,1,8,0,2,353.7,354.05,352.35,0.4766267999409416,44.82020939208147,0.418266829654442,0.551199854876443,-0.1329330252220009,353.56000000000006,354.8449738901177,352.2750261098824,353.7,353.875,353.56000000000006,352.2325,353.0597468286991,-1.0,0.0038167938931296,1,0.0159739892564319,1,0.017953067571388,1,0.0245971162001696,1,0.0103194797851285,1,0.0130053717839976,1,0.0156912637828668,1,0.0171048911506927,1,2024-02-05 08:45:00,-0.0033951086509436,-0.0032538756869351,4.303211951953515,0.0054554059114976,-2.875480701696771,0.0054554059114976,0.9945445940885024,-2.9501788767991048e-05,-1.8196954096289943e-05,0.0011743816242114,True,41.943710617690165,0.0723357528311144,-1.2322306081517589,0.0723357528311144,0.9276642471688856,-9.54084393425842e-05,-8.739778724381037e-05,0.0025697120966998,True,0,0,0,0.13293302522200096,1,1,0,0,0.5544758150638801,1,1,0,0,1,0,0,0.00039581566299103625,0.004148996324568766,0.00726589703204789,0.001347545377271534,-5.958086025572928,24.85172213400815,325.0636132315477,True,0.50207484,0.5291893294422086,41.042862
2024-02-06 11:10:00,2024-02-06 14:35:00,1,347.3,347.45,pivot,0.1499999999999772,0.1208425,-0.07084250000002275,-2231.5387500007164,1.0,2024-02-06,347.25,0.0,347.5,347.6,347.3,0.0,2024,0.0,1.0,1.0,1.0,1,11,1,2,347.3,347.65,347.25,0.6524382599350472,51.96381752017084,-0.2481004749055273,-0.425279280739425,0.1771788058338977,346.53000000000003,347.28491373007336,345.7750862699267,346.86,346.69,346.53000000000003,348.23,348.35284820352973,-1.0,0.0002879355024473,1,0.0021595162683558,1,0.0005758710048948,1,0.0037431615318169,1,0.0005758710048948,1,0.0012957097610135,1,0.0014396775122372,1,0.0011517420097897,1,2024-02-06 11:10:00,0.0,0.0018736043529473,488.768011284651,0.5145015833247277,0.0154949240699403,0.5145015833247277,0.4854984166752722,-2.9501788767991048e-05,-1.8196954096289943e-05,0.0011743816242114,True,114.6005695738356,0.831307327891918,0.7631213406006045,0.831307327891918,0.168692672108082,-9.54084393425842e-05,-8.739778724381037e-05,0.0025697120966998,True,0,0,1,0.1771788058338977,1,0,1,1,1.0099920489757088,1,0,1,0,1,0,0,0.002217103368845326,-0.002677800172761321,0.004347329283462864,0.0018786013819033897,9.20688713479444,52.48304252979719,18.1399366541862,True,0.5242841,0.5272310171674565,44.755733
2024-02-20 10:35:00,2024-02-20 10:45:00,-1,357.2,356.55,pivot,0.6499999999999773,0.1214125,0.4285874999999772,13500.506249999282,1.0,2024-02-20,357.25,0.0,356.4,356.55,356.15,0.0,2024,0.0,1.0,1.0,1.0,1,10,1,2,357.2,357.45,357.2,0.5764114474299703,41.66628644697055,0.1415613347990074,0.4284430153181231,-0.2868816805191156,358.55249999999995,359.8629740017189,357.2420259982809,357.74,358.055,358.55249999999995,356.6266666666667,358.36700209777865,-1.0,0.0018197088465844,1,0.005599104143337,1,0.0037793952967524,1,0.0043393057110862,1,0.0020996640537514,1,0.0029395296752519,1,0.0053191489361701,1,0.004619260918253,1,2024-02-20 10:35:00,0.0,-0.0026556728166346,471.5819692555039,0.5076956116825803,-0.0091479117841206,0.5076956116825803,0.4923043883174197,-1.623322575618672e-05,1.092284999163845e-05,0.0011940265985728,True,67.59776002165016,0.1016635109483892,-1.0071827183499666,0.1016635109483892,0.8983364890516108,-3.8479750989246805e-05,5.442419071016453e-05,0.0026907699645449,True,0,0,0,0.2868816805191157,0,1,0,0,-0.01603465548564051,1,0,1,0,1,0,0,-0.0037863941769315894,0.0016050765210897722,0.0073374804127603645,0.0016136938617860312,-11.953294276897763,-0.6681045485431851,66.1394176931691,True,0.5459689,0.5535897587730225,40.788918
2024-02-28 12:45:00,2024-02-28 14:35:00,1,356.95,356.8,pivot,-0.1499999999999772,0.1214125,-0.3714124999999773,-11699.493749999285,1.0,2024-02-28,357.35,0.0,356.6,356.9,356.6,0.0,2024,0.0,1.0,1.0,1.0,1,12,2,2,356.95,357.45,356.9,0.3971522527194577,78.55733975620691,0.4288280244495581,0.370662686539049,0.058165337910509,356.18500000000006,357.0688313744551,355.301168625545,356.74,356.5,356.18500000000006,354.90083333333337,356.0114023042948,1.0,0.0011206051267685,1,0.0022412102535369,1,0.0022412102535369,1,0.0002801512816921,1,0.002381285894383,1,0.0021011346126908,1,0.0021011346126908,1,0.002661437176075,1,2024-02-28 12:45:00,0.0011199777175183,0.0029426210541975,175.5951006079601,0.901951017696233,0.8590642823031982,0.901951017696233,0.098048982303767,1.18889695157728e-05,2.9119050294226097e-05,0.0012698219326491,True,58.01867846662786,0.9041809435330396,0.9787795852142852,0.9041809435330396,0.0958190564669603,5.976329660764444e-05,0.0001499004698595,0.0028532681172816,True,0,1,1,0.058165337910509096,1,1,1,1,0.9327748607428752,1,1,0,1,1,0,0,0.0021431573049444726,0.005740766680674106,0.00495212984706565,0.0011126271262626634,4.569314212270438,73.27631165142664,75.0105056730645,True,0.6443938,0.5077164226265803,41.333008
2024-02-29 10:35:00,2024-02-29 12:30:00,1,355.7,355.55,pivot,-0.1499999999999772,0.1213375,-0.3713374999999773,-11697.131249999284,1.0,2024-02-29,355.9,0.0,355.65,355.65,355.35,0.0,2024,0.0,1.0,1.0,1.0,0,10,3,2,355.7,356.05,355.5,0.6063113197836301,59.1295842389936,-0.2044362505329218,-0.4551333755980942,0.2506971250651724,354.61749999999995,355.66091292398664,353.57408707601326,355.17,354.765,354.61749999999995,356.375,356.0111205826602,-1.0,-0.0001405678942929,0,-0.0014056789429294,0,0.0004217036828789,1,0.0001405678942929,1,-0.0008434073657576,0,-0.0012651110486364,0,-0.0005622715771717,0,-0.0001405678942929,0,2024-02-29 10:35:00,0.0007026913366227,0.0046469139453571,320.64051795030826,0.7996363445401415,0.5304462531397867,0.7996363445401415,0.2003636554598584,1.18889695157728e-05,2.9119050294226097e-05,0.0012698219326491,True,14.450864820991404,0.9573450858387872,1.5760921478988124,0.9573450858387872,0.0426549141612129,5.976329660764444e-05,0.0001499004698595,0.0028532681172816,True,0,0,1,0.2506971250651724,1,0,1,1,1.0187303967177255,1,0,1,0,1,0,0,0.0030432949114423354,-0.0018976665729547692,0.005866814304114104,0.0017045581101592074,14.823616775014624,60.23710480954412,-26.5673320213644,True,0.64341825,0.506842411805289,41.69941
2024-03-08 12:00:00,2024-03-08 13:30:00,-1,361.8,361.0,pivot,0.8000000000000114,0.121684,0.5783160000000115,18216.95400000036,1.0,2024-03-08,361.0,0.0,361.05,361.2,360.85,0.0,2024,0.0,1.0,1.0,1.0,1,12,4,3,361.8,361.8,360.95,0.4452238228129307,33.62334479615734,0.0874314851442932,0.368539085691716,-0.2811076005474228,362.49,363.4461986161995,361.5338013838005,361.91,362.37,362.49,360.53333333333336,361.69986832463707,-1.0,0.0024875621890548,1,0.0016583747927032,1,0.0015201768933112,1,0.0023493642896628,1,0.0023493642896628,1,0.0024875621890548,1,0.0017965726920951,1,0.0017965726920951,1,2024-03-08 12:00:00,-0.0022136146283138,-0.0045602234765404,23.236355919150583,0.0227404367608323,-1.834336480869891,0.0227404367608323,0.9772595632391676,2.0701687318946763e-05,3.7737454786444894e-05,0.0012273386625514,True,15.219757575286986,0.030599584422898,-1.7106191634569132,0.030599584422898,0.969400415577102,0.0001157861616501,0.0001971652827625,0.0027810917011411,True,0,0,0,0.2811076005474228,0,1,0,0,0.13919629859826832,1,1,0,1,1,0,0,-0.0019071310116086171,0.0035010134512621655,0.005285785606409701,0.0012305799414398305,-9.451777778026464,4.680245142118449,74.00497512437819,True,0.60658365,0.5383591691738455,39.647118
2024-03-13 10:40:00,2024-03-13 11:20:00,-1,362.45,362.45,pivot,-0.0,0.121747,-0.221747,-6985.0305,1.0,2024-03-13,362.4,0.0,363.0,363.05,362.35,0.0,2024,0.0,1.0,1.0,1.0,0,10,2,3,362.45,362.7,362.3,0.5228898150737622,42.57541482044649,0.1700819345670083,0.4198028389663329,-0.2497209043993246,363.47,364.4796377693319,362.46036223066807,362.92,363.255,363.47,361.7141666666666,362.3887535139252,1.0,-0.00055180024831,0,-0.0012415505586977,0,-0.0009656504345427,0,-0.0013795006207752,0,-0.0002759001241551,0,-0.0013795006207752,0,-0.0009656504345427,0,-0.0,0,2024-03-13 10:40:00,0.0,-0.0033057881344996,529.9242105604226,0.4875875260793134,-0.0235830484543876,0.4875875260793134,0.5124124739206866,2.324118762207872e-05,2.8583292471421536e-05,0.0012120270425049,True,34.56315580084284,0.0617457827641253,-1.2404094186243328,0.0617457827641253,0.9382542172358748,8.542163113951312e-05,0.0001404241573045,0.0027782861368677,True,0,0,0,0.24972090439932462,0,1,0,0,-0.00513165760178324,1,1,1,0,1,0,0,-0.0028141812663816765,0.0020301650802411453,0.005571183718206113,0.001442653648982652,-10.631971094138306,-0.21848245111241904,-8.690853910885648,True,0.52211475,0.5393206417472515,35.89791
2024-04-16 11:10:00,2024-04-16 11:15:00,-1,357.55,357.25,pivot,0.3000000000000113,0.121444,0.07855600000001141,2474.5140000003594,1.0,2024-04-16,357.2,0.0,357.3,357.5,356.95,0.0,2024,0.0,1.0,1.0,1.0,1,11,1,4,357.55,357.6,356.85,0.5499448047289499,14.306384592829149,-1.372379011218186,-1.3414354575195464,-0.0309435536986395,359.3625,361.5155578020007,357.2094421979993,357.97,358.5,359.3625,363.3108333333333,358.80210277294395,-1.0,0.0006992029086841,1,0.0019577681443154,1,-0.0,0,-0.0009788840721576,0,0.001538246399105,1,0.0009788840721578,1,0.0004195217452105,1,0.0001398405817368,1,2024-04-16 11:10:00,-0.000979363492061,-0.0041905355358929,183.96632806243252,0.0937575232089725,-0.9152542203959032,0.0937575232089725,0.9062424767910274,7.660730757500851e-06,1.8520635840173254e-05,0.0010902808265332,True,15.870444045841928,0.0290980350062866,-1.773052236745071,0.0290980350062866,0.9709019649937132,7.787832396891278e-06,8.666129724114206e-05,0.0024123354882008,True,1,0,0,0.030943553698639548,0,0,0,0,0.07908700864515934,1,0,1,0,1,0,0,-0.005069221087959726,-0.01611196569244376,0.012043394221791173,0.001538092028328765,-0.44269037988159754,1.1314491619740534,48.4547615718075,True,0.5767924,0.5925086165644112,73.43321
2024-04-16 11:15:00,2024-04-16 12:00:00,-1,357.25,358.05,pivot,-0.8000000000000114,0.121459,-1.0214590000000114,-32175.95850000036,1.0,2024-04-16,357.3,0.0,357.55,358.1,357.5,0.0,2024,0.0,1.0,1.0,1.0,1,11,1,4,357.25,357.5,356.95,0.5499487472483116,16.382933241108617,-1.3755346202684675,-1.3482552900693308,-0.0272793301991369,359.1875,361.4162298728453,356.9587701271547,357.68999999999994,358.29,359.1875,363.18,358.80210277294395,-1.0,-0.0002799160251925,0,-0.0004198740377885,0,-0.0005598320503848,0,-0.0023792862141358,0,0.0001399580125962,1,0.0011196641007697,1,-0.0006997900629811,0,-0.0009797060881736,0,2024-04-16 11:15:00,0.0002799160270201,-0.0039106195088727,538.3283836715582,0.6559188876322637,0.2397505163977846,0.6559188876322637,0.3440811123677363,7.660730757500851e-06,1.8520635840173254e-05,0.0010902808265332,True,18.68705114161454,0.0339754733773063,-1.6570169554215255,0.0339754733773063,0.9660245266226936,7.787832396891278e-06,8.666129724114206e-05,0.0024123354882008,True,1,0,0,0.027279330199136753,0,0,0,0,0.06533539043775993,1,0,1,0,1,0,0,-0.005423372988103569,-0.016599020293911845,0.012477144144690231,0.0015393946738931044,-0.44691544551461804,1.0703853398235872,4.4086773967803,True,0.5767924,0.5925086165644112,74.994064
2024-04-19 10:35:00,2024-04-19 10:55:00,-1,351.05,351.7,pivot,-0.6499999999999773,0.1210825,-0.8710824999999773,-27439.098749999284,1.0,2024-04-19,350.25,0.0,350.95,351.95,350.4,0.0,2024,0.0,1.0,1.0,0.0,0,10,4,4,351.05,351.15,350.2,0.871578997623576,19.32803510606917,-1.6679983411225408,-1.5822023006144108,-0.0857960405081299,353.06,355.50660882456833,350.6133911754317,351.54,352.53000000000003,353.06,357.5225,353.36419874000933,-1.0,0.0027061672126477,1,0.0038456060390258,1,0.0054123344252956,1,0.001709158239567,1,-0.0018515880928641,0,0.0002848597065945,1,0.0031334567725395,1,0.006266913545079,1,2024-04-19 10:35:00,-0.0022814782461414,-0.0068288784370717,13.784731270161055,0.0138202171159997,-1.8045418992000424,0.0138202171159997,0.9861797828840004,6.12821164683679e-06,-3.62471962466358e-06,0.0012622890759846,True,3.8492044437976856,0.0103970369791398,-2.474222699936726,0.0103970369791398,0.98960296302086,4.74799580984329e-05,-1.659434121773268e-05,0.0027533027225189,True,1,0,0,0.08579604050812994,0,0,0,0,0.08922734606856743,1,0,1,0,1,0,0,-0.005725680102549468,-0.018437544509329065,0.013938805438361086,0.002482777375369822,-1.6582688829028673,1.724589277234654,-58.325024925219154,True,0.57814956,0.6001149592601522,41.22851
2024-05-10 08:45:00,2024-05-10 10:35:00,-1,373.95,373.35,pivot,0.5999999999999659,0.122419,0.3775809999999659,11893.801499998926,1.0,2024-05-10,374.75,0.0,373.5,373.5,373.2,0.0,2024,0.0,2.0,1.0,2.0,0,8,4,5,373.95,374.75,373.7,0.6071457007169216,80.32270622850831,0.1371815165237535,-0.1832805599343891,0.3204620764581427,371.0175,372.82050188415366,369.2144981158464,371.66,371.305,371.0175,371.9966666666666,372.10011555776015,1.0,-0.001738200294157,0,-0.0020056157240272,0,-0.0020056157240272,0,0.0009359540045459,1,-0.0014707848642866,0,-0.001738200294157,0,-0.0025404465837678,0,-0.0024067388688328,0,2024-05-10 08:45:00,0.0101918543471722,0.0099223125665645,0.6058369297102798,1.0,6.8602688081279135,1.0,0.0,8.625247703594479e-06,-4.333071582042412e-06,0.0014862664574708,True,1.6849900054870086,0.991577952817554,3.120525466393207,0.991577952817554,0.0084220471824458,1.2784176201930096e-05,-2.1196697774411952e-05,0.0031864855363067,True,0,1,1,0.3204620764581426,1,1,1,1,1.3132271035802472,0,1,0,0,1,0,0,0.007841957480946663,0.005223514730133376,0.00964301047815813,0.0016236012855112224,25.740381224725162,105.48195485219105,-46.3297232250279,True,0.70720834,0.5021309772206551,81.36946
2024-05-16 10:50:00,2024-05-16 11:00:00,-1,376.75,376.5,pivot,0.25,0.1225975,0.0274025,863.17875,1.0,2024-05-16,376.15,0.0,376.3,376.5,376.1,0.0,2024,0.0,1.0,1.0,1.0,1,10,3,5,376.75,376.75,376.1,0.6252244848916779,40.12815331434472,0.2498682471003803,0.7371126720204757,-0.4872444249200953,378.2275,380.0672582807416,376.3877417192583,376.85,377.565,378.2275,374.8766666666667,377.1267543154937,-1.0,0.0006635700066357,1,0.0011944260119442,1,0.0022561380225614,1,0.0017252820172527,1,0.00092899800929,1,0.00092899800929,1,0.0017252820172527,1,0.0017252820172527,1,2024-05-16 10:50:00,-0.0015938375003743,-0.0047739117319551,64.3556120758488,0.0430666227881563,-1.0694612805143429,0.0430666227881563,0.9569333772118436,8.625247703594479e-06,-4.333071582042412e-06,0.0014862664574708,True,11.037199743378796,0.0341228404858281,-1.4915225504802585,0.0341228404858281,0.965877159514172,1.2784176201930096e-05,-2.1196697774411952e-05,0.0031864855363067,True,0,0,0,0.4872444249200954,0,1,0,0,0.09845268384813309,1,0,1,0,1,0,0,-0.003921698739217042,0.004972351249723366,0.009766467316478558,0.0016595208623534914,-19.55221898475331,3.950724391666595,29.263437292635,True,0.600089,0.7170124365826598,41.879333
2024-05-16 11:00:00,2024-05-16 14:25:00,-1,376.5,376.45,pivot,0.0500000000000113,0.1225885,-0.17258849999998863,-5436.537749999642,1.0,2024-05-16,376.3,0.0,376.45,376.6,376.4,0.0,2024,0.0,1.0,1.0,1.0,1,11,3,5,376.5,376.5,376.1,0.6107802956463926,42.30232151176857,0.0635427068859257,0.5093139654431703,-0.4457712585572445,378.0125,380.1382506426441,375.8867493573559,376.58,377.13,378.0125,375.0391666666666,377.1267543154937,-1.0,0.000265604249668,1,0.0010624169986719,1,0.000929614873838,1,0.0010624169986719,1,0.0005312084993359,1,0.0010624169986719,1,0.001593625498008,1,0.000929614873838,1,2024-05-16 11:00:00,-0.0005313496405566,-0.0015932026736981,371.0240128968798,0.2521333053054874,-0.3545909055038721,0.2521333053054874,0.7478666946945125,8.625247703594479e-06,-4.333071582042412e-06,0.0014862664574708,True,129.16499075993354,0.1842438845364941,-0.4933353558371008,0.1842438845364941,0.8157561154635058,1.2784176201930096e-05,-2.1196697774411952e-05,0.0031864855363067,True,0,0,0,0.44577125855724464,0,1,0,0,0.14424331582968,1,0,1,0,1,0,0,-0.0040172642762283895,0.0038800354139002014,0.01129216808841491,0.0016222584213715606,-18.85715910019427,6.1018271221507,16.73306772908085,True,0.5375565,0.5554500032892542,37.94479
2024-05-27 14:55:00,2024-05-27 15:00:00,1,371.15,371.8,pivot,0.6500000000000341,0.1222885,0.4277115000000341,13472.912250001074,1.0,2024-05-27,371.8,0.0,371.7,372.4,371.55,0.0,2024,0.0,1.0,1.0,1.0,1,14,0,5,371.15,371.95,371.0,0.4539355583301264,88.15498725249469,0.5458060212424698,0.1791367637246254,0.3666692575178444,368.93,371.0726496150989,366.7873503849012,370.45,369.53,368.93,368.8258333333334,369.9395902609684,1.0,0.0014818806412501,1,0.0017513134851139,1,-0.0008082985315908,0,0.0012124477973866,1,0.0020207463289775,1,0.0018860299070457,1,0.000808298531591,1,0.001616597063182,1,2024-05-27 14:55:00,0.0018845072207917,0.0079660179570323,26.04201496277027,0.9825899351614792,1.3643322364193846,0.9825899351614792,0.0174100648385208,-9.972841337770875e-06,1.311867574700612e-05,0.0013716516366688,True,2.592644965336574,0.988462659745944,2.682419416104304,0.988462659745944,0.0115373402540559,-4.948197944370029e-05,6.742878238344944e-05,0.0029445764995692,True,0,1,1,0.3666692575178444,1,1,1,1,1.018050171235653,0,1,0,1,1,0,0,0.0059814091337733275,0.006262068346131212,0.011546003583989554,0.0012230514841172744,32.32372372236727,89.74619986767902,63.653509362791254,True,0.65858614,0.518449480744797,35.871296
2024-05-27 15:00:00,2024-05-27 15:45:00,1,371.8,371.75,eod,-0.0500000000000113,0.1223065,-0.2723065000000114,-8577.654750000358,1.0,2024-05-27,371.7,0.0,371.75,371.75,371.75,0.0,2024,0.0,2.0,1.0,1.0,1,15,0,5,371.8,372.4,371.55,0.4822258755922578,85.64310462079388,0.6598148135993256,0.2752723736995655,0.3845424398997601,369.09,371.551621204012,366.62837879598806,371.0100000000001,369.865,369.09,368.8875,370.3381312348715,1.0,0.0002689618074232,1,-0.0009413663259817,0,-0.0033620225927918,0,0.0001344809037117,1,0.0001344809037117,1,0.0,0,-0.0001344809037117,0,-0.0001344809037117,0,2024-05-27 15:00:00,-0.0002689979841372,0.0075614727005764,521.7485202136052,0.3563833927396559,-0.2056766108407867,0.3563833927396559,0.643616607260344,-9.972841337770875e-06,1.311867574700612e-05,0.0013716516366688,True,2.514803295261096,0.9874235671444472,2.545032849134463,0.9874235671444472,0.0125764328555526,-4.948197944370029e-05,6.742878238344944e-05,0.0029445764995692,True,0,1,1,0.3845424398997601,1,1,1,1,1.0504502470939057,0,1,0,0,1,0,0,0.0072888649811727714,0.00783351264120501,0.013241641764453879,0.0012970034308559919,32.933408411470495,89.96382041080214,4.23614846691855,True,0.636834,0.5503842664130117,47.15698
2024-05-29 12:10:00,2024-05-29 15:45:00,-1,366.6,366.35,eod,0.25,0.1219885,0.028011500000000005,882.3622500000001,1.0,2024-05-29,366.35,0.0,366.35,366.35,366.35,0.0,2024,0.0,1.0,1.0,1.0,1,12,2,5,366.6,366.6,366.2,0.380047912153837,14.226408794561364,-0.7368595964808264,-0.6641496059110735,-0.0727099905697529,367.7425,369.1583036603176,366.3266963396824,366.69,367.175,367.7425,369.6858333333333,367.49716247887545,-1.0,0.0010911074740862,1,0.0004091653027824,1,0.0006819421713038,1,-0.0001363884342606,0,0.0006819421713038,1,0.0006819421713038,1,0.0004091653027824,1,0.0002727768685216,1,2024-05-29 12:10:00,-0.0005457770636226,-0.0029980943689073,395.4537133395544,0.226937595147166,-0.4074618689093666,0.226937595147166,0.773062404852834,-9.972841337770875e-06,1.311867574700612e-05,0.0013716516366688,True,38.662758918919415,0.0547410378261193,-1.0410743791982395,0.0547410378261193,0.9452589621738808,-4.948197944370029e-05,6.742878238344944e-05,0.0029445764995692,True,1,0,0,0.07270999056975291,0,0,0,0,0.0965189128894786,1,0,0,1,1,0,0,-0.003116475722858658,-0.008417439534460598,0.00772396977805553,0.0010366827936547653,-1.0344020492940065,1.3731175111723806,21.481178396069698,True,0.664468,0.5894317074078187,79.298615
2024-06-03 11:15:00,2024-06-03 11:20:00,1,366.8,366.9,pivot,0.0999999999999659,0.122011,-0.12201100000003412,-3843.3465000010747,1.0,2024-06-03,366.9,0.0,366.9,367.0,366.8,0.0,2024,0.0,1.0,1.0,1.0,0,11,0,6,366.8,367.1,366.8,0.3949120408890578,79.92639218372587,0.9492254567917372,1.0314586378983868,-0.0822331811066496,365.94,367.1727120311864,364.70728796881366,366.59,366.3850000000001,365.94,362.8033333333333,365.87697730383246,1.0,0.0002726281352234,1,-0.0001363140676118,0,0.0008178844056706,1,0.0001363140676118,1,0.0,0,0.0,0,0.0,0,0.0001363140676118,1,2024-06-03 11:15:00,0.0002725909789264,0.0016366615764675,512.5562145025282,0.6549783980409806,0.1891677859325901,0.6549783980409806,0.3450216019590194,-9.972841337770875e-06,1.311867574700612e-05,0.0013716516366688,True,117.15868331367976,0.8471138883688387,0.5329230856504155,0.8471138883688387,0.1528861116311612,-4.948197944370029e-05,6.742878238344944e-05,0.0029445764995692,True,0,1,0,0.08223318110664957,1,1,1,1,0.8488243718901316,1,1,1,0,1,0,0,0.0023446019629226105,0.010896037804434914,0.0067214396465995994,0.0010766413328491215,-6.572601483645432,67.84346964279543,0.0,True,0.5401054,0.7072207153881027,42.537254
2024-06-03 11:20:00,2024-06-03 14:20:00,1,366.9,366.35,pivot,-0.5499999999999545,0.1219975,-0.7719974999999546,-24317.92124999857,1.0,2024-06-03,366.9,0.0,366.35,366.5,366.3,0.0,2024,0.0,1.0,1.0,1.0,0,11,0,6,366.9,367.0,366.8,0.3809897522541243,79.92639218372587,0.9283284812071884,1.0108326065601472,-0.0825041253529588,366.0375,367.2487955240469,364.8262044759532,366.71,366.47,366.0375,362.905,365.87697730383246,1.0,0.0001362769146906,1,-0.0002725538293812,0,0.0002725538293813,1,0.0001362769146906,1,-0.0002725538293812,0,-0.0004088307440718,0,-0.0001362769146905,0,-0.0001362769146905,0,2024-06-03 11:20:00,0.0,0.0016366615764675,563.6716934941286,0.5056575903717095,-0.0095641454406498,0.5056575903717095,0.4943424096282904,-9.972841337770875e-06,1.311867574700612e-05,0.0013716516366688,True,117.15868331367976,0.8471138883688387,0.5329230856504155,0.8471138883688387,0.1528861116311612,-4.948197944370029e-05,6.742878238344944e-05,0.0029445764995692,True,0,1,0,0.08250412535295881,1,1,1,1,0.8560237707798914,1,1,1,0,1,0,0,0.002350776778413613,0.01088852548378306,0.006602864671828,0.0010384021593189542,-6.594257079735865,68.41889162194546,-8.5854456255078,True,0.5372726,0.7072207153881027,41.414352
2024-07-05 11:25:00,2024-07-05 11:30:00,1,397.6,397.85,pivot,0.25,0.1238635,0.026136500000000003,823.2997500000001,1.0,2024-07-05,397.9,0.0,398.3,398.35,397.8,0.0,2024,0.0,1.0,1.0,1.0,1,11,4,7,397.6,398.25,397.55,0.5039927681426156,84.64089414934224,1.0798649727732936,1.015849622391069,0.0640153503822247,395.99,397.9218929922199,394.0581070077801,397.29,396.7,395.99,392.9166666666667,396.407867683836,1.0,0.0017605633802816,1,0.0005030181086518,1,-0.0006287726358148,0,0.0012575452716297,1,0.0044014084507042,1,0.0018863179074446,1,0.0005030181086518,1,0.0003772635814888,1,2024-07-05 11:25:00,0.0007542426504639,0.0041553922413924,286.2833574407056,0.8763794335307251,0.6920706928055472,0.8763794335307251,0.1236205664692748,1.5035213597014324e-05,2.505341002708904e-05,0.0010536340405932,True,9.801448567091969,0.976912439776291,1.723588965133985,0.976912439776291,0.0230875602237089,0.0001257639978934,0.000122578888942,0.0023397767298521,True,0,1,1,0.06401535038222472,1,1,1,1,0.916689745882352,1,1,1,0,1,0,0,0.004049295774647922,0.011779007377598936,0.009717771590643362,0.0012675874450266992,5.418316495634936,77.5894397490156,138.6443661971823,True,0.5103107,0.7055225553920703,42.950985
2024-07-05 11:30:00,2024-07-05 12:00:00,1,397.85,397.8,pivot,-0.0500000000000113,0.1238695,-0.2738695000000114,-8626.88925000036,1.0,2024-07-05,398.3,0.0,397.75,398.1,397.75,0.0,2024,0.0,1.0,1.0,2.0,1,11,4,7,397.85,398.35,397.8,0.5072789989895725,86.2408780728964,1.130000755537253,1.0386798490203055,0.0913209065169473,396.1875,398.2185419951439,394.1564580048561,397.64,396.9450000000001,396.1875,393.0625,396.5670809154525,1.0,0.0036445896694733,1,-0.0001256755058439,0,-0.001382430564283,0,0.0,0,0.0012567550584391,1,-0.0001256755058439,0,-0.0002513510116878,0,-0.0005027020233757,0,2024-07-05 11:30:00,0.0010047727547157,0.0044033536582699,164.56550030839972,0.9321944099643424,0.9298478474907872,0.9321944099643424,0.0678055900356576,1.5035213597014324e-05,2.505341002708904e-05,0.0010536340405932,True,6.894107408170048,0.978968021427416,1.8295654943104032,0.978968021427416,0.0210319785725838,0.0001257639978934,0.000122578888942,0.0023397767298521,True,0,1,1,0.09132090651694758,1,1,1,1,0.9092726797316296,1,1,1,0,1,0,0,0.004178710569310099,0.012033429684554536,0.010210089205197337,0.001275050896040147,7.875595164434421,78.41647430775124,39.58778434083165,True,0.52169746,0.7055225553920703,42.950985
2024-07-18 10:50:00,2024-07-18 13:10:00,-1,388.55,388.05,pivot,0.5,0.123298,0.276702,8716.113,1.0,2024-07-18,388.3,0.0,387.9,388.15,387.8,0.0,2024,0.0,1.0,1.0,1.0,1,10,3,7,388.55,388.55,388.0,0.5588476230969093,31.41311799715524,-0.7769828868100603,-0.8907149362609033,0.1137320494508429,389.0725,389.82955454584464,388.31544545415534,388.7600000000001,389.035,389.0725,392.31000000000006,389.8897385982636,-1.0,0.0006434178355424,1,0.0027023549092781,1,0.0028310384763866,1,0.002444987775061,1,0.0015442028053018,1,0.0021876206408442,1,0.0030884056106034,1,0.0027023549092781,1,2024-07-18 10:50:00,-0.0006436249176296,-0.0032139900392454,300.3179284365704,0.1315647306109647,-0.6854600978476205,0.1315647306109647,0.8684352693890353,2.170695780589252e-05,3.6933037256973447e-05,0.0009928483904804,True,20.28396794687131,0.0410442676394069,-1.5572863640313803,0.0410442676394069,0.9589557323605932,0.0001661424536347,0.000185347173701,0.0021828594223008,True,0,0,1,0.11373204945084292,0,0,0,0,0.1549125800327761,1,0,1,0,1,0,0,-0.001344743276283566,-0.009677004246557838,0.003896819178199218,0.001438290112204116,3.572678289457623,4.8662871558133505,48.6423883670067,True,0.5112922,0.5510114299895288,39.685516
2024-08-06 11:10:00,2024-08-06 11:25:00,1,342.15,341.75,pivot,-0.3999999999999772,0.120517,-0.6205169999999773,-19546.285499999285,1.0,2024-08-06,342.4,0.0,342.8,343.4,341.5,0.0,2024,0.0,1.0,0.0,0.0,1,11,1,8,342.15,342.65,340.85,2.2450053574829574,44.68942641506444,-0.3290372824383212,0.4223657232200495,-0.7514030056583707,345.995,352.99536841154367,338.99463158845634,342.97,342.92,345.995,340.99,344.4897235248244,-1.0,0.0001461347362268,1,0.0033610989332165,1,0.0026304252520825,1,0.0115446441619174,1,0.0018997515709485,1,-0.0010229431535875,0,0.0046763115592577,1,0.0059915241852988,1,2024-08-06 11:10:00,0.0008765522840279,-0.0010216741748368,213.96562480996604,0.8955918319868991,0.7999367912495359,0.8955918319868991,0.1044081680131009,-7.917723070744808e-06,-3.251409558737959e-06,0.0010998415164933,True,189.62318498007085,0.2383755990401192,-0.4167505676116942,0.2383755990401192,0.7616244009598807,5.201947331688204e-05,-1.476158359289545e-05,0.0024161037068631,True,0,0,0,0.7514030056583707,0,1,0,0,0.22537159661057318,1,0,1,0,0,1,0,-0.011237761215841085,0.003390325880461693,0.04091987965245455,0.006561465314870547,-33.579769329428004,10.071727382773796,59.842174484877745,True,0.511397,0.5455716876012606,43.233604
2024-08-06 13:45:00,2024-08-06 14:30:00,-1,343.85,344.15,pivot,-0.2999999999999545,0.12064,-0.5206399999999546,-16400.15999999857,1.0,2024-08-06,343.35,0.0,344.3,344.7,343.5,0.0,2024,0.0,1.0,1.0,1.0,1,13,1,8,343.85,344.25,343.1,1.2438619084787128,41.6865619696425,0.0298758976548469,0.3910466706393984,-0.3611707729845514,345.2075,347.9469342486236,342.46806575137634,344.0,345.34,345.2075,345.42833333333334,344.4897235248244,-1.0,0.0029082448742184,1,0.0061073142358587,1,-0.0005816489748436,0,0.005671077504726,1,0.0040715428239058,1,0.0043623673113276,1,0.002035771411953,1,0.0004362367311328,1,2024-08-06 13:45:00,-0.001600582371535,-0.0104303422788723,41.09507122439083,0.0223966118944212,-1.452328301871246,0.0223966118944212,0.9776033881055788,-7.917723070744808e-06,-3.251409558737959e-06,0.0010998415164933,True,1.2744696935464723,0.002435354291128,-4.310899679385936,0.002435354291128,0.997564645708872,5.201947331688204e-05,-1.476158359289545e-05,0.0024161037068631,True,0,0,0,0.3611707729845515,0,0,0,0,0.25222986266562125,1,0,0,1,1,0,0,-0.0039479424167513716,-0.00459017982647468,0.01593389122363611,0.003617455019568744,-15.055967809644185,10.514595800604837,128.2535989530327,True,0.5528428,0.49717925642368405,44.390434
2024-08-07 10:30:00,2024-08-07 10:35:00,1,347.95,349.55,pivot,1.6000000000000227,0.120925,1.379075000000023,43440.86250000072,1.0,2024-08-07,349.55,0.0,349.5,349.8,348.95,0.0,2024,0.0,1.0,2.0,2.0,1,10,2,8,347.95,349.7,347.8,1.4975626737344594,73.1459290693137,1.2247568298442388,0.835240416562558,0.3895164132816808,345.31250000000006,349.58873481734446,341.03626518265565,347.41,346.57000000000005,345.31250000000006,344.38416666666666,344.3372307820438,1.0,0.0044546630262969,1,0.0133639890788907,1,0.0139387843080903,1,0.0136513866934904,1,0.0114959045839919,1,0.0155194711883892,1,0.0071849403649949,1,0.0103463141255928,1,2024-08-07 10:30:00,0.004587821667135,0.0120882174230123,1.056820075579522,0.99933604850434,4.17430421369403,0.99933604850434,0.0006639514956601,-7.917723070744808e-06,-3.251409558737959e-06,0.0010998415164933,True,0.6801738923585161,1.0,5.009296154062332,1.0,0.0,5.201947331688204e-05,-1.476158359289545e-05,0.0024161037068631,True,0,1,1,0.38951641328168085,1,1,1,1,0.808390454764345,0,1,1,0,0,0,0,0.007580112085069498,0.010248119940604485,0.024579593719467753,0.004303959401449804,28.491539937235302,59.130470864503025,362.12099439574484,True,0.5269839,0.6987242583960499,38.383167
2024-08-07 10:35:00,2024-08-07 10:55:00,1,349.55,353.3,pivot,3.75,0.1210855,3.5289145,111160.80675,1.0,2024-08-07,349.5,0.0,352.6,353.75,351.9,0.0,2024,0.0,1.0,2.0,2.0,1,10,2,8,349.55,349.8,348.95,1.4513081970391424,72.75166568106476,1.368939083708085,0.9419801499916636,0.4269589337164216,345.815,349.51352033037074,342.11647966962926,348.17,346.915,345.815,344.46083333333337,345.1485077038394,1.0,0.0041481905306822,1,0.0025747389500786,1,0.0092976684308396,1,0.006865970533543,1,0.0108711200114433,1,0.008725504219711,1,0.0057216421112859,1,0.0042912315834644,1,2024-08-07 10:35:00,-0.0001430512841292,0.0109322147462861,607.1676735984875,0.4160693150841173,-0.1271091084252195,0.4160693150841173,0.5839306849158827,-7.917723070744808e-06,-3.251409558737959e-06,0.0010998415164933,True,0.7395921132462403,0.9993244761854015,4.530838762749825,0.9993244761854015,0.0006755238145983,5.201947331688204e-05,-1.476158359289545e-05,0.0024161037068631,True,0,1,1,0.42695893371642146,1,1,1,1,1.0049316573076152,0,1,1,0,0,0,0,0.01068516664282653,0.014559195155676276,0.021161609671696415,0.004151933048316814,31.061973605280993,73.11045196476196,342.44028036046393,True,0.51760876,0.7288248331086936,45.615677
2024-08-08 12:20:00,2024-08-08 12:50:00,-1,347.6,349.4,pivot,-1.7999999999999543,0.12091,-2.0209099999999545,-63658.66499999857,1.0,2024-08-08,348.75,0.0,348.35,349.5,348.25,0.0,2024,0.0,1.0,1.0,2.0,0,12,3,8,347.6,348.75,347.55,0.8783930399378704,68.57043594682342,0.6769269639325444,0.375640289649631,0.3012866742829133,346.2125,348.3533003920064,344.07169960799354,347.65,346.9,346.2125,346.3025,346.7874433292174,1.0,-0.0031645569620252,0,-0.0050345224395857,0,0.0011507479861911,1,0.0010069044879172,1,-0.0027330264672036,0,-0.0040276179516685,0,-0.0021576524741081,0,-0.001006904487917,0,2024-08-08 12:20:00,0.0034467935890805,0.0058954804445976,0.7729066677988649,0.9983088497318956,3.136856489686917,0.9983088497318956,0.0016911502681045,-7.917723070744808e-06,-3.251409558737959e-06,0.0010998415164933,True,5.615366276753737,0.9832379676243796,2.4461872275606584,0.9832379676243796,0.0167620323756204,5.201947331688204e-05,-1.476158359289545e-05,0.0024161037068631,True,0,0,1,0.3012866742829134,1,1,0,1,0.8240610393152131,0,1,0,1,1,0,0,0.0039916570771002455,0.003732738780207174,0.01231760869969183,0.0025270225544817906,20.659358600547957,56.50622471263656,-86.0903337169134,True,0.5033973,0.5287113894278084,36.614906
2024-08-14 11:15:00,2024-08-14 14:20:00,-1,359.95,360.05,pivot,-0.1000000000000227,0.1216,-0.32160000000002276,-10130.400000000716,1.0,2024-08-14,360.05,0.0,360.05,360.2,359.95,0.0,2024,0.0,1.0,1.0,1.0,1,11,2,8,359.95,360.25,359.6,0.6008151981809836,43.38468994315122,0.1710445503890696,0.4052997328920472,-0.2342551825029776,360.94,361.8739221221612,360.00607787783883,360.6,361.025,360.94,359.1791666666667,360.1984159002549,-1.0,0.0002778163633837,1,-0.0008334490901514,0,-0.0005556327267675,0,-0.0001389081816919,0,0.0005556327267675,1,-0.0002778163633838,0,-0.0005556327267675,0,-0.0011112654535353,0,2024-08-14 11:15:00,0.0002777777795639,-0.004157433926085,397.4265895202684,0.6345382097910959,0.1489114968988161,0.6345382097910959,0.3654617902089041,-4.228272655004901e-05,-5.993834192703626e-05,0.0022678982383776,True,24.42629065946967,0.081423700985882,-0.8108014706823752,0.081423700985882,0.918576299014118,-0.00012599043842,-0.0003018317355362,0.0047552974802869,True,0,0,0,0.23425518250297758,0,1,0,0,-0.030022780544632206,1,0,1,0,1,0,0,-0.002750381997499678,0.0021415011344167647,0.00518917695325013,0.0016691629342435994,-10.163088460467987,-1.3025290251601411,17.50243089317625,True,0.506649,0.5486381918214556,37.034748
2024-09-04 14:15:00,2024-09-04 15:45:00,-1,346.35,346.8,eod,-0.4499999999999886,0.1207945,-0.6707944999999887,-21130.026749999644,1.0,2024-09-04,346.4,0.0,346.8,346.8,346.8,0.0,2024,0.0,1.0,1.0,1.0,0,14,2,9,346.35,346.65,346.2,0.4428849281614976,28.058423786621177,-0.5561705231257861,-0.5112783120547357,-0.0448922110710503,347.2575,348.2102108151675,346.3047891848325,346.6,347.055,347.2575,348.4266666666666,347.5848989126207,-1.0,-0.0014436263894903,0,-0.0011549011115922,0,-0.0015879890284393,0,-0.0095279341706365,0,-0.0020210769452865,0,-0.0017323516673883,0,0.000144362638949,1,-0.000433087916847,0,2024-09-04 14:15:00,0.0002887252799037,-0.0024508049461731,388.5862507282485,0.6305225471044729,0.1323297803669968,0.6305225471044729,0.3694774528955271,-3.0007372948386592e-05,-1.9914432248426454e-05,0.0023323526366941,True,76.816126227964,0.1569638221379611,-0.4811934098308303,0.1569638221379611,0.8430361778620389,-7.583197737461589e-05,-0.0001033892971574,0.0048783204446647,True,1,0,0,0.04489221107105035,0,0,0,0,0.02372745981664284,1,0,0,1,1,0,0,-0.00262018189692499,-0.005995861604349926,0.0055014338973148925,0.0012787207396029957,-1.2596046829499763,0.6657551229153896,-63.66392377652475,True,0.54480195,0.5315219068721105,39.629593
2024-09-05 14:35:00,2024-09-05 15:45:00,1,346.15,346.1,eod,-0.0499999999999545,0.1207675,-0.27076749999995453,-8529.176249998567,1.0,2024-09-05,346.6,0.0,346.1,346.1,346.1,0.0,2024,0.0,1.0,1.0,1.0,1,14,3,9,346.15,346.9,346.1,0.5929550944801981,54.32831701127718,-0.4280721292716976,-0.6295534483528453,0.2014813190811477,345.8125,347.1057517165888,344.5192482834112,345.79,345.45,345.8125,347.93833333333333,346.11932284223343,1.0,0.0007222302470027,1,0.0002888920988011,1,0.0,0,-0.0062111801242235,0,0.0004333381482017,1,0.0004333381482017,1,0.0002888920988011,1,-0.0001444460494004,0,2024-09-05 14:35:00,0.0012991701574714,0.0036129817465236,137.00380919654924,0.897006950643014,0.5655596709379039,0.897006950643014,0.102993049356986,-3.0007372948386592e-05,-1.9914432248426454e-05,0.0023323526366941,True,34.06836633694259,0.9211614372043324,0.7618136376722755,0.9211614372043324,0.0788385627956674,-7.583197737461589e-05,-0.0001033892971574,0.0048783204446647,True,0,0,1,0.20148131908114775,1,0,1,1,0.6304850384773474,1,1,0,1,1,0,0,0.0009750108334536394,-0.005166353700226362,0.007472204053669376,0.0017130004173918768,10.94614097489088,34.25319104126462,13.65015166835355,True,0.545782,0.5587053877409164,51.682682
2024-09-11 15:00:00,2024-09-11 15:45:00,1,334.15,335.85,eod,1.7000000000000457,0.1201,1.4799000000000455,46616.85000000143,1.0,2024-09-11,334.75,0.0,335.85,335.85,335.85,0.0,2024,0.0,1.0,1.0,1.0,1,15,2,9,334.15,334.8,334.15,0.565915165449949,50.79425143115472,-0.3404642340636883,-0.4352063043283581,0.0947420702646698,334.46500000000003,335.70261230272433,333.22738769727573,334.34,334.02000000000004,334.46500000000003,335.4941666666667,334.930701209746,-1.0,0.0032919347598384,1,0.0049379021397576,1,0.019003441568158,1,0.0199012419572049,1,0.0035912015561874,1,0.0038904683525363,1,0.0055364357324555,1,0.0050875355379322,1,2024-09-11 15:00:00,0.0016443684099886,0.0041909955072126,84.33846924441784,0.9289979413102336,0.6946417749506053,0.9289979413102336,0.0710020586897665,-4.165703573276111e-05,-5.040926901165967e-05,0.0024397865779391,True,25.61381828276519,0.93704065249085,0.8688876027270986,0.93704065249085,0.0629593475091501,-0.0001485185496086,-0.0002555005715999,0.0051174583051442,True,0,0,1,0.0947420702646698,0,0,0,1,0.3727388216379802,1,0,0,0,1,0,0,-0.0009426904084993404,-0.004022644520923821,0.007407525379166849,0.0016935961856948947,4.812352538131765,18.932989424431902,113.1228490199031,True,0.50949395,0.5842887353113285,45.61837
2024-09-30 10:50:00,2024-09-30 12:40:00,-1,351.9,351.85,pivot,0.0499999999999545,0.1211125,-0.17111250000004546,-5390.043750001432,1.0,2024-09-30,351.7,0.0,351.9,352.2,351.8,0.0,2024,0.0,1.0,1.0,0.0,1,10,0,9,351.9,351.9,351.35,0.7935588196187604,30.279583004858225,-1.071088457594442,-1.0807577453810715,0.0096692877866297,353.19,354.867278498381,351.512721501619,352.51,352.585,353.19,356.26,353.9609299001576,-1.0,0.000142085819835,1,0.0021312872975277,1,0.0021312872975277,1,-0.0001420858198352,0,0.0024154589371979,1,0.0026996305768683,1,0.0022733731173627,1,0.0018471156578572,1,2024-09-30 10:50:00,-0.0005685048476027,-0.0029810512529866,358.4839629745999,0.2587744032230591,-0.3409989143277223,0.2587744032230591,0.7412255967769408,-6.875210995159331e-06,-2.142099032483759e-05,0.0016043565955523,True,53.48287017733768,0.0878523998941599,-0.8298497469444412,0.0878523998941599,0.91214760010584,-2.5007155890082943e-05,-0.0001013481224459,0.0034701500375748,True,0,0,1,0.009669287786629566,0,0,0,0,0.1154484776245539,1,0,1,0,1,0,0,-0.003665814151747714,-0.012389883489627775,0.00953269962137531,0.002255069109459393,0.29278200213311584,3.4957317610171974,76.08695652173385,True,0.5206434,0.5333788612790901,47.385014
2024-10-02 10:30:00,2024-10-02 10:55:00,1,345.3,344.75,pivot,-0.5500000000000114,0.1207015,-0.7707015000000114,-24277.09725000036,1.0,2024-10-02,345.25,0.0,345.15,345.15,344.45,0.0,2024,0.0,1.0,1.0,2.0,0,10,2,10,345.3,345.6,345.1,0.9088858224034928,55.62505393906023,-0.4855588870290717,-1.066839035442677,0.5812801484136054,342.9975,345.2154827255009,340.7795172744991,344.48,343.755,342.9975,347.6641666666667,344.8452322997666,1.0,-0.0001448016217781,0,-0.0004344048653345,0,0.0007240081088908,1,0.0011584129742252,1,-0.0014480162177816,0,-0.0014480162177816,0,0.0011584129742252,1,0.0011584129742252,1,2024-10-02 10:30:00,0.0,0.0044996084336133,462.82362390063525,0.5031952342453063,0.0133517638062642,0.5031952342453063,0.4968047657546937,-6.875210995159331e-06,-2.142099032483759e-05,0.0016043565955523,True,17.240289179292915,0.9611248102763632,1.3258667510741715,0.9611248102763632,0.0388751897236369,-2.5007155890082943e-05,-0.0001013481224459,0.0034701500375748,True,0,0,1,0.5812801484136054,1,0,1,1,1.0190527350658252,0,1,1,0,1,0,0,0.006668114682884475,-0.006846703349744212,0.012846699829139399,0.0026321628219041202,32.33373960921174,56.68486335478338,-45.612510860120395,True,0.52132326,0.5819925238727968,71.1371
2024-10-02 10:55:00,2024-10-02 11:45:00,1,344.75,344.4,pivot,-0.3500000000000227,0.1206745,-0.5706745000000227,-17976.246750000715,1.0,2024-10-02,345.15,0.0,344.45,344.6,344.25,0.0,2024,0.0,1.0,1.0,1.0,1,10,2,10,344.75,345.15,344.45,0.8313185050456291,54.4538005536238,-0.1020234578339227,-0.4885303349693654,0.3865068771354427,343.6375,346.1206802618398,341.1543197381601,344.87,344.675,343.6375,347.0725,344.8452322997666,1.0,0.0027556200145032,1,0.0023205221174764,1,-0.0008701957940536,0,0.0060913705583757,1,0.0027556200145032,1,0.0017403915881073,1,0.0023205221174764,1,0.001595358955765,1,2024-10-02 10:55:00,0.0010145663599464,-0.000289687139917,206.17619856750247,0.870657607369966,0.6457338431762887,0.870657607369966,0.129342392630034,-6.875210995159331e-06,-2.142099032483759e-05,0.0016043565955523,True,205.5018638839505,0.4448932860153595,-0.0542740271837737,0.4448932860153595,0.5551067139846404,-2.5007155890082943e-05,-0.0001013481224459,0.0034701500375748,True,0,0,1,0.3865068771354427,1,0,0,1,0.7240070962821997,0,0,1,0,1,0,0,0.0032269760696156963,-0.006736765772298741,0.014405686798200798,0.0024113662220322817,21.046768400137374,39.42493802035921,86.8020304568508,True,0.55428755,0.5058195230119612,45.841198
2024-10-04 10:50:00,2024-10-04 11:00:00,1,346.5,346.2,pivot,-0.3000000000000113,0.120781,-0.5207810000000115,-16404.60150000036,1.0,2024-10-04,346.25,0.0,345.45,346.25,345.3,0.0,2024,0.0,1.0,1.0,2.0,0,10,4,10,346.5,346.55,345.95,0.7789182459423348,73.27320628148789,0.694606282547511,0.4375995176022633,0.2570067649452476,344.35,346.9192513761628,341.78074862383727,345.84,345.39,344.35,344.2258333333333,344.4464492490602,1.0,-0.001010101010101,0,-0.0040404040404039,0,-0.0023088023088023,0,-0.0069264069264068,0,-0.0040404040404039,0,-0.0043290043290043,0,-0.0034632034632034,0,-0.0024531024531025,0,2024-10-04 10:50:00,-0.0008660508624455,0.0036166404701885,251.9132139456544,0.1670426553579556,-0.5264601862591924,0.1670426553579556,0.8329573446420444,-6.875210995159331e-06,-2.142099032483759e-05,0.0016043565955523,True,32.97902487924389,0.9397556772020697,1.0714201266158585,0.9397556772020697,0.0602443227979303,-2.5007155890082943e-05,-0.0001013481224459,0.0034701500375748,True,0,1,1,0.2570067649452477,1,1,1,1,0.9184098177289021,0,1,1,0,1,0,0,0.006204906204906139,0.006563251563251664,0.014829733772945188,0.002247960305749884,18.831709703570997,67.29483202539353,-127.27272727272285,True,0.6154461,0.5334857908626061,37.81769
2024-10-07 13:35:00,2024-10-07 14:40:00,1,349.5,348.85,pivot,-0.6499999999999773,0.1209505,-0.8709504999999772,-27434.94074999928,1.0,2024-10-07,349.3,0.0,348.55,349.05,348.5,0.0,2024,0.0,1.0,1.0,1.0,0,13,0,10,349.5,349.7,349.15,0.4739468980937306,76.6082770934217,0.72865623832746,0.5422079007749075,0.1864483375525524,347.58,349.2537603433258,345.9062396566742,348.82,348.12,347.58,346.0975,347.9810839076067,1.0,-0.0004291845493561,0,-0.0008583690987124,0,0.0004291845493561,1,-0.0031473533619457,0,-0.0002861230329042,0,0.0002861230329042,1,-0.0008583690987124,0,-0.0015736766809728,0,2024-10-07 13:35:00,-0.0005724098610786,0.0048787584215493,357.1666542681648,0.2573655543482033,-0.3434329202630423,0.2573655543482033,0.7426344456517966,-6.875210995159331e-06,-2.142099032483759e-05,0.0016043565955523,True,13.435130856574434,0.9669081030227008,1.4351271530252698,0.9669081030227008,0.0330918969772993,-2.5007155890082943e-05,-0.0001013481224459,0.0034701500375748,True,0,1,1,0.1864483375525524,1,1,1,1,1.0735588155305844,0,1,0,1,1,0,0,0.005493562231759702,0.009735336194563592,0.009578027715741321,0.0013560712391809172,14.283485906833759,82.24349121625261,-9.0128755364823,True,0.6174471,0.5431091329654757,37.22856
2024-10-24 10:35:00,2024-10-24 11:15:00,1,346.0,345.65,pivot,-0.3500000000000227,0.1207495,-0.5707495000000227,-17978.609250000714,1.0,2024-10-24,346.25,0.0,346.15,346.2,345.65,0.0,2024,0.0,1.0,1.0,1.0,1,10,3,10,346.0,346.4,345.95,0.5847658568726921,52.0329124798872,-0.3195105841079453,-0.4734104780465757,0.1538998939386304,345.5475,346.4847271545941,344.6102728454059,345.7,345.75,345.5475,347.2125,346.524277519647,-1.0,-0.0002890173410405,0,-0.0008670520231214,0,-0.0007225433526011,0,0.0027456647398843,1,0.0018786127167629,1,0.0007225433526011,1,-0.0008670520231214,0,-0.0008670520231214,0,2024-10-24 10:35:00,0.000722282443824,0.0026026619665662,315.6843121297018,0.7785778145606989,0.467952772942274,0.7785778145606989,0.2214221854393011,9.54734284696812e-06,3.4517611559269653e-06,0.0015361180106883,True,77.42129815401212,0.870704896910856,0.7772006669174928,0.870704896910856,0.129295103089144,-1.4977823775957088e-05,1.720352380529689e-05,0.0033266292127814,True,0,0,1,0.1538998939386304,1,0,1,1,0.7414035902512657,1,0,1,0,1,0,0,0.001307803468208053,-0.0035043352601155414,0.00541749800343409,0.001690074730845931,8.007859711972678,38.57738812381826,59.17630057803135,True,0.53812844,0.5792199956981535,47.085567
2024-11-01 10:40:00,2024-11-01 11:30:00,1,339.55,340.35,pivot,0.8000000000000114,0.120397,0.5796030000000114,18257.49450000036,1.0,2024-11-01,339.7,0.0,340.4,340.55,340.15,0.0,2024,0.0,1.0,1.0,1.0,1,10,4,11,339.55,339.9,339.5,0.6538166277109941,50.71812986561949,-0.3152268400014577,-0.50038831608338,0.1851614760819222,339.135,339.82789628725044,338.44210371274954,339.38,339.15500000000003,339.135,341.1633333333333,340.2328500514007,-1.0,-0.0002945074363128,0,0.001178029745251,1,0.0025033132086584,1,0.0023560594905021,1,0.0014725371815638,1,0.001178029745251,1,0.001178029745251,1,0.0019142983360329,1,2024-11-01 10:40:00,0.0002944207293459,0.001915286036687,438.7998389842066,0.6354872847515894,0.2346374131876635,0.6354872847515894,0.3645127152484105,1.0767702665325575e-06,-3.805575921278019e-06,0.0012710091763104,True,107.75641612617372,0.8268596810916674,0.6966745079150858,0.8268596810916674,0.1731403189083326,-3.0410661878427742e-05,-2.00932025009394e-05,0.0027780250564641,True,0,0,1,0.1851614760819223,1,0,1,1,0.7994676170418114,1,0,1,0,1,0,0,0.0012222058606980429,-0.0047513866391791695,0.004081262183775282,0.0019255385884582362,9.391043790032727,40.54750242448394,46.384921219259695,True,0.50949395,0.5726717772820663,45.013695
2024-11-06 13:05:00,2024-11-06 13:45:00,-1,339.1,339.8,pivot,-0.6999999999999886,0.120367,-0.9203669999999887,-28991.560499999643,1.0,2024-11-06,339.0,0.0,340.25,340.35,339.65,0.0,2024,0.0,1.0,1.0,0.0,0,13,2,11,339.1,339.25,338.7,0.6691585529385581,22.17374702747605,-1.0930373298023142,-0.7298143472032,-0.3632229825991141,341.94,345.561514658691,338.318485341309,339.49,340.43,341.94,342.82916666666665,341.066223814968,-1.0,-0.0022117369507519,0,-0.0016219404305513,0,-0.0023591860808019,0,-0.0026540843409023,0,-0.0004423473901503,0,-0.0004423473901503,0,-0.0016219404305513,0,-0.0020642878207018,0,2024-11-06 13:05:00,-0.0002949417511427,-0.0044150182091168,434.42845207595576,0.3606136518594693,-0.2300901910099711,0.3606136518594693,0.6393863481405306,5.741967967223662e-06,-1.4977830775122945e-05,0.0012167573034674,True,15.952763349289606,0.0331330499967972,-1.6617788053719,0.0331330499967972,0.9668669500032028,8.324675630715213e-06,-8.681697054878426e-05,0.0026045591775371,True,1,0,0,0.3632229825991141,0,0,0,0,0.1078988672343955,1,0,0,1,1,0,0,-0.008375110586847463,-0.010997247616238952,0.02135956743551172,0.001973336929927921,-8.054014530718092,2.39252218660671,-13.933942789734449,True,0.51492846,0.5339989097252255,36.92003
2024-11-27 15:30:00,2024-11-27 15:45:00,1,333.15,333.5,eod,0.3500000000000227,0.1199995,0.13000050000002275,4095.0157500007163,1.0,2024-11-27,333.5,0.0,333.5,333.5,333.5,0.0,2024,0.0,1.0,1.0,1.0,0,15,2,11,333.15,333.5,333.0,0.3480358487315295,59.61122159724685,-0.1714497036325042,-0.3196261568967691,0.1481764532642648,332.74750000000006,333.4542159043277,332.0407840956724,332.94,332.625,332.74750000000006,333.8641666666667,333.1867765315179,1.0,0.0010505778177998,1,-0.0049527239981989,0,-0.0016509079993995,0,0.0010505778177998,1,-0.0025514032717993,0,-0.003902146180399,0,-0.004352393816599,0,-0.004352393816599,0,2024-11-27 15:30:00,0.0012001201560444,0.0033038023743852,154.8473774241845,0.9036183623374702,0.8619842558128393,0.9036183623374702,0.0963816376625298,1.1897660928294285e-05,-2.8608792843847467e-05,0.0014254656516081,True,44.091686429262325,0.9291471771388582,0.9188982511996124,0.9291471771388582,0.0708528228611418,7.1014419916625134e-06,-0.0001487819835998,0.0037573086611905,True,0,0,1,0.1481764532642649,1,0,1,1,0.7847678943795926,1,0,0,0,1,0,0,0.0012081644904695127,-0.0021436790234630027,0.004242628871845512,0.0010446821213613373,8.83297939103018,46.78097285426671,-80.36920306167795,True,0.658227,0.5069743795533963,42.839493
2024-11-29 12:10:00,2024-11-29 14:25:00,1,326.55,327.25,pivot,0.6999999999999886,0.119614,0.48038599999998866,15132.158999999643,1.0,2024-11-29,326.7,0.0,326.8,327.25,326.8,0.0,2024,0.0,1.0,1.0,1.0,0,12,4,11,326.55,326.85,326.5,0.5155680003730487,56.40768593528756,-0.153120125954274,-0.3911511360283947,0.2380310100741206,325.8375,326.5800950232911,325.09490497670885,326.22,325.935,325.8375,327.99666666666667,326.67074155851867,1.0,0.0013780431786862,1,0.0004593477262286,1,0.0003062318174857,1,0.003521665901087,1,-0.0001531159087429,0,0.0003062318174857,1,0.0007655795437145,1,-0.0001531159087429,0,2024-11-29 12:10:00,0.0004592422583582,0.0044482012144097,409.2085851055281,0.7101353499142846,0.3477112995322765,0.7101353499142846,0.2898646500857154,1.2866847037248737e-05,-2.550711037966476e-05,0.0013941145122117,True,19.30113205330746,0.9631139718298528,1.237086015902453,0.9631139718298528,0.0368860281701473,1.0645304592970851e-05,-0.0001204403509756,0.0036930670193152,True,0,0,1,0.2380310100741207,1,0,1,1,0.9797365843109767,1,0,0,1,1,0,0,0.0021819016995866915,-0.00443015362629508,0.0045481244727676035,0.0015788332579177728,13.426778459120264,55.26467354712495,-4.82315112540135,True,0.6061302,0.5015319192175234,35.62033
2024-12-10 10:50:00,2024-12-10 11:00:00,-1,320.15,320.35,pivot,-0.2000000000000454,0.119215,-0.41921500000004547,-13205.272500001432,1.0,2024-12-10,320.55,0.0,320.45,320.55,320.25,0.0,2024,0.0,1.0,1.0,1.0,0,10,1,12,320.15,320.6,320.15,0.563761899148225,67.20777817068434,0.9057326019961351,1.0376494544922477,-0.1319168524961125,319.96750000000003,321.1261175971244,318.80888240287567,320.35,320.41,319.96750000000003,316.915,318.896154001824,1.0,-0.0006247071685149,0,-0.0010932375449008,0,-0.0023426518819303,0,0.0006247071685147,1,-0.0017179447134156,0,-0.0009370607527721,0,-0.0017179447134156,0,-0.002498828674059,0,2024-12-10 10:50:00,0.0014048234574489,0.0003120124830305,106.11013782596396,0.9264277651817004,0.928496660746972,0.9264277651817004,0.0735722348182995,-6.416194741864383e-06,-3.330343684358282e-05,0.0015488767543176,True,192.2695187861765,0.5680146805937376,0.12163140886357,0.5680146805937376,0.4319853194062624,-3.562900430598344e-05,-0.0001658693527143,0.0039289344767922,True,0,0,0,0.1319168524961125,1,1,0,0,0.5787576506920422,1,1,1,0,1,0,0,0.000570045291269554,0.010104638450726088,0.007237967184909337,0.0017609304986669532,-8.865838559533616,38.89701580229718,-54.1152584725914,True,0.50783134,0.7559758271676115,51.717194
2024-12-23 10:55:00,2024-12-23 11:10:00,1,322.75,322.7,pivot,-0.0500000000000113,0.1193635,-0.26936350000001136,-8484.950250000358,1.0,2024-12-23,322.95,0.0,322.9,322.95,322.65,0.0,2024,0.0,1.0,1.0,2.0,1,10,0,12,322.75,323.25,322.75,0.5804765002337783,76.04147743240298,1.1784462530104065,1.0864336448598075,0.0920126081505989,320.975,323.6697317022271,318.2802682977728,322.64,322.17,320.975,318.09666666666664,321.3360589481462,1.0,-0.0007745933384972,0,-0.0001549186676994,0,0.0,0,0.0010844306738962,1,0.0004647560030983,1,0.0006196746707977,1,-0.0004647560030983,0,0.0,0,2024-12-23 10:55:00,0.0006194827517298,0.0018596007218524,328.67275533940773,0.7543238781863747,0.3965322005734366,0.7543238781863747,0.2456761218136253,4.719225487347209e-07,-1.9508519137935704e-05,0.0016114486287461,True,110.56560422108646,0.7932192248914958,0.4807909123252675,0.7932192248914958,0.2067807751085042,-2.912475264708951e-06,-9.205996829430113e-05,0.0040592711719691,True,0,1,1,0.09201260815059897,1,1,1,1,0.8293463313125052,0,1,1,0,1,0,0,0.005499612703330681,0.014417764007229635,0.01669856980466094,0.0017985329209412185,6.996774666180306,63.064720336146074,14.639814097596451,True,0.53720975,0.7264329169796147,38.507717
2024-12-23 11:10:00,2024-12-23 14:00:00,1,322.7,323.05,pivot,0.3500000000000227,0.1193725,0.13062750000002274,4114.766250000716,1.0,2024-12-23,322.9,0.0,323.15,323.25,323.0,0.0,2024,0.0,1.0,1.0,1.0,0,11,0,12,322.7,322.95,322.65,0.5591497343344095,71.58173811843491,1.0940113838435082,1.098987444008536,-0.0049760601650277,321.4725,324.02252063968854,318.9224793603114,322.77,322.535,321.4725,318.4291666666667,321.3360589481462,1.0,0.0007747133560582,1,0.0006197706848465,1,0.0020142547257515,1,0.0020142547257515,1,-0.0003098853424231,0,0.0001549426712116,1,-0.0001549426712116,0,0.0001549426712116,1,2024-12-23 11:10:00,0.0004646480374776,0.0007745333823807,377.4762369769334,0.6995037913340046,0.3004480242055768,0.6995037913340046,0.3004962086659953,4.719225487347209e-07,-1.9508519137935704e-05,0.0016114486287461,True,168.4977398598905,0.6403693197846513,0.2134849616993326,0.6403693197846513,0.3596306802153487,-2.912475264708951e-06,-9.205996829430113e-05,0.0040592711719691,True,0,1,0,0.00497606016502794,1,1,0,1,0.7406843264119489,0,1,1,0,1,0,0,0.0038038425782459364,0.013234686499328524,0.015804280382327666,0.001732723068901176,-0.3561950355945888,53.01947148164949,-9.76138828632765,True,0.5100298,0.7288248331086936,38.025993
2024-12-30 11:15:00,2024-12-30 14:35:00,-1,321.65,320.15,pivot,1.5,0.119254,1.2807460000000002,40343.499,1.0,2024-12-30,321.45,0.0,320.05,320.3,320.05,0.0,2024,0.0,1.0,1.0,1.0,1,11,0,12,321.65,321.85,321.45,0.4285235639224558,44.37620470299441,0.2506784046682924,0.4468328718018844,-0.196154467133592,322.26750000000004,323.00966964991045,321.52533035008963,321.9,322.24,322.26750000000004,320.6708333333333,321.4031388876166,1.0,-0.0001554484688326,0,0.0010881392818279,1,0.0024871755013211,1,0.003264417845484,1,0.0004663454064976,1,0.0012435877506605,1,0.0004663454064976,1,0.0009326908129953,1,2024-12-30 11:15:00,-0.0006219872693136,-0.0031060748686906,341.38088017639035,0.2341524374470293,-0.4271608493826466,0.2341524374470293,0.7658475625529707,-4.681387056777516e-06,-9.756781891933756e-06,0.0014332551503878,True,45.79751316421943,0.0736331228074358,-0.9799312111046006,0.0736331228074358,0.9263668771925642,-6.101232877103471e-06,-5.002537066031658e-05,0.0031186367608247,True,0,0,0,0.19615446713359203,0,1,0,0,0.08398999469015916,1,1,1,0,1,0,0,-0.0019197885900825858,0.00304419918130479,0.004614765427703458,0.0013322666374085367,-8.704590786927067,3.7271571973739164,14.6898803046744,True,0.5069953,0.5421444494321144,39.19019
2025-01-02 11:45:00,2025-01-02 12:15:00,1,317.6,317.1,pivot,-0.5,0.119041,-0.7190409999999999,-22649.7915,1.0,2025-01-02,317.9,0.0,316.85,317.2,316.85,0.0,2025,0.0,1.0,1.0,1.0,0,11,3,1,317.6,318.05,317.5,0.6018814613531661,51.12144821160585,-0.2917260596177584,-0.4351793382909825,0.143453278673224,317.5625,318.72456485879826,316.40043514120174,317.54,317.305,317.5625,318.95,318.0743404264722,-1.0,0.0004722921914356,1,-0.0015743073047858,0,-0.0020465994962217,0,-0.0045654911838792,0,-0.0011020151133501,0,-0.0014168765743074,0,-0.0023614609571788,0,-0.0015743073047858,0,2025-01-02 11:45:00,0.0011015816677731,0.0036240487155085,175.5585471924444,0.8858374363426753,0.775394701609367,0.8858374363426753,0.1141625636573246,-4.681387056777516e-06,-9.756781891933756e-06,0.0014332551503878,True,35.321801149131744,0.930327834991538,1.1781026031377866,0.930327834991538,0.0696721650084618,-6.101232877103471e-06,-5.002537066031658e-05,0.0031186367608247,True,0,0,1,0.1434532786732241,1,0,1,1,0.5161350718576944,1,0,1,0,1,0,0,0.00011807304785901365,-0.004250629722921806,0.007317788783364357,0.0018950927624469965,7.3335393564782825,26.385572346166587,-34.713476070528145,True,0.5177406,0.5315037332486612,42.25201
2025-01-03 10:45:00,2025-01-03 10:50:00,-1,324.15,324.7,pivot,-0.5500000000000114,0.1194655,-0.7694655000000115,-24238.16325000036,1.0,2025-01-03,324.7,0.0,325.1,325.15,324.6,0.0,2025,0.0,1.0,1.0,2.0,0,10,4,1,324.15,324.95,324.15,0.6683743132145189,72.03396601754677,1.3851486251098208,1.547091639233923,-0.161943014124102,323.83500000000004,325.8421189092175,321.82788109078257,324.55,324.615,323.83500000000004,319.42,323.0628918779565,1.0,-0.0029307419404598,0,-0.0026222427888324,0,-0.003239241092087,0,-0.0047817368502236,0,-0.003239241092087,0,-0.0026222427888324,0,-0.0038562393953416,0,-0.0026222427888324,0,2025-01-03 10:45:00,0.0015410698072245,-0.0006157635662543,80.53904709745625,0.9398368634621316,1.0820310596454408,0.9398368634621316,0.0601631365378684,-4.681387056777516e-06,-9.756781891933756e-06,0.0014332551503878,True,196.8614372155997,0.3734856710649565,-0.181405607315554,0.3734856710649565,0.6265143289350434,-6.101232877103471e-06,-5.002537066031658e-05,0.0031186367608247,True,0,1,0,0.16194301412410206,1,1,0,0,0.5784706871509553,1,1,1,0,1,0,0,0.0009717723276259167,0.014592009871972733,0.012383889614175338,0.0020619290859618046,-11.66539757619466,41.66953782037884,-102.0360944007405,True,0.5291423,0.6945811440997506,67.55533
2025-01-03 10:50:00,2025-01-03 15:45:00,-1,324.7,324.95,eod,-0.25,0.1194895,-0.4694895,-14788.91925,1.0,2025-01-03,325.1,0.0,324.95,324.95,324.95,0.0,2025,0.0,1.0,1.0,2.0,0,10,4,1,324.7,325.15,324.6,0.6599190051277644,74.31951522743017,1.3545631682986825,1.5085859450468748,-0.1540227767481925,324.015,325.7703227323506,322.2596772676493,324.63,324.71,324.015,319.56583333333333,323.0628918779565,1.0,-0.0015398829688943,0,-0.002155836156452,0,-0.0010779180782261,0,-0.002155836156452,0,-0.0009239297813366,0,-0.0009239297813366,0,-0.0009239297813366,0,-0.0013858946720048,0,2025-01-03 10:50:00,0.0012311482010595,0.0012311482010595,141.38878048839445,0.906291954117456,0.8657948883809263,0.906291954117456,0.093708045882544,-4.681387056777516e-06,-9.756781891933756e-06,0.0014332551503878,True,153.7564529583355,0.7367492715955217,0.4108120534630661,0.7367492715955217,0.2632507284044783,-6.101232877103471e-06,-5.002537066031658e-05,0.0031186367608247,True,0,1,0,0.1540227767481923,1,1,1,0,0.6951208137898106,1,1,1,0,1,0,0,0.002109639667385286,0.01581203161893027,0.010811966321839627,0.002032396073691914,-11.44689810190837,51.66104190535548,-29.1037881121029,True,0.55618465,0.6811472360537735,72.233154
2025-02-19 11:30:00,2025-02-19 13:45:00,1,353.45,354.1,pivot,0.6500000000000341,0.1212265,0.42877350000003406,13506.365250001072,1.0,2025-02-19,353.6,0.0,354.15,354.25,354.1,0.0,2025,0.0,1.0,1.0,1.0,1,11,2,2,353.45,353.7,353.4,0.4477849497875379,73.91776197400311,0.9180650324000226,1.053462222554541,-0.1353971901545183,353.02000000000004,354.2310891154399,351.8089108845602,353.67999999999995,353.59000000000003,353.02000000000004,349.5983333333333,352.5948653965086,1.0,0.0007073136228603,1,0.001980478144009,1,0.0029707172160136,1,0.0022634035931532,1,0.001980478144009,1,0.0014146272457207,1,0.001839015419437,1,0.0028292544914415,1,2025-02-19 11:30:00,0.0002828454268609,-0.0005654509621965,473.9940563036325,0.6324651136301888,0.1959184765226072,0.6324651136301888,0.3675348863698112,1.6377231807242532e-05,2.014715729622053e-05,0.0013408550037108,True,207.4230832694994,0.3798304359073195,-0.2223793170902853,0.3798304359073195,0.6201695640926805,-1.1737814329842253e-05,0.0001012323556407,0.0029979555947939,True,0,1,0,0.13539719015451834,1,1,0,0,0.6775261599324097,1,1,1,0,1,0,0,0.0012165794313197058,0.010897345216202258,0.006852958638788215,0.0012668975803863006,-10.008257273790521,50.08121742104423,62.3850615362835,True,0.5626059,0.6811472360537735,50.992184
2025-02-24 11:10:00,2025-02-24 15:45:00,1,346.9,347.5,eod,0.6000000000000227,0.120832,0.3791680000000227,11943.792000000716,1.0,2025-02-24,347.3,0.0,347.5,347.5,347.5,0.0,2025,0.0,1.0,1.0,1.0,1,11,0,2,346.9,347.35,346.8,0.4674785196896698,51.59039908048092,-0.3326274020990922,-0.5146388826970497,0.1820114805979574,346.625,347.17607550585586,346.07392449414414,346.85,346.73,346.625,348.5725,347.85625235804224,-1.0,0.0014413375612568,1,0.0010089362928798,1,-0.0004324012683769,0,0.0002882675122514,1,0.0011530700490055,1,0.0008648025367541,1,0.0007206687806284,1,0.0007206687806284,1,2025-02-24 11:10:00,0.0010082824044706,0.001296549918718,196.7679725423838,0.8936512034704688,0.7576430984711633,0.8936512034704688,0.1063487965295312,1.9500023189098045e-05,3.085453800337656e-05,0.0012900901076503,True,160.41073629082976,0.764836704362883,0.4065140270261421,0.764836704362883,0.235163295637117,3.905491236143483e-05,0.000153664175022,0.0028114300312261,True,0,0,1,0.18201148059795752,1,0,1,1,0.7495120877971894,1,0,1,0,1,0,0,0.0007927356586912,-0.00482127414240419,0.00317714330271469,0.0013475886990189387,9.390044921277832,38.667627725101454,36.32170654367325,True,0.5305364,0.5622808091088402,52.464855
2025-02-28 13:35:00,2025-02-28 14:05:00,1,335.7,334.6,pivot,-1.099999999999966,0.120109,-1.320108999999966,-41583.43349999893,1.0,2025-02-28,335.7,0.0,334.35,334.7,334.3,0.0,2025,0.0,1.0,1.0,1.0,0,13,4,2,335.7,336.1,335.6,0.5324792528410318,52.41893027224856,-0.2621467878186649,-0.5599172036915291,0.2977704158728641,334.865,335.994089060448,333.735910939552,335.66,335.05,334.865,337.03333333333336,335.82267573470523,-1.0,0.0001489425081918,1,-0.0032767351802203,0,-0.0056598153112897,0,-0.0029788501638367,0,-0.0011915400655346,0,-0.0029788501638367,0,-0.0040214477211795,0,-0.0041703902293713,0,2025-02-28 13:35:00,0.0,0.0041791105599363,568.9378205337039,0.494072573219969,-0.0056550721893053,0.494072573219969,0.5059274267800309,1.0367245199290833e-05,7.22795300255602e-06,0.0012781362926233,True,16.644697048312896,0.9664684539514894,1.4552108446350225,0.9664684539514894,0.0335315460485106,5.494589651008107e-05,3.968373649536738e-05,0.0028445546833999,True,0,0,1,0.2977704158728642,1,0,1,1,0.8697671110499784,1,0,0,1,1,0,0,0.002487339886803633,-0.003971800218449125,0.0067267742654036075,0.0015861759095651827,15.60880666677812,45.592261547223885,-37.533512064339895,True,0.51399255,0.5412716597307693,46.96156
2025-03-06 11:05:00,2025-03-06 12:15:00,1,340.45,339.7,pivot,-0.75,0.1204045,-0.9704045,-30567.74175,1.0,2025-03-06,340.65,0.0,339.7,339.8,339.65,0.0,2025,0.0,1.0,1.0,1.0,0,11,3,3,340.45,340.75,340.3,0.4996638722221214,73.0544982059954,0.5902310189640616,0.4761907616733847,0.1140402572906769,339.1375,340.5325570641493,337.7424429358507,340.03,339.53,339.1375,337.77166666666665,339.0672224182651,1.0,-0.0004405933323541,0,-0.0005874577764722,0,-0.0001468644441181,0,-0.0024966955500072,0,-0.0013217799970626,0,-0.0010280511088264,0,-0.0005874577764722,0,-0.0008811866647085,0,2025-03-06 11:05:00,0.00044043163011,0.004265653301929,451.6453495288277,0.7284666901686788,0.3389338677007227,0.7284666901686788,0.2715333098313212,1.0367245199290833e-05,7.22795300255602e-06,0.0012781362926233,True,15.636427285655364,0.9678687682136642,1.4856348482577204,0.9678687682136642,0.0321312317863358,5.494589651008107e-05,3.968373649536738e-05,0.0028445546833999,True,0,1,1,0.1140402572906769,1,1,1,1,0.9704108648058678,1,1,1,0,1,0,0,0.0038551916580995744,0.007867038723258456,0.008195371209571358,0.0014676571367957744,8.33115377165301,70.89287878203872,-41.6360699074719,True,0.6269719,0.5100912209177646,37.169323
2025-04-01 10:50:00,2025-04-01 11:45:00,1,338.8,339.75,pivot,0.9499999999999886,0.1203565,0.7296434999999886,22983.77024999964,1.0,2025-04-01,339.2,0.0,339.65,339.85,339.65,0.0,2025,0.0,1.0,1.0,1.0,1,10,1,4,338.8,339.25,338.6,0.7859834460571999,69.05857524682123,0.6417706651120625,0.4508373207475178,0.1909333443645446,336.995,339.2282181172694,334.7617818827306,337.78,337.255,336.995,335.3375,336.60623828718,1.0,0.0007378984651711,1,0.0035419126328216,1,0.0028040141676504,1,0.0044273907910271,1,0.0010330578512395,1,0.0014757969303423,1,0.0047225501770955,1,0.0039846517119243,1,2025-04-01 10:50:00,0.0011799411398485,0.0069521765110791,132.47488817816955,0.9165523162768852,0.8697760973002989,0.9165523162768852,0.0834476837231148,6.4412760031409e-06,2.8421202982370495e-07,0.0013562765537938,True,4.7482805991177885,0.984693688068493,2.371690394726065,0.984693688068493,0.015306311931507,2.136342535280006e-05,1.9904846420007448e-06,0.002930477789973,True,0,0,1,0.19093334436454468,1,1,1,1,0.9041253261474976,0,1,1,0,1,0,0,0.00532762691853603,0.010219893742621116,0.013183105769004819,0.0023199039139822904,13.185584728926134,62.43760686831376,32.54132231404425,True,0.50847024,0.5307896960120926,36.69978
2025-04-03 11:15:00,2025-04-03 12:05:00,-1,331.75,332.25,pivot,-0.5,0.11992,-0.71992,-22677.48,1.0,2025-04-03,331.65,0.0,332.7,332.85,332.2,0.0,2025,0.0,1.0,1.0,1.0,1,11,3,4,331.75,332.05,331.6,0.835063223644164,50.853772566596994,-0.1962192312734032,-0.4583377301503989,0.2621184988769957,331.1775,332.4114389222479,329.9435610777521,331.63,331.095,331.1775,333.64166666666665,330.020479136568,1.0,-0.0001507159005275,0,0.001507159005275,1,-0.0028636021100225,0,-0.0012057272042199,0,0.0012057272042199,1,0.0007535795026375,1,0.0004521477015824,1,0.000301431801055,1,2025-04-03 11:15:00,-0.000301477240752,0.0007540909791024,489.6945255626049,0.33654010305366,-0.2224925675650246,0.33654010305366,0.66345989694634,6.4412760031409e-06,2.8421202982370495e-07,0.0013562765537938,True,196.897403178527,0.6609600857129645,0.2566477374555999,0.6609600857129645,0.3390399142870355,2.136342535280006e-05,1.9904846420007448e-06,0.002930477789973,True,0,0,1,0.2621184988769957,1,0,1,1,0.7319806878921763,1,1,1,0,1,0,0,0.0017256970610399123,-0.005702084903290585,0.007438968634501204,0.0025171461149786404,13.329714527388548,37.223979425209954,37.980406932926854,True,0.5758922,0.525809995495557,38.38662
2025-04-04 14:40:00,2025-04-04 15:45:00,1,327.25,329.15,eod,1.8999999999999773,0.119692,1.680307999999977,52929.70199999928,1.0,2025-04-04,327.75,0.0,329.15,329.15,329.15,0.0,2025,0.0,1.0,1.0,1.0,1,14,4,4,327.25,327.8,327.25,0.7158012525052684,56.88949677133314,-0.2571135905538426,-0.5279026180070854,0.2707890274532427,326.63,327.4977860518054,325.7622139481946,327.16,326.70500000000004,326.63,329.075,328.17141589170944,-1.0,0.0024446142093201,1,0.0073338426279602,1,0.0068754774637127,1,-0.0491978609625669,0,0.0039724980901451,1,0.0059587471352176,1,0.0073338426279602,1,0.0076394194041252,1,2025-04-04 14:40:00,0.0015267178537998,0.0038211739273234,83.61738947562147,0.933884396718026,0.9025818057563452,0.933884396718026,0.0661156032819738,7.556532870725675e-06,-1.172253647869367e-05,0.0017044885909143,True,35.19392290429488,0.9251498173156484,1.0464329979021023,0.9251498173156484,0.0748501826843517,8.806858624153473e-06,-6.148710381591302e-05,0.0037103770990816,True,0,0,1,0.2707890274532428,1,0,1,1,0.8572309088801945,1,0,0,1,1,0,0,0.001894576012223085,-0.005576776165011424,0.005303505282233219,0.0021873223911543726,15.405051503013691,48.7674350230268,125.13368983957066,True,0.5837296,0.5296533775781085,50.268723
2025-04-09 14:00:00,2025-04-09 14:35:00,1,304.55,303.95,pivot,-0.6000000000000227,0.118255,-0.8182550000000229,-25775.03250000072,1.0,2025-04-09,304.3,0.0,303.35,304.25,303.15,0.0,2025,0.0,1.0,1.0,1.0,1,14,2,4,304.55,304.65,303.85,0.8015066586278727,37.26047087677768,-0.6705007873374598,-0.7406054003029033,0.0701046129654435,304.94,306.4066826146821,303.4733173853179,304.56000000000006,304.365,304.94,306.6691666666666,306.404708122222,-1.0,-0.0016417665407978,0,-0.0016417665407978,0,-0.0021342965030373,0,0.0599244787391232,1,0.0001641766540798,1,-0.0004925299622394,0,-0.0018059431948777,0,-0.0039402396979149,0,2025-04-09 14:00:00,-0.0008212203795682,0.0004930561362111,261.2123721999024,0.1646080312717698,-0.4749212446504646,0.1646080312717698,0.8353919687282302,7.556532870725675e-06,-1.172253647869367e-05,0.0017044885909143,True,189.68486983210664,0.5969268763575104,0.149457379996302,0.5969268763575104,0.4030731236424896,8.806858624153473e-06,-6.148710381591302e-05,0.0037103770990816,True,0,0,1,0.07010461296544357,0,0,0,1,0.3670469002305185,1,0,0,1,1,0,0,-0.001280577901822316,-0.006958353855414924,0.00963180177102019,0.0026317736287239293,2.6121308897266786,13.676340336450759,5.1715646035136995,True,0.51428056,0.5496951319071172,40.69596
2025-04-09 14:35:00,2025-04-09 15:00:00,-1,303.95,304.4,pivot,-0.4499999999999886,0.1182505,-0.6682504999999886,-21049.890749999642,1.0,2025-04-09,303.35,0.0,304.3,304.6,304.15,0.0,2025,0.0,1.0,1.0,1.0,1,14,2,4,303.95,304.25,303.15,0.7865766822865966,31.9124775512271,-0.5919229212527739,-0.6182471523717317,0.0263242311189577,304.39250000000004,305.3884259101253,303.3965740898748,304.08000000000004,304.22,304.39250000000004,306.2683333333334,306.0297325275002,-1.0,0.0004935022207599,1,-0.0011515051817733,0,-0.0026320118440533,0,-0.055601250205626,0,0.0001645007402533,1,-0.0014805066622799,0,-0.0016450074025333,0,-0.0041125185063332,0,2025-04-09 14:35:00,-0.0021404470179148,-0.0026337463784073,25.84714077175892,0.0234920434573226,-1.248893358854445,0.0234920434573226,0.9765079565426772,7.556532870725675e-06,-1.172253647869367e-05,0.0017044885909143,True,62.48224415010008,0.0982303309739824,-0.6932608750814178,0.0982303309739824,0.9017696690260176,8.806858624153473e-06,-6.148710381591302e-05,0.0037103770990816,True,0,0,1,0.026324231118957764,0,0,0,0,0.27784492023889834,1,0,0,1,1,0,0,-0.0014558315512421527,-0.007627350989746291,0.006553221978123149,0.002587848930043088,0.8400714346370515,8.866719779846328,5.18177331797895,True,0.58831036,0.5527540265842631,41.810276
2025-04-10 10:50:00,2025-04-10 11:15:00,-1,320.85,321.85,pivot,-1.0,0.119281,-1.2192809999999998,-38407.3515,1.0,2025-04-10,321.3,0.0,322.65,322.7,321.8,0.0,2025,0.0,1.0,1.0,1.0,0,10,3,4,320.85,321.4,320.75,0.9194744617569264,71.92757718199792,1.973010677341108,2.44943781748622,-0.4764271401451116,320.4825,321.2559236936733,319.7090763063267,320.8,320.65500000000003,320.4825,311.55916666666667,318.7090122008462,1.0,-0.0021817048465014,0,-0.0056100981767179,0,-0.0038959015116097,0,-0.002025868786037,0,-0.0026492130278945,0,-0.0031167212092878,0,-0.0056100981767179,0,-0.0046750818139317,0,2025-04-10 10:50:00,0.0015573901294533,0.002492989761088,79.62680199697057,0.9363836207640204,0.9205768077862364,0.9363836207640204,0.0636163792359795,7.556532870725675e-06,-1.172253647869367e-05,0.0017044885909143,True,73.08492794041214,0.8562948872434806,0.6884682598801686,0.8562948872434806,0.1437051127565194,8.806858624153473e-06,-6.148710381591302e-05,0.0037103770990816,True,0,1,0,0.4764271401451121,1,1,1,1,0.7375799985222876,1,1,1,0,1,0,0,0.0011453950444132983,0.028956937301958398,0.004821092059674577,0.0028657455563563233,-34.26824989438605,53.05234227160975,-83.45021037867676,True,0.53986466,0.7288248331086936,47.485085
2025-04-10 11:15:00,2025-04-10 12:35:00,1,321.85,321.5,pivot,-0.3500000000000227,0.1193005,-0.5693005000000227,-17932.965750000716,1.0,2025-04-10,322.65,0.0,322.0,322.05,321.45,0.0,2025,0.0,1.0,1.0,1.0,0,11,3,4,321.85,322.7,321.8,0.7811237158050088,76.77418921410859,1.7251125011092654,2.0008822754922835,-0.2757697743830181,320.83,322.34601971917454,319.31398028082543,321.91,321.355,320.83,312.95416666666665,320.2651043644777,1.0,0.0024856299518407,1,0.0007767593599502,1,0.0010874631039302,1,0.0012428149759203,1,-0.00015535187199,0,0.0004660556159701,1,0.0021749262078607,1,0.0026409818238308,1,2025-04-10 11:15:00,0.0024825458832237,0.0041928782600359,20.797401213073105,0.9758183810746835,1.463352957008864,0.9758183810746835,0.0241816189253164,7.556532870725675e-06,-1.172253647869367e-05,0.0017044885909143,True,28.263357875772265,0.9369366591863054,1.14661266233689,0.9369366591863054,0.0630633408136945,8.806858624153473e-06,-6.148710381591302e-05,0.0037103770990816,True,0,1,0,0.2757697743830181,1,1,0,1,0.8364072337249718,1,1,1,0,1,0,0,0.0031691781885972927,0.027639687224897843,0.009420660053904309,0.002426980630122755,-21.172000838013865,64.21448722205014,-4.893583967685,True,0.5790838,0.7264329169796147,47.003353
2025-04-11 14:05:00,2025-04-11 14:35:00,-1,321.05,321.8,pivot,-0.75,0.1192855,-0.9692855000000001,-30532.493250000003,1.0,2025-04-11,320.75,0.0,321.95,322.05,321.7,0.0,2025,0.0,1.0,1.0,1.0,0,14,4,4,321.05,321.05,320.5,0.4334717770033504,42.52875348706923,0.1243102951260652,0.2860268503535,-0.1617165552274347,321.495,322.1754797066097,320.8145202933904,321.09,321.44,321.495,320.14750000000004,320.80884932454126,-1.0,-0.0004672169444011,0,-0.0023360847220059,0,-0.0037377355552094,0,-0.0127705964802989,0,-0.0007786949073353,0,-0.0023360847220059,0,-0.002803301666407,0,-0.0034262575922752,0,2025-04-11 14:05:00,-0.0009348707443116,-0.0040448094971539,221.21422853867625,0.1369256991627396,-0.5415983496479252,0.1369256991627396,0.8630743008372603,7.556532870725675e-06,-1.172253647869367e-05,0.0017044885909143,True,19.350830102309555,0.0462188284828938,-1.073562682974718,0.0462188284828938,0.9537811715171062,8.806858624153473e-06,-6.148710381591302e-05,0.0037103770990816,True,0,0,0,0.1617165552274348,0,1,0,0,0.17302478260729817,1,1,0,1,1,0,0,-0.0013860769350568234,0.002811088615480377,0.004239088656655633,0.0013501690609043775,-6.877603512045587,7.358528326659528,-24.52888958106195,True,0.5199606,0.5414937615646236,36.16246
2025-04-29 11:15:00,2025-04-29 11:30:00,1,340.75,341.0,pivot,0.25,0.1204525,0.029547499999999977,930.7462499999992,1.0,2025-04-29,340.65,0.0,340.85,341.0,340.8,0.0,2025,0.0,1.0,1.0,1.0,1,11,1,4,340.75,340.8,340.55,0.367478497402977,81.37499015432078,0.7545245596108998,0.6340622468916066,0.1204623127192932,339.2425,341.1661136502143,337.3188863497857,340.41,340.005,339.2425,337.93916666666667,339.5883403820622,1.0,0.0008804108584006,1,-0.0004402054292002,0,-0.0002934702861335,0,-0.0033749082905355,0,0.0002934702861335,1,-0.0002934702861335,0,-0.000586940572267,0,-0.0004402054292002,0,2025-04-29 11:15:00,-0.0002935133569648,0.0019099396094701,382.3023604484232,0.3842373124253472,-0.0986444410689003,0.3842373124253472,0.6157626875746527,-3.545213864440601e-06,-3.412587170777189e-05,0.0026295195395342,True,109.31285143384432,0.7929625403200806,0.3823982760031524,0.7929625403200806,0.2070374596799193,-9.368665117281058e-06,-0.0001709394422788,0.0054416538523614,True,0,1,1,0.1204623127192932,1,1,1,1,0.891840638017945,0,1,1,0,1,0,0,0.004424064563462929,0.008248960626069949,0.011290468966775012,0.0010784401978077094,9.802619511499195,72.57352313793344,9.244314013205251,True,0.602149,0.5599584837607315,42.6441
2025-04-29 11:30:00,2025-04-29 12:45:00,1,341.0,339.95,pivot,-1.0500000000000114,0.1204285,-1.2704285000000113,-40018.49775000036,1.0,2025-04-29,340.85,0.0,339.8,340.0,339.75,0.0,2025,0.0,1.0,1.0,1.0,0,11,1,4,341.0,341.0,340.8,0.3596757502894863,77.78388330806061,0.7960775281854353,0.7138860548707444,0.0821914733146909,339.7,341.59459063807174,337.80540936192824,340.86,340.495,339.7,338.12250000000006,340.04180570947034,1.0,-0.0010263929618768,0,-0.0011730205278591,0,-0.002199413489736,0,-0.0042521994134897,0,-0.0013196480938416,0,-0.0011730205278591,0,-0.0013196480938416,0,-0.0010263929618768,0,2025-04-29 11:30:00,-0.0004399794747224,0.0013211011095753,356.0236781326722,0.3297078165025137,-0.1543451558023278,0.3297078165025137,0.6702921834974862,-3.545213864440601e-06,-3.412587170777189e-05,0.0026295195395342,True,139.36429650779496,0.7195768161805425,0.2741888022161963,0.7195768161805425,0.2804231838194575,-9.368665117281058e-06,-0.0001709394422788,0.0054416538523614,True,0,1,1,0.0821914733146909,1,1,1,1,0.8430820288764619,1,1,1,0,1,0,0,0.0038123167155425554,0.008438416422287216,0.011111968551740454,0.0010547675961568512,6.393171969227494,65.5781941532497,-41.568914956010396,True,0.5838484,0.6427248910112215,37.88499
2025-05-22 08:45:00,2025-05-22 11:15:00,-1,347.5,344.55,pivot,2.9499999999999886,0.1207615,2.7292384999999886,85971.01274999965,1.0,2025-05-22,347.2,0.0,344.4,344.55,344.4,0.0,2025,0.0,1.0,1.0,1.0,1,8,3,5,347.5,347.65,347.2,0.3743879701710304,14.445771614516616,-0.422235548625963,-0.223058343644439,-0.199177204981524,349.665,351.1690646691813,348.16093533081875,348.77,349.135,349.665,349.8825,348.6708904892668,-1.0,-0.0,0,0.0015827338129496,1,0.0020143884892086,1,0.0061870503597121,1,0.0010071942446043,1,0.0002877697841727,1,0.0010071942446043,1,0.0011510791366905,1,2025-05-22 08:45:00,-0.005170939416232,-0.0061733022122647,2.516669672750003,0.0,-5.214062257271031,0.0,1.0,1.1889709753695314e-05,3.694420213122399e-05,0.0009988150047692,True,3.22424875366346,0.004019055599701,-2.942585994062244,0.004019055599701,0.9959809444002988,7.412108695241558e-05,0.0001869006361737,0.0021614331276205,True,1,0,0,0.19917720498152403,0,0,0,0,-0.21971639396945597,1,0,0,0,1,0,0,-0.006230215827338188,-0.00685611510791365,0.008656487304640434,0.001077375453729584,-2.877268413980857,-3.1739728472479167,31.726618705035452,True,0.60850006,0.5397447607814525,68.88014
2025-05-26 11:30:00,2025-05-26 12:25:00,1,349.4,349.65,pivot,0.25,0.1209715,0.029028500000000002,914.3977500000001,1.0,2025-05-26,349.45,0.0,349.65,349.9,349.55,0.0,2025,0.0,1.0,1.0,1.0,1,11,0,5,349.4,349.7,349.4,0.3838290776848376,80.41548903028645,0.6700220663782943,0.578697870221372,0.0913241961569223,348.065,349.46541347370555,346.66458652629444,348.99,348.61499999999995,348.065,346.5108333333333,348.4100224199108,1.0,0.000858614768174,1,0.0012879221522611,1,0.0007155123068116,1,-0.0001431024613622,0,0.0040068689181454,1,0.0018603319977104,1,0.0018603319977104,1,0.0020034344590728,1,2025-05-26 11:30:00,0.0001430922231817,0.0028657420386102,625.8582157369369,0.5837674261804462,0.1062739551806101,0.5837674261804462,0.4162325738195538,1.1889709753695314e-05,3.694420213122399e-05,0.0009988150047692,True,42.481884296991566,0.9425212745819116,1.239382041574192,0.9425212745819116,0.0574787254180884,7.412108695241558e-05,0.0001869006361737,0.0021614331276205,True,0,1,1,0.09132419615692233,1,1,1,1,0.9766449427494835,1,1,1,0,1,0,0,0.003820835718374298,0.008268937225720247,0.008016104600489727,0.0010985377151827064,7.343879894256713,78.53738068015583,126.21637092158011,True,0.59557575,0.5513473726496204,49.572445
2025-06-04 08:45:00,2025-06-04 11:05:00,-1,364.9,369.65,pivot,-4.75,0.1220365,-4.972036500000001,-156619.14975,1.0,2025-06-04,364.25,0.0,369.65,369.8,369.5,0.0,2025,0.0,2.0,2.0,2.0,0,8,2,6,364.9,365.8,364.2,0.838540799074035,81.91964715150056,0.4776721980451839,0.1814482568152099,0.296223941229974,359.5125,361.8588016819649,357.1661983180352,360.29,359.885,359.5125,359.37666666666667,361.9628075768045,1.0,0.0026034530008221,1,-0.0032885722115649,0,-0.0065771444231297,0,-0.0124691696355166,0,-0.0030145245272678,0,-0.0030145245272678,0,-0.0050698821594958,0,-0.0063030967388325,0,2025-06-04 08:45:00,0.0141003165545036,0.0127091087619489,0.1844291306771056,1.0,13.52071431330469,1.0,0.0,9.313162051157338e-06,4.994023219618413e-05,0.0010391741143795,True,0.1913361298265995,1.0,5.441622503188144,1.0,0.0,8.055380893689452e-05,0.0002513567641201,0.0022893451338327,True,0,1,1,0.296223941229974,1,1,1,1,1.6480833946912328,0,1,0,0,0,0,0,0.014764318991504492,0.015136567096007981,0.0128599708520957,0.0022980016417485202,24.266560743386304,135.010410169353,-94.9575226089357,True,0.6697622,0.5116061698845679,37.09061
2025-06-05 14:35:00,2025-06-05 14:40:00,1,375.6,375.9,pivot,0.2999999999999545,0.122545,0.0774549999999545,2439.832499998567,1.0,2025-06-05,375.95,0.0,376.35,376.5,375.9,0.0,2025,0.0,1.0,1.0,1.0,1,14,3,6,375.6,376.0,375.6,0.525067968847522,50.46442797353125,-0.3273989075872237,-0.4238892318296424,0.0964903242424187,375.6475,376.6706401639563,374.62435983604365,375.53,375.36,375.6475,377.0158333333333,376.4553040091156,-1.0,0.001996805111821,1,0.0015974440894567,1,0.002129925452609,1,0.018503727369542,1,0.0023961661341852,1,0.0022630457933971,1,0.0014643237486686,1,0.0013312034078807,1,2025-06-05 14:35:00,0.000931408489928,0.0023968054083905,198.3997369672936,0.910066482417194,0.8482392368463892,0.910066482417194,0.0899335175828059,9.313162051157338e-06,4.994023219618413e-05,0.0010391741143795,True,67.70106346522745,0.9062337710503288,0.9371451305284136,0.9062337710503288,0.0937662289496711,8.055380893689452e-05,0.0002513567641201,0.0022893451338327,True,0,0,1,0.09649032424241871,0,0,1,1,0.47678714917402837,1,0,0,1,1,0,0,-0.00012646432374855378,-0.003769524316648818,0.005448030691993223,0.0013979445389976624,4.869329017874215,24.060790748198055,75.47923322683381,True,0.51181656,0.5729923612133713,38.8052
2025-06-23 10:35:00,2025-06-23 11:55:00,1,401.6,402.55,pivot,0.9499999999999886,0.1241245,0.7258754999999886,22865.07824999964,1.0,2025-06-23,402.05,0.0,402.7,402.8,402.25,0.0,2025,0.0,1.0,1.0,1.0,1,10,0,6,401.6,402.15,401.4,0.8817111989854266,55.37626944959828,-0.4759693327980017,-0.8088904174950805,0.3329210846970788,400.3425,402.29517023867766,398.3898297613224,400.86,400.775,400.3425,403.28,401.5611695928685,1.0,0.0009960159362549,1,0.0021165338645417,1,0.0029880478087649,1,0.000871513944223,1,0.0013695219123504,1,0.0014940239043823,1,0.0034860557768923,1,0.0026145418326692,1,2025-06-23 10:35:00,0.0012444003596868,0.0024903511812245,123.62205275656576,0.9097892961565832,0.9675825394268408,0.9097892961565832,0.0902107038434166,2.399517466845896e-05,7.01315035741336e-05,0.0012136110442922,True,75.36923686288759,0.8591367588619006,0.7578317039194863,0.8591367588619006,0.1408632411380994,0.0001325508842753,0.0003495233733425,0.0028249383033326,True,0,0,1,0.3329210846970788,1,0,1,1,0.8219949726000814,1,1,1,0,1,0,0,0.003131225099601718,-0.0041832669322707915,0.009724453379868657,0.0021954960134099267,18.435927691637968,45.519015088917264,43.1399402390376,True,0.61761737,0.5775378698214609,44.699078
2025-06-26 10:35:00,2025-06-26 10:55:00,-1,413.4,412.45,pivot,0.9499999999999886,0.1247755,0.7252244999999885,22844.57174999964,1.0,2025-06-26,413.6,0.0,411.7,412.75,411.65,0.0,2025,0.0,1.0,1.0,0.0,1,10,3,6,413.4,413.7,412.9,1.020505057938859,25.88225731929208,-1.263828617486638,-0.9352517443684694,-0.3285768731181686,416.5224999999999,419.629448919623,413.4155510803769,414.4200000000001,415.43,416.5224999999999,418.1775,416.4703985206132,-1.0,0.0007256894049345,1,0.001088534107402,1,0.0030237058538945,1,0.006047411707789,1,0.002177068214804,1,0.0041122399612965,1,0.0003628447024672,1,-0.0013304305757136,0,2025-06-26 10:35:00,0.0004836759465516,-0.0054252951204771,404.1465484225976,0.7211565597459464,0.3407553391364065,0.7211565597459464,0.2788434402540536,2.399517466845896e-05,7.01315035741336e-05,0.0012136110442922,True,11.984315647160455,0.0181778848288134,-2.0442281826144444,0.0181778848288134,0.9818221151711866,0.0001325508842753,0.0003495233733425,0.0028249383033326,True,1,0,0,0.32857687311816863,0,0,0,0,-0.002502628910098322,1,0,1,0,1,0,0,-0.007553217223028412,-0.011556603773584983,0.015031199417624822,0.0024685656940949662,-8.504311179212824,-0.06477368542586426,68.57764876632599,True,0.5694674,0.5300899208645622,50.40281
2025-06-26 12:40:00,2025-06-26 12:45:00,1,412.7,412.9,pivot,0.1999999999999886,0.124768,-0.024768000000011375,-780.1920000003583,1.0,2025-06-26,412.95,0.0,413.05,413.25,412.65,0.0,2025,0.0,1.0,1.0,1.0,1,12,3,6,412.7,413.1,412.45,0.8078083457927419,53.413416272106446,-0.6133910145633195,-1.0187156208580086,0.4053246062946891,411.7575,413.7270778359325,409.78792216406754,412.11,411.52,411.7575,415.44666666666666,413.35277253151406,-1.0,0.0008480736612552,1,0.0037557547855585,1,0.0053307487278894,1,0.0056942088684274,1,0.0035134480251998,1,0.0025442209837654,1,0.0023019142234068,1,0.003149987884662,1,2025-06-26 12:40:00,0.0007267442180327,0.0049766443673619,297.9834255042393,0.8068855579736776,0.5410404903175191,0.8068855579736776,0.1931144420263224,2.399517466845896e-05,7.01315035741336e-05,0.0012136110442922,True,14.834349442677585,0.9504548989361624,1.6379547080942127,0.9504548989361624,0.0495451010638375,0.0001325508842753,0.0003495233733425,0.0028249383033326,True,0,0,1,0.40532460629468914,1,0,1,1,0.7392644715037999,1,0,0,1,1,0,0,0.002283741216379926,-0.006655359017849939,0.009544840493978596,0.001957374232596903,21.649771921345884,39.486640951611236,110.6736127937937,True,0.5938324,0.576383481244978,60.389946
2025-06-26 12:45:00,2025-06-26 15:15:00,1,412.9,414.8,pivot,1.900000000000034,0.124831,1.6751690000000343,52767.82350000108,1.0,2025-06-26,413.05,0.0,415.15,415.2,414.8,0.0,2025,0.0,1.0,1.0,1.0,1,12,3,6,412.9,413.25,412.65,0.7929648925218333,54.21067123723034,-0.4746597608920524,-0.9099044488648174,0.4352446879727649,411.74750000000006,413.6869722584428,409.8080277415573,412.47,411.735,411.74750000000006,415.32916666666665,413.35277253151406,-1.0,0.0015742310486801,1,0.0018164204407846,1,0.0047226931460403,1,0.0050859772341971,1,0.0020586098328893,1,0.0032695567934125,1,0.0026640833131509,1,0.0036328408815693,1,2025-06-26 12:45:00,0.0002421307517883,0.0043673489289327,489.3423904609601,0.6122291139455329,0.1417251837177386,0.6122291139455329,0.3877708860544671,2.399517466845896e-05,7.01315035741336e-05,0.0012136110442922,True,22.03664937298381,0.9393735053687794,1.4222701964323332,0.9393735053687794,0.0606264946312206,0.0001325508842753,0.0003495233733425,0.0028249383033326,True,0,0,1,0.43524468797276494,1,0,1,1,0.7971169077007881,1,0,0,1,1,0,0,0.0027912327440056143,-0.005883183983208221,0.0093943921455207,0.0019204768528017276,23.59490668744246,43.21224262100511,64.84620973601295,True,0.5719431,0.5673582443559639,42.708652
2025-07-02 10:40:00,2025-07-02 12:50:00,1,412.5,412.5,pivot,0.0,0.12475,-0.22475,-7079.625,1.0,2025-07-02,413.5,0.0,412.85,412.95,412.5,0.0,2025,0.0,1.0,1.0,1.0,0,10,2,7,412.5,413.8,412.5,1.0939849813864282,50.30956380651729,-1.2429419570854066,-1.565418023624238,0.3224760665388313,412.4625,415.4596697191789,409.465330280821,411.68,411.47,412.4625,416.8491666666667,413.5995924143127,-1.0,0.0002424242424242,1,-0.0036363636363636,0,-0.0024242424242424,0,0.0007272727272727,1,-0.003030303030303,0,-0.0039999999999999,0,-0.0035151515151514,0,-0.0014545454545455,0,2025-07-02 10:40:00,0.0023001039133937,0.0075252206071862,31.948289380050152,0.9698809231207468,1.6537302753313443,0.9698809231207468,0.0301190768792531,5.556812651880662e-05,8.582745827271393e-05,0.001338958648911,True,9.493965751243056,0.9784977228561558,2.281174867890328,0.9784977228561558,0.0215022771438442,0.0002469069676662,0.0004251857715126,0.0031124465448104,True,0,0,1,0.32247606653883154,1,0,1,1,0.5062559019864787,1,0,1,0,1,0,0,9.090909090914604e-05,-0.0105434343434344,0.014531731971776825,0.002652084803361038,16.22363024561005,25.469513603414715,-95.4545454545445,True,0.59943116,0.5892071107130056,51.73904
2025-07-11 11:00:00,2025-07-11 11:10:00,-1,430.65,429.85,pivot,0.7999999999999545,0.125815,0.5741849999999546,18086.82749999857,1.0,2025-07-11,430.25,0.0,429.7,430.15,429.5,0.0,2025,0.0,1.0,1.0,1.0,1,11,4,7,430.65,431.1,430.25,1.0040996272666358,48.88781888808882,0.4106100384408364,0.4981195227369304,-0.087509484296094,430.4125,432.2241218412888,428.6008781587113,431.07,431.165,430.4125,429.1208333333333,429.7038021719644,1.0,0.0018576570300707,1,0.0049924532683152,1,0.0027864855451062,1,0.0019737605944501,1,0.0032508998026238,1,0.0039475211889004,1,0.0048763497039358,1,0.003831417624521,1,2025-07-11 11:00:00,-0.0009292601435338,-0.0035960829890582,202.0204283001792,0.1706060017263894,-0.7038268816397909,0.1706060017263894,0.8293939982736105,4.3384789001395776e-05,6.489382648514195e-05,0.0014124978683718,True,38.73006588542224,0.0847365780345945,-1.1965321701406717,0.0847365780345945,0.9152634219654054,0.000188800238339,0.0003223101819531,0.0032747913251264,True,0,0,0,0.08750948429609401,1,1,0,0,0.5655489999587803,1,1,1,0,1,0,0,0.00055149193080217,0.003550834010604196,0.008413430123249828,0.0023315909143541993,-4.278147819257496,27.648457082324605,102.4033437826497,True,0.5881577,0.4982288460218707,35.615063
2025-07-17 10:55:00,2025-07-17 15:45:00,-1,428.7,431.8,eod,-3.1000000000000227,0.125815,-3.3258150000000226,-104763.17250000071,1.0,2025-07-17,429.1,0.0,431.8,431.8,431.8,0.0,2025,0.0,1.0,1.0,1.0,0,10,3,7,428.7,429.2,428.6,0.8865399708061942,51.67454627324113,-0.2842744318689938,-0.4952400760732455,0.2109656442042516,428.05250000000007,429.8660382720017,426.23896172799846,428.67,428.7,428.05250000000007,430.2375,429.8002389156284,-1.0,-0.0010496850944716,0,-0.0030324236062514,0,-0.003615581992069,0,-0.003615581992069,0,-0.0012829484487987,0,-0.0024492652204338,0,-0.0038488453463961,0,-0.0019827385117798,0,2025-07-17 10:55:00,0.0010492568727142,0.0025667964156823,198.1867172551211,0.8363905226431735,0.7212310303655558,0.8363905226431735,0.1636094773568265,5.462081936694949e-05,5.878999645759295e-05,0.0013733004190829,True,85.48431042120608,0.8350821466894405,0.7304659894545562,0.8350821466894405,0.1649178533105595,0.000265376865556,0.0002981050453921,0.0031058138271218,True,0,0,1,0.21096564420425168,1,0,1,0,0.6785184272083971,1,0,1,0,1,0,0,0.0015103802192673727,-0.0035864240727782196,0.008460640410551007,0.0020679728733524476,10.901553943496722,35.06213186402711,-40.412876137159046,True,0.6215225,0.49768415268602784,35.64109
2025-08-20 11:25:00,2025-08-20 12:15:00,1,419.55,418.95,pivot,-0.6000000000000227,0.125155,-0.8251550000000228,-25992.38250000072,1.0,2025-08-20,419.85,0.0,419.0,419.25,418.85,0.0,2025,0.0,1.0,1.0,1.0,1,11,2,8,419.55,419.9,419.0,0.975924532891364,49.189312127831805,-0.7369441414368225,-1.0522999853977877,0.3153558439609649,419.3525,421.6481423272635,417.0568576727365,419.23,418.91,419.3525,422.9533333333333,420.9216474554976,-1.0,0.000595876534382,1,0.0008342271481348,1,-0.0013109283756405,0,-0.0001191753068764,0,0.0004767012275056,1,0.0011917530687641,1,0.0007150518412585,1,-0.0008342271481349,0,2025-08-20 11:25:00,0.0008339787223112,0.0039377176350391,239.2967595188171,0.8460837679896093,0.6982770440351559,0.8460837679896093,0.1539162320103907,-7.699925569765708e-06,-5.718349176210776e-06,0.0012025271039058,True,24.54635707222661,0.950856165132592,1.4594153437202844,0.950856165132592,0.0491438348674079,-9.10076546663454e-06,-2.81820708944929e-05,0.0027174578662603,True,0,0,1,0.31535584396096517,1,0,1,1,0.5430162829928842,1,0,1,0,1,0,0,0.0004707424621618184,-0.0081118658880546,0.010943355153204593,0.0023261221139110094,15.512137039931725,26.710597434632025,15.0160886664264,True,0.5347426,0.5866742553629408,43.865532
2025-09-01 10:30:00,2025-09-01 10:50:00,1,427.95,427.7,pivot,-0.25,0.1256695,-0.4756695,-14983.58925,1.0,2025-09-01,428.2,0.0,427.0,427.7,426.95,0.0,2025,0.0,1.0,1.0,1.0,0,10,0,9,427.95,428.5,427.7,0.7140530009088074,54.26928841298325,-0.2690284817830388,-0.5620609680222954,0.2930324862392566,426.6825,428.9080159095949,424.4569840904052,427.63,427.53,426.6825,429.31166666666667,427.4930393886483,1.0,0.0001168360789812,1,-0.0017525411847178,0,-0.0049071153172098,0,-0.0059586400280406,0,-0.0005841803949059,0,-0.0022198855006425,0,-0.0011683607898118,0,-0.0007010164738871,0,2025-09-01 10:30:00,0.0005840098279638,0.0018700332705351,353.0645910437612,0.7702262610596862,0.4735814811923539,0.7702262610596862,0.2297737389403138,-7.550496665289486e-06,-3.952589753556943e-06,0.0012415232458774,True,112.03604627523822,0.82561985769571,0.6766411666297577,0.82561985769571,0.17438014230429,-3.203221913227288e-05,-1.599564220500511e-05,0.0027873398867144,True,0,0,1,0.29303248623925665,1,0,1,1,0.7847654322612088,1,1,1,0,1,0,0,0.002961794602173114,-0.0031818358842544193,0.010400822103492751,0.0016685430562187345,15.902664510091762,42.588661579923006,-18.40168243953585,True,0.6297024,0.5083126139653616,36.765884
2025-09-09 11:00:00,2025-09-09 11:05:00,1,438.05,438.5,pivot,0.4499999999999886,0.1262965,0.2237034999999886,7046.660249999641,1.0,2025-09-09,438.5,0.0,438.9,438.95,438.45,0.0,2025,0.0,1.0,1.0,1.0,1,11,1,9,438.05,438.55,438.0,0.5152612764065636,72.41791637063486,0.7538751653063969,0.7271821469480771,0.0266930183583197,437.205,438.8368862227047,435.5731137772954,438.15,437.82,437.205,435.20416666666665,436.7432921333158,1.0,0.0019404177605295,1,0.003310124415021,1,0.0049081155119278,1,0.0058212532815888,1,0.0026252710877753,1,0.0021687022029448,1,0.003310124415021,1,0.0031959821938134,1,2025-09-09 11:00:00,0.0010267526998648,0.0013692380048851,166.158889677883,0.9009472853025752,0.9021403042809352,0.9009472853025752,0.0990527146974247,-1.1420477084108084e-05,-1.0838201751186392e-05,0.0011501436048166,True,149.31659414710074,0.7877098184455907,0.5500071900848655,0.7877098184455907,0.2122901815544092,-4.237988454896708e-05,-5.676558896479109e-05,0.002592699912941,True,0,1,1,0.02669301835831972,1,1,0,1,0.7589028537171723,1,1,1,0,1,0,0,0.0019290035384089198,0.006496594757067366,0.007450684728705174,0.0011762613318264208,1.9330527711526169,54.95816339392632,82.69603926492195,True,0.562521,0.5999742206035922,35.38641
2025-09-09 11:05:00,2025-09-09 15:45:00,1,438.5,441.1,eod,2.6000000000000227,0.126388,2.3736120000000227,74768.77800000072,1.0,2025-09-09,438.9,0.0,441.1,441.1,441.1,0.0,2025,0.0,1.0,1.0,1.0,1,11,1,9,438.5,438.95,438.45,0.5141711852346662,75.21392466598476,0.7928320240889093,0.7403121223762436,0.0525199017126657,437.36,439.01866148053983,435.7013385194602,438.28,437.945,437.36,435.285,437.1714629199842,1.0,0.0006841505131129,1,0.0022805017103762,1,0.0043329532497148,1,0.0045610034207525,1,0.0011402508551881,1,0.0022805017103762,1,0.0021664766248574,1,0.0020524515393386,1,2025-09-09 11:05:00,0.0009117848819505,0.0014820728928443,207.77077445877137,0.8795281459618892,0.8021807710253422,0.8795281459618892,0.1204718540381107,-1.1420477084108084e-05,-1.0838201751186392e-05,0.0011501436048166,True,139.99409865058757,0.8040570154299352,0.5935274167782741,0.8040570154299352,0.1959429845700647,-4.237988454896708e-05,-5.676558896479109e-05,0.002592699912941,True,0,1,1,0.05251990171266574,1,1,1,1,0.8436505921717575,1,1,1,0,1,0,0,0.002599771949828931,0.007331812998859692,0.0075651606866126335,0.0011725682673538569,3.950227930881362,63.454272084020005,35.91790193842515,True,0.56124,0.5999213116285049,35.13575
2025-09-26 10:55:00,2025-09-26 11:45:00,-1,470.9,470.8,pivot,0.0999999999999659,0.128251,-0.12825100000003412,-4039.9065000010746,1.0,2025-09-26,470.5,0.0,469.75,470.8,469.6,0.0,2025,0.0,1.0,1.0,1.0,1,10,4,9,470.9,470.95,470.5,0.9556340083221644,25.64925357026003,-1.6490228878259927,-1.7168085342363453,0.0677856464103525,472.3525,474.32933293094527,470.37566706905466,471.21,471.825,472.3525,477.5733333333334,473.5796175320673,-1.0,0.0022297727755361,1,0.0013803355277128,1,0.0024421320874919,1,0.0053089827988957,1,0.0007432575918453,1,0.0010617965597791,1,0.0006370779358673,1,-0.0001061796559779,0,2025-09-26 10:55:00,-0.0007436129306379,-0.003077088745519,256.0066723795116,0.1352495322520029,-0.7490588019967611,0.1352495322520029,0.8647504677479971,3.181527774563726e-05,5.951710439713295e-05,0.0010721855652643,True,26.926211169446866,0.0407060831942662,-1.4257495081708864,0.0407060831942662,0.9592939168057338,0.0001759779763702,0.0002924728661059,0.0023633615809188,True,1,0,1,0.06778564641035256,0,0,0,0,0.1326194345352665,1,0,1,0,1,0,0,-0.003084519006158512,-0.014171444751185822,0.008395977621343413,0.0020293778048888606,1.7386512332031179,3.4015895047395506,23.412614143126948,True,0.6504326,0.5194396258003823,39.386112
2025-10-01 11:10:00,2025-10-01 12:15:00,1,480.1,479.2,pivot,-0.9000000000000341,0.128779,-1.128779000000034,-35556.53850000107,1.0,2025-10-01,479.7,0.0,478.95,479.3,478.9,0.0,2025,0.0,1.0,1.0,1.0,1,11,2,10,480.1,480.3,479.55,0.7085171963629588,55.162302395450425,0.6383043003100397,0.6815464293075795,-0.0432421289975397,479.465,481.0732353898613,477.8567646101386,480.36,480.07,479.465,477.61,478.8903542235136,1.0,-0.0003124349093939,0,-0.0003124349093939,0,-0.0022911893355551,0,-0.0012497396375755,0,0.0002082899395958,1,-0.0002082899395959,0,-0.0003124349093939,0,-0.0007290147885857,0,2025-10-01 11:10:00,-0.0009376465759635,-0.0022904747129795,171.8148395032037,0.0987230942574212,-0.9624733707733362,0.0987230942574212,0.9012769057425788,2.681802710255625e-05,5.325765540502146e-05,0.0010295393737203,True,56.12362445918455,0.0756854965168819,-1.1102733768303792,0.0756854965168819,0.924314503483118,0.0001672812930653,0.0002681495172574,0.0023044993094776,True,0,0,0,0.043242128997539764,1,1,0,1,0.6974213488906084,1,1,1,0,1,0,0,0.0013226411164341757,0.005186419495938365,0.006699585044204686,0.0014757700403310952,-2.3853353959853605,38.47136734454667,6.5611330972676996,True,0.52627826,0.6945338771820314,38.070435
2025-10-13 10:45:00,2025-10-13 12:20:00,-1,500.6,499.25,pivot,1.3500000000000227,0.1299955,1.120004500000023,35280.14175000072,1.0,2025-10-13,501.65,0.0,499.3,499.6,499.1,0.0,2025,0.0,1.0,1.0,2.0,0,10,0,10,500.6,501.7,500.6,1.395017423094074,53.82552308120849,-0.3560865666999007,-0.7545458609513532,0.3984592942514525,499.7325,501.8819858670088,497.5830141329912,500.71,500.4799999999999,499.7325,503.2216666666666,500.6950270518653,1.0,-0.0011985617259288,0,-0.0006991610067917,0,-0.0002996404314821,0,0.0037954454654415,1,-0.0016979624450658,0,-0.0019976028765481,0,-0.0011985617259288,0,-0.0003995205753096,0,2025-10-13 10:45:00,0.0020952863739478,0.0022950666163464,23.479805493670668,0.9798102582609618,1.9834391677160468,0.9798102582609618,0.0201897417390382,2.681802710255625e-05,5.325765540502146e-05,0.0010295393737203,True,77.17735010893698,0.8905351673831811,0.87954771379313,0.8905351673831811,0.1094648326168189,0.0001672812930653,0.0002681495172574,0.0023044993094776,True,0,0,1,0.39845929425145254,1,0,0,1,0.7017924410006104,1,0,1,0,1,0,0,0.001732920495405527,-0.005237048874683492,0.008587638302072681,0.002786690817207499,21.4472799396536,37.774345231296,-53.4858170195727,True,0.559394,0.5438069429301664,41.99425
2025-10-14 13:25:00,2025-10-14 13:40:00,1,498.0,495.45,pivot,-2.550000000000012,0.1298035,-2.7798035000000114,-87563.81025000036,1.0,2025-10-14,495.3,0.0,494.7,495.8,494.3,0.0,2025,0.0,1.0,0.0,0.0,0,13,1,10,498.0,499.05,494.75,1.3799203259405606,12.369138942183682,-1.943971220171079,-1.227950441268257,-0.7160207789028221,502.3125,507.364636079563,497.260363920437,498.5100000000001,500.7299999999999,502.3125,505.3875,501.1786499371617,-1.0,-0.0015060240963855,0,-0.0054216867469879,0,0.0006024096385542,1,-0.0012048192771084,0,-0.0066265060240964,0,-0.0059236947791164,0,-0.0011044176706827,0,-0.0025100401606425,0,2025-10-14 13:25:00,-0.0054364374304609,-0.0142329755597968,0.896315439601515,0.0,-5.332185660882659,0.0,1.0,2.681802710255625e-05,5.325765540502146e-05,0.0010295393737203,True,0.7614303085196681,0.0,-6.292527412534146,0.0,1.0,0.0001672812930653,0.0002681495172574,0.0023044993094776,True,1,0,0,0.7160207789028221,0,0,0,0,0.0732003322866739,1,0,0,1,0,1,0,-0.008659638554216868,-0.014834337349397568,0.020289703130775154,0.002770924349278234,-8.856560499739588,0.9054250806678836,-208.7349397590366,True,0.74094236,0.5661863678700582,67.35066
2025-10-20 10:55:00,2025-10-20 11:05:00,1,530.4,531.9,pivot,1.5,0.131869,1.268131,39946.1265,1.0,2025-10-20,531.05,0.0,532.25,532.4,531.75,0.0,2025,0.0,1.0,1.0,2.0,1,10,0,10,530.4,531.15,530.3,1.294878468234931,64.64271261917767,0.9721749362777246,0.7509473453902469,0.2212275908874776,528.2875,533.271038694186,523.303961305814,530.42,529.955,528.2875,527.5316666666666,528.1401034304597,1.0,0.0028280542986425,1,0.0041478129713424,1,0.0067873303167421,1,0.0066930618401207,1,0.0034879336349925,1,0.0043363499245853,1,0.0041478129713424,1,0.0054675716440421,1,2025-10-20 10:55:00,0.0011304758622678,0.0022622311467035,151.12199597788867,0.896885019026694,0.743836829808962,0.896885019026694,0.1031149809733059,2.691353702660389e-05,7.819210424437789e-05,0.0014146701478787,True,88.57894818930673,0.8517489067034553,0.5878433133502928,0.8517489067034553,0.1482510932965447,0.0002123298031992,0.0003914538862031,0.00318244201816,True,0,0,1,0.22122759088747768,1,1,0,1,0.7119477874692219,0,1,1,0,1,0,0,0.003982843137254817,0.005407868275515346,0.01879162403539214,0.0024413244122076377,14.300751581172223,46.0222362252323,109.86990950226375,True,0.5019232,0.7068164425111614,40.537514
2025-10-21 08:45:00,2025-10-21 10:45:00,1,541.65,546.7,pivot,5.050000000000068,0.1326505,4.817349500000067,151746.50925000213,1.0,2025-10-21,539.2,0.0,546.55,546.85,546.15,0.0,2025,0.0,1.0,1.0,1.0,1,8,1,10,541.65,541.65,539.0,1.0075146472048406,78.24759289487723,0.810389800839971,0.6008214427877491,0.2095683580522219,535.51,537.4702899949982,533.5497100050018,536.4200000000001,535.84,535.51,533.99,536.9587558200121,1.0,-0.0019385211852671,0,0.0061848056863288,1,0.0107080217852858,1,0.0100618480568633,1,0.0012923474568449,1,0.0052617003600111,1,0.0059078740884335,1,0.0073848426105418,1,2025-10-21 08:45:00,0.0056725869319428,0.0073526321283052,0.6388615848905083,0.999583057876656,3.95455777170888,0.999583057876656,0.0004169421233438,2.691353702660389e-05,7.819210424437789e-05,0.0014146701478787,True,5.282195077927174,0.9804118599845448,2.187370014089605,0.9804118599845448,0.0195881400154552,0.0002123298031992,0.0003914538862031,0.00318244201816,True,0,1,1,0.20956835805222196,1,1,1,1,2.066094816498199,0,1,0,0,1,0,0,0.011335733407181735,0.01414197359918761,0.007238216542040876,0.0018600842743558398,16.398219564518126,161.66694608356715,40.70894489061435,True,0.5796601,0.5661258718008888,42.119568
2025-10-23 12:30:00,2025-10-23 13:35:00,-1,543.0,537.4,pivot,5.600000000000023,0.132412,5.367588000000022,169079.0220000007,1.0,2025-10-23,542.65,0.0,536.75,537.45,536.6,0.0,2025,0.0,1.0,1.0,1.0,1,12,3,10,543.0,543.4,542.35,0.9387904669476116,42.81832519826619,0.5615998548744301,1.031155982706725,-0.4695561278322948,544.595,546.6229364731306,542.5670635268694,543.98,544.815,544.595,541.5758333333333,543.3681240939646,-1.0,0.0019337016574584,1,0.0058011049723756,1,0.008195211786372,1,0.009208103130755,1,0.0050644567219152,1,0.0035911602209945,1,0.0062615101289134,1,0.0075506445672191,1,2025-10-23 12:30:00,-0.0006447750419114,-0.0056048293001624,296.44687519668094,0.2200506152985792,-0.4757564206680288,0.2200506152985792,0.7799493847014207,3.64708742360648e-05,8.128652322225767e-05,0.001526120370828,True,10.382397032032486,0.0278756576377024,-1.6964578927015068,0.0278756576377024,0.9721243423622976,0.000241860492755,0.0004036938898299,0.0035418050844893,True,0,0,0,0.46955612783229483,0,1,0,0,0.10674310533559699,1,0,0,1,1,0,0,-0.002937384898710916,0.0026227747084100897,0.007469379274882433,0.0017288958875646622,-20.105606980361845,4.570560996932374,159.5303867403288,True,0.5283628,0.7149609817948851,72.90008
2025-10-23 13:35:00,2025-10-23 14:10:00,1,537.4,538.15,pivot,0.75,0.1322665,0.5177335000000001,16308.60525,1.0,2025-10-23,536.75,0.0,538.0,538.6,537.45,0.0,2025,0.0,1.0,1.0,0.0,0,13,3,10,537.4,537.45,536.6,1.1865089906923596,27.68517290559153,-1.5624447436015316,-1.0750955594430138,-0.4873491841585178,541.0175,546.9672257806582,535.0677742193419,537.69,538.575,541.0175,540.9391666666667,540.6886930646579,-1.0,-0.0040007443245254,0,0.0015816896166729,1,0.0013956084852995,1,0.0004652028284331,1,-0.0001860811313733,0,-9.304056568655476e-05,0,0.0013956084852995,1,0.0011164867882397,1,2025-10-23 13:35:00,-0.0013032956601821,-0.0021402325203063,115.92144040416213,0.0901736317614294,-0.907256209844807,0.0901736317614294,0.9098263682385704,3.64708742360648e-05,8.128652322225767e-05,0.001526120370828,True,78.9708200305875,0.1367488198218541,-0.7182570326291903,0.1367488198218541,0.863251180178146,0.000241860492755,0.0004036938898299,0.0035418050844893,True,1,0,0,0.4873491841585178,0,0,0,0,0.195994392568466,1,0,0,1,1,0,0,-0.006731484927428477,-0.006585721374519331,0.022142634092512572,0.0022078693537260136,-13.492346428827533,5.426138646784365,-5.861555638258951,True,0.57459044,0.5176834096738129,46.080524
2025-10-24 10:25:00,2025-10-24 10:55:00,1,545.1,548.25,pivot,3.1499999999999773,0.1328005,2.917199499999977,91891.78424999928,1.0,2025-10-24,544.1,0.0,548.85,548.95,547.95,0.0,2025,0.0,1.0,1.0,1.0,1,10,4,10,545.1,545.45,544.1,1.4856435775875194,49.07744662709317,1.4799563512939358,1.812460286203193,-0.332503934909258,545.65,548.6219743609842,542.6780256390158,546.5899999999999,546.61,545.65,540.92,544.7885482100996,-1.0,-0.0006420840212805,0,0.0057787561915244,1,0.0083470922766464,1,0.0064208402128049,1,0.0015593469088241,1,0.0043111355714548,1,0.0068794716565767,1,0.007246376811594,1,2025-10-24 10:25:00,-0.0018362105783555,-0.0062294081987761,54.99429722695493,0.0467187286420228,-1.256452071691664,0.0467187286420228,0.9532812713579772,3.64708742360648e-05,8.128652322225767e-05,0.001526120370828,True,8.094131068018587,0.0220922917363016,-1.8728026896947016,0.0220922917363016,0.9779077082636984,0.000241860492755,0.0004036938898299,0.0035418050844893,True,0,0,0,0.33250393490925734,0,1,0,0,0.4074689191097496,1,1,1,0,1,0,0,-0.0010089891762978436,0.007668317739864362,0.01090432713624721,0.0027254514356769757,-16.31844411880757,19.997534129808077,49.119427627959155,True,0.51659364,0.7669573882768529,77.639854
2025-10-28 10:55:00,2025-10-28 11:50:00,1,557.95,557.25,pivot,-0.7000000000000455,0.133456,-0.9334560000000456,-29403.864000001435,1.0,2025-10-28,559.15,0.0,558.6,558.6,557.05,0.0,2025,0.0,1.0,1.0,1.0,1,10,1,10,557.95,559.3,557.85,1.4202032650085126,49.943507526489206,-1.2268570122928395,-1.5800131287739865,0.3531561164811467,558.1275,561.2518483570608,555.0031516429393,557.76,557.04,558.1275,562.175,560.9252307129434,-1.0,0.0033157092929472,1,0.003943005645667,1,-0.0011649789407654,0,0.0011649789407652,1,0.0022403441168563,1,0.0036741643516443,1,0.0028676404695759,1,0.0023299578815305,1,2025-10-28 10:55:00,0.0020588110928864,0.0039423041829984,50.7768198638921,0.957541786709554,1.2957854488182856,0.957541786709554,0.042458213290446,3.64708742360648e-05,8.128652322225767e-05,0.001526120370828,True,36.73189405660776,0.9076491368197008,0.99909797652761,0.9076491368197008,0.0923508631802991,0.000241860492755,0.0004036938898299,0.0035418050844893,True,0,0,1,0.353156116481147,0,0,1,1,0.4715940766337922,1,0,1,0,1,0,0,-0.0003181288645936179,-0.007572363114974296,0.011199384737201324,0.0025453952236015997,17.63785516150185,23.55306231580753,70.57083968097345,True,0.5166318,0.5736398468593991,51.019485
2025-10-29 14:30:00,2025-10-29 14:35:00,1,568.5,569.25,pivot,0.75,0.1341325,0.5158674999999999,16249.826249999998,1.0,2025-10-29,569.25,0.0,569.65,569.9,568.8,0.0,2025,0.0,1.0,1.0,1.0,1,14,2,10,568.5,569.35,568.5,1.1576292039466864,57.18216723338531,-0.3078560908270447,-0.4958808964897903,0.1880248056627456,567.76,570.2361175094097,565.2838824905903,567.65,566.965,567.76,568.3675,567.387527298255,1.0,0.0020228671943711,1,0.0031662269129286,1,0.0074758135444151,1,0.0218117854001758,1,0.0021108179419525,1,0.0029023746701846,1,0.0053649956024625,1,0.0065083553210203,1,2025-10-29 14:30:00,0.0014063463687332,0.0039604012160969,115.85044268028015,0.9061310659026665,0.8682538224635593,0.9061310659026665,0.0938689340973335,3.64708742360648e-05,8.128652322225767e-05,0.001526120370828,True,36.45981443836577,0.9083130552739344,1.004207527354589,0.9083130552739344,0.0916869447260655,0.000241860492755,0.0004036938898299,0.0035418050844893,True,0,0,1,0.1880248056627456,1,1,1,1,0.6494274801554982,1,1,0,1,1,0,0,0.0013016710642040617,0.00023306948109067725,0.008711055442074697,0.002036287078182386,10.751665881431892,37.13567077620772,66.49076517150375,True,0.57225925,0.5103838888740736,40.53974
2025-10-30 14:45:00,2025-10-30 15:25:00,-1,578.35,573.05,pivot,5.300000000000068,0.134542,5.065458000000068,159561.92700000215,1.0,2025-10-30,577.7,0.0,574.1,574.15,572.9,0.0,2025,0.0,1.0,1.0,1.0,1,14,3,10,578.35,578.8,577.7,1.58331679268195,53.53987417419896,-0.4018181492522217,-0.8163688211121822,0.4145506718599605,575.7775,578.3211143006938,573.2338856993063,576.75,575.85,575.7775,578.0833333333334,577.7078722219792,-1.0,0.0006916227198063,1,0.004149736318838,1,0.0071755857179907,1,0.0018155096394917,1,0.0027664908792254,1,0.003371660759056,1,0.0062246044782571,1,0.0090775481974582,1,2025-10-30 14:45:00,-0.0011245189541906,0.0053805562420306,152.04331854844108,0.1142301720558335,-0.7901116454913659,0.1142301720558335,0.8857698279441664,3.64708742360648e-05,8.128652322225767e-05,0.001526120370828,True,19.004260781644888,0.9470841848806412,1.405176804899808,0.9470841848806412,0.0529158151193588,0.000241860492755,0.0004036938898299,0.0035418050844893,True,0,0,1,0.41455067185996053,1,1,1,1,1.0056780816372861,1,1,0,1,1,0,0,0.004447998616754545,0.0004610818132042042,0.008796107203920723,0.0027376446661743752,22.194990810211923,53.843877950610086,87.1444626956001,True,0.5313751,0.5416919678975256,40.657074
2025-11-04 12:25:00,2025-11-04 14:35:00,1,587.8,586.6,pivot,-1.1999999999999318,0.135232,-1.4352319999999317,-45209.80799999785,1.0,2025-11-04,589.15,0.0,586.2,586.65,585.9,0.0,2025,0.0,1.0,1.0,1.0,1,12,1,11,587.8,589.2,587.0,1.5607722942863322,51.30276223732878,-1.0453924239493515,-1.5558207673799904,0.5104283434306387,587.6850000000001,590.7337443534934,584.6362556465067,588.23,587.0,587.6850000000001,592.8583333333333,589.1211730662616,1.0,0.0017012589316093,1,-0.0018713848247701,0,-0.0037427696495405,0,-0.0029772031303164,0,0.0005103776794829,1,-0.0003402517863217,0,-0.0023817625042531,0,-0.0024668254508335,0,2025-11-04 12:25:00,0.0022090068455994,0.0068125955385744,54.38938323065416,0.9476452666199138,1.2253769776859174,0.9476452666199138,0.0523547333800862,3.800559536296628e-05,9.529424826344916e-05,0.001724948840909,True,15.423433114398067,0.9526008503673848,1.5742715635422098,0.9526008503673848,0.0473991496326152,0.0002828966077742,0.0004771371035496,0.0040243745626514,True,0,0,1,0.5104283434306389,1,0,0,1,0.5188602235323739,1,0,0,1,1,0,0,0.00019564477713490203,-0.00860553476239094,0.01037340712314856,0.002655277805863104,26.186383942215656,26.618962682288643,16.07689690371135,True,0.5976675,0.5741930014013277,60.574646
2025-11-05 11:45:00,2025-11-05 12:25:00,1,558.35,563.5,pivot,5.149999999999977,0.1336555,4.916344499999978,154864.8517499993,1.0,2025-11-05,558.45,0.0,566.7,566.85,563.0,0.0,2025,0.0,1.0,2.0,2.0,1,11,2,11,558.35,560.0,558.35,2.860714780219697,54.80075890192346,-1.0370613124581496,-2.6903310349980347,1.6532697225398851,552.6075000000001,560.287019928992,544.9279800710082,556.81,555.44,552.6075000000001,567.1016666666667,556.3540652689943,1.0,0.0030446852332764,1,0.0063580191636069,1,0.01477567833796,1,0.0133428852870062,1,0.0080594609116145,1,0.0088654070027759,1,0.0039401808901225,1,0.0093131548311989,1,2025-11-05 11:45:00,8.953753867308287e-05,0.0073688327684749,407.3770868717655,0.5211262520445137,-0.0033373219273752,0.5211262520445137,0.4788737479554863,3.800559536296628e-05,9.529424826344916e-05,0.001724948840909,True,12.589027265190875,0.9604047439220672,1.7124886259058023,0.9604047439220672,0.0395952560779329,0.0002828966077742,0.0004771371035496,0.0040243745626514,True,0,0,1,1.6532697225398851,1,0,1,1,0.8738840482932224,0,1,1,0,0,0,0,0.010284767618876959,-0.015674158980328944,0.027507906972300197,0.005123515322324164,90.60043546475814,47.889509038753715,253.87301871585674,True,0.6037544,0.5588250879813548,46.71395
2025-11-05 14:35:00,2025-11-05 15:10:00,-1,566.15,562.45,pivot,3.699999999999932,0.133858,3.4661419999999317,109183.47299999784,1.0,2025-11-05,565.25,0.0,563.75,563.9,562.3,0.0,2025,0.0,1.0,1.0,1.0,1,14,2,11,566.15,566.15,564.7,2.3421252196923583,54.88956104467691,0.7396584830551092,0.6436896822667741,0.095968800788335,564.025,567.553306590081,560.496693409919,565.45,563.855,564.025,559.4791666666666,561.7611329346399,1.0,0.0041508434160558,1,0.0060937913980392,1,-0.0002649474520886,0,-0.0074185286584828,0,0.0064470546674909,1,0.0075951602932084,1,0.0065353704848537,1,0.0042391592334186,1,2025-11-05 14:35:00,-0.0015909496019692,0.0018593125901831,96.26430917779928,0.0837648129658666,-0.9775616587817504,0.0837648129658666,0.9162351870341332,3.800559536296628e-05,9.529424826344916e-05,0.001724948840909,True,108.74985045776202,0.7270566189346088,0.3434510046507339,0.7270566189346088,0.2729433810653912,0.0002828966077742,0.0004771371035496,0.0040243745626514,True,0,0,1,0.09596880078833503,1,1,1,1,0.8011359622168229,0,1,0,1,1,0,0,0.0037534222379228123,0.011782801966498894,0.012464211216394955,0.004136934062867364,5.267685349255752,43.97400130318628,203.08222202596335,True,0.52627826,0.6003033979195511,36.082268
2025-11-07 13:45:00,2025-11-07 14:15:00,-1,550.1,554.0,pivot,-3.899999999999977,0.133123,-4.133122999999977,-130193.37449999928,1.0,2025-11-07,550.0,0.0,556.55,556.7,553.5,0.0,2025,0.0,1.0,1.0,0.0,0,13,4,11,550.1,550.35,549.5,1.6904889006667967,31.996694267695048,-1.873666238761075,-1.8143640642457324,-0.0593021745153425,553.0725,556.3541034307207,549.7908965692793,550.99,551.785,553.0725,558.6016666666667,554.7008538401552,-1.0,-0.0003635702599526,0,-0.0070896200690783,0,-0.0139065624431921,0,-0.0158153063079438,0,-0.0066351572441373,0,-0.0082712234139246,0,-0.0117251408834756,0,-0.0093619341937829,0,2025-11-07 13:45:00,-0.0001818016548958,-0.0045351551653912,392.1331543999032,0.4108850651749154,-0.1606400703532232,0.4108850651749154,0.5891149348250846,3.800559536296628e-05,9.529424826344916e-05,0.001724948840909,True,23.58854540002176,0.0634498826831839,-1.245483538102529,0.0634498826831839,0.936550117316816,0.0002828966077742,0.0004771371035496,0.0040243745626514,True,0,0,0,0.05930217451534259,0,0,0,0,0.047096402299413156,1,0,0,1,1,0,0,-0.005403562988547479,-0.015454765800157543,0.011930934123689072,0.0030730574453132096,-1.8974735473769107,1.5069291854826927,-209.00745319032495,True,0.5307791,0.5199131106488671,42.408283
2025-11-07 14:15:00,2025-11-07 14:30:00,-1,554.0,554.35,pivot,-0.3500000000000227,0.1332505,-0.5832505000000228,-18372.390750000715,1.0,2025-11-07,556.55,0.0,556.65,557.0,554.1,0.0,2025,0.0,1.0,1.0,1.0,0,14,4,11,554.0,556.7,553.5,1.965933563520858,60.0194185466015,-0.5643944856969938,-1.314832602434019,0.7504381167370249,552.6425,556.1343363473205,549.1506636526796,553.9399999999999,552.295,552.6425,557.6733333333334,554.7008538401552,1.0,-0.0022563176895306,0,-0.0076714801444043,0,-0.0105595667870036,0,-0.0186823104693141,0,-0.004783393501805,0,-0.006768953068592,0,-0.0070397111913356,0,-0.0065884476534295,0,2025-11-07 14:15:00,0.0045923271919508,0.0112934298735216,6.53862776042634,0.9920206945044407,2.607052938055526,0.9920206945044407,0.0079793054955591,3.800559536296628e-05,9.529424826344916e-05,0.001724948840909,True,4.532092539162525,0.9876640765142984,2.6876953428623342,0.9876640765142984,0.0123359234857016,0.0002828966077742,0.0004771371035496,0.0040243745626514,True,0,0,1,0.7504381167370251,1,0,1,1,0.6943819619498574,1,0,0,1,1,0,0,0.002450361010830251,-0.006630565583634301,0.012605907391048688,0.003548616540651368,45.04085942176289,41.67640160547881,-150.6768953068575,True,0.55986804,0.5821581766251108,43.831055
2025-11-07 14:30:00,2025-11-07 14:40:00,1,554.35,557.75,pivot,3.3999999999999773,0.133363,3.166636999999977,99749.06549999928,1.0,2025-11-07,556.65,0.0,558.25,558.5,556.95,0.0,2025,0.0,1.0,1.0,1.0,1,14,4,11,554.35,557.0,554.1,2.039852783912284,58.37591147480071,-0.0088609546372708,-0.7640011134804084,0.7551401588431376,552.905,556.9646733110299,548.8453266889701,555.35,553.62,552.905,557.0258333333334,554.7008538401552,1.0,0.00613330928114,1,0.0091999639217101,1,0.0081176152250383,1,0.0255253900965093,1,0.0064038964553079,1,0.0059529178316946,1,0.0095607468206006,1,0.0099215297194912,1,2025-11-07 14:30:00,0.0042306197489573,0.0035993919900476,7.667446307593807,0.9894228278986102,2.3973612449367527,0.9894228278986102,0.0105771721013897,3.800559536296628e-05,9.529424826344916e-05,0.001724948840909,True,50.705659935981295,0.8575055357470134,0.7758360554890531,0.8575055357470134,0.1424944642529866,0.0002828966077742,0.0004771371035496,0.0040243745626514,True,0,0,1,0.7551401588431377,1,0,0,1,0.6779699854264226,0,0,0,1,1,0,0,0.0026066564444846216,-0.004826974534740406,0.014646607057021314,0.003679720003449597,44.081995063693945,39.57711585182477,201.72273834219885,True,0.532871,0.4987069351815828,36.74353
2025-11-07 15:05:00,2025-11-07 15:45:00,1,559.65,558.7,eod,-0.9499999999999318,0.1335505,-1.183550499999932,-37281.84074999786,1.0,2025-11-07,559.85,0.0,558.7,558.7,558.7,0.0,2025,0.0,1.0,1.0,2.0,0,15,4,11,559.65,560.25,559.3,1.7638995255182617,65.8977158106245,1.363827103880908,0.6377273825648213,0.7260997213160867,554.9825,561.8181091649305,548.1468908350694,558.9,557.67,554.9825,556.1058333333334,554.7008538401552,1.0,-0.0003573662110246,0,-0.002412221924417,0,0.0083981059590816,1,0.0189404091843116,1,-0.0014294648440989,0,-0.0015188063968552,0,-0.0016974895023674,0,0.0110783525417672,1,2025-11-07 15:05:00,0.0003573023709294,0.0028619999859387,370.8575326319489,0.6266969280300645,0.1518932715291059,0.6266969280300645,0.3733030719699355,3.800559536296628e-05,9.529424826344916e-05,0.001724948840909,True,68.0982810543608,0.8141691082553639,0.5926046011029771,0.8141691082553639,0.185830891744636,0.0002828966077742,0.0004771371035496,0.0040243745626514,True,0,0,1,0.7260997213160867,1,1,1,1,0.841410683918718,0,1,0,0,1,0,0,0.00834003394979008,0.006332827064534209,0.024428157473172833,0.0031517904503140567,47.84831308546113,55.44704212889888,-45.02814258911535,True,0.5069008,0.610903807562517,46.5435
2025-11-10 15:00:00,2025-11-10 15:45:00,-1,577.65,576.9,eod,0.75,0.1346365,0.5153635000000001,16233.950250000002,1.0,2025-11-10,578.05,0.0,576.9,576.9,576.9,0.0,2025,0.0,1.0,1.0,1.0,1,15,0,11,577.65,578.05,577.15,0.8074955523902987,53.813600051333005,0.5141573099674588,0.7443613080851057,-0.2302039981176469,578.1650000000001,579.8949528516305,576.4350471483697,578.0600000000001,578.4399999999999,578.1650000000001,576.1049999999999,577.260138712215,1.0,0.0004327880204275,1,0.0034623041634207,1,-0.0118583917597161,0,-0.0287371245563923,0,0.0020773824980523,1,0.0019908248939668,1,0.0024236129143944,1,0.0012983640612827,1,2025-11-10 15:00:00,0.000692221192303,0.0,257.117556221249,0.6943386270354052,0.277646616841013,0.6943386270354052,0.3056613729645948,5.008422411693399e-05,9.376824390805978e-05,0.0021554483724817,True,124.986255923214,0.44637004649106,-0.0932752736226925,0.44637004649106,0.55362995350894,0.0004250550283828,0.0004691737531297,0.0050299906385433,True,0,0,0,0.2302039981176469,0,1,0,0,0.35115201275146424,1,1,0,0,1,0,0,-0.0008915433220810181,0.0026746299662426605,0.0059896229607215475,0.0013978976064923374,-12.388105884920867,18.896753971427884,65.43754868864745,True,0.51207346,0.661037418942245,42.365993
2025-11-11 11:00:00,2025-11-11 11:45:00,-1,589.55,585.65,pivot,3.899999999999977,0.135256,3.664743999999977,115439.43599999927,1.0,2025-11-11,588.5,0.0,585.7,586.45,585.5,0.0,2025,0.0,1.0,1.0,1.0,1,11,1,11,589.55,590.15,588.45,1.9538345069366847,47.837726936287744,1.2840916721805795,2.1369916841242733,-0.8529000119436936,591.8050000000001,595.0003749515506,588.6096250484495,590.29,590.675,591.8050000000001,583.5183333333333,588.3476268651036,1.0,0.001611398524298,1,0.0062759731998981,1,0.0072936985836654,1,0.0075481299296072,1,0.0037316597404799,1,0.0065304045458398,1,0.0033076074972435,1,0.0041557119837162,1,2025-11-11 11:00:00,-0.0017826073223508,-0.0042390907057668,91.0065464905736,0.1046971576790319,-0.8705267962871805,0.1046971576790319,0.895302842320968,5.008422411693399e-05,9.376824390805978e-05,0.0021554483724817,True,33.238481906841685,0.10897812077744,-0.9360384138329202,0.10897812077744,0.8910218792225599,0.0004250550283828,0.0004691737531297,0.0050299906385433,True,0,0,0,0.8529000119436938,0,1,0,0,0.14714626073758952,1,1,1,0,1,0,0,-0.0038249512339922132,0.010230967121816027,0.010840047329490453,0.0033141116223164868,-40.80079787531897,7.0391426408606055,117.54728182511685,True,0.5308691,0.7598918612113259,76.56297
2025-11-11 14:45:00,2025-11-11 15:10:00,1,579.15,580.1,pivot,0.9500000000000456,0.1347775,0.7152225000000455,22529.508750001434,1.0,2025-11-11,581.1,0.0,580.25,581.3,579.75,0.0,2025,0.0,1.0,1.0,1.0,1,14,1,11,579.15,581.4,578.6,1.8240790571148384,48.70439429696998,-1.5531418592996715,-1.7757040192417428,0.2225621599420713,580.5649999999999,584.7820206526524,576.3479793473475,579.4399999999999,578.8900000000001,580.5649999999999,585.5866666666666,582.1470450233024,-1.0,0.0002590002590002,1,0.0018993352326686,1,0.0044030044030045,1,0.0047483380816714,1,0.0016403349736683,1,0.0015540015540015,1,0.0037986704653372,1,0.0044030044030045,1,2025-11-11 14:45:00,0.0035340294506733,0.0062144166851114,19.748554249760783,0.969224082134984,1.5960768305502102,0.969224082134984,0.0307759178650158,5.008422411693399e-05,9.376824390805978e-05,0.0021554483724817,True,25.076663056829663,0.9176909364481366,1.1421975396847877,0.9176909364481366,0.0823090635518634,0.0004250550283828,0.0004691737531297,0.0050299906385433,True,0,0,1,0.2225621599420713,0,0,0,1,0.33222752310805537,1,0,0,1,1,0,0,-0.002443235776569047,-0.011113988891766574,0.01456279254995225,0.003149579654864609,10.839755193403937,16.180940281760435,51.670551670551454,True,0.5218182,0.5614383083601339,44.13928
2025-11-12 12:30:00,2025-11-12 13:00:00,1,585.85,587.8,pivot,1.949999999999932,0.1352095,1.714790499999932,54015.900749997854,1.0,2025-11-12,586.05,0.0,586.6,587.8,586.45,0.0,2025,0.0,1.0,1.0,1.0,1,12,2,11,585.85,586.45,585.45,1.3688355663034697,51.8456102005004,0.4955285693907854,0.7525868569489396,-0.2570582875581542,586.7774999999999,588.7896931021608,584.7653068978391,586.3199999999999,586.0649999999999,586.7774999999999,583.41,583.931427889737,1.0,0.0013655372535631,1,0.0033284970555601,1,-0.0006827686267815,0,0.0020483058803446,1,0.0016215754886061,1,0.0033284970555601,1,0.0012801911752154,1,0.0016215754886061,1,2025-11-12 12:30:00,0.0003413260550244,-0.0003412095912999,308.93957795827635,0.5938792881332294,0.1148521181379075,0.5938792881332294,0.4061207118667705,5.008422411693399e-05,9.376824390805978e-05,0.0021554483724817,True,121.2414982477224,0.4041030120041561,-0.1611103086792891,0.4041030120041561,0.5958969879958439,0.0004250550283828,0.0004691737531297,0.0050299906385433,True,0,0,0,0.2570582875581542,0,1,0,0,0.2695300716904655,1,1,0,1,1,0,0,-0.001583169753349655,0.004164888623367849,0.006869311605908803,0.002336494949737082,-13.327343775548204,13.973951034176803,51.079627891092144,True,0.5144072,0.6762905715649127,43.29955
2025-11-19 10:30:00,2025-11-19 10:35:00,-1,552.95,553.95,pivot,-1.0,0.133207,-1.2332070000000002,-38846.020500000006,1.0,2025-11-19,553.95,0.0,554.4,554.8,552.35,0.0,2025,0.0,1.0,1.0,1.0,0,10,2,11,552.95,554.05,551.55,2.4789124487913394,53.154732102034,-0.4842195727503622,-1.3138498903689928,0.8296303176186306,550.7299999999999,557.8677720261333,543.5922279738666,553.58,552.2950000000001,550.7299999999999,555.7375,551.8607353470155,1.0,-0.0026222985803416,0,-0.0052445971606835,0,-0.0046116285378423,0,-0.0064201103173884,0,-0.0050637489827289,0,-0.0028031467582963,0,-0.0087711366307982,0,-0.0067818066732977,0,2025-11-19 10:30:00,0.0018068484453129,0.006429143347548,106.69010134347312,0.8756284524551503,0.7982125779920536,0.8756284524551503,0.1243715475448496,3.47152958538164e-05,5.7009502901212e-05,0.0021921966536953,True,23.41217525267735,0.9232546415018348,1.213214992755773,0.9232546415018348,0.0767453584981652,0.0003254567119426,0.0002820061651872,0.0050668160376075,True,0,0,1,0.8296303176186306,1,0,0,1,0.6555107106161495,0,1,1,0,1,0,0,0.004014829550592533,-0.005041142960484508,0.0258170613116316,0.00448306799672907,44.09877727674368,34.84349621281536,-159.50809295596034,True,0.58583766,0.575358949482173,36.675896
2025-11-19 10:35:00,2025-11-19 11:25:00,-1,553.95,555.5,pivot,-1.5499999999999543,0.1332835,-1.7832834999999547,-56173.43024999857,1.0,2025-11-19,554.4,0.0,556.2,556.35,555.2,0.0,2025,0.0,1.0,1.0,1.0,0,10,2,11,553.95,554.8,552.35,2.4768472738776675,54.31361319391944,-0.2782457234906133,-1.106729056993317,0.8284833335027038,550.5375,556.9967548879538,544.0782451120463,554.03,552.625,550.5375,555.6158333333334,551.8607353470155,1.0,-0.0012636519541473,0,-0.006950085747811,0,-0.0040617384240454,0,-0.0009928693925443,0,-0.0009928693925443,0,-0.0034299124469717,0,-0.0049643469627222,0,-0.0050546078165898,0,2025-11-19 10:35:00,0.0008120179090114,0.0040666993825536,228.1110748316936,0.711490218590879,0.3444072432268118,0.711490218590879,0.288509781409121,3.47152958538164e-05,5.7009502901212e-05,0.0021921966536953,True,53.75978690823542,0.8366659068114626,0.7469569033640026,0.8366659068114626,0.1633340931885374,0.0003254567119426,0.0002820061651872,0.0050668160376075,True,0,0,1,0.8284833335027038,1,0,0,1,0.7641558553730549,0,1,1,0,1,0,0,0.006160303276469036,-0.0030071907813581603,0.023320714461427066,0.004471246996800554,44.99792331347481,41.50406554860074,-31.27538586514545,True,0.5313504,0.5304769009067665,57.943275
2025-11-24 12:15:00,2025-11-24 14:05:00,-1,549.45,541.75,pivot,7.700000000000045,0.132736,7.467264000000046,235218.81600000145,1.0,2025-11-24,548.25,0.0,543.65,543.75,541.6,0.0,2025,0.0,1.0,1.0,1.0,1,12,0,11,549.45,549.45,548.15,1.33145431998704,42.30935880542674,0.5269806770091918,0.9785062105973908,-0.4515255335881989,550.44,553.3750154706349,547.5049845293652,550.35,551.0699999999999,550.44,547.0875,548.7225420866218,-1.0,0.0010920010920011,1,0.0022750022750022,1,0.0060060060060061,1,0.0156520156520156,1,0.0025480025480027,1,0.0041860041860043,1,0.0045500045500045,1,0.004095004095004,1,2025-11-24 12:15:00,-0.0020953863631758,-0.0077220460939102,75.36003411797863,0.093522080855598,-0.9818443352008964,0.093522080855598,0.906477919144402,3.47152958538164e-05,5.7009502901212e-05,0.0021921966536953,True,10.389525137824233,0.0427537910940287,-1.579700585079242,0.0427537910940287,0.9572462089059712,0.0003254567119426,0.0002820061651872,0.0050668160376075,True,0,0,0,0.451525533588199,0,1,0,0,0.331346715220915,1,1,0,1,1,0,0,-0.0018018018018018183,0.004299754299754424,0.01068346699657796,0.002423249285625698,-19.103755810394873,14.019067063281247,80.26208026208505,True,0.5041982,0.7149609817948851,83.25327
2025-11-25 14:35:00,2025-11-25 14:40:00,-1,545.25,545.25,pivot,-0.0,0.132715,-0.232715,-7330.5225,1.0,2025-11-25,545.2,0.0,545.5,545.75,544.9,0.0,2025,0.0,1.0,1.0,1.0,0,14,1,11,545.25,545.8,545.15,1.1778747197303048,52.35894761528492,-0.2753719090366076,-0.5836299337261239,0.3082580246895163,543.8125,545.9917985403212,541.6332014596788,544.6600000000001,544.63,543.8125,546.865,545.6127213300939,-1.0,-0.0004585052728106,0,-0.0015589179275562,0,0.0015589179275562,1,-0.0087116001834021,0,-0.0,0,-0.0003668042182485,0,-0.0013755158184319,0,-0.0004585052728106,0,2025-11-25 14:35:00,-9.170525936078332e-05,-0.0004584422213882,294.29122100972126,0.4623488999677895,-0.0678382397908106,0.4623488999677895,0.5376511000322104,3.47152958538164e-05,5.7009502901212e-05,0.0021921966536953,True,114.45599110144462,0.4073971708435351,-0.1461368206541574,0.4073971708435351,0.5926028291564649,0.0003254567119426,0.0002820061651872,0.0050668160376075,True,0,0,1,0.30825802468951635,1,0,1,1,0.8298079573320323,1,0,0,1,1,0,0,0.002636405318661165,-0.0029619440623567337,0.007993758974126203,0.0021602470788267855,16.14006576670959,43.447871368694464,-0.0,True,0.5295946,0.5334028247442327,37.490593
2025-11-27 11:30:00,2025-11-27 11:40:00,1,567.85,566.25,pivot,-1.6000000000000227,0.134023,-1.8340230000000228,-57771.72450000072,1.0,2025-11-27,566.55,0.0,565.0,566.3,564.85,0.0,2025,0.0,1.0,1.0,1.0,0,11,3,11,567.85,567.9,566.55,1.185709816334816,48.36236223302116,0.4324256672495039,0.8315283660045302,-0.3991026987550262,568.1175000000001,570.5487169411856,565.6862830588145,567.08,567.21,568.1175000000001,563.4383333333334,565.9329511639102,1.0,-0.0028176455049749,0,-0.0069560623404068,0,-0.0073082680285286,0,-0.0103900677995949,0,-0.0048428282116756,0,-0.0060755481201022,0,-0.0077485251386809,0,-0.0097737078453818,0,2025-11-27 11:30:00,-0.0022919615110798,0.0009712596233925,72.39986637065664,0.0962141598257275,-0.8838381425770742,0.0962141598257275,0.9037858401742724,-2.7736054851501576e-05,9.92837065721686e-06,0.0026044246914093,True,103.68285016559386,0.595765012688217,0.1559674005514142,0.595765012688217,0.404234987311783,8.34662377360985e-05,5.330877291231664e-05,0.0058855302276941,True,0,0,0,0.3991026987550263,0,1,1,1,0.4449863984845385,1,1,1,0,1,0,0,-0.000471075107863064,0.0077690704704880395,0.008562884357437841,0.0020880687088752595,-19.3015492853669,21.52059339227675,-152.5490886677814,True,0.51020974,0.6892376735879073,45.759052
2025-11-27 13:35:00,2025-11-27 13:45:00,1,562.9,563.5,pivot,0.6000000000000227,0.133792,0.36620800000002274,11535.552000000716,1.0,2025-11-27,564.2,0.0,563.75,563.9,562.95,0.0,2025,0.0,1.0,1.0,1.0,1,13,3,11,562.9,564.35,562.9,1.1005100554295897,53.82613758862605,-0.6219538792649928,-0.8489269817946001,0.2269731025296073,562.8025,564.2283792388921,561.3766207611079,562.6299999999999,562.5550000000001,562.8025,565.6308333333333,564.6425604914344,-1.0,0.0010659086871558,1,0.0007994315153669,1,0.000532954343578,1,0.0002664771717889,1,0.0002664771717889,1,0.0009770829632262,1,-0.0014212115828743,0,-0.0005329543435778,0,2025-11-27 13:35:00,0.002306806097915,0.0039959206036199,68.2344475102218,0.9069326524534884,0.8819136659370971,0.9069326524534884,0.0930673475465115,-2.7736054851501576e-05,9.92837065721686e-06,0.0026044246914093,True,52.48668486245408,0.8364309021499512,0.6698821819240354,0.8364309021499512,0.1635690978500488,8.34662377360985e-05,5.330877291231664e-05,0.0058855302276941,True,0,0,1,0.22697310252960734,1,0,1,1,0.5341894311034803,1,0,0,1,1,0,0,0.000173210161662761,-0.004851364955290982,0.005066190225233945,0.0019550720473078516,12.21708544567597,28.753353816965802,8.394030911350349,True,0.5893342,0.561116429788213,45.106823
2025-11-27 13:45:00,2025-11-27 14:25:00,1,563.5,563.35,pivot,-0.1499999999999772,0.1338055,-0.38380549999997726,-12089.873249999284,1.0,2025-11-27,563.75,0.0,563.2,563.45,562.95,0.0,2025,0.0,1.0,1.0,1.0,0,13,3,11,563.5,563.9,562.95,1.0830928539163251,51.15430644328361,-0.4271198660933351,-0.7130990138621714,0.2859791477688364,562.8775,564.3470058330564,561.4079941669437,563.43,562.73,562.8775,565.6774999999999,564.6425604914344,-1.0,-0.0007985803016859,0,-0.0015971606033717,0,0.0009760425909493,1,-8.873114463168505e-05,0,-0.0002661934338952,0,-0.0024844720496894,0,-0.0001774622892635,0,-0.0001774622892635,0,2025-11-27 13:45:00,0.0004435573370571,0.0023975503204328,247.15972031828133,0.6233254473402843,0.1664970263222601,0.6233254473402843,0.3766745526597157,-2.7736054851501576e-05,9.92837065721686e-06,0.0026044246914093,True,81.54934144092844,0.7292922430065114,0.398305922632058,0.7292922430065114,0.2707077569934886,8.34662377360985e-05,5.330877291231664e-05,0.0058855302276941,True,0,0,1,0.2859791477688364,1,0,1,1,0.7118058962397024,1,0,0,1,1,0,0,0.0011047027506653868,-0.003864241348713213,0.005215637384405891,0.0019220813734096276,14.629064961356141,36.41193694438187,-8.3850931676988,True,0.55781406,0.556208848477657,49.34546
2025-11-28 10:50:00,2025-11-28 11:20:00,1,559.3,558.3,pivot,-1.0,0.133528,-1.2335280000000002,-38856.132000000005,1.0,2025-11-28,559.65,0.0,558.35,558.7,558.2,0.0,2025,0.0,1.0,1.0,1.0,0,10,4,11,559.3,560.1,558.8,1.3672311536122574,51.251179921098974,-0.8368341259199497,-1.1473020744562223,0.3104679485362727,558.425,560.2721884818774,556.5778115181225,558.3900000000001,558.015,558.425,561.5241666666666,561.4213452806904,-1.0,-0.000178794922224,0,-0.001787949222242,0,-0.0039334882889324,0,-0.0041122832111567,0,-0.0013409619166815,0,-0.0014303593777935,0,-0.0016985517611298,0,-0.0025925263722509,0,2025-11-28 10:50:00,0.0007149879650375,0.0025046976150092,221.8675756077045,0.6872340124707672,0.2707160612883034,0.6872340124707672,0.3127659875292328,-2.7736054851501576e-05,9.92837065721686e-06,0.0026044246914093,True,79.62608205389556,0.7379438098471962,0.4165111293731851,0.7379438098471962,0.2620561901528038,8.34662377360985e-05,5.330877291231664e-05,0.0058855302276941,True,0,0,1,0.3104679485362727,1,0,1,1,0.736846431369764,1,0,1,0,1,0,0,0.0015644555694618275,-0.003976697061803386,0.00660535841901457,0.002444539877726189,15.911848690167009,37.764249028351486,-42.24030037546725,True,0.5319825,0.580062365210121,68.61645
2025-12-04 10:35:00,2025-12-04 10:55:00,1,566.7,565.4,pivot,-1.3000000000000682,0.133963,-1.5339630000000684,-48319.83450000215,1.0,2025-12-04,567.45,0.0,564.6,565.45,564.5,0.0,2025,0.0,1.0,1.0,1.0,0,10,3,12,566.7,567.5,566.2,1.1595651747380662,51.74253651682175,-1.0431656327452856,-1.444543554622569,0.4013779218772833,566.0024999999999,568.1819434403343,563.8230565596656,566.03,565.52,566.0024999999999,570.4708333333333,568.456723003012,-1.0,0.0010587612493381,1,-0.0042350449973532,0,-0.0047644256220223,0,-0.003352743956238,0,-0.0022939827068997,0,-0.0037056643726839,0,-0.0052938062466913,0,-0.0069701782248103,0,2025-12-04 10:35:00,0.0014108105681906,0.0054780133455126,144.9009993356358,0.8150370466158687,0.5378854693530765,0.8150370466158687,0.1849629533841312,-2.7736054851501576e-05,9.92837065721686e-06,0.0026044246914093,True,31.612417886920355,0.897603003985468,0.9217019304521896,0.897603003985468,0.102396996014532,8.34662377360985e-05,5.330877291231664e-05,0.0058855302276941,True,0,0,1,0.4013779218772833,1,0,1,1,0.6600179172103452,1,0,1,0,1,0,0,0.0012308099523559283,-0.006654020351743881,0.00769170086583502,0.002046171121824715,20.768311779781357,34.15100118301292,-72.26045526734056,True,0.5650686,0.5613877990355547,38.806793
2025-12-04 12:00:00,2025-12-04 12:40:00,1,564.9,565.0,pivot,0.1000000000000227,0.133897,-0.13389699999997728,-4217.755499999284,1.0,2025-12-04,564.95,0.0,565.2,565.35,564.9,0.0,2025,0.0,1.0,1.0,1.0,0,12,3,12,564.9,565.1,564.1,0.9460305712454214,48.135779212211546,-0.6122034072068345,-0.8903301891621584,0.2781267819553239,564.7700000000001,567.4374253354082,562.102574664592,564.6,564.135,564.7700000000001,567.9066666666666,566.2050700756104,-1.0,0.0008851124092759,1,-0.0007966011683482,0,0.0001770224818552,1,0.0042485395645246,1,-0.0001770224818552,0,-8.851124092751731e-05,0,-0.0009736236502034,0,0.0001770224818552,1,2025-12-04 12:00:00,0.0,0.00239245163073,280.0331544589293,0.5124829429980757,0.0056585913412143,0.5124829429980757,0.4875170570019242,-4.435571977578379e-05,-1.441525542229787e-05,0.0025474989362289,True,80.219777344522,0.7520504982438097,0.4318670438100679,0.7520504982438097,0.2479495017561903,-4.339193908291513e-05,-7.416485894783928e-05,0.0057115182207853,True,0,0,1,0.2781267819553239,1,0,1,1,0.5243680672658815,1,0,0,1,1,0,0,0.000230129226411545,-0.0053224759544462045,0.00944388506074738,0.0016746867963275296,13.387849369204375,25.240865511844564,-5.5762081784388,True,0.528313,0.5639868788481338,38.1435
2025-12-04 15:10:00,2025-12-04 15:45:00,1,568.9,570.3,eod,1.3999999999999773,0.134176,1.165823999999977,36723.45599999928,1.0,2025-12-04,569.15,0.0,570.3,570.3,570.3,0.0,2025,0.0,1.0,1.0,1.0,1,15,3,12,568.9,569.2,568.75,0.6655655230343279,71.10155217870887,0.5930691439647262,0.4651337639296589,0.1279353800350672,567.5525,568.8167763789828,566.2882236210172,568.36,567.73,567.5525,565.9825,567.0370125606553,1.0,0.0014062225347162,1,0.0024608894357531,1,0.0010546669010371,1,0.0056248901388645,1,0.0017577781683951,1,0.001845667076815,1,-0.0045702232378274,0,-0.005449112322025,0,2025-12-04 15:10:00,0.0005272407854999,0.0039610984409675,248.78846376027943,0.6542991061502477,0.2126226759976773,0.6542991061502477,0.3457008938497523,-4.435571977578379e-05,-1.441525542229787e-05,0.0025474989362289,True,49.18136896908518,0.8530456332258013,0.7065132498799102,0.8530456332258013,0.1469543667741987,-4.339193908291513e-05,-7.416485894783928e-05,0.0057115182207853,True,0,1,1,0.12793538003506733,1,1,1,1,1.0329135394762845,1,1,0,0,1,0,0,0.0023686060819124066,0.005128317806292878,0.004444634835587272,0.00116991654602624,9.096404099066278,73.4417559231679,55.370012304445645,True,0.54061925,0.5108430379511864,36.4708
2025-12-08 13:20:00,2025-12-08 14:40:00,1,584.15,585.6,pivot,1.4500000000000457,0.1350925,1.2149075000000458,38269.58625000144,1.0,2025-12-08,584.85,0.0,585.8,585.9,585.45,0.0,2025,0.0,1.0,1.0,1.0,1,13,0,12,584.15,585.05,584.1,0.8179214032222579,69.6277776191469,0.6233038092526613,0.4818389285810565,0.1414648806716047,582.8525000000001,584.2816974288806,581.4233025711195,583.48,583.06,582.8525000000001,581.4533333333334,582.1848492010972,1.0,0.0028246169648206,1,0.0039373448600531,1,0.0035093725926561,1,0.0029958058717795,1,0.0037661559530943,1,0.0038517504065736,1,0.0031669947787383,1,0.003081400325259,1,2025-12-08 13:20:00,0.0011976049335588,0.0029109609596573,168.2680338627494,0.7953587171970163,0.4757686732443754,0.7953587171970163,0.2046412828029836,-4.435571977578379e-05,-1.441525542229787e-05,0.0025474989362289,True,69.44555038263083,0.7909395782149964,0.522650143659122,0.7909395782149964,0.2090604217850036,-4.339193908291513e-05,-7.416485894783928e-05,0.0057115182207853,True,0,0,1,0.1414648806716048,1,1,1,1,0.9539260894893214,1,1,0,1,1,0,0,0.002221176067790636,0.004616394190989646,0.004893254913568674,0.0014001907099585004,9.849885252321645,66.4197536240649,118.63391252247044,True,0.55700374,0.5274139966364031,36.001255
2025-12-08 15:15:00,2025-12-08 15:45:00,1,587.7,588.7,eod,1.0,0.135292,0.7647079999999999,24088.302,1.0,2025-12-08,588.6,0.0,588.7,588.7,588.7,0.0,2025,0.0,1.0,1.0,1.0,1,15,0,12,587.7,588.7,587.6,0.7744602786984779,73.73284088635003,0.8742081422138881,0.758428102593842,0.1157800396200461,586.245,587.8012776191838,584.6887223808162,587.1099999999999,586.4399999999999,586.245,583.685,585.802380983536,1.0,0.0017015484090522,1,-0.0037434064999149,0,-0.0019567806704102,0,-0.0057852645907777,0,0.0011910838863364,1,0.0017015484090522,1,-0.0021269355113152,0,-0.0015313935681471,0,2025-12-08 15:15:00,0.0014451483791935,0.0043417256301831,137.29160133141858,0.8331068746310775,0.5729398406644538,0.8331068746310775,0.1668931253689225,-4.435571977578379e-05,-1.441525542229787e-05,0.0025474989362289,True,42.93878938723567,0.8705773565802037,0.7731552834867456,0.8705773565802037,0.1294226434197962,-4.339193908291513e-05,-7.416485894783928e-05,0.0057115182207853,True,0,1,1,0.11578003962004613,1,1,1,1,0.9674615833526977,1,1,0,0,1,0,0,0.002475752935171075,0.006831716862344904,0.005296163413931558,0.0013177816550935474,8.536791239120161,71.33369098900073,37.5191424195966,True,0.57221574,0.613593728391367,35.611137
2025-12-15 10:50:00,2025-12-15 12:05:00,-1,576.3,577.5,pivot,-1.2000000000000457,0.134614,-1.4346140000000458,-45190.34100000144,1.0,2025-12-15,577.4,0.0,576.1,577.55,575.85,0.0,2025,0.0,1.0,1.0,1.0,0,10,0,12,576.3,577.45,576.15,1.2215959898291444,50.8755250458093,-0.4178888801279754,-0.7037690597545188,0.2858801796265433,576.2049999999999,578.9774015858233,573.4325984141766,576.8199999999999,576.95,576.2049999999999,579.7733333333332,577.8639649785569,-1.0,-0.0019954884608712,0,-0.0023425299323269,0,-0.0046850598646539,0,0.0006073225750475,1,-0.0025160506680549,0,-0.0021690091965989,0,-0.0020822488287351,0,-0.0045115391289259,0,2025-12-15 10:50:00,0.0019936729179765,0.00025981899423,82.35735083176988,0.892175581083504,0.7882586896665679,0.892175581083504,0.1078244189164959,-4.435571977578379e-05,-1.441525542229787e-05,0.0025474989362289,True,117.21807544368068,0.5360381663985762,0.0584754946526176,0.5360381663985762,0.4639618336014238,-4.339193908291513e-05,-7.416485894783928e-05,0.0057115182207853,True,0,0,1,0.28588017962654333,1,0,0,0,0.5171331600165375,1,0,1,0,1,0,0,0.00016484469894157086,-0.006026953554282915,0.009621383258106304,0.002119722349174292,14.544304238690664,26.30942103443986,-79.25559604372935,True,0.52978307,0.5365806789699367,35.924618
2025-12-18 13:20:00,2025-12-18 15:20:00,1,564.0,567.0,pivot,3.0,0.13393,2.76607,87131.205,1.0,2025-12-18,564.8,0.0,566.85,567.0,566.65,0.0,2025,0.0,1.0,1.0,1.0,1,13,3,12,564.0,564.9,563.85,1.0806904918202132,51.74763412052843,-0.6801074116839345,-0.9442559936420872,0.2641485819581528,563.87,566.3322197994928,561.4077802005072,563.95,563.3399999999999,563.87,566.4350000000001,565.795929915282,-1.0,0.0019503546099291,1,0.0050531914893617,1,0.0063829787234042,1,0.0077127659574468,1,0.0029255319148935,1,0.0051418439716311,1,0.0049645390070921,1,0.0044326241134751,1,2025-12-18 13:20:00,0.0013287861281029,0.0039916671619514,152.39944152350583,0.8453369274939981,0.5950588207415834,0.8453369274939981,0.1546630725060018,-3.277006100385237e-05,4.347070348608671e-07,0.0022323027149024,True,42.95406269263136,0.8918061129602665,0.8114121815640013,0.8918061129602665,0.1081938870397335,1.541960076953456e-05,5.509792461292823e-06,0.0049126171137914,True,0,0,1,0.2641485819581527,1,0,1,1,0.5263989429430254,1,0,0,1,1,0,0,0.00023049645390070116,-0.004317375886524927,0.008731275884726242,0.0019161178932982502,13.669064172626907,27.2398999008486,92.15425531914525,True,0.5879899,0.573358336766962,60.80534
2025-12-18 15:20:00,2025-12-18 15:30:00,-1,567.0,566.55,pivot,0.4500000000000455,0.1340065,0.2159935000000454,6803.795250001431,1.0,2025-12-18,566.85,0.0,566.4,566.7,566.1,0.0,2025,0.0,1.0,1.0,1.0,1,15,3,12,567.0,567.0,566.65,0.8546841817780475,46.7829408024557,0.4754230384992297,0.7169162774309727,-0.241493238931743,567.8149999999999,569.3854843451475,566.2445156548524,567.62,568.095,567.8149999999999,566.1408333333333,566.4348782382183,1.0,0.0007936507936508,1,-0.0133156966490299,0,-0.0037918871252204,0,-0.001763668430335,0,0.0014991181657848,1,-0.0140211640211641,0,-0.0156966490299823,0,-0.0106701940035272,0,2025-12-18 15:20:00,-0.0002645852641443,-0.002994541607124,321.3391942553523,0.4243037164381533,-0.1187204447721004,0.4243037164381533,0.5756962835618467,-3.277006100385237e-05,4.347070348608671e-07,0.0022323027149024,True,66.06295985315512,0.1596509585367409,-0.6106829272656155,0.1596509585367409,0.8403490414632591,1.541960076953456e-05,5.509792461292823e-06,0.0049126171137914,True,0,0,0,0.24149323893174307,0,1,0,0,0.24052590765449952,1,1,0,0,1,0,0,-0.0014373897707229998,0.001515285126396363,0.005539627319744338,0.0015073795093087257,-11.297763901137023,11.252509299257378,47.2222222222212,True,0.5454741,0.6666859260014645,45.70272
