entry_time,exit_time,direction,entry_px,exit_px,exit_reason,gross_pts,cost_pts,net_pts,net_krw,size_factor,exit_date,entry_close,entry_high,entry_low,entry_volume,exit_close,exit_high,exit_low,exit_volume,year,entry_rsi,entry_macd,entry_macd_signal,entry_macd_hist,entry_atr,entry_supertrend,entry_supertrend_dir,entry_ma5,entry_ma10,entry_ma20,entry_ma60,entry_bb_upper,entry_bb_lower,entry_bb_middle,atr_normalized,volatility_regime,trend_regime,momentum_regime,is_win,entry_hour,entry_dayofweek,entry_month,ret_log_5m_kde_pdf,ret_log_5m_kde_cdf,ret_log_5m_kde_zscore,ret_log_5m_kde_left_tail,ret_log_5m_kde_right_tail,ret_log_5m_kde_median,ret_log_5m_kde_mean,ret_log_5m_kde_std,ret_log_5m_kde_ready,ret_log_15m_kde_pdf,ret_log_15m_kde_cdf,ret_log_15m_kde_zscore,ret_log_15m_kde_left_tail,ret_log_15m_kde_right_tail,ret_log_15m_kde_median,ret_log_15m_kde_mean,ret_log_15m_kde_std,ret_log_15m_kde_ready,ret_log_30m_kde_pdf,ret_log_30m_kde_cdf,ret_log_30m_kde_zscore,ret_log_30m_kde_left_tail,ret_log_30m_kde_right_tail,ret_log_30m_kde_median,ret_log_30m_kde_mean,ret_log_30m_kde_std,ret_log_30m_kde_ready,ret_log_60m_kde_pdf,ret_log_60m_kde_cdf,ret_log_60m_kde_zscore,ret_log_60m_kde_left_tail,ret_log_60m_kde_right_tail,ret_log_60m_kde_median,ret_log_60m_kde_mean,ret_log_60m_kde_std,ret_log_60m_kde_ready,kde_aligned_tail_5m,kde_opposite_tail_5m,kde_aligned_zscore_5m,kde_aligned_tail_15m,kde_opposite_tail_15m,kde_aligned_zscore_15m,kde_aligned_tail_30m,kde_opposite_tail_30m,kde_aligned_zscore_30m,kde_aligned_tail_60m,kde_opposite_tail_60m,kde_aligned_zscore_60m,rsi_oversold,rsi_overbought,macd_bullish,macd_strength,price_above_ma20,price_above_ma60,price_above_ma5,price_above_ma10,bb_position,bb_lower_touch,price_above_st,is_morning,is_afternoon,is_bull,is_neutral,is_bear,price_ma20_ratio,price_ma60_ratio,bb_width,atr_ratio,rsi_macd_interaction,rsi_bb_interaction,kde_tail_spread_5m,kde_zscore_abs_5m,kde_tail_spread_15m,kde_zscore_abs_15m,kde_tail_spread_30m,kde_zscore_abs_30m,kde_tail_spread_60m,kde_zscore_abs_60m,filter_score,entry_score,exit_score
2025-04-03 10:35:00,2025-04-03 11:15:00,-1,329.9,331.75,pivot,-1.8500000000000227,0.1198495,-2.1698495000000233,-68350.25925000073,1.0,2025-04-03,330.1,330.15,329.35,0.0,331.65,332.05,331.6,0.0,2025,0.0,0.0,0.0,0.0,0.0,0.0,0.0,0.0,0.0,0.0,0.0,0.0,0.0,0.0,0.0,1.0,1.0,2.0,0,10,3,4,14.747608330697796,0.0141013275554535,-2.6800245630183497,0.0141013275554535,0.9858986724445464,-8.156214668391724e-05,-5.317825987366866e-05,0.0009947135129751,True,2.7386290838510754,0.0007257965545166,-3.2519742774720397,0.0007257965545166,0.9992742034454832,-0.0002537327344667,-0.0001941156457482,0.0016102775161943,True,203.12549901417043,0.4048887220725128,-0.2111953929146989,0.4048887220725128,0.5951112779274872,-0.0004582939045825,-0.0004380758457581,0.0022211224698099,True,59.14344735109013,0.8918058150588558,1.1321880434469385,0.8918058150588558,0.1081941849411441,-0.0009195507718163,-0.0009589245981069,0.002987195280718,True,0.9858986724445464,0.0141013275554535,-2.6800245630183497,0.9992742034454832,0.0007257965545166,-3.2519742774720397,0.5951112779274872,0.4048887220725128,-0.2111953929146989,0.1081941849411441,0.8918058150588558,1.1321880434469385,1,0,0,0.0,1,1,1,1,,0,1,1,0,1,0,0,1.0,1.0,0.0,0.0,0.0,,0.971797344889093,2.6800245630183497,0.9985484068909667,3.2519742774720397,0.19022255585497438,0.2111953929146989,-0.7836116301177117,1.1321880434469385,0.5068181,0.5353240586719856,0.52990794
2025-04-04 08:45:00,2025-04-04 10:30:00,1,327.0,331.7,pivot,4.699999999999989,0.119761,4.380238999999989,137977.52849999964,1.0,2025-04-04,327.45,327.75,326.15,0.0,331.4,331.75,331.25,0.0,2025,0.0,0.0,0.0,0.0,0.0,0.0,0.0,0.0,0.0,0.0,0.0,0.0,0.0,0.0,0.0,2.0,0.0,0.0,1,8,4,4,566.0865304586215,0.6143800405902731,0.23239690331531,0.6143800405902731,0.3856199594097269,-4.593300030381269e-05,-6.432975939286195e-05,0.0009241183941401,True,206.7403647880896,0.8196174830486755,0.7153831311061519,0.8196174830486755,0.1803825169513244,-0.0002038870441917,-0.0002570584307353,0.0016214989966757,True,41.173271702547474,0.9560091623867664,1.627713031215382,0.9560091623867664,0.0439908376132335,-0.0004584925165251,-0.0005365031347684,0.0017173605487507,True,191.21866115525543,0.705049094054545,0.5362331344383615,0.705049094054545,0.294950905945455,-0.0009864912089664,-0.0010509754693413,0.0019599226564805,True,0.6143800405902731,0.3856199594097269,-0.23239690331531,0.8196174830486755,0.1803825169513244,-0.7153831311061519,0.9560091623867664,0.0439908376132335,-1.627713031215382,0.705049094054545,0.294950905945455,-0.5362331344383615,1,0,0,0.0,1,1,1,1,,0,1,0,0,0,1,0,1.0,1.0,0.0,0.0,0.0,,0.2287600811805462,0.23239690331531,0.6392349660973511,0.7153831311061519,0.9120183247735328,1.627713031215382,0.41009818810909,0.5362331344383615,0.58957326,0.6218286060250207,0.5410085
2025-04-04 11:35:00,2025-04-04 12:00:00,-1,330.0,328.95,pivot,1.0500000000000114,0.1197685,0.7302315000000114,23002.29225000036,1.0,2025-04-04,330.6,331.4,329.75,0.0,327.75,328.95,327.65,0.0,2025,0.0,0.0,0.0,0.0,0.0,0.0,0.0,0.0,0.0,0.0,0.0,0.0,0.0,0.0,0.0,1.0,1.0,1.0,1,11,4,4,32.75023973864506,0.0224587547416131,-1.8958000193319655,0.0224587547416131,0.9775412452583868,5.503065861684044e-05,4.434011729106463e-05,0.0011414427933394,True,5.438471381313573e-09,0.0,-8.295333804128768,0.0,1.0,0.000157300073401,0.0001117992331754,0.0019527536254617,True,0.8776224199824847,0.0025077867205542,-3.1600661223161155,0.0025077867205542,0.9974922132794456,0.0002736588773328,0.0001020352813345,0.0028969652132051,True,35.30303014520461,0.0754774587792319,-1.3258688166646937,0.0754774587792319,0.924522541220768,0.0003172391729799,-5.324589238314015e-05,0.0039501433164564,True,0.9775412452583868,0.0224587547416131,-1.8958000193319655,1.0,0.0,-8.295333804128768,0.9974922132794456,0.0025077867205542,-3.1600661223161155,0.924522541220768,0.0754774587792319,-1.3258688166646937,1,0,0,0.0,1,1,1,1,,0,1,1,0,1,0,0,1.0,1.0,0.0,0.0,0.0,,0.9550824905167737,1.8958000193319655,1.0,8.295333804128768,0.9949844265588914,3.1600661223161155,0.8490450824415361,1.3258688166646937,0.57667905,0.5558249734505857,0.5306563
2025-04-07 12:20:00,2025-04-07 13:05:00,-1,312.5,312.85,pivot,-0.3500000000000227,0.1187605,-0.6687605000000226,-21065.955750000714,1.0,2025-04-07,312.4,312.8,312.25,0.0,312.25,313.05,312.25,0.0,2025,0.0,0.0,0.0,0.0,0.0,0.0,0.0,0.0,0.0,0.0,0.0,0.0,0.0,0.0,0.0,1.0,1.0,1.0,0,12,0,4,147.4914221883084,0.0847620129182757,-1.183345542926605,0.0847620129182757,0.9152379870817242,-9.946471622929608e-05,-4.214140737403917e-05,0.0010446842586089,True,153.99048058884432,0.1768000867525691,-0.8167233424637081,0.1768000867525691,0.8231999132474309,-0.0002263499889337,-0.0001458040501609,0.0017777079791936,True,148.59354078732096,0.2538353401274887,-0.5527239236451631,0.2538353401274887,0.7461646598725113,-0.0004326140300761,-0.0003861761145971,0.0024807198297884,True,23.556902284066165,0.0399994678463655,-1.5727985423285895,0.0399994678463655,0.9600005321536343,-0.0008818878399266,-0.0009089275875668,0.003475722968884,True,0.9152379870817242,0.0847620129182757,-1.183345542926605,0.8231999132474309,0.1768000867525691,-0.8167233424637081,0.7461646598725113,0.2538353401274887,-0.5527239236451631,0.9600005321536343,0.0399994678463655,-1.5727985423285895,1,0,0,0.0,1,1,1,1,,0,1,0,1,1,0,0,1.0,1.0,0.0,0.0,0.0,,0.8304759741634485,1.183345542926605,0.6463998264948618,0.8167233424637081,0.49232931974502264,0.5527239236451631,0.9200010643072688,1.5727985423285895,0.5320637,0.5359237926434539,0.5489643
2025-04-08 10:50:00,2025-04-08 11:20:00,-1,314.35,315.0,pivot,-0.6499999999999773,0.1188805,-0.9688804999999773,-30519.735749999283,1.0,2025-04-08,314.8,315.0,313.95,0.0,314.45,315.0,314.15,0.0,2025,0.0,0.0,0.0,0.0,0.0,0.0,0.0,0.0,0.0,0.0,0.0,0.0,0.0,0.0,0.0,1.0,1.0,1.0,0,10,1,4,180.29894471650783,0.9132221268689332,1.2741584503352603,0.9132221268689332,0.0867778731310667,5.5687421950526417e-05,7.676961012414787e-05,0.0008124074626385,True,171.75686425580628,0.8279096752877011,0.7847142488616028,0.8279096752877011,0.1720903247122989,0.0001528367421281,0.0002579116996954,0.0014934203494422,True,4.785109716530122,0.9909884949976476,3.536406195326165,0.9909884949976476,0.0090115050023524,0.0003426913397749,0.000572187217824,0.0022728044801667,True,30.619311353065918,0.9028922920466524,1.119531238251315,0.9028922920466524,0.0971077079533476,0.0009221748836303,0.001394201681887,0.0035890919990311,True,0.0867778731310667,0.9132221268689332,1.2741584503352603,0.1720903247122989,0.8279096752877011,0.7847142488616028,0.0090115050023524,0.9909884949976476,3.536406195326165,0.0971077079533476,0.9028922920466524,1.119531238251315,1,0,0,0.0,1,1,1,1,,0,1,1,0,1,0,0,1.0,1.0,0.0,0.0,0.0,,-0.8264442537378666,1.2741584503352603,-0.6558193505754022,0.7847142488616028,-0.9819769899952953,3.536406195326165,-0.8057845840933049,1.119531238251315,0.5918325,0.5459031680387406,0.5596031
2025-04-08 13:40:00,2025-04-08 14:05:00,1,309.2,310.8,pivot,1.6000000000000227,0.1186,1.2814000000000225,40364.10000000071,1.0,2025-04-08,309.75,309.85,309.2,0.0,310.05,310.85,309.85,0.0,2025,0.0,0.0,0.0,0.0,0.0,0.0,0.0,0.0,0.0,0.0,0.0,0.0,0.0,0.0,0.0,1.0,1.0,1.0,1,13,1,4,16.608374241847308,0.009989340828554,-2.7378130667696605,0.009989340828554,0.990010659171446,-9.946471622929608e-05,-4.214140737403917e-05,0.0010446842586089,True,38.68312009342124,0.0420911918712707,-1.6411465294087688,0.0420911918712707,0.9579088081287292,-0.0002263499889337,-0.0001458040501609,0.0017777079791936,True,43.7847749656291,0.06387440652473,-1.4034947336139303,0.06387440652473,0.93612559347527,-0.0004326140300761,-0.0003861761145971,0.0024807198297884,True,20.327052885777317,0.0350369656509798,-1.6369635476102191,0.0350369656509798,0.9649630343490202,-0.0008818878399266,-0.0009089275875668,0.003475722968884,True,0.009989340828554,0.990010659171446,2.7378130667696605,0.0420911918712707,0.9579088081287292,1.6411465294087688,0.06387440652473,0.93612559347527,1.4034947336139303,0.0350369656509798,0.9649630343490202,1.6369635476102191,1,0,0,0.0,1,1,1,1,,0,1,0,1,1,0,0,1.0,1.0,0.0,0.0,0.0,,-0.9800213183428921,2.7378130667696605,-0.9158176162574585,1.6411465294087688,-0.87225118695054,1.4034947336139303,-0.9299260686980404,1.6369635476102191,0.5696235,0.5176113195932881,0.5870583
2025-04-08 14:10:00,2025-04-08 14:40:00,-1,310.1,310.45,pivot,-0.3499999999999659,0.1186165,-0.6686164999999659,-21061.419749998924,1.0,2025-04-08,309.6,310.15,309.45,0.0,309.65,310.65,309.5,0.0,2025,0.0,0.0,0.0,0.0,0.0,0.0,0.0,0.0,0.0,0.0,0.0,0.0,0.0,0.0,0.0,1.0,1.0,1.0,0,14,1,4,508.72296525243775,0.3434980879306412,-0.2948885580525141,0.3434980879306412,0.6565019120693588,-3.978241350991579e-05,-4.614792159475555e-05,0.0009345984962979,True,35.24698429271652,0.9624370349747312,1.6009990043158815,0.9624370349747312,0.0375629650252689,-0.0001732827138329,-0.0002192561183051,0.0016462777446011,True,17.448946161768013,0.9860224470973048,2.235710636398889,0.9860224470973048,0.0139775529026952,-0.00042033342205,-0.000523777901773,0.0018203969879926,True,210.7856603680093,0.6198290704187969,0.3272054174499857,0.6198290704187969,0.3801709295812031,-0.0008921636404812,-0.0009954807341013,0.002059044177281,True,0.6565019120693588,0.3434980879306412,-0.2948885580525141,0.0375629650252689,0.9624370349747312,1.6009990043158815,0.0139775529026952,0.9860224470973048,2.235710636398889,0.3801709295812031,0.6198290704187969,0.3272054174499857,1,0,0,0.0,1,1,1,1,,0,1,0,1,1,0,0,1.0,1.0,0.0,0.0,0.0,,0.31300382413871763,0.2948885580525141,-0.9248740699494623,1.6009990043158815,-0.9720448941946096,2.235710636398889,-0.2396581408375938,0.3272054174499857,0.53402257,0.555538623123453,0.6144037
2025-04-08 14:40:00,2025-04-08 15:30:00,1,310.45,310.2,pivot,-0.25,0.1186195,-0.5686195,-17911.51425,1.0,2025-04-08,309.65,310.65,309.5,0.0,311.1,311.1,310.15,0.0,2025,0.0,0.0,0.0,0.0,0.0,0.0,0.0,0.0,0.0,0.0,0.0,0.0,0.0,0.0,0.0,1.0,1.0,1.0,0,14,1,4,3.7799176185656185,0.9984384186946502,3.5059403852866917,0.9984384186946502,0.0015615813053497,-3.978241350991579e-05,-4.614792159475555e-05,0.0009345984962979,True,112.0318353398086,0.8996368835666183,1.015435702816376,0.8996368835666183,0.1003631164333817,-0.0001732827138329,-0.0002192561183051,0.0016462777446011,True,100.57286290372514,0.1324392292059649,-0.9510989660939994,0.1324392292059649,0.8675607707940352,-0.00042033342205,-0.000523777901773,0.0018203969879926,True,103.3141822837092,0.8793121601870164,1.1104318067315972,0.8793121601870164,0.1206878398129835,-0.0008921636404812,-0.0009954807341013,0.002059044177281,True,0.9984384186946502,0.0015615813053497,-3.5059403852866917,0.8996368835666183,0.1003631164333817,-1.015435702816376,0.1324392292059649,0.8675607707940352,0.9510989660939994,0.8793121601870164,0.1206878398129835,-1.1104318067315972,1,0,0,0.0,1,1,1,1,,0,1,0,1,1,0,0,1.0,1.0,0.0,0.0,0.0,,0.9968768373893006,3.5059403852866917,0.7992737671332366,1.015435702816376,-0.7351215415880703,0.9510989660939994,0.7586243203740329,1.1104318067315972,0.5283872,0.6269837630219188,0.6777415
2025-04-10 10:50:00,2025-04-10 11:15:00,-1,320.85,321.85,pivot,-1.0,0.119281,-1.319281,-41557.3515,1.0,2025-04-10,321.3,321.4,320.75,0.0,322.65,322.7,321.8,0.0,2025,0.0,0.0,0.0,0.0,0.0,0.0,0.0,0.0,0.0,0.0,0.0,0.0,0.0,0.0,0.0,1.0,1.0,1.0,0,10,3,4,456.4916558871388,0.7259850957892984,0.4813676310266221,0.7259850957892984,0.2740149042107016,5.5687421950526417e-05,7.676961012414787e-05,0.0008124074626385,True,284.1147873315253,0.6435775587793726,0.2450205254170962,0.6435775587793726,0.3564224412206274,0.0001528367421281,0.0002579116996954,0.0014934203494422,True,135.9403922068967,0.7681092337434723,0.5721884644350745,0.7681092337434723,0.2318907662565277,0.0003426913397749,0.000572187217824,0.0022728044801667,True,111.28225741696252,0.6949589060045691,0.3074476948620666,0.6949589060045691,0.3050410939954309,0.0009221748836303,0.001394201681887,0.0035890919990311,True,0.2740149042107016,0.7259850957892984,0.4813676310266221,0.3564224412206274,0.6435775587793726,0.2450205254170962,0.2318907662565277,0.7681092337434723,0.5721884644350745,0.3050410939954309,0.6949589060045691,0.3074476948620666,1,0,0,0.0,1,1,1,1,,0,1,1,0,1,0,0,1.0,1.0,0.0,0.0,0.0,,-0.45197019157859675,0.4813676310266221,-0.28715511755874523,0.2450205254170962,-0.5362184674869446,0.5721884644350745,-0.3899178120091382,0.3074476948620666,0.52418905,0.5526232233286035,0.694554
2025-04-14 10:55:00,2025-04-14 12:10:00,1,325.45,325.5,pivot,0.0500000000000113,0.1195285,-0.2695284999999886,-8490.147749999642,1.0,2025-04-14,325.2,325.5,325.15,0.0,325.5,325.6,325.4,0.0,2025,0.0,0.0,0.0,0.0,0.0,0.0,0.0,0.0,0.0,0.0,0.0,0.0,0.0,0.0,0.0,1.0,1.0,1.0,0,10,0,4,520.0525554504667,0.6344208183853806,0.2326301691492066,0.6344208183853806,0.3655791816146194,6.224950246708337e-05,8.733545638269742e-05,0.0009458182060118,True,240.6835439530407,0.2216002402285351,-0.640143307597417,0.2216002402285351,0.7783997597714648,0.0001898933861721,0.0002887713780214,0.0016508203287492,True,212.88921147412316,0.378245476509656,-0.3319212069535096,0.378245476509656,0.6217545234903439,0.0004256021591527,0.0006498508571397,0.0024207434588872,True,133.88690897832154,0.4721573566548991,-0.151495756789425,0.4721573566548991,0.5278426433451009,0.0009780651547447,0.0012946769817782,0.003472681500465,True,0.6344208183853806,0.3655791816146194,-0.2326301691492066,0.2216002402285351,0.7783997597714648,0.640143307597417,0.378245476509656,0.6217545234903439,0.3319212069535096,0.4721573566548991,0.5278426433451009,0.151495756789425,1,0,0,0.0,1,1,1,1,,0,1,1,0,1,0,0,1.0,1.0,0.0,0.0,0.0,,0.26884163677076117,0.2326301691492066,-0.5567995195429297,0.640143307597417,-0.24350904698068787,0.3319212069535096,-0.055685286690201785,0.151495756789425,0.56404084,0.5378402275449171,0.69341743
2025-04-14 15:25:00,2025-04-14 15:45:00,1,325.25,325.7,eod,0.4499999999999886,0.1195285,0.1304714999999886,4109.852249999642,1.0,2025-04-14,325.4,325.55,325.2,0.0,325.7,325.7,325.7,0.0,2025,0.0,0.0,0.0,0.0,0.0,0.0,0.0,0.0,0.0,0.0,0.0,0.0,0.0,0.0,0.0,1.0,1.0,1.0,1,15,0,4,435.203817795881,0.2017115955748559,-0.6836173442738885,0.2017115955748559,0.798288404425144,5.62988604719488e-05,8.769371157359806e-05,0.0008027460223075,True,383.8751008089261,0.5057126873809452,-0.0674909559271554,0.5057126873809452,0.4942873126190548,0.0001389221454265,0.0002471856385263,0.0013845695068838,True,297.9572368605724,0.5170475391731364,-0.0215478749160451,0.5170475391731364,0.4829524608268636,0.0002505656008986,0.0003421034599127,0.0016057445383264,True,177.54864083981613,0.216530280786921,-0.7330159783907474,0.216530280786921,0.7834697192130791,0.0004802107976197,0.0006503086349674,0.0019353642114203,True,0.2017115955748559,0.798288404425144,0.6836173442738885,0.5057126873809452,0.4942873126190548,0.0674909559271554,0.5170475391731364,0.4829524608268636,0.0215478749160451,0.216530280786921,0.7834697192130791,0.7330159783907474,1,0,0,0.0,1,1,1,1,,0,1,0,0,1,0,0,1.0,1.0,0.0,0.0,0.0,,-0.5965768088502881,0.6836173442738885,0.011425374761890428,0.0674909559271554,0.03409507834627279,0.0215478749160451,-0.5669394384261581,0.7330159783907474,0.52027154,0.5140281368906197,0.68102455
2025-04-15 11:15:00,2025-04-15 14:40:00,1,328.7,328.85,pivot,0.1500000000000341,0.1197265,-0.16972649999996592,-5346.384749998926,1.0,2025-04-15,328.75,329.0,328.65,0.0,328.7,328.85,328.65,0.0,2025,0.0,0.0,0.0,0.0,0.0,0.0,0.0,0.0,0.0,0.0,0.0,0.0,0.0,0.0,0.0,1.0,1.0,1.0,0,11,1,4,288.0124756368425,0.8599911198617879,0.8406046370946698,0.8599911198617879,0.1400088801382121,5.62988604719488e-05,8.769371157359806e-05,0.0008027460223075,True,367.7037871666233,0.6212221662436528,0.1518421682289342,0.6212221662436528,0.3787778337563472,0.0001389221454265,0.0002471856385263,0.0013845695068838,True,293.6189561423322,0.6073727109315821,0.1668002649915842,0.6073727109315821,0.3926272890684179,0.0002505656008986,0.0003421034599127,0.0016057445383264,True,226.288212262886,0.5663690893389689,0.0579617545396744,0.5663690893389689,0.4336309106610311,0.0004802107976197,0.0006503086349674,0.0019353642114203,True,0.8599911198617879,0.1400088801382121,-0.8406046370946698,0.6212221662436528,0.3787778337563472,-0.1518421682289342,0.6073727109315821,0.3926272890684179,-0.1668002649915842,0.5663690893389689,0.4336309106610311,-0.0579617545396744,1,0,0,0.0,1,1,1,1,,0,1,1,0,1,0,0,1.0,1.0,0.0,0.0,0.0,,0.7199822397235758,0.8406046370946698,0.24244433248730557,0.1518421682289342,0.2147454218631642,0.1668002649915842,0.1327381786779378,0.0579617545396744,0.52960587,0.6345896769189613,0.6884405
2025-04-18 10:45:00,2025-04-18 11:35:00,1,327.35,327.7,pivot,0.3499999999999659,0.1196515,0.03034849999996587,955.977749998925,1.0,2025-04-18,327.45,327.5,327.25,0.0,327.65,327.8,327.6,0.0,2025,0.0,0.0,0.0,0.0,0.0,0.0,0.0,0.0,0.0,0.0,0.0,0.0,0.0,0.0,0.0,1.0,1.0,1.0,1,10,4,4,520.5832868428496,0.6336392808658685,0.2310398650786234,0.6336392808658685,0.3663607191341315,6.224950246708337e-05,8.733545638269742e-05,0.0009458182060118,True,274.67425869175366,0.6232639181966686,0.1956824299763604,0.6232639181966686,0.3767360818033314,0.0001898933861721,0.0002887713780214,0.0016508203287492,True,207.0695693378925,0.4754977375874387,-0.1421024969780326,0.4754977375874387,0.5245022624125613,0.0004256021591527,0.0006498508571397,0.0024207434588872,True,126.69372427709794,0.5714271574315325,0.0678280455485956,0.5714271574315325,0.4285728425684675,0.0009780651547447,0.0012946769817782,0.003472681500465,True,0.6336392808658685,0.3663607191341315,-0.2310398650786234,0.6232639181966686,0.3767360818033314,-0.1956824299763604,0.4754977375874387,0.5245022624125613,0.1421024969780326,0.5714271574315325,0.4285728425684675,-0.0678280455485956,1,0,0,0.0,1,1,1,1,,0,1,1,0,1,0,0,1.0,1.0,0.0,0.0,0.0,,0.26727856173173703,0.2310398650786234,0.2465278363933372,0.1956824299763604,-0.049004524825122575,0.1421024969780326,0.142854314863065,0.0678280455485956,0.5472782,0.5487650413532241,0.68671757
2025-04-21 10:45:00,2025-04-21 10:50:00,1,329.15,329.2,pivot,0.0500000000000113,0.1197505,-0.2697504999999886,-8497.140749999642,1.0,2025-04-21,329.2,329.4,329.05,0.0,328.9,329.25,328.85,0.0,2025,0.0,0.0,0.0,0.0,0.0,0.0,0.0,0.0,0.0,0.0,0.0,0.0,0.0,0.0,0.0,1.0,1.0,1.0,0,10,0,4,587.633706896213,0.4610792708829012,-0.0965403984867758,0.4610792708829012,0.5389207291170988,6.576824486721336e-05,9.058106398298016e-05,0.0009382710803227,True,245.50060847465505,0.6953925391337203,0.3658350980368628,0.6953925391337203,0.3046074608662796,0.000220448034778,0.0003158592700371,0.0016306515027829,True,210.77067938371263,0.4553359282021941,-0.1732897564023416,0.4553359282021941,0.5446640717978058,0.0005201414486839,0.0007112839938154,0.002350053561292,True,12.259980163302451,0.0191038833531824,-2.0192981175944085,0.0191038833531824,0.9808961166468176,0.0011465340916816,0.0013060666309649,0.0032743669838022,True,0.4610792708829012,0.5389207291170988,0.0965403984867758,0.6953925391337203,0.3046074608662796,-0.3658350980368628,0.4553359282021941,0.5446640717978058,0.1732897564023416,0.0191038833531824,0.9808961166468176,2.0192981175944085,1,0,0,0.0,1,1,1,1,,0,1,1,0,1,0,0,1.0,1.0,0.0,0.0,0.0,,-0.07784145823419758,0.0965403984867758,0.39078507826744074,0.3658350980368628,-0.08932814359561175,0.1732897564023416,-0.9617922332936353,2.0192981175944085,0.5346234,0.5372042407240433,0.64964646
2025-04-21 10:50:00,2025-04-21 11:45:00,1,329.2,328.75,pivot,-0.4499999999999886,0.1197385,-0.7697384999999887,-24246.76274999964,1.0,2025-04-21,328.9,329.25,328.85,0.0,328.35,328.8,328.25,0.0,2025,0.0,0.0,0.0,0.0,0.0,0.0,0.0,0.0,0.0,0.0,0.0,0.0,0.0,0.0,0.0,1.0,1.0,1.0,0,10,0,4,289.356766009496,0.8223744112135095,0.71314593506889,0.8223744112135095,0.1776255887864904,6.576824486721336e-05,9.058106398298016e-05,0.0009382710803227,True,245.59230993395343,0.6952220196962565,0.3654099829727343,0.6952220196962565,0.3047779803037435,0.000220448034778,0.0003158592700371,0.0016306515027829,True,151.8460005014661,0.7301130435081125,0.4735973784868254,0.7301130435081125,0.2698869564918875,0.0005201414486839,0.0007112839938154,0.002350053561292,True,32.77903776195221,0.058213297497117,-1.4638848753535092,0.058213297497117,0.941786702502883,0.0011465340916816,0.0013060666309649,0.0032743669838022,True,0.8223744112135095,0.1776255887864904,-0.71314593506889,0.6952220196962565,0.3047779803037435,-0.3654099829727343,0.7301130435081125,0.2698869564918875,-0.4735973784868254,0.058213297497117,0.941786702502883,1.4638848753535092,1,0,0,0.0,1,1,1,1,,0,1,1,0,1,0,0,1.0,1.0,0.0,0.0,0.0,,0.6447488224270191,0.71314593506889,0.39044403939251304,0.3654099829727343,0.46022608701622497,0.4735973784868254,-0.883573405005766,1.4638848753535092,0.54663926,0.5711577540119352,0.6016311
2025-04-23 08:45:00,2025-04-23 10:40:00,1,333.0,332.5,pivot,-0.5,0.119965,-0.8199649999999999,-25828.8975,1.0,2025-04-23,334.55,334.65,332.6,0.0,332.45,332.6,332.3,0.0,2025,0.0,0.0,0.0,0.0,0.0,0.0,0.0,0.0,0.0,0.0,0.0,0.0,0.0,0.0,0.0,2.0,2.0,2.0,0,8,2,4,543.7022184150064,0.5292219829460417,0.0653415066672012,0.5292219829460417,0.4707780170539583,-5.3595165093711154e-05,-6.621919394287905e-05,0.0010134323085041,True,172.50500533275408,0.838561126827046,0.7572775858030243,0.838561126827046,0.161438873172954,-0.0001903859048067,-0.0002632497711547,0.0017551086734354,True,193.04735752445117,0.7864208869291462,0.6799526354535608,0.7864208869291462,0.2135791130708537,-0.0004112886583939,-0.0005268863534679,0.0018943895833843,True,111.43916441342414,0.8623826627879028,1.022464816427407,0.8623826627879028,0.1376173372120972,-0.0010057379222005,-0.0011682053008222,0.0021849749280515,True,0.5292219829460417,0.4707780170539583,-0.0653415066672012,0.838561126827046,0.161438873172954,-0.7572775858030243,0.7864208869291462,0.2135791130708537,-0.6799526354535608,0.8623826627879028,0.1376173372120972,-1.022464816427407,1,0,0,0.0,1,1,1,1,,0,1,0,0,0,0,0,1.0,1.0,0.0,0.0,0.0,,0.05844396589208345,0.0653415066672012,0.677122253654092,0.7572775858030243,0.5728417738582925,0.6799526354535608,0.7247653255758055,1.022464816427407,0.5146406,0.530763853057972,0.5246568
2025-10-28 14:10:00,2025-10-28 14:55:00,-1,556.65,558.75,pivot,-2.1000000000000227,0.133462,-2.433462000000023,-76654.05300000073,1.0,2025-10-28,556.75,557.3,556.5,0.0,559.6,559.7,558.6,0.0,2025,0.0,0.0,0.0,0.0,0.0,0.0,0.0,0.0,0.0,0.0,0.0,0.0,0.0,0.0,0.0,1.0,1.0,1.0,0,14,1,10,418.4544346754347,0.2324510215946413,-0.5445325354434487,0.2324510215946413,0.7675489784053586,-4.254845022231719e-05,-5.257726596261265e-05,0.0008914854512841,True,229.765053907211,0.2273529056951345,-0.5746937283633065,0.2273529056951345,0.7726470943048656,-0.0001630520644023,-0.0002375972895419,0.0014584352625323,True,229.06651152901003,0.3883081372077244,-0.1998110438488305,0.3883081372077244,0.6116918627922756,-0.0004286875340268,-0.0005495069758107,0.0017368031097496,True,210.36451959341505,0.4577589219309788,-0.0165496364306733,0.4577589219309788,0.5422410780690212,-0.0010583489201099,-0.0012201461728073,0.0021018029307727,True,0.7675489784053586,0.2324510215946413,-0.5445325354434487,0.7726470943048656,0.2273529056951345,-0.5746937283633065,0.6116918627922756,0.3883081372077244,-0.1998110438488305,0.5422410780690212,0.4577589219309788,-0.0165496364306733,1,0,0,0.0,1,1,1,1,,0,1,0,1,1,0,0,1.0,1.0,0.0,0.0,0.0,,0.5350979568107174,0.5445325354434487,0.5452941886097311,0.5746937283633065,0.22338372558455122,0.1998110438488305,0.08448215613804244,0.0165496364306733,0.52479947,0.5874387459847225,0.56018496
2025-10-28 15:00:00,2025-10-28 15:45:00,1,559.6,561.15,eod,1.5499999999999543,0.1336225,1.2163774999999546,38315.89124999857,1.0,2025-10-28,559.9,560.25,559.4,0.0,561.15,561.15,561.15,0.0,2025,0.0,0.0,0.0,0.0,0.0,0.0,0.0,0.0,0.0,0.0,0.0,0.0,0.0,0.0,0.0,1.0,1.0,1.0,1,15,1,10,367.5889930463246,0.72626439079397,0.429395605970497,0.72626439079397,0.27373560920603,-5.6823070884364514e-05,-4.460919574484269e-05,0.0011461146956911,True,15.095661187217004,0.9751063028335047,2.167933359564381,0.9751063028335047,0.0248936971664952,-0.0001433375050529,-8.638515833218315e-05,0.0020668596592672,True,12.592553331930388,0.9731932619528072,1.903230076723197,0.9731932619528072,0.0268067380471929,-0.00026667100184,-5.94024711426001e-05,0.0027180772849093,True,104.77055077630828,0.7665309701653682,0.7308049781308319,0.7665309701653682,0.2334690298346318,-0.0004793636663189,-0.0001509523741489,0.0029030629577921,True,0.72626439079397,0.27373560920603,-0.429395605970497,0.9751063028335047,0.0248936971664952,-2.167933359564381,0.9731932619528072,0.0268067380471929,-1.903230076723197,0.7665309701653682,0.2334690298346318,-0.7308049781308319,1,0,0,0.0,1,1,1,1,,0,1,0,0,1,0,0,1.0,1.0,0.0,0.0,0.0,,0.45252878158793997,0.429395605970497,0.9502126056670095,2.167933359564381,0.9463865239056143,1.903230076723197,0.5330619403307364,0.7308049781308319,0.5168714,0.5100946947697474,0.58647263
2025-10-29 13:55:00,2025-10-29 14:30:00,-1,565.75,568.5,pivot,-2.75,0.1340275,-3.0840275000000004,-97146.86625,1.0,2025-10-29,566.1,566.8,565.5,0.0,569.25,569.35,568.5,0.0,2025,0.0,0.0,0.0,0.0,0.0,0.0,0.0,0.0,0.0,0.0,0.0,0.0,0.0,0.0,0.0,1.0,1.0,1.0,0,13,2,10,63.733219519102114,0.0461439929273474,-1.5044830001765943,0.0461439929273474,0.9538560070726524,-6.304435575148934e-05,-6.619238166092062e-05,0.0011868385029387,True,28.81919847472546,0.049924491891269,-1.569829989534743,0.049924491891269,0.950075508108731,-0.0001475374841425,-0.0001175129418102,0.002058059047548,True,19.73149685206706,0.0306774131941523,-1.7073606609152263,0.0306774131941523,0.9693225868058476,-0.0002715590611409,-4.9607888283883286e-05,0.0024470420901095,True,2.035083332957943,0.0031385104955589,-2.487961596792804,0.0031385104955589,0.996861489504441,-0.0003695947551571,8.385380858210958e-06,0.0028314240155509,True,0.9538560070726524,0.0461439929273474,-1.5044830001765943,0.950075508108731,0.049924491891269,-1.569829989534743,0.9693225868058476,0.0306774131941523,-1.7073606609152263,0.996861489504441,0.0031385104955589,-2.487961596792804,1,0,0,0.0,1,1,1,1,,0,1,0,1,1,0,0,1.0,1.0,0.0,0.0,0.0,,0.907712014145305,1.5044830001765943,0.900151016217462,1.569829989534743,0.9386451736116953,1.7073606609152263,0.9937229790088821,2.487961596792804,0.53294134,0.5229824092456407,0.56454325
2025-10-29 14:30:00,2025-10-29 14:35:00,1,568.5,569.25,pivot,0.75,0.1341325,0.41586749999999995,13099.826249999998,1.0,2025-10-29,569.25,569.35,568.5,0.0,569.65,569.9,568.8,0.0,2025,0.0,0.0,0.0,0.0,0.0,0.0,0.0,0.0,0.0,0.0,0.0,0.0,0.0,0.0,0.0,1.0,1.0,1.0,1,14,2,10,95.83153455601102,0.9331985807132662,1.27302594237975,0.9331985807132662,0.0668014192867337,8.171593185471579e-05,0.0001458369137548,0.0009239979543,True,221.3624022037514,0.7994697359105096,0.4880557259058515,0.7994697359105096,0.2005302640894903,0.0002156304621034,0.0004033629398884,0.001521065942878,True,36.29898822479074,0.93791132342413,1.5354972179382655,0.93791132342413,0.0620886765758701,0.000390764357715,0.000619836944406,0.0017222667470676,True,10.628116485090532,0.0081951177289213,-2.1680987023473994,0.0081951177289213,0.9918048822710788,0.0008496056068098,0.0010676599309389,0.0020336729418929,True,0.9331985807132662,0.0668014192867337,-1.27302594237975,0.7994697359105096,0.2005302640894903,-0.4880557259058515,0.93791132342413,0.0620886765758701,-1.5354972179382655,0.0081951177289213,0.9918048822710788,2.1680987023473994,1,0,0,0.0,1,1,1,1,,0,1,0,1,1,0,0,1.0,1.0,0.0,0.0,0.0,,0.8663971614265326,1.27302594237975,0.5989394718210194,0.4880557259058515,0.8758226468482598,1.5354972179382655,-0.9836097645421574,2.1680987023473994,0.5104671,0.5887140210654211,0.554609
2025-10-30 10:40:00,2025-10-30 10:45:00,1,576.2,577.15,pivot,0.9499999999999318,0.1346005,0.6153994999999317,19385.08424999785,1.0,2025-10-30,577.15,577.3,575.4,0.0,576.9,577.9,576.8,0.0,2025,0.0,0.0,0.0,0.0,0.0,0.0,0.0,0.0,0.0,0.0,0.0,0.0,0.0,0.0,0.0,1.0,1.0,1.0,1,10,3,10,21.478400233951916,0.9852895608583316,2.354047686150585,0.9852895608583316,0.0147104391416683,8.656602622172943e-05,9.952925977237955e-05,0.0011422455825753,True,224.81656140542003,0.3488107953479089,-0.3115928923745372,0.3488107953479089,0.6511892046520911,0.0002891976915988,0.0003007672307795,0.0020821235218687,True,13.11745746469366,0.0289141044560189,-1.9923033773524208,0.0289141044560189,0.9710858955439812,0.00073870333637,0.0008223185861157,0.0029830751898406,True,0.5223713175580516,0.000303514326689,-3.7700309849214815,0.000303514326689,0.9996964856733108,0.0013703345891353,0.0016630481730815,0.0040631196743511,True,0.9852895608583316,0.0147104391416683,-2.354047686150585,0.3488107953479089,0.6511892046520911,0.3115928923745372,0.0289141044560189,0.9710858955439812,1.9923033773524208,0.000303514326689,0.9996964856733108,3.7700309849214815,1,0,0,0.0,1,1,1,1,,0,1,1,0,1,0,0,1.0,1.0,0.0,0.0,0.0,,0.9705791217166634,2.354047686150585,-0.3023784093041822,0.3115928923745372,-0.9421717910879622,1.9923033773524208,-0.9993929713466219,3.7700309849214815,0.6242345,0.5324605386748553,0.51819754
2025-10-30 10:45:00,2025-10-30 11:45:00,1,577.15,581.6,pivot,4.4500000000000455,0.1347625,4.115237500000045,129629.98125000144,1.0,2025-10-30,576.9,577.9,576.8,0.0,580.85,581.85,580.3,0.0,2025,0.0,0.0,0.0,0.0,0.0,0.0,0.0,0.0,0.0,0.0,0.0,0.0,0.0,0.0,0.0,1.0,1.0,1.0,1,10,3,10,18.46666672997398,0.986851504312052,2.4232253975155524,0.986851504312052,0.013148495687948,8.656602622172943e-05,9.952925977237955e-05,0.0011422455825753,True,8.383863438459093,0.9932650531955668,2.655772151588536,0.9932650531955668,0.006734946804433,0.0002891976915988,0.0003007672307795,0.0020821235218687,True,9.591257699091887,0.0232001569636227,-2.1609871172600763,0.0232001569636227,0.9767998430363772,0.00073870333637,0.0008223185861157,0.0029830751898406,True,5.33471523877378,0.0156367845806829,-2.5355912671793117,0.0156367845806829,0.9843632154193172,0.0013703345891353,0.0016630481730815,0.0040631196743511,True,0.986851504312052,0.013148495687948,-2.4232253975155524,0.9932650531955668,0.006734946804433,-2.655772151588536,0.0232001569636227,0.9767998430363772,2.1609871172600763,0.0156367845806829,0.9843632154193172,2.5355912671793117,1,0,0,0.0,1,1,1,1,,0,1,1,0,1,0,0,1.0,1.0,0.0,0.0,0.0,,0.9737030086241041,2.4232253975155524,0.9865301063911338,2.655772151588536,-0.9535996860727546,2.1609871172600763,-0.9687264308386343,2.5355912671793117,0.58200556,0.5009469979406668,0.51960206
2025-10-30 15:25:00,2025-10-30 15:30:00,-1,573.05,574.1,pivot,-1.0500000000000682,0.1344145,-1.3844145000000683,-43609.05675000215,1.0,2025-10-30,574.1,574.15,572.9,0.0,574.2,574.8,573.9,0.0,2025,0.0,0.0,0.0,0.0,0.0,0.0,0.0,0.0,0.0,0.0,0.0,0.0,0.0,0.0,0.0,1.0,1.0,1.0,0,15,3,10,25.68983876797968,0.0198764246172001,-2.2805873728317114,0.0198764246172001,0.9801235753827998,-4.254845022231719e-05,-5.257726596261265e-05,0.0008914854512841,True,15.57952149718988,0.024820610894496,-2.2189096795500034,0.024820610894496,0.975179389105504,-0.0001630520644023,-0.0002375972895419,0.0014584352625323,True,8.297589345732321,0.0089100205937634,-2.6312897198675578,0.0089100205937634,0.9910899794062366,-0.0004286875340268,-0.0005495069758107,0.0017368031097496,True,119.58281533491775,0.8467768821377476,0.9531825826843012,0.8467768821377476,0.1532231178622524,-0.0010583489201099,-0.0012201461728073,0.0021018029307727,True,0.9801235753827998,0.0198764246172001,-2.2805873728317114,0.975179389105504,0.024820610894496,-2.2189096795500034,0.9910899794062366,0.0089100205937634,-2.6312897198675578,0.1532231178622524,0.8467768821377476,0.9531825826843012,1,0,0,0.0,1,1,1,1,,0,1,0,0,1,0,0,1.0,1.0,0.0,0.0,0.0,,0.9602471507655997,2.2805873728317114,0.9503587782110079,2.2189096795500034,0.9821799588124731,2.6312897198675578,-0.6935537642754952,0.9531825826843012,0.5093585,0.6029765258085331,0.54025984
2025-10-30 15:30:00,2025-10-30 15:45:00,1,574.1,574.2,eod,0.1000000000000227,0.134449,-0.23444899999997726,-7385.143499999283,1.0,2025-10-30,574.2,574.8,573.9,0.0,574.2,574.2,574.2,0.0,2025,0.0,0.0,0.0,0.0,0.0,0.0,0.0,0.0,0.0,0.0,0.0,0.0,0.0,0.0,0.0,1.0,1.0,1.0,0,15,3,10,11.203987409943158,0.0071730348918565,-3.165912371952752,0.0071730348918565,0.9928269651081436,-4.254845022231719e-05,-5.257726596261265e-05,0.0008914854512841,True,4.40212660492006,0.0047998735549412,-3.773938699600643,0.0047998735549412,0.9952001264450588,-0.0001630520644023,-0.0002375972895419,0.0014584352625323,True,1.5195197594586158,0.0012110040790325,-4.5357076818623066,0.0012110040790325,0.9987889959209676,-0.0004286875340268,-0.0005495069758107,0.0017368031097496,True,128.56299035338938,0.2313040393793163,-0.663134870678646,0.2313040393793163,0.7686959606206837,-0.0010583489201099,-0.0012201461728073,0.0021018029307727,True,0.0071730348918565,0.9928269651081436,3.165912371952752,0.0047998735549412,0.9952001264450588,3.773938699600643,0.0012110040790325,0.9987889959209676,4.5357076818623066,0.2313040393793163,0.7686959606206837,0.663134870678646,1,0,0,0.0,1,1,1,1,,0,1,0,0,1,0,0,1.0,1.0,0.0,0.0,0.0,,-0.9856539302162871,3.165912371952752,-0.9904002528901177,3.773938699600643,-0.9975779918419351,4.5357076818623066,-0.5373919212413674,0.663134870678646,0.5022612,0.5558103980923447,0.5581217
2025-10-31 10:35:00,2025-10-31 11:35:00,1,580.05,579.9,pivot,-0.1499999999999772,0.1347985,-0.48479849999997726,-15271.152749999284,1.0,2025-10-31,580.0,580.3,579.45,0.0,579.9,580.3,579.3,0.0,2025,0.0,0.0,0.0,0.0,0.0,0.0,0.0,0.0,0.0,0.0,0.0,0.0,0.0,0.0,0.0,1.0,1.0,1.0,0,10,4,10,25.70181736256412,0.983028272571676,2.269239410515074,0.983028272571676,0.0169717274283238,8.656602622172943e-05,9.952925977237955e-05,0.0011422455825753,True,61.39856758914095,0.0945979945198034,-1.1844224690140623,0.0945979945198034,0.9054020054801966,0.0002891976915988,0.0003007672307795,0.0020821235218687,True,148.59936028453913,0.3187360383413377,-0.3919074153572532,0.3187360383413377,0.6812639616586622,0.00073870333637,0.0008223185861157,0.0029830751898406,True,63.2828290528347,0.1299180580210054,-0.9635234881520892,0.1299180580210054,0.8700819419789946,0.0013703345891353,0.0016630481730815,0.0040631196743511,True,0.983028272571676,0.0169717274283238,-2.269239410515074,0.0945979945198034,0.9054020054801966,1.1844224690140623,0.3187360383413377,0.6812639616586622,0.3919074153572532,0.1299180580210054,0.8700819419789946,0.9635234881520892,1,0,0,0.0,1,1,1,1,,0,1,1,0,1,0,0,1.0,1.0,0.0,0.0,0.0,,0.9660565451433523,2.269239410515074,-0.8108040109603931,1.1844224690140623,-0.36252792331732453,0.3919074153572532,-0.7401638839579892,0.9635234881520892,0.6414743,0.5162853227464829,0.57491994
2025-11-03 11:45:00,2025-11-03 12:25:00,1,594.55,596.05,pivot,1.5,0.135718,1.164282,36674.883,1.0,2025-11-03,595.2,595.25,594.35,0.0,596.25,596.55,595.7,0.0,2025,0.0,0.0,0.0,0.0,0.0,0.0,0.0,0.0,0.0,0.0,0.0,0.0,0.0,0.0,0.0,1.0,1.0,1.0,1,11,0,11,29.08787070572745,0.0225070064251262,-2.074745325978606,0.0225070064251262,0.9774929935748736,8.656602622172943e-05,9.952925977237955e-05,0.0011422455825753,True,181.0137579882792,0.247373702107202,-0.5485912760639017,0.247373702107202,0.7526262978927979,0.0002891976915988,0.0003007672307795,0.0020821235218687,True,171.06550404214863,0.5323137666710565,0.034901665591969,0.5323137666710565,0.4676862333289435,0.00073870333637,0.0008223185861157,0.0029830751898406,True,122.87714297938808,0.486928691694051,-0.0983278203277768,0.486928691694051,0.5130713083059489,0.0013703345891353,0.0016630481730815,0.0040631196743511,True,0.0225070064251262,0.9774929935748736,2.074745325978606,0.247373702107202,0.7526262978927979,0.5485912760639017,0.5323137666710565,0.4676862333289435,-0.034901665591969,0.486928691694051,0.5130713083059489,0.0983278203277768,1,0,0,0.0,1,1,1,1,,0,1,1,0,1,0,0,1.0,1.0,0.0,0.0,0.0,,-0.9549859871497475,2.074745325978606,-0.5052525957855959,0.5485912760639017,0.06462753334211296,0.034901665591969,-0.02614261661189793,0.0983278203277768,0.5559216,0.521727798971299,0.50956863
2025-11-04 14:35:00,2025-11-04 14:55:00,-1,586.6,582.6,pivot,4.0,0.135076,3.664924,115445.106,1.0,2025-11-04,586.2,586.65,585.9,0.0,583.05,583.1,582.1,0.0,2025,0.0,0.0,0.0,0.0,0.0,0.0,0.0,0.0,0.0,0.0,0.0,0.0,0.0,0.0,0.0,1.0,1.0,1.0,1,14,1,11,433.5871178072928,0.243393134350949,-0.5160198598526401,0.243393134350949,0.756606865649051,-4.254845022231719e-05,-5.257726596261265e-05,0.0008914854512841,True,274.21503598316536,0.3052456517826351,-0.3642303625403158,0.3052456517826351,0.6947543482173648,-0.0001630520644023,-0.0002375972895419,0.0014584352625323,True,171.8334914286244,0.2198263203377217,-0.6668249877496457,0.2198263203377217,0.7801736796622782,-0.0004286875340268,-0.0005495069758107,0.0017368031097496,True,220.55129938589783,0.5826669838398928,0.2553692933658792,0.5826669838398928,0.4173330161601072,-0.0010583489201099,-0.0012201461728073,0.0021018029307727,True,0.756606865649051,0.243393134350949,-0.5160198598526401,0.6947543482173648,0.3052456517826351,-0.3642303625403158,0.7801736796622782,0.2198263203377217,-0.6668249877496457,0.4173330161601072,0.5826669838398928,0.2553692933658792,1,0,0,0.0,1,1,1,1,,0,1,0,1,1,0,0,1.0,1.0,0.0,0.0,0.0,,0.513213731298102,0.5160198598526401,0.38950869643472974,0.3642303625403158,0.5603473593245565,0.6668249877496457,-0.1653339676797856,0.2553692933658792,0.5222029,0.540819100170976,0.5366013
2025-11-05 10:35:00,2025-11-05 11:05:00,-1,545.4,552.0,pivot,-6.600000000000023,0.132922,-6.932922000000023,-218387.0430000007,1.0,2025-11-05,545.3,548.8,544.85,0.0,555.25,556.05,551.9,0.0,2025,0.0,0.0,0.0,0.0,0.0,0.0,0.0,0.0,0.0,0.0,0.0,0.0,0.0,0.0,0.0,1.0,0.0,0.0,0,10,2,11,4.271222201997804,0.0096542881287335,-3.3289550376537065,0.0096542881287335,0.9903457118712664,-0.0001258559735682,-0.0001307166224756,0.0012203660926264,True,0.7640209230300457,0.0004104949168429,-4.783047658041221,0.0004104949168429,0.999589505083157,-0.0003419033608364,-0.000452893889723,0.0020145749305671,True,0.2697402678768805,0.0,-5.242358060096647,0.0,1.0,-0.0006933825813332,-0.0009029352330539,0.0028873561940492,True,1.605445589054017,0.0080935121216807,-3.571159643999166,0.0080935121216807,0.9919064878783193,-0.0016438637123484,-0.0018418970430139,0.003547362280719,True,0.9903457118712664,0.0096542881287335,-3.3289550376537065,0.999589505083157,0.0004104949168429,-4.783047658041221,1.0,0.0,-5.242358060096647,0.9919064878783193,0.0080935121216807,-3.571159643999166,1,0,0,0.0,1,1,1,1,,0,1,1,0,0,1,0,1.0,1.0,0.0,0.0,0.0,,0.9806914237425329,3.3289550376537065,0.9991790101663142,4.783047658041221,1.0,5.242358060096647,0.9838129757566385,3.571159643999166,0.7483734,0.504826901238972,0.5317049
2025-11-05 11:45:00,2025-11-05 12:25:00,1,558.35,563.5,pivot,5.149999999999977,0.1336555,4.816344499999978,151714.8517499993,1.0,2025-11-05,558.45,560.0,558.35,0.0,566.7,566.85,563.0,0.0,2025,0.0,0.0,0.0,0.0,0.0,0.0,0.0,0.0,0.0,0.0,0.0,0.0,0.0,0.0,0.0,1.0,2.0,2.0,1,11,2,11,8.161999973664832,0.9920564055988672,3.1255317377366407,0.9920564055988672,0.0079435944011327,-0.0001258559735682,-0.0001307166224756,0.0012203660926264,True,2.790149179122809,0.996096108051722,3.081951923716889,0.996096108051722,0.0039038919482778,-0.0003419033608364,-0.000452893889723,0.0020145749305671,True,19.53430906527313,0.961605030798646,1.7443839732237536,0.961605030798646,0.0383949692013539,-0.0006933825813332,-0.0009029352330539,0.0028873561940492,True,4.3524732140526306e-47,1.0,6.781935031877354,1.0,0.0,-0.0016438637123484,-0.0018418970430139,0.003547362280719,True,0.9920564055988672,0.0079435944011327,-3.1255317377366407,0.996096108051722,0.0039038919482778,-3.081951923716889,0.961605030798646,0.0383949692013539,-1.7443839732237536,1.0,0.0,-6.781935031877354,1,0,0,0.0,1,1,1,1,,0,1,1,0,0,0,0,1.0,1.0,0.0,0.0,0.0,,0.9841128111977345,3.1255317377366407,0.9921922161034442,3.081951923716889,0.9232100615972921,1.7443839732237536,1.0,6.781935031877354,0.6483226,0.546824609232274,0.5420772
2025-11-05 13:00:00,2025-11-05 13:30:00,-1,568.3,565.75,pivot,2.5499999999999545,0.1340215,2.2159784999999546,69803.32274999857,1.0,2025-11-05,566.95,568.35,566.45,0.0,564.4,565.9,563.15,0.0,2025,0.0,0.0,0.0,0.0,0.0,0.0,0.0,0.0,0.0,0.0,0.0,0.0,0.0,0.0,0.0,1.0,1.0,2.0,1,13,2,11,7.723090709666253,0.007715522387001,-3.0608128921472426,0.007715522387001,0.9922844776129988,2.705058649390906e-05,-3.2627343428663427e-06,0.0012071633699704,True,209.46345181831435,0.5755889477906255,0.1633498044775952,0.5755889477906255,0.4244110522093745,-2.534263490182262e-06,-1.0720943372780596e-05,0.0022261512013726,True,12.990519346668766,0.9748103220319502,1.926668456998424,0.9748103220319502,0.0251896779680498,1.206149753322365e-05,-2.410805884289327e-05,0.0029971711875518,True,2.216859502195312,0.9949687512068088,3.14970053970048,0.9949687512068088,0.0050312487931911,0.0001844843669532,6.80536220618445e-05,0.0037820702592405,True,0.9922844776129988,0.007715522387001,-3.0608128921472426,0.4244110522093745,0.5755889477906255,0.1633498044775952,0.0251896779680498,0.9748103220319502,1.926668456998424,0.0050312487931911,0.9949687512068088,3.14970053970048,1,0,0,0.0,1,1,1,1,,0,1,0,1,1,0,0,1.0,1.0,0.0,0.0,0.0,,0.9845689552259977,3.0608128921472426,-0.15117789558125105,0.1633498044775952,-0.9496206440639003,1.926668456998424,-0.9899375024136178,3.14970053970048,0.69050413,0.5338995862802162,0.50908995
2025-11-11 14:35:00,2025-11-11 14:45:00,1,578.1,579.15,pivot,1.0499999999999543,0.1347175,0.7152824999999545,22531.398749998567,1.0,2025-11-11,579.2,579.55,576.95,0.0,581.1,581.4,578.6,0.0,2025,0.0,0.0,0.0,0.0,0.0,0.0,0.0,0.0,0.0,0.0,0.0,0.0,0.0,0.0,0.0,1.0,1.0,0.0,1,14,1,11,2.047849480145441,0.9985577272416286,4.4208360326888245,0.9985577272416286,0.0014422727583713,-4.254845022231719e-05,-5.257726596261265e-05,0.0008914854512841,True,33.67922412024998,0.9720350837442896,1.7021399674432265,0.9720350837442896,0.0279649162557105,-0.0001630520644023,-0.0002375972895419,0.0014584352625323,True,244.31238091243665,0.6943392857466912,0.515051344436382,0.6943392857466912,0.3056607142533087,-0.0004286875340268,-0.0005495069758107,0.0017368031097496,True,45.43392891812695,0.0729728735831441,-1.5484416700360593,0.0729728735831441,0.927027126416856,-0.0010583489201099,-0.0012201461728073,0.0021018029307727,True,0.9985577272416286,0.0014422727583713,-4.4208360326888245,0.9720350837442896,0.0279649162557105,-1.7021399674432265,0.6943392857466912,0.3056607142533087,-0.515051344436382,0.0729728735831441,0.927027126416856,1.5484416700360593,1,0,0,0.0,1,1,1,1,,0,1,0,1,1,0,0,1.0,1.0,0.0,0.0,0.0,,0.9971154544832573,4.4208360326888245,0.9440701674885791,1.7021399674432265,0.38867857149338253,0.515051344436382,-0.854054252833712,1.5484416700360593,0.5245743,0.6325324412174528,0.5024531
2025-11-11 15:10:00,2025-11-11 15:45:00,-1,580.1,581.7,eod,-1.6000000000000227,0.134854,-1.9348540000000227,-60947.90100000072,1.0,2025-11-11,580.25,581.3,579.75,0.0,581.7,581.7,581.7,0.0,2025,0.0,0.0,0.0,0.0,0.0,0.0,0.0,0.0,0.0,0.0,0.0,0.0,0.0,0.0,0.0,1.0,1.0,1.0,0,15,1,11,4.623978743005366,0.9926517705185542,3.060180524208332,0.9926517705185542,0.0073482294814457,-4.254845022231719e-05,-5.257726596261265e-05,0.0008914854512841,True,124.3149596137812,0.1111783336062271,-1.018049520361447,0.1111783336062271,0.8888216663937728,-0.0001630520644023,-0.0002375972895419,0.0014584352625323,True,12.747012258334568,0.991351402529309,2.304893016903922,0.991351402529309,0.008648597470691,-0.0004286875340268,-0.0005495069758107,0.0017368031097496,True,152.04739148932396,0.799415035961424,0.7856108762331248,0.799415035961424,0.2005849640385759,-0.0010583489201099,-0.0012201461728073,0.0021018029307727,True,0.0073482294814457,0.9926517705185542,3.060180524208332,0.8888216663937728,0.1111783336062271,-1.018049520361447,0.008648597470691,0.991351402529309,2.304893016903922,0.2005849640385759,0.799415035961424,0.7856108762331248,1,0,0,0.0,1,1,1,1,,0,1,0,0,1,0,0,1.0,1.0,0.0,0.0,0.0,,-0.9853035410371086,3.060180524208332,0.7776433327875457,1.018049520361447,-0.982702805058618,2.304893016903922,-0.5988300719228481,0.7856108762331248,0.5462283,0.5845753371197048,0.52387995
2025-11-12 12:00:00,2025-11-12 12:30:00,-1,585.9,585.85,pivot,0.0499999999999545,0.1351525,-0.2851525000000455,-8982.303750001432,1.0,2025-11-12,585.45,585.9,584.8,0.0,586.05,586.45,585.45,0.0,2025,0.0,0.0,0.0,0.0,0.0,0.0,0.0,0.0,0.0,0.0,0.0,0.0,0.0,0.0,0.0,1.0,1.0,1.0,0,12,2,11,183.6253607563828,0.8569577154253225,0.7795223374281152,0.8569577154253225,0.1430422845746775,0.0001061956725591,0.0001817807028104,0.0010808505814276,True,11.78829765671603,0.0169642558822975,-1.981233619764988,0.0169642558822975,0.9830357441177024,0.000306587037268,0.0005302386848343,0.0017725736457463,True,3.266922009370438,0.0043527777808477,-2.5534378740955344,0.0043527777808477,0.9956472222191524,0.0005639896223859,0.0009155756882063,0.0021254410018318,True,139.5453283422916,0.1721048454742087,-0.8269791223029986,0.1721048454742087,0.8278951545257912,0.0009995865297066,0.001477205927341,0.0027144141746054,True,0.1430422845746775,0.8569577154253225,0.7795223374281152,0.9830357441177024,0.0169642558822975,-1.981233619764988,0.9956472222191524,0.0043527777808477,-2.5534378740955344,0.8278951545257912,0.1721048454742087,-0.8269791223029986,1,0,0,0.0,1,1,1,1,,0,1,0,1,1,0,0,1.0,1.0,0.0,0.0,0.0,,-0.713915430850645,0.7795223374281152,0.9660714882354049,1.981233619764988,0.9912944444383046,2.5534378740955344,0.6557903090515825,0.8269791223029986,0.5094703,0.6570225792118488,0.5576873
2025-11-14 10:55:00,2025-11-14 11:20:00,1,572.6,572.35,pivot,-0.25,0.1343485,-0.5843484999999999,-18406.97775,1.0,2025-11-14,573.0,573.5,572.4,0.0,571.9,572.65,571.75,0.0,2025,0.0,0.0,0.0,0.0,0.0,0.0,0.0,0.0,0.0,0.0,0.0,0.0,0.0,0.0,0.0,1.0,1.0,1.0,0,10,4,11,41.12190085174179,0.0592634258477871,-1.4377227400886392,0.0592634258477871,0.9407365741522128,-0.0001432238830048,-0.0001706271229666,0.0015212555472565,True,15.484157647042524,0.0310560025173148,-2.03183980950655,0.0310560025173148,0.9689439974826852,-0.0003599092416593,-0.0005340069321894,0.0026117073979882,True,41.58472770248645,0.1121083716849,-0.8922627551423508,0.1121083716849,0.8878916283150999,-0.0006838663349256,-0.0009188197434626,0.003858781563433,True,82.68053579419978,0.2486787936919221,-0.4447208451747045,0.2486787936919221,0.7513212063080779,-0.0015932554715101,-0.0018023090323234,0.0047765385671765,True,0.0592634258477871,0.9407365741522128,1.4377227400886392,0.0310560025173148,0.9689439974826852,2.03183980950655,0.1121083716849,0.8878916283150999,0.8922627551423508,0.2486787936919221,0.7513212063080779,0.4447208451747045,1,0,0,0.0,1,1,1,1,,0,1,1,0,1,0,0,1.0,1.0,0.0,0.0,0.0,,-0.8814731483044257,1.4377227400886392,-0.9378879949653705,2.03183980950655,-0.7757832566302,0.8922627551423508,-0.5026424126161557,0.4447208451747045,0.6319384,0.5338580217576507,0.55396885
2025-11-14 15:10:00,2025-11-14 15:45:00,-1,565.7,563.05,eod,2.650000000000091,0.1338625,2.3161375000000906,72958.33125000286,1.0,2025-11-14,565.35,566.0,565.0,0.0,563.05,563.05,563.05,0.0,2025,0.0,0.0,0.0,0.0,0.0,0.0,0.0,0.0,0.0,0.0,0.0,0.0,0.0,0.0,0.0,1.0,1.0,1.0,1,15,4,11,108.81584029575372,0.0666506265402007,-1.3281907884549005,0.0666506265402007,0.9333493734597992,-4.254845022231719e-05,-5.257726596261265e-05,0.0008914854512841,True,191.00566248486567,0.1744014898445257,-0.7455357867291692,0.1744014898445257,0.8255985101554743,-0.0001630520644023,-0.0002375972895419,0.0014584352625323,True,232.2538984870509,0.738647643313148,0.6218114531051995,0.738647643313148,0.2613523566868519,-0.0004286875340268,-0.0005495069758107,0.0017368031097496,True,112.2695498474305,0.1844728085454104,-0.8471174089470394,0.1844728085454104,0.8155271914545896,-0.0010583489201099,-0.0012201461728073,0.0021018029307727,True,0.9333493734597992,0.0666506265402007,-1.3281907884549005,0.8255985101554743,0.1744014898445257,-0.7455357867291692,0.2613523566868519,0.738647643313148,0.6218114531051995,0.8155271914545896,0.1844728085454104,-0.8471174089470394,1,0,0,0.0,1,1,1,1,,0,1,0,0,1,0,0,1.0,1.0,0.0,0.0,0.0,,0.8666987469195985,1.3281907884549005,0.6511970203109485,0.7455357867291692,-0.4772952866262961,0.6218114531051995,0.6310543829091793,0.8471174089470394,0.51470596,0.6049433583681502,0.5167794
2025-11-18 10:30:00,2025-11-18 11:05:00,-1,566.85,564.4,pivot,2.450000000000045,0.1339375,2.1160625000000453,66655.96875000143,1.0,2025-11-18,566.8,567.55,566.25,0.0,564.95,565.0,563.65,0.0,2025,0.0,0.0,0.0,0.0,0.0,0.0,0.0,0.0,0.0,0.0,0.0,0.0,0.0,0.0,0.0,1.0,1.0,1.0,1,10,1,11,49.52085238510535,0.0665668660763479,-1.3325041677633542,0.0665668660763479,0.933433133923652,-0.0001432238830048,-0.0001706271229666,0.0015212555472565,True,21.866394239984377,0.9679125212683284,1.6899826608363704,0.9679125212683284,0.0320874787316717,-0.0003599092416593,-0.0005340069321894,0.0026117073979882,True,44.17984344458455,0.8983791262149594,0.9460760219390656,0.8983791262149594,0.1016208737850405,-0.0006838663349256,-0.0009188197434626,0.003858781563433,True,64.93791730130555,0.1880361234245721,-0.6152364698128653,0.1880361234245721,0.8119638765754278,-0.0015932554715101,-0.0018023090323234,0.0047765385671765,True,0.933433133923652,0.0665668660763479,-1.3325041677633542,0.0320874787316717,0.9679125212683284,1.6899826608363704,0.1016208737850405,0.8983791262149594,0.9460760219390656,0.8119638765754278,0.1880361234245721,-0.6152364698128653,1,0,0,0.0,1,1,1,1,,0,1,1,0,1,0,0,1.0,1.0,0.0,0.0,0.0,,0.8668662678473041,1.3325041677633542,-0.9358250425366567,1.6899826608363704,-0.7967582524299189,0.9460760219390656,0.6239277531508557,0.6152364698128653,0.6055779,0.5150687452717123,0.5116215
2025-11-18 14:05:00,2025-11-18 14:10:00,1,557.35,558.15,pivot,0.7999999999999545,0.133465,0.4665349999999545,14695.852499998568,1.0,2025-11-18,558.1,558.4,557.0,0.0,558.15,559.4,557.9,0.0,2025,0.0,0.0,0.0,0.0,0.0,0.0,0.0,0.0,0.0,0.0,0.0,0.0,0.0,0.0,0.0,1.0,1.0,1.0,1,14,1,11,213.3592725836562,0.1197014426894209,-0.9457911937296828,0.1197014426894209,0.880298557310579,-4.254845022231719e-05,-5.257726596261265e-05,0.0008914854512841,True,328.9325632478715,0.6859393607663651,0.4087371060784992,0.6859393607663651,0.3140606392336349,-0.0001630520644023,-0.0002375972895419,0.0014584352625323,True,56.37994295150157,0.9497889903450772,1.504344719700525,0.9497889903450772,0.0502110096549228,-0.0004286875340268,-0.0005495069758107,0.0017368031097496,True,40.26180085526,0.0616531184011589,-1.6738676469904838,0.0616531184011589,0.938346881598841,-0.0010583489201099,-0.0012201461728073,0.0021018029307727,True,0.1197014426894209,0.880298557310579,0.9457911937296828,0.6859393607663651,0.3140606392336349,-0.4087371060784992,0.9497889903450772,0.0502110096549228,-1.504344719700525,0.0616531184011589,0.938346881598841,1.6738676469904838,1,0,0,0.0,1,1,1,1,,0,1,0,1,1,0,0,1.0,1.0,0.0,0.0,0.0,,-0.7605971146211581,0.9457911937296828,0.37187872153273016,0.4087371060784992,0.8995779806901545,1.504344719700525,-0.8766937631976821,1.6738676469904838,0.51417834,0.6588976534228261,0.51108485
2025-11-26 11:15:00,2025-11-26 11:30:00,1,555.5,554.8,pivot,-0.7000000000000455,0.133309,-1.0333090000000456,-32549.233500001432,1.0,2025-11-26,555.05,555.65,554.95,0.0,553.7,554.85,553.45,0.0,2025,0.0,0.0,0.0,0.0,0.0,0.0,0.0,0.0,0.0,0.0,0.0,0.0,0.0,0.0,0.0,1.0,1.0,2.0,0,11,2,11,498.16114036670336,0.540996340064009,-0.0047049107840742,0.540996340064009,0.459003659935991,9.930389845865924e-05,0.0001854765186907,0.0011532852241792,True,264.11489881039586,0.2702600245712316,-0.5249882585333935,0.2702600245712316,0.7297399754287683,0.0003178159276297,0.0005472936298119,0.0018996194138552,True,242.81651921838397,0.3874875469375166,-0.35833274446072,0.3874875469375166,0.6125124530624835,0.0005538091349639,0.0009050638451866,0.0022745414778683,True,21.180885503197462,0.9460569520311718,1.9415287601045292,0.9460569520311718,0.0539430479688282,0.0010369233618436,0.0014855388071034,0.0028173218001605,True,0.540996340064009,0.459003659935991,0.0047049107840742,0.2702600245712316,0.7297399754287683,0.5249882585333935,0.3874875469375166,0.6125124530624835,0.35833274446072,0.9460569520311718,0.0539430479688282,-1.9415287601045292,1,0,0,0.0,1,1,1,1,,0,1,1,0,1,0,0,1.0,1.0,0.0,0.0,0.0,,0.08199268012801797,0.0047049107840742,-0.45947995085753673,0.5249882585333935,-0.2250249061249669,0.35833274446072,0.8921139040623436,1.9415287601045292,0.5731113,0.5498394662663494,0.51137054
2026-02-06 11:00:00,2026-02-06 11:35:00,1,740.1,749.8,pivot,9.699999999999932,0.144697,9.35530299999993,294692.0444999978,1.0,2026-02-06,744.35,744.9,739.85,0.0,751.45,751.8,749.7,0.0,2026,0.0,0.0,0.0,0.0,0.0,0.0,0.0,0.0,0.0,0.0,0.0,0.0,0.0,0.0,0.0,1.0,2.0,2.0,1,11,4,2,19.01325753205632,0.9638037130236918,1.8985471836570635,0.9638037130236918,0.0361962869763081,-0.0001913054173516,-0.000134318806079,0.0021459954588218,True,3.7941981357731134,0.9831024028111592,2.448434644438993,0.9831024028111592,0.0168975971888408,-0.0006182362654769,-0.0005670073135843,0.0037913391927257,True,3.1880304533802764,0.9852042542338016,2.5387962767411136,0.9852042542338016,0.0147957457661984,-0.0012326455795934,-0.0013283527465099,0.005332520621938,True,3.0052079887150063,0.9741408197592696,2.1615491989300737,0.9741408197592696,0.0258591802407303,-0.0026575728580834,-0.0029600746923808,0.0067324078974935,True,0.9638037130236918,0.0361962869763081,-1.8985471836570635,0.9831024028111592,0.0168975971888408,-2.448434644438993,0.9852042542338016,0.0147957457661984,-2.5387962767411136,0.9741408197592696,0.0258591802407303,-2.1615491989300737,1,0,0,0.0,1,1,1,1,,0,1,1,0,0,0,0,1.0,1.0,0.0,0.0,0.0,,0.9276074260473838,1.8985471836570635,0.9662048056223185,2.448434644438993,0.9704085084676033,2.5387962767411136,0.9482816395185393,2.1615491989300737,0.5243098,0.5611049421546769,0.5026412
2026-02-06 11:35:00,2026-02-06 12:15:00,1,749.8,743.65,pivot,-6.149999999999977,0.1448035,-6.4948034999999775,-204586.31024999928,1.0,2026-02-06,751.45,751.8,749.7,0.0,743.55,745.4,743.1,0.0,2026,0.0,0.0,0.0,0.0,0.0,0.0,0.0,0.0,0.0,0.0,0.0,0.0,0.0,0.0,0.0,1.0,2.0,2.0,0,11,4,2,10.19624687078328,0.9851569692484892,2.389012523289652,0.9851569692484892,0.0148430307515108,-0.0001206995322666,-0.0001404071599854,0.0015141302522753,True,56.87714320117209,0.8891672155132347,1.0854683149325826,0.8891672155132347,0.1108327844867652,-0.000384819943852,-0.0003437031380768,0.0028412361304271,True,1.8430082771988103,0.9973534863317914,3.304416386366757,0.9973534863317914,0.0026465136682085,-0.0007315767184166,-0.000643570241979,0.0038730908021826,True,1.6187297748435173e-05,1.0,5.57531531557486,1.0,0.0,-0.0012694843129628,-0.0009432001207483,0.0052322224993356,True,0.9851569692484892,0.0148430307515108,-2.389012523289652,0.8891672155132347,0.1108327844867652,-1.0854683149325826,0.9973534863317914,0.0026465136682085,-3.304416386366757,1.0,0.0,-5.57531531557486,1,0,0,0.0,1,1,1,1,,0,1,1,0,0,0,0,1.0,1.0,0.0,0.0,0.0,,0.9703139384969783,2.389012523289652,0.7783344310264695,1.0854683149325826,0.994706972663583,3.304416386366757,1.0,5.57531531557486,0.59726095,0.5346618760457336,0.5714723
2026-02-09 12:05:00,2026-02-09 12:45:00,1,780.05,782.3,pivot,2.25,0.1468705,1.9031295000000004,59948.57925000001,1.0,2026-02-09,782.25,782.55,779.9,0.0,781.5,782.7,781.2,0.0,2026,0.0,0.0,0.0,0.0,0.0,0.0,0.0,0.0,0.0,0.0,0.0,0.0,0.0,0.0,0.0,1.0,1.0,1.0,1,12,0,2,6.056469422985499,0.011119134026359,-2.7602007949689558,0.011119134026359,0.988880865973641,8.320116467645673e-05,0.0001251663864782,0.0012509801770388,True,8.724964961715155,0.0113634957121984,-2.562717047078756,0.0113634957121984,0.9886365042878016,0.000299833222525,0.0003903870889543,0.0020487447792306,True,8.028335789400769,0.0075052613360641,-2.5132995629451163,0.0075052613360641,0.992494738663936,0.0007394164887031,0.0009204981339813,0.002376088129266,True,18.02198654965958,0.0231638206774053,-1.8284324408448935,0.0231638206774053,0.9768361793225946,0.001640958135602,0.0018886666545656,0.0032371967174593,True,0.011119134026359,0.988880865973641,2.7602007949689558,0.0113634957121984,0.9886365042878016,2.562717047078756,0.0075052613360641,0.992494738663936,2.5132995629451163,0.0231638206774053,0.9768361793225946,1.8284324408448935,1,0,0,0.0,1,1,1,1,,0,1,0,1,1,0,0,1.0,1.0,0.0,0.0,0.0,,-0.977761731947282,2.7602007949689558,-0.9772730085756032,2.562717047078756,-0.9849894773278719,2.5132995629451163,-0.9536723586451893,1.8284324408448935,0.53839576,0.516484525061821,0.5822562
2026-02-09 12:45:00,2026-02-09 13:10:00,-1,782.3,780.65,pivot,1.6499999999999773,0.1468885,1.3031114999999773,41048.01224999929,1.0,2026-02-09,781.5,782.7,781.2,0.0,780.15,780.9,779.8,0.0,2026,0.0,0.0,0.0,0.0,0.0,0.0,0.0,0.0,0.0,0.0,0.0,0.0,0.0,0.0,0.0,1.0,1.0,1.0,1,12,0,2,25.608838424743112,0.0221644333650247,-1.890135776273435,0.0221644333650247,0.9778355666349752,8.320116467645673e-05,0.0001251663864782,0.0012509801770388,True,17.9375232473031,0.0334607350940799,-1.8136097753160385,0.0334607350940799,0.96653926490592,0.000299833222525,0.0003903870889543,0.0020487447792306,True,65.2546228242523,0.0790822254801952,-1.2760578612860038,0.0790822254801952,0.9209177745198048,0.0007394164887031,0.0009204981339813,0.002376088129266,True,13.969275976041,0.0180670078347851,-1.925997337397591,0.0180670078347851,0.9819329921652148,0.001640958135602,0.0018886666545656,0.0032371967174593,True,0.9778355666349752,0.0221644333650247,-1.890135776273435,0.96653926490592,0.0334607350940799,-1.8136097753160385,0.9209177745198048,0.0790822254801952,-1.2760578612860038,0.9819329921652148,0.0180670078347851,-1.925997337397591,1,0,0,0.0,1,1,1,1,,0,1,0,1,1,0,0,1.0,1.0,0.0,0.0,0.0,,0.9556711332699505,1.890135776273435,0.9330785298118401,1.8136097753160385,0.8418355490396097,1.2760578612860038,0.9638659843304297,1.925997337397591,0.54794765,0.5855267922121001,0.6338849
2026-02-10 10:30:00,2026-02-10 11:15:00,-1,783.3,786.25,pivot,-2.950000000000045,0.1470865,-3.2970865000000456,-103858.22475000143,1.0,2026-02-10,780.65,783.35,780.45,0.0,785.7,786.5,784.8,0.0,2026,0.0,0.0,0.0,0.0,0.0,0.0,0.0,0.0,0.0,0.0,0.0,0.0,0.0,0.0,0.0,1.0,1.0,1.0,0,10,1,2,66.44721642784538,0.0526908069901633,-1.370231895627951,0.0526908069901633,0.9473091930098366,8.320116467645673e-05,0.0001251663864782,0.0012509801770388,True,36.11269667190025,0.0534541239608978,-1.4308873914897011,0.0534541239608978,0.946545876039102,0.000299833222525,0.0003903870889543,0.0020487447792306,True,62.09930786787771,0.0759348321698286,-1.2966165252440285,0.0759348321698286,0.9240651678301712,0.0007394164887031,0.0009204981339813,0.002376088129266,True,112.1845285675053,0.262020883277,-0.7013008945465206,0.262020883277,0.7379791167229999,0.001640958135602,0.0018886666545656,0.0032371967174593,True,0.9473091930098366,0.0526908069901633,-1.370231895627951,0.946545876039102,0.0534541239608978,-1.4308873914897011,0.9240651678301712,0.0759348321698286,-1.2966165252440285,0.7379791167229999,0.262020883277,-0.7013008945465206,1,0,0,0.0,1,1,1,1,,0,1,1,0,1,0,0,1.0,1.0,0.0,0.0,0.0,,0.8946183860196734,1.370231895627951,0.8930917520782042,1.4308873914897011,0.8481303356603427,1.2966165252440285,0.47595823344599986,0.7013008945465206,0.5209465,0.5182498323548884,0.6150141
2026-02-11 14:40:00,2026-02-11 15:45:00,-1,790.05,786.1,eod,3.949999999999932,0.1472845,3.6027154999999316,113485.53824999784,1.0,2026-02-11,788.65,790.1,788.65,0.0,786.1,786.1,786.1,0.0,2026,0.0,0.0,0.0,0.0,0.0,0.0,0.0,0.0,0.0,0.0,0.0,0.0,0.0,0.0,0.0,1.0,1.0,1.0,1,14,2,2,95.26638008570208,0.0735149109713873,-1.1614044582864615,0.0735149109713873,0.9264850890286126,8.320116467645673e-05,0.0001251663864782,0.0012509801770388,True,89.48610858607135,0.1064813844932304,-0.9927935519617596,0.1064813844932304,0.8935186155067695,0.000299833222525,0.0003903870889543,0.0020487447792306,True,126.47882175847208,0.1610101421545071,-0.919595747012246,0.1610101421545071,0.8389898578454928,0.0007394164887031,0.0009204981339813,0.002376088129266,True,113.18765691176222,0.2765238282338711,-0.661591889554272,0.2765238282338711,0.7234761717661289,0.001640958135602,0.0018886666545656,0.0032371967174593,True,0.9264850890286126,0.0735149109713873,-1.1614044582864615,0.8935186155067695,0.1064813844932304,-0.9927935519617596,0.8389898578454928,0.1610101421545071,-0.919595747012246,0.7234761717661289,0.2765238282338711,-0.661591889554272,1,0,0,0.0,1,1,1,1,,0,1,0,1,1,0,0,1.0,1.0,0.0,0.0,0.0,,0.8529701780572253,1.1614044582864615,0.7870372310135391,0.9927935519617596,0.6779797156909857,0.919595747012246,0.44695234353225777,0.661591889554272,0.5202912,0.5021420209731496,0.5510147
2026-02-12 14:00:00,2026-02-12 14:20:00,-1,808.35,813.95,pivot,-5.600000000000023,0.148669,-5.9486690000000255,-187383.0735000008,1.0,2026-02-12,810.9,811.4,808.35,0.0,813.05,813.95,812.7,0.0,2026,0.0,0.0,0.0,0.0,0.0,0.0,0.0,0.0,0.0,0.0,0.0,0.0,0.0,0.0,0.0,1.0,1.0,1.0,0,14,3,2,47.1020628861369,0.0342164489522559,-1.628351921450106,0.0342164489522559,0.965783551047744,8.320116467645673e-05,0.0001251663864782,0.0012509801770388,True,22.3540800921807,0.0395835061871639,-1.6647751655614789,0.0395835061871639,0.960416493812836,0.000299833222525,0.0003903870889543,0.0020487447792306,True,17.480267198522515,0.0258925983324718,-1.9433571307916,0.0258925983324718,0.9741074016675282,0.0007394164887031,0.0009204981339813,0.002376088129266,True,14.372621280181455,0.0185583509274256,-1.9154261494694085,0.0185583509274256,0.9814416490725744,0.001640958135602,0.0018886666545656,0.0032371967174593,True,0.965783551047744,0.0342164489522559,-1.628351921450106,0.960416493812836,0.0395835061871639,-1.6647751655614789,0.9741074016675282,0.0258925983324718,-1.9433571307916,0.9814416490725744,0.0185583509274256,-1.9154261494694085,1,0,0,0.0,1,1,1,1,,0,1,0,1,1,0,0,1.0,1.0,0.0,0.0,0.0,,0.9315671020954881,1.628351921450106,0.9208329876256721,1.6647751655614789,0.9482148033350564,1.9433571307916,0.9628832981451487,1.9154261494694085,0.5057891,0.6015581040095886,0.5262636
2026-03-04 10:25:00,2026-03-04 10:30:00,1,809.35,807.25,pivot,-2.1000000000000227,0.148498,-2.448498000000023,-77127.68700000072,1.0,2026-03-04,807.4,810.25,806.1,0.0,805.0,808.1,802.5,0.0,2026,0.0,0.0,0.0,0.0,0.0,0.0,0.0,0.0,0.0,0.0,0.0,0.0,0.0,0.0,0.0,1.0,0.0,0.0,0,10,2,3,21.580350533941303,0.0281764504507317,-1.727322092413298,0.0281764504507317,0.9718235495492684,-0.0002472160001322,-0.0001488637679839,0.0027178784076903,True,0.1081097632250748,5.187400620836309e-05,-4.798869312741399,5.187400620836309e-05,0.9999481259937916,-0.0006616921145126,-0.000619075128047,0.0042557546586283,True,59.05070320058408,0.2284510852509447,-0.6133092438107626,0.2284510852509447,0.7715489147490553,-0.0012326455795934,-0.0013283527465099,0.005332520621938,True,0.2876097514675102,0.00050801512108,-4.347998057050431,0.00050801512108,0.99949198487892,-0.0026575728580834,-0.0029600746923808,0.0067324078974935,True,0.0281764504507317,0.9718235495492684,1.727322092413298,5.187400620836309e-05,0.9999481259937916,4.798869312741399,0.2284510852509447,0.7715489147490553,0.6133092438107626,0.00050801512108,0.99949198487892,4.347998057050431,1,0,0,0.0,1,1,1,1,,0,1,1,0,0,1,0,1.0,1.0,0.0,0.0,0.0,,-0.9436470990985367,1.727322092413298,-0.9998962519875833,4.798869312741399,-0.5430978294981106,0.6133092438107626,-0.99898396975784,4.347998057050431,0.6148527,0.5256274254259319,0.5025132
2026-03-04 14:05:00,2026-03-04 14:30:00,-1,774.15,765.1,pivot,9.049999999999956,0.1461775,8.703822499999953,274170.40874999855,1.0,2026-03-04,776.35,778.75,772.3,0.0,762.7,765.25,759.4,0.0,2026,0.0,0.0,0.0,0.0,0.0,0.0,0.0,0.0,0.0,0.0,0.0,0.0,0.0,0.0,0.0,1.0,1.0,2.0,1,14,2,3,25.001504271317025,0.0328537766346506,-1.654785191800783,0.0328537766346506,0.9671462233653494,-0.0002472160001322,-0.0001488637679839,0.0027178784076903,True,5.609865301042498,0.0137938401337558,-2.454318411407349,0.0137938401337558,0.9862061598662442,-0.0006616921145126,-0.000619075128047,0.0042557546586283,True,17.867330231099956,0.0705166813471602,-1.4534625196647932,0.0705166813471602,0.9294833186528396,-0.0012326455795934,-0.0013283527465099,0.005332520621938,True,1.116358623000523,0.0032585896394291,-3.691307445455142,0.0032585896394291,0.9967414103605708,-0.0026575728580834,-0.0029600746923808,0.0067324078974935,True,0.9671462233653494,0.0328537766346506,-1.654785191800783,0.9862061598662442,0.0137938401337558,-2.454318411407349,0.9294833186528396,0.0705166813471602,-1.4534625196647932,0.9967414103605708,0.0032585896394291,-3.691307445455142,1,0,0,0.0,1,1,1,1,,0,1,0,1,1,0,0,1.0,1.0,0.0,0.0,0.0,,0.9342924467306988,1.654785191800783,0.9724123197324883,2.454318411407349,0.8589666373056795,1.4534625196647932,0.9934828207211417,3.691307445455142,0.50024956,0.5208014660603524,0.50692344
2026-03-04 15:00:00,2026-03-04 15:25:00,-1,770.3,749.85,pivot,20.44999999999993,0.1456045,20.10439549999993,633288.4582499978,1.0,2026-03-04,762.95,770.3,762.55,0.0,756.95,757.3,749.5,0.0,2026,0.0,0.0,0.0,0.0,0.0,0.0,0.0,0.0,0.0,0.0,0.0,0.0,0.0,0.0,0.0,1.0,0.0,0.0,1,15,2,3,19.16121131746413,0.9566593027658206,1.669874709811539,0.9566593027658206,0.0433406972341794,-0.0002472160001322,-0.0001488637679839,0.0027178784076903,True,3.712349985812848,0.988391652735484,2.8857431550925785,0.988391652735484,0.0116083472645159,-0.0006616921145126,-0.000619075128047,0.0042557546586283,True,6.613504664999941,0.9727411119028698,1.996616581767611,0.9727411119028698,0.0272588880971301,-0.0012326455795934,-0.0013283527465099,0.005332520621938,True,69.04087814946006,0.659638435280305,0.372718153847539,0.659638435280305,0.340361564719695,-0.0026575728580834,-0.0029600746923808,0.0067324078974935,True,0.0433406972341794,0.9566593027658206,1.669874709811539,0.0116083472645159,0.988391652735484,2.8857431550925785,0.0272588880971301,0.9727411119028698,1.996616581767611,0.340361564719695,0.659638435280305,0.372718153847539,1,0,0,0.0,1,1,1,1,,0,1,0,0,0,1,0,1.0,1.0,0.0,0.0,0.0,,-0.9133186055316411,1.669874709811539,-0.9767833054709681,2.8857431550925785,-0.9454822238057398,1.996616581767611,-0.31927687056061,0.372718153847539,0.66410035,0.5108756496993497,0.5422069
2026-03-04 15:25:00,2026-03-04 15:45:00,-1,749.85,761.4,eod,-11.549999999999956,0.1453375,-11.895337499999956,-374703.1312499986,1.0,2026-03-04,756.95,757.3,749.5,0.0,761.4,761.4,761.4,0.0,2026,0.0,0.0,0.0,0.0,0.0,0.0,0.0,0.0,0.0,0.0,0.0,0.0,0.0,0.0,0.0,1.0,0.0,0.0,0,15,2,3,3.832030029661047,0.0042354537938712,-3.934047085328156,0.0042354537938712,0.9957645462061288,-0.000122920221415,-0.0001494591226472,0.001508372564283,True,0.0704327292923094,0.0003235249086491,-4.583533582799655,0.0003235249086491,0.9996764750913508,-0.0003708022259478,-0.0005120877218261,0.0025061453534664,True,0.0359379237962144,0.0,-7.34750218079635,0.0,1.0,-0.0007154702757542,-0.0009916412440942,0.0032527966023298,True,8.806740352820548e-25,0.0,-7.123882748980248,0.0,1.0,-0.0012908623152558,-0.0017318347906087,0.0041201278164262,True,0.9957645462061288,0.0042354537938712,-3.934047085328156,0.9996764750913508,0.0003235249086491,-4.583533582799655,1.0,0.0,-7.34750218079635,1.0,0.0,-7.123882748980248,1,0,0,0.0,1,1,1,1,,0,1,0,0,0,1,0,1.0,1.0,0.0,0.0,0.0,,0.9915290924122575,3.934047085328156,0.9993529501827018,4.583533582799655,1.0,7.34750218079635,1.0,7.123882748980248,0.75103545,0.538353662371149,0.5815472
2026-03-05 15:10:00,2026-03-05 15:45:00,-1,829.2,820.0,eod,9.200000000000044,0.149476,8.850524000000046,278791.50600000145,1.0,2026-03-05,831.55,834.7,828.75,0.0,820.0,820.0,820.0,0.0,2026,0.0,0.0,0.0,0.0,0.0,0.0,0.0,0.0,0.0,0.0,0.0,0.0,0.0,0.0,0.0,1.0,0.0,1.0,1,15,3,3,1.3033946571113506,0.0003740627017419,-4.781629516953756,0.0003740627017419,0.999625937298258,0.0001474311940231,0.0002152132703473,0.0014445700641565,True,1.6582196441854362e-21,0.0,-6.947508152051715,0.0,1.0,0.0004747760598137,0.0006759372081766,0.0024425065926376,True,0.0003693322734923,7.11528441296693e-08,-4.654187865502614,7.11528441296693e-08,0.9999999288471558,0.0009766068832126,0.001216846898906,0.0028732999773556,True,3.684609925120989,0.006890052895284,-2.3020895424122574,0.006890052895284,0.993109947104716,0.0020696763025213,0.0023999166541482,0.0039494998236915,True,0.999625937298258,0.0003740627017419,-4.781629516953756,1.0,0.0,-6.947508152051715,0.9999999288471558,7.11528441296693e-08,-4.654187865502614,0.993109947104716,0.006890052895284,-2.3020895424122574,1,0,0,0.0,1,1,1,1,,0,1,0,0,0,1,0,1.0,1.0,0.0,0.0,0.0,,0.9992518745965161,4.781629516953756,1.0,6.947508152051715,0.9999998576943117,4.654187865502614,0.986219894209432,2.3020895424122574,0.70772046,0.5119207239709824,0.52896214
2026-03-10 11:40:00,2026-03-10 11:45:00,1,826.35,822.85,pivot,-3.5,0.149476,-3.849476,-121258.494,1.0,2026-03-10,822.85,826.95,822.6,0.0,820.1,823.75,819.7,0.0,2026,0.0,0.0,0.0,0.0,0.0,0.0,0.0,0.0,0.0,0.0,0.0,0.0,0.0,0.0,0.0,1.0,1.0,1.0,0,11,1,3,6.718630149604389,0.007169791055984,-2.8249831705788053,0.007169791055984,0.992830208944016,0.0001474311940231,0.0002152132703473,0.0014445700641565,True,5.333498316128644,0.0090059831744547,-2.5252621625702427,0.0090059831744547,0.9909940168255452,0.0004747760598137,0.0006759372081766,0.0024425065926376,True,9.782824175852642,0.0144046356347182,-2.209200059609365,0.0144046356347182,0.9855953643652818,0.0009766068832126,0.001216846898906,0.0028732999773556,True,20.99118678046889,0.0340286271843606,-1.6169519197532418,0.0340286271843606,0.9659713728156394,0.0020696763025213,0.0023999166541482,0.0039494998236915,True,0.007169791055984,0.992830208944016,2.8249831705788053,0.0090059831744547,0.9909940168255452,2.5252621625702427,0.0144046356347182,0.9855953643652818,2.209200059609365,0.0340286271843606,0.9659713728156394,1.6169519197532418,1,0,0,0.0,1,1,1,1,,0,1,1,0,1,0,0,1.0,1.0,0.0,0.0,0.0,,-0.9856604178880319,2.8249831705788053,-0.9819880336510906,2.5252621625702427,-0.9711907287305637,2.209200059609365,-0.9319427456312788,1.6169519197532418,0.5305346,0.5022398658070197,0.5196988
2026-03-10 11:45:00,2026-03-10 12:30:00,1,822.85,816.85,pivot,-6.0,0.149191,-6.349191,-199999.5165,1.0,2026-03-10,820.1,823.75,819.7,0.0,814.4,817.4,814.3,0.0,2026,0.0,0.0,0.0,0.0,0.0,0.0,0.0,0.0,0.0,0.0,0.0,0.0,0.0,0.0,0.0,1.0,0.0,1.0,0,11,1,3,362.1158632444943,0.4904352699840125,-0.0651990015644408,0.4904352699840125,0.5095647300159875,0.0001474311940231,0.0002152132703473,0.0014445700641565,True,21.550048435488023,0.0311319395024755,-1.7851722350444548,0.0311319395024755,0.9688680604975244,0.0004747760598137,0.0006759372081766,0.0024425065926376,True,21.546001043912582,0.0355111017583201,-1.7057754785247694,0.0355111017583201,0.9644888982416798,0.0009766068832126,0.001216846898906,0.0028732999773556,True,35.65883589691371,0.0577900495007498,-1.4030975545937636,0.0577900495007498,0.9422099504992502,0.0020696763025213,0.0023999166541482,0.0039494998236915,True,0.4904352699840125,0.5095647300159875,0.0651990015644408,0.0311319395024755,0.9688680604975244,1.7851722350444548,0.0355111017583201,0.9644888982416798,1.7057754785247694,0.0577900495007498,0.9422099504992502,1.4030975545937636,1,0,0,0.0,1,1,1,1,,0,1,1,0,0,1,0,1.0,1.0,0.0,0.0,0.0,,-0.019129460031974965,0.0651990015644408,-0.9377361209950489,1.7851722350444548,-0.9289777964833598,1.7057754785247694,-0.8844199009985003,1.4030975545937636,0.75737894,0.5187243371534074,0.5180093
2026-03-11 15:20:00,2026-03-11 15:45:00,-1,833.15,837.5,eod,-4.350000000000023,0.1501195,-4.700119500000023,-148053.7642500007,1.0,2026-03-11,830.6,834.7,830.35,0.0,837.5,837.5,837.5,0.0,2026,0.0,0.0,0.0,0.0,0.0,0.0,0.0,0.0,0.0,0.0,0.0,0.0,0.0,0.0,0.0,2.0,0.0,0.0,0,15,2,3,14.34062426654777,0.9791336132412296,2.156604685242153,0.9791336132412296,0.0208663867587702,-0.0001869491574187,-0.0002181926754376,0.0019599945813451,True,1.4194009430561714,0.9950943839834046,3.472629758254,0.9950943839834046,0.0049056160165954,-0.0005237772878771,-0.0006611697449309,0.0034065750492981,True,135.44445403571652,0.6765489939249131,0.3702797731744048,0.6765489939249131,0.3234510060750869,-0.0008638784857246,-0.0012664554934785,0.0043880139556173,True,7.66487261509072,0.0397910947426142,-2.0801436839843865,0.0397910947426142,0.9602089052573856,-0.0014243157358655,-0.002086208472699,0.0052995719104487,True,0.0208663867587702,0.9791336132412296,2.156604685242153,0.0049056160165954,0.9950943839834046,3.472629758254,0.3234510060750869,0.6765489939249131,0.3702797731744048,0.9602089052573856,0.0397910947426142,-2.0801436839843865,1,0,0,0.0,1,1,1,1,,0,1,0,0,0,1,0,1.0,1.0,0.0,0.0,0.0,,-0.9582672264824594,2.156604685242153,-0.9901887679668091,3.472629758254,-0.35309798784982616,0.3702797731744048,0.9204178105147713,2.0801436839843865,0.5184469,0.602726364296921,0.5157759
2026-03-16 14:35:00,2026-03-16 14:50:00,1,820.65,825.25,pivot,4.600000000000023,0.149377,4.250623000000022,133894.6245000007,1.0,2026-03-16,822.35,822.65,820.5,0.0,825.95,826.6,825.25,0.0,2026,0.0,0.0,0.0,0.0,0.0,0.0,0.0,0.0,0.0,0.0,0.0,0.0,0.0,0.0,0.0,1.0,1.0,1.0,1,14,0,3,283.58001340212434,0.4135701127863257,-0.1751294761663758,0.4135701127863257,0.5864298872136742,0.0001760752142934,0.00020657904465,0.0018743181034997,True,168.76633367050292,0.3639612920250361,-0.3070126489005666,0.3639612920250361,0.6360387079749639,0.0005357634696887,0.0007073569588201,0.0030965524273222,True,127.70511198052844,0.6101124028800538,0.1582117712819111,0.6101124028800538,0.3898875971199462,0.0011955206983503,0.0014351794467766,0.0036312357996119,True,32.24444330507717,0.0810148485507117,-1.1743375464474946,0.0810148485507117,0.9189851514492884,0.0024995058247043,0.0027727737836866,0.0050508258856855,True,0.4135701127863257,0.5864298872136742,0.1751294761663758,0.3639612920250361,0.6360387079749639,0.3070126489005666,0.6101124028800538,0.3898875971199462,-0.1582117712819111,0.0810148485507117,0.9189851514492884,1.1743375464474946,1,0,0,0.0,1,1,1,1,,0,1,0,1,1,0,0,1.0,1.0,0.0,0.0,0.0,,-0.17285977442734846,0.1751294761663758,-0.2720774159499278,0.3070126489005666,0.22022480576010756,0.1582117712819111,-0.8379703028985767,1.1743375464474946,0.56359875,0.5038466262055579,0.5744543
2026-03-17 14:55:00,2026-03-17 15:00:00,1,849.25,848.15,pivot,-1.1000000000000227,0.150922,-1.4509220000000227,-45704.04300000072,1.0,2026-03-17,848.05,849.85,847.6,0.0,845.25,848.25,844.9,0.0,2026,0.0,0.0,0.0,0.0,0.0,0.0,0.0,0.0,0.0,0.0,0.0,0.0,0.0,0.0,0.0,1.0,1.0,1.0,0,14,1,3,9.28160421777047,0.0160465473628146,-2.3272383257820946,0.0160465473628146,0.9839534526371854,0.0001609389557473,0.0001961025287541,0.0018748153092802,True,16.79601931102723,0.0368343193529397,-1.7236104811262554,0.0368343193529397,0.9631656806470602,0.0005224223020409,0.0006986373222937,0.0030947338910443,True,21.511559412055096,0.0465341800118234,-1.5212025242833755,0.0465341800118234,0.9534658199881764,0.0011904652545072,0.001430432601586,0.0036026288401122,True,29.48520526369175,0.0749706834307036,-1.234798745780252,0.0749706834307036,0.9250293165692964,0.002492140254095,0.0027374256308781,0.0051171154377763,True,0.0160465473628146,0.9839534526371854,2.3272383257820946,0.0368343193529397,0.9631656806470602,1.7236104811262554,0.0465341800118234,0.9534658199881764,1.5212025242833755,0.0749706834307036,0.9250293165692964,1.234798745780252,1,0,0,0.0,1,1,1,1,,0,1,0,1,1,0,0,1.0,1.0,0.0,0.0,0.0,,-0.9679069052743707,2.3272383257820946,-0.9263313612941205,1.7236104811262554,-0.906931639976353,1.5212025242833755,-0.8500586331385929,1.234798745780252,0.598339,0.5032073303568895,0.57236755
2026-03-17 15:00:00,2026-03-17 15:45:00,1,848.15,844.3,eod,-3.850000000000023,0.1507735,-4.200773500000023,-132324.3652500007,1.0,2026-03-17,845.25,848.25,844.9,0.0,844.3,844.3,844.3,0.0,2026,0.0,0.0,0.0,0.0,0.0,0.0,0.0,0.0,0.0,0.0,0.0,0.0,0.0,0.0,0.0,1.0,1.0,1.0,0,15,1,3,176.48501912386587,0.2109902382840145,-0.6381568575651608,0.2109902382840145,0.7890097617159855,0.0001609389557473,0.0001961025287541,0.0018748153092802,True,13.085759784212136,0.0306296334890397,-1.857625478077497,0.0306296334890397,0.9693703665109604,0.0005224223020409,0.0006986373222937,0.0030947338910443,True,6.235532334316204,0.016395878745645,-2.17257471763014,0.016395878745645,0.9836041212543548,0.0011904652545072,0.001430432601586,0.0036026288401122,True,9.228782676221012,0.0316917108635287,-1.7049474761578218,0.0316917108635287,0.9683082891364712,0.002492140254095,0.0027374256308781,0.0051171154377763,True,0.2109902382840145,0.7890097617159855,0.6381568575651608,0.0306296334890397,0.9693703665109604,1.857625478077497,0.016395878745645,0.9836041212543548,2.17257471763014,0.0316917108635287,0.9683082891364712,1.7049474761578218,1,0,0,0.0,1,1,1,1,,0,1,0,0,1,0,0,1.0,1.0,0.0,0.0,0.0,,-0.5780195234319709,0.6381568575651608,-0.9387407330219207,1.857625478077497,-0.9672082425087098,2.17257471763014,-0.9366165782729424,1.7049474761578218,0.5839401,0.5173377260375028,0.5134872
2026-03-27 14:05:00,2026-03-27 14:30:00,1,806.9,807.6,pivot,0.7000000000000455,0.148435,0.35156500000004554,11074.297500001434,1.0,2026-03-27,809.0,809.9,805.9,0.0,808.45,809.1,806.3,0.0,2026,0.0,0.0,0.0,0.0,0.0,0.0,0.0,0.0,0.0,0.0,0.0,0.0,0.0,0.0,0.0,1.0,2.0,2.0,1,14,4,3,8.85668864530873,0.9876136027205048,2.519242331663694,0.9876136027205048,0.0123863972794951,0.0001609389557473,0.0001961025287541,0.0018748153092802,True,94.5278767912918,0.7981543856335873,0.6183502161053772,0.7981543856335873,0.2018456143664126,0.0005224223020409,0.0006986373222937,0.0030947338910443,True,9.601353288778402,0.9640393051055874,2.062138943530367,0.9640393051055874,0.0359606948944125,0.0011904652545072,0.001430432601586,0.0036026288401122,True,13.455742671586025,0.9421886134749594,1.576423063367832,0.9421886134749594,0.0578113865250405,0.002492140254095,0.0027374256308781,0.0051171154377763,True,0.9876136027205048,0.0123863972794951,-2.519242331663694,0.7981543856335873,0.2018456143664126,-0.6183502161053772,0.9640393051055874,0.0359606948944125,-2.062138943530367,0.9421886134749594,0.0578113865250405,-1.576423063367832,1,0,0,0.0,1,1,1,1,,0,1,0,1,0,0,0,1.0,1.0,0.0,0.0,0.0,,0.9752272054410097,2.519242331663694,0.5963087712671747,0.6183502161053772,0.928078610211175,2.062138943530367,0.8843772269499189,1.576423063367832,0.51407206,0.5261921773326118,0.52021015
2026-03-27 14:30:00,2026-03-27 14:40:00,-1,807.6,810.1,pivot,-2.5,0.148531,-2.848531,-89728.7265,1.0,2026-03-27,808.45,809.1,806.3,0.0,806.45,811.1,806.3,0.0,2026,0.0,0.0,0.0,0.0,0.0,0.0,0.0,0.0,0.0,0.0,0.0,0.0,0.0,0.0,0.0,1.0,1.0,2.0,0,14,4,3,14.383500432980938,0.0206429050784339,-2.118561172808416,0.0206429050784339,0.979357094921566,0.0001609389557473,0.0001961025287541,0.0018748153092802,True,34.952898212826774,0.0681641747145822,-1.3260223383595655,0.0681641747145822,0.9318358252854178,0.0005224223020409,0.0006986373222937,0.0030947338910443,True,28.171229994025232,0.9249055547964928,1.4163236532237578,0.9249055547964928,0.0750944452035071,0.0011904652545072,0.001430432601586,0.0036026288401122,True,19.32067181087399,0.9227385910463316,1.3403761279550606,0.9227385910463316,0.0772614089536682,0.002492140254095,0.0027374256308781,0.0051171154377763,True,0.979357094921566,0.0206429050784339,-2.118561172808416,0.9318358252854178,0.0681641747145822,-1.3260223383595655,0.0750944452035071,0.9249055547964928,1.4163236532237578,0.0772614089536682,0.9227385910463316,1.3403761279550606,1,0,0,0.0,1,1,1,1,,0,1,0,1,1,0,0,1.0,1.0,0.0,0.0,0.0,,0.9587141898431321,2.118561172808416,0.8636716505708355,1.3260223383595655,-0.8498111095929858,1.4163236532237578,-0.8454771820926634,1.3403761279550606,0.5922103,0.5392395448432319,0.6046574
2026-03-31 10:30:00,2026-03-31 11:00:00,1,763.05,771.9,pivot,8.850000000000023,0.1460485,8.503951500000024,267874.47225000075,1.0,2026-03-31,767.55,767.85,762.0,0.0,769.1,772.05,768.25,0.0,2026,0.0,0.0,0.0,0.0,0.0,0.0,0.0,0.0,0.0,0.0,0.0,0.0,0.0,0.0,0.0,1.0,2.0,2.0,1,10,1,3,26.198491631453805,0.9360958405588238,1.2302085007988286,0.9360958405588238,0.0639041594411762,-0.0001976424911654,-7.373980277211574e-05,0.0038091024282693,True,13.922238908846504,0.9366918354264469,1.4133739353363308,0.9366918354264469,0.0633081645735532,-0.000461574077839,-0.0003647028355373,0.0062835537669102,True,59.45933553379052,0.3713355989861654,-0.2499768150553002,0.3713355989861654,0.6286644010138346,-0.0011573367820002,-0.001199860902249,0.0078030232028402,True,4.194956749428619,0.9808773087939954,2.049327175742914,0.9808773087939954,0.0191226912060046,-0.0029825850285503,-0.0036134975106598,0.0098166855022052,True,0.9360958405588238,0.0639041594411762,-1.2302085007988286,0.9366918354264469,0.0633081645735532,-1.4133739353363308,0.3713355989861654,0.6286644010138346,0.2499768150553002,0.9808773087939954,0.0191226912060046,-2.049327175742914,1,0,0,0.0,1,1,1,1,,0,1,1,0,0,0,0,1.0,1.0,0.0,0.0,0.0,,0.8721916811176476,1.2302085007988286,0.8733836708528937,1.4133739353363308,-0.25732880202766917,0.2499768150553002,0.9617546175879907,2.049327175742914,0.54719174,0.5013374380660225,0.6481571
2026-03-31 11:00:00,2026-03-31 11:30:00,1,771.9,766.25,pivot,-5.649999999999977,0.1461445,-5.996144499999978,-188878.5517499993,1.0,2026-03-31,769.1,772.05,768.25,0.0,765.05,766.7,764.5,0.0,2026,0.0,0.0,0.0,0.0,0.0,0.0,0.0,0.0,0.0,0.0,0.0,0.0,0.0,0.0,0.0,1.0,1.0,2.0,0,11,1,3,0.6785805448420104,0.999512837710173,4.667533782674926,0.999512837710173,0.000487162289827,-0.0001213090729217,-0.000113073648394,0.0016480969686111,True,11.818214936738489,0.9670827144399018,2.047885363753738,0.9670827144399018,0.0329172855600982,-0.0003738534386905,-0.0002860883744207,0.003174448864628,True,0.6615102442225886,0.9988052029883964,4.210453976112846,0.9988052029883964,0.0011947970116036,-0.0007646103640377,-0.0005993732507386,0.0045202190862106,True,1.615575084128156,0.98645130768513,2.6839987243326022,0.98645130768513,0.0135486923148699,-0.001358316763399,-0.0009733862674131,0.0060565422417836,True,0.999512837710173,0.000487162289827,-4.667533782674926,0.9670827144399018,0.0329172855600982,-2.047885363753738,0.9988052029883964,0.0011947970116036,-4.210453976112846,0.98645130768513,0.0135486923148699,-2.6839987243326022,1,0,0,0.0,1,1,1,1,,0,1,1,0,1,0,0,1.0,1.0,0.0,0.0,0.0,,0.9990256754203459,4.667533782674926,0.9341654288798036,2.047885363753738,0.9976104059767927,4.210453976112846,0.9729026153702601,2.6839987243326022,0.6035357,0.555466372178969,0.70045793
2026-03-31 15:10:00,2026-03-31 15:20:00,1,747.85,747.2,pivot,-0.6499999999999773,0.1448515,-0.9948514999999772,-31337.822249999284,1.0,2026-03-31,746.55,748.25,746.2,0.0,749.4,749.4,746.2,0.0,2026,0.0,0.0,0.0,0.0,0.0,0.0,0.0,0.0,0.0,0.0,0.0,0.0,0.0,0.0,0.0,1.0,1.0,0.0,0,15,1,3,10.06392812962452,0.0186291439089003,-2.5179147634480405,0.0186291439089003,0.9813708560910996,-0.0002273522072461,-0.0002499822096176,0.0021159260715514,True,10.020126936354163,0.0249343824481242,-2.0840355901079644,0.0249343824481242,0.9750656175518758,-0.0006070643165827,-0.0006967107668046,0.0036113333535864,True,35.62634224374221,0.1324293512959341,-0.9128266844948392,0.1324293512959341,0.8675706487040659,-0.0010201313810906,-0.0013960369480056,0.0046535459914358,True,59.41588993425092,0.2744680004273693,-0.3482299293369454,0.2744680004273693,0.7255319995726306,-0.0016480158403851,-0.0023576223022717,0.0058222319374076,True,0.0186291439089003,0.9813708560910996,2.5179147634480405,0.0249343824481242,0.9750656175518758,2.0840355901079644,0.1324293512959341,0.8675706487040659,0.9128266844948392,0.2744680004273693,0.7255319995726306,0.3482299293369454,1,0,0,0.0,1,1,1,1,,0,1,0,0,1,0,0,1.0,1.0,0.0,0.0,0.0,,-0.9627417121821994,2.5179147634480405,-0.9501312351037516,2.0840355901079644,-0.7351412974081317,0.9128266844948392,-0.4510639991452613,0.3482299293369454,0.6373783,0.505906467194464,0.7129607
2026-04-07 10:40:00,2026-04-07 11:15:00,-1,821.1,813.9,pivot,7.2000000000000455,0.14905,6.850950000000045,215804.92500000144,1.0,2026-04-07,821.4,822.3,820.55,0.0,816.9,817.0,813.6,0.0,2026,0.0,0.0,0.0,0.0,0.0,0.0,0.0,0.0,0.0,0.0,0.0,0.0,0.0,0.0,0.0,1.0,0.0,0.0,1,10,1,4,197.54105688739253,0.3076907832643162,-0.370979161867296,0.3076907832643162,0.6923092167356838,0.0002227640992562,0.0001549707133592,0.0022134201078772,True,47.803445527818376,0.1266838927133931,-0.9664392009548528,0.1266838927133931,0.8733161072866069,0.0005221425944855,0.0004949028479754,0.0038290235288769,True,18.53244650143353,0.06523640612912,-1.397652435926543,0.06523640612912,0.93476359387088,0.0010452787968498,0.0011440808744898,0.0051399336122786,True,1.941018285739588,0.0128691113137809,-2.8896538654335737,0.0128691113137809,0.9871308886862192,0.0021027385012016,0.0025084546215659,0.0062144644844141,True,0.6923092167356838,0.3076907832643162,-0.370979161867296,0.8733161072866069,0.1266838927133931,-0.9664392009548528,0.93476359387088,0.06523640612912,-1.397652435926543,0.9871308886862192,0.0128691113137809,-2.8896538654335737,1,0,0,0.0,1,1,1,1,,0,1,1,0,0,1,0,1.0,1.0,0.0,0.0,0.0,,0.3846184334713676,0.370979161867296,0.7466322145732138,0.9664392009548528,0.8695271877417601,1.397652435926543,0.9742617773724384,2.8896538654335737,0.59092975,0.5158469106297503,0.7229606
2026-04-08 14:10:00,2026-04-08 14:45:00,-1,890.5,884.8,pivot,5.7000000000000455,0.153259,5.346741000000046,168422.34150000144,1.0,2026-04-08,891.1,891.9,890.1,0.0,886.0,888.15,884.5,0.0,2026,0.0,0.0,0.0,0.0,0.0,0.0,0.0,0.0,0.0,0.0,0.0,0.0,0.0,0.0,0.0,1.0,1.0,1.0,1,14,2,4,9.118957859373594,0.0124104725913313,-2.443029528346657,0.0124104725913313,0.9875895274086688,0.0002061646759195,0.00021747686698,0.002010427645693,True,118.81690735501152,0.2615573335490174,-0.5380112449898701,0.2615573335490174,0.7384426664509827,0.0005766251181101,0.0007582557166679,0.0033864286846319,True,117.48605101842182,0.4111132132853347,-0.2350629551868929,0.4111132132853347,0.5888867867146652,0.0013057667390185,0.0014960539805437,0.0039809211888221,True,38.95871184609154,0.8348553634429977,0.8685172731659273,0.8348553634429977,0.1651446365570023,0.0026812353729358,0.0029447468499181,0.0055440188839529,True,0.9875895274086688,0.0124104725913313,-2.443029528346657,0.7384426664509827,0.2615573335490174,-0.5380112449898701,0.5888867867146652,0.4111132132853347,-0.2350629551868929,0.1651446365570023,0.8348553634429977,0.8685172731659273,1,0,0,0.0,1,1,1,1,,0,1,0,1,1,0,0,1.0,1.0,0.0,0.0,0.0,,0.9751790548173375,2.443029528346657,0.4768853329019653,0.5380112449898701,0.17777357342933053,0.2350629551868929,-0.6697107268859954,0.8685172731659273,0.51709026,0.5264023028510278,0.6848637
2026-04-10 11:10:00,2026-04-10 11:50:00,1,887.85,888.3,pivot,0.4499999999999318,0.1532845,0.09671549999993173,3046.5382499978496,1.0,2026-04-10,887.1,888.15,886.5,0.0,888.6,889.4,888.3,0.0,2026,0.0,0.0,0.0,0.0,0.0,0.0,0.0,0.0,0.0,0.0,0.0,0.0,0.0,0.0,0.0,1.0,1.0,1.0,1,11,4,4,45.597570511124026,0.0726791015792415,-1.3177357370648246,0.0726791015792415,0.9273208984207584,0.0002227640992562,0.0001549707133592,0.0022134201078772,True,11.099792761097914,0.0397757751013827,-1.8335166963264304,0.0397757751013827,0.9602242248986173,0.0005221425944855,0.0004949028479754,0.0038290235288769,True,8.480424379609655,0.0338153791966891,-1.8845259076589227,0.0338153791966891,0.9661846208033108,0.0010452787968498,0.0011440808744898,0.0051399336122786,True,42.293415578853526,0.1330435104342017,-0.9204909506485324,0.1330435104342017,0.8669564895657983,0.0021027385012016,0.0025084546215659,0.0062144644844141,True,0.0726791015792415,0.9273208984207584,1.3177357370648246,0.0397757751013827,0.9602242248986173,1.8335166963264304,0.0338153791966891,0.9661846208033108,1.8845259076589227,0.1330435104342017,0.8669564895657983,0.9204909506485324,1,0,0,0.0,1,1,1,1,,0,1,1,0,1,0,0,1.0,1.0,0.0,0.0,0.0,,-0.8546417968415169,1.3177357370648246,-0.9204484497972345,1.8335166963264304,-0.9323692416066217,1.8845259076589227,-0.7339129791315966,0.9204909506485324,0.5726763,0.5432590646510469,0.67307925
2026-04-20 10:50:00,2026-04-20 10:55:00,1,946.35,948.6,pivot,2.25,0.1568485,1.8931515,59634.27225,1.0,2026-04-20,948.6,948.6,946.15,0.0,948.35,949.45,947.9,0.0,2026,0.0,0.0,0.0,0.0,0.0,0.0,0.0,0.0,0.0,0.0,0.0,0.0,0.0,0.0,0.0,1.0,1.0,2.0,1,10,0,4,211.72637473239465,0.5473691884873988,0.1111979670157795,0.5473691884873988,0.4526308115126012,0.0001485704400883,0.000114520776005,0.0022967115667551,True,116.5984385521368,0.6016631677969503,0.2165799620812895,0.6016631677969503,0.3983368322030497,0.000433832803254,0.0004048242776565,0.0039893355913189,True,92.0756291864374,0.4053857076530684,-0.1894431808975253,0.4053857076530684,0.5946142923469315,0.0009439329384002,0.0009781349895774,0.0054420970126334,True,34.62455643810541,0.8491562091651468,0.9595832768006558,0.8491562091651468,0.1508437908348532,0.0020217551142355,0.0022562221581728,0.0066068463935332,True,0.5473691884873988,0.4526308115126012,-0.1111979670157795,0.6016631677969503,0.3983368322030497,-0.2165799620812895,0.4053857076530684,0.5946142923469315,0.1894431808975253,0.8491562091651468,0.1508437908348532,-0.9595832768006558,1,0,0,0.0,1,1,1,1,,0,1,1,0,1,0,0,1.0,1.0,0.0,0.0,0.0,,0.09473837697479759,0.1111979670157795,0.20332633559390056,0.2165799620812895,-0.1892285846938631,0.1894431808975253,0.6983124183302936,0.9595832768006558,0.5229166,0.50070216379633,0.6299499
2026-05-07 13:15:00,2026-05-07 13:40:00,1,1133.2,1133.2,pivot,0.0,0.167992,-0.367992,-11591.748,1.0,2026-05-07,1132.55,1133.2,1131.3,0.0,1135.65,1136.25,1133.15,0.0,2026,0.0,0.0,0.0,0.0,0.0,0.0,0.0,0.0,0.0,0.0,0.0,0.0,0.0,0.0,0.0,1.0,1.0,1.0,0,13,3,5,229.93249492935408,0.5970860786072797,0.1947311212036936,0.5970860786072797,0.4029139213927203,0.0001682132837049,0.0001315409207033,0.0022720998048259,True,36.92277294125534,0.1017277755992057,-1.1205807086591513,0.1017277755992057,0.8982722244007942,0.0004108003860003,0.000406401671454,0.0038223300307876,True,39.850145587507946,0.1324565373928737,-0.938730301081176,0.1324565373928737,0.8675434626071263,0.0009765606888461,0.0010521932869179,0.005203891218512,True,52.91812067231194,0.730954763774277,0.5015530734877196,0.730954763774277,0.2690452362257229,0.0020067712649471,0.0022184126631186,0.0065198020021988,True,0.5970860786072797,0.4029139213927203,-0.1947311212036936,0.1017277755992057,0.8982722244007942,1.1205807086591513,0.1324565373928737,0.8675434626071263,0.938730301081176,0.730954763774277,0.2690452362257229,-0.5015530734877196,1,0,0,0.0,1,1,1,1,,0,1,0,1,1,0,0,1.0,1.0,0.0,0.0,0.0,,0.19417215721455938,0.1947311212036936,-0.7965444488015885,1.1205807086591513,-0.7350869252142527,0.938730301081176,0.46190952754855413,0.5015530734877196,0.501626,0.5018927031468094,0.581674
2026-05-11 14:45:00,2026-05-11 14:55:00,-1,1215.6,1217.1,pivot,-1.5,0.172981,-1.872981,-58998.9015,1.0,2026-05-11,1218.6,1219.35,1215.1,0.0,1215.45,1218.05,1214.85,0.0,2026,0.0,0.0,0.0,0.0,0.0,0.0,0.0,0.0,0.0,0.0,0.0,0.0,0.0,0.0,0.0,1.0,1.0,1.0,0,14,0,5,12.139112598552035,0.0188923060072788,-2.4291051883362997,0.0188923060072788,0.9811076939927212,0.0001220711722234,0.0001614303509715,0.0015637920331067,True,33.73267462157182,0.055449437280026,-1.490269108697179,0.055449437280026,0.944550562719974,0.0004206669325156,0.0004862525566535,0.0027121599464148,True,22.21971492902403,0.0464870841482016,-1.6343767983032311,0.0464870841482016,0.9535129158517984,0.0009687718909271,0.0011629432216122,0.0033611399442397,True,106.9068891322414,0.4176657845206689,-0.2215712102623664,0.4176657845206689,0.5823342154793312,0.002157609543261,0.0024258856656373,0.0046617046181543,True,0.9811076939927212,0.0188923060072788,-2.4291051883362997,0.944550562719974,0.055449437280026,-1.490269108697179,0.9535129158517984,0.0464870841482016,-1.6343767983032311,0.5823342154793312,0.4176657845206689,-0.2215712102623664,1,0,0,0.0,1,1,1,1,,0,1,0,1,1,0,0,1.0,1.0,0.0,0.0,0.0,,0.9622153879854425,2.4291051883362997,0.8891011254399479,1.490269108697179,0.9070258317035969,1.6343767983032311,0.1646684309586623,0.2215712102623664,0.52998143,0.513116921400865,0.5899116
2026-05-12 10:30:00,2026-05-12 11:25:00,-1,1199.7,1201.4,pivot,-1.7000000000000457,0.172033,-2.0720330000000455,-65269.03950000143,1.0,2026-05-12,1168.95,1200.35,1166.0,0.0,1199.6,1203.0,1197.85,0.0,2026,0.0,0.0,0.0,0.0,0.0,0.0,0.0,0.0,0.0,0.0,0.0,0.0,0.0,0.0,0.0,2.0,0.0,0.0,0,10,1,5,121.70491726145752,0.1576490344473206,-0.8052788450021936,0.1576490344473206,0.8423509655526793,-0.000110413105679,-8.032602477331566e-05,0.0020123849599327,True,0.7228196468197363,0.0015278633312178,-3.725589896959866,0.0015278633312178,0.998472136668782,-0.0002438509837386,-0.0002531376731421,0.0038374916548573,True,0.2667953100690559,0.0005582753030414,-3.955521461970595,0.0005582753030414,0.9994417246969584,-0.0004756162747039,-0.0004235749381016,0.0056524339104191,True,5.584832452761416,0.0422205624818309,-1.7392889657566313,0.0422205624818309,0.9577794375181692,-0.0013271035036923,-0.0008623558110632,0.0076343952782248,True,0.8423509655526793,0.1576490344473206,-0.8052788450021936,0.998472136668782,0.0015278633312178,-3.725589896959866,0.9994417246969584,0.0005582753030414,-3.955521461970595,0.9577794375181692,0.0422205624818309,-1.7392889657566313,1,0,0,0.0,1,1,1,1,,0,1,1,0,0,1,0,1.0,1.0,0.0,0.0,0.0,,0.6847019311053587,0.8052788450021936,0.9969442733375642,3.725589896959866,0.9988834493939169,3.955521461970595,0.9155588750363383,1.7392889657566313,0.6138984,0.5095817264579178,0.55918694
2026-05-13 10:35:00,2026-05-13 10:40:00,1,1194.15,1200.45,pivot,6.2999999999999545,0.171838,5.928161999999953,186737.10299999852,1.0,2026-05-13,1200.4,1201.3,1192.7,0.0,1202.5,1204.9,1199.15,0.0,2026,0.0,0.0,0.0,0.0,0.0,0.0,0.0,0.0,0.0,0.0,0.0,0.0,0.0,0.0,0.0,1.0,2.0,2.0,1,10,2,5,1.286393982932885,0.9989686696668032,3.8109476140921377,0.9989686696668032,0.0010313303331969,-0.000129578629577,-0.0001824955778487,0.0018124594032069,True,2.0307192871130955,0.995608843823306,2.9902100184838147,0.995608843823306,0.004391156176694,-0.0003405961614318,-0.000463002786633,0.0031944451131297,True,0.3799396662846163,1.0,5.582838203302937,1.0,0.0,-0.000571183683318,-0.000559850241861,0.0044827183845653,True,6.997749118435311e-09,1.0,6.844743247386562,1.0,0.0,-0.0007087850191918,-0.0006462799455739,0.0054736149726315,True,0.9989686696668032,0.0010313303331969,-3.8109476140921377,0.995608843823306,0.004391156176694,-2.9902100184838147,1.0,0.0,-5.582838203302937,1.0,0.0,-6.844743247386562,1,0,0,0.0,1,1,1,1,,0,1,1,0,0,0,0,1.0,1.0,0.0,0.0,0.0,,0.9979373393336063,3.8109476140921377,0.9912176876466119,2.9902100184838147,1.0,5.582838203302937,1.0,6.844743247386562,0.6028683,0.5520535000465524,0.5147655
2026-05-13 11:30:00,2026-05-13 12:00:00,1,1202.15,1200.65,pivot,-1.5,0.172084,-1.8720839999999999,-58970.64599999999,1.0,2026-05-13,1206.6,1206.65,1201.8,0.0,1201.75,1203.55,1198.3,0.0,2026,0.0,0.0,0.0,0.0,0.0,0.0,0.0,0.0,0.0,0.0,0.0,0.0,0.0,0.0,0.0,1.0,2.0,2.0,0,11,2,5,216.87260415597945,0.7392198946635801,0.4822444810934641,0.7392198946635801,0.2607801053364199,0.0001220711722234,0.0001614303509715,0.0015637920331067,True,37.55539271749672,0.9431445978660796,1.496286204880997,0.9431445978660796,0.0568554021339203,0.0004206669325156,0.0004862525566535,0.0027121599464148,True,48.23348467991051,0.8803639617349411,1.1179626199621433,0.8803639617349411,0.1196360382650588,0.0009687718909271,0.0011629432216122,0.0033611399442397,True,5.958650967816203,0.9812901304057832,2.417528342209457,0.9812901304057832,0.0187098695942169,0.002157609543261,0.0024258856656373,0.0046617046181543,True,0.7392198946635801,0.2607801053364199,-0.4822444810934641,0.9431445978660796,0.0568554021339203,-1.496286204880997,0.8803639617349411,0.1196360382650588,-1.1179626199621433,0.9812901304057832,0.0187098695942169,-2.417528342209457,1,0,0,0.0,1,1,1,1,,0,1,1,0,0,0,0,1.0,1.0,0.0,0.0,0.0,,0.4784397893271602,0.4822444810934641,0.8862891957321594,1.496286204880997,0.7607279234698824,1.1179626199621433,0.9625802608115662,2.417528342209457,0.55179965,0.5173794614313977,0.50043005
2026-05-14 10:25:00,2026-05-14 10:30:00,1,1242.35,1245.45,pivot,3.1000000000001364,0.174634,2.7253660000001356,85849.02900000427,1.0,2026-05-14,1245.35,1245.45,1241.15,0.0,1245.9,1247.7,1244.4,0.0,2026,0.0,0.0,0.0,0.0,0.0,0.0,0.0,0.0,0.0,0.0,0.0,0.0,0.0,0.0,0.0,1.0,1.0,2.0,1,10,3,5,0.4807584501014721,0.0045938047569673,-3.657431022210672,0.0045938047569673,0.9954061952430326,0.0001220711722234,0.0001614303509715,0.0015637920331067,True,44.828575624919374,0.0857607910016086,-1.2053601747853198,0.0857607910016086,0.9142392089983914,0.0004206669325156,0.0004862525566535,0.0027121599464148,True,71.76376472801087,0.1514336174190204,-0.8622399097211907,0.1514336174190204,0.8485663825809795,0.0009687718909271,0.0011629432216122,0.0033611399442397,True,61.81265838631003,0.76916809642601,0.5827384998648865,0.76916809642601,0.2308319035739899,0.002157609543261,0.0024258856656373,0.0046617046181543,True,0.0045938047569673,0.9954061952430326,3.657431022210672,0.0857607910016086,0.9142392089983914,1.2053601747853198,0.1514336174190204,0.8485663825809795,0.8622399097211907,0.76916809642601,0.2308319035739899,-0.5827384998648865,1,0,0,0.0,1,1,1,1,,0,1,1,0,1,0,0,1.0,1.0,0.0,0.0,0.0,,-0.9908123904860654,3.657431022210672,-0.8284784179967828,1.2053601747853198,-0.6971327651619591,0.8622399097211907,0.5383361928520202,0.5827384998648865,0.54589146,0.5044538310980085,0.55119526
2026-05-14 10:30:00,2026-05-14 10:50:00,1,1245.45,1241.35,pivot,-4.100000000000136,0.174604,-4.474604000000137,-140950.02600000432,1.0,2026-05-14,1245.9,1247.7,1244.4,0.0,1236.85,1242.55,1236.75,0.0,2026,0.0,0.0,0.0,0.0,0.0,0.0,0.0,0.0,0.0,0.0,0.0,0.0,0.0,0.0,0.0,1.0,1.0,2.0,0,10,3,5,26.50510318223937,0.9742670130295804,1.9765610715367283,0.9742670130295804,0.0257329869704197,0.0001300778662668,0.0001739972010288,0.0016458282436628,True,158.03494508421653,0.2768005154479581,-0.4494261643209692,0.2768005154479581,0.723199484552042,0.0004593933437559,0.0005290086209425,0.0027885295792093,True,66.87624009005181,0.153846802755712,-0.8459458075908729,0.153846802755712,0.846153197244288,0.0009864865853135,0.0011599168042025,0.003510281749461,True,41.7817879091516,0.8375715030669658,0.7929490199143727,0.8375715030669658,0.1624284969330341,0.0021790733647819,0.0026093807385957,0.0048570242325007,True,0.9742670130295804,0.0257329869704197,-1.9765610715367283,0.2768005154479581,0.723199484552042,0.4494261643209692,0.153846802755712,0.846153197244288,0.8459458075908729,0.8375715030669658,0.1624284969330341,-0.7929490199143727,1,0,0,0.0,1,1,1,1,,0,1,1,0,1,0,0,1.0,1.0,0.0,0.0,0.0,,0.9485340260591607,1.9765610715367283,-0.4463989691040839,0.4494261643209692,-0.6923063944885759,0.8459458075908729,0.6751430061339317,0.7929490199143727,0.5740952,0.5054773953275017,0.55479836
2026-05-14 11:15:00,2026-05-14 11:50:00,-1,1234.3,1226.75,pivot,7.549999999999954,0.1738315,7.176168499999952,226049.3077499985,1.0,2026-05-14,1232.75,1235.65,1232.55,0.0,1226.55,1229.5,1225.75,0.0,2026,0.0,0.0,0.0,0.0,0.0,0.0,0.0,0.0,0.0,0.0,0.0,0.0,0.0,0.0,0.0,1.0,1.0,1.0,1,11,3,5,263.3944754270729,0.6653597395204893,0.2884712987134207,0.6653597395204893,0.3346402604795107,0.0001300778662668,0.0001739972010288,0.0016458282436628,True,46.201493590323565,0.0919828340626059,-1.1623246171956765,0.0919828340626059,0.908017165937394,0.0004593933437559,0.0005290086209425,0.0027885295792093,True,0.2520781752875328,9.783203009950532e-05,-3.6140291341072617,9.783203009950532e-05,0.9999021679699004,0.0009864865853135,0.0011599168042025,0.003510281749461,True,7.164622946893501,0.0205916660395758,-2.141682702331405,0.0205916660395758,0.979408333960424,0.0021790733647819,0.0026093807385957,0.0048570242325007,True,0.3346402604795107,0.6653597395204893,0.2884712987134207,0.908017165937394,0.0919828340626059,-1.1623246171956765,0.9999021679699004,9.783203009950532e-05,-3.6140291341072617,0.979408333960424,0.0205916660395758,-2.141682702331405,1,0,0,0.0,1,1,1,1,,0,1,1,0,1,0,0,1.0,1.0,0.0,0.0,0.0,,-0.33071947904097865,0.2884712987134207,0.8160343318747881,1.1623246171956765,0.9998043359398009,3.6140291341072617,0.9588166679208482,2.141682702331405,0.5067415,0.5103982628627917,0.56863415
2026-05-14 11:55:00,2026-05-14 12:25:00,1,1226.7,1230.35,pivot,3.649999999999864,0.1737115,3.2762884999998634,103203.0877499957,1.0,2026-05-14,1224.75,1226.8,1223.6,0.0,1231.7,1233.85,1230.35,0.0,2026,0.0,0.0,0.0,0.0,0.0,0.0,0.0,0.0,0.0,0.0,0.0,0.0,0.0,0.0,0.0,1.0,1.0,0.0,1,11,3,5,12.027983551649587,0.0162348263988869,-2.1826425465004458,0.0162348263988869,0.983765173601113,-0.000110413105679,-8.032602477331566e-05,0.0020123849599327,True,17.045659765633935,0.0460998530403799,-1.690902952228966,0.0460998530403799,0.95390014695962,-0.0002438509837386,-0.0002531376731421,0.0038374916548573,True,48.70375220651015,0.1712203709634598,-0.7593996055144635,0.1712203709634598,0.8287796290365401,-0.0004756162747039,-0.0004235749381016,0.0056524339104191,True,10.69553524940225,0.0617266376314679,-1.4101243430739792,0.0617266376314679,0.938273362368532,-0.0013271035036923,-0.0008623558110632,0.0076343952782248,True,0.0162348263988869,0.983765173601113,2.1826425465004458,0.0460998530403799,0.95390014695962,1.690902952228966,0.1712203709634598,0.8287796290365401,0.7593996055144635,0.0617266376314679,0.938273362368532,1.4101243430739792,1,0,0,0.0,1,1,1,1,,0,1,1,0,1,0,0,1.0,1.0,0.0,0.0,0.0,,-0.9675303472022262,2.1826425465004458,-0.9078002939192401,1.690902952228966,-0.6575592580730804,0.7593996055144635,-0.8765467247370641,1.4101243430739792,0.6302167,0.5294064736300117,0.53197616
2026-05-14 14:15:00,2026-05-14 14:55:00,1,1228.6,1232.7,pivot,4.100000000000136,0.173839,3.7261610000001366,117374.0715000043,1.0,2026-05-14,1225.6,1228.7,1224.1,0.0,1237.0,1237.05,1231.7,0.0,2026,0.0,0.0,0.0,0.0,0.0,0.0,0.0,0.0,0.0,0.0,0.0,0.0,0.0,0.0,0.0,1.0,1.0,1.0,1,14,3,5,55.43215650716812,0.0613563305972215,-1.3718549548640722,0.0613563305972215,0.9386436694027784,-0.000110413105679,-8.032602477331566e-05,0.0020123849599327,True,49.52481637499095,0.1300744237620363,-0.9488162951595716,0.1300744237620363,0.8699255762379636,-0.0002438509837386,-0.0002531376731421,0.0038374916548573,True,29.624019930926494,0.1102322090457337,-1.0360940237864915,0.1102322090457337,0.8897677909542662,-0.0004756162747039,-0.0004235749381016,0.0056524339104191,True,64.75277738976007,0.5043988619387952,-0.051976459729968,0.5043988619387952,0.4956011380612047,-0.0013271035036923,-0.0008623558110632,0.0076343952782248,True,0.0613563305972215,0.9386436694027784,1.3718549548640722,0.1300744237620363,0.8699255762379636,0.9488162951595716,0.1102322090457337,0.8897677909542662,1.0360940237864915,0.5043988619387952,0.4956011380612047,0.051976459729968,1,0,0,0.0,1,1,1,1,,0,1,0,1,1,0,0,1.0,1.0,0.0,0.0,0.0,,-0.877287338805557,1.3718549548640722,-0.7398511524759274,0.9488162951595716,-0.7795355819085324,1.0360940237864915,0.008797723877590535,0.051976459729968,0.6001814,0.5175652113720303,0.5033171
2026-05-14 15:25:00,2026-05-14 15:45:00,-1,1239.25,1245.5,eod,-6.25,0.1745425,-6.6245425,-208673.08875,1.0,2026-05-14,1244.75,1244.75,1239.1,0.0,1245.5,1245.5,1245.5,0.0,2026,0.0,0.0,0.0,0.0,0.0,0.0,0.0,0.0,0.0,0.0,0.0,0.0,0.0,0.0,0.0,1.0,1.0,1.0,0,15,3,5,12.476698721815506,0.0157649164824442,-2.605416132550004,0.0157649164824442,0.9842350835175556,0.0001300778662668,0.0001739972010288,0.0016458282436628,True,52.77124364786777,0.1044229495627636,-1.0727581301166351,0.1044229495627636,0.8955770504372363,0.0004593933437559,0.0005290086209425,0.0027885295792093,True,58.15413057208596,0.8524631940091363,0.9736190611974392,0.8524631940091363,0.1475368059908637,0.0009864865853135,0.0011599168042025,0.003510281749461,True,20.778941691025423,0.9187404323104496,1.385628282195774,0.9187404323104496,0.0812595676895504,0.0021790733647819,0.0026093807385957,0.0048570242325007,True,0.9842350835175556,0.0157649164824442,-2.605416132550004,0.8955770504372363,0.1044229495627636,-1.0727581301166351,0.1475368059908637,0.8524631940091363,0.9736190611974392,0.0812595676895504,0.9187404323104496,1.385628282195774,1,0,0,0.0,1,1,1,1,,0,1,0,0,1,0,0,1.0,1.0,0.0,0.0,0.0,,0.9684701670351115,2.605416132550004,0.7911541008744727,1.0727581301166351,-0.7049263880182726,0.9736190611974392,-0.8374808646208991,1.385628282195774,0.55790937,0.5043368478117914,0.52530456
2026-05-15 10:30:00,2026-05-15 10:35:00,-1,1228.1,1227.95,pivot,0.1499999999998635,0.1736815,-0.22368150000013645,-7045.967250004298,1.0,2026-05-15,1227.95,1228.6,1225.2,0.0,1231.8,1234.75,1227.95,0.0,2026,0.0,0.0,0.0,0.0,0.0,0.0,0.0,0.0,0.0,0.0,0.0,0.0,0.0,0.0,0.0,1.0,0.0,0.0,0,10,4,5,107.28866742783372,0.1390352589391001,-0.8854153446040687,0.1390352589391001,0.8609647410608998,-0.000110413105679,-8.032602477331566e-05,0.0020123849599327,True,67.338744441595,0.1733842617720852,-0.7563097617725699,0.1733842617720852,0.8266157382279147,-0.0002438509837386,-0.0002531376731421,0.0038374916548573,True,20.18735201574481,0.0797382590508793,-1.2533776896352578,0.0797382590508793,0.9202617409491206,-0.0004756162747039,-0.0004235749381016,0.0056524339104191,True,4.139834014278703,0.0292388528280053,-2.1026067616783672,0.0292388528280053,0.9707611471719946,-0.0013271035036923,-0.0008623558110632,0.0076343952782248,True,0.8609647410608998,0.1390352589391001,-0.8854153446040687,0.8266157382279147,0.1733842617720852,-0.7563097617725699,0.9202617409491206,0.0797382590508793,-1.2533776896352578,0.9707611471719946,0.0292388528280053,-2.1026067616783672,1,0,0,0.0,1,1,1,1,,0,1,1,0,0,1,0,1.0,1.0,0.0,0.0,0.0,,0.7219294821217997,0.8854153446040687,0.6532314764558295,0.7563097617725699,0.8405234818982413,1.2533776896352578,0.9415222943439893,2.1026067616783672,0.5927152,0.5065028094884039,0.5400021
2026-05-20 12:30:00,2026-05-20 12:35:00,1,1110.0,1108.15,pivot,-1.849999999999909,0.1665445,-2.2165444999999093,-69821.15174999714,1.0,2026-05-20,1108.4,1110.6,1105.45,0.0,1111.5,1114.6,1107.8,0.0,2026,0.0,0.0,0.0,0.0,0.0,0.0,0.0,0.0,0.0,0.0,0.0,0.0,0.0,0.0,0.0,1.0,1.0,0.0,0,12,2,5,26.72152938778981,0.067857999302677,-1.1725221395686816,0.067857999302677,0.9321420006973228,-0.0002269615933968,-0.000155681224693,0.0040312993911495,True,6.067076880593759,0.0349191213494351,-1.780521590667255,0.0349191213494351,0.9650808786505648,-0.0004650223181095,-0.0005211663351293,0.0065377459996741,True,34.8913774254603,0.1910508878043581,-0.6397178050415032,0.1910508878043581,0.8089491121956419,-0.0012053369340164,-0.0014128033611818,0.0085928716626048,True,1.5534499400271111,0.0236935470262938,-2.536574511343895,0.0236935470262938,0.976306452973706,-0.0031352397907084,-0.00425845309321,0.0116189703312919,True,0.067857999302677,0.9321420006973228,1.1725221395686816,0.0349191213494351,0.9650808786505648,1.780521590667255,0.1910508878043581,0.8089491121956419,0.6397178050415032,0.0236935470262938,0.976306452973706,2.536574511343895,1,0,0,0.0,1,1,1,1,,0,1,0,1,1,0,0,1.0,1.0,0.0,0.0,0.0,,-0.8642840013946458,1.1725221395686816,-0.9301617573011297,1.780521590667255,-0.6178982243912838,0.6397178050415032,-0.9526129059474122,2.536574511343895,0.5459857,0.5229625293981881,0.5818969
2026-05-20 14:00:00,2026-05-20 14:45:00,1,1110.85,1114.3,pivot,3.450000000000045,0.1667545,3.083245500000046,97122.23325000145,1.0,2026-05-20,1115.9,1120.4,1110.8,0.0,1113.55,1114.5,1112.75,0.0,2026,0.0,0.0,0.0,0.0,0.0,0.0,0.0,0.0,0.0,0.0,0.0,0.0,0.0,0.0,0.0,1.0,1.0,2.0,1,14,2,5,84.96627654410864,0.1870982805871035,-0.6076883642679317,0.1870982805871035,0.8129017194128965,-0.0002269615933968,-0.000155681224693,0.0040312993911495,True,35.59007392414244,0.1497734945971267,-0.7710428995514758,0.1497734945971267,0.8502265054028733,-0.0004650223181095,-0.0005211663351293,0.0065377459996741,True,22.41247489259557,0.122401959039757,-0.9193183796156656,0.122401959039757,0.877598040960243,-0.0012053369340164,-0.0014128033611818,0.0085928716626048,True,37.981761775469735,0.7512281939331136,0.5564103862030118,0.7512281939331136,0.2487718060668864,-0.0031352397907084,-0.00425845309321,0.0116189703312919,True,0.1870982805871035,0.8129017194128965,0.6076883642679317,0.1497734945971267,0.8502265054028733,0.7710428995514758,0.122401959039757,0.877598040960243,0.9193183796156656,0.7512281939331136,0.2487718060668864,-0.5564103862030118,1,0,0,0.0,1,1,1,1,,0,1,0,1,1,0,0,1.0,1.0,0.0,0.0,0.0,,-0.6258034388257929,0.6076883642679317,-0.7004530108057465,0.7710428995514758,-0.7551960819204859,0.9193183796156656,0.5024563878662271,0.5564103862030118,0.54100394,0.5068063168325605,0.6630463
2026-05-22 15:10:00,2026-05-22 15:45:00,-1,1227.35,1228.15,eod,-0.8000000000001819,0.173665,-1.1736650000001818,-36970.44750000573,1.0,2026-05-22,1226.85,1227.5,1225.95,0.0,1228.15,1228.15,1228.15,0.0,2026,0.0,0.0,0.0,0.0,0.0,0.0,0.0,0.0,0.0,0.0,0.0,0.0,0.0,0.0,0.0,1.0,1.0,1.0,0,15,4,5,97.40165678524563,0.8977052352716995,1.156780567648671,0.8977052352716995,0.1022947647283004,0.0001300778662668,0.0001739972010288,0.0016458282436628,True,38.001425766382376,0.0727068543293298,-1.3263561591017656,0.0727068543293298,0.9272931456706702,0.0004593933437559,0.0005290086209425,0.0027885295792093,True,33.38906351938382,0.084067544050683,-1.2680457598478485,0.084067544050683,0.9159324559493168,0.0009864865853135,0.0011599168042025,0.003510281749461,True,31.214079055705646,0.0910003116082967,-1.131333960847277,0.0910003116082967,0.9089996883917032,0.0021790733647819,0.0026093807385957,0.0048570242325007,True,0.1022947647283004,0.8977052352716995,1.156780567648671,0.9272931456706702,0.0727068543293298,-1.3263561591017656,0.9159324559493168,0.084067544050683,-1.2680457598478485,0.9089996883917032,0.0910003116082967,-1.131333960847277,1,0,0,0.0,1,1,1,1,,0,1,0,0,1,0,0,1.0,1.0,0.0,0.0,0.0,,-0.7954104705433991,1.156780567648671,0.8545862913413405,1.3263561591017656,0.8318649118986339,1.2680457598478485,0.8179993767834065,1.131333960847277,0.52854097,0.5263288876819725,0.7485485
2026-05-26 14:45:00,2026-05-26 15:25:00,-1,1269.6,1264.0,pivot,5.599999999999909,0.176008,5.2239919999999085,164555.7479999971,1.0,2026-05-26,1269.7,1271.1,1268.65,0.0,1263.65,1265.4,1263.15,0.0,2026,0.0,0.0,0.0,0.0,0.0,0.0,0.0,0.0,0.0,0.0,0.0,0.0,0.0,0.0,0.0,1.0,1.0,1.0,1,14,1,5,312.2990983182921,0.6037205603989078,0.1577702285402766,0.6037205603989078,0.3962794396010922,0.0001300778662668,0.0001739972010288,0.0016458282436628,True,193.47519332421447,0.5493150125332049,0.0648064191768682,0.5493150125332049,0.4506849874667951,0.0004593933437559,0.0005290086209425,0.0027885295792093,True,150.9299529995162,0.4299388326934398,-0.1844266323817283,0.4299388326934398,0.5700611673065601,0.0009864865853135,0.0011599168042025,0.003510281749461,True,26.543571294447688,0.0810287967075486,-1.2016010695038215,0.0810287967075486,0.9189712032924514,0.0021790733647819,0.0026093807385957,0.0048570242325007,True,0.3962794396010922,0.6037205603989078,0.1577702285402766,0.4506849874667951,0.5493150125332049,0.0648064191768682,0.5700611673065601,0.4299388326934398,-0.1844266323817283,0.9189712032924514,0.0810287967075486,-1.2016010695038215,1,0,0,0.0,1,1,1,1,,0,1,0,1,1,0,0,1.0,1.0,0.0,0.0,0.0,,-0.20744112079781557,0.1577702285402766,-0.09863002506640983,0.0648064191768682,0.1401223346131203,0.1844266323817283,0.8379424065849028,1.2016010695038215,0.5074542,0.5109789362279423,0.73516953
2026-05-27 13:15:00,2026-05-27 13:40:00,1,1336.7,1323.15,pivot,-13.549999999999956,0.1797955,-13.929795499999956,-438788.5582499986,1.0,2026-05-27,1331.0,1337.25,1330.95,0.0,1325.35,1325.9,1320.45,0.0,2026,0.0,0.0,0.0,0.0,0.0,0.0,0.0,0.0,0.0,0.0,0.0,0.0,0.0,0.0,0.0,1.0,1.0,1.0,0,13,2,5,242.343523330672,0.463490931287127,-0.0651417080524169,0.463490931287127,0.5365090687128731,0.0001507468076022,0.0001427803269932,0.0021918419283438,True,115.18438004775166,0.3264874666105414,-0.3456835618668197,0.3264874666105414,0.6735125333894585,0.0004306230187282,0.0003502708448158,0.0037198243993486,True,35.37632714205258,0.1162309259188958,-1.1075635198729157,0.1162309259188958,0.8837690740811042,0.0008413025514226,0.0008498514036118,0.0047139453684341,True,35.525205250324575,0.1373467658910743,-0.9074123995648558,0.1373467658910743,0.8626532341089257,0.0018180138572274,0.0019881764003557,0.0067205762948667,True,0.463490931287127,0.5365090687128731,0.0651417080524169,0.3264874666105414,0.6735125333894585,0.3456835618668197,0.1162309259188958,0.8837690740811042,1.1075635198729157,0.1373467658910743,0.8626532341089257,0.9074123995648558,1,0,0,0.0,1,1,1,1,,0,1,0,1,1,0,0,1.0,1.0,0.0,0.0,0.0,,-0.07301813742574609,0.0651417080524169,-0.3470250667789171,0.3456835618668197,-0.7675381481622083,1.1075635198729157,-0.7253064682178514,0.9074123995648558,0.5845006,0.5023838554485986,0.67425025
2026-05-27 13:40:00,2026-05-27 13:45:00,1,1323.15,1325.55,pivot,2.399999999999864,0.1794609999999999,2.0205389999998635,63646.978499995705,1.0,2026-05-27,1325.35,1325.9,1320.45,0.0,1327.1,1328.4,1324.15,0.0,2026,0.0,0.0,0.0,0.0,0.0,0.0,0.0,0.0,0.0,0.0,0.0,0.0,0.0,0.0,0.0,1.0,1.0,0.0,1,13,2,5,33.81882324027138,0.9427044619258534,1.5100469883173693,0.9427044619258534,0.0572955380741465,-0.000110413105679,-8.032602477331566e-05,0.0020123849599327,True,9.692451491090496,0.0272352359419547,-2.057114953541836,0.0272352359419547,0.9727647640580452,-0.0002438509837386,-0.0002531376731421,0.0038374916548573,True,8.099260371412596,0.0287915970756717,-1.9503204116505963,0.0287915970756717,0.9712084029243282,-0.0004756162747039,-0.0004235749381016,0.0056524339104191,True,4.19641199551844,0.0303907812061526,-2.0664653395981167,0.0303907812061526,0.9696092187938472,-0.0013271035036923,-0.0008623558110632,0.0076343952782248,True,0.9427044619258534,0.0572955380741465,-1.5100469883173693,0.0272352359419547,0.9727647640580452,2.057114953541836,0.0287915970756717,0.9712084029243282,1.9503204116505963,0.0303907812061526,0.9696092187938472,2.0664653395981167,1,0,0,0.0,1,1,1,1,,0,1,0,1,1,0,0,1.0,1.0,0.0,0.0,0.0,,0.8854089238517069,1.5100469883173693,-0.9455295281160906,2.057114953541836,-0.9424168058486565,1.9503204116505963,-0.9392184375876946,2.0664653395981167,0.5899498,0.5101817127362358,0.6089797
2026-05-27 14:15:00,2026-05-27 14:35:00,-1,1315.45,1317.35,pivot,-1.899999999999864,0.178984,-2.2789839999998636,-71787.9959999957,1.0,2026-05-27,1314.5,1315.55,1310.55,0.0,1315.65,1322.7,1315.45,0.0,2026,0.0,0.0,0.0,0.0,0.0,0.0,0.0,0.0,0.0,0.0,0.0,0.0,0.0,0.0,0.0,1.0,0.0,0.0,0,14,2,5,315.30878345786846,0.5339038032361382,0.0679161216569648,0.5339038032361382,0.4660961967638618,-0.0001069985148417,-0.0001322486631791,0.0019472352064969,True,27.498754635343914,0.0666490648042673,-1.4600432470218407,0.0666490648042673,0.9333509351957326,-0.0003358895109858,-0.0003619471569104,0.0034729063478068,True,117.11772172598307,0.4254179256017046,-0.1654064902428245,0.4254179256017046,0.5745820743982955,-0.0005060348867784,-0.0002971528837183,0.0050606402299578,True,9.340584731354786,0.0483800719039581,-1.5240307084153193,0.0483800719039581,0.951619928096042,-0.0006224315571759,-0.0002556998663851,0.0065737234732237,True,0.4660961967638618,0.5339038032361382,0.0679161216569648,0.9333509351957326,0.0666490648042673,-1.4600432470218407,0.5745820743982955,0.4254179256017046,-0.1654064902428245,0.951619928096042,0.0483800719039581,-1.5240307084153193,1,0,0,0.0,1,1,1,1,,0,1,0,1,0,1,0,1.0,1.0,0.0,0.0,0.0,,-0.06780760647227635,0.0679161216569648,0.8667018703914653,1.4600432470218407,0.14916414879659085,0.1654064902428245,0.9032398561920839,1.5240307084153193,0.588436,0.5253092097545766,0.62299514
2026-05-27 14:45:00,2026-05-27 15:10:00,1,1324.1,1309.95,pivot,-14.149999999999864,0.1790215,-14.529021499999864,-457664.1772499957,1.0,2026-05-27,1310.25,1325.0,1310.25,0.0,1313.3,1314.45,1306.7,0.0,2026,0.0,0.0,0.0,0.0,0.0,0.0,0.0,0.0,0.0,0.0,0.0,0.0,0.0,0.0,0.0,1.0,1.0,0.0,0,14,2,5,149.84811876403316,0.1972175546802915,-0.6147220807837365,0.1972175546802915,0.8027824453197084,-0.0001069985148417,-0.0001322486631791,0.0019472352064969,True,40.21852942077615,0.106774884488964,-1.10789837354919,0.106774884488964,0.8932251155110359,-0.0003358895109858,-0.0003619471569104,0.0034729063478068,True,42.40817648360006,0.1434380656605909,-0.8553508982354436,0.1434380656605909,0.8565619343394091,-0.0005060348867784,-0.0002971528837183,0.0050606402299578,True,34.95670608420087,0.1362218558530729,-0.8373172112626145,0.1362218558530729,0.863778144146927,-0.0006224315571759,-0.0002556998663851,0.0065737234732237,True,0.1972175546802915,0.8027824453197084,0.6147220807837365,0.106774884488964,0.8932251155110359,1.10789837354919,0.1434380656605909,0.8565619343394091,0.8553508982354436,0.1362218558530729,0.863778144146927,0.8373172112626145,1,0,0,0.0,1,1,1,1,,0,1,0,1,1,0,0,1.0,1.0,0.0,0.0,0.0,,-0.6055648906394169,0.6147220807837365,-0.7864502310220719,1.10789837354919,-0.7131238686788182,0.8553508982354436,-0.7275562882938541,0.8373172112626145,0.6053399,0.5281504368170892,0.5807264
2026-05-28 12:55:00,2026-05-28 13:20:00,-1,1265.3,1239.5,pivot,25.799999999999955,0.175144,25.424855999999956,800882.9639999986,1.0,2026-05-28,1259.05,1265.3,1258.3,0.0,1242.2,1243.15,1237.5,0.0,2026,0.0,0.0,0.0,0.0,0.0,0.0,0.0,0.0,0.0,0.0,0.0,0.0,0.0,0.0,0.0,1.0,0.0,0.0,1,12,3,5,17.508379476867844,0.9747132597513668,2.116882957747547,0.9747132597513668,0.025286740248633,-0.0002489959705932,-0.0002785510829892,0.0021534007647523,True,75.11263938686969,0.1926639463702662,-0.6707558730122396,0.1926639463702662,0.8073360536297337,-0.0006915793247465,-0.0008407914987825,0.0036317580719136,True,6.313316575480269,0.0241112892715929,-2.244051922122946,0.0241112892715929,0.9758887107284072,-0.0012071125204979,-0.0016017462979116,0.0047506165829724,True,3.128451606347715,0.0188930773868111,-2.621175095150197,0.0188930773868111,0.9811069226131888,-0.0022007238582214,-0.0027994441102209,0.0059131356858564,True,0.025286740248633,0.9747132597513668,2.116882957747547,0.8073360536297337,0.1926639463702662,-0.6707558730122396,0.9758887107284072,0.0241112892715929,-2.244051922122946,0.9811069226131888,0.0188930773868111,-2.621175095150197,1,0,0,0.0,1,1,1,1,,0,1,0,1,0,1,0,1.0,1.0,0.0,0.0,0.0,,-0.9494265195027338,2.116882957747547,0.6146721072594675,0.6707558730122396,0.9517774214568143,2.244051922122946,0.9622138452263777,2.621175095150197,0.5607377,0.5911268241694283,0.5583681
2026-05-28 13:20:00,2026-05-28 13:25:00,-1,1239.5,1242.3,pivot,-2.7999999999999545,0.174454,-3.1744539999999546,-99995.30099999857,1.0,2026-05-28,1242.2,1243.15,1237.5,0.0,1247.2,1249.6,1239.55,0.0,2026,0.0,0.0,0.0,0.0,0.0,0.0,0.0,0.0,0.0,0.0,0.0,0.0,0.0,0.0,0.0,1.0,0.0,0.0,0,13,3,5,3.50698228882906,0.006661321060239,-3.271772122743261,0.006661321060239,0.9933386789397608,-0.0002489959705932,-0.0002785510829892,0.0021534007647523,True,3.34340853498122,0.0112744410534744,-2.913732160548686,0.0112744410534744,0.9887255589465256,-0.0006915793247465,-0.0008407914987825,0.0036317580719136,True,8.503452254576239,0.0306040795513441,-2.0589542543177237,0.0306040795513441,0.969395920448656,-0.0012071125204979,-0.0016017462979116,0.0047506165829724,True,0.8171119031817291,0.0025536894098715,-4.539588358313796,0.0025536894098715,0.9974463105901284,-0.0022007238582214,-0.0027994441102209,0.0059131356858564,True,0.9933386789397608,0.006661321060239,-3.271772122743261,0.9887255589465256,0.0112744410534744,-2.913732160548686,0.969395920448656,0.0306040795513441,-2.0589542543177237,0.9974463105901284,0.0025536894098715,-4.539588358313796,1,0,0,0.0,1,1,1,1,,0,1,0,1,0,1,0,1.0,1.0,0.0,0.0,0.0,,0.9866773578795218,3.271772122743261,0.9774511178930512,2.913732160548686,0.9387918408973118,2.0589542543177237,0.9948926211802569,4.539588358313796,0.6173791,0.5431329986254483,0.53545046
2026-05-28 14:55:00,2026-05-28 15:45:00,1,1283.75,1294.25,eod,10.5,0.17734,10.122660000000002,318863.79000000004,1.0,2026-05-28,1282.6,1284.05,1280.8,0.0,1294.25,1294.25,1294.25,0.0,2026,0.0,0.0,0.0,0.0,0.0,0.0,0.0,0.0,0.0,0.0,0.0,0.0,0.0,0.0,0.0,1.0,2.0,2.0,1,14,3,5,13.013337362722488,0.9804545771099296,2.283176240555493,0.9804545771099296,0.0195454228900703,-0.0001071738191224,-0.0001378540399803,0.0020475687963755,True,62.72377964022814,0.8532337941933692,0.8557027886868458,0.8532337941933692,0.1467662058066308,-0.0003524303209264,-0.0003637808762597,0.0035761196938846,True,3.063552733456823,0.982614454657585,2.8141511717265413,0.982614454657585,0.0173855453424149,-0.0005415576439892,-0.0002598840271786,0.0052606148932121,True,1.7115100471148623,0.9932555472968896,3.433445785438875,0.9932555472968896,0.0067444527031105,-0.0006093675766305,-0.0001285198834506,0.0068450193702185,True,0.9804545771099296,0.0195454228900703,-2.283176240555493,0.8532337941933692,0.1467662058066308,-0.8557027886868458,0.982614454657585,0.0173855453424149,-2.8141511717265413,0.9932555472968896,0.0067444527031105,-3.433445785438875,1,0,0,0.0,1,1,1,1,,0,1,0,1,0,0,0,1.0,1.0,0.0,0.0,0.0,,0.9609091542198592,2.283176240555493,0.7064675883867384,0.8557027886868458,0.9652289093151701,2.8141511717265413,0.9865110945937791,3.433445785438875,0.50768554,0.527878192900601,0.55313605
2026-05-29 15:05:00,2026-05-29 15:25:00,-1,1343.3,1345.3,pivot,-2.0,0.1806579999999999,-2.3806580000000004,-74990.72700000001,1.0,2026-05-29,1343.45,1344.55,1343.1,0.0,1348.35,1348.4,1343.05,0.0,2026,0.0,0.0,0.0,0.0,0.0,0.0,0.0,0.0,0.0,0.0,0.0,0.0,0.0,0.0,0.0,1.0,1.0,1.0,0,15,4,5,246.66192070134255,0.2601735014341003,-0.4681805061602869,0.2601735014341003,0.7398264985658998,0.0001300778662668,0.0001739972010288,0.0016458282436628,True,34.99357647362501,0.0646745062098044,-1.4047326430046487,0.0646745062098044,0.9353254937901956,0.0004593933437559,0.0005290086209425,0.0027885295792093,True,25.950626620983392,0.0623772263954398,-1.475586243498184,0.0623772263954398,0.93762277360456,0.0009864865853135,0.0011599168042025,0.003510281749461,True,41.9872579788324,0.1136028125090134,-1.0051036241770257,0.1136028125090134,0.8863971874909866,0.0021790733647819,0.0026093807385957,0.0048570242325007,True,0.7398264985658998,0.2601735014341003,-0.4681805061602869,0.9353254937901956,0.0646745062098044,-1.4047326430046487,0.93762277360456,0.0623772263954398,-1.475586243498184,0.8863971874909866,0.1136028125090134,-1.0051036241770257,1,0,0,0.0,1,1,1,1,,0,1,0,0,1,0,0,1.0,1.0,0.0,0.0,0.0,,0.4796529971317995,0.4681805061602869,0.8706509875803912,1.4047326430046487,0.8752455472091203,1.475586243498184,0.7727943749819732,1.0051036241770257,0.55061185,0.5004399095425373,0.6331457
2026-06-01 14:55:00,2026-06-01 15:45:00,-1,1411.95,1417.7,eod,-5.75,0.1848895,-6.134889500000001,-193249.01925,1.0,2026-06-01,1412.15,1414.95,1410.0,0.0,1417.7,1417.7,1417.7,0.0,2026,0.0,0.0,0.0,0.0,0.0,0.0,0.0,0.0,0.0,0.0,0.0,0.0,0.0,0.0,0.0,1.0,1.0,1.0,0,14,0,6,26.41630467737312,0.9762697739914216,1.950724191622107,0.9762697739914216,0.0237302260085784,0.0001219411028181,0.0001808324372378,0.001704316115822,True,1.0062278270264322,0.9958358968738112,3.717471398698319,0.9958358968738112,0.0041641031261888,0.0004629071894288,0.0005724347317072,0.0028387067311563,True,152.23443909817004,0.4687268626056916,-0.103151331012616,0.4687268626056916,0.5312731373943085,0.0009860338393875,0.001141855140021,0.0035280219931739,True,42.96704614653055,0.1156732839194269,-0.9952105104557912,0.1156732839194269,0.884326716080573,0.0021790733647819,0.0026093807385957,0.0048570242325007,True,0.0237302260085784,0.9762697739914216,1.950724191622107,0.0041641031261888,0.9958358968738112,3.717471398698319,0.5312731373943085,0.4687268626056916,-0.103151331012616,0.884326716080573,0.1156732839194269,-0.9952105104557912,1,0,0,0.0,1,1,1,1,,0,1,0,1,1,0,0,1.0,1.0,0.0,0.0,0.0,,-0.9525395479828431,1.950724191622107,-0.9916717937476225,3.717471398698319,0.0625462747886169,0.103151331012616,0.7686534321611461,0.9952105104557912,0.5133525,0.5108056908634083,0.5897362
2026-06-02 11:00:00,2026-06-02 11:25:00,-1,1365.5,1374.25,pivot,-8.75,0.1821925,-9.132192499999999,-287664.06375,1.0,2026-06-02,1368.35,1372.35,1364.75,0.0,1376.5,1380.4,1372.3,0.0,2026,0.0,0.0,0.0,0.0,0.0,0.0,0.0,0.0,0.0,0.0,0.0,0.0,0.0,0.0,0.0,1.0,0.0,0.0,0,11,1,6,147.55899270703046,0.6395886710509069,0.2192086083847918,0.6395886710509069,0.3604113289490931,-0.0002368728646149,-0.0001343774102278,0.0034359990673319,True,5.373580356211744,0.02687656540026,-1.9014070428296277,0.02687656540026,0.97312343459974,-0.0003355570957819,-0.0003429751611654,0.005984227714857,True,8.75344173047994,0.0511040842301161,-1.5157598457392607,0.0511040842301161,0.948895915769884,-0.0010986407657697,-0.0012155155742496,0.0077847771010622,True,48.56378571848568,0.4832005996471964,0.0613872699441689,0.4832005996471964,0.5167994003528036,-0.003143995545695,-0.0042340060672795,0.0121628508246582,True,0.3604113289490931,0.6395886710509069,0.2192086083847918,0.97312343459974,0.02687656540026,-1.9014070428296277,0.948895915769884,0.0511040842301161,-1.5157598457392607,0.5167994003528036,0.4832005996471964,0.0613872699441689,1,0,0,0.0,1,1,1,1,,0,1,1,0,0,1,0,1.0,1.0,0.0,0.0,0.0,,-0.2791773421018138,0.2192086083847918,0.9462468691994801,1.9014070428296277,0.8977918315397678,1.5157598457392607,0.03359880070560717,0.0613872699441689,0.58428276,0.5014710665142084,0.5762621
2026-06-02 14:30:00,2026-06-02 15:00:00,1,1399.25,1406.75,pivot,7.5,0.18418,7.115819999999999,224148.33,1.0,2026-06-02,1406.7,1406.7,1399.2,0.0,1402.35,1407.6,1401.8,0.0,2026,0.0,0.0,0.0,0.0,0.0,0.0,0.0,0.0,0.0,0.0,0.0,0.0,0.0,0.0,0.0,1.0,2.0,2.0,1,14,1,6,20.845795118824768,0.9813845311987812,2.07823348578255,0.9813845311987812,0.0186154688012187,0.0001219411028181,0.0001808324372378,0.001704316115822,True,53.52270495105277,0.913821293847986,1.1982344034456691,0.913821293847986,0.086178706152014,0.0004629071894288,0.0005724347317072,0.0028387067311563,True,5.157457318671707,0.9867723263366852,2.638840597554981,0.9867723263366852,0.0132276736633148,0.0009860338393875,0.001141855140021,0.0035280219931739,True,2.3288214136579217,0.9942884770928512,3.1067496496093794,0.9942884770928512,0.0057115229071488,0.0021790733647819,0.0026093807385957,0.0048570242325007,True,0.9813845311987812,0.0186154688012187,-2.07823348578255,0.913821293847986,0.086178706152014,-1.1982344034456691,0.9867723263366852,0.0132276736633148,-2.638840597554981,0.9942884770928512,0.0057115229071488,-3.1067496496093794,1,0,0,0.0,1,1,1,1,,0,1,0,1,0,0,0,1.0,1.0,0.0,0.0,0.0,,0.9627690623975625,2.07823348578255,0.8276425876959721,1.1982344034456691,0.9735446526733704,2.638840597554981,0.9885769541857024,3.1067496496093794,0.52762854,0.5554665619785539,0.5584836
2026-06-04 14:55:00,2026-06-04 15:20:00,1,1386.2,1383.45,pivot,-2.75,0.1830895,-3.1330895,-98692.31925,1.0,2026-06-04,1388.8,1389.0,1384.15,0.0,1386.7,1388.2,1383.0,0.0,2026,0.0,0.0,0.0,0.0,0.0,0.0,0.0,0.0,0.0,0.0,0.0,0.0,0.0,0.0,0.0,1.0,1.0,1.0,0,14,3,6,6.507525985477833,0.0123775269255664,-2.7721245974673563,0.0123775269255664,0.9876224730744336,-0.0001071738191224,-0.0001378540399803,0.0020475687963755,True,28.62845118339825,0.0663961647273328,-1.4439872910962857,0.0663961647273328,0.9336038352726672,-0.0003524303209264,-0.0003637808762597,0.0035761196938846,True,50.04714331246162,0.1674348524386709,-0.7766850313298634,0.1674348524386709,0.832565147561329,-0.0005415576439892,-0.0002598840271786,0.0052606148932121,True,30.58903567791595,0.1252157403098927,-0.8985425718449233,0.1252157403098927,0.8747842596901073,-0.0006093675766305,-0.0001285198834506,0.0068450193702185,True,0.0123775269255664,0.9876224730744336,2.7721245974673563,0.0663961647273328,0.9336038352726672,1.4439872910962857,0.1674348524386709,0.832565147561329,0.7766850313298634,0.1252157403098927,0.8747842596901073,0.8985425718449233,1,0,0,0.0,1,1,1,1,,0,1,0,1,1,0,0,1.0,1.0,0.0,0.0,0.0,,-0.9752449461488673,2.7721245974673563,-0.8672076705453344,1.4439872910962857,-0.6651302951226581,0.7766850313298634,-0.7495685193802146,0.8985425718449233,0.6196301,0.5327211970164807,0.5530523
2026-06-08 11:20:00,2026-06-08 11:55:00,-1,1219.0,1243.65,pivot,-24.65000000000009,0.1738795,-25.023879500000092,-788252.2042500029,1.0,2026-06-08,1231.5,1231.75,1218.25,0.0,1237.35,1246.65,1235.55,0.0,2026,0.0,0.0,0.0,0.0,0.0,0.0,0.0,0.0,0.0,0.0,0.0,0.0,0.0,0.0,0.0,1.0,2.0,2.0,0,11,0,6,17.722942030658793,0.9516317005429576,1.63470262639843,0.9516317005429576,0.0483682994570423,-0.0002676823756094,-0.0001736198312604,0.0034763668100598,True,12.121903922522474,0.9576447008096752,1.662747338362366,0.9576447008096752,0.0423552991903248,-0.000346305150695,-0.0004022342343981,0.0060213546851835,True,6.91466065137064,0.970273772990564,1.9821599868958009,0.970273772990564,0.029726227009436,-0.0011169861866417,-0.0011776369659953,0.0080818144971217,True,2.374084085625628,0.9816220081560936,2.1016879423570654,0.9816220081560936,0.0183779918439065,-0.0026583133401271,-0.0031032861280957,0.0111397645887832,True,0.0483682994570423,0.9516317005429576,1.63470262639843,0.0423552991903248,0.9576447008096752,1.662747338362366,0.029726227009436,0.970273772990564,1.9821599868958009,0.0183779918439065,0.9816220081560936,2.1016879423570654,1,0,0,0.0,1,1,1,1,,0,1,1,0,0,0,0,1.0,1.0,0.0,0.0,0.0,,-0.9032634010859153,1.63470262639843,-0.9152894016193505,1.662747338362366,-0.9405475459811281,1.9821599868958009,-0.963244016312187,2.1016879423570654,0.572868,0.5067002689416797,0.55356455
2026-06-08 12:05:00,2026-06-08 12:25:00,-1,1232.2,1238.85,pivot,-6.649999999999864,0.1741315,-7.024131499999863,-221260.1422499957,1.0,2026-06-08,1237.85,1241.5,1232.2,0.0,1236.9,1238.95,1234.0,0.0,2026,0.0,0.0,0.0,0.0,0.0,0.0,0.0,0.0,0.0,0.0,0.0,0.0,0.0,0.0,0.0,1.0,1.0,2.0,0,12,0,6,22.769605673298607,0.0578512070580249,-1.3993872465961648,0.0578512070580249,0.942148792941975,-0.0002676823756094,-0.0001736198312604,0.0034763668100598,True,19.89207930338121,0.0735451371611611,-1.2966181501928271,0.0735451371611611,0.9264548628388388,-0.000346305150695,-0.0004022342343981,0.0060213546851835,True,68.78726778903766,0.4934739137215842,-0.0041942294025747,0.4934739137215842,0.5065260862784158,-0.0011169861866417,-0.0011776369659953,0.0080818144971217,True,5.862693503581847,0.9674223510003382,1.7782897885285982,0.9674223510003382,0.0325776489996617,-0.0026583133401271,-0.0031032861280957,0.0111397645887832,True,0.942148792941975,0.0578512070580249,-1.3993872465961648,0.9264548628388388,0.0735451371611611,-1.2966181501928271,0.5065260862784158,0.4934739137215842,-0.0041942294025747,0.0325776489996617,0.9674223510003382,1.7782897885285982,1,0,0,0.0,1,1,1,1,,0,1,0,1,1,0,0,1.0,1.0,0.0,0.0,0.0,,0.88429758588395,1.3993872465961648,0.8529097256776778,1.2966181501928271,0.013052172556831554,0.0041942294025747,-0.9348447020006765,1.7782897885285982,0.525504,0.5069670966894326,0.6160909
2026-06-08 13:50:00,2026-06-08 14:20:00,-1,1218.3,1208.15,pivot,10.149999999999864,0.1727935,9.777206499999863,307982.0047499957,1.0,2026-06-08,1216.55,1224.45,1215.95,0.0,1212.65,1213.2,1207.55,0.0,2026,0.0,0.0,0.0,0.0,0.0,0.0,0.0,0.0,0.0,0.0,0.0,0.0,0.0,0.0,0.0,1.0,0.0,0.0,1,13,0,6,13.272013579535038,0.031469805504234,-1.844128490818613,0.031469805504234,0.968530194495766,-0.0002676823756094,-0.0001736198312604,0.0034763668100598,True,22.97023310589608,0.0892953589709251,-1.175589056090442,0.0892953589709251,0.9107046410290748,-0.000346305150695,-0.0004022342343981,0.0060213546851835,True,16.599106983016956,0.0859265069740213,-1.1824157437901253,0.0859265069740213,0.9140734930259788,-0.0011169861866417,-0.0011776369659953,0.0080818144971217,True,14.15208117910989,0.1124995187188934,-1.019602749466263,0.1124995187188934,0.8875004812811066,-0.0026583133401271,-0.0031032861280957,0.0111397645887832,True,0.968530194495766,0.031469805504234,-1.844128490818613,0.9107046410290748,0.0892953589709251,-1.175589056090442,0.9140734930259788,0.0859265069740213,-1.1824157437901253,0.8875004812811066,0.1124995187188934,-1.019602749466263,1,0,0,0.0,1,1,1,1,,0,1,0,1,0,1,0,1.0,1.0,0.0,0.0,0.0,,0.9370603889915321,1.844128490818613,0.8214092820581497,1.175589056090442,0.8281469860519576,1.1824157437901253,0.7750009625622132,1.019602749466263,0.56388557,0.5341619628927725,0.63967687
2026-06-08 14:45:00,2026-06-08 15:10:00,-1,1193.6,1193.65,pivot,-0.0500000000001819,0.1716175,-0.4216175000001819,-13280.95125000573,1.0,2026-06-08,1188.9,1194.05,1186.25,0.0,1186.0,1194.15,1185.65,0.0,2026,0.0,0.0,0.0,0.0,0.0,0.0,0.0,0.0,0.0,0.0,0.0,0.0,0.0,0.0,0.0,1.0,0.0,0.0,0,14,0,6,35.37353623055867,0.0710615884414415,-1.3782547093744333,0.0710615884414415,0.9289384115585584,-0.0002489959705932,-0.0002785510829892,0.0021534007647523,True,3.412104066128533,0.0126082265311224,-2.805118745434014,0.0126082265311224,0.9873917734688776,-0.0006915793247465,-0.0008407914987825,0.0036317580719136,True,6.970978616888883,0.0263054337271266,-2.175138905046833,0.0263054337271266,0.9736945662728732,-0.0012071125204979,-0.0016017462979116,0.0047506165829724,True,1.501793880492144,0.0086122180745646,-3.325972507896996,0.0086122180745646,0.9913877819254354,-0.0022007238582214,-0.0027994441102209,0.0059131356858564,True,0.9289384115585584,0.0710615884414415,-1.3782547093744333,0.9873917734688776,0.0126082265311224,-2.805118745434014,0.9736945662728732,0.0263054337271266,-2.175138905046833,0.9913877819254354,0.0086122180745646,-3.325972507896996,1,0,0,0.0,1,1,1,1,,0,1,0,1,0,1,0,1.0,1.0,0.0,0.0,0.0,,0.8578768231171169,1.3782547093744333,0.9747835469377553,2.805118745434014,0.9473891325457466,2.175138905046833,0.9827755638508708,3.325972507896996,0.54239434,0.5242752529900953,0.629914
2026-06-09 10:25:00,2026-06-09 10:50:00,1,1225.0,1230.55,pivot,5.5499999999999545,0.1736665,5.176333499999954,163054.50524999856,1.0,2026-06-09,1222.1,1226.3,1218.3,0.0,1230.55,1236.2,1230.15,0.0,2026,0.0,0.0,0.0,0.0,0.0,0.0,0.0,0.0,0.0,0.0,0.0,0.0,0.0,0.0,0.0,1.0,1.0,0.0,1,10,1,6,88.02430408844162,0.8384664224629935,0.7882804911551777,0.8384664224629935,0.1615335775370064,-0.0002958583576998,-0.0003283903004793,0.002611734884801,True,34.84748263278865,0.1126745141129577,-1.091109252180736,0.1126745141129577,0.8873254858870423,-0.0009090521934108,-0.0009928337208306,0.0043566680718318,True,5.893825972536638,0.0279300275085097,-2.1376575308969343,0.0279300275085097,0.9720699724914902,-0.0016378405620452,-0.0020344178394564,0.0057969784651748,True,7.38929099589297,0.0387010327584269,-2.152022015749199,0.0387010327584269,0.961298967241573,-0.0030022698702621,-0.0038743159896148,0.0072541335523488,True,0.8384664224629935,0.1615335775370064,-0.7882804911551777,0.1126745141129577,0.8873254858870423,1.091109252180736,0.0279300275085097,0.9720699724914902,2.1376575308969343,0.0387010327584269,0.961298967241573,2.152022015749199,1,0,0,0.0,1,1,1,1,,0,1,1,0,1,0,0,1.0,1.0,0.0,0.0,0.0,,0.6769328449259872,0.7882804911551777,-0.7746509717740846,1.091109252180736,-0.9441399449829805,2.1376575308969343,-0.9225979344831461,2.152022015749199,0.57501477,0.5097897820735874,0.6022346
2026-06-09 14:15:00,2026-06-09 14:30:00,-1,1284.75,1279.4,pivot,5.349999999999909,0.1769245,4.973075499999909,156651.87824999713,1.0,2026-06-09,1284.95,1286.3,1283.55,0.0,1294.35,1294.55,1278.55,0.0,2026,0.0,0.0,0.0,0.0,0.0,0.0,0.0,0.0,0.0,0.0,0.0,0.0,0.0,0.0,0.0,1.0,1.0,2.0,1,14,1,6,2.0228777501618427,0.00221550547608,-4.422191161068008,0.00221550547608,0.99778449452392,0.0001219411028181,0.0001808324372378,0.001704316115822,True,178.4731249273149,0.3072545002430037,-0.3805036123846102,0.3072545002430037,0.6927454997569962,0.0004629071894288,0.0005724347317072,0.0028387067311563,True,6.706795165013552,0.0196814317334961,-2.265744611556615,0.0196814317334961,0.980318568266504,0.0009860338393875,0.001141855140021,0.0035280219931739,True,12.1467058344812,0.9628693748181124,1.906125111431952,0.9628693748181124,0.0371306251818875,0.0021790733647819,0.0026093807385957,0.0048570242325007,True,0.99778449452392,0.00221550547608,-4.422191161068008,0.6927454997569962,0.3072545002430037,-0.3805036123846102,0.980318568266504,0.0196814317334961,-2.265744611556615,0.0371306251818875,0.9628693748181124,1.906125111431952,1,0,0,0.0,1,1,1,1,,0,1,0,1,1,0,0,1.0,1.0,0.0,0.0,0.0,,0.9955689890478401,4.422191161068008,0.38549099951399246,0.3805036123846102,0.9606371365330079,2.265744611556615,-0.9257387496362249,1.906125111431952,0.5016275,0.5499936789954599,0.6010725
2026-06-10 10:25:00,2026-06-10 10:30:00,1,1255.35,1257.3,pivot,1.9500000000000453,0.1753795,1.5746205000000455,49600.54575000143,1.0,2026-06-10,1257.15,1259.65,1252.6,0.0,1258.5,1258.95,1250.25,0.0,2026,0.0,0.0,0.0,0.0,0.0,0.0,0.0,0.0,0.0,0.0,0.0,0.0,0.0,0.0,0.0,1.0,1.0,1.0,1,10,2,6,2.9594576272052806,0.9968187534772054,3.278697080676584,0.9968187534772054,0.0031812465227946,-0.0001291244206015,-0.000132275943533,0.002593159772166,True,10.031898521094284,0.9687365762423888,1.943303513155085,0.9687365762423888,0.0312634237576111,-0.0003839896813603,-0.0003963719999669,0.0046340243162027,True,5.531876703296981,0.975537580657064,2.1386922075007857,0.975537580657064,0.0244624193429361,-0.0007304577361633,-0.0006046941328746,0.0066800860624975,True,35.5713867469808,0.7643499277970073,0.5686100846927332,0.7643499277970073,0.2356500722029927,-0.0016747684028478,-0.0010248287920061,0.0087632611860598,True,0.9968187534772054,0.0031812465227946,-3.278697080676584,0.9687365762423888,0.0312634237576111,-1.943303513155085,0.975537580657064,0.0244624193429361,-2.1386922075007857,0.7643499277970073,0.2356500722029927,-0.5686100846927332,1,0,0,0.0,1,1,1,1,,0,1,1,0,1,0,0,1.0,1.0,0.0,0.0,0.0,,0.9936375069544108,3.278697080676584,0.9374731524847777,1.943303513155085,0.9510751613141278,2.1386922075007857,0.5286998555940146,0.5686100846927332,0.54903424,0.5053193425579107,0.65192676
2026-06-10 10:30:00,2026-06-10 12:00:00,-1,1257.3,1238.45,pivot,18.84999999999991,0.1748725,18.47512749999991,581966.5162499972,1.0,2026-06-10,1258.5,1258.95,1250.25,0.0,1242.55,1243.55,1238.15,0.0,2026,0.0,0.0,0.0,0.0,0.0,0.0,0.0,0.0,0.0,0.0,0.0,0.0,0.0,0.0,0.0,1.0,1.0,2.0,1,10,2,6,6.424755558243316,0.0155947651546567,-2.19841664013034,0.0155947651546567,0.9844052348453431,-0.0003121210431548,-0.0001561294769066,0.0037543452348333,True,36.11367966625539,0.8364304396299137,0.7749140075793911,0.8364304396299137,0.1635695603700863,-0.0003777852471218,-0.000395490747285,0.0062808151032888,True,32.00900569869635,0.8132152765617221,0.7109297354203459,0.8132152765617221,0.1867847234382779,-0.0011408220386713,-0.0011279740846368,0.0083830639680725,True,40.84806758020356,0.3268096946244189,-0.2996955548068425,0.3268096946244189,0.6731903053755811,-0.0025663640279043,-0.0027952317152727,0.011476727779212,True,0.9844052348453431,0.0155947651546567,-2.19841664013034,0.1635695603700863,0.8364304396299137,0.7749140075793911,0.1867847234382779,0.8132152765617221,0.7109297354203459,0.6731903053755811,0.3268096946244189,-0.2996955548068425,1,0,0,0.0,1,1,1,1,,0,1,1,0,1,0,0,1.0,1.0,0.0,0.0,0.0,,0.9688104696906864,2.19841664013034,-0.6728608792598274,0.7749140075793911,-0.6264305531234442,0.7109297354203459,0.3463806107511622,0.2996955548068425,0.59737206,0.5034055672868195,0.67377305
2026-06-10 13:35:00,2026-06-10 14:30:00,1,1210.3,1214.95,pivot,4.650000000000091,0.1727575,4.277242500000091,134733.13875000286,1.0,2026-06-10,1206.65,1211.9,1204.8,0.0,1205.3,1215.7,1204.75,0.0,2026,0.0,0.0,0.0,0.0,0.0,0.0,0.0,0.0,0.0,0.0,0.0,0.0,0.0,0.0,0.0,1.0,0.0,0.0,1,13,2,6,31.91148531906875,0.0630707789155648,-1.5784420587037402,0.0630707789155648,0.9369292210844352,-0.0002958583576998,-0.0003283903004793,0.002611734884801,True,8.004010582128421,0.0227274359248084,-2.242667978428453,0.0227274359248084,0.9772725640751916,-0.0009090521934108,-0.0009928337208306,0.0043566680718318,True,3.450756685959995,0.0148794403249834,-2.6649181897840277,0.0148794403249834,0.9851205596750164,-0.0016378405620452,-0.0020344178394564,0.0057969784651748,True,2.146894289792761,0.0101725009297777,-2.9960307618842448,0.0101725009297777,0.9898274990702224,-0.0030022698702621,-0.0038743159896148,0.0072541335523488,True,0.0630707789155648,0.9369292210844352,1.5784420587037402,0.0227274359248084,0.9772725640751916,2.242667978428453,0.0148794403249834,0.9851205596750164,2.6649181897840277,0.0101725009297777,0.9898274990702224,2.9960307618842448,1,0,0,0.0,1,1,1,1,,0,1,0,1,0,1,0,1.0,1.0,0.0,0.0,0.0,,-0.8738584421688704,1.5784420587037402,-0.9545451281503832,2.242667978428453,-0.970241119350033,2.6649181897840277,-0.9796549981404447,2.9960307618842448,0.5976839,0.5127891664417163,0.6997994
2026-06-10 15:30:00,2026-06-10 15:45:00,-1,1229.95,1229.4,eod,0.5499999999999545,0.1737805,0.17621949999995454,5550.914249998568,1.0,2026-06-10,1231.4,1233.0,1229.85,0.0,1229.4,1229.4,1229.4,0.0,2026,0.0,0.0,0.0,0.0,0.0,0.0,0.0,0.0,0.0,0.0,0.0,0.0,0.0,0.0,0.0,1.0,2.0,2.0,1,15,2,6,105.27240094356672,0.8633342638127407,0.8421129967714692,0.8633342638127407,0.1366657361872593,-0.0001071738191224,-0.0001378540399803,0.0020475687963755,True,1.5274997931561898,0.9941450130465131,3.302395852507221,0.9941450130465131,0.0058549869534867,-0.0003524303209264,-0.0003637808762597,0.0035761196938846,True,1.7552978251451206,0.9926465434338456,3.857765230983397,0.9926465434338456,0.0073534565661542,-0.0005415576439892,-0.0002598840271786,0.0052606148932121,True,1.1130086238138064,0.9951652976872846,3.631800737445,0.9951652976872846,0.0048347023127154,-0.0006093675766305,-0.0001285198834506,0.0068450193702185,True,0.1366657361872593,0.8633342638127407,0.8421129967714692,0.0058549869534867,0.9941450130465131,3.302395852507221,0.0073534565661542,0.9926465434338456,3.857765230983397,0.0048347023127154,0.9951652976872846,3.631800737445,1,0,0,0.0,1,1,1,1,,0,1,0,0,0,0,0,1.0,1.0,0.0,0.0,0.0,,-0.7266685276254814,0.8421129967714692,-0.9882900260930264,3.302395852507221,-0.9852930868676915,3.857765230983397,-0.9903305953745691,3.631800737445,0.57800096,0.5143666758312863,0.7120734
2026-06-11 11:00:00,2026-06-11 11:30:00,-1,1219.7,1203.05,pivot,16.65000000000009,0.1726825,16.27731750000009,512735.5012500028,1.0,2026-06-11,1221.75,1224.4,1218.0,0.0,1199.5,1207.45,1198.1,0.0,2026,0.0,0.0,0.0,0.0,0.0,0.0,0.0,0.0,0.0,0.0,0.0,0.0,0.0,0.0,0.0,1.0,1.0,2.0,1,11,3,6,1.3557368107281504,0.0048222189629145,-3.534015162418693,0.0048222189629145,0.9951777810370854,0.000131630441588,0.0001339508730747,0.0021142066031858,True,15.167633706087964,0.0338049482751965,-1.9684675465629764,0.0338049482751965,0.9661950517248036,0.0004204362563753,0.00037179155413,0.0035243060096276,True,55.15261320469574,0.1762019841254408,-0.856451194138373,0.1762019841254408,0.8237980158745591,0.0008197976750379,0.0008843038598377,0.0046576014727982,True,20.98932397532361,0.920745840690745,1.408143331805076,0.920745840690745,0.0792541593092549,0.0017906136979014,0.0019675942639515,0.0061096040873038,True,0.9951777810370854,0.0048222189629145,-3.534015162418693,0.9661950517248036,0.0338049482751965,-1.9684675465629764,0.8237980158745591,0.1762019841254408,-0.856451194138373,0.0792541593092549,0.920745840690745,1.408143331805076,1,0,0,0.0,1,1,1,1,,0,1,1,0,1,0,0,1.0,1.0,0.0,0.0,0.0,,0.990355562074171,3.534015162418693,0.932390103449607,1.9684675465629764,0.6475960317491183,0.856451194138373,-0.8414916813814901,1.408143331805076,0.5145943,0.5094046090122532,0.7242347
2026-06-11 11:30:00,2026-06-11 11:35:00,-1,1203.05,1199.4,pivot,3.649999999999864,0.1720735,3.277926499999864,103254.68474999572,1.0,2026-06-11,1199.5,1207.45,1198.1,0.0,1208.0,1209.0,1198.6,0.0,2026,0.0,0.0,0.0,0.0,0.0,0.0,0.0,0.0,0.0,0.0,0.0,0.0,0.0,0.0,0.0,1.0,0.0,1.0,1,11,3,6,27.596447177824366,0.0718200186956231,-1.2814871235268483,0.0718200186956231,0.9281799813043768,-0.0003066756500567,-0.0001389365130221,0.003850747460662,True,2.953251283583639,0.0202359868348399,-2.2670997357300307,0.0202359868348399,0.97976401316516,-0.0003750279287784,-0.0003483136059129,0.0065082716636228,True,3.4015330020669783,0.0261962896050884,-2.080665146240515,0.0261962896050884,0.9738037103949116,-0.0011809588219908,-0.001116215284849,0.0085151615048441,True,5.095935233022011,0.0503455980295066,-1.649924667855759,0.0503455980295066,0.9496544019704932,-0.0025681383288287,-0.0028635660870239,0.0115608632385097,True,0.9281799813043768,0.0718200186956231,-1.2814871235268483,0.97976401316516,0.0202359868348399,-2.2670997357300307,0.9738037103949116,0.0261962896050884,-2.080665146240515,0.9496544019704932,0.0503455980295066,-1.649924667855759,1,0,0,0.0,1,1,1,1,,0,1,1,0,0,1,0,1.0,1.0,0.0,0.0,0.0,,0.8563599626087537,1.2814871235268483,0.9595280263303202,2.2670997357300307,0.9476074207898233,2.080665146240515,0.8993088039409867,1.649924667855759,0.6033934,0.5342130766137403,0.6947148
2026-06-11 11:35:00,2026-06-11 11:55:00,1,1199.4,1208.05,pivot,8.649999999999864,0.1722235,8.277776499999865,260749.95974999573,1.0,2026-06-11,1208.0,1209.0,1198.6,0.0,1213.45,1215.1,1207.85,0.0,2026,0.0,0.0,0.0,0.0,0.0,0.0,0.0,0.0,0.0,0.0,0.0,0.0,0.0,0.0,0.0,1.0,0.0,1.0,1,11,3,6,53.88738270445712,0.8537644676894741,0.8468517187483828,0.8537644676894741,0.1462355323105258,-0.0003066756500567,-0.0001389365130221,0.003850747460662,True,27.224601358169977,0.1205810857198936,-0.9839126587848284,0.1205810857198936,0.8794189142801063,-0.0003750279287784,-0.0003483136059129,0.0065082716636228,True,9.47698913033292,0.0567545272305322,-1.4735229577054247,0.0567545272305322,0.9432454727694678,-0.0011809588219908,-0.001116215284849,0.0085151615048441,True,3.620644714395825,0.03726699128006,-1.9109801785474176,0.03726699128006,0.96273300871994,-0.0025681383288287,-0.0028635660870239,0.0115608632385097,True,0.8537644676894741,0.1462355323105258,-0.8468517187483828,0.1205810857198936,0.8794189142801063,0.9839126587848284,0.0567545272305322,0.9432454727694678,1.4735229577054247,0.03726699128006,0.96273300871994,1.9109801785474176,1,0,0,0.0,1,1,1,1,,0,1,1,0,0,1,0,1.0,1.0,0.0,0.0,0.0,,0.7075289353789483,0.8468517187483828,-0.7588378285602128,0.9839126587848284,-0.8864909455389356,1.4735229577054247,-0.9254660174398801,1.9109801785474176,0.67337596,0.5069638166903702,0.6472492
2026-06-11 13:00:00,2026-06-11 13:30:00,1,1230.4,1226.6,pivot,-3.800000000000182,0.17371,-4.173710000000182,-131471.86500000572,1.0,2026-06-11,1225.6,1233.5,1223.6,0.0,1226.55,1229.95,1226.55,0.0,2026,0.0,0.0,0.0,0.0,0.0,0.0,0.0,0.0,0.0,0.0,0.0,0.0,0.0,0.0,0.0,1.0,1.0,2.0,0,13,3,6,53.58150847957195,0.945774373840002,1.474841787690722,0.945774373840002,0.0542256261599979,0.0001219411028181,0.0001808324372378,0.001704316115822,True,87.41627171729169,0.8253214241499145,0.7475215066388028,0.8253214241499145,0.1746785758500855,0.0004629071894288,0.0005724347317072,0.0028387067311563,True,5.158727488417885,0.9867669697307404,2.6385452000117358,0.9867669697307404,0.0132330302692597,0.0009860338393875,0.001141855140021,0.0035280219931739,True,5.551041850442049,0.9803812922703324,2.3537020777623177,0.9803812922703324,0.0196187077296674,0.0021790733647819,0.0026093807385957,0.0048570242325007,True,0.945774373840002,0.0542256261599979,-1.474841787690722,0.8253214241499145,0.1746785758500855,-0.7475215066388028,0.9867669697307404,0.0132330302692597,-2.6385452000117358,0.9803812922703324,0.0196187077296674,-2.3537020777623177,1,0,0,0.0,1,1,1,1,,0,1,0,1,1,0,0,1.0,1.0,0.0,0.0,0.0,,0.891548747680004,1.474841787690722,0.650642848299829,0.7475215066388028,0.9735339394614807,2.6385452000117358,0.960762584540665,2.3537020777623177,0.513576,0.5155325169088557,0.64143014
2026-06-12 14:40:00,2026-06-12 15:05:00,1,1321.25,1309.25,pivot,-12.0,0.178915,-12.378915000000001,-389935.8225,1.0,2026-06-12,1316.1,1328.75,1312.0,0.0,1309.35,1312.45,1302.25,0.0,2026,0.0,0.0,0.0,0.0,0.0,0.0,0.0,0.0,0.0,0.0,0.0,0.0,0.0,0.0,0.0,2.0,0.0,0.0,0,14,4,6,8.005739258087475,0.0146769147332458,-2.673769573545874,0.0146769147332458,0.9853230852667542,0.000162072564556,0.0002317751793177,0.0019372626688591,True,5.536479261138338,0.0159462854402876,-2.279726239575151,0.0159462854402876,0.9840537145597124,0.0005476349717724,0.0007646650482062,0.00325405138127,True,5.467860176642005,0.0110696454123007,-2.4000815000861624,0.0110696454123007,0.9889303545876992,0.0011206736157817,0.0015342249530189,0.0040130870364747,True,0.5130603562950218,0.0008047696029278,-2.910815392454692,0.0008047696029278,0.999195230397072,0.0023472004192258,0.0031175216220322,0.0056149560599561,True,0.0146769147332458,0.9853230852667542,2.673769573545874,0.0159462854402876,0.9840537145597124,2.279726239575151,0.0110696454123007,0.9889303545876992,2.4000815000861624,0.0008047696029278,0.999195230397072,2.910815392454692,1,0,0,0.0,1,1,1,1,,0,1,0,1,0,1,0,1.0,1.0,0.0,0.0,0.0,,-0.9706461705335083,2.673769573545874,-0.9681074291194247,2.279726239575151,-0.9778607091753985,2.4000815000861624,-0.9983904607941443,2.910815392454692,0.5852827,0.5193953316431661,0.6722592
2026-06-12 15:05:00,2026-06-12 15:10:00,-1,1309.25,1309.15,pivot,0.099999999999909,0.178552,-0.27855200000009095,-8774.388000002866,1.0,2026-06-12,1309.35,1312.45,1302.25,0.0,1312.85,1314.4,1308.55,0.0,2026,0.0,0.0,0.0,0.0,0.0,0.0,0.0,0.0,0.0,0.0,0.0,0.0,0.0,0.0,0.0,2.0,0.0,0.0,0,15,4,6,0.4349886295746785,0.0,-5.727871848721601,0.0,1.0,-0.0001071738191224,-0.0001378540399803,0.0020475687963755,True,3.7150277783604033,0.0097977585920914,-2.759975645495837,0.0097977585920914,0.9902022414079086,-0.0003524303209264,-0.0003637808762597,0.0035761196938846,True,1.2214519765256436e-11,0.0,-6.349765704044632,0.0,1.0,-0.0005415576439892,-0.0002598840271786,0.0052606148932121,True,9.746402670964418e-16,0.0,-5.963366483372129,0.0,1.0,-0.0006093675766305,-0.0001285198834506,0.0068450193702185,True,1.0,0.0,-5.727871848721601,0.9902022414079086,0.0097977585920914,-2.759975645495837,1.0,0.0,-6.349765704044632,1.0,0.0,-5.963366483372129,1,0,0,0.0,1,1,1,1,,0,1,0,0,0,1,0,1.0,1.0,0.0,0.0,0.0,,1.0,5.727871848721601,0.9804044828158172,2.759975645495837,1.0,6.349765704044632,1.0,5.963366483372129,0.6859072,0.5463185859812774,0.6097772
2026-06-12 15:10:00,2026-06-12 15:45:00,-1,1309.15,1299.85,eod,9.300000000000182,0.17827,8.921730000000183,281034.49500000576,1.0,2026-06-12,1312.85,1314.4,1308.55,0.0,1299.85,1299.85,1299.85,0.0,2026,0.0,0.0,0.0,0.0,0.0,0.0,0.0,0.0,0.0,0.0,0.0,0.0,0.0,0.0,0.0,2.0,0.0,0.0,1,15,4,6,21.632650499291596,0.9651057050636912,1.885196957412852,0.9651057050636912,0.0348942949363089,-0.0002958583576998,-0.0003283903004793,0.002611734884801,True,120.61385075690248,0.4273894473214114,-0.1138681103716727,0.4273894473214114,0.5726105526785885,-0.0009090521934108,-0.0009928337208306,0.0043566680718318,True,0.749225491353303,0.0023025530601768,-3.809894273878434,0.0023025530601768,0.9976974469398232,-0.0016378405620452,-0.0020344178394564,0.0057969784651748,True,0.9515301516277964,0.0014639384500306,-3.907218926564974,0.0014639384500306,0.9985360615499692,-0.0030022698702621,-0.0038743159896148,0.0072541335523488,True,0.0348942949363089,0.9651057050636912,1.885196957412852,0.5726105526785885,0.4273894473214114,-0.1138681103716727,0.9976974469398232,0.0023025530601768,-3.809894273878434,0.9985360615499692,0.0014639384500306,-3.907218926564974,1,0,0,0.0,1,1,1,1,,0,1,0,0,0,1,0,1.0,1.0,0.0,0.0,0.0,,-0.9302114101273823,1.885196957412852,0.14522110535717714,0.1138681103716727,0.9953948938796464,3.809894273878434,0.9970721230999386,3.907218926564974,0.5130559,0.5680327153796673,0.5176559
