entry_time,exit_time,direction,entry_px,exit_px,exit_reason,gross_pts,cost_pts,net_pts,net_krw,size_factor,exit_date,entry_close,entry_volume,exit_close,exit_high,exit_low,exit_volume,year,atr_normalized,volatility_regime,trend_regime,momentum_regime,is_win,entry_hour,entry_dayofweek,entry_month,entry_open,entry_high,entry_low,entry_atr,entry_rsi,entry_macd,entry_macd_signal,entry_macd_hist,entry_bb_middle,entry_bb_upper,entry_bb_lower,entry_ma5,entry_ma10,entry_ma20,entry_ma60,entry_supertrend,entry_supertrend_dir,future_return_1,is_win_h1,future_return_5,is_win_h5,future_return_10,is_win_h10,future_return_20,is_win_h20,timestamp,ret_log_1m,ret_log_5m,ret_log_1m_kde_pdf,ret_log_1m_kde_cdf,ret_log_1m_kde_zscore,ret_log_1m_kde_left_tail,ret_log_1m_kde_right_tail,ret_log_1m_kde_median,ret_log_1m_kde_mean,ret_log_1m_kde_std,ret_log_1m_kde_ready,ret_log_5m_kde_pdf,ret_log_5m_kde_cdf,ret_log_5m_kde_zscore,ret_log_5m_kde_left_tail,ret_log_5m_kde_right_tail,ret_log_5m_kde_median,ret_log_5m_kde_mean,ret_log_5m_kde_std,ret_log_5m_kde_ready,rsi_oversold,rsi_overbought,macd_bullish,macd_strength,price_above_ma20,price_above_ma60,price_above_ma5,price_above_ma10,bb_position,bb_lower_touch,price_above_st,is_morning,is_afternoon,is_bull,is_neutral,is_bear,price_ma20_ratio,price_ma60_ratio,bb_width,atr_ratio,rsi_macd_interaction,rsi_bb_interaction,pnl_per_contract,_has_kde,filter_score,entry_score,exit_score
2025-01-02 14:20:00,2025-01-02 15:45:00,1,316.7,317.6,eod,0.9000000000000341,0.119029,0.6809710000000341,21450.586500001074,1.0,2025-01-02,317.2,0.0,317.6,317.6,317.6,0.0,2025,0.0,1.0,1.0,1.0,1,14,3,1,316.7,317.35,316.7,0.3918985449867862,59.42788697005415,-0.0929900074706893,-0.20994041474108,0.1169504072703906,316.4825,316.9529700886859,316.01202991131413,316.66,316.545,316.4825,317.1491666666667,317.2918521140575,-1.0,0.0014209030628354,1,0.0031575623618566,1,0.0045784654246921,1,0.0132617619197978,1,2025-01-02 14:20:00,0.0014196705594443,0.0026832941677996,100.7439115118877,0.9288999710433604,0.9973292898682412,0.9288999710433604,0.0711000289566397,-4.681387056777516e-06,-9.756781891933756e-06,0.0014332551503878,True,62.08278803801142,0.8857549442622049,0.8764469055181237,0.8857549442622049,0.114245055737795,-6.101232877103471e-06,-5.002537066031658e-05,0.0031186367608247,True,0,0,1,0.11695040727039069,1,0,1,1,0.731151783323242,1,0,0,1,1,0,0,0.0006867698137037345,-0.0014182717608674231,0.002971077288827824,0.00123744409531666,6.950115584366572,43.45080553728715,99.46321439848289,True,0.63465095,0.5254631173884972,56.37327
2025-01-08 13:40:00,2025-01-08 14:20:00,-1,335.25,335.15,pivot,0.1000000000000227,0.120112,-0.12011199999997726,-3783.527999999284,1.0,2025-01-08,334.7,0.0,335.45,335.5,335.0,0.0,2025,0.0,1.0,1.0,1.0,1,13,2,1,335.25,335.25,334.7,0.4404882364813369,40.61515582315965,0.0726554231599152,0.2523776266833678,-0.1797222035234525,335.64250000000004,336.3739549316716,334.9110450683285,335.18999999999994,335.45500000000004,335.64250000000004,334.005,334.77768561122485,-1.0,0.0011931394481729,1,0.0002982848620433,1,-0.0002982848620433,0,0.0011931394481729,1,2025-01-08 13:40:00,-0.001641913944507,-0.003132227186066,71.31850491879962,0.0525345941485946,-1.1236206616430788,0.0525345941485946,0.9474654058514052,-1.415753805924838e-06,-1.2080948190836065e-06,0.0014601955141059,True,48.795007545873055,0.0794880056437528,-0.9567491609202652,0.0794880056437528,0.9205119943562472,5.794256572581866e-06,-1.093779247657703e-05,0.0032623905210298,True,0,0,0,0.17972220352345258,0,1,1,0,0.23169912252617347,1,1,0,1,1,0,0,-0.0011707680835198835,0.0037136465324384923,0.004363638667690082,0.0013139097285051063,-7.299445300986635,9.410495965489895,9.395973154363949,True,0.60007197,0.5375435947699457,43.12341
2025-01-09 13:35:00,2025-01-09 14:20:00,-1,335.25,335.75,pivot,-0.5,0.12013,-0.72013,-22684.095,1.0,2025-01-09,334.85,0.0,336.0,336.05,335.6,0.0,2025,0.0,1.0,1.0,1.0,0,13,3,1,335.25,335.35,334.85,0.4588611175942673,23.615722055082745,-0.394824168224261,-0.1281085574506726,-0.2667156107735883,336.69,338.5157226402964,334.8642773597036,335.41,335.93,336.69,336.18,336.4482185171635,-1.0,0.0005965697240864,1,-0.0004474272930648,0,-0.0008948545861297,0,0.0016405667412379,1,2025-01-09 13:35:00,-0.0013429831161236,-0.0035772880599156,119.13735601060714,0.0806855434814985,-0.9189009337055148,0.0806855434814985,0.9193144565185014,-1.415753805924838e-06,-1.2080948190836065e-06,0.0014601955141059,True,34.252618222985824,0.0610046759586877,-1.093170864876516,0.0610046759586877,0.9389953240413124,5.794256572581866e-06,-1.093779247657703e-05,0.0032623905210298,True,1,0,0,0.2667156107735884,0,0,0,0,0.10563560745289238,1,0,0,1,1,0,0,-0.004295302013422812,-0.0027740492170022575,0.01089170851780116,0.0013687132515861813,-6.298681731780694,2.494661144727334,-14.093959731541199,True,0.5957616,0.5292253689906751,43.12341
2025-02-04 14:15:00,2025-02-04 15:10:00,1,327.05,327.9,pivot,0.8499999999999659,0.1196485,0.6303514999999659,19856.072249998924,1.0,2025-02-04,326.65,0.0,328.05,328.1,327.6,0.0,2025,0.0,1.0,1.0,1.0,1,14,1,2,327.05,327.2,326.3,0.5349330794366838,24.70368399514939,-0.651026746466357,-0.4299567900655842,-0.2210699564007728,328.535,330.24629375509727,326.82370624490267,327.31,328.04,328.535,329.8533333333333,328.49666387474383,-1.0,-0.0009172909341079,0,0.0021403455129184,1,0.0025989909799723,1,0.0110074912092951,1,2025-02-04 14:15:00,-0.0010709096104941,-0.006408322205215,176.4055091685943,0.1121711448799032,-0.7311224399723008,0.1121711448799032,0.8878288551200967,1.0987338160191738e-05,-9.085405286014188e-07,0.0014635046217512,True,4.5526784423821125,0.0133475155803688,-1.9475776838420464,0.0133475155803688,0.9866524844196312,-1.2591534013011167e-05,-4.389710459131884e-06,0.0032881525332138,True,1,0,0,0.22106995640077287,0,0,0,0,0.06611774116024809,1,0,0,1,1,0,0,-0.0045405901238343175,-0.008571574173163996,0.010465028314308525,0.0016356308804056988,-5.461242343746144,1.6333517840958507,67.4208836569296,True,0.64479077,0.5361255345820923,44.648087
2025-02-27 10:40:00,2025-02-27 10:55:00,-1,346.95,346.25,pivot,0.6999999999999886,0.120796,0.47920399999998864,15094.925999999643,1.0,2025-02-27,346.4,0.0,345.9,346.35,345.85,0.0,2025,0.0,1.0,1.0,1.0,1,10,3,2,346.95,347.1,346.3,0.5072949663903294,35.866588353216216,-0.2200040260625542,-0.1815247306692835,-0.0384792953932706,347.115,347.76152919708846,346.46847080291155,347.04999999999995,347.125,347.115,347.53333333333336,348.1792906804416,-1.0,0.0021616947686986,1,0.0043233895373973,1,0.0024499207378583,1,0.0038910505836574,1,2025-02-27 10:40:00,-0.0014423772874239,-0.0031704883165667,82.21352079968732,0.0469797503651132,-1.141960407797025,0.0469797503651132,0.9530202496348869,1.9500023189098045e-05,3.085453800337656e-05,0.0012900901076503,True,38.16102236354079,0.050125785948945,-1.182370699134596,0.050125785948945,0.949874214051055,3.905491236143483e-05,0.000153664175022,0.0028114300312261,True,0,0,0,0.03847929539327069,0,0,0,0,0.37239555402673796,1,0,1,0,1,0,0,-0.0004755728491137641,-0.0016813181534324003,0.0037269300884188216,0.0014621558333775169,-1.3801210479922457,13.3565580408449,136.18677042801494,True,0.67887807,0.5644818025493694,43.12341
2025-02-27 10:55:00,2025-02-27 11:45:00,-1,346.25,346.1,pivot,0.1499999999999772,0.1207705,-0.07077050000002275,-2229.2707500007164,1.0,2025-02-27,345.9,0.0,345.75,346.15,345.65,0.0,2025,0.0,1.0,1.0,1.0,1,10,3,2,346.25,346.35,345.85,0.5025244319094615,31.286645015478257,-0.3670749223937264,-0.2519308605008977,-0.1151440618928287,346.93999999999994,347.85513588437806,346.0248641156218,346.33000000000004,346.83,346.93999999999994,347.5258333333333,347.62041641177365,-1.0,0.0015884476534296,1,0.0002888086642599,1,0.0014440433212996,1,0.0014440433212996,1,2025-02-27 10:55:00,-0.0010113415584252,-0.0040392438069053,180.20830291283147,0.1015508387053919,-0.8078475218500643,0.1015508387053919,0.8984491612946081,1.9500023189098045e-05,3.085453800337656e-05,0.0012900901076503,True,16.16421792659619,0.0274321273900653,-1.4913790972414265,0.0274321273900653,0.9725678726099346,3.905491236143483e-05,0.000153664175022,0.0028114300312261,True,0,0,0,0.11514406189282872,0,0,0,0,0.12300680599535643,1,0,1,0,1,0,0,-0.001992779783393331,-0.0036847172081828443,0.005285983447671432,0.001451334099377506,-3.602471390081189,3.8484702736645193,9.09747292418685,True,0.66127867,0.57801621338509,43.12341
2025-02-28 08:45:00,2025-02-28 10:35:00,1,342.0,336.8,pivot,-5.199999999999989,0.120364,-5.4203639999999895,-170741.46599999967,1.0,2025-02-28,340.5,0.0,337.2,337.35,336.7,0.0,2025,0.0,2.0,0.0,0.0,0,8,4,2,342.0,342.05,340.2,0.7154932152747552,16.665038200056173,-0.1774636899013444,0.1170354578001593,-0.2944991477015038,345.57,348.14015256609804,342.99984743390195,345.33000000000004,345.67,345.57,345.53416666666664,343.8131901518351,-1.0,-0.0043859649122807,0,-0.0089181286549707,0,-0.0067251461988304,0,-0.0138888888888888,0,2025-02-28 08:45:00,-0.0176119827744267,-0.0167459319119812,2.2700438577347905e-146,0.0,-13.67566281440823,0.0,1.0,1.9500023189098045e-05,3.085453800337656e-05,0.0012900901076503,True,3.545479717524955e-15,0.0,-6.011032072398022,0.0,1.0,3.905491236143483e-05,0.000153664175022,0.0028114300312261,True,1,0,0,0.2944991477015037,0,0,0,0,-0.19451130004704287,1,0,0,0,0,1,0,-0.010438596491228051,-0.01033382066276794,0.015030131965485643,0.002092085424779986,-4.907839546329546,-3.2415382456265576,-280.921052631577,True,0.61857736,0.5395745208692148,73.2273
2025-03-07 13:05:00,2025-03-07 14:15:00,1,338.7,338.95,pivot,0.25,0.1203295,0.029670500000000002,934.62075,1.0,2025-03-07,339.0,0.0,339.2,339.2,338.95,0.0,2025,0.0,1.0,1.0,1.0,1,13,4,3,338.7,339.25,338.7,0.3722861231715989,67.2568438339279,0.1152242028757086,0.0308619320671345,0.0843622708085741,338.13,338.75018673037044,337.50981326962955,338.38,338.11499999999995,338.13,337.8866666666666,337.9562030971591,1.0,0.0011809861234131,1,0.0008857395925598,1,0.0017714791851196,1,-0.0011809861234129,0,2025-03-07 13:05:00,0.0010329817195376,0.003250113660206,171.96328298411015,0.9076470994630124,0.8025386435352381,0.9076470994630124,0.0923529005369877,1.0367245199290833e-05,7.22795300255602e-06,0.0012781362926233,True,35.359880744582604,0.943644131647529,1.1286230292726886,0.943644131647529,0.0563558683524709,5.494589651008107e-05,3.968373649536738e-05,0.0028445546833999,True,0,0,1,0.0843622708085741,1,1,1,1,0.9595390163052357,1,1,0,1,1,0,0,0.001682905225863576,0.002401338450940034,0.0036621596124620545,0.0010991618635122495,5.6739400732478025,64.53556577220203,27.9007971656337,True,0.64171505,0.5620278229106646,43.002148
2025-03-19 10:40:00,2025-03-19 10:45:00,-1,351.75,350.5,pivot,1.25,0.1210675,1.0289325,32411.37375,1.0,2025-03-19,350.5,0.0,350.85,350.9,350.35,0.0,2025,0.0,1.0,1.0,1.0,1,10,2,3,351.75,351.85,350.3,0.6293762515192329,45.70860344135279,0.6980888904657263,0.9217929391097186,-0.2237040486439923,351.665,353.0434430588095,350.2865569411905,351.77,351.93500000000006,351.665,349.0133333333333,350.61377231421164,-1.0,0.0025586353944562,1,0.0032693674484718,1,-0.0007107320540156,0,0.0008528784648187,1,2025-03-19 10:40:00,-0.003702125828813,-0.0052642932983868,4.504721539370542,0.0022964270279245,-2.850985995596535,0.0022964270279245,0.9977035729720756,1.8094160248338463e-05,6.250552068476488e-06,0.0013007346884934,True,6.968272699250439,0.0200166353292656,-1.881986609478499,0.0200166353292656,0.9799833646707344,6.024149201903217e-05,3.2291279519022884e-05,0.0028143582697294,True,0,0,0,0.2237040486439923,1,1,0,0,0.5308318865464849,1,1,1,0,1,0,0,0.0002416488983652581,0.007780146884624531,0.007837629332250148,0.0017892715039637041,-10.225199647693339,24.263584196178456,102.9850746268617,True,0.64129895,0.5513356020529651,49.198227
2025-03-28 11:00:00,2025-03-28 13:10:00,-1,345.2,344.45,pivot,0.75,0.1206895,0.5293105,16673.28075,1.0,2025-03-28,344.8,0.0,344.15,344.55,344.15,0.0,2025,0.0,1.0,1.0,1.0,1,11,4,3,345.2,345.35,344.7,0.5803126410327214,32.05471079045523,-0.6167574236441737,-0.7401510921559308,0.123393668511757,345.40250000000003,346.83941006286494,343.9655899371351,345.42,345.865,345.40250000000003,348.6033333333333,346.5848131452172,-1.0,0.002172653534183,1,0.0023174971031286,1,0.0030417149478563,1,0.0042004634994205,1,2025-03-28 11:00:00,-0.0013042534998634,-0.0040521039525707,104.0798850879059,0.0586398926744497,-0.961852292030072,0.0586398926744497,0.9413601073255504,6.4412760031409e-06,2.8421202982370495e-07,0.0013562765537938,True,19.91756753571287,0.0371770514618285,-1.3834243859770323,0.0371770514618285,0.9628229485381714,2.136342535280006e-05,1.9904846420007448e-06,0.002930477789973,True,0,0,1,0.12339366851175704,0,0,0,0,0.42953629971930923,1,0,1,0,1,0,0,-0.0005866164542295574,-0.009859018926226268,0.00832508727036449,0.0016810910806278141,3.955348357517673,13.768661861504754,73.00115874855089,True,0.6613452,0.5677723637826512,43.12341
2025-04-03 10:30:00,2025-04-03 10:35:00,-1,330.5,329.9,pivot,0.6000000000000227,0.119812,0.38018800000002273,11975.922000000715,1.0,2025-04-03,329.95,0.0,330.1,330.15,329.35,0.0,2025,0.0,1.0,1.0,2.0,0,10,3,4,330.5,330.75,329.7,1.0253367000703542,38.42936921364109,-0.7358678938696812,-0.9979468325393936,0.2620789386697124,330.1625,333.3220927453303,327.00290725466976,331.22,331.15500000000003,330.1625,334.7191666666667,330.020479136568,-1.0,0.0012102874432677,1,-0.0027231467473524,0,-0.0039334341906203,0,-0.0057488653555218,0,2025-04-03 10:30:00,-0.0018168059501566,-0.0051390681421343,37.71357824955116,0.0242370196797646,-1.3397637503233053,0.0242370196797646,0.9757629803202352,6.4412760031409e-06,2.8421202982370495e-07,0.0013562765537938,True,8.909893990215938,0.0220192454646944,-1.7543414402822168,0.0220192454646944,0.9779807545353056,2.136342535280006e-05,1.9904846420007448e-06,0.002930477789973,True,0,0,1,0.26207893866971244,1,0,0,0,0.5534087819543813,0,1,1,0,1,0,0,0.0010211800302571173,-0.012766011094301649,0.019120077127565856,0.0031023803330419188,10.071528297257576,21.26715040779631,-85.7791225416006,True,0.693198,0.5610331978001376,43.55989
2025-04-04 08:45:00,2025-04-04 10:30:00,1,327.0,331.7,pivot,4.699999999999989,0.119761,4.4802389999999885,141127.52849999964,1.0,2025-04-04,327.45,0.0,331.4,331.75,331.25,0.0,2025,0.0,2.0,0.0,0.0,1,8,4,4,327.0,327.75,326.15,0.9120342845631232,21.30946786661343,-0.4660918730350545,-0.1972743695340263,-0.2688175035010282,332.035,334.42557359352344,329.6444264064766,331.45,331.52000000000004,332.035,332.18,330.22031527731093,-1.0,0.0018348623853211,1,0.0064220183486239,1,0.0103975535168195,1,0.0142201834862384,1,2025-04-04 08:45:00,-0.0150036913172305,-0.0128955742889441,1.0988743563538834e-17,0.0,-11.062622506663764,0.0,1.0,6.4412760031409e-06,2.8421202982370495e-07,0.0013562765537938,True,0.5177085309496556,0.0004682494952216,-4.401181547158151,0.0004682494952216,0.9995317505047784,2.136342535280006e-05,1.9904846420007448e-06,0.002930477789973,True,1,0,0,0.2688175035010282,0,0,0,0,-0.5530945404987617,1,0,0,0,0,1,0,-0.01539755351681965,-0.01584097859327219,0.014621245220326687,0.00278909567144686,-5.728357952838404,-11.786150337957684,202.29357798165287,True,0.61828756,0.5452828542025482,62.995243
2025-04-04 12:00:00,2025-04-04 13:05:00,-1,328.95,326.95,pivot,2.0,0.119677,1.780323,56080.1745,1.0,2025-04-04,327.75,0.0,326.9,327.0,326.3,0.0,2025,0.0,1.0,0.0,0.0,1,12,4,4,328.95,328.95,327.65,1.476294572255477,33.304360307958575,-0.6767933099494599,-0.179018572737797,-0.4977747372116627,331.38,335.26375835346056,327.49624164653943,329.33000000000004,330.115,331.38,331.26416666666665,331.67442484057284,-1.0,0.0042559659522723,1,0.0024319805441556,1,0.0042559659522723,1,0.0071439428484571,1,2025-04-04 12:00:00,-0.0036546408881976,-0.0086580627431146,4.031971973746005,0.0025667303382499,-2.6948228884468337,0.0025667303382499,0.99743326966175,6.4412760031409e-06,2.8421202982370495e-07,0.0013562765537938,True,1.9072380145588903,0.0096019663124968,-2.9551676717660245,0.0096019663124968,0.9903980336875032,2.136342535280006e-05,1.9904846420007448e-06,0.002930477789973,True,0,0,0,0.4977747372116629,0,0,0,0,0.1871587031367706,1,0,0,1,0,1,0,-0.007387140902872798,-0.007035010386583569,0.023613061884545154,0.004487899596459879,-16.57806920029661,6.233200884037265,76.60738714090141,True,0.6757737,0.5315796741225015,102.24114
2025-04-04 14:40:00,2025-04-04 15:45:00,1,327.25,329.15,eod,1.8999999999999773,0.119692,1.680307999999977,52929.70199999928,1.0,2025-04-04,327.75,0.0,329.15,329.15,329.15,0.0,2025,0.0,1.0,1.0,1.0,1,14,4,4,327.25,327.8,327.25,0.7158012525052684,56.88949677133314,-0.2571135905538426,-0.5279026180070854,0.2707890274532427,326.63,327.4977860518054,325.7622139481946,327.16,326.70500000000004,326.63,329.075,328.17141589170944,-1.0,0.0024446142093201,1,0.0073338426279602,1,0.0068754774637127,1,-0.0491978609625669,0,2025-04-04 14:40:00,0.0015267178537998,0.0038211739273234,83.61738947562147,0.933884396718026,0.9025818057563452,0.933884396718026,0.0661156032819738,7.556532870725675e-06,-1.172253647869367e-05,0.0017044885909143,True,35.19392290429488,0.9251498173156484,1.0464329979021023,0.9251498173156484,0.0748501826843517,8.806858624153473e-06,-6.148710381591302e-05,0.0037103770990816,True,0,0,1,0.2707890274532428,1,0,1,1,0.8572309088801945,1,0,0,1,1,0,0,0.001894576012223085,-0.005576776165011424,0.005303505282233219,0.0021873223911543726,15.405051503013691,48.7674350230268,231.0160427807463,True,0.6212943,0.5373396590934035,44.58723
2025-04-10 11:15:00,2025-04-10 12:35:00,1,321.85,321.5,pivot,-0.3500000000000227,0.1193005,-0.5693005000000227,-17932.965750000716,1.0,2025-04-10,322.65,0.0,322.0,322.05,321.45,0.0,2025,0.0,1.0,1.0,1.0,1,11,3,4,321.85,322.7,321.8,0.7811237158050088,76.77418921410859,1.7251125011092654,2.0008822754922835,-0.2757697743830181,320.83,322.34601971917454,319.31398028082543,321.91,321.355,320.83,312.95416666666665,320.2651043644777,1.0,0.0024856299518407,1,0.0007767593599502,1,0.0010874631039302,1,0.0012428149759203,1,2025-04-10 11:15:00,0.0024825458832237,0.0041928782600359,20.797401213073105,0.9758183810746835,1.463352957008864,0.9758183810746835,0.0241816189253164,7.556532870725675e-06,-1.172253647869367e-05,0.0017044885909143,True,28.263357875772265,0.9369366591863054,1.14661266233689,0.9369366591863054,0.0630633408136945,8.806858624153473e-06,-6.148710381591302e-05,0.0037103770990816,True,0,1,0,0.2757697743830181,1,1,0,1,0.8364072337249718,1,1,1,0,1,0,0,0.0031691781885972927,0.027639687224897843,0.009420660053904309,0.002426980630122755,-21.172000838013865,64.21448722205014,24.4679198384313,True,0.6212943,0.5501986722236016,59.60765
2025-06-05 14:35:00,2025-06-05 14:40:00,1,375.6,375.9,pivot,0.2999999999999545,0.122545,0.0774549999999545,2439.832499998567,1.0,2025-06-05,375.95,0.0,376.35,376.5,375.9,0.0,2025,0.0,1.0,1.0,1.0,1,14,3,6,375.6,376.0,375.6,0.525067968847522,50.46442797353125,-0.3273989075872237,-0.4238892318296424,0.0964903242424187,375.6475,376.6706401639563,374.62435983604365,375.53,375.36,375.6475,377.0158333333333,376.4553040091156,-1.0,0.001996805111821,1,0.0015974440894567,1,0.002129925452609,1,0.018503727369542,1,2025-06-05 14:35:00,0.000931408489928,0.0023968054083905,198.3997369672936,0.910066482417194,0.8482392368463892,0.910066482417194,0.0899335175828059,9.313162051157338e-06,4.994023219618413e-05,0.0010391741143795,True,67.70106346522745,0.9062337710503288,0.9371451305284136,0.9062337710503288,0.0937662289496711,8.055380893689452e-05,0.0002513567641201,0.0022893451338327,True,0,0,1,0.09649032424241871,0,0,1,1,0.47678714917402837,1,0,0,1,1,0,0,-0.00012646432374855378,-0.003769524316648818,0.005448030691993223,0.0013979445389976624,4.869329017874215,24.060790748198055,50.319488817886054,True,0.61602604,0.5492441585324604,84.02129
2025-06-10 12:00:00,2025-06-10 14:15:00,-1,385.65,384.4,pivot,1.25,0.1231015,1.0268985000000002,32347.302750000003,1.0,2025-06-10,385.5,0.0,383.85,384.45,383.8,0.0,2025,0.0,1.0,1.0,1.0,0,12,1,6,385.65,385.9,385.5,0.5361951018988456,47.035568111045166,0.3180909674497911,0.5353381767649196,-0.2172472093151284,386.2,387.20942923239454,385.19057076760544,385.9,386.27,386.2,384.28333333333336,385.101639202877,1.0,0.0005186049526772,1,-0.000388953714508,0,-0.0022040710488785,0,0.004408142097757,1,2025-06-10 12:00:00,-0.0003890293766238,-0.0027200327630996,496.5216155715765,0.2706122161542748,-0.4224216161140263,0.2706122161542748,0.7293877838457252,9.313162051157338e-06,4.994023219618413e-05,0.0010391741143795,True,50.56509458969382,0.0522041154635164,-1.2979211754957924,0.0522041154635164,0.9477958845364836,8.055380893689452e-05,0.0002513567641201,0.0022893451338327,True,0,0,0,0.21724720931512848,0,1,0,0,0.22756881693662176,1,1,0,1,1,0,0,-0.0014261636198625992,0.003543800509961409,0.005234949992970582,0.0013903671772302491,-10.218345910676208,10.703828588972442,-12.252042007002,True,0.61781335,0.5421215950426322,43.12341
2025-06-13 11:20:00,2025-06-13 11:35:00,-1,387.75,386.7,pivot,1.0500000000000114,0.1232335,0.8267665000000114,26043.14475000036,1.0,2025-06-13,387.1,0.0,386.95,387.2,386.7,0.0,2025,0.0,1.0,1.0,1.0,1,11,4,6,387.75,388.0,387.0,0.9222287791210848,40.572721841742286,-0.3534215888820426,-0.455285774129385,0.1018641852473423,387.6375,389.49955178473726,385.7754482152627,388.04,388.375,387.6375,389.97,389.7629939620393,-1.0,0.0021921341070277,1,0.0033526756931012,1,0.000902643455835,1,0.0011605415860734,1,2025-06-13 11:20:00,-0.0016777444730456,-0.0047677430691805,42.6454742360577,0.0257117883441792,-1.585454334554096,0.0257117883441792,0.9742882116558208,1.1857629779822364e-05,6.247717099638172e-05,0.0010976170086485,True,9.102096680860342,0.0160984293936436,-1.996829363378313,0.0160984293936436,0.9839015706063564,6.66731998340935e-05,0.0003148160073456,0.0025453146722198,True,0,0,1,0.10186418524734236,1,0,0,0,0.5302086120595955,1,0,1,0,1,0,0,0.00029013539651840455,-0.005725338491296008,0.00960439347382218,0.002378410777875138,4.1329072536761275,21.51200653519021,105.60928433268779,True,0.69600034,0.5512185630498795,43.55989
2025-06-16 10:40:00,2025-06-16 15:45:00,1,388.9,394.2,eod,5.300000000000011,0.123493,5.076507000000012,159909.97050000037,1.0,2025-06-16,389.3,0.0,394.2,394.2,394.2,0.0,2025,0.0,1.0,1.0,1.0,1,10,0,6,388.9,389.45,388.6,0.8651749971975484,58.06566089798517,0.1733969097951444,0.1035777889259243,0.06981912086922,388.31000000000006,389.8142396249,386.80576037510014,388.66,388.475,388.31000000000006,387.7508333333333,388.3628270017467,1.0,0.0020570840833119,1,0.0021856518385189,1,0.0023142195937259,1,0.0050141424530728,1,2025-06-16 10:40:00,0.0010280134547085,0.0025720178787884,167.40239906943083,0.9062280087498538,0.8796659272809584,0.9062280087498538,0.0937719912501462,1.1857629779822364e-05,6.247717099638172e-05,0.0010976170086485,True,60.858142887242224,0.8920043249504817,0.8868066082667585,0.8920043249504817,0.1079956750495183,6.66731998340935e-05,0.0003148160073456,0.0025453146722198,True,0,0,1,0.06981912086922011,1,1,1,1,0.6961123714046459,1,1,1,0,1,0,0,0.0015170995114423198,0.002954915573840837,0.007735868474671761,0.0022246721450181243,4.054093396587568,40.42022490487447,68.84803291334535,True,0.6398753,0.5444622704093894,43.002148
2025-06-17 11:10:00,2025-06-17 12:00:00,-1,398.95,398.5,pivot,0.4499999999999886,0.1239235,0.22607649999998858,7121.409749999641,1.0,2025-06-17,398.6,0.0,397.55,398.8,397.4,0.0,2025,0.0,1.0,1.0,1.0,1,11,1,6,398.95,399.05,398.55,1.053993502887471,47.09695617669954,0.3649044872695981,0.8179113232813928,-0.4530068360117947,400.3625,403.1551359945161,397.5698640054839,399.04,399.515,400.3625,396.1841666666667,398.6678341276582,-1.0,0.0027572377490912,1,0.0053891465095876,1,0.0035092116806616,1,0.0038851986464469,1,2025-06-17 11:10:00,-0.0008776879755954,-0.0033811315161364,217.07320575220712,0.1108048851330406,-0.8565511824105925,0.1108048851330406,0.8891951148669593,1.1857629779822364e-05,6.247717099638172e-05,0.0010976170086485,True,28.27148880832804,0.0377331060298574,-1.452059175166248,0.0377331060298574,0.9622668939701426,6.66731998340935e-05,0.0003148160073456,0.0025453146722198,True,0,0,0,0.4530068360117947,0,1,0,0,0.24710273684544865,1,1,1,0,1,0,0,-0.0035405439278105594,0.006932781885783336,0.013999929788274742,0.002641918794053067,-21.335243103392813,11.637786768352614,169.75811505200937,True,0.66641724,0.5361737013008916,43.12341
2025-06-24 12:05:00,2025-06-24 13:15:00,1,417.2,416.75,pivot,-0.4499999999999886,0.1250185,-0.6750184999999886,-21263.08274999964,1.0,2025-06-24,417.9,0.0,416.7,416.85,416.1,0.0,2025,0.0,1.0,1.0,1.0,1,12,1,6,417.2,417.9,417.1,0.725472039385761,66.9555153097984,0.7454426740662825,0.853471214940978,-0.1080285408746954,416.71,418.4957918808741,414.924208119126,416.9599999999999,416.415,416.71,412.24,415.4227651835583,1.0,0.0015580057526367,1,0.0020373921380633,1,0.00071907957814,1,0.0008389261744966,1,2025-06-24 12:05:00,0.0017963001057862,0.0040762554943357,57.497890346562,0.9576987299476628,1.4223408812324598,0.9576987299476628,0.042301270052337,2.399517466845896e-05,7.01315035741336e-05,0.0012136110442922,True,26.447794692358418,0.9323425532498046,1.3192260222450345,0.9323425532498046,0.0676574467501953,0.0001325508842753,0.0003495233733425,0.0028249383033326,True,0,0,0,0.10802854087469549,1,1,1,1,0.6371940384677192,1,1,0,1,1,0,0,0.0011744966442953238,0.011888782358580968,0.008560843148964803,0.0017389070934462152,-7.23310662243085,42.66365519793764,64.17785234899394,True,0.66839707,0.5549304334549205,45.152557
2025-07-01 11:00:00,2025-07-01 11:50:00,-1,422.5,421.8,pivot,0.6999999999999886,0.125329,0.4746709999999886,14952.13649999964,1.0,2025-07-01,421.75,0.0,421.4,421.8,421.4,0.0,2025,0.0,1.0,1.0,1.0,0,11,1,7,422.5,422.55,421.5,0.7908993195025269,48.66928424375802,0.7878653629250607,1.1717710146480087,-0.383905651722948,423.05,424.2148356605816,421.88516433941845,422.61,423.16,423.05,419.1816666666666,421.1241475457713,1.0,0.0010650887573964,1,-0.0001183431952662,0,0.002603550295858,1,0.0043786982248521,1,2025-07-01 11:00:00,-0.0017767253711509,-0.0044949212183953,58.28869959464954,0.0498449551542298,-1.39104581828449,0.0498449551542298,0.9501550448457702,5.556812651880662e-05,8.582745827271393e-05,0.001338958648911,True,21.649770004231804,0.0449515233576988,-1.580784414791509,0.0449515233576988,0.9550484766423012,0.0002469069676662,0.0004251857715126,0.0031124465448104,True,0,0,0,0.383905651722948,0,1,0,0,0.2639151948157941,1,1,1,0,1,0,0,-0.001301775147929021,0.007854043392505053,0.00551401496133296,0.0018719510520769868,-18.684413286489328,12.844563632736657,-3.7278106508852997,True,0.70931053,0.5470092411725745,43.12341
2025-07-14 10:55:00,2025-07-14 11:45:00,-1,430.45,430.6,pivot,-0.1500000000000341,0.1258315,-0.37583150000003407,-11838.692250001073,1.0,2025-07-14,429.7,0.0,430.3,430.7,430.3,0.0,2025,0.0,1.0,1.0,1.0,1,10,0,7,430.45,430.45,429.55,0.7814101230349114,41.78521334895409,0.256840612123085,0.4732520418472521,-0.2164114297241671,431.09,432.354328409664,429.82567159033607,430.73,431.2600000000001,431.09,429.9175,429.4049069717372,1.0,0.0020908351724938,1,0.0008131025670808,1,0.0003484725287489,1,-0.0022069926820768,0,2025-07-14 10:55:00,-0.001860033086836,-0.0038325347416384,63.95894895927528,0.059054524512509,-1.3627821722238012,0.059054524512509,0.940945475487491,4.3384789001395776e-05,6.489382648514195e-05,0.0014124978683718,True,34.33890572605288,0.0760419063248182,-1.2687357791969267,0.0760419063248182,0.9239580936751818,0.000188800238339,0.0003223101819531,0.0032747913251264,True,0,0,0,0.2164114297241671,0,1,0,0,0.24690120260362353,1,1,1,0,1,0,0,-0.0014868161226622985,0.0012370774770588233,0.0058744495744637495,0.0018153330770935333,-9.042797762176507,10.316819426905747,25.6127308630452,True,0.662644,0.5514187126263281,43.12341
2025-07-15 10:35:00,2025-07-15 10:45:00,1,431.3,433.75,pivot,2.4499999999999886,0.1259515,2.2240484999999883,70057.52774999963,1.0,2025-07-15,432.4,0.0,433.55,434.15,433.2,0.0,2025,0.0,1.0,1.0,1.0,1,10,1,7,431.3,432.6,431.3,0.7911620971350405,58.04360313121149,0.0227717221449097,-0.0790547401686375,0.1018264623135472,431.2575,432.6140726981595,429.9009273018405,431.65,431.56000000000006,431.2575,431.79833333333335,431.74454426296586,1.0,0.0056805008115,1,0.0026663575237653,1,0.0011592858798979,1,0.0009274287039183,1,2025-07-15 10:35:00,0.0025471821112555,0.0024312602424654,23.12349283988508,0.9707265226754428,1.811979433065068,0.9707265226754428,0.0292734773245573,5.462081936694949e-05,5.878999645759295e-05,0.0013733004190829,True,92.32355837897435,0.8230628608127256,0.6868264860067556,0.8230628608127256,0.1769371391872743,0.000265376865556,0.0002981050453921,0.0031058138271218,True,0,0,1,0.10182646231354721,1,0,0,0,0.5156644756516476,1,0,1,0,1,0,0,9.853929979137071e-05,-0.0011554215936316597,0.006290622296125583,0.0018343660958382575,5.910374766782796,29.931024173588508,83.99026199860695,True,0.60575956,0.5761275643898841,54.793354
2025-07-18 10:35:00,2025-07-18 11:00:00,-1,430.25,429.4,pivot,0.8500000000000227,0.1257895,0.6242105000000229,19662.63075000072,1.0,2025-07-18,430.5,0.0,429.65,429.7,429.25,0.0,2025,0.0,1.0,1.0,1.0,1,10,4,7,430.25,430.75,429.85,0.8830175262962464,39.43048599903121,-0.3625196441547018,-0.10834378478922,-0.2541758593654818,431.94749999999993,433.7148873108381,430.1801126891618,430.84,431.295,431.94749999999993,431.7141666666667,431.82009473647713,-1.0,-0.0005810575246949,0,0.0013945380592679,1,-0.0015107495642068,0,-0.0010459035444508,0,2025-07-18 10:35:00,0.0004646840232316,-0.0033625169371077,372.3663734984282,0.6706483708570445,0.2955609866084955,0.6706483708570445,0.3293516291429554,5.462081936694949e-05,5.878999645759295e-05,0.0013733004190829,True,41.88506715503247,0.0930901620088647,-1.1786353549375794,0.0930901620088647,0.9069098379911352,0.000265376865556,0.0002981050453921,0.0031058138271218,True,0,0,0,0.2541758593654818,0,0,0,0,0.019771362623703215,1,0,1,0,1,0,0,-0.003945380592678522,-0.0034030602362968023,0.00821562956810301,0.0020523359123678013,-10.022277664002358,0.7795944371156986,43.92794886693885,True,0.5199852,0.5227463648577098,43.12341
2025-08-04 11:00:00,2025-08-04 11:05:00,-1,424.35,424.15,pivot,0.2000000000000454,0.125455,-0.02545499999995454,-801.832499998568,1.0,2025-08-04,424.2,0.0,424.05,424.2,423.75,0.0,2025,0.0,1.0,1.0,1.0,1,11,0,8,424.35,424.8,423.5,1.048565202659862,51.34136775390629,0.7622516316274641,0.8548238324981619,-0.0925722008706977,424.295,427.259686902854,421.330313097146,425.13,425.39,424.295,422.735,423.12964650680095,1.0,0.000706963591375,1,0.0014139271827501,1,0.000706963591375,1,-0.0024743725698125,0,2025-08-04 11:00:00,-0.0004713646092459,-0.0049382816405826,370.04794219384206,0.2831382343191543,-0.4025559617586291,0.2831382343191543,0.7168617656808456,1.7726732910847144e-05,2.895976254953476e-05,0.0012428691146685,True,15.546808410059269,0.0356288215088194,-1.8527833586711333,0.0356288215088194,0.9643711784911806,0.0001167773437366,0.0001517252954889,0.0027472218552968,True,0,0,0,0.09257220087069773,1,1,0,0,0.509275853033091,1,1,1,0,1,0,0,0.0001296099917521075,0.0038058206669023425,0.013972838000961461,0.0024709914048777234,-4.752783408690974,26.146918858756255,44.538706256628146,True,0.6433327,0.5544879572243225,44.648087
2025-09-15 10:35:00,2025-09-15 10:40:00,1,465.9,465.3,pivot,-0.5999999999999659,0.127936,-0.8279359999999659,-26079.983999998927,1.0,2025-09-15,465.3,0.0,465.25,465.6,464.9,0.0,2025,0.0,1.0,1.0,1.0,0,10,0,9,465.9,465.95,465.3,0.9331604313923678,47.4153393207543,0.0639272389165057,0.3163151423385799,-0.2523879034220741,466.4,468.3417843162952,464.4582156837048,465.19,465.765,466.4,464.6966666666667,465.5747425884621,-1.0,-0.0013951491736423,0,0.0,0,0.0007512341704228,1,0.0035415325177077,1,2025-09-15 10:35:00,-0.001181335045831,-0.0028971531611527,107.86315783903864,0.061785448507016,-1.1312084891852294,0.061785448507016,0.938214551492984,6.756410549680123e-06,2.9595755658152216e-05,0.0010704753483254,True,37.2926753990578,0.0531200414061962,-1.267070308463509,0.0531200414061962,0.9468799585938038,4.744530500691104e-05,0.0001500573555748,0.0024049261484335,True,0,0,0,0.2523879034220742,0,1,1,1,0.3712524362762407,1,1,1,0,1,0,0,-0.0010731916720326251,0.0025828146240250314,0.008335627028526346,0.002002920007281322,-11.967058081211409,17.603060239694667,0.0,True,0.69795436,0.5840970002823663,43.12341
2025-09-22 13:20:00,2025-09-22 15:30:00,-1,479.4,479.05,pivot,0.3499999999999659,0.1287535,0.12124649999996588,3819.2647499989253,1.0,2025-09-22,478.9,0.0,478.8,479.35,478.8,0.0,2025,0.0,1.0,1.0,1.0,1,13,0,9,479.4,479.45,478.6,0.5486296106225986,33.78653160036821,-0.0868861648676215,0.2167518714985114,-0.3036380363661329,480.6125,482.0414764521959,479.18352354780416,479.74,480.44,480.6125,479.59583333333336,479.8726941156172,-1.0,0.0013558614935335,1,0.0016687526074258,1,0.0012515644555693,1,0.0004171881518564,1,2025-09-22 13:20:00,-0.0010435146517202,-0.0045833413568444,139.33140739249382,0.0770476963325049,-1.0287694517184334,0.0770476963325049,0.9229523036674953,3.181527774563726e-05,5.951710439713295e-05,0.0010721855652643,True,7.439794316374103,0.0173258273145751,-2.06308432121284,0.0173258273145751,0.9826741726854248,0.0001759779763702,0.0002924728661059,0.0023633615809188,True,0,0,0,0.3036380363661329,0,0,0,0,0.07574528322813329,1,0,0,1,1,0,0,-0.0025292031706300256,-0.0004084967320262466,0.005961520451380405,0.001144408866546931,-10.2588761107581,2.559170405366165,52.5657071339127,True,0.6990212,0.5481654466484606,44.648087
2025-09-26 11:50:00,2025-09-26 13:20:00,1,469.75,468.05,pivot,-1.6999999999999886,0.128134,-1.9281339999999887,-60736.22099999964,1.0,2025-09-26,469.35,0.0,467.5,468.35,467.45,0.0,2025,0.0,1.0,1.0,1.0,0,11,4,9,469.75,469.95,469.35,0.8477962634505037,28.510020389595297,-1.1671689338990063,-1.308316688766884,0.1411477548678776,470.9625,472.7589511843551,469.1660488156449,470.39,470.435,470.9625,475.5975,472.1160495170624,-1.0,-0.0011708355508249,0,-0.0020223523150611,0,-0.0030867482703565,0,-0.0062799361362426,0,2025-09-26 11:50:00,-0.0008518795105737,-0.0026597175102612,206.03334325601924,0.110068695191081,-0.8500362665731606,0.110068695191081,0.8899313048089189,3.181527774563726e-05,5.951710439713295e-05,0.0010721855652643,True,39.69484387928861,0.0545139698844491,-1.2491488396030606,0.0545139698844491,0.9454860301155508,0.0001759779763702,0.0002924728661059,0.0023633615809188,True,1,0,1,0.14114775486787767,0,0,0,0,0.16252909888133943,1,0,1,0,1,0,0,-0.0025811601915912237,-0.012448110697179405,0.007648541498052609,0.001804781827462488,4.024125369228789,4.6337079230095375,-63.704097924424644,True,0.6742415,0.5742151246276795,43.12341
2025-10-01 11:10:00,2025-10-01 12:15:00,1,480.1,479.2,pivot,-0.9000000000000341,0.128779,-1.128779000000034,-35556.53850000107,1.0,2025-10-01,479.7,0.0,478.95,479.3,478.9,0.0,2025,0.0,1.0,1.0,1.0,0,11,2,10,480.1,480.3,479.55,0.7085171963629588,55.162302395450425,0.6383043003100397,0.6815464293075795,-0.0432421289975397,479.465,481.0732353898613,477.8567646101386,480.36,480.07,479.465,477.61,478.8903542235136,1.0,-0.0003124349093939,0,-0.0003124349093939,0,-0.0022911893355551,0,-0.0012497396375755,0,2025-10-01 11:10:00,-0.0009376465759635,-0.0022904747129795,171.8148395032037,0.0987230942574212,-0.9624733707733362,0.0987230942574212,0.9012769057425788,2.681802710255625e-05,5.325765540502146e-05,0.0010295393737203,True,56.12362445918455,0.0756854965168819,-1.1102733768303792,0.0756854965168819,0.924314503483118,0.0001672812930653,0.0002681495172574,0.0023044993094776,True,0,0,0,0.043242128997539764,1,1,0,1,0.6974213488906084,1,1,1,0,1,0,0,0.0013226411164341757,0.005186419495938365,0.006699585044204686,0.0014757700403310952,-2.3853353959853605,38.47136734454667,-9.84169964590785,True,0.59252036,0.5231448665641835,43.12341
2025-10-02 15:25:00,2025-10-02 15:45:00,-1,496.0,495.15,eod,0.8500000000000227,0.1297345,0.6202655000000228,19538.36325000072,1.0,2025-10-02,494.85,0.0,495.15,495.15,495.15,0.0,2025,0.0,1.0,1.0,1.0,0,15,3,10,496.0,496.7,494.0,0.8550831767711038,28.06471159177066,-0.4338849929152957,-0.2055573714056293,-0.2283276215096663,497.3425,498.84522560005416,495.8397743999459,496.75999999999993,497.205,497.3425,498.3033333333333,497.5598548808949,-1.0,0.0039314516129032,1,-0.018649193548387,0,-0.0196572580645161,0,-0.0263104838709677,0,2025-10-02 15:25:00,-0.0024220417532112,-0.0061445673054368,17.03251916657711,0.0092835146650519,-2.4042785266885707,0.0092835146650519,0.990716485334948,2.681802710255625e-05,5.325765540502146e-05,0.0010295393737203,True,1.7720575781401544,0.0063868278969349,-2.782694182775764,0.0063868278969349,0.993613172103065,0.0001672812930653,0.0002681495172574,0.0023044993094776,True,1,0,0,0.2283276215096664,0,0,0,0,0.05331166250456262,1,0,0,0,1,0,0,-0.0027066532258063964,-0.004643817204300978,0.006059377419573122,0.001723958017683677,-6.407948846103755,1.4961764326683638,-587.4495967741905,True,0.70779836,0.5567622762937152,60.593807
2025-10-10 10:45:00,2025-10-10 10:50:00,-1,508.0,507.4,pivot,0.6000000000000227,0.130462,0.36953800000002274,11640.447000000717,1.0,2025-10-10,507.4,0.0,507.3,507.9,507.2,0.0,2025,0.0,1.0,1.0,2.0,1,10,4,10,508.0,508.05,506.9,1.3279217846709868,57.84884154209716,1.8262134643323409,2.214560080353935,-0.3883466160215945,507.555,510.8765247004088,504.2334752995913,508.25999999999993,508.73,507.555,501.5208333333333,504.9132965181624,1.0,0.0013779527559054,1,0.0068897637795275,1,0.0036417322834646,1,0.0052165354330708,1,2025-10-10 10:45:00,-0.0012802207667089,-0.0028536304727591,92.1767221424425,0.0543887351687642,-1.2952184794014272,0.0543887351687642,0.9456112648312358,2.681802710255625e-05,5.325765540502146e-05,0.0010295393737203,True,34.42685066172137,0.050483346085284,-1.35464566085038,0.050483346085284,0.949516653914716,0.0001672812930653,0.0002681495172574,0.0023044993094776,True,0,0,0,0.38834661602159426,1,1,0,0,0.5669873085612118,1,1,1,0,1,0,0,0.0008759842519684905,0.012754265091863554,0.013076868899247081,0.0026140192611633596,-22.46540185364287,32.799558969337696,217.02755905511626,True,0.70471936,0.5844075254662581,43.12341
2025-10-14 13:25:00,2025-10-14 13:40:00,1,498.0,495.45,pivot,-2.550000000000012,0.1298035,-2.7798035000000114,-87563.81025000036,1.0,2025-10-14,495.3,0.0,494.7,495.8,494.3,0.0,2025,0.0,1.0,0.0,0.0,0,13,1,10,498.0,499.05,494.75,1.3799203259405606,12.369138942183682,-1.943971220171079,-1.227950441268257,-0.7160207789028221,502.3125,507.364636079563,497.260363920437,498.5100000000001,500.7299999999999,502.3125,505.3875,501.1786499371617,-1.0,-0.0015060240963855,0,-0.0054216867469879,0,0.0006024096385542,1,-0.0012048192771084,0,2025-10-14 13:25:00,-0.0054364374304609,-0.0142329755597968,0.896315439601515,0.0,-5.332185660882659,0.0,1.0,2.681802710255625e-05,5.325765540502146e-05,0.0010295393737203,True,0.7614303085196681,0.0,-6.292527412534146,0.0,1.0,0.0001672812930653,0.0002681495172574,0.0023044993094776,True,1,0,0,0.7160207789028221,0,0,0,0,0.0732003322866739,1,0,0,1,0,1,0,-0.008659638554216868,-0.014834337349397568,0.020289703130775154,0.002770924349278234,-8.856560499739588,0.9054250806678836,-170.78313253011885,True,0.66065556,0.5395745208692148,70.08337
2025-10-14 13:40:00,2025-10-14 14:05:00,1,495.45,496.75,pivot,1.3000000000000114,0.129766,1.0702340000000115,33712.37100000036,1.0,2025-10-14,494.7,0.0,497.6,497.7,496.3,0.0,2025,0.0,1.0,0.0,0.0,1,13,1,10,495.45,495.8,494.3,1.5298778994502231,21.94139551274297,-2.4486659552173364,-1.7417098452743651,-0.7069561099429713,501.085,507.7812754783595,494.3887245216406,496.14,498.515,501.085,505.0824999999999,500.09286722377175,-1.0,-0.0008073468563931,0,0.0043394893531134,1,0.0043394893531134,1,0.0031284690685235,1,2025-10-14 13:40:00,-0.0015149222712453,-0.0067489553575118,58.0773986329182,0.0368861815610666,-1.5231859671219563,0.0368861815610666,0.9631138184389332,2.681802710255625e-05,5.325765540502146e-05,0.0010295393737203,True,1.8048713387913653,0.0053789787617656,-3.044958549525354,0.0053789787617656,0.9946210212382344,0.0001672812930653,0.0002681495172574,0.0023044993094776,True,1,0,0,0.7069561099429713,0,0,0,0,0.0792437140459012,1,0,0,1,0,1,0,-0.011373498839438875,-0.01944192148551809,0.027031084784981084,0.00308785528196634,-15.511603618408937,1.7387176717798238,136.6939146230721,True,0.7056567,0.5571657420818237,47.210495
2025-10-16 10:40:00,2025-10-16 10:50:00,1,521.6,520.8,pivot,-0.8000000000000682,0.131272,-1.0312720000000681,-32485.06800000215,1.0,2025-10-16,520.9,0.0,521.1,521.3,520.5,0.0,2025,0.0,1.0,1.0,1.0,1,10,3,10,521.6,521.9,520.6,1.3457482469554785,63.64642070579678,2.1158802445551146,2.392983049006557,-0.2771028044514425,520.3075,523.8412880405707,516.7737119594293,521.58,521.465,520.3075,513.55,517.6680319067677,1.0,-0.0015337423312884,0,0.0009585889570552,1,0.0013420245398771,1,0.0019171779141104,1,2025-10-16 10:40:00,-0.0012470623708341,-0.0023968181744117,115.75970692301684,0.0767846678378894,-0.9367939777804056,0.0767846678378894,0.9232153321621106,2.691353702660389e-05,7.819210424437789e-05,0.0014146701478787,True,60.92147123072546,0.0911789526131245,-0.8761422972371794,0.0911789526131245,0.9088210473868754,0.0002123298031992,0.0003914538862031,0.00318244201816,True,0,0,0,0.27710280445144253,1,1,1,1,0.6828774087694409,1,1,1,0,1,0,0,0.0024779524539877648,0.015433282208589087,0.013549800769059425,0.002580038817015871,-17.636601670872643,43.4627028490242,30.1955521472388,True,0.5952458,0.5228761016068393,43.12341
2025-10-23 13:35:00,2025-10-23 14:10:00,1,537.4,538.15,pivot,0.75,0.1322665,0.5177335000000001,16308.60525,1.0,2025-10-23,536.75,0.0,538.0,538.6,537.45,0.0,2025,0.0,1.0,1.0,0.0,1,13,3,10,537.4,537.45,536.6,1.1865089906923596,27.68517290559153,-1.5624447436015316,-1.0750955594430138,-0.4873491841585178,541.0175,546.9672257806582,535.0677742193419,537.69,538.575,541.0175,540.9391666666667,540.6886930646579,-1.0,-0.0040007443245254,0,0.0015816896166729,1,0.0013956084852995,1,0.0004652028284331,1,2025-10-23 13:35:00,-0.0013032956601821,-0.0021402325203063,115.92144040416213,0.0901736317614294,-0.907256209844807,0.0901736317614294,0.9098263682385704,3.64708742360648e-05,8.128652322225767e-05,0.001526120370828,True,78.9708200305875,0.1367488198218541,-0.7182570326291903,0.1367488198218541,0.863251180178146,0.000241860492755,0.0004036938898299,0.0035418050844893,True,1,0,0,0.4873491841585178,0,0,0,0,0.195994392568466,1,0,0,1,1,0,0,-0.006731484927428477,-0.006585721374519331,0.022142634092512572,0.0022078693537260136,-13.492346428827533,5.426138646784365,49.823222925196355,True,0.52655905,0.5461760837901584,45.24778
2025-10-24 10:25:00,2025-10-24 10:55:00,1,545.1,548.25,pivot,3.1499999999999773,0.1328005,2.917199499999977,91891.78424999928,1.0,2025-10-24,544.1,0.0,548.85,548.95,547.95,0.0,2025,0.0,1.0,1.0,1.0,1,10,4,10,545.1,545.45,544.1,1.4856435775875194,49.07744662709317,1.4799563512939358,1.812460286203193,-0.332503934909258,545.65,548.6219743609842,542.6780256390158,546.5899999999999,546.61,545.65,540.92,544.7885482100996,-1.0,-0.0006420840212805,0,0.0057787561915244,1,0.0083470922766464,1,0.0064208402128049,1,2025-10-24 10:25:00,-0.0018362105783555,-0.0062294081987761,54.99429722695493,0.0467187286420228,-1.256452071691664,0.0467187286420228,0.9532812713579772,3.64708742360648e-05,8.128652322225767e-05,0.001526120370828,True,8.094131068018587,0.0220922917363016,-1.8728026896947016,0.0220922917363016,0.9779077082636984,0.000241860492755,0.0004036938898299,0.0035418050844893,True,0,0,0,0.33250393490925734,0,1,0,0,0.4074689191097496,1,1,1,0,1,0,0,-0.0010089891762978436,0.007668317739864362,0.01090432713624721,0.0027254514356769757,-16.31844411880757,19.997534129808077,182.03082003301859,True,0.71939117,0.6071730216978436,44.648087
2025-10-29 14:30:00,2025-10-29 14:35:00,1,568.5,569.25,pivot,0.75,0.1341325,0.5158674999999999,16249.826249999998,1.0,2025-10-29,569.25,0.0,569.65,569.9,568.8,0.0,2025,0.0,1.0,1.0,1.0,1,14,2,10,568.5,569.35,568.5,1.1576292039466864,57.18216723338531,-0.3078560908270447,-0.4958808964897903,0.1880248056627456,567.76,570.2361175094097,565.2838824905903,567.65,566.965,567.76,568.3675,567.387527298255,1.0,0.0020228671943711,1,0.0031662269129286,1,0.0074758135444151,1,0.0218117854001758,1,2025-10-29 14:30:00,0.0014063463687332,0.0039604012160969,115.85044268028015,0.9061310659026665,0.8682538224635593,0.9061310659026665,0.0938689340973335,3.64708742360648e-05,8.128652322225767e-05,0.001526120370828,True,36.45981443836577,0.9083130552739344,1.004207527354589,0.9083130552739344,0.0916869447260655,0.000241860492755,0.0004036938898299,0.0035418050844893,True,0,0,1,0.1880248056627456,1,1,1,1,0.6494274801554982,1,1,0,1,1,0,0,0.0013016710642040617,0.00023306948109067725,0.008711055442074697,0.002036287078182386,10.751665881431892,37.13567077620772,99.7361477572509,True,0.651887,0.5501535119072564,43.002148
2025-10-30 10:40:00,2025-10-30 10:45:00,1,576.2,577.15,pivot,0.9499999999999318,0.1346005,0.7153994999999317,22535.08424999785,1.0,2025-10-30,577.15,0.0,576.9,577.9,576.8,0.0,2025,0.0,1.0,1.0,1.0,1,10,3,10,576.2,577.3,575.4,2.209815642402208,52.80162407269496,0.1138302882420703,0.7896663004827704,-0.6758360122407001,578.36,584.548410222293,572.171589777707,574.78,575.995,578.36,572.9083333333333,575.9524509697611,1.0,0.001214855952794,1,0.0075494619923636,1,0.0073759111419645,1,0.0065081568899687,1,2025-10-30 10:40:00,0.0015606037500628,0.0040800438560512,95.23241140818234,0.9223513560842926,0.969331944660368,0.9223513560842926,0.0776486439157073,3.64708742360648e-05,8.128652322225767e-05,0.001526120370828,True,34.72479146917344,0.9125817717501578,1.0379876584177916,0.9125817717501578,0.0874182282498422,0.000241860492755,0.0004036938898299,0.0035418050844893,True,0,0,0,0.6758360122407001,0,1,1,1,0.3254802184720372,1,1,1,0,1,0,0,-0.0037486983686219506,0.005712715492306043,0.02148007713395691,0.003835153839642846,-35.68523905312272,17.185884138859134,237.80805275945337,True,0.651887,0.5373396590934035,56.37327
2025-11-05 10:30:00,2025-11-05 10:35:00,-1,547.3,545.4,pivot,1.8999999999999773,0.132781,1.6672189999999771,52517.39849999928,1.0,2025-11-05,545.3,0.0,545.3,548.8,544.85,0.0,2025,0.0,1.0,0.0,0.0,0,10,2,11,547.3,547.9,544.4,3.2941697768972964,21.06843106659132,-7.491828996795448,-7.163716488638262,-0.3281125081571856,556.6075,569.7983371316964,543.4166628683035,549.1999999999999,552.2099999999999,556.6075,575.2808333333335,556.3540652689943,-1.0,0.0036543029417138,1,-0.0093184725013704,0,-0.0128814178695415,0,-0.0266764114745112,0,2025-11-05 10:30:00,-0.0037523496185505,-0.010217202546655,9.47546463089838,0.0106507439102385,-2.2305843370904386,0.0106507439102385,0.9893492560897614,3.800559536296628e-05,9.529424826344916e-05,0.001724948840909,True,2.670947923749588,0.0092275329935038,-2.65739172229505,0.0092275329935038,0.9907724670064962,0.0002828966077742,0.0004771371035496,0.0040243745626514,True,1,0,0,0.3281125081571856,0,0,0,0,0.14719828214560746,1,0,1,0,0,1,0,-0.017006212315000924,-0.051125220780803074,0.04820331493402673,0.006018947153110354,-6.912815760196048,3.1012368605053906,-293.5318837931676,True,0.7150739,0.5552590083198591,72.7813
2025-11-05 15:10:00,2025-11-05 15:45:00,-1,562.45,565.5,eod,-3.0499999999999545,0.1338385,-3.2838384999999546,-103440.91274999856,1.0,2025-11-05,563.75,0.0,565.5,565.5,565.5,0.0,2025,0.0,1.0,1.0,1.0,0,15,2,11,562.45,563.9,562.3,2.123450155057885,51.3991824200996,-0.043660818508215,0.193498489189178,-0.237159307697393,563.4675,566.6759223084468,560.2590776915531,562.65,563.695,563.4675,560.4091666666667,561.7611329346399,1.0,-0.0055116010312026,0,-0.0054227042403768,0,-0.0216908169615075,0,-0.017245977420215,0,2025-11-05 15:10:00,0.0023086495780531,0.0029311208088587,48.2701309267601,0.95275266779501,1.2831425937381942,0.95275266779501,0.0472473322049901,3.800559536296628e-05,9.529424826344916e-05,0.001724948840909,True,66.06210434086768,0.818810835028671,0.6097801452388241,0.818810835028671,0.1811891649713289,0.0002828966077742,0.0004771371035496,0.0040243745626514,True,0,0,0,0.23715930769739302,0,1,0,0,0.3414329688892362,1,1,0,0,1,0,0,-0.0018090496933059422,0.003628470678875194,0.01140873787339984,0.0037753580852660407,-12.189794518962833,17.549375452174043,-170.8151835718692,True,0.6524453,0.5644931573798521,54.25731
2025-11-07 12:45:00,2025-11-07 13:10:00,1,554.35,552.3,pivot,-2.050000000000068,0.1331995,-2.283199500000068,-71920.78425000215,1.0,2025-11-07,553.5,0.0,551.7,552.45,551.5,0.0,2025,0.0,1.0,1.0,0.0,0,12,4,11,554.35,554.6,553.2,1.8910680722872808,34.483564977207166,-1.880697405548858,-2.041689608311296,0.1609922027624377,555.5725,557.779301692129,553.365698307871,554.4200000000001,554.85,555.5725,561.9783333333332,559.1475184468457,-1.0,-0.0022548931180662,0,-0.0047803734103003,0,-0.0060431135564174,0,-9.01957247227712e-05,0,2025-11-07 12:45:00,-0.0015345040696691,-0.0025261651831639,103.1387481639822,0.0894454290823842,-0.9448386405904656,0.0894454290823842,0.9105545709176156,3.800559536296628e-05,9.529424826344916e-05,0.001724948840909,True,66.4451389026254,0.1467528916791058,-0.7462780215803134,0.1467528916791058,0.8532471083208941,0.0002828966077742,0.0004771371035496,0.0040243745626514,True,0,0,1,0.16099220276243797,0,0,0,0,0.22301543805221818,1,0,0,1,1,0,0,-0.0022052854694686896,-0.013760861068518475,0.007961763117629778,0.003411325105596249,5.551585084782231,7.690367348993985,-150.58176242445944,True,0.5939079,0.5601255170944305,43.60459
2025-11-07 15:05:00,2025-11-07 15:45:00,1,559.65,558.7,eod,-0.9499999999999318,0.1335505,-1.183550499999932,-37281.84074999786,1.0,2025-11-07,559.85,0.0,558.7,558.7,558.7,0.0,2025,0.0,1.0,1.0,2.0,0,15,4,11,559.65,560.25,559.3,1.7638995255182617,65.8977158106245,1.363827103880908,0.6377273825648213,0.7260997213160867,554.9825,561.8181091649305,548.1468908350694,558.9,557.67,554.9825,556.1058333333334,554.7008538401552,1.0,-0.0003573662110246,0,-0.002412221924417,0,0.0083981059590816,1,0.0189404091843116,1,2025-11-07 15:05:00,0.0003573023709294,0.0028619999859387,370.8575326319489,0.6266969280300645,0.1518932715291059,0.6266969280300645,0.3733030719699355,3.800559536296628e-05,9.529424826344916e-05,0.001724948840909,True,68.0982810543608,0.8141691082553639,0.5926046011029771,0.8141691082553639,0.185830891744636,0.0002828966077742,0.0004771371035496,0.0040243745626514,True,0,0,1,0.7260997213160867,1,1,1,1,0.841410683918718,0,1,0,0,1,0,0,0.00834003394979008,0.006332827064534209,0.024428157473172833,0.0031517904503140567,47.84831308546113,55.44704212889888,-75.9849906191355,True,0.6560488,0.5556202581891936,73.85078
2025-11-10 10:25:00,2025-11-10 10:55:00,1,572.75,574.35,pivot,1.6000000000000227,0.134413,1.3655870000000228,43015.99050000072,1.0,2025-11-10,572.6,0.0,574.9,575.1,574.25,0.0,2025,0.0,1.0,1.0,2.0,1,10,0,11,572.75,573.6,572.4,2.1166573212912256,67.23543640277742,2.967552807384095,3.1106012699283005,-0.1430484625442054,569.7175,574.2940161450367,565.1409838549632,571.98,570.84,569.7175,560.1175000000001,566.7365789906142,1.0,0.0,0,0.0027935399388913,1,0.0055870798777827,1,0.0052378873854212,1,2025-11-10 10:25:00,-0.000174626735797,0.0028857525163576,393.1917193146212,0.4137200167222026,-0.1564805736025398,0.4137200167222026,0.5862799832777974,3.800559536296628e-05,9.529424826344916e-05,0.001724948840909,True,67.38743038813756,0.8157810065046156,0.5985067680233632,0.8157810065046156,0.1842189934953844,0.0002828966077742,0.0004771371035496,0.0040243745626514,True,0,0,0,0.14304846254420545,1,1,1,1,0.8313109692936173,0,1,1,0,1,0,0,0.005294631165429991,0.022055870798777716,0.01598085079017634,0.003695604227483589,-9.61792580590601,55.89355580687226,87.99650807507595,True,0.5557608,0.5892485310173134,81.36537
2025-11-24 12:15:00,2025-11-24 14:05:00,-1,549.45,541.75,pivot,7.700000000000045,0.132736,7.467264000000046,235218.81600000145,1.0,2025-11-24,548.25,0.0,543.65,543.75,541.6,0.0,2025,0.0,1.0,1.0,1.0,1,12,0,11,549.45,549.45,548.15,1.33145431998704,42.30935880542674,0.5269806770091918,0.9785062105973908,-0.4515255335881989,550.44,553.3750154706349,547.5049845293652,550.35,551.0699999999999,550.44,547.0875,548.7225420866218,-1.0,0.0010920010920011,1,0.0022750022750022,1,0.0060060060060061,1,0.0156520156520156,1,2025-11-24 12:15:00,-0.0020953863631758,-0.0077220460939102,75.36003411797863,0.093522080855598,-0.9818443352008964,0.093522080855598,0.906477919144402,3.47152958538164e-05,5.7009502901212e-05,0.0021921966536953,True,10.389525137824233,0.0427537910940287,-1.579700585079242,0.0427537910940287,0.9572462089059712,0.0003254567119426,0.0002820061651872,0.0050668160376075,True,0,0,0,0.451525533588199,0,1,0,0,0.331346715220915,1,1,0,1,1,0,0,-0.0018018018018018183,0.004299754299754424,0.01068346699657796,0.002423249285625698,-19.103755810394873,14.019067063281247,71.6625716625693,True,0.6829082,0.5537484741111626,43.12341
2025-11-25 11:25:00,2025-11-25 11:50:00,1,547.45,548.6,pivot,1.1499999999999773,0.1328815,0.9171184999999772,28889.232749999283,1.0,2025-11-25,546.75,0.0,549.25,549.25,548.2,0.0,2025,0.0,1.0,1.0,1.0,1,11,1,11,547.45,547.7,546.5,1.5269455406236463,39.866503728683625,-0.4727807031177917,-0.169394538149595,-0.3033861649681967,549.0074999999999,552.0119309421881,546.0030690578118,547.6600000000001,547.885,549.0074999999999,547.2933333333333,550.1931886304801,-1.0,0.0008219928760616,1,0.0032879715042468,1,0.00374463421317,1,-0.0100465795963101,0,2025-11-25 11:25:00,-0.0012794737625567,-0.0028309228531254,152.3733186554055,0.1846519366084171,-0.6096548241714846,0.1846519366084171,0.8153480633915828,3.47152958538164e-05,5.7009502901212e-05,0.0021921966536953,True,64.17467014419299,0.1905086508836239,-0.6143757727155514,0.1905086508836239,0.8094913491163761,0.0003254567119426,0.0002820061651872,0.0050668160376075,True,0,0,0,0.3033861649681967,0,1,0,0,0.2407995008090365,1,0,1,0,1,0,0,-0.00284500867659127,0.00028617529759202037,0.010976092582658328,0.0027891963478375126,-12.09494567693564,9.59983419686861,103.5711023837742,True,0.5566295,0.523463494498638,43.12341
2025-11-26 11:30:00,2025-11-26 12:05:00,-1,554.8,554.75,pivot,0.0499999999999545,0.1332865,-0.18328650000004545,-5773.524750001432,1.0,2025-11-26,553.7,0.0,555.35,555.45,554.75,0.0,2025,0.0,1.0,1.0,1.0,1,11,2,11,554.8,554.85,553.45,1.0998490967032997,55.74102601619224,1.4423525583421224,1.7847623568640334,-0.342409798521911,554.1200000000001,557.6074813748119,550.6325186251884,554.78,555.145,554.1200000000001,548.935,552.234251764929,1.0,0.0007209805335255,1,0.0005407354001441,1,-0.0009012256669069,0,-0.0024333093006489,0,2025-11-26 11:30:00,-0.0019846646117548,-0.0031555721988098,83.2942934668263,0.1024066963095624,-0.9313371185082552,0.1024066963095624,0.8975933036904375,3.47152958538164e-05,5.7009502901212e-05,0.0021921966536953,True,57.47165237962436,0.1706053582114879,-0.6784494125072363,0.1706053582114879,0.8293946417885121,0.0003254567119426,0.0002820061651872,0.0050668160376075,True,0,0,0,0.342409798521911,1,1,1,0,0.5974915600856137,1,1,1,0,1,0,0,0.0012256669069932162,0.010571377072819051,0.012572030911361755,0.0019824244713469714,-19.086273487608985,33.30479259518748,17.03316510453915,True,0.6000073,0.5516181510591383,43.12341
2025-11-26 14:15:00,2025-11-26 15:45:00,-1,557.45,559.75,eod,-2.2999999999999545,0.133516,-2.533515999999955,-79805.75399999857,1.0,2025-11-26,558.3,0.0,559.75,559.75,559.75,0.0,2025,0.0,1.0,1.0,1.0,0,14,2,11,557.45,558.3,557.3,0.774626491487094,67.58440398391103,0.570201753437118,0.4758448529743844,0.0943569004627336,556.4625,557.8560471676158,555.0689528323842,556.97,556.505,556.4625,554.62,555.5178502011628,1.0,-0.002152659431339,0,-0.0029599067180912,0,-0.0023320477172839,0,-0.0178491344515201,0,2025-11-26 14:15:00,0.0015236391027341,0.0032292816007152,132.92113158182528,0.8306966695666549,0.5812073342223572,0.8306966695666549,0.1693033304333451,-2.7736054851501576e-05,9.92837065721686e-06,0.0026044246914093,True,66.30573721877359,0.7909234281366425,0.5396239089654982,0.7909234281366425,0.2090765718633574,8.34662377360985e-05,5.330877291231664e-05,0.0058855302276941,True,0,0,1,0.0943569004627336,1,1,1,1,0.854311652647385,1,1,0,1,1,0,0,0.0017714593237062842,0.00507668849224153,0.004999720755640122,0.0013895891855540297,6.377054879543069,57.73814386068354,-93.2370616198728,True,0.63298136,0.5586564762898973,51.13519
2025-11-27 11:40:00,2025-11-27 13:35:00,1,566.25,562.9,pivot,-3.3500000000000227,0.1338745,-3.583874500000023,-112892.04675000072,1.0,2025-11-27,565.0,0.0,564.2,564.35,562.9,0.0,2025,0.0,1.0,1.0,1.0,0,11,3,11,566.25,566.3,564.85,1.172372239594814,41.347629298173686,0.1126810021617075,0.6044810659941755,-0.491800063832468,567.72,570.3719903199601,565.06800968004,566.7,566.765,567.72,563.7608333333334,565.9329511639102,-1.0,-0.0020309050772626,0,-0.0069757174392936,0,-0.0063576158940397,0,-0.0067991169977925,0,2025-11-27 11:40:00,-0.0022099456508028,-0.0036217521148984,77.40048953531492,0.1024117375227024,-0.8523471724033002,0.1024117375227024,0.8975882624772976,-2.7736054851501576e-05,9.92837065721686e-06,0.0026044246914093,True,56.02010604396516,0.1690522681774879,-0.6244230758543905,0.1690522681774879,0.830947731822512,8.34662377360985e-05,5.330877291231664e-05,0.0058855302276941,True,0,0,0,0.491800063832468,0,1,0,0,0.22284966710923812,1,1,1,0,1,0,0,-0.0025960264900662736,0.004395879323031558,0.009366853227232063,0.0020704145511608193,-20.334766728163043,9.214305424854187,-219.7350993377484,True,0.6000073,0.5441852644011361,43.12341
2025-11-27 13:35:00,2025-11-27 13:45:00,1,562.9,563.5,pivot,0.6000000000000227,0.133792,0.36620800000002274,11535.552000000716,1.0,2025-11-27,564.2,0.0,563.75,563.9,562.95,0.0,2025,0.0,1.0,1.0,1.0,1,13,3,11,562.9,564.35,562.9,1.1005100554295897,53.82613758862605,-0.6219538792649928,-0.8489269817946001,0.2269731025296073,562.8025,564.2283792388921,561.3766207611079,562.6299999999999,562.5550000000001,562.8025,565.6308333333333,564.6425604914344,-1.0,0.0010659086871558,1,0.0007994315153669,1,0.000532954343578,1,0.0002664771717889,1,2025-11-27 13:35:00,0.002306806097915,0.0039959206036199,68.2344475102218,0.9069326524534884,0.8819136659370971,0.9069326524534884,0.0930673475465115,-2.7736054851501576e-05,9.92837065721686e-06,0.0026044246914093,True,52.48668486245408,0.8364309021499512,0.6698821819240354,0.8364309021499512,0.1635690978500488,8.34662377360985e-05,5.330877291231664e-05,0.0058855302276941,True,0,0,1,0.22697310252960734,1,0,1,1,0.5341894311034803,1,0,0,1,1,0,0,0.000173210161662761,-0.004851364955290982,0.005066190225233945,0.0019550720473078516,12.21708544567597,28.753353816965802,25.18209273405735,True,0.6412103,0.5281206012413506,43.002148
2025-12-01 14:05:00,2025-12-01 14:15:00,-1,555.1,552.6,pivot,2.5,0.133231,2.266769,71403.22350000001,1.0,2025-12-01,553.65,0.0,551.4,553.05,551.3,0.0,2025,0.0,1.0,1.0,1.0,1,14,0,12,555.1,555.2,553.45,0.9749451404549866,38.68224626183167,0.0483641988746512,0.2680796482958351,-0.2197154494211838,555.41,557.129424635363,553.690575364637,555.03,555.54,555.41,554.4975,556.0167330307648,-1.0,0.0044136191677176,1,0.003242658980364,1,0.0019816249324446,1,-0.0056746532156367,0,2025-12-01 14:05:00,-0.0025254816345388,-0.0035158927360714,60.13362952983356,0.0806472576483234,-0.9735009860562076,0.0806472576483234,0.9193527423516766,-2.7736054851501576e-05,9.92837065721686e-06,0.0026044246914093,True,57.97472133312087,0.1751459633181775,-0.6064366965934621,0.1751459633181775,0.8248540366818224,8.34662377360985e-05,5.330877291231664e-05,0.0058855302276941,True,0,0,0,0.21971544942118387,0,1,1,0,0.40985356565671766,1,0,0,1,1,0,0,-0.0005584579355070175,0.0010853900198163886,0.006195008594354162,0.0017563414528102802,-8.499087122039253,15.854056558022949,102.143757881466,True,0.6095642,0.5500547320236453,43.12341
2025-12-01 14:15:00,2025-12-01 14:55:00,-1,552.6,553.45,pivot,-0.8500000000000227,0.1331815,-1.0831815000000227,-34120.217250000715,1.0,2025-12-01,551.4,0.0,554.0,554.1,553.05,0.0,2025,0.0,1.0,1.0,1.0,0,14,0,12,552.6,553.05,551.3,1.045233309882109,28.67797475213179,-0.4229080287002489,0.0612297387169997,-0.4841377674172487,555.2475000000001,557.8020573358091,552.692942664191,553.5699999999999,554.685,555.2475000000001,554.365,555.2870465365654,-1.0,0.0014477017734347,1,-0.0007238508867172,0,-0.0016286644951139,0,-0.01085776330076,0,2025-12-01 14:15:00,-0.002264391167268,-0.0074981154403213,74.03713882999847,0.0982516092330601,-0.8732521794264758,0.0982516092330601,0.90174839076694,-2.7736054851501576e-05,9.92837065721686e-06,0.0026044246914093,True,13.165938090393272,0.0514746099508279,-1.2830490917709945,0.0514746099508279,0.948525390049172,8.34662377360985e-05,5.330877291231664e-05,0.0058855302276941,True,1,0,0,0.4841377674172486,0,0,0,0,-0.018191540054351397,1,0,0,1,1,0,0,-0.004790988056460435,-0.0031939920376402213,0.009245592963478185,0.0018914826454616521,-13.88409067054531,-0.5216965263810835,-22.801302931591803,True,0.6868234,0.5667575053098488,43.12341
2025-12-04 10:55:00,2025-12-04 11:00:00,1,565.4,564.6,pivot,-0.7999999999999545,0.1339,-1.0338999999999545,-32567.84999999857,1.0,2025-12-04,564.6,0.0,564.3,564.6,564.05,0.0,2025,0.0,1.0,1.0,1.0,0,10,3,12,565.4,565.45,564.5,1.138866382645106,35.550129494195886,-0.8828546859202788,-1.093485695970804,0.2106310100505251,565.7675,567.5827207417182,563.9522792582819,566.1700000000001,565.79,565.7675,569.9350000000001,568.4367208895143,-1.0,-0.0019455252918288,0,-0.0030951538733639,0,-0.0022992571630703,0,-0.0007074637424831,0,2025-12-04 10:55:00,-0.0014159294401009,-0.0036243133595683,147.87537964272514,0.1900450116943514,-0.5474751546709443,0.1900450116943514,0.8099549883056485,-2.7736054851501576e-05,9.92837065721686e-06,0.0026044246914093,True,55.973197556386125,0.1689075960666698,-0.624858252392587,0.1689075960666698,0.8310924039333302,8.34662377360985e-05,5.330877291231664e-05,0.0058855302276941,True,0,0,1,0.2106310100505251,0,0,0,0,0.39877264192887585,1,0,1,0,1,0,0,-0.0006499823134065505,-0.0080208701804034,0.006421014296845142,0.0020142666831360206,7.487959682789442,14.176419059314144,-97.49734701096286,True,0.58555055,0.526101392911421,43.12341
2025-12-09 13:05:00,2025-12-09 15:25:00,1,584.5,585.65,pivot,1.1499999999999773,0.1351045,0.9148954999999773,28819.208249999287,1.0,2025-12-09,585.35,0.0,585.3,585.9,585.3,0.0,2025,0.0,1.0,1.0,1.0,1,13,1,12,584.5,585.45,584.3,0.782294689052825,59.51528822840154,-0.0760225079860674,-0.3038755926621245,0.227853084676057,583.985,585.1051973633982,582.8648026366018,584.55,583.955,583.985,585.3258333333334,585.310498899008,1.0,0.0010265183917878,1,0.001710863986313,1,0.00196749358426,1,0.0020530367835757,1,2025-12-09 13:05:00,0.0015387248719021,0.0029941422770507,126.31541797807895,0.8454221462308968,0.6096725322380698,0.8454221462308968,0.1545778537691031,-4.435571977578379e-05,-1.441525542229787e-05,0.0025474989362289,True,67.73947911112325,0.7966576038734056,0.5372139276090276,0.7966576038734056,0.2033423961265944,-4.339193908291513e-05,-7.416485894783928e-05,0.0057115182207853,True,0,0,1,0.22785308467605708,1,0,0,1,0.7298702071738864,1,0,0,1,1,0,0,0.0008810949529512171,-0.0014128885086970658,0.003833010653201825,0.0013383998101844739,13.560742008225914,43.43843574927699,53.8922155688595,True,0.63298136,0.5586564762898973,81.36537
2025-12-11 10:55:00,2025-12-11 11:00:00,-1,589.05,588.15,pivot,0.8999999999999773,0.135316,0.6646839999999773,20937.545999999285,1.0,2025-12-11,588.15,0.0,588.0,588.55,587.85,0.0,2025,0.0,1.0,1.0,1.0,1,10,3,12,589.05,589.15,588.1,0.9836085146108317,43.45775046756154,0.2200048678880648,0.4359170796347272,-0.2159122117466624,589.4825,590.742940619265,588.2220593807349,589.2699999999999,589.4350000000001,589.4825,587.9916666666667,587.3517853052219,1.0,0.0017825311942958,1,0.0037348272642389,1,0.0088277735336557,1,0.0135811900517782,1,2025-12-11 10:55:00,-0.0015290522856779,-0.0029710136025791,134.40184444660926,0.1667318181018416,-0.5945584544572032,0.1667318181018416,0.8332681818981584,-4.435571977578379e-05,-1.441525542229787e-05,0.0025474989362289,True,70.02361565045857,0.1999721509865726,-0.5071941700350616,0.1999721509865726,0.8000278490134274,-4.339193908291513e-05,-7.416485894783928e-05,0.0057115182207853,True,0,0,0,0.2159122117466624,0,1,0,0,0.3284330124761512,1,1,1,0,1,0,0,-0.0007342330871742714,0.0017966782672664127,0.004279570899805004,0.0016698217716846306,-9.383059020985764,14.272959901498105,117.64705882352534,True,0.5541235,0.5474035484558422,44.77826
2025-12-15 12:05:00,2025-12-15 13:10:00,-1,577.5,576.85,pivot,0.6499999999999773,0.1346305,0.41536949999997724,13084.139249999283,1.0,2025-12-15,576.1,0.0,575.95,577.1,575.85,0.0,2025,0.0,1.0,1.0,1.0,1,12,0,12,577.5,577.55,575.85,1.0133173704919254,37.496165383914615,0.0531452756599719,0.1682490669242933,-0.1151037912643214,577.7475,579.6321959898927,575.8628040101072,577.76,578.265,577.7475,578.505,577.8639649785569,-1.0,0.0039826839826839,1,0.0026839826839826,1,0.0020779220779221,1,-0.0018181818181817,0,2025-12-15 12:05:00,-0.0024271856576111,-0.0050212208346578,62.701661538942105,0.0820011444116126,-0.947113409107246,0.0820011444116126,0.9179988555883872,-4.435571977578379e-05,-1.441525542229787e-05,0.0025474989362289,True,32.33525847331721,0.0982106615021398,-0.8661542841107742,0.0982106615021398,0.90178933849786,-4.339193908291513e-05,-7.416485894783928e-05,0.0057115182207853,True,0,0,0,0.11510379126432141,0,0,0,0,0.4343395430013013,1,0,0,1,1,0,0,-0.00042857142857133406,-0.0017402597402597323,0.006527085679282244,0.0017546621134059315,-4.315950793562581,16.286067337150687,84.54545454545189,True,0.61200887,0.5244278079683198,43.12341
2025-12-19 13:40:00,2025-12-19 13:45:00,-1,571.0,570.55,pivot,0.4500000000000455,0.1342465,0.21575350000004545,6796.235250001431,1.0,2025-12-19,570.6,0.0,571.75,571.85,570.55,0.0,2025,0.0,1.0,1.0,1.0,0,13,4,12,571.0,571.2,570.35,1.0303370755435173,47.8199710855883,0.4535352242334056,0.6357595807452701,-0.1822243565118644,571.2325,573.3424451289582,569.1225548710418,571.25,571.8349999999999,571.2325,570.1383333333334,570.5417435232575,1.0,-0.0013134851138353,0,-0.0001751313485114,0,-0.0021891418563922,0,0.0010507880910683,1,2025-12-19 13:40:00,-0.0007883327172163,-0.003498953884615,256.71726418685734,0.2691992798702232,-0.3533425009903428,0.2691992798702232,0.7308007201297768,-3.277006100385237e-05,4.347070348608671e-07,0.0022323027149024,True,52.72277650710275,0.1293997284500662,-0.7133598234713006,0.1293997284500662,0.8706002715499337,1.541960076953456e-05,5.509792461292823e-06,0.0049126171137914,True,0,0,0,0.18222435651186447,0,1,0,0,0.44490378048012147,1,1,0,1,1,0,0,-0.00040718038528889507,0.0015090484530062437,0.007390350714389499,0.0018044432146121143,-8.713963459487289,21.275285918428334,-5.5166374781091,True,0.55094904,0.5228771725173702,43.12341
2026-01-07 12:45:00,2026-01-07 12:50:00,-1,668.25,666.1,pivot,2.1499999999999773,0.1400305,1.9099694999999774,60164.03924999929,1.0,2026-01-07,666.1,0.0,664.95,666.7,664.85,0.0,2026,0.0,1.0,1.0,1.0,1,12,2,1,668.25,668.6,666.1,1.7355693314893714,37.85587631601612,0.1813256774789806,0.8143532501475909,-0.6330275726686102,670.0375,672.8397312605614,667.2352687394387,668.74,669.9399999999999,670.0375,667.1791666666667,667.4139274015764,-1.0,0.0049382716049382,1,0.0136924803591469,1,0.0127197904975682,1,0.0084549195660306,1,2026-01-07 12:45:00,-0.0031477205035224,-0.0079997436080506,8.283509057297561,0.0107976205240727,-2.069886758770928,0.0107976205240727,0.9892023794759272,3.2200489526989616e-07,7.753894680822606e-05,0.0015581815945553,True,3.11054739072019,0.0131906953146738,-2.435340124517397,0.0131906953146738,0.986809304685326,0.0001689013683655,0.0003845706592063,0.0034427693211511,True,0,0,0,0.6330275726686103,0,1,0,0,0.1810577297531944,1,1,0,1,1,0,0,-0.0026748971193415977,0.0016024441950367762,0.008386775190606422,0.0025971856812411096,-23.963813495570815,6.854099023595599,431.3131313131273,True,0.721071,0.5661441757839738,45.98254
2026-01-07 13:15:00,2026-01-07 13:50:00,1,659.0,659.85,pivot,0.8500000000000227,0.1395655,0.6104345000000229,19228.68675000072,1.0,2026-01-07,657.5,0.0,659.6,661.05,659.6,0.0,2026,0.0,1.0,0.0,0.0,1,13,2,1,659.0,659.4,657.45,2.1542439559830675,23.078036873120467,-2.5343553690977387,-1.068569863711013,-1.4657855053867257,667.1375,677.1226402770884,657.1523597229117,659.37,663.37,667.1375,667.3375,665.1878702056462,-1.0,-0.0030349013657056,0,0.0021244309559938,1,0.0034142640364188,1,0.0030349013657056,1,2026-01-07 13:15:00,-0.0024305040067546,-0.0112670858072526,24.524592174441924,0.0219128712203789,-1.6095960588461726,0.0219128712203789,0.9780871287796212,3.2200489526989616e-07,7.753894680822606e-05,0.0015581815945553,True,1.901458950349986,0.0053795545019619,-3.384384888896068,0.0053795545019619,0.994620445498038,0.0001689013683655,0.0003845706592063,0.0034427693211511,True,1,0,0,1.4657855053867257,0,0,0,0,0.0925194952607658,1,0,0,1,0,1,0,-0.012348254931714788,-0.012651745068285246,0.03030391586369761,0.003268958962038039,-33.827451941400376,2.1351683231104475,66.9195751138047,True,0.71061033,0.5685561788822636,47.210495
2026-01-07 15:05:00,2026-01-07 15:45:00,-1,661.95,664.7,eod,-2.75,0.1397995,-2.9897995,-94178.68425,1.0,2026-01-07,663.7,0.0,664.7,664.7,664.7,0.0,2026,0.0,1.0,1.0,2.0,0,15,2,1,661.95,663.75,661.55,1.9097283576114703,56.60892488890034,-0.3744092645144974,-0.8309506691077021,0.4565414045932047,661.0625,663.4869098652167,658.6380901347833,661.45,661.825,661.0625,665.1666666666666,663.8165831850815,-1.0,-0.0037011858901728,0,-0.0046831331671575,0,-0.0008308784651408,0,-0.0176750509857238,0,2026-01-07 15:05:00,0.0026402157682134,0.0024891583661136,28.015068796011324,0.9731598744728144,1.64465863950635,0.9731598744728144,0.0268401255271856,3.2200489526989616e-07,7.753894680822606e-05,0.0015581815945553,True,87.31957320570352,0.8131123476598787,0.6113066286426527,0.8131123476598787,0.1868876523401212,0.0001689013683655,0.0003845706592063,0.0034427693211511,True,0,0,1,0.4565414045932047,1,0,1,1,0.6830342329350141,1,0,0,0,1,0,0,0.0013407357051137478,-0.004859380114308608,0.007325054355213283,0.0028850039392876656,25.844318081289785,38.66583358876587,-147.51869476546128,True,0.61411124,0.5480924769136025,51.16358
2026-01-08 11:10:00,2026-01-08 11:50:00,1,674.5,671.5,pivot,-3.0,0.14038,-3.24038,-102071.97,1.0,2026-01-08,673.2,0.0,668.95,671.6,668.75,0.0,2026,0.0,1.0,1.0,1.0,0,11,3,1,674.5,674.7,672.5,2.011972462279398,52.96173836248849,2.1907347394183034,2.830549636760414,-0.6398148973421107,674.8275,678.8697082339525,670.7852917660475,675.0000000000001,675.74,674.8275,666.1016666666667,671.2069849970204,1.0,-0.0011860637509265,0,-0.0034099332839139,0,-0.00763528539659,0,-0.0073387694588584,0,2026-01-08 11:10:00,-0.0019292133311595,-0.0057026631121819,57.24376471434489,0.0414959645851787,-1.287880876644835,0.0414959645851787,0.9585040354148212,3.2200489526989616e-07,7.753894680822606e-05,0.0015581815945553,True,11.922432547874225,0.0270830150724646,-1.7681213010672716,0.0270830150724646,0.9729169849275354,0.0001689013683655,0.0003845706592063,0.0034427693211511,True,0,0,0,0.6398148973421107,0,1,0,0,0.45948996426641814,1,1,1,0,1,0,0,-0.00048554484803556167,0.012451198418581635,0.011985791649970245,0.0029829095067151934,-33.8857091934553,24.335387267667222,-107.41289844328786,True,0.7001209,0.575189587590828,43.55989
2026-01-08 11:50:00,2026-01-08 12:20:00,-1,671.5,670.45,pivot,1.0499999999999543,0.1402585,0.8097414999999544,25506.857249998564,1.0,2026-01-08,668.95,0.0,669.7,670.65,668.65,0.0,2026,0.0,1.0,1.0,1.0,1,11,3,1,671.5,671.6,668.75,1.8863379572909087,36.44513675772766,0.1937661979935683,1.2091155887503444,-1.015349390756776,674.4825,679.058671122613,669.906328877387,671.44,672.6500000000001,674.4825,667.9233333333333,671.2069849970204,-1.0,0.0021593447505585,1,0.0015636634400595,1,0.0047654504839911,1,0.0046165301563663,1,2026-01-08 11:50:00,-0.0037302341075559,-0.0077433191604551,3.7745089519938544,0.0077803130434763,-2.4437286819902617,0.0077803130434763,0.9922196869565236,3.2200489526989616e-07,7.753894680822606e-05,0.0015581815945553,True,3.339265013195316,0.0140233760262409,-2.360858094594529,0.0140233760262409,0.9859766239737592,0.0001689013683655,0.0003845706592063,0.0034427693211511,True,0,0,0,1.015349390756776,0,1,1,0,0.1741271337885476,1,1,1,0,1,0,0,-0.004441548771407236,0.005326383718044245,0.013629698056926298,0.0028091406661070865,-37.004547403006164,6.346087204154759,49.25539836187425,True,0.70779836,0.5676474437578299,47.24089
2026-01-12 15:10:00,2026-01-12 15:45:00,1,672.25,674.05,eod,1.7999999999999543,0.140389,1.5596109999999546,49127.74649999857,1.0,2026-01-12,673.3,0.0,674.05,674.05,674.05,0.0,2026,0.0,1.0,1.0,1.0,1,15,0,1,672.25,673.55,672.25,1.4937430101938425,54.514073894737095,-0.8520963054992308,-1.1897404489731849,0.3376441434739541,671.7,676.0146018949127,667.3853981050873,671.4100000000001,670.225,671.7,674.6441666666667,671.1394053732625,1.0,0.0015619189289698,1,0.0026775753068054,1,0.0081814801041279,1,0.0105615470435106,1,2026-01-12 15:10:00,0.001560700402261,0.0101508559324717,110.6091205613078,0.9082134013921692,0.9518540461749228,0.9082134013921692,0.0917865986078306,3.2200489526989616e-07,7.753894680822606e-05,0.0015581815945553,True,3.145794039435102,0.993213094219815,2.836752730792797,0.993213094219815,0.006786905780185,0.0001689013683655,0.0003845706592063,0.0034427693211511,True,0,0,1,0.3376441434739541,1,0,1,1,0.563737050763415,1,1,0,0,1,0,0,0.0008181480104127252,-0.0035614230816908977,0.012836301658349418,0.0022220052215601973,18.406357787464348,30.73160324251796,84.34362216437009,True,0.6281844,0.5388244112388914,50.549973
2026-01-13 10:35:00,2026-01-13 10:45:00,-1,678.7,676.35,pivot,2.3500000000000227,0.1406515,2.109348500000023,66444.47775000072,1.0,2026-01-13,677.45,0.0,677.0,677.15,675.8,0.0,2026,0.0,1.0,1.0,1.0,1,10,1,1,678.7,678.85,676.9,1.7838415300178183,47.42294659450048,0.9283536709166356,1.3713956377351262,-0.4430419668184906,679.1925,681.8675848558827,676.5174151441173,679.08,679.615,679.1925,675.325,675.1776984126107,1.0,0.0034625018417563,1,0.00390452335347,1,0.0050832473847061,1,0.0034625018417563,1,2026-01-13 10:35:00,-0.0018434544172725,-0.003830575586322,65.56443003690849,0.0468197429140469,-1.2328430593669115,0.0468197429140469,0.9531802570859532,3.2200489526989616e-07,7.753894680822606e-05,0.0015581815945553,True,32.682897655860835,0.0656558340969059,-1.2243475679976772,0.0656558340969059,0.934344165903094,0.0001689013683655,0.0003845706592063,0.0034427693211511,True,0,0,0,0.4430419668184906,0,1,0,0,0.4079468453277454,1,1,1,0,1,0,0,-0.0007256519817297037,0.004972742006777663,0.007882967013062287,0.0026283210991864124,-21.010355531555735,19.346041459372618,122.992485634305,True,0.61296886,0.5433379045455201,43.12341
2026-01-14 10:40:00,2026-01-14 10:45:00,-1,682.85,680.8,pivot,2.050000000000068,0.1409095,1.8090905000000683,56986.35075000215,1.0,2026-01-14,680.85,0.0,679.8,681.25,679.6,0.0,2026,0.0,1.0,1.0,1.0,1,10,2,1,682.85,683.0,680.75,1.6209968528345593,38.903069614217344,0.4787232771016079,0.9519019537723824,-0.4731786766707746,683.9775000000001,687.1325252376076,680.8224747623925,683.6999999999999,684.365,683.9775000000001,680.8725,680.6812604795487,1.0,0.0044665739181373,1,0.0046130189646334,1,0.0041736838251446,1,-0.0009518928022259,0,2026-01-14 10:40:00,-0.0028599733497011,-0.0060768206916409,17.661467567092263,0.0227011614784137,-1.7718025607703989,0.0227011614784137,0.9772988385215864,1.7021975472909176e-05,9.133063667772478e-05,0.0016657070328962,True,11.280355432749978,0.0351948790305398,-1.71588719178353,0.0351948790305398,0.96480512096946,0.0002675779276299,0.0004551977337615,0.0038067877985691,True,0,0,0,0.4731786766707745,0,1,0,0,0.3213168017548043,1,1,1,0,1,0,0,-0.0016511678992458879,0.0028959507944644903,0.009240756352368925,0.0023738695948371667,-18.408102998486385,12.500209906884827,145.3100973859521,True,0.7003492,0.542845881134027,43.55989
2026-01-14 10:45:00,2026-01-14 11:40:00,-1,680.8,680.7,pivot,0.099999999999909,0.140845,-0.14084500000009095,-4436.617500002865,1.0,2026-01-14,679.8,0.0,680.5,681.1,680.2,0.0,2026,0.0,1.0,1.0,1.0,1,10,2,1,680.8,681.25,679.6,1.623068506203518,35.52502413274665,0.121412876292652,0.7858041382764365,-0.6643912619837844,683.9350000000001,687.294996873031,680.5750031269691,682.78,683.8050000000001,683.9350000000001,680.9325,680.6812604795487,-1.0,0.0011750881316098,1,0.0011016451233842,1,0.0001468860164511,1,-0.0043331374853114,0,2026-01-14 10:45:00,-0.0015433803085687,-0.0067439047560228,108.67271257012688,0.0893332228797388,-0.9813916330797298,0.0893332228797388,0.9106667771202612,1.7021975472909176e-05,9.133063667772478e-05,0.0016657070328962,True,8.372833955824952,0.0286843693174359,-1.89112261326738,0.0286843693174359,0.971315630682564,0.0002675779276299,0.0004551977337615,0.0038067877985691,True,0,0,0,0.6643912619837845,0,0,0,0,0.03348170869395145,1,1,1,0,1,0,0,-0.004604876615746335,-0.00019462397179795832,0.009870731119362288,0.002384060673036895,-23.602515615559945,1.1894385093582187,34.701821386602305,True,0.6960831,0.5953546833271137,44.648087
2026-01-15 15:20:00,2026-01-15 15:45:00,-1,697.65,698.0,eod,-0.3500000000000227,0.1418695,-0.5918695000000228,-18643.889250000717,1.0,2026-01-15,698.8,0.0,698.0,698.0,698.0,0.0,2026,0.0,1.0,1.0,2.0,0,15,3,1,697.65,698.85,697.45,1.1831458356667734,76.69993993920833,1.8776652617935952,1.706672439274313,0.1709928225192825,694.8325000000001,699.065487627122,690.5995123728782,696.92,696.53,694.8325000000001,690.7616666666667,694.4803978491915,1.0,-0.0,0,-0.0090303160610622,0,-0.00487350390597,0,-0.0121120905898373,0,2026-01-15 15:20:00,0.0017187056651314,0.0032250001076676,98.86695841169708,0.9068649881028916,0.9769875472183752,0.9068649881028916,0.0931350118971084,1.7021975472909176e-05,9.133063667772478e-05,0.0016657070328962,True,65.30803904834742,0.8485117731449182,0.727595684463201,0.8485117731449182,0.1514882268550818,0.0002675779276299,0.0004551977337615,0.0038067877985691,True,0,1,1,0.17099282251928227,1,1,1,1,0.8328027681852146,0,1,0,0,1,0,0,0.004038558016197064,0.00987362335459517,0.012134989255706814,0.0016959017210159443,13.115139217264678,63.8759223010124,-284.4549559234593,True,0.6318173,0.5369585241776285,56.37327
2026-01-16 13:00:00,2026-01-16 13:40:00,-1,706.25,702.25,pivot,4.0,0.142255,3.757745,118368.9675,1.0,2026-01-16,704.95,0.0,703.15,703.65,701.8,0.0,2026,0.0,1.0,1.0,1.0,1,13,4,1,706.25,706.9,704.1,1.326372921454266,41.91034870645538,0.3323940597422279,0.7051013117938756,-0.3727072520516477,706.7825,708.3092009634676,705.2557990365325,706.34,706.995,706.7825,704.0125,704.1330625999823,1.0,0.0033274336283186,1,0.0034690265486726,1,0.0021946902654866,1,0.0048849557522124,1,2026-01-16 13:00:00,-0.0017716051829159,-0.0050937499595092,81.30090998102428,0.0675552630819108,-1.1184054475380634,0.0675552630819108,0.9324447369180892,1.7021975472909176e-05,9.133063667772478e-05,0.0016657070328962,True,18.47925066906386,0.0497018949145103,-1.4576456547844787,0.0497018949145103,0.9502981050854896,0.0002675779276299,0.0004551977337615,0.0038067877985691,True,0,0,0,0.3727072520516477,0,1,0,0,0.32560435450614317,1,1,0,1,1,0,0,-0.0007539823008849944,0.0031681415929202894,0.004323400958492129,0.0018780501542715272,-15.620290898909312,13.646192037692776,109.2743362831869,True,0.68417025,0.5449191090317974,43.12341
2026-01-26 10:30:00,2026-01-26 10:50:00,-1,723.6,721.65,pivot,1.9500000000000453,0.1433575,1.7066425000000454,53759.23875000143,1.0,2026-01-26,724.0,0.0,724.05,724.45,721.1,0.0,2026,0.0,1.0,1.0,1.0,0,10,0,1,723.6,724.65,723.25,2.14048926606514,40.935679420428535,-0.9083409063958924,-0.3239616717216537,-0.5843792346742388,727.6850000000001,732.6089586174114,722.7610413825887,724.38,726.0600000000001,727.6850000000001,727.2141666666666,725.5963612241696,-1.0,6.909894969605889e-05,1,-0.0011746821448314,0,-0.0024184632393587,0,-0.0002072968490878,0,2026-01-26 10:30:00,0.0006217402017146,-0.0053035906249535,287.303947754951,0.6884865334209115,0.2930177571499203,0.6884865334209115,0.3115134665790885,5.597183359867286e-05,0.0001058820997746,0.0017605011619692,True,18.279587296018587,0.0525150646343418,-1.4443189639604388,0.0525150646343418,0.947484935365658,0.0003633041779391,0.000528328674577,0.0040378333630259,True,0,0,0,0.5843792346742387,0,0,0,0,0.08519147728463063,1,0,1,0,1,0,0,-0.0056453841901603595,-0.004994702413856578,0.013609614752380757,0.0029581112024117465,-23.921961010580013,3.4873710034763588,-37.002487562189096,True,0.5475635,0.5269014745495733,43.12341
2026-01-28 11:25:00,2026-01-28 12:30:00,-1,757.5,753.15,pivot,4.350000000000023,0.1453195,4.104680500000022,129297.4357500007,1.0,2026-01-28,756.35,0.0,753.55,753.75,752.0,0.0,2026,0.0,1.0,1.0,1.0,1,11,2,1,757.5,758.2,756.3,2.064446840564402,49.01770661957335,1.3987806651700794,2.0736196734575936,-0.6748390082875142,758.2825,761.351920491492,755.213079508508,757.9,759.03,758.2825,750.6841666666666,755.7547530318707,1.0,0.0027722772277228,1,0.0033003300330033,1,0.0037623762376237,1,0.0046204620462046,1,2026-01-28 11:25:00,-0.0015193053753158,-0.0069172514689472,111.92095547832236,0.1029139157874358,-0.9231391095888948,0.1029139157874358,0.8970860842125642,5.597183359867286e-05,0.0001058820997746,0.0017605011619692,True,9.6336257419366,0.0310663089884198,-1.8439542878868287,0.0310663089884198,0.9689336910115802,0.0003633041779391,0.000528328674577,0.0040378333630259,True,0,0,0,0.6748390082875142,0,1,0,0,0.37253294193985353,1,1,1,0,1,0,0,-0.001033003300330069,0.008997799779978144,0.00810408050558943,0.0027253423637813886,-33.0790605236812,18.260710454134294,103.96039603960395,True,0.6869811,0.5713357661367059,44.648087
2026-01-28 13:30:00,2026-01-28 14:20:00,1,756.65,758.3,pivot,1.6499999999999773,0.1454485,1.404551499999977,44243.37224999928,1.0,2026-01-28,756.5,0.0,758.8,759.35,757.7,0.0,2026,0.0,1.0,1.0,1.0,1,13,2,1,756.65,757.85,756.15,1.8557654897397613,56.95584134217415,0.0012510666335856,-0.3265662240077752,0.3278172906413609,754.3375,756.5341182250964,752.1408817749035,755.03,754.505,754.3375,755.6141666666667,755.7547530318707,1.0,-0.0001321615013546,0,0.0005286460054185,1,0.002841472279125,1,0.0042952487940263,1,2026-01-28 13:30:00,-0.0002643404720653,0.0033101652204546,347.9248133981627,0.3842463476544209,-0.2102938525901441,0.3842463476544209,0.6157536523455791,5.597183359867286e-05,0.0001058820997746,0.0017605011619692,True,68.11384023614556,0.8294073969475767,0.6889428799490723,0.8294073969475767,0.1705926030524233,0.0003633041779391,0.000528328674577,0.0040378333630259,True,0,0,1,0.3278172906413608,1,1,1,1,1.0263773134492769,1,1,0,1,1,0,0,0.003056234718826406,0.0013689728848651872,0.0058061672506349625,0.002452607532861642,18.671109594990742,58.458183422023964,16.65234917068275,True,0.5192918,0.5356626161027679,74.64479
2026-01-30 10:40:00,2026-01-30 11:10:00,-1,777.8,775.2,pivot,2.599999999999909,0.14659,2.353409999999909,74132.41499999714,1.0,2026-01-30,776.35,0.0,772.15,775.35,771.35,0.0,2026,0.0,1.0,1.0,2.0,1,10,4,1,777.8,779.75,776.25,2.7967576459630425,52.46479497327692,3.2884921146541046,3.551490745230897,-0.2629986305767922,776.6899999999999,786.0851051111987,767.2948948888012,780.8,780.4799999999999,776.6899999999999,769.065,775.6129699425037,1.0,0.0053998457186936,1,0.0034070455129853,1,0.0152995628696322,1,0.0057212651067111,1,2026-01-30 10:40:00,-0.0018016863505676,-0.0071234057032895,82.63357285038775,0.0904965415696589,-1.0395493068893114,0.0904965415696589,0.9095034584303412,8.088249171274661e-05,0.0001316018704466,0.0018597369150284,True,11.33194618075506,0.0344886180724837,-1.8030731329668808,0.0344886180724837,0.9655113819275162,0.0004609224172761,0.0006586844466234,0.0043160147015822,True,0,0,0,0.2629986305767922,1,1,0,0,0.5590733146070351,0,1,1,0,1,0,0,0.001427102082797652,0.011230393417330805,0.024158151481611587,0.0035957285239946552,-13.798169231464001,29.331666825888444,107.32193365903696,True,0.6829082,0.5710137670926331,44.648087
2026-01-30 11:10:00,2026-01-30 11:35:00,-1,775.2,765.85,pivot,9.350000000000025,0.1462315,9.103768500000022,286768.7077500007,1.0,2026-01-30,772.15,0.0,767.5,770.05,765.6,0.0,2026,0.0,1.0,1.0,1.0,1,11,4,1,775.2,775.35,771.35,3.029921548466368,44.20440123693732,0.8552214861900893,2.069424215432048,-1.2142027292419586,777.735,784.7799011085709,770.6900988914291,774.6199999999999,776.765,777.735,769.9958333333333,775.6129699425037,-1.0,0.0050954592363261,1,0.0099329205366357,1,0.0010319917440661,1,0.007094943240454,1,2026-01-30 11:10:00,-0.0038777273433612,-0.0018761124700746,13.70108093210992,0.0188095571898629,-2.155858272967882,0.0188095571898629,0.9811904428101372,8.088249171274661e-05,0.0001316018704466,0.0018597369150284,True,86.91633055669114,0.2135727246657246,-0.5873003434786482,0.2135727246657246,0.7864272753342754,0.0004609224172761,0.0006586844466234,0.0043160147015822,True,0,0,0,1.2142027292419586,0,1,1,0,0.32008264126547803,1,0,1,0,1,0,0,-0.003270123839009247,0.006713321293429779,0.018175699454517316,0.003908567528981383,-53.673104626395904,14.149061503477862,312.88699690402456,True,0.5145766,0.5392566216587831,43.679874
2026-01-30 11:50:00,2026-01-30 12:40:00,1,768.85,769.1,pivot,0.25,0.1461385,0.003861500000000007,121.63725000000022,1.0,2026-01-30,770.6,0.0,770.9,771.3,768.7,0.0,2026,0.0,1.0,1.0,0.0,1,11,4,1,768.85,771.4,768.85,2.9351932176165287,46.63729590052764,-1.5339680261694184,-0.7482932433729657,-0.7856747827964528,773.9625,785.5570484035273,762.3679515964726,768.28,769.395,773.9625,770.6616666666667,774.6784981473551,-1.0,0.0056578006113026,1,0.0060479937569096,1,0.0026663198283149,1,0.0052676074656954,1,2026-01-30 11:50:00,0.0024036130713296,0.0054652055354064,61.10913445589747,0.9389382445054736,1.2216841976533956,0.9389382445054736,0.0610617554945264,8.088249171274661e-05,0.0001316018704466,0.0018597369150284,True,29.74704030534267,0.9101725327165135,1.1136479880434536,0.9101725327165135,0.0898274672834864,0.0004609224172761,0.0006586844466234,0.0043160147015822,True,0,0,0,0.7856747827964528,0,0,1,0,0.2795300074626194,1,0,1,0,1,0,0,-0.006649541523053852,-0.0023563330515272473,0.030160755423105597,0.003817640915154489,-36.64174732686095,13.036523671110881,190.5118033426524,True,0.651887,0.5568107163252541,56.37327
2026-01-30 15:25:00,2026-01-30 15:30:00,1,771.2,768.5,pivot,-2.700000000000045,0.146191,-2.946191000000045,-92805.01650000142,1.0,2026-01-30,768.5,0.0,772.15,772.4,768.4,0.0,2026,0.0,1.0,1.0,0.0,0,15,4,1,771.2,771.75,768.05,2.249961735423656,33.46150608731453,-0.4804287295440872,0.3606168351041957,-0.8410455646482828,775.2099999999999,779.6927857936048,770.727214206395,772.89,773.995,775.2099999999999,773.3841666666667,774.6784981473551,-1.0,0.0012318464730289,1,-0.0250259336099585,0,-0.012448132780083,0,-0.0206820539419087,0,2026-01-30 15:25:00,-0.0033126593250147,-0.0090029430268114,20.729955461094985,0.0286002263389664,-1.8520152864787056,0.0286002263389664,0.9713997736610336,8.088249171274661e-05,0.0001316018704466,0.0018597369150284,True,5.423468488322494,0.018457703891369,-2.238552957174347,0.018457703891369,0.9815422961086308,0.0004609224172761,0.0006586844466234,0.0043160147015822,True,0,0,0,0.8410455646482828,0,0,0,0,0.05273348040402387,1,0,0,0,1,0,0,-0.005199688796680338,-0.0028321663208852044,0.011625481829888163,0.0029174815034020436,-28.142651281187405,1.7645416755445262,-788.3169087136928,True,0.7159446,0.5645518963832129,43.55989
2026-02-03 11:00:00,2026-02-03 11:35:00,-1,762.8,762.15,pivot,0.6499999999999773,0.1457485,0.4042514999999771,12733.92224999928,1.0,2026-02-03,760.95,0.0,760.6,762.5,760.2,0.0,2026,0.0,1.0,1.0,1.0,1,11,1,2,762.8,762.8,760.0,2.7285659857229825,59.57840346392391,4.478174017098695,5.594437676930918,-1.1162636598322226,761.8599999999999,766.7083963758427,757.0116036241571,763.03,763.7349999999999,761.8599999999999,744.4891666666667,757.5174746968321,1.0,0.0047850026219192,1,0.0005899318300995,1,0.0016386995280545,1,-0.0036706869428422,0,2026-02-03 11:00:00,-0.0022971164893842,-0.0052428195325792,45.95332941448231,0.058987430359309,-1.305947276845732,0.058987430359309,0.9410125696406908,8.088249171274661e-05,0.0001316018704466,0.0018597369150284,True,20.38464905365051,0.0626677225285325,-1.3673502958734671,0.0626677225285325,0.9373322774714674,0.0004609224172761,0.0006586844466234,0.0043160147015822,True,0,0,0,1.1162636598322226,1,1,0,0,0.5969392688976118,1,1,1,0,1,0,0,0.0012323020450970825,0.024004763153294733,0.01271210376466375,0.003577039834455929,-66.50520669760047,35.56468860584169,18.58285264813425,True,0.6372037,0.5415096846112138,43.12341
2026-02-04 08:45:00,2026-02-04 10:25:00,-1,770.95,783.25,pivot,-12.299999999999956,0.146626,-12.546625999999954,-395218.7189999985,1.0,2026-02-04,771.4,0.0,783.1,784.6,782.25,0.0,2026,0.0,2.0,1.0,1.0,0,8,2,2,770.95,772.9,768.5,4.522428721816423,42.76810284717948,2.117227708024302,2.670939719759472,-0.5537120117351697,775.4,782.1522316036445,768.6477683963554,777.7299999999999,777.39,775.4,768.565,782.7239495861252,-1.0,-0.0008431156365522,0,-0.0114144886179388,0,-0.01154419871587,0,-0.0157597768986315,0,2026-02-04 08:45:00,-0.00723330459352,-0.0107021845414269,0.2521387960709074,0.0014656932202678,-3.960187274044616,0.0014656932202678,0.998534306779732,8.088249171274661e-05,0.0001316018704466,0.0018597369150284,True,3.357431662599081,0.0114183548603141,-2.6322591032615312,0.0114183548603141,0.9885816451396858,0.0004609224172761,0.0006586844466234,0.0043160147015822,True,0,0,0,0.5537120117351702,0,1,0,0,0.17047931252846582,1,0,0,0,1,0,0,-0.005772099357934927,0.003093585835657294,0.017516652451247245,0.005866046723933358,-23.681212265608387,7.291076771533879,-359.5563914650722,True,0.6988083,0.5338566356332777,62.551144
2026-02-04 12:20:00,2026-02-04 13:00:00,1,781.05,784.35,pivot,3.300000000000068,0.146962,3.0530380000000683,96170.69700000215,1.0,2026-02-04,784.2,0.0,785.6,785.65,782.5,0.0,2026,0.0,1.0,1.0,1.0,1,12,2,2,781.05,784.45,781.05,2.812927556878652,54.15971359905254,0.4578256558346538,0.8360750932295546,-0.3782494373949008,783.8275000000001,788.2642454938891,779.3907545061111,782.36,782.7,783.8275000000001,779.8108333333333,782.7239495861252,1.0,0.0048652455028488,1,0.0012803277639075,1,0.0039049996799181,1,0.0076819665834453,1,2026-02-04 12:20:00,0.0039609072419797,0.0033209891296583,9.458746191199063,0.9851938725994306,2.05905756915861,0.9851938725994306,0.0148061274005694,8.088249171274661e-05,0.0001316018704466,0.0018597369150284,True,70.13276860777307,0.8088391572017608,0.6168432841665052,0.8088391572017608,0.1911608427982392,0.0004609224172761,0.0006586844466234,0.0043160147015822,True,0,0,0,0.37824943739490086,0,1,0,0,0.1869890324083551,1,0,0,1,1,0,0,-0.0035561103642534355,0.0015865394874420584,0.01136097687443575,0.003601469248932401,-20.48588119831058,10.127272441400466,40.33032456308625,True,0.66174376,0.5359418021009769,51.27404
2026-02-05 12:55:00,2026-02-05 13:20:00,1,755.0,753.15,pivot,-1.8500000000000227,0.1452445,-2.0952445000000224,-66000.2017500007,1.0,2026-02-05,753.3,0.0,753.35,754.75,752.75,0.0,2026,0.0,1.0,1.0,0.0,0,12,3,2,755.0,755.2,753.2,2.735851809087876,28.77626233754242,-3.5499281594817376,-3.4917713189871584,-0.0581568404945791,759.4350000000001,766.1839648365028,752.6860351634973,755.81,757.39,759.4350000000001,770.0525,762.0623081715518,-1.0,0.0025827814569537,1,-0.0021854304635761,0,0.009205298013245,1,0.0062913907284768,1,2026-02-05 12:55:00,-0.0022541944173757,-0.0060878959863344,48.45283202792491,0.0610316339913551,-1.2828676295786032,0.0610316339913551,0.9389683660086448,8.088249171274661e-05,0.0001316018704466,0.0018597369150284,True,14.819221560900823,0.0478812845470838,-1.5631504754802246,0.0478812845470838,0.9521187154529162,0.0004609224172761,0.0006586844466234,0.0043160147015822,True,1,0,0,0.05815684049457914,0,0,0,0,0.17143109295719536,1,0,0,1,1,0,0,-0.005874172185430542,-0.019937086092715245,0.017878052547027155,0.0036236447802488426,-1.6735364987946184,4.933146103747874,-68.84105960264715,True,0.7058331,0.5654971254389045,43.12341
2026-02-06 11:35:00,2026-02-06 12:15:00,1,749.8,743.65,pivot,-6.149999999999977,0.1448035,-6.394803499999977,-201436.31024999928,1.0,2026-02-06,751.45,0.0,743.55,745.4,743.1,0.0,2026,0.0,1.0,2.0,2.0,0,11,4,2,749.8,751.8,749.7,3.839725640783369,69.11484005152909,3.7720360120691794,1.6453115145249484,2.126724497544231,738.1525,754.9517629864604,721.3532370135397,748.45,745.55,738.1525,743.3108333333333,739.9666169027005,1.0,0.0004667911443051,1,-0.0049346492397971,0,-0.0068684982662042,0,-0.0057348626300346,0,2026-02-06 11:35:00,0.0022648557509849,0.0058725560830095,70.1866861294973,0.9298499546987976,1.1470729345099744,0.9298499546987976,0.0701500453012022,8.088249171274661e-05,0.0001316018704466,0.0018597369150284,True,25.22631967144197,0.921321600834158,1.2080291650708876,0.921321600834158,0.0786783991658419,0.0004609224172761,0.0006586844466234,0.0043160147015822,True,0,0,1,2.126724497544231,1,1,1,1,0.8466669939445386,0,1,1,0,0,0,0,0.01553414243798336,0.008654530096914671,0.04480998395961683,0.005120999787654534,146.9882234814381,58.51725386338573,-155.44145105360866,True,0.65148085,0.5543693845278397,48.861954
2026-02-09 12:45:00,2026-02-09 13:10:00,-1,782.3,780.65,pivot,1.6499999999999773,0.1468885,1.4031114999999774,44198.01224999929,1.0,2026-02-09,781.5,0.0,780.15,780.9,779.8,0.0,2026,0.0,1.0,1.0,1.0,1,12,0,2,782.3,782.7,781.2,2.128528760398664,50.63278599630442,0.5848707324616953,1.0645131881502965,-0.4796424556886012,782.625,785.45723921986,779.79276078014,781.7700000000001,781.7850000000001,782.625,776.2708333333334,777.8222941327466,1.0,0.0007669691934039,1,0.0027483062763645,1,0.0067109804422855,1,0.0007030550939536,1,2026-02-09 12:45:00,-0.0011509688590763,-0.0021729413547693,163.0550070964029,0.2368213415127441,-0.4643409929999343,0.2368213415127441,0.7631786584872559,7.040225456498499e-05,6.31468626621451e-05,0.0026147071657285,True,69.10766001650458,0.2643660596074865,-0.4162474841825994,0.2643660596074865,0.7356339403925134,0.0004405271803491,0.0003223725421186,0.0059947843331429,True,0,0,0,0.4796424556886012,0,1,1,1,0.44262490298822366,1,1,0,1,1,0,0,-0.00041544164642726,0.0077069751587199075,0.0072408007666111655,0.0027208599775005293,-24.28563381362287,22.411331989637734,86.57164770548175,True,0.5288012,0.5307027709111446,50.80052
2026-02-10 10:30:00,2026-02-10 11:15:00,-1,783.3,786.25,pivot,-2.950000000000045,0.1470865,-3.1970865000000455,-100708.22475000143,1.0,2026-02-10,780.65,0.0,785.7,786.5,784.8,0.0,2026,0.0,1.0,1.0,1.0,0,10,1,2,783.3,783.35,780.45,2.4522523814137127,35.79655122523522,0.1607042078625227,0.9782763648855122,-0.8175721570229895,787.0,791.5388382525917,782.4611617474083,785.1199999999999,786.355,787.0,783.0266666666666,782.6453877952671,-1.0,-0.0026171326439423,0,-0.0035107876930933,0,-0.0026171326439423,0,-0.0017873100983021,0,2026-02-10 10:30:00,-0.0033888583856635,-0.0094346336340207,33.57615848353357,0.0513858996696725,-1.320226331105751,0.0513858996696725,0.9486141003303274,7.040225456498499e-05,6.31468626621451e-05,0.0026147071657285,True,10.742665996655164,0.0352315905810788,-1.6275825173887437,0.0352315905810788,0.9647684094189212,0.0004405271803491,0.0003223725421186,0.0059947843331429,True,0,0,0,0.8175721570229895,0,1,0,0,0.09240671355855326,1,1,1,0,1,0,0,-0.004723605259798347,0.00034895101919227896,0.011589016347738403,0.0031306681749185663,-29.266263599199494,3.3078416554543897,-110.58981233243894,True,0.7001209,0.5708142286708797,43.12341
2026-02-20 10:50:00,2026-02-20 11:35:00,1,849.65,851.85,pivot,2.200000000000045,0.151045,1.9489550000000457,61392.08250000144,1.0,2026-02-20,852.1,0.0,851.65,852.35,851.15,0.0,2026,0.0,1.0,1.0,1.0,1,10,4,2,849.65,852.95,849.2,2.194559208098482,68.15639660349453,2.201351829171813,2.135221915407851,0.0661299137639619,847.7625,852.9537755815278,842.5712244184723,850.5300000000001,849.585,847.7625,842.1591666666667,844.959182858502,1.0,0.0024127581945507,1,0.0002942388042134,1,0.0020596716294944,1,0.0039427999764609,1,2026-02-20 10:50:00,0.0028793908537958,0.0042927354150752,50.10166641288222,0.931467778863268,0.9686337746495208,0.931467778863268,0.068532221136732,6.165451679249326e-05,0.0001068310675458,0.0028623406067511,True,53.03164806089247,0.8230751579448512,0.5843691416980505,0.8230751579448512,0.1769248420551488,0.0004080057368871,0.0005336632815996,0.0064327012931459,True,0,0,1,0.06612991376396193,1,1,0,1,0.6817953959828555,1,1,1,0,1,0,0,0.002221502971811842,0.00881637537025044,0.012219797755611718,0.0025828979086664886,4.50717662985148,46.4687174110441,9.2685223327221,True,0.6463684,0.5773221754837546,47.17775
2026-02-23 12:20:00,2026-02-23 12:30:00,-1,865.1,863.05,pivot,2.050000000000068,0.1518445,1.7981555000000684,56641.89825000215,1.0,2026-02-23,863.1,0.0,862.85,863.55,861.65,0.0,2026,0.0,1.0,1.0,0.0,1,12,0,2,865.1,865.15,862.9,2.208684480344536,34.67174552277706,-0.7820040761678229,-0.224454650244836,-0.5575494259229867,868.2525000000002,873.1041383621528,863.4008616378476,867.3700000000001,868.7199999999999,868.2525000000002,867.9475,868.1877475782809,-1.0,0.0023118714599468,1,0.0031788232574268,1,-0.0011559357299734,0,0.0019072939544561,1,2026-02-23 12:20:00,-0.0022567495039193,-0.0076177653701075,74.17019510184738,0.1041743089953007,-0.8257509836147671,0.1041743089953007,0.8958256910046993,6.165451679249326e-05,0.0001068310675458,0.0028623406067511,True,16.05793210682959,0.0557957497282894,-1.2671859426136536,0.0557957497282894,0.9442042502717104,0.0004080057368871,0.0005336632815996,0.0064327012931459,True,0,0,0,0.5575494259229868,0,0,0,0,0.17510975008023497,1,0,0,1,1,0,0,-0.003644087388741354,-0.003291526991099258,0.011216364263443728,0.0025530973070680106,-19.331211811972235,6.071360693338996,100.13293260894419,True,0.67878467,0.5643060966125653,43.12341
2026-02-23 13:35:00,2026-02-23 14:35:00,-1,863.7,861.6,pivot,2.1000000000000227,0.151759,1.848241000000023,58219.59150000072,1.0,2026-02-23,862.95,0.0,862.85,862.95,860.7,0.0,2026,0.0,1.0,1.0,1.0,1,13,0,2,863.7,863.8,861.9,1.9217371848963527,39.77898830310344,-1.1126461045707856,-1.1465318684409158,0.0338857638701302,864.82,869.5369794144938,860.1030205855063,864.0799999999999,864.4449999999999,864.82,869.075,868.1877475782809,-1.0,0.0010999189533403,1,0.0002894523561421,1,0.0027208521477365,1,-0.0010420284821118,0,2026-02-23 13:35:00,-0.0009266231044674,-0.0036436233595869,188.97034174266864,0.2752795763952653,-0.361052129706651,0.2752795763952653,0.7247204236047347,6.165451679249326e-05,0.0001068310675458,0.0028623406067511,True,48.9072273184541,0.1713474143933072,-0.6493829653861648,0.1713474143933072,0.8286525856066927,0.0004080057368871,0.0005336632815996,0.0064327012931459,True,0,0,1,0.0338857638701302,0,0,0,0,0.381279956770787,1,0,0,1,1,0,0,-0.0012967465555169672,-0.006223225657056848,0.010922726443194909,0.00222500542421715,1.3479414046316345,15.166930940592922,9.11774921847615,True,0.57480323,0.5295848740314882,43.12341
2026-02-25 12:20:00,2026-02-25 12:35:00,-1,908.5,904.35,pivot,4.149999999999977,0.1543855,3.895614499999977,122711.85674999928,1.0,2026-02-25,906.4,0.0,906.15,906.6,904.05,0.0,2026,0.0,1.0,1.0,1.0,1,12,2,2,908.5,909.05,906.35,1.9324419369391428,55.57294128946048,2.6489081092931883,3.246140401242646,-0.5972322919494575,907.1675,911.2120252224064,903.122974777594,908.16,908.815,907.1675,897.0933333333334,904.7046628163544,1.0,0.0015960374243258,1,0.0007154650522839,1,0.0009356081452944,1,-0.0064391854705558,0,2026-02-25 12:20:00,-0.0023141781224293,-0.0050621875461617,70.64781178630993,0.0999719001637827,-0.8458145002956688,0.0999719001637827,0.9000280998362172,6.165451679249326e-05,0.0001068310675458,0.0028623406067511,True,31.60766755600485,0.11450645757596,-0.8699068358301884,0.11450645757596,0.88549354242404,0.0004080057368871,0.0005336632815996,0.0064327012931459,True,0,0,0,0.5972322919494575,1,1,1,0,0.6647288527980878,1,1,0,1,1,0,0,0.0014667033571821484,0.012555494404696355,0.008903742922193082,0.002127068725304505,-33.189955096677124,36.94093750995855,22.53714914694285,True,0.5933845,0.530618814820967,43.12341
2026-02-25 14:50:00,2026-02-25 15:20:00,1,905.2,905.1,pivot,-0.1000000000000227,0.154309,-0.35430900000002274,-11160.733500000717,1.0,2026-02-25,903.15,0.0,904.9,905.5,903.75,0.0,2026,0.0,1.0,1.0,1.0,0,14,2,2,905.2,905.5,903.1,2.346533573131321,37.2129951439824,-0.8844300578414277,0.1513810250808948,-1.0358110829223226,908.73,915.7989387323098,901.66106126769,904.22,906.765,908.73,906.1925,908.5589922760986,-1.0,-0.0027065841802916,0,-5.523641184276205e-05,0,0.0060207688908527,1,0.0214317277949624,1,2026-02-25 14:50:00,-0.0022672611808158,-0.0034817244821693,73.51392824643005,0.1033894902060664,-0.8294233896420786,0.1033894902060664,0.8966105097939336,6.165451679249326e-05,0.0001068310675458,0.0028623406067511,True,51.39237746212559,0.1795660604849999,-0.6242148641422866,0.1795660604849999,0.820433939515,0.0004080057368871,0.0005336632815996,0.0064327012931459,True,0,0,0,1.0358110829223226,0,0,1,0,0.25031612709660817,1,0,0,1,1,0,0,-0.0038996906760936506,-0.0010964427750772756,0.015618512444343575,0.0025922818969634567,-38.54563279887154,9.31501282210656,-1.7399469730470047,True,0.59283257,0.534114479330351,43.12341
2026-02-27 10:35:00,2026-02-27 11:00:00,-1,922.95,922.6,pivot,0.3500000000000227,0.1553665,0.09463350000002273,2980.9552500007158,1.0,2026-02-27,920.7,0.0,924.2,925.55,922.1,0.0,2026,0.0,1.0,1.0,1.0,0,10,4,2,922.95,924.85,920.4,4.840044303534909,37.86393776424636,-3.598050544608668,-2.7554604148262776,-0.8425901297823906,929.55,941.8950394922982,917.2049605077016,922.9199999999998,924.73,929.55,932.5475,937.5947878406758,-1.0,0.0004875670404681,1,-0.001354352890189,0,-0.0098596890405763,0,-0.0170106723007746,0,2026-02-27 10:35:00,-0.0024949842090519,-0.007681942023843,60.58353523858738,0.088004389873503,-0.90898171603379,0.088004389873503,0.911995610126497,6.165451679249326e-05,0.0001068310675458,0.0028623406067511,True,15.802141478850787,0.0547615483064487,-1.2771625684215089,0.0547615483064487,0.9452384516935513,0.0004080057368871,0.0005336632815996,0.0064327012931459,True,0,0,0,0.8425901297823906,0,0,1,0,0.2326861528423064,1,0,1,0,1,0,0,-0.007150983260198179,-0.010398721490871626,0.02675126386542787,0.005244102392908509,-31.9037802348487,8.810414009823006,-42.6621160409535,True,0.6868234,0.5728134626478575,43.12341
2026-03-03 11:10:00,2026-03-03 11:40:00,1,902.35,898.75,pivot,-3.6000000000000227,0.154033,-3.854033000000023,-121402.03950000073,1.0,2026-03-03,900.3,0.0,896.8,900.45,896.7,0.0,2026,0.0,1.0,0.0,0.0,0,11,1,3,902.35,903.0,899.65,4.282492092702872,28.138030597177064,-5.938733538543715,-5.010730934553423,-0.9280026039902928,913.345,927.225084182274,899.4649158177258,903.1699999999998,907.795,913.345,927.5875,914.1095433823384,-1.0,-0.0100293677619549,0,-0.0041558153709757,0,-0.0131323765722835,0,-0.0150717570787388,0,2026-03-03 11:10:00,-0.0023298396293634,-0.0106616118319848,74.45370681148242,0.107680478001748,-0.8380740272948722,0.107680478001748,0.8923195219982519,7.830829586167718e-05,0.0001449122456969,0.0029529036749276,True,7.199740768317717,0.0223857437758515,-1.729633012153106,0.0223857437758515,0.9776142562241484,0.0005301488687346,0.000719790963016,0.0065802414240653,True,1,0,0,0.9280026039902927,0,0,0,0,0.10392891514154828,1,0,1,0,0,1,0,-0.012184850667701008,-0.027968637446666986,0.030764302504070744,0.004745932390649827,-26.11216566533885,2.9243549941843043,-130.90818418573454,True,0.67841935,0.5695088473497977,75.39636
2026-03-04 10:25:00,2026-03-04 10:30:00,1,809.35,807.25,pivot,-2.1000000000000227,0.148498,-2.348498000000023,-73977.68700000072,1.0,2026-03-04,807.4,0.0,805.0,808.1,802.5,0.0,2026,0.0,1.0,0.0,0.0,0,10,2,3,809.35,810.25,806.1,10.27383780217644,32.338075522706376,-11.208215277783552,-11.102957122128972,-0.1052581556545799,822.8399999999999,843.3176026571281,802.3623973428718,813.47,818.8149999999999,822.8399999999999,857.2608333333334,838.5502613100862,-1.0,-0.0053746833879039,0,-6.177796997599087e-05,0,-0.0228578488910854,0,-0.0677704330635695,0,2026-03-04 10:25:00,-0.002659329313921,-0.0286300647283821,58.7552061450472,0.0856170606777393,-0.9496556164117992,0.0856170606777393,0.9143829393222608,7.830829586167718e-05,0.0001449122456969,0.0029529036749276,True,0.3395381837051393,0.0017524464644275,-4.460300739735672,0.0017524464644275,0.9982475535355724,0.0005301488687346,0.000719790963016,0.0065802414240653,True,0,0,0,0.10525815565457997,0,0,0,0,0.17061573989218684,1,0,1,0,0,1,0,-0.01666769629949947,-0.059196680463746654,0.050602588885224335,0.012693936865603805,-3.403846186938588,5.517384681995965,-1.9460060542437125,True,0.6724976,0.5993004458330696,46.242664
2026-03-04 12:00:00,2026-03-04 12:05:00,-1,782.7,769.05,pivot,13.650000000000093,0.1465525,13.403447500000091,422208.59625000285,1.0,2026-03-04,768.85,0.0,788.0,788.5,764.55,0.0,2026,0.0,1.0,0.0,0.0,1,12,2,3,782.7,782.8,768.5,10.523211794768455,21.60099733601697,-13.777892178937122,-11.6022192329371,-2.175672946000024,804.1575,833.8627764239577,774.4522235760423,784.01,793.6099999999999,804.1575,837.1858333333332,808.0366938384561,-1.0,-0.0067714322217962,0,0.0274051360674588,1,0.0034495975469529,1,0.001405391593203,1,2026-03-04 12:00:00,-0.0179813435602192,-0.0350801073016972,0.1338138138712065,0.0,-6.13845143674069,0.0,1.0,7.830829586167718e-05,0.0001449122456969,0.0029529036749276,True,0.1977751208530642,0.0,-5.440514406323316,0.0,1.0,0.0005301488687346,0.000719790963016,0.0065802414240653,True,1,0,0,2.175672946000022,0,0,0,0,0.1388267913458258,0,0,0,1,0,1,0,-0.027414718282866974,-0.06961266555938823,0.07590462865454882,0.013444757627147636,-46.996705510590715,2.9987971500289667,863.2617861249522,True,0.66065556,0.5395745208692148,73.2273
2026-03-04 12:30:00,2026-03-04 13:00:00,1,761.25,795.0,pivot,33.75,0.1466875,33.5033125,1055354.34375,1.0,2026-03-04,754.5,0.0,791.45,797.45,785.9,0.0,2026,0.0,1.0,0.0,0.0,1,12,2,3,761.25,763.5,754.45,11.777909628148995,27.165589921185088,-16.34315237601038,-14.142931421703985,-2.2002209543063973,789.9399999999999,828.2486303324567,751.6313696675431,765.17,774.3050000000001,789.9399999999999,826.6533333333334,795.5171186102029,-1.0,0.0025615763546798,1,0.0440722495894909,1,0.031855500821018,1,0.0191133004926107,1,2026-03-04 12:30:00,-0.0089065408162032,-0.0434428116499754,0.2127555660873523,0.0009695151636329,-3.065272036725728,0.0009695151636329,0.999030484836367,7.830829586167718e-05,0.0001449122456969,0.0029529036749276,True,0.0308472948211417,0.0,-6.711395489454095,0.0,1.0,0.0005301488687346,0.000719790963016,0.0065802414240653,True,1,0,0,2.2002209543063955,0,0,0,0,0.12554129773086042,0,0,0,1,0,1,0,-0.037688013136288924,-0.08591570881226065,0.10064664783568289,0.015471802467190798,-59.7703001806861,3.4104034123299583,1388.2758620689633,True,0.6875044,0.5481827268225534,73.2273
2026-03-05 10:25:00,2026-03-05 10:35:00,1,848.15,838.45,pivot,-9.699999999999932,0.150598,-9.950597999999932,-313443.83699999785,1.0,2026-03-05,845.2,0.0,839.05,843.5,837.05,0.0,2026,0.0,1.0,1.0,2.0,0,10,3,3,848.15,849.3,844.9,8.286481503713665,64.20021069738704,14.594782029413407,16.51645589086344,-1.9216738614500315,842.6325,863.0437011316695,822.2212988683306,848.64,847.4949999999999,842.6325,797.1674999999999,826.5600286080643,1.0,-0.0114366562518421,0,-0.0229912161763838,0,-0.0105523787065966,0,-0.0110239933973943,0,2026-03-05 10:25:00,-0.0035431712985886,-0.0022454656956035,32.99952745550928,0.0461782363094374,-1.24896845623524,0.0461782363094374,0.9538217636905626,7.830829586167718e-05,0.0001449122456969,0.0029529036749276,True,69.03953606921282,0.2530674029889444,-0.450630374711627,0.2530674029889444,0.7469325970110556,0.0005301488687346,0.000719790963016,0.0065802414240653,True,0,0,0,1.9216738614500333,1,1,0,1,0.6351586309009302,0,1,1,0,1,0,0,0.006505335141189563,0.06011023993397403,0.04813111155260151,0.00977006603043526,-123.37186679675337,40.7773179301036,-724.2233095560896,True,0.55626005,0.5633804860543647,52.163284
2026-03-09 13:35:00,2026-03-09 14:35:00,1,756.0,774.3,pivot,18.299999999999955,0.145909,18.054090999999957,568703.8664999986,1.0,2026-03-09,753.9,0.0,771.75,776.65,769.85,0.0,2026,0.0,1.0,1.0,0.0,0,13,0,3,756.0,756.95,753.9,4.023972565340586,38.02593554706989,-2.446886258948325,-2.5083909883861697,0.0615047294378445,758.6575,763.5106351830121,753.8043648169879,756.2199999999999,757.0,758.6575,768.13,766.1226783606129,-1.0,0.0005952380952381,1,-0.0019841269841269,0,0.0192460317460316,1,0.0215608465608465,1,2026-03-09 13:35:00,-0.0028477783410219,-0.0046317822500382,51.454675351831,0.0751439072157426,-1.0134738265014005,0.0751439072157426,0.9248560927842572,7.830829586167718e-05,0.0001449122456969,0.0029529036749276,True,34.59648021543301,0.1312127407695372,-0.8132791592543009,0.1312127407695372,0.8687872592304627,0.0005301488687346,0.000719790963016,0.0065802414240653,True,0,0,1,0.061504729437844574,0,0,0,0,0.22620791511203678,1,0,0,1,1,0,0,-0.0035152116402116765,-0.01604497354497354,0.012838981965640513,0.005322715033519293,2.338774877443447,8.601767600287367,-62.49999999999735,True,0.6106543,0.5288794145820993,43.12341
2026-03-10 11:45:00,2026-03-10 12:30:00,1,822.85,816.85,pivot,-6.0,0.149191,-6.249191,-196849.5165,1.0,2026-03-10,820.1,0.0,814.4,817.4,814.3,0.0,2026,0.0,1.0,0.0,1.0,0,11,1,3,822.85,823.75,819.7,5.639291696134813,43.24471783381485,2.6802043141005925,5.199480053290186,-2.519275739189593,828.6425000000002,834.6049504900972,822.6800495099031,824.97,827.485,828.6425000000002,803.3950000000001,831.1037190821124,-1.0,-0.0044965668104758,0,-0.0067448502157137,0,-0.0130643495169228,0,-0.0095400133681716,0,2026-03-10 11:45:00,-0.0033476399990263,-0.0112159774096861,37.05314989310556,0.0530801418703781,-1.1827518365660752,0.0530801418703781,0.946919858129622,7.830829586167718e-05,0.0001449122456969,0.0029529036749276,True,5.767674387053883,0.0187489221864143,-1.8138800088778608,0.0187489221864143,0.9812510778135856,0.0005301488687346,0.000719790963016,0.0065802414240653,True,0,0,0,2.5192757391895935,0,1,0,0,0.01425173176524903,1,0,1,0,0,1,0,-0.007039557635049075,0.023643434404812452,0.014492192963716382,0.006853365371738243,-108.9453684868293,0.6163121188314103,-212.46278179498154,True,0.691406,0.5874961795042676,86.4102
2026-03-10 12:30:00,2026-03-10 13:00:00,1,816.85,810.45,pivot,-6.399999999999977,0.148819,-6.648818999999977,-209437.79849999928,1.0,2026-03-10,814.4,0.0,807.3,811.9,806.65,0.0,2026,0.0,1.0,0.0,0.0,0,12,1,3,816.85,817.4,814.3,4.574928735722368,35.89268926006571,-1.3540318845160757,0.206678879802045,-1.5607107643181206,823.1,834.9963948565628,811.2036051434372,817.23,817.675,823.1,812.2091666666668,828.4592656690158,-1.0,-0.0058150211177082,0,-0.0078349758217542,0,0.0002448429944297,1,0.001346636469364,1,2026-03-10 12:30:00,-0.0030650425515653,-0.0040438753716733,44.381249860023146,0.0646528431155007,-1.087050290369199,0.0646528431155007,0.9353471568844992,7.830829586167718e-05,0.0001449122456969,0.0029529036749276,True,41.39222054913317,0.1537528799713355,-0.7239348874446396,0.1537528799713355,0.8462471200286644,0.0005301488687346,0.000719790963016,0.0065802414240653,True,0,0,0,1.5607107643181206,0,1,0,0,0.23731537682812714,1,0,0,1,0,1,0,-0.007651343575931934,0.0056813776499152376,0.02912748939600362,0.005600696254786519,-56.01810648850995,8.517887077127366,-246.80173838525732,True,0.62610674,0.5428288478863712,73.87168
2026-03-11 14:50:00,2026-03-11 15:05:00,1,838.45,831.65,pivot,-6.800000000000068,0.150103,-7.0501030000000675,-222078.24450000213,1.0,2026-03-11,832.5,0.0,834.0,834.85,829.0,0.0,2026,0.0,2.0,0.0,0.0,0,14,2,3,838.45,840.15,832.05,3.1254986313321305,19.127998300778813,-3.8487243636919857,-1.8633865530379337,-1.985337810654052,848.6225000000001,862.2612017076247,834.9837982923755,838.6200000000001,843.26,848.6225000000001,850.1833333333333,845.4406419687966,-1.0,-0.0124038404198223,0,-0.0062615540580833,0,-0.0210507484047946,0,-0.0044129047647445,0,2026-03-11 14:50:00,-0.0071217273385197,-0.017208439177792,6.691373159490927,0.0213909522541487,-1.4589237843307663,0.0213909522541487,0.9786090477458512,8.479893996862295e-06,3.75290454950208e-05,0.0049072175400161,True,2.9746031016906267,0.0296174313135547,-1.624872756739169,0.0296174313135547,0.9703825686864452,0.000280927876622,0.0001911478272277,0.0107082766529593,True,1,0,0,1.985337810654052,0,0,0,0,0.12707227498372625,1,0,0,1,0,1,0,-0.012132506410638694,-0.013994076371081441,0.03253313067594869,0.003727710216866993,-37.97553826866264,2.4306382599648138,-197.23895282962397,True,0.72270197,0.5603296852908073,78.481186
2026-03-11 15:20:00,2026-03-11 15:45:00,-1,833.15,837.5,eod,-4.350000000000023,0.1501195,-4.600119500000022,-144903.7642500007,1.0,2026-03-11,830.6,0.0,837.5,837.5,837.5,0.0,2026,0.0,2.0,0.0,0.0,1,15,2,3,833.15,834.7,830.35,4.077474571235424,31.721670003132004,-5.155235927373269,-4.20896316497438,-0.9462727623988894,842.1550000000001,859.8215577636504,824.4884422363498,833.3700000000001,834.3949999999999,842.1550000000001,848.6783333333334,841.0814279952529,-1.0,0.0007201584348556,1,0.0122426933925462,1,0.0051011222468943,1,0.0025805677248994,1,2026-03-11 15:20:00,-0.0031253781901637,0.0030747921611533,58.82861276147318,0.1218494824985308,-0.6445418834332634,0.1218494824985308,0.8781505175014691,8.479893996862295e-06,3.75290454950208e-05,0.0049072175400161,True,61.13108967197417,0.6934842798066146,0.2692911686334301,0.6934842798066146,0.3065157201933853,0.000280927876622,0.0001911478272277,0.0107082766529593,True,0,0,0,0.9462727623988894,0,0,0,0,0.2451399383945558,0,0,0,0,0,1,0,-0.010808377843125619,-0.018638100382084164,0.042409068627858856,0.00489404617564115,-30.01735230176971,7.776248230340208,385.64484186520525,True,0.52240235,0.5784334757738007,71.094505
2026-03-12 11:45:00,2026-03-12 12:15:00,-1,823.5,820.5,pivot,3.0,0.14932,2.75068,86646.42,1.0,2026-03-12,820.8,0.0,822.5,822.75,820.4,0.0,2026,0.0,1.0,1.0,0.0,1,11,3,3,823.5,824.0,820.4,3.311186556599605,34.69829411301731,-2.63314992760138,-2.0271834346072355,-0.6059664929941446,827.9100000000001,835.1474464858981,820.6725535141021,823.2700000000001,825.1600000000001,827.9100000000001,833.4358333333333,831.5903291716611,-1.0,0.0034608378870674,1,0.0036429872495446,1,0.0047358834244079,1,-0.002367941712204,0,2026-03-12 11:45:00,-0.0032233569037124,-0.0054068963167973,56.080038285772886,0.1161579598272598,-0.6645081296307762,0.1161579598272598,0.8838420401727402,8.479893996862295e-06,3.75290454950208e-05,0.0049072175400161,True,33.18731863392807,0.1851944305223835,-0.5227773175320426,0.1851944305223835,0.8148055694776165,0.000280927876622,0.0001911478272277,0.0107082766529593,True,0,0,0,0.6059664929941446,0,0,1,0,0.19533453486717442,1,0,1,0,1,0,0,-0.0053551912568307,-0.012065371382311275,0.017577283511591928,0.004020870135518646,-21.026003596544474,6.777775141250653,114.75409836065491,True,0.61321044,0.522486687478028,43.12341
2026-03-12 12:15:00,2026-03-12 12:45:00,1,820.5,819.25,pivot,-1.25,0.1491925,-1.4991925,-47224.56375,1.0,2026-03-12,822.5,0.0,819.75,821.05,818.9,0.0,2026,0.0,1.0,1.0,0.0,0,12,3,3,820.5,822.75,820.4,2.9530261721404933,42.20842852165303,-2.615307457008612,-2.5501667061970874,-0.0651407508115244,825.1225000000001,832.7084617614724,817.5365382385277,821.76,822.07,825.1225000000001,830.3408333333334,829.7212962544949,-1.0,0.0034125533211455,1,-0.0014015843997562,0,0.0005484460694698,1,0.0015843997562461,1,2026-03-12 12:15:00,0.0024345721093814,0.0022517734615823,86.16131427594273,0.8368411117639064,0.4884729573000593,0.8368411117639064,0.1631588882360936,8.479893996862295e-06,3.75290454950208e-05,0.0049072175400161,True,66.9246725850898,0.6404182089048948,0.1924329844228517,0.6404182089048948,0.3595817910951052,0.000280927876622,0.0001911478272277,0.0107082766529593,True,0,0,0,0.06514075081152448,0,0,0,0,0.19532538224244494,1,0,0,1,1,0,0,-0.0056337599024985485,-0.011993703026609898,0.018491070716568896,0.003599056882560016,-2.7494887244750394,8.244377434844795,-44.149908592320294,True,0.51439065,0.5436965871328051,51.13519
2026-03-20 14:45:00,2026-03-20 15:25:00,1,865.45,863.05,pivot,-2.400000000000091,0.151855,-2.651855000000091,-83533.43250000286,1.0,2026-03-20,866.25,0.0,861.75,863.25,861.05,0.0,2026,0.0,1.0,1.0,1.0,1,14,4,3,865.45,866.55,865.45,1.5806296490333236,54.39783619550009,-0.5083494117484406,-0.8217055010714177,0.3133560893229771,864.8275,867.1978153370812,862.4571846629187,865.3399999999999,864.22,864.8275,867.1791666666667,866.6568697137166,-1.0,0.0001733202380264,1,0.0008666011901323,1,-0.0033508579351783,0,-0.0591599745796984,0,2026-03-20 14:45:00,0.0009817227133286,0.0028901754222334,163.4227517342129,0.6627726504329798,0.1840754801681275,0.6627726504329798,0.3372273495670201,5.897674660383861e-05,8.37259733417918e-05,0.0048784158496649,True,66.83721052509975,0.6905701164741395,0.2371636471873716,0.6905701164741395,0.3094298835258605,0.0003835887612526,0.0004011637656982,0.0104949122095794,True,0,0,1,0.3133560893229771,1,0,1,1,0.6313116424345865,1,0,0,1,1,0,0,0.0007192789878098782,-0.001997997188360539,0.005477648245609224,0.0018263673800142394,17.045893217853802,34.341987313468756,27.297937489167452,True,0.5611293,0.5556021355415605,51.13519
2026-03-20 15:25:00,2026-03-20 15:45:00,-1,863.05,862.55,eod,0.5,0.151768,0.24823200000000004,7819.308000000001,1.0,2026-03-20,861.75,0.0,862.55,862.55,862.55,0.0,2026,0.0,1.0,1.0,1.0,1,15,4,3,863.05,863.25,861.05,1.643431385894451,35.4242117149994,-0.5247227577825697,-0.3611816242548283,-0.1635411335277413,864.5875,867.5268653194847,861.6481346805152,864.6,865.155,864.5875,866.6891666666667,866.6568697137166,-1.0,5.793407102711839e-05,1,0.043392619199351,1,0.0501129714385029,1,0.0608887086495567,1,2026-03-20 15:25:00,-0.0014494856864532,-0.0053814902898061,126.2628017987397,0.2568984802311343,-0.3142847405885461,0.2568984802311343,0.7431015197688657,5.897674660383861e-05,8.37259733417918e-05,0.0048784158496649,True,30.95138526758323,0.1612206736024601,-0.5509959435607448,0.1612206736024601,0.8387793263975398,0.0003835887612526,0.0004011637656982,0.0104949122095794,True,0,0,0,0.1635411335277414,0,0,0,0,0.23846394835509327,1,0,0,0,1,0,0,-0.0017814726840855372,-0.004216634802927653,0.006811575967753318,0.0019042134127738265,-5.793315738197695,8.447397392925508,1366.8675047795566,True,0.57657105,0.5311555099683214,43.12341
2026-03-23 11:25:00,2026-03-23 11:40:00,-1,818.6,810.5,pivot,8.100000000000023,0.148873,7.851127000000023,247310.50050000072,1.0,2026-03-23,816.05,0.0,810.5,811.8,809.55,0.0,2026,0.0,1.0,1.0,1.0,1,11,0,3,818.6,820.4,815.8,4.035611040821267,43.770818218661496,-3.1415669808427538,-4.753812479770629,1.6122454989278756,813.8875,824.4248458683912,803.3501541316089,816.51,817.075,813.8875,837.8333333333334,816.5157666334366,-1.0,0.0059247495724407,1,0.0106279012948937,1,0.013804055704862,1,0.0147813339848522,1,2026-03-23 11:25:00,-0.0029977692144848,-0.0023867090060422,58.110229813873566,0.1174635500861302,-0.6316589816832143,0.1174635500861302,0.8825364499138697,5.897674660383861e-05,8.37259733417918e-05,0.0048784158496649,True,60.51161470261752,0.2973097048203927,-0.2656404089970215,0.2973097048203927,0.7026902951796072,0.0003835887612526,0.0004011637656982,0.0104949122095794,True,0,0,1,1.6122454989278756,1,0,1,1,0.7236094391727255,0,1,1,0,1,0,0,0.0057567798680674045,-0.0234953986480984,0.025744798114808662,0.004929893770854223,70.56930465742725,31.67297722333696,334.77889078915155,True,0.5645921,0.5223392399049568,49.145668
2026-03-23 12:50:00,2026-03-23 13:30:00,-1,807.5,809.35,pivot,-1.8500000000000227,0.1485055,-2.098505500000023,-66102.92325000072,1.0,2026-03-23,806.35,0.0,808.95,809.8,808.4,0.0,2026,0.0,1.0,1.0,1.0,0,12,0,3,807.5,808.45,806.05,2.837863002079625,33.640122088120776,-2.8544109599517924,-3.1166479643067264,0.262237004354934,810.48,816.7506836739898,804.2093163260103,808.3,808.33,810.48,822.1966666666666,815.144454467736,-1.0,0.0016099071207429,1,-0.0008668730650155,0,-0.0006811145510835,0,0.0013003095975231,1,2026-03-23 12:50:00,-0.0013632422485513,-0.0023535251790177,130.84437481252684,0.2681045282812205,-0.2966061661169215,0.2681045282812205,0.7318954717187796,5.897674660383861e-05,8.37259733417918e-05,0.0048784158496649,True,60.86813344820332,0.2993502748037184,-0.2624785124168713,0.2993502748037184,0.7006497251962815,0.0003835887612526,0.0004011637656982,0.0104949122095794,True,0,0,1,0.262237004354934,0,0,0,0,0.2623863557046585,1,0,0,1,1,0,0,-0.0036904024767802084,-0.018200206398348732,0.015531105074897252,0.003514381426723994,8.821684842523041,8.826709040161798,-27.30650154798825,True,0.5384566,0.523061163996774,49.145668
2026-03-23 14:45:00,2026-03-23 15:30:00,-1,805.25,804.9,pivot,0.3500000000000227,0.1483045,0.10169550000002274,3203.408250000716,1.0,2026-03-23,802.5,0.0,803.65,805.9,803.5,0.0,2026,0.0,1.0,1.0,1.0,1,14,0,3,805.25,805.25,802.4,2.4499079332088654,33.177304161421006,-1.2871988330613249,-0.8334206343793575,-0.4537781986819673,808.52,813.111915097796,803.928084902204,805.95,808.3199999999999,808.52,810.4316666666666,811.1608893683435,-1.0,0.0037255510710959,1,0.0040360136603539,1,0.0003104625892579,1,-0.0338404222291213,0,2026-03-23 14:45:00,-0.0034830237973282,-0.0057776695993674,44.92783177366194,0.0922988540027808,-0.7311286861522874,0.0922988540027808,0.9077011459972192,5.897674660383861e-05,8.37259733417918e-05,0.0048784158496649,True,28.15486177785653,0.1493527356146974,-0.58874559802662,0.1493527356146974,0.8506472643853026,0.0003835887612526,0.0004011637656982,0.0104949122095794,True,0,0,0,0.45377819868196734,0,0,0,0,0.1439394097715903,1,0,0,1,1,0,0,-0.004060850667494544,-0.006434854600020633,0.011404942807316994,0.003042419041550904,-15.055137319493362,4.775521578807466,127.13443030114784,True,0.6226817,0.5278994464713447,43.12341
2026-03-24 14:30:00,2026-03-24 15:45:00,1,818.85,830.75,eod,11.899999999999975,0.149488,11.650511999999976,366991.12799999927,1.0,2026-03-24,822.15,0.0,830.75,830.75,830.75,0.0,2026,0.0,1.0,1.0,1.0,1,14,1,3,818.85,822.6,818.55,4.139942000271002,48.91634069437685,0.0175753933542637,0.693895102372957,-0.6763197090186933,824.2375,829.5929571335281,818.8820428664718,822.2199999999999,823.3399999999999,824.2375,820.1924999999999,820.4644095711989,1.0,0.0064114306649569,1,0.0111742077303535,1,0.0136166575074799,1,0.042010136166575,1,2026-03-24 14:30:00,0.0040219432643586,0.00298444050125,32.88243847946672,0.9360087560749956,0.8072737979660708,0.9360087560749956,0.0639912439250044,5.897674660383861e-05,8.37259733417918e-05,0.0048784158496649,True,65.9012830045798,0.6968527388202037,0.2461456259914053,0.6968527388202037,0.3031472611797963,0.0003835887612526,0.0004011637656982,0.0104949122095794,True,0,0,0,0.6763197090186933,0,0,0,0,-0.0029916089021773296,1,0,0,1,1,0,0,-0.006579349087134313,-0.0016394944128959627,0.013080435082196123,0.005055800207939186,-33.08308530468022,-0.14633856028323697,351.98754350613524,True,0.5165876,0.569217892930117,51.13519
2026-03-25 14:10:00,2026-03-25 14:15:00,-1,844.8,843.7,pivot,1.099999999999909,0.150655,0.8493449999999091,26754.367499997137,1.0,2026-03-25,843.75,0.0,843.0,844.65,842.6,0.0,2026,0.0,1.0,1.0,1.0,1,14,2,3,844.8,845.1,843.3,2.116701658181764,40.840002552561856,-0.460212552240705,-0.4326772958262375,-0.0275352564144675,845.3950000000001,848.6768319748787,842.1131680251215,845.3,846.28,845.3950000000001,850.0475000000001,849.9125511425362,-1.0,0.0021306818181817,1,0.0018347537878787,1,0.0030184659090908,1,0.0160392992424241,1,2026-03-25 14:10:00,-0.0013620349720595,-0.0029585820397451,130.90833853211493,0.2682637305562845,-0.2963586930582411,0.2682637305562845,0.7317362694437155,5.897674660383861e-05,8.37259733417918e-05,0.0048784158496649,True,54.26009799635722,0.2640547775080921,-0.3201309108976408,0.2640547775080921,0.7359452224919079,0.0003835887612526,0.0004011637656982,0.0104949122095794,True,0,0,0,0.027535256414467524,0,0,0,0,0.4093494114636771,1,0,0,1,1,0,0,-0.0007043087121213791,-0.0062115293560608105,0.007769488576890692,0.0025055654097795505,-1.124539942252298,16.717831009066266,57.79474431817905,True,0.5384566,0.5267558207508571,49.145668
2026-03-26 13:30:00,2026-03-26 14:00:00,-1,822.85,817.5,pivot,5.350000000000023,0.1492105,5.1007895000000225,160674.86925000072,1.0,2026-03-26,820.15,0.0,818.8,819.0,816.55,0.0,2026,0.0,1.0,1.0,2.0,1,13,3,3,822.85,823.7,820.0,2.829770389563625,50.1820060709157,0.9824130766314738,0.3674974997345072,0.6149155768969666,818.605,827.7084348666613,809.5015651333388,822.45,821.89,818.605,822.1891666666667,819.8492009510259,1.0,0.0048003888922647,1,0.0065017925502825,1,0.0103299507808227,1,0.0160418059184542,1,2026-03-26 13:30:00,-0.0031651374649546,-0.0048046314108431,53.17611183207908,0.1080438462962237,-0.6659668913874028,0.1080438462962237,0.8919561537037762,5.897674660383861e-05,8.37259733417918e-05,0.0048784158496649,True,35.59462527841601,0.1806571071526198,-0.4960303690572797,0.1806571071526198,0.8193428928473803,0.0003835887612526,0.0004011637656982,0.0104949122095794,True,0,0,1,0.6149155768969666,1,1,1,1,0.7331537525218155,0,1,0,1,1,0,0,0.005158898948775603,0.0008031030361953668,0.022126596260949736,0.003438986922967278,30.85769721294421,36.79112605996437,204.80646533389876,True,0.61321044,0.522486687478028,43.12341
2026-03-27 14:40:00,2026-03-27 15:00:00,-1,810.1,804.7,pivot,5.399999999999977,0.148444,5.151555999999978,162274.0139999993,1.0,2026-03-27,806.45,0.0,804.35,806.5,802.35,0.0,2026,0.0,1.0,1.0,2.0,1,14,4,3,810.1,811.1,806.3,3.111850940413268,60.12373675045677,4.30519391635471,4.423231403508552,-0.1180374871538418,803.605,813.8962277438185,793.3137722561816,807.8100000000001,807.99,803.605,791.935,801.0715101866932,1.0,0.0036415257375633,1,0.0081471423281076,1,0.0046290581409702,1,0.0443772373781015,1,2026-03-27 14:40:00,-0.0045775163438181,-0.0035277771384645,28.71086948397093,0.0627137916585714,-0.8951270336620343,0.0627137916585714,0.9372862083414286,1.4521943394411408e-05,-3.6483203217214665e-05,0.0050730599901817,True,49.35369651156105,0.2716100571365043,-0.3059920145419059,0.2716100571365043,0.7283899428634957,7.14248930600338e-05,-0.0001719133463641,0.0109671613395677,True,0,0,0,0.11803748715384188,1,1,1,1,0.8155600168260436,0,1,0,1,1,0,0,0.00801752870016048,0.02242315763485999,0.025407302169654283,0.0038413170477882585,-7.096854804323007,49.03451575584714,256.6349833353894,True,0.5774137,0.5426218453656433,43.133705
2026-03-31 10:25:00,2026-03-31 10:30:00,1,760.6,763.05,pivot,2.449999999999932,0.1457095,2.2042904999999315,69435.15074999785,1.0,2026-03-31,763.2,0.0,767.55,767.85,762.0,0.0,2026,0.0,1.0,1.0,2.0,1,10,1,3,760.6,763.35,759.6,4.950606099850068,51.55191024584638,-3.0650197672136983,-4.673135351515446,1.608115584301748,755.7075,765.7740300061461,745.6409699938539,757.95,759.19,755.7075,773.0975,762.4592784062255,1.0,0.0091375230081513,1,0.0186037338942939,1,0.0101235866421245,1,0.0120299763344727,1,2026-03-31 10:25:00,0.0034125246399174,0.0072325911967489,51.24182735741817,0.9037817759484948,0.6798673482690553,0.9037817759484948,0.0962182240515051,1.4521943394411408e-05,-3.6483203217214665e-05,0.0050730599901817,True,25.158474192375905,0.8841862554083315,0.6751523310228748,0.8841862554083315,0.1158137445916684,7.14248930600338e-05,-0.0001719133463641,0.0109671613395677,True,0,0,1,1.608115584301748,1,0,1,1,0.7430082658578946,0,0,1,0,1,0,0,0.006432421772285092,-0.016431107020773,0.026469971091627874,0.00650881685491726,82.90143026687052,38.30349543342815,586.0176176702579,True,0.6447675,0.5240332374374744,43.002148
2026-03-31 11:00:00,2026-03-31 11:30:00,1,771.9,766.25,pivot,-5.649999999999977,0.1461445,-5.896144499999977,-185728.5517499993,1.0,2026-03-31,769.1,0.0,765.05,766.7,764.5,0.0,2026,0.0,1.0,1.0,2.0,0,11,1,3,771.9,772.05,768.25,4.777023415014703,54.87209801302905,1.515202891550416,-0.5419825295757665,2.0571854211261824,761.7075,777.2518770523061,746.1631229476939,770.9300000000001,767.3050000000001,761.7075,771.4733333333334,762.4592784062255,1.0,-0.0013602798289933,0,-0.0072548257546314,0,-0.0055058945459256,0,-0.0198212203653322,0,2026-03-31 11:00:00,-0.0036987810249275,-0.0011045776114137,46.31152261642583,0.0956179408102944,-0.7219110021955611,0.0956179408102944,0.9043820591897056,1.4521943394411408e-05,-3.6483203217214665e-05,0.0050730599901817,True,67.76112117437872,0.4164575566322642,-0.0850415377482134,0.4164575566322642,0.5835424433677359,7.14248930600338e-05,-0.0001719133463641,0.0109671613395677,True,0,0,1,2.0571854211261824,1,1,1,1,0.8278516715627361,0,1,1,0,1,0,0,0.013204430625728715,0.0005527486289242385,0.04027562392099007,0.0061886558038796525,112.88208005901033,45.42595806224039,-228.52701127088912,True,0.5413665,0.5724587951157002,81.36537
2026-03-31 14:10:00,2026-03-31 14:40:00,-1,753.1,755.0,pivot,-1.8999999999999773,0.145243,-2.145242999999977,-67575.15449999928,1.0,2026-03-31,750.0,0.0,755.55,755.8,753.7,0.0,2026,0.0,1.0,1.0,0.0,0,14,1,3,753.1,753.95,750.0,2.992620011606647,33.535166132177054,-2.6574743491389654,-2.673931404533288,0.0164570553943224,754.3,757.9215727967797,750.6784272032202,752.4799999999999,753.64,754.3,760.23,760.5108382452753,-1.0,0.0026556898154295,1,-0.0026556898154295,0,0.0029212587969725,1,-0.0571637232771211,0,2026-03-31 14:10:00,-0.0040584201275014,-0.0051202026945714,38.32888232010013,0.0802406672465784,-0.7928029497124419,0.0802406672465784,0.9197593327534216,1.4521943394411408e-05,-3.6483203217214665e-05,0.0050730599901817,True,36.70963039172737,0.2024532078248603,-0.451191442798846,0.2024532078248603,0.7975467921751397,7.14248930600338e-05,-0.0001719133463641,0.0109671613395677,True,0,0,1,0.016457055394322406,0,0,1,0,0.33432612467890443,1,0,0,1,1,0,0,-0.001593413889257644,-0.009467534192006367,0.00961777399224482,0.003973735243137228,0.5518900866950422,11.211682133434,-83.65422918602926,True,0.6167001,0.5280341397624625,43.12341
2026-04-01 11:50:00,2026-04-01 12:20:00,-1,802.35,804.25,pivot,-1.8999999999999773,0.148198,-2.148197999999977,-67668.23699999928,1.0,2026-04-01,803.15,0.0,803.8,805.15,803.7,0.0,2026,0.0,1.0,1.0,2.0,0,11,2,4,802.35,803.35,802.2,2.508742631908603,67.74013834453663,4.441461337377746,5.229999771307525,-0.7885384339297792,800.29,804.4335555608004,796.1464444391995,802.17,801.76,800.29,779.7833333333333,796.0893727401229,1.0,-0.0001246338879541,0,-0.0024303608151055,0,-0.0054838910699819,0,-0.0126503396273446,0,2026-04-01 11:50:00,0.0010588932441648,0.0020565239541673,150.9272137021946,0.6705487339543974,0.215920263017208,0.6705487339543974,0.3294512660456026,1.4521943394411408e-05,-3.6483203217214665e-05,0.0050730599901817,True,68.10926774509623,0.6428329318729049,0.2031918042904756,0.6428329318729049,0.3571670681270951,7.14248930600338e-05,-0.0001719133463641,0.0109671613395677,True,0,0,0,0.7885384339297792,1,1,1,1,0.7485787833386877,1,1,1,0,1,0,0,0.002567458091855249,0.02812571404831647,0.010328548789930704,0.0031267434809105787,-53.4157026043875,50.70883034514762,-76.55636567582324,True,0.55457586,0.5365394980693629,73.85078
2026-04-06 10:30:00,2026-04-06 11:15:00,1,817.05,818.85,pivot,1.8000000000000682,0.149077,1.550923000000068,48854.07450000214,1.0,2026-04-06,813.85,0.0,821.5,821.75,817.9,0.0,2026,0.0,1.0,1.0,1.0,0,10,0,4,817.05,817.2,813.3,3.264379804351881,52.11506683063666,2.272054221878534,2.795993591355796,-0.5239393694772616,815.6075,822.1364053690946,809.0785946309053,815.31,816.135,815.6075,806.895,810.4399758872642,1.0,-0.0036717459151826,0,-0.0089345817269444,0,0.006792729943088,1,-0.0055688146380269,0,2026-04-06 10:30:00,-0.0039242186602858,-0.0043524972926696,46.23027303641763,0.1001236514542338,-0.6936183156838522,0.1001236514542338,0.8998763485457661,-4.3529645785233824e-05,-7.874901472792575e-05,0.0055440716581519,True,44.87595064791049,0.2661167953585496,-0.3285028078341633,0.2661167953585496,0.7338832046414503,-0.0002392515711836,-0.0003801542146957,0.0120922652203911,True,0,0,0,0.523939369477262,1,1,1,1,0.6104702793540427,1,1,1,0,1,0,0,0.001765497827550328,0.012428859922893304,0.015981654413058377,0.00399532440407794,-27.30513525550912,31.814699406653368,-281.43932439874857,True,0.5919089,0.5309940535133202,49.145668
2026-04-21 10:40:00,2026-04-21 11:25:00,-1,958.35,959.5,pivot,-1.1499999999999773,0.1575355,-1.4075354999999774,-44337.36824999929,1.0,2026-04-21,957.25,0.0,961.05,961.5,959.15,0.0,2026,0.0,1.0,1.0,1.0,1,10,1,4,958.35,958.35,956.4,2.2997237866066262,52.05935471455042,2.627168115965788,3.4104696931047305,-0.7833015771389431,959.87,962.9459508701708,956.7940491298292,960.01,960.475,959.87,949.6975,955.0676006951796,1.0,0.002921688318464,1,0.0011999791307977,1,-0.0018782282047268,0,-0.0019825742161005,0,2026-04-21 10:40:00,-0.0010962909923125,-0.0042219447143665,154.77322417757404,0.303775695651886,-0.2660350540389944,0.303775695651886,0.696224304348114,1.7010297212503572e-05,4.795079009842662e-05,0.0043010940289217,True,49.41796975772743,0.2062495752588992,-0.468557572536763,0.2062495752588992,0.7937504247411008,2.081686282459091e-05,0.0002277685306516,0.0094966200651235,True,0,0,0,0.7833015771389427,0,1,0,0,0.2529219314358587,1,1,1,0,1,0,0,-0.0015860593728804525,0.009028538634110744,0.006419264089676632,0.002399670043936585,-40.77817465274302,13.166952543708572,37.799342620127554,True,0.57657105,0.5274488133950693,43.12341
2026-04-21 13:00:00,2026-04-21 14:45:00,1,962.55,964.15,pivot,1.6000000000000227,0.157801,1.3421990000000226,42279.26850000071,1.0,2026-04-21,962.8,0.0,964.8,965.0,963.65,0.0,2026,0.0,1.0,1.0,1.0,0,13,1,4,962.55,963.8,961.8,1.5985803713138595,65.02123547961912,0.9794636401509252,0.9185424930798844,0.0609211470710406,960.855,962.6402907968984,959.0697092031012,961.61,960.795,960.855,956.8391666666668,958.2341728054262,1.0,-0.0014544698976676,0,-5.194535348808325e-05,0,-5.194535348808325e-05,0,0.0016103059581321,1,2026-04-21 13:00:00,0.0002077490399077,0.0025479045580559,186.06186163535853,0.5358220702112982,0.0371529310298224,0.5358220702112982,0.4641779297887017,1.7010297212503572e-05,4.795079009842662e-05,0.0043010940289217,True,67.8764618699633,0.69367950124162,0.2443117668700878,0.69367950124162,0.3063204987583799,2.081686282459091e-05,0.0002277685306516,0.0094966200651235,True,0,0,1,0.06092114707104079,1,1,1,1,0.9747125798622566,1,1,0,1,1,0,0,0.0017609474832475575,0.005933025124235831,0.0037095024609601736,0.0016607764493417065,3.9611682493946394,63.37701618017084,-1.6362786348746223,True,0.5197569,0.5573878498272747,81.36537
2026-04-28 10:50:00,2026-04-28 11:10:00,-1,1008.8,1004.6,pivot,4.199999999999932,0.160402,3.9395979999999318,124097.33699999785,1.0,2026-04-28,1007.7,0.0,1004.75,1005.6,1003.35,0.0,2026,0.0,1.0,1.0,1.0,1,10,1,4,1008.8,1008.9,1006.65,2.6514724221708,37.97295090972203,0.235435297060917,1.1358418097216711,-0.9004065126607541,1012.0875,1015.8762471992692,1008.2987528007308,1009.62,1010.965,1012.0875,1006.3625,1006.5301114787096,1.0,0.0037172878667724,1,0.0010408406026962,1,0.0034199048374305,1,-0.0002478191911181,0,2026-04-28 10:50:00,-0.0010909993643529,-0.0052950760858034,171.62536400689365,0.2911982991245198,-0.2848816454032699,0.2911982991245198,0.7088017008754801,-3.417273495842752e-05,5.123017508327354e-05,0.0040094880027082,True,36.70616043406615,0.1360732527960768,-0.6217741396875034,0.1360732527960768,0.8639267472039232,-3.396635835606342e-05,0.0002728400458372,0.008954885345407,True,0,0,0,0.9004065126607541,0,1,0,0,0.06614946483706671,1,1,1,0,1,0,0,-0.003258822363203829,0.002416237113402062,0.007511394130192724,0.0026283430037379067,-34.191092304060824,2.511890380962318,32.7864789849303,True,0.5585767,0.524983854441827,43.12341
2026-04-28 10:50:00,2026-04-28 11:10:00,-1,1008.8,1004.6,pivot,4.199999999999932,0.160402,3.9395979999999318,124097.33699999785,1.0,2026-04-28,1007.7,0.0,1004.75,1005.6,1003.35,0.0,2026,0.0,1.0,1.0,1.0,1,10,1,4,1008.8,1008.9,1006.65,2.6227958205871715,37.97295090972202,-0.0168997993428092,0.9052934879087752,-0.9221932872515844,1011.875,1016.142687660962,1007.607312339038,1008.88,1010.38,1011.875,1006.5616666666666,1006.5301114787096,1.0,0.0037172878667724,1,0.0010408406026962,1,0.0034199048374305,1,-0.0002478191911181,0,2026-04-28 10:50:00,-0.0010909993643529,-0.0052950760858034,171.62536400689365,0.2911982991245198,-0.2848816454032699,0.2911982991245198,0.7088017008754801,-3.417273495842752e-05,5.123017508327354e-05,0.0040094880027082,True,36.70616043406615,0.1360732527960768,-0.6217741396875034,0.1360732527960768,0.8639267472039232,-3.396635835606342e-05,0.0002728400458372,0.008954885345407,True,0,0,0,0.9221932872515843,0,1,0,0,0.13973464739135838,1,1,1,0,1,0,0,-0.0030481760507534155,0.0022188078244779383,0.008460919232676441,0.0025999165549040163,-35.018400426079594,5.306136905779368,32.7864789849303,True,0.5585767,0.524983854441827,43.12341
2026-04-29 12:00:00,2026-04-29 13:10:00,1,999.35,1005.7,pivot,6.350000000000023,0.1601515,6.089848500000023,191830.22775000072,1.0,2026-04-29,1002.15,0.0,1006.35,1006.4,1005.0,0.0,2026,0.0,1.0,1.0,1.0,1,12,2,4,999.35,1002.55,999.2,2.0916262399735106,67.00655455174488,0.0605431173164561,-0.1733220354842565,0.2338651528007126,999.335,1001.3624692733522,997.307530726648,999.77,999.07,999.335,999.6583333333332,999.1672975478303,1.0,0.0030519837894631,1,0.0041026667333767,1,0.0033521789162956,1,0.0096062440586381,1,2026-04-29 12:00:00,0.0027979033990453,0.0031982436936379,55.87811839896051,0.9198646046819596,0.7530754273749488,0.9198646046819596,0.0801353953180402,9.444789202678428e-06,0.0001290632387974,0.0035439214496094,True,66.67804502425845,0.768998293952931,0.3249669966167204,0.768998293952931,0.231001706047069,0.0002235376406122,0.0006383021270229,0.0078775432375192,True,0,0,1,0.2338651528007126,1,0,0,1,0.5036991929291065,1,1,0,1,1,0,0,1.5009756341608402e-05,-0.00030853388035539757,0.004057575971085399,0.0020929866813163664,15.670498118893102,33.75114744867405,129.23400210136606,True,0.5448588,0.5728779071336787,51.13519
2026-04-29 12:00:00,2026-04-29 13:10:00,1,999.35,1005.7,pivot,6.350000000000023,0.1601515,6.089848500000023,191830.22775000072,1.0,2026-04-29,1002.15,0.0,1006.35,1006.4,1005.0,0.0,2026,0.0,1.0,1.0,1.0,1,12,2,4,999.35,1002.55,999.2,2.1815100799753964,67.00655455174488,0.263334697078335,-0.0859906889717382,0.3493253860500732,999.47,1001.857335019746,997.0826649802538,1000.4,999.39,999.47,999.6816666666668,999.1672975478303,1.0,0.0030519837894631,1,0.0041026667333767,1,0.0033521789162956,1,0.0096062440586381,1,2026-04-29 12:00:00,0.0027979033990453,0.0031982436936379,55.87811839896051,0.9198646046819596,0.7530754273749488,0.9198646046819596,0.0801353953180402,9.444789202678428e-06,0.0001290632387974,0.0035439214496094,True,66.67804502425845,0.768998293952931,0.3249669966167204,0.768998293952931,0.231001706047069,0.0002235376406122,0.0006383021270229,0.0078775432375192,True,0,0,1,0.34932538605007324,0,0,0,0,0.4748673732410217,1,1,0,1,1,0,0,-0.00012007805073298098,-0.00033188239022046307,0.004777775593628066,0.002182928983814876,23.40709053667357,31.81922654991832,129.23400210136606,True,0.5448588,0.5728779071336787,51.13519
2026-04-30 13:55:00,2026-04-30 14:20:00,1,998.05,998.65,pivot,0.6000000000000227,0.159901,0.3400990000000227,10713.118500000715,1.0,2026-04-30,996.6,0.0,1001.0,1001.15,998.3,0.0,2026,0.0,1.0,1.0,1.0,1,13,3,4,998.05,998.3,996.0,2.438651893962424,27.05560482939628,-1.764219605357198,-1.7794367628931609,0.0152171575359629,999.665,1003.8389921659974,995.4910078340024,998.36,998.51,999.665,1003.9525,1004.4607810021604,-1.0,0.0016532237863835,1,0.0029557637392916,1,0.0012023445719152,1,0.0004508792144682,1,2026-04-30 13:55:00,-0.0014037904641597,-0.0037057481438307,149.30092301633206,0.2035462765875422,-0.4325303832922582,0.2035462765875422,0.7964537234124578,9.444789202678428e-06,0.0001290632387974,0.0035439214496094,True,52.15043603768094,0.1680709259621206,-0.5514473408617857,0.1680709259621206,0.8319290740378793,0.0002235376406122,0.0006383021270229,0.0078775432375192,True,1,0,1,0.015217157535962977,0,0,0,0,0.30654012564324035,1,0,0,1,1,0,0,-0.0016181554030359293,-0.005914032363108093,0.00836429470667302,0.002443416556247106,0.41170940091968183,8.293628503756995,93.10655778768539,True,0.58555055,0.5285907219847046,43.12341
2026-04-30 13:55:00,2026-04-30 14:20:00,1,998.05,998.65,pivot,0.6000000000000227,0.159901,0.3400990000000227,10713.118500000715,1.0,2026-04-30,996.6,0.0,1001.0,1001.15,998.3,0.0,2026,0.0,1.0,1.0,1.0,1,13,3,4,998.05,998.3,996.0,2.4287481872508194,27.05560482939628,-1.8142783657365271,-1.786405083461834,-0.0278732822746929,999.28,1003.0553215369068,995.5046784630932,997.76,998.46,999.28,1003.7516666666668,1004.4197029019444,-1.0,0.0016532237863835,1,0.0029557637392916,1,0.0012023445719152,1,0.0004508792144682,1,2026-04-30 13:55:00,-0.0014037904641597,-0.0037057481438307,149.30092301633206,0.2035462765875422,-0.4325303832922582,0.2035462765875422,0.7964537234124578,9.444789202678428e-06,0.0001290632387974,0.0035439214496094,True,52.15043603768094,0.1680709259621206,-0.5514473408617857,0.1680709259621206,0.8319290740378793,0.0002235376406122,0.0006383021270229,0.0078775432375192,True,1,0,0,0.027873282274693212,0,0,1,0,0.33709996778077883,1,0,0,1,1,0,0,-0.0012324031862131339,-0.005712806639614072,0.007565395595224291,0.002433493499574991,-0.754128510522307,9.12044351627897,93.10655778768539,True,0.58555055,0.5285907219847046,43.12341
2026-05-04 12:10:00,2026-05-04 12:15:00,-1,1042.2,1040.65,pivot,1.5499999999999543,0.1624855,1.2875144999999542,40556.70674999856,1.0,2026-05-04,1040.6,0.0,1041.25,1041.8,1040.0,0.0,2026,0.0,1.0,1.0,1.0,0,12,0,5,1042.2,1043.35,1040.2,2.435829963445624,65.64709404946693,4.731410605894325,5.363125210688114,-0.6317146047937889,1038.7175,1045.9183972449307,1031.5166027550692,1042.37,1041.38,1038.7175,1021.0216666666666,1038.019008087564,1.0,0.000911533294953,1,-0.0008155824217999,0,-0.0048455190942237,0,-0.0037900594895413,0,2026-05-04 12:10:00,-0.0014884170314767,-0.0028308921815569,141.507405790297,0.1911019795671346,-0.4564097408119561,0.1911019795671346,0.8088980204328653,9.444789202678428e-06,0.0001290632387974,0.0035439214496094,True,67.02208541869271,0.2207743488931309,-0.4403903861875173,0.2207743488931309,0.779225651106869,0.0002235376406122,0.0006383021270229,0.0078775432375192,True,0,0,0,0.6317146047937889,1,1,0,1,0.7418101440380693,0,1,0,1,1,0,0,0.0033414891575514034,0.020320795752574745,0.01381864756271489,0.002337200118447154,-41.470228073319696,48.69768029251575,-25.69084628669685,True,0.5538052,0.529708618864361,75.52384
2026-05-08 10:30:00,2026-05-08 10:35:00,-1,1140.65,1138.55,pivot,2.1000000000001364,0.168376,1.8316240000001363,57696.156000004295,1.0,2026-05-08,1138.55,0.0,1136.85,1138.55,1135.8,0.0,2026,0.0,1.0,1.0,1.0,1,10,4,5,1140.65,1142.25,1137.95,4.443591069847023,49.43850893471756,0.7152271507475234,-0.2707586460464711,0.9859857967939946,1134.49,1149.4487010442226,1119.5312989557774,1142.42,1140.675,1134.49,1139.6725,1141.6672161976348,-1.0,0.0033314338315874,1,0.0052163240257748,1,0.0027177486520844,1,0.000394511901109,1,2026-05-08 10:30:00,-0.0018865860591784,-0.0032444784687071,91.8415612956284,0.0969349300890302,-0.6878205527516281,0.0969349300890302,0.9030650699109696,6.260204166077895e-06,0.0001610966535094,0.002977059502651,True,60.01150001694786,0.1476706161371205,-0.6266323845909157,0.1476706161371205,0.8523293838628795,0.0001671542312834,0.000796274467771,0.0064483627655409,True,0,0,1,0.9859857967939945,1,1,0,0,0.705900230968892,0,0,1,0,1,0,0,0.005400429579625723,0.0008569675185203094,0.026228380387011977,0.003895665690480886,48.74566762430452,34.89865487577475,164.31420681190622,True,0.6031883,0.5388795423103587,43.12341
2026-05-12 10:30:00,2026-05-12 11:25:00,-1,1199.7,1201.4,pivot,-1.7000000000000457,0.172033,-1.9720330000000454,-62119.03950000143,1.0,2026-05-12,1168.95,0.0,1199.6,1203.0,1197.85,0.0,2026,0.0,2.0,0.0,0.0,1,10,1,5,1199.7,1200.35,1166.0,9.22507146098335,17.419804224186137,-7.661446617576757,-1.7344888099146396,-5.926957807662118,1222.66,1256.3091745436066,1189.0108254563936,1198.88,1213.325,1222.66,1220.43,1214.798655467835,-1.0,0.0387180128365425,1,0.024839543219138,1,-0.0015837292656496,0,-0.0010419271484537,0,2026-05-12 10:30:00,-0.0261323100126636,-0.044301114364797,0.0006626928180189,0.0,-8.8320057569421,0.0,1.0,6.260204166077895e-06,0.0001610966535094,0.002977059502651,True,1.9693006435124755e-36,0.0,-6.993618453595887,0.0,1.0,0.0001671542312834,0.000796274467771,0.0064483627655409,True,1,0,0,5.9269578076621166,0,0,1,0,0.1588326413439084,1,0,1,0,0,1,0,-0.01913811786279906,-0.017279319829957503,0.056095981568069476,0.007689481921299784,-103.24644465448557,2.7668335166212574,782.445611402847,True,0.66065556,0.5395745208692148,73.2273
2026-05-12 12:55:00,2026-05-12 13:10:00,-1,1193.25,1193.35,pivot,-0.099999999999909,0.171598,-0.3715979999999091,-11705.336999997136,1.0,2026-05-12,1188.1,0.0,1186.4,1194.3,1185.0,0.0,2026,0.0,1.0,1.0,1.0,1,12,1,5,1193.25,1193.25,1186.95,6.986702507878702,41.493334943353446,-2.5723162253100327,-2.1262967218798465,-0.4460195034301861,1198.11,1208.2180270389952,1188.0019729610046,1193.19,1195.065,1198.11,1207.569166666667,1203.9512899210515,-1.0,0.0015084852294154,1,0.0070395977372722,1,0.0143725120469307,1,0.017473287240729,1,2026-05-12 12:55:00,-0.0045347743146431,-0.006794473146215,7.20656075450205,0.0089504866664536,-1.5773520697087242,0.0089504866664536,0.9910495133335464,6.260204166077895e-06,0.0001610966535094,0.002977059502651,True,13.797219786016846,0.0345222637306808,-1.177158899085176,0.0345222637306808,0.9654777362693192,0.0001671542312834,0.000796274467771,0.0064483627655409,True,0,0,0,0.44601950343018615,0,0,1,0,0.2595970023996402,1,0,0,1,1,0,0,-0.004072910119421663,-0.012000139674558465,0.01694201054095162,0.005855187519697215,-18.506836647096893,10.771545370858798,221.7473287240743,True,0.6869425,0.5388921598605714,43.44371
2026-05-12 13:45:00,2026-05-12 14:00:00,1,1180.25,1172.8,pivot,-7.450000000000045,0.1705915,-7.7205915000000465,-243198.63225000145,1.0,2026-05-12,1176.1,0.0,1182.9,1183.1,1172.4,0.0,2026,0.0,1.0,0.0,0.0,0,13,1,5,1180.25,1183.05,1175.5,6.279884160744471,33.98716966238098,-5.144598248655484,-4.014902532824082,-1.129695715831402,1189.8825000000002,1203.429466065044,1176.3355339349564,1181.2,1184.7,1189.8825000000002,1202.236666666667,1196.8526713960548,-1.0,-0.0022452870154629,0,-0.0093200593094683,0,-0.0066511332344841,0,0.004617665748782,1,2026-05-12 13:45:00,-0.0034800357660776,-0.0074123044215469,18.888508475868257,0.0218230468318417,-1.223063367173104,0.0218230468318417,0.9781769531681582,6.260204166077895e-06,0.0001610966535094,0.002977059502651,True,10.77445375987208,0.0268713778584962,-1.272971014159331,0.0268713778584962,0.9731286221415038,0.0001671542312834,0.000796274467771,0.0064483627655409,True,0,0,0,1.129695715831402,0,0,0,0,0.14447759174448604,1,0,0,1,0,1,0,-0.00816140648167775,-0.018628821577349634,0.022956095852647764,0.00532080843952084,-38.39515996082679,4.910384423032061,-293.58186824825145,True,0.68030995,0.556825445757156,78.481186
2026-05-13 11:00:00,2026-05-13 11:25:00,-1,1200.25,1202.2,pivot,-1.9500000000000453,0.1720735,-2.2220735000000453,-69995.31525000143,1.0,2026-05-13,1197.0,0.0,1202.25,1203.0,1201.0,0.0,2026,0.0,1.0,2.0,2.0,0,11,2,5,1200.25,1202.15,1196.6,7.577095764616585,61.6102143924705,8.543144916538722,6.050926760441477,2.4922181560972447,1179.5575,1218.359755429399,1140.7552445706012,1200.46,1196.305,1179.5575,1177.485,1179.9034914750234,1.0,0.0030826911060196,1,-0.0016663195167673,0,-0.0012080816496563,0,-0.0080816496563216,0,2026-05-13 11:00:00,-0.0028364080082389,-0.0028364080082389,36.17230726666566,0.0391078641327333,-1.006867568175629,0.0391078641327333,0.9608921358672666,6.260204166077895e-06,0.0001610966535094,0.002977059502651,True,70.29154874515312,0.1745672198823352,-0.5633495831565942,0.1745672198823352,0.8254327801176649,0.0001671542312834,0.000796274467771,0.0064483627655409,True,0,0,1,2.4922181560972447,1,1,0,1,0.7666404281273044,0,1,1,0,0,0,0,0.017240158300354184,0.018966881899604333,0.06465695551659885,0.0063129312764978835,153.54609490995875,47.232881138858595,-52.489064778169954,True,0.60351425,0.5319343167240191,43.690063
2026-05-13 14:20:00,2026-05-13 15:00:00,1,1215.6,1222.05,pivot,6.4500000000000455,0.1731295,6.176870500000046,194571.42075000145,1.0,2026-05-13,1217.2,0.0,1222.6,1223.4,1221.65,0.0,2026,0.0,1.0,1.0,1.0,1,14,2,5,1215.6,1217.9,1215.4,3.9270655804388266,62.69504252965958,3.4577190267482365,4.002070299338738,-0.5443512725905011,1214.74,1219.7959605357366,1209.6840394642634,1216.95,1215.9,1214.74,1199.3391666666664,1207.4294102957176,1.0,-0.0024267851266862,0,0.0017275419545904,1,0.0060052648897665,1,0.0074448831852584,1,2026-05-13 14:20:00,0.0013564897774197,0.0028383984172813,149.28679059572423,0.830900168776558,0.4015348443139502,0.830900168776558,0.1690998312234419,6.260204166077895e-06,0.0001610966535094,0.002977059502651,True,77.16324669673268,0.7917751107045587,0.3166887508908582,0.7917751107045587,0.2082248892954412,0.0001671542312834,0.000796274467771,0.0064483627655409,True,0,0,0,0.5443512725905011,1,1,0,0,0.5850481321918192,1,1,0,1,1,0,0,0.0007074695623559559,0.013376796095206889,0.008318460901179058,0.00323055740411223,-34.12812618613578,36.679617529664,54.4175715695976,True,0.60024524,0.5536460839754944,44.444725
2026-05-14 14:15:00,2026-05-14 14:55:00,1,1228.6,1232.7,pivot,4.100000000000136,0.173839,3.8261610000001363,120524.0715000043,1.0,2026-05-14,1225.6,0.0,1237.0,1237.05,1231.7,0.0,2026,0.0,1.0,1.0,1.0,0,14,3,5,1228.6,1228.7,1224.1,3.9894918103529866,38.5094652739167,-0.456504512311767,0.3916162415788709,-0.8481207538906379,1232.0575,1241.4796617306083,1222.6353382693912,1229.98,1233.46,1232.0575,1234.6916666666666,1231.054166310534,-1.0,0.0003255738238646,1,-0.0009767214715935,0,0.0122497151229042,1,0.0065928699332574,1,2026-05-14 14:15:00,-0.0024040921873828,-0.0076404500757507,53.26560917016505,0.0759508190427797,-0.8169824226871485,0.0759508190427797,0.9240491809572202,3.9184012061128907e-05,0.0001584275450626,0.0031365665420524,True,9.679574235468571,0.0335038130643352,-1.2825977970792428,0.0335038130643352,0.9664961869356647,0.0003695237430949,0.0007988683808392,0.0065798635205894,True,0,0,0,0.8481207538906379,0,0,0,0,0.3165229965875059,1,0,0,1,1,0,0,-0.002814178740029287,-0.004958218025937406,0.015338046118522769,0.003247185259932433,-32.660676720039575,12.189131345482613,-30.76672635519525,True,0.6869811,0.5683379955633078,43.12341
2026-05-14 15:25:00,2026-05-14 15:45:00,-1,1239.25,1245.5,eod,-6.25,0.1745425,-6.5245425,-205523.08875,1.0,2026-05-14,1244.75,0.0,1245.5,1245.5,1245.5,0.0,2026,0.0,1.0,1.0,1.0,0,15,3,5,1239.25,1244.75,1239.1,4.173849043553872,63.922770082958266,2.570745045373542,1.263033548450156,1.3077114969233858,1233.5475,1245.6820732730916,1221.4129267269082,1241.38,1237.565,1233.5475,1233.305833333333,1231.054166310534,1.0,-0.0043978212628606,0,-0.0008069396812588,0,-0.0127496469638894,0,0.0017349203147065,1,2026-05-14 15:25:00,0.004468696419633,0.0037023664972813,10.420220686924756,0.9786736257460522,1.374199723417916,0.9786736257460522,0.0213263742539477,3.9184012061128907e-05,0.0001584275450626,0.0031365665420524,True,59.88687461103437,0.8189882598728945,0.441270264551318,0.8189882598728945,0.1810117401271055,0.0003695237430949,0.0007988683808392,0.0065798635205894,True,0,0,1,1.3077114969233858,1,1,0,1,0.7349691197071313,0,1,0,0,1,0,0,0.004601573532378536,0.004796583955349517,0.019583737378401044,0.0033680444168278168,83.59254135267477,46.981262057113184,-25.4185999596522,True,0.6463684,0.5852218481476947,53.068047
2026-05-15 10:55:00,2026-05-15 11:25:00,-1,1215.55,1201.45,pivot,14.099999999999907,0.17251,13.827489999999907,435565.9349999971,1.0,2026-05-15,1206.85,0.0,1195.15,1206.8,1194.05,0.0,2026,0.0,1.0,0.0,0.0,1,10,4,5,1215.55,1218.6,1204.8,6.26816100927323,22.69519418645564,-6.238961980840031,-2.8822952010751965,-3.356666779764834,1236.56,1261.70611197517,1211.41388802483,1221.42,1227.0549999999998,1236.56,1236.1425000000002,1232.0988757559114,-1.0,0.0054296409032947,1,0.0113528855250709,1,0.0080621940685286,1,0.0123812266052403,1,2026-05-15 10:55:00,-0.0070595813886463,-0.0173324529531576,3.4807006775026843,0.0062252593013821,-2.301245274709124,0.0062252593013821,0.9937747406986178,3.9184012061128907e-05,0.0001584275450626,0.0031365665420524,True,0.6601288256371607,0.0095333049664836,-2.7555771145193493,0.0095333049664836,0.9904666950335164,0.0003695237430949,0.0007988683808392,0.0065798635205894,True,1,0,0,3.3566667797648346,0,0,0,0,0.08224158031377055,1,0,1,0,0,1,0,-0.017284356875488457,-0.016940890954712025,0.04137404792097407,0.005156645970361754,-76.18020438598764,1.86648863542201,357.61589403973335,True,0.70779836,0.5483984445776356,83.640564
2026-05-15 11:25:00,2026-05-15 11:50:00,-1,1201.45,1205.7,pivot,-4.25,0.1722145,-4.5222145,-142449.75675,1.0,2026-05-15,1195.15,0.0,1205.7,1211.3,1204.4,0.0,2026,0.0,1.0,0.0,0.0,0,11,4,5,1201.45,1206.8,1194.05,8.124035448267865,27.6627673184196,-11.536037607189428,-8.365443840935143,-3.170593766254285,1221.85,1257.04123694888,1186.65876305112,1197.91,1207.38,1221.85,1232.9541666666669,1216.8829223834537,-1.0,-0.0019143534895334,0,-0.0035373923176162,0,0.0017062715884971,1,0.0056182113279786,1,2026-05-15 11:25:00,-0.0055071272732608,-0.0114805137658107,6.124347216774069,0.0133626436158028,-1.806291925379042,0.0133626436158028,0.9866373563841973,3.9184012061128907e-05,0.0001584275450626,0.0031365665420524,True,2.3178915458799105,0.0146466438153549,-1.866206207503536,0.0146466438153549,0.985353356184645,0.0003695237430949,0.0007988683808392,0.0065798635205894,True,1,0,0,3.170593766254285,0,0,1,0,0.21015511575177415,0,0,1,0,0,1,0,-0.01697948312455771,-0.026221787562251308,0.05858127587311984,0.006761858960645774,-87.70739761712396,5.813472067816866,-111.4278580049103,True,0.72453076,0.575208913694642,80.00586
2026-05-15 13:55:00,2026-05-15 14:20:00,1,1176.55,1178.35,pivot,1.7999999999999543,0.170647,1.5293529999999544,48174.61949999857,1.0,2026-05-15,1173.25,0.0,1174.45,1181.85,1174.25,0.0,2026,0.0,1.0,0.0,0.0,0,13,4,5,1176.55,1176.8,1171.7,6.187303785006438,22.90738559521256,-7.824171571664692,-6.723843850123332,-1.10032772154136,1191.035,1208.4376041635312,1173.6323958364685,1180.12,1183.87,1191.035,1212.4583333333333,1192.6663119669238,-1.0,-0.0049296672474607,0,-0.0017848795206322,0,-0.0184862521779779,0,-0.0032722791211592,0,2026-05-15 13:55:00,-0.0027662534928901,-0.0110615439925305,37.96751546315009,0.0593984606002582,-0.9324466733739432,0.0593984606002582,0.9406015393997418,3.9184012061128907e-05,0.0001584275450626,0.0031365665420524,True,2.615535182461333,0.0156921545723123,-1.802531668971064,0.0156921545723123,0.9843078454276876,0.0003695237430949,0.0007988683808392,0.0065798635205894,True,1,0,0,1.10032772154136,0,0,0,0,0.08382665422125558,1,0,0,1,0,1,0,-0.01231141897921901,-0.030520023231765163,0.02958243026396048,0.005258853244661458,-25.205631398449608,1.9202494914028543,-56.223704899914296,True,0.7025123,0.606461197258598,86.4102
2026-05-15 14:55:00,2026-05-15 15:25:00,-1,1154.5,1165.1,pivot,-10.599999999999907,0.169588,-10.869587999999908,-342392.0219999971,1.0,2026-05-15,1149.7,0.0,1165.0,1168.15,1164.5,0.0,2026,0.0,1.0,0.0,0.0,0,14,4,5,1154.5,1156.05,1149.0,6.736763400393241,19.1573528600767,-11.081121585143592,-9.45169159967064,-1.629429985472953,1172.175,1196.1808655132163,1148.1691344867834,1155.29,1164.13,1172.175,1196.2916666666667,1172.9356761169824,-1.0,0.0019922044174967,1,-0.0092247726288437,0,-0.0016024252923342,0,0.0253789519272411,1,2026-05-15 14:55:00,-0.0042529248671386,-0.0094791542337613,13.71137641207919,0.0253080891489996,-1.406427172214432,0.0253080891489996,0.9746919108510004,3.9184012061128907e-05,0.0001584275450626,0.0031365665420524,True,4.391227049242912,0.0210994033274354,-1.562041915069988,0.0210994033274354,0.9789005966725646,0.0003695237430949,0.0007988683808392,0.0065798635205894,True,1,0,0,1.6294299854729513,0,0,0,0,0.13186080522135632,1,0,0,1,0,1,0,-0.015309657860545651,-0.036198931716471844,0.041586601148924145,0.0058352216547364584,-31.21556519249501,2.526103974039367,-290.58033780857653,True,0.7205746,0.5509921124238226,78.481186
2026-05-18 10:25:00,2026-05-18 10:55:00,1,1152.3,1170.6,pivot,18.299999999999955,0.1696869999999999,18.030312999999957,567954.8594999986,1.0,2026-05-18,1155.6,0.0,1170.35,1178.4,1168.95,0.0,2026,0.0,1.0,2.0,1.0,1,10,0,5,1152.3,1159.0,1148.85,12.921490752389891,53.23095532749587,-1.5353003072029878,-4.922543082458783,3.387242775255795,1140.2325,1167.0538048680362,1113.411195131964,1151.7199999999998,1146.5849999999998,1140.2325,1164.7783333333332,1149.9471602973315,1.0,0.007940640458214,1,0.0159680638722555,1,0.0262084526598976,1,0.0258613208365876,1,2026-05-18 10:25:00,0.0028597445721113,0.0057712077911346,48.6754199975318,0.9384036082263788,0.861233769738876,0.9384036082263788,0.0615963917736211,3.9184012061128907e-05,0.0001584275450626,0.0031365665420524,True,28.75021170942649,0.9074398604990508,0.7556903566063639,0.9074398604990508,0.0925601395009491,0.0003695237430949,0.0007988683808392,0.0065798635205894,True,0,0,1,3.387242775255795,1,0,1,1,0.7249610908077246,0,1,1,0,0,0,0,0.010472533194480502,-0.010829066504671735,0.04655264231196064,0.01121365161189785,180.30616885302436,38.59037143895867,502.9940119760483,True,0.651887,0.5480588953296663,43.002148
2026-05-19 10:45:00,2026-05-19 11:25:00,1,1133.05,1119.7,pivot,-13.349999999999907,0.1675825,-13.617582499999912,-428953.8487499972,1.0,2026-05-19,1125.35,0.0,1121.8,1125.7,1118.9,0.0,2026,0.0,1.0,0.0,0.0,0,10,1,5,1133.05,1134.55,1124.9,7.24168895786421,30.41024336188065,-8.91247817813678,-8.606993683123218,-0.3054844950135624,1140.625,1160.035753939716,1121.214246060284,1130.23,1132.535,1140.625,1162.246666666667,1148.3356188548628,-1.0,-0.0085609637703543,0,-0.0173866996160805,0,-0.0097524381095273,0,0.0090463792418692,1,2026-05-19 10:45:00,-0.0067748836634013,-0.0030610231739992,3.8550458335732567,0.0072802180526549,-2.210477959102082,0.0072802180526549,0.992719781947345,3.9184012061128907e-05,0.0001584275450626,0.0031365665420524,True,58.67618360172495,0.1630277329127046,-0.5866218262370166,0.1630277329127046,0.8369722670872954,0.0003695237430949,0.0007988683808392,0.0065798635205894,True,0,0,0,0.30548449501356245,0,0,1,1,0.3048762035847307,0,0,1,0,0,1,0,-0.006685494903137589,-0.02576820675757199,0.0342628373676642,0.006391323381902131,-9.289857836643648,9.271359546257932,-547.6810379065358,True,0.5880648,0.5369020781752074,62.10798
2026-05-20 13:50:00,2026-05-20 14:00:00,-1,1114.55,1110.85,pivot,3.7000000000000455,0.166762,3.433238000000046,108146.99700000144,1.0,2026-05-20,1111.6,0.0,1115.9,1120.4,1110.8,0.0,2026,0.0,1.0,1.0,1.0,1,13,2,5,1114.55,1116.0,1111.3,6.190509124823733,44.188599398367145,-0.3146595822952349,-0.4015966079478922,0.0869370256526573,1113.9550000000002,1125.597250645112,1102.3127493548884,1115.5700000000002,1118.635,1113.9550000000002,1118.6608333333336,1129.3666890560949,-1.0,0.0032748642950068,1,0.0015252792606882,1,0.0002691669283566,1,-0.0124714010138621,0,2026-05-20 13:50:00,-0.0026054549575749,-0.0089112382456856,44.02510955673221,0.0660602215633121,-0.8811808917750679,0.0660602215633121,0.933939778436688,3.9184012061128907e-05,0.0001584275450626,0.0031365665420524,True,5.546079673415386,0.0239442355857815,-1.4757307041613357,0.0239442355857815,0.9760557644142184,0.0003695237430949,0.0007988683808392,0.0065798635205894,True,0,0,1,0.08693702565265732,1,0,0,0,0.525553478366729,0,0,0,1,1,0,0,0.00053384774124068,-0.0036883346043996507,0.020891392302026367,0.005554267753643832,3.841625399450842,23.223472117965805,48.0462967116783,True,0.68996805,0.57801621338509,43.12341
2026-05-22 15:05:00,2026-05-22 15:10:00,-1,1228.55,1227.35,pivot,1.2000000000000457,0.173677,0.9263230000000454,29179.17450000143,1.0,2026-05-22,1227.35,0.0,1226.85,1227.5,1225.95,0.0,2026,0.0,1.0,1.0,1.0,0,15,4,5,1228.55,1229.9,1226.3,2.570387716905333,42.39032442627259,0.1141624773620151,0.7520068335484501,-0.637844356186435,1230.6025,1234.580925381846,1226.6240746181538,1229.27,1230.775,1230.6025,1228.4141666666667,1228.3444338608745,-1.0,0.0013837450653209,1,-0.0013023482967727,0,-0.0274307110007733,0,-0.038093687680599,0,2026-05-22 15:05:00,-0.0009365393522047,-0.0041466845335962,172.14290308094218,0.2897330590216408,-0.2895780003572884,0.2897330590216408,0.7102669409783592,4.846013918872811e-05,0.0001219858725202,0.0036554062236046,True,40.57721016241084,0.1672575864793302,-0.6060499097247495,0.1672575864793302,0.8327424135206698,0.0004528388890481,0.0006026948992797,0.0078366143722931,True,0,0,0,0.637844356186435,0,1,0,0,0.24204618624170687,1,1,0,0,1,0,0,-0.0016706686744536316,0.00011056394394470444,0.006476619399855337,0.0020922125407230744,-27.03842919220995,10.260416360927952,-41.02397134834005,True,0.57657105,0.538933287746099,43.12341
2026-05-27 13:15:00,2026-05-27 13:40:00,1,1336.7,1323.15,pivot,-13.549999999999956,0.1797955,-13.829795499999955,-435638.5582499986,1.0,2026-05-27,1331.0,0.0,1325.35,1325.9,1320.45,0.0,2026,0.0,1.0,1.0,1.0,0,13,2,5,1336.7,1337.25,1330.95,3.992689465522817,41.89018328637224,0.7795374704057849,2.4837823561198737,-1.7042448857140888,1339.1325000000002,1346.2272182062952,1332.037781793705,1334.12,1337.05,1339.1325000000002,1327.388333333333,1331.7933715633374,-1.0,-0.0069948380339643,0,-0.0084910600733149,0,-0.011184259744146,0,-0.0173187701054837,0,2026-05-27 13:15:00,-0.0041985366818581,-0.0042359443317269,22.912115915938124,0.0540492045694672,-1.181954149576803,0.0540492045694672,0.9459507954305328,4.846013918872811e-05,0.0001219858725202,0.0036554062236046,True,39.59679142662184,0.1636300600859666,-0.6174400067603206,0.1636300600859666,0.8363699399140334,0.0004528388890481,0.0006026948992797,0.0078366143722931,True,0,0,0,1.7042448857140888,0,1,1,0,0.3285696535598982,1,1,0,1,1,0,0,-0.0018197800553603038,0.006966160444876899,0.0106152737432409,0.0029869749872991824,-71.3911306274257,13.763843009963965,-267.4683923094193,True,0.61370295,0.5683048827723814,43.12341
2026-06-01 14:25:00,2026-06-01 14:55:00,-1,1408.4,1411.95,pivot,-3.5499999999999545,0.1846105,-3.8346104999999544,-120790.23074999856,1.0,2026-06-01,1400.2,0.0,1412.15,1414.95,1410.0,0.0,2026,0.0,1.0,0.0,0.0,0,14,0,6,1408.4,1409.35,1399.7,3.9840950671755735,27.818897944161407,-0.578165953767666,1.4381405468619368,-2.016306500629603,1414.73,1423.7617801540869,1405.6982198459132,1410.28,1414.5,1414.73,1408.6625,1411.3665031757482,-1.0,0.0067452428287418,1,-0.0025560920193126,0,-0.0055026980971314,0,0.0009230332291963,1,2026-06-01 14:25:00,-0.0059457229008075,-0.0126323445489756,10.430499575550842,0.0262198836329837,-1.6599273520261084,0.0262198836329837,0.9737801163670164,4.846013918872811e-05,0.0001219858725202,0.0036554062236046,True,4.353055337646948,0.0318442042510147,-1.6888721097529873,0.0318442042510147,0.9681557957489852,0.0004528388890481,0.0006026948992797,0.0078366143722931,True,1,0,0,2.016306500629603,0,0,0,0,0.14957074397256964,1,0,0,1,0,1,0,-0.00449446180062477,-0.00018638170974142153,0.012825589540026761,0.0028288093348307107,-56.091424765164135,4.16089326200521,-80.51689860834689,True,0.7140813,0.542845881134027,78.481186
2026-06-02 12:00:00,2026-06-02 12:25:00,-1,1385.25,1372.2,pivot,13.049999999999956,0.1827234999999999,12.767276499999955,402169.2097499986,1.0,2026-06-02,1381.35,0.0,1367.9,1373.4,1367.35,0.0,2026,0.0,1.0,1.0,1.0,1,12,1,6,1385.25,1388.9,1380.65,9.31749724670745,48.01840171045134,-2.160958518898952,-4.1739523796739295,2.012993860774978,1379.525,1399.0899660069292,1359.960033993071,1384.61,1382.11,1379.525,1396.4991666666667,1399.6033264452983,-1.0,0.0051254286229921,1,0.0125248150153401,1,0.0091319256451904,1,0.0057751308428081,1,2026-06-02 12:00:00,-0.002927624753019,-0.0034688381666734,52.89575805751973,0.1176836546809347,-0.7374968575244513,0.1176836546809347,0.8823163453190652,5.403998449204256e-05,0.0001569421690241,0.004182481444595,True,49.10599568990377,0.2255931612100028,-0.4804823503437183,0.2255931612100028,0.7744068387899972,0.0004840172647973,0.0008012450339332,0.0088870760758478,True,0,0,1,2.0129938607749773,1,0,1,1,0.6463074353917186,0,0,0,1,1,0,0,0.004132828009384522,-0.008120676171569554,0.02824755965627739,0.0067262207159050355,96.66074784736527,31.034650061091124,394.5316729832132,True,0.58872145,0.5260338966590399,43.12341
2026-06-02 12:25:00,2026-06-02 13:10:00,-1,1372.2,1380.1,pivot,-7.899999999999864,0.182569,-8.182568999999864,-257750.92349999573,1.0,2026-06-02,1367.9,0.0,1376.05,1381.4,1374.85,0.0,2026,0.0,1.0,1.0,1.0,0,12,1,6,1372.2,1373.4,1367.35,8.26253580208721,39.469033024666025,-3.89759108485714,-3.515066213869392,-0.3825248709877487,1376.0949999999998,1391.8237835414543,1360.3662164585453,1373.15,1378.88,1376.0949999999998,1393.1083333333331,1393.1478040661664,-1.0,0.0053199242092989,1,-0.0002915026963998,0,-0.0018218918524996,0,-0.0157775834426467,0,2026-06-02 12:25:00,-0.0032478816982551,-0.0097845647400869,44.19170749057184,0.1019965148143168,-0.8140678954306602,0.1019965148143168,0.8980034851856832,5.403998449204256e-05,0.0001569421690241,0.004182481444595,True,10.674179342603486,0.0647755652445632,-1.1911465237468917,0.0647755652445632,0.9352244347554368,0.0004840172647973,0.0008012450339332,0.0088870760758478,True,0,0,0,0.3825248709877478,0,0,0,0,0.3761824145607268,1,0,0,1,1,0,0,-0.0028385075061942533,-0.01523708885973843,0.02292491406712506,0.0060213786635236926,-15.097886765771563,14.847556143595932,-9.1823349365937,True,0.61305916,0.5236485369617675,43.12341
2026-06-02 15:00:00,2026-06-02 15:10:00,-1,1406.75,1402.15,pivot,4.599999999999909,0.184267,4.315732999999908,135945.58949999712,1.0,2026-06-02,1402.35,0.0,1405.7,1406.45,1400.75,0.0,2026,0.0,1.0,1.0,2.0,0,15,1,6,1406.75,1407.6,1401.8,6.680855006594338,57.05204955765336,7.686121835133918,6.886684701670288,0.7994371334636297,1395.6725,1421.357094504379,1369.987905495621,1410.4399999999998,1406.105,1395.6725,1384.1408333333334,1399.1469527636402,1.0,0.0032344055446951,1,-0.0046205793495645,0,0.0194775191043185,1,0.0135773947041051,1,2026-06-02 15:00:00,-0.0032037618176228,-0.00490824715625,45.27702147345971,0.103993753934561,-0.8035191622882065,0.103993753934561,0.8960062460654389,5.403998449204256e-05,0.0001569421690241,0.004182481444595,True,35.112959992273126,0.1645388420042965,-0.6424488933654908,0.1645388420042965,0.8354611579957034,0.0004840172647973,0.0008012450339332,0.0088870760758478,True,0,0,1,0.7994371334636297,1,1,0,1,0.7156448293959145,0,1,0,0,1,0,0,0.007874533499200356,0.016071915170902167,0.036516217528884294,0.004749141643216164,45.609526956595346,40.8290042723741,-145.54824951128177,True,0.60398865,0.5441852644011361,43.12341
2026-06-04 10:35:00,2026-06-04 11:10:00,1,1393.3,1373.4,pivot,-19.899999999999864,0.183001,-20.183000999999866,-635764.5314999957,1.0,2026-06-04,1393.95,0.0,1372.5,1376.25,1371.65,0.0,2026,0.0,1.0,1.0,2.0,0,10,3,6,1393.3,1398.15,1392.2,8.74220791604132,52.93436267276117,-1.1884646725995935,-1.701344765744484,0.5128800931448905,1387.3775,1402.3796919489912,1372.375308051009,1387.69,1387.92,1387.3775,1390.6391666666666,1399.1469527636402,-1.0,-0.0072848632742409,0,-0.0125601090935189,0,-0.0072848632742409,0,0.0021531615588889,1,2026-06-04 10:35:00,0.0003946400754394,0.0027297886999168,189.71416732996167,0.5662978372180921,0.0568317898271639,0.5662978372180921,0.4337021627819079,5.403998449204256e-05,0.0001569421690241,0.004182481444595,True,67.59847745745351,0.6726030003489916,0.2170054188266436,0.6726030003489916,0.3273969996510084,0.0004840172647973,0.0008012450339332,0.0088870760758478,True,0,0,1,0.5128800931448905,1,1,1,1,0.6973878223974522,0,0,1,0,1,0,0,0.004250699777506567,0.0019097346826479277,0.021534762002427533,0.00627446200821167,27.14898085817116,36.91577991435389,-395.6434364458454,True,0.5346143,0.5573878498272747,81.36537
2026-06-05 12:35:00,2026-06-05 13:20:00,1,1320.7,1303.8,pivot,-16.90000000000009,0.178735,-17.178735000000092,-541130.1525000029,1.0,2026-06-05,1316.7,0.0,1304.65,1305.95,1303.2,0.0,2026,0.0,1.0,1.0,1.0,0,12,4,6,1320.7,1320.8,1314.85,7.436828192952386,45.38463944250677,-0.0295251630896018,0.929393350790462,-0.958918513880064,1325.3475,1337.1723834468064,1313.5226165531938,1319.48,1321.165,1325.3475,1328.2116666666666,1309.9736271070333,1.0,-0.0045430453547361,0,-0.0109790262739456,0,-0.0167335503899448,0,-0.0051866434466571,0,2026-06-05 12:35:00,-0.0029575723981728,-0.0039036641639497,51.99702452131185,0.1160922421982011,-0.7446571152686936,0.1160922421982011,0.8839077578017989,5.403998449204256e-05,0.0001569421690241,0.004182481444595,True,44.58387080945181,0.2049712421017502,-0.5294102534656436,0.2049712421017502,0.7950287578982498,0.0004840172647973,0.0008012450339332,0.0088870760758478,True,0,0,0,0.9589185138800639,0,0,1,0,0.3034864351557208,1,1,0,1,1,0,0,-0.0035189672143560507,-0.005687640392720937,0.017906993937769858,0.005630974629327164,-43.520171007191124,13.773622435234099,-345.8393276292864,True,0.6048531,0.522486687478028,43.12341
2026-06-05 14:45:00,2026-06-05 15:10:00,1,1314.6,1309.55,pivot,-5.0499999999999545,0.1787245,-5.328724499999955,-167854.82174999858,1.0,2026-06-05,1308.2,0.0,1299.55,1310.25,1299.3,0.0,2026,0.0,1.0,1.0,1.0,0,14,4,6,1314.6,1314.95,1307.35,6.566176686994322,45.93923882171639,0.120180539969624,-0.6329212071462033,0.7531017471158273,1309.1550000000002,1320.3414532784034,1297.968546721597,1313.55,1313.255,1309.1550000000002,1311.6533333333334,1309.9736271070333,-1.0,-0.0079872204472843,0,-0.0114483493077741,0,-0.0125133120340786,0,-0.0726456716872052,0,2026-06-05 14:45:00,-0.0049943869423411,-0.007159753336318,19.454854832507287,0.0497250957041403,-1.2316442235559024,0.0497250957041403,0.9502749042958596,5.403998449204256e-05,0.0001569421690241,0.004182481444595,True,19.70675328973269,0.103566235146637,-0.8957950064011232,0.103566235146637,0.896433764853363,0.0004840172647973,0.0008012450339332,0.0088870760758478,True,0,0,1,0.7531017471158272,1,1,1,1,0.7433747258620367,0,1,0,1,1,0,0,0.004141944317662946,0.0022414929763171216,0.017018793972924356,0.0049948095899850315,34.596921017805855,34.150069065404054,-360.6230031948841,True,0.5666096,0.5254729717893137,43.12341
2026-06-08 14:45:00,2026-06-08 15:10:00,-1,1193.6,1193.65,pivot,-0.0500000000001819,0.1716175,-0.3216175000001819,-10130.95125000573,1.0,2026-06-08,1188.9,0.0,1186.0,1194.15,1185.65,0.0,2026,0.0,1.0,0.0,0.0,1,14,0,6,1193.6,1194.05,1186.25,7.676197138458971,27.73031473021372,-8.990098162115146,-6.520918846908178,-2.469179315206968,1214.4775,1238.6499391794991,1190.3050608205008,1199.22,1205.755,1214.4775,1221.1341666666667,1212.6980937120034,-1.0,0.0059065013404825,1,0.0063672922252009,1,0.0128602546916889,1,-0.0258880697050939,0,2026-06-08 14:45:00,-0.0039454405849972,-0.0197795376357285,30.9379474624324,0.0758728457660065,-0.9808490027667154,0.0758728457660065,0.9241271542339936,5.403998449204256e-05,0.0001569421690241,0.004182481444595,True,2.4557080292619,0.0179664554922478,-2.3158103400952954,0.0179664554922478,0.9820335445077522,0.0004840172647973,0.0008012450339332,0.0088870760758478,True,1,0,0,2.4691793152069677,0,0,0,0,0.06815487578708206,1,0,0,1,0,1,0,-0.017491203083109967,-0.02306816912421817,0.04050341685572919,0.006431130310371122,-68.47111953602281,1.889956155974408,200.56970509382833,True,0.7079103,0.5761101623725879,75.39636
2026-06-08 15:10:00,2026-06-08 15:45:00,-1,1193.65,1178.25,eod,15.400000000000093,0.171157,15.12884300000009,476558.5545000028,1.0,2026-06-08,1186.0,0.0,1178.25,1178.25,1178.25,0.0,2026,0.0,1.0,0.0,0.0,1,15,0,6,1193.65,1194.15,1185.65,7.47790469397023,30.909357963631976,-10.01294774542498,-8.821640333175175,-1.191307412249806,1204.9175,1230.3001354878008,1179.5348645121992,1189.94,1194.58,1204.9175,1219.48,1210.2344559067226,-1.0,0.0034767310350606,1,0.0129016043228752,1,-0.0309554727097556,0,-0.0288610564235745,0,2026-06-08 15:10:00,-0.0064295390948897,-0.0024422093068283,11.02814266992988,0.0283731247453799,-1.5747783585329385,0.0283731247453799,0.97162687525462,5.403998449204256e-05,0.0001569421690241,0.004182481444595,True,60.38600361418247,0.2824478255616149,-0.3649630444344121,0.2824478255616149,0.717552174438385,0.0004840172647973,0.0008012450339332,0.0088870760758478,True,0,0,0,1.1913074122498042,0,0,1,0,0.2780470825140437,0,0,0,0,0,1,0,-0.009439534201817892,-0.021639509068822456,0.04252944412147752,0.006264738151024362,-36.82254724995734,8.594256804170094,406.4005361705688,True,0.58260113,0.5458122842430682,72.47748
2026-06-11 12:30:00,2026-06-11 13:00:00,1,1213.55,1230.4,pivot,16.850000000000136,0.1733185,16.576681500000138,522165.4672500043,1.0,2026-06-11,1219.8,0.0,1225.6,1233.5,1223.6,0.0,2026,0.0,1.0,1.0,1.0,1,12,3,6,1213.55,1221.5,1212.65,7.961934146775317,56.39446723105885,0.0786019702582052,-0.7722220579479205,0.8508240282061258,1210.395,1223.37400734555,1197.41599265445,1212.28,1211.73,1210.395,1210.1633333333334,1209.8621710627906,1.0,0.0078694738576902,1,0.0138436817601252,1,0.0098471426805653,1,0.0106299699229533,1,2026-06-11 12:30:00,0.0053842015770304,0.0079012756741348,24.60645723715665,0.932400983902502,1.044821130758049,0.932400983902502,0.0675990160974979,3.0315229701143435e-05,3.663137020312779e-05,0.0051181681240955,True,27.736549500335983,0.8401659120844968,0.6945873264003246,0.8401659120844968,0.1598340879155032,0.0004793510463258,0.0001998848833679,0.0110877214398355,True,0,0,1,0.8508240282061257,1,1,1,1,0.6215424229296596,0,1,0,1,1,0,0,0.002599810473404452,0.002790710450056893,0.02139014848263346,0.006560862054942373,47.98176777806785,35.05155380261961,436.07597544394383,True,0.6469208,0.5278880380769676,49.833664
2026-06-11 14:25:00,2026-06-11 14:40:00,-1,1226.25,1227.2,pivot,-0.9500000000000456,0.1736035,-1.2236035000000456,-38543.51025000143,1.0,2026-06-11,1220.25,0.0,1230.25,1231.5,1226.65,0.0,2026,0.0,1.0,1.0,1.0,1,14,3,6,1226.25,1226.25,1218.2,6.449381423487949,44.27631765884901,1.858554583807063,3.258320256027227,-1.399765672220164,1227.74,1235.5691358731267,1219.910864126873,1225.27,1229.14,1227.74,1218.9216666666666,1217.7241474698365,1.0,0.0005300713557595,1,0.0018348623853211,1,0.0004485219164117,1,-0.1025076452599388,0,2026-06-11 14:25:00,-0.0050272927903475,-0.0070637045232946,30.30418263113044,0.0789662259079991,-0.989401683917052,0.0789662259079991,0.9210337740920008,3.0315229701143435e-05,3.663137020312779e-05,0.0051181681240955,True,26.578800535059983,0.164154261766852,-0.6551020826124204,0.164154261766852,0.835845738233148,0.0004793510463258,0.0001998848833679,0.0110877214398355,True,0,0,0,1.399765672220164,0,1,1,0,0.4048426273253054,1,1,0,1,1,0,0,-0.0012150866462793143,0.005976214746856983,0.012769232820594173,0.005259434392242976,-61.9764695511723,17.92494076929825,57.798165137614646,True,0.62893707,0.5481127985036552,43.12341
2026-06-12 14:40:00,2026-06-12 15:05:00,1,1321.25,1309.25,pivot,-12.0,0.178915,-12.278915,-386785.8225,1.0,2026-06-12,1316.1,0.0,1309.35,1312.45,1302.25,0.0,2026,0.0,2.0,0.0,0.0,0,14,4,6,1321.25,1328.75,1312.0,6.510125463986152,16.301937662787907,-5.411773019170596,-1.0263821313588617,-4.385390887811735,1349.8725,1373.4332942656583,1326.3117057343416,1334.46,1342.7949999999998,1349.8725,1348.8425,1343.122599509992,-1.0,-0.00802270577105,0,-0.0090066225165563,0,-0.015212866603595,0,0.0470009460737936,1,2026-06-12 14:40:00,-0.0042081381405706,-0.0251354343914805,41.3374079216787,0.1083962347196075,-0.8293532779413916,0.1083962347196075,0.8916037652803925,3.0315229701143435e-05,3.663137020312779e-05,0.0051181681240955,True,1.752820461661819,0.0172696468302359,-2.284988797051192,0.0172696468302359,0.982730353169764,0.0004793510463258,0.0001998848833679,0.0110877214398355,True,1,0,0,4.3853908878117345,0,0,0,0,-0.10741797745162121,1,0,0,1,0,1,0,-0.021663197729422854,-0.020883632923368003,0.035664400023702386,0.004927247276432282,-71.49036888006502,-1.751121172279086,-283.70860927152347,True,0.68764496,0.5676027963372957,75.39636
2026-06-15 10:30:00,2026-06-15 12:45:00,1,1380.65,1381.8,pivot,1.1499999999998636,0.1828735,0.8671264999998636,27314.484749995703,1.0,2026-06-15,1374.1,0.0,1381.45,1382.85,1380.75,0.0,2026,0.0,1.0,1.0,1.0,0,10,0,6,1380.65,1380.9,1372.5,7.967238169464702,55.740387071661125,8.34105641446331,10.248190308146476,-1.9071338936831663,1378.19,1388.381616787731,1367.9983832122691,1376.1799999999998,1379.015,1378.19,1352.6508333333334,1357.3018176288867,1.0,-0.00391120124579,0,-0.0058305870423352,0,-0.0060116611740848,0,0.0009415854850975,1,2026-06-15 10:30:00,-0.0047916455843781,-0.0048640699914348,33.11517232313476,0.08651863268525,-0.9433603659579816,0.08651863268525,0.91348136731475,3.0315229701143435e-05,3.663137020312779e-05,0.0051181681240955,True,37.13323695479868,0.2344819300265389,-0.4567173609366885,0.2344819300265389,0.7655180699734611,0.0004793510463258,0.0001998848833679,0.0110877214398355,True,0,0,0,1.9071338936831665,1,1,1,1,0.6206874263051904,1,1,1,0,1,0,0,0.0017817694564154828,0.02027969917550916,0.014763505287699178,0.005770642935910406,-106.3043814313839,34.59735739276445,-183.66349183355882,True,0.60668415,0.5426218453656433,43.12341
2026-06-19 11:15:00,2026-06-19 11:55:00,1,1515.3,1521.4,pivot,6.100000000000136,0.191101,5.808899000000136,182980.3185000043,1.0,2026-06-19,1507.6,0.0,1517.35,1522.7,1517.0,0.0,2026,0.0,1.0,0.0,0.0,1,11,4,6,1515.3,1516.2,1507.25,6.078908269330671,39.78777511757704,2.173062462547932,6.076237488032939,-3.903175025485007,1524.6375,1538.8965645270505,1510.3784354729498,1514.6699999999998,1520.575,1524.6375,1495.9791666666667,1518.013522521011,-1.0,0.0012208803537254,1,0.0041575925559294,1,-0.0008909126905562,0,-0.0349105787632811,0,2026-06-19 11:15:00,-0.0051274529710718,-0.0075003242686728,29.193464129232755,0.0759533143138504,-1.0089712209654214,0.0759533143138504,0.9240466856861496,3.0315229701143435e-05,3.663137020312779e-05,0.0051181681240955,True,24.68645689143957,0.1528817104351947,-0.6944807545737709,0.1528817104351947,0.8471182895648053,0.0004793510463258,0.0001998848833679,0.0110877214398355,True,0,0,0,3.9031750254850075,0,1,1,0,0.17257669736025144,1,0,1,0,0,1,0,-0.006162146109681311,0.012750500450955727,0.018820120803867652,0.004011686312499618,-155.2986501585405,6.866442825103836,130.9641655117761,True,0.62162066,0.5379240184924456,73.87168
2026-06-19 12:30:00,2026-06-19 12:50:00,-1,1486.6,1471.95,pivot,14.649999999999864,0.1887565,14.361243499999864,452379.1702499957,1.0,2026-06-19,1472.35,0.0,1466.4,1478.8,1465.0,0.0,2026,0.0,1.0,0.0,0.0,1,12,4,6,1486.6,1487.05,1472.0,7.199813314448379,19.05209768662044,-7.475818652180578,-2.442022862973669,-5.033795789206909,1510.695,1537.3816988379815,1484.0083011620184,1491.2900000000002,1504.65,1510.695,1508.0716666666667,1502.7062772665947,-1.0,-0.0006054083142742,0,0.0162787568949279,1,0.0081057446522265,1,0.0190030943091618,1,2026-06-19 12:30:00,-0.0096991348545731,-0.0278623655882462,3.432456407469431,0.0100715813555967,-1.8378571319781687,0.0100715813555967,0.9899284186444032,5.5377162570452734e-05,0.0001014026503107,0.0053325894240403,True,0.9406758519657458,0.012105164457228,-2.424361094165617,0.012105164457228,0.987894835542772,0.0004311940572632,0.0005045616994243,0.0117007847370334,True,1,0,0,5.033795789206909,0,0,0,0,0.048557876223583915,1,0,0,1,0,1,0,-0.016208125924929387,-0.014443472801471013,0.03590299857121158,0.004843140935321122,-95.90436911046866,0.9251294012665447,512.7808421902289,True,0.7138874,0.5718371816684982,59.796707
2026-06-19 13:00:00,2026-06-19 13:25:00,1,1462.4,1474.55,pivot,12.149999999999864,0.1881085,11.861891499999862,373649.58224999567,1.0,2026-06-19,1451.95,0.0,1475.55,1476.85,1468.05,0.0,2026,0.0,2.0,0.0,0.0,1,13,4,6,1462.4,1467.4,1451.25,10.390673051367228,22.27601841782817,-14.627602257738316,-9.5748179825546,-5.052784275183718,1496.835,1543.949095556751,1449.720904443249,1465.1600000000003,1476.215,1496.835,1507.8366666666666,1492.1918214131515,-1.0,0.0043421772428883,1,0.0089920678336979,1,-0.0088211159737418,0,-0.006769693654267,0,2026-06-19 13:00:00,-0.0071714411697594,-0.0241893778896585,13.25614447168507,0.0299971653986454,-1.3638484499261767,0.0299971653986454,0.9700028346013544,5.5377162570452734e-05,0.0001014026503107,0.0053325894240403,True,1.4331811835346209,0.0164250194877115,-2.110451576031969,0.0164250194877115,0.9835749805122884,0.0004311940572632,0.0005045616994243,0.0117007847370334,True,1,0,0,5.052784275183715,0,0,0,0,0.13455734856969176,1,0,0,1,0,1,0,-0.023546909190371952,-0.031069930707512645,0.06443393812465939,0.007105219537313476,-112.55591557530506,2.9974019749925787,283.2501367614839,True,0.7290738,0.5629685938293221,71.1027
