entry_time,exit_time,direction,entry_px,exit_px,exit_reason,gross_pts,cost_pts,net_pts,net_krw,size_factor,exit_date,entry_close,entry_high,entry_low,entry_volume,exit_close,exit_high,exit_low,exit_volume,year,entry_rsi,entry_macd,entry_macd_signal,entry_macd_hist,entry_atr,entry_supertrend,entry_supertrend_dir,entry_ma5,entry_ma10,entry_ma20,entry_ma60,entry_bb_upper,entry_bb_lower,entry_bb_middle,atr_normalized,volatility_regime,trend_regime,momentum_regime,is_win,entry_hour,entry_dayofweek,entry_month,ret_log_5m_kde_pdf,ret_log_5m_kde_cdf,ret_log_5m_kde_zscore,ret_log_5m_kde_left_tail,ret_log_5m_kde_right_tail,ret_log_5m_kde_median,ret_log_5m_kde_mean,ret_log_5m_kde_std,ret_log_5m_kde_ready,ret_log_15m_kde_pdf,ret_log_15m_kde_cdf,ret_log_15m_kde_zscore,ret_log_15m_kde_left_tail,ret_log_15m_kde_right_tail,ret_log_15m_kde_median,ret_log_15m_kde_mean,ret_log_15m_kde_std,ret_log_15m_kde_ready,ret_log_30m_kde_pdf,ret_log_30m_kde_cdf,ret_log_30m_kde_zscore,ret_log_30m_kde_left_tail,ret_log_30m_kde_right_tail,ret_log_30m_kde_median,ret_log_30m_kde_mean,ret_log_30m_kde_std,ret_log_30m_kde_ready,ret_log_60m_kde_pdf,ret_log_60m_kde_cdf,ret_log_60m_kde_zscore,ret_log_60m_kde_left_tail,ret_log_60m_kde_right_tail,ret_log_60m_kde_median,ret_log_60m_kde_mean,ret_log_60m_kde_std,ret_log_60m_kde_ready,kde_aligned_tail_5m,kde_opposite_tail_5m,kde_aligned_zscore_5m,kde_aligned_tail_15m,kde_opposite_tail_15m,kde_aligned_zscore_15m,kde_aligned_tail_30m,kde_opposite_tail_30m,kde_aligned_zscore_30m,kde_aligned_tail_60m,kde_opposite_tail_60m,kde_aligned_zscore_60m,rsi_oversold,rsi_overbought,macd_bullish,macd_strength,price_above_ma20,price_above_ma60,price_above_ma5,price_above_ma10,bb_position,bb_lower_touch,price_above_st,is_morning,is_afternoon,is_bull,is_neutral,is_bear,kde_tail_spread_5m,kde_zscore_abs_5m,kde_tail_spread_15m,kde_zscore_abs_15m,kde_tail_spread_30m,kde_zscore_abs_30m,kde_tail_spread_60m,kde_zscore_abs_60m,filter_score,entry_score,exit_score
2026-02-02 10:35:00,2026-02-02 11:45:00,-1,752.7,743.6,pivot,9.100000000000025,0.144889,8.755111000000026,275785.9965000008,1.0,2026-02-02,753.35,754.85,752.7,0.0,740.35,743.95,740.25,0.0,2026,0.0,0.0,0.0,0.0,0.0,0.0,0.0,0.0,0.0,0.0,0.0,0.0,0.0,0.0,0.0,1.0,1.0,1.0,1,10,0,2,241.9721459348852,0.6951213271102294,0.4192772704099587,0.6951213271102294,0.3048786728897705,8.641396874179285e-05,8.177334801203932e-05,0.0017052833241906,True,21.076703163897573,0.0469486383202723,-1.6714952356444308,0.0469486383202723,0.9530513616797276,0.0002560618877927,0.0002145940259377,0.0030990288081222,True,15.942563478638537,0.0525276969594983,-1.6914835819846918,0.0525276969594983,0.9474723030405016,0.000550141628787,0.0004273227369297,0.0042414083138163,True,7.176038049031094,0.0375639304727076,-1.9152506936380151,0.0375639304727076,0.9624360695272924,0.0010319650072352,0.000866475053642,0.0060363158423319,True,0.3048786728897705,0.6951213271102294,0.4192772704099587,0.9530513616797276,0.0469486383202723,-1.6714952356444308,0.9474723030405016,0.0525276969594983,-1.6914835819846918,0.9624360695272924,0.0375639304727076,-1.9152506936380151,1,0,0,0.0,1,1,1,1,,0,1,1,0,1,0,0,-0.39024265422045895,0.4192772704099587,0.9061027233594553,1.6714952356444308,0.8949446060810032,1.6914835819846918,0.9248721390545849,1.9152506936380151,0.5615673,0.4647683311215215,0.53068316
2026-02-02 11:45:00,2026-02-02 13:15:00,1,743.6,729.0,pivot,-14.600000000000025,0.144178,-14.944178000000022,-470741.6070000007,1.0,2026-02-02,740.35,743.95,740.25,0.0,736.3,736.7,728.8,0.0,2026,0.0,0.0,0.0,0.0,0.0,0.0,0.0,0.0,0.0,0.0,0.0,0.0,0.0,0.0,0.0,1.0,0.0,0.0,0,11,0,2,11.119595975667057,0.0145555928187936,-2.6165633459711657,0.0145555928187936,0.9854444071812064,8.641396874179285e-05,8.177334801203932e-05,0.0017052833241906,True,22.639212622957093,0.0494682632993555,-1.6345039877139669,0.0494682632993555,0.9505317367006444,0.0002560618877927,0.0002145940259377,0.0030990288081222,True,106.05081030715614,0.3482519305551691,-0.2758373441675055,0.3482519305551691,0.6517480694448309,0.000550141628787,0.0004273227369297,0.0042414083138163,True,6.93917355174608,0.0367138164850964,-1.9351244043479243,0.0367138164850964,0.9632861835149036,0.0010319650072352,0.000866475053642,0.0060363158423319,True,0.0145555928187936,0.9854444071812064,2.6165633459711657,0.0494682632993555,0.9505317367006444,1.6345039877139669,0.3482519305551691,0.6517480694448309,0.2758373441675055,0.0367138164850964,0.9632861835149036,1.9351244043479243,1,0,0,0.0,1,1,1,1,,0,1,1,0,0,1,0,-0.9708888143624128,2.6165633459711657,-0.9010634734012889,1.6345039877139669,-0.30349613888966176,0.2758373441675055,-0.9265723670298072,1.9351244043479243,0.7283011,0.6598964346846881,0.53034866
2026-02-04 10:25:00,2026-02-04 11:25:00,1,783.25,782.55,pivot,-0.7000000000000455,0.146974,-1.0469740000000454,-32979.68100000143,1.0,2026-02-04,783.1,784.6,782.25,0.0,781.95,783.75,780.3,0.0,2026,0.0,0.0,0.0,0.0,0.0,0.0,0.0,0.0,0.0,0.0,0.0,0.0,0.0,0.0,0.0,1.0,1.0,2.0,0,10,2,2,273.0996626256603,0.4064016723770244,-0.1716438949464752,0.4064016723770244,0.5935983276229756,7.738821747992845e-05,6.579449271519777e-05,0.0018710663092104,True,39.83664011827633,0.9232241749785616,1.252653101765166,0.9232241749785616,0.0767758250214384,0.000213833586337,0.000162856449323,0.0033947501272956,True,5.541677834105252,0.9787064723151676,2.1953951153764284,0.9787064723151676,0.0212935276848325,0.0004734219076551,0.0002766247357196,0.0048157447854478,True,21.75124880332796,0.9183066281075908,1.2578084168559804,0.9183066281075908,0.0816933718924091,0.0009443033747706,0.0005396176911104,0.0067096118078009,True,0.4064016723770244,0.5935983276229756,0.1716438949464752,0.9232241749785616,0.0767758250214384,-1.252653101765166,0.9787064723151676,0.0212935276848325,-2.1953951153764284,0.9183066281075908,0.0816933718924091,-1.2578084168559804,1,0,0,0.0,1,1,1,1,,0,1,1,0,1,0,0,-0.1871966552459512,0.1716438949464752,0.8464483499571231,1.252653101765166,0.9574129446303351,2.1953951153764284,0.8366132562151817,1.2578084168559804,0.55014265,0.47751134926651206,0.5413451
2026-02-06 11:00:00,2026-02-06 11:35:00,1,740.1,749.8,pivot,9.699999999999932,0.144697,9.35530299999993,294692.0444999978,1.0,2026-02-06,744.35,744.9,739.85,0.0,751.45,751.8,749.7,0.0,2026,0.0,0.0,0.0,0.0,0.0,0.0,0.0,0.0,0.0,0.0,0.0,0.0,0.0,0.0,0.0,1.0,2.0,2.0,1,11,4,2,6.607507418524383,0.9905485879504872,2.84327285625714,0.9905485879504872,0.0094514120495129,5.289460424300975e-05,5.752032188535173e-05,0.0020174224592479,True,0.746886959874482,0.9956743787834982,3.59354983713709,0.9956743787834982,0.0043256212165018,0.0002521785706122,0.0002054259713991,0.0036119702117282,True,0.0437909046394802,0.9999907902062388,4.947211414681318,0.9999907902062388,9.20979376117792e-06,0.0005913884614085,0.0003750648751144,0.0050114914165461,True,7.4987479214859,0.9714641166982296,1.8121115572083044,0.9714641166982296,0.0285358833017702,0.0013806949404159,0.000746612223438,0.0069392783439163,True,0.9905485879504872,0.0094514120495129,-2.84327285625714,0.9956743787834982,0.0043256212165018,-3.59354983713709,0.9999907902062388,9.20979376117792e-06,-4.947211414681318,0.9714641166982296,0.0285358833017702,-1.8121115572083044,1,0,0,0.0,1,1,1,1,,0,1,1,0,0,0,0,0.9810971759009742,2.84327285625714,0.9913487575669964,3.59354983713709,0.9999815804124776,4.947211414681318,0.9429282333964595,1.8121115572083044,0.5613951,0.5594823741915285,0.5486713
2026-02-06 11:35:00,2026-02-06 12:15:00,1,749.8,743.65,pivot,-6.149999999999977,0.1448035,-6.4948034999999775,-204586.31024999928,1.0,2026-02-06,751.45,751.8,749.7,0.0,743.55,745.4,743.1,0.0,2026,0.0,0.0,0.0,0.0,0.0,0.0,0.0,0.0,0.0,0.0,0.0,0.0,0.0,0.0,0.0,1.0,2.0,2.0,0,11,4,2,92.80205495183786,0.8943204714216242,1.0941364407742342,0.8943204714216242,0.1056795285783758,5.289460424300975e-05,5.752032188535173e-05,0.0020174224592479,True,13.865170853540674,0.96185625940425,1.772891262687145,0.96185625940425,0.0381437405957498,0.0002521785706122,0.0002054259713991,0.0036119702117282,True,9.92955988024461,0.967378366370083,1.8328733655608176,0.967378366370083,0.0326216336299169,0.0005913884614085,0.0003750648751144,0.0050114914165461,True,0.0014458418163789,0.9999993479228568,3.8487880920369344,0.9999993479228568,6.520771432816375e-07,0.0013806949404159,0.000746612223438,0.0069392783439163,True,0.8943204714216242,0.1056795285783758,-1.0941364407742342,0.96185625940425,0.0381437405957498,-1.772891262687145,0.967378366370083,0.0326216336299169,-1.8328733655608176,0.9999993479228568,6.520771432816375e-07,-3.8487880920369344,1,0,0,0.0,1,1,1,1,,0,1,1,0,0,0,0,0.7886409428432484,1.0941364407742342,0.9237125188085002,1.772891262687145,0.9347567327401661,1.8328733655608176,0.9999986958457135,3.8487880920369344,0.5613951,0.5594823741915285,0.550743
2026-02-09 10:40:00,2026-02-09 12:05:00,-1,777.55,780.05,pivot,-2.5,0.146728,-2.846728,-89671.932,1.0,2026-02-09,780.35,780.7,776.95,0.0,782.25,782.55,779.9,0.0,2026,0.0,0.0,0.0,0.0,0.0,0.0,0.0,0.0,0.0,0.0,0.0,0.0,0.0,0.0,0.0,1.0,1.0,1.0,0,10,0,2,31.478940852154228,0.9470025485657524,1.5785275639877092,0.9470025485657524,0.0529974514342475,4.216743096303528e-05,5.952200045666753e-05,0.0021987337573686,True,122.5915689915234,0.4763144669798319,-0.0473494999361446,0.4763144669798319,0.5236855330201681,0.0001933131176783,0.0001844554877943,0.003895616385455,True,60.92882846295114,0.2840689149109343,-0.4692711749711983,0.2840689149109343,0.7159310850890657,0.0004505297529106,0.0003084696728067,0.0054308519843911,True,26.271545025991,0.1701515959432853,-0.8637290149725992,0.1701515959432853,0.8298484040567147,0.0012766876575407,0.0007812489464509,0.0074142555928312,True,0.0529974514342475,0.9470025485657524,1.5785275639877092,0.5236855330201681,0.4763144669798319,-0.0473494999361446,0.7159310850890657,0.2840689149109343,-0.4692711749711983,0.8298484040567147,0.1701515959432853,-0.8637290149725992,1,0,0,0.0,1,1,1,1,,0,1,1,0,1,0,0,-0.8940050971315049,1.5785275639877092,0.047371066040336196,0.0473494999361446,0.4318621701781314,0.4692711749711983,0.6596968081134293,0.8637290149725992,0.5615673,0.4647683311215215,0.54970473
2026-02-23 10:30:00,2026-02-23 11:35:00,-1,869.7,869.85,pivot,-0.1499999999999772,0.1521865,-0.5021864999999772,-15818.874749999284,1.0,2026-02-23,873.65,874.0,869.6,0.0,869.9,870.35,869.0,0.0,2026,0.0,0.0,0.0,0.0,0.0,0.0,0.0,0.0,0.0,0.0,0.0,0.0,0.0,0.0,0.0,1.0,1.0,1.0,0,10,0,2,16.59282560865103,0.9695558047087872,2.1261098906124927,0.9695558047087872,0.0304441952912126,3.543206000576402e-05,7.003140070922482e-05,0.0021525089542855,True,118.69091672651253,0.6426058035930224,0.3006326754764721,0.6426058035930224,0.3573941964069775,0.0002250737755654,0.0002225172056426,0.0038318347576156,True,97.3772161817934,0.5043596639945176,0.0102230098946352,0.5043596639945176,0.4956403360054824,0.0004131882393472,0.0004035173423449,0.005324924491146,True,64.11089764287176,0.604103187673767,0.24832533462424,0.604103187673767,0.3958968123262329,0.0008176051425752,0.0005853660821882,0.0073340726379792,True,0.0304441952912126,0.9695558047087872,2.1261098906124927,0.3573941964069775,0.6426058035930224,0.3006326754764721,0.4956403360054824,0.5043596639945176,0.0102230098946352,0.3958968123262329,0.604103187673767,0.24832533462424,1,0,0,0.0,1,1,1,1,,0,1,1,0,1,0,0,-0.9391116094175747,2.1261098906124927,-0.28521160718604494,0.3006326754764721,-0.008719327989035186,0.0102230098946352,-0.2082063753475341,0.24832533462424,0.5615673,0.4647683311215215,0.55075914
2026-02-25 10:55:00,2026-02-25 12:20:00,1,904.5,908.5,pivot,4.0,0.15439,3.64561,114836.715,1.0,2026-02-25,904.45,904.9,903.6,0.0,906.4,909.05,906.35,0.0,2026,0.0,0.0,0.0,0.0,0.0,0.0,0.0,0.0,0.0,0.0,0.0,0.0,0.0,0.0,0.0,1.0,1.0,2.0,1,10,2,2,230.3463885455683,0.4832511071722698,-0.0593203894421081,0.4832511071722698,0.5167488928277302,1.7530178388744917e-05,7.144255415181444e-05,0.0021362510099705,True,96.11181308954625,0.7356910680355813,0.520719759722445,0.7356910680355813,0.2643089319644187,0.000216445238591,0.0002539285729104,0.0037636531510168,True,65.20548926827811,0.7596183903711545,0.5821227695311482,0.7596183903711545,0.2403816096288454,0.000425239207725,0.0003203545055171,0.0053477210599192,True,9.14633262382831,0.9537041876112706,1.6122888284693868,0.9537041876112706,0.0462958123887293,0.0011658807229374,0.0007713045686834,0.0071459346845936,True,0.4832511071722698,0.5167488928277302,0.0593203894421081,0.7356910680355813,0.2643089319644187,-0.520719759722445,0.7596183903711545,0.2403816096288454,-0.5821227695311482,0.9537041876112706,0.0462958123887293,-1.6122888284693868,1,0,0,0.0,1,1,1,1,,0,1,1,0,1,0,0,-0.033497785655460355,0.0593203894421081,0.4713821360711626,0.520719759722445,0.5192367807423092,0.5821227695311482,0.9074083752225414,1.6122888284693868,0.55014265,0.47751134926651206,0.5524787
2026-03-03 11:10:00,2026-03-03 11:40:00,1,902.35,898.75,pivot,-3.6000000000000227,0.154033,-3.954033000000023,-124552.03950000073,1.0,2026-03-03,900.3,903.0,899.65,0.0,896.8,900.45,896.7,0.0,2026,0.0,0.0,0.0,0.0,0.0,0.0,0.0,0.0,0.0,0.0,0.0,0.0,0.0,0.0,0.0,1.0,0.0,0.0,0,11,1,3,71.98852656977354,0.0943847286648742,-1.2266620772428276,0.0943847286648742,0.9056152713351258,9.17139810189688e-05,0.0001302569107613,0.0020055209872097,True,24.30082834433735,0.0593914802630252,-1.6327320748285925,0.0593914802630252,0.9406085197369748,0.0003863748044222,0.0004149218915458,0.0034432008556156,True,3.1788372658291504,0.0040840430931462,-2.8933588603390774,0.0040840430931462,0.9959159569068536,0.0007785232701854,0.0008085498559321,0.0046852161306923,True,2.7422318276067927,0.0068327834572101,-2.871574054169862,0.0068327834572101,0.9931672165427898,0.0012870680264136,0.0011695332273873,0.0070545094903685,True,0.0943847286648742,0.9056152713351258,1.2266620772428276,0.0593914802630252,0.9406085197369748,1.6327320748285925,0.0040840430931462,0.9959159569068536,2.8933588603390774,0.0068327834572101,0.9931672165427898,2.871574054169862,1,0,0,0.0,1,1,1,1,,0,1,1,0,0,1,0,-0.8112305426702515,1.2266620772428276,-0.8812170394739496,1.6327320748285925,-0.9918319138137074,2.8933588603390774,-0.9863344330855798,2.871574054169862,0.77818763,0.6598964346846881,0.5489873
2026-03-03 11:40:00,2026-03-03 12:15:00,1,898.75,890.4,pivot,-8.350000000000023,0.1536745,-8.703674500000021,-274165.7467500007,1.0,2026-03-03,896.8,900.45,896.7,0.0,889.55,893.65,889.15,0.0,2026,0.0,0.0,0.0,0.0,0.0,0.0,0.0,0.0,0.0,0.0,0.0,0.0,0.0,0.0,0.0,1.0,0.0,0.0,0,11,1,3,89.26320856914963,0.1205918184921632,-1.0647516543029352,0.1205918184921632,0.8794081815078367,9.17139810189688e-05,0.0001302569107613,0.0020055209872097,True,27.50298485103836,0.0774680479435763,-1.4291388744514657,0.0774680479435763,0.9225319520564236,0.0003863748044222,0.0004149218915458,0.0034432008556156,True,37.01624277269751,0.1369544411410775,-1.0039492482747026,0.1369544411410775,0.8630455588589225,0.0007785232701854,0.0008085498559321,0.0046852161306923,True,4.115187518085222,0.015345696010427,-2.52493307388662,0.015345696010427,0.9846543039895728,0.0012870680264136,0.0011695332273873,0.0070545094903685,True,0.1205918184921632,0.8794081815078367,1.0647516543029352,0.0774680479435763,0.9225319520564236,1.4291388744514657,0.1369544411410775,0.8630455588589225,1.0039492482747026,0.015345696010427,0.9846543039895728,2.52493307388662,1,0,0,0.0,1,1,1,1,,0,1,1,0,0,1,0,-0.7588163630156736,1.0647516543029352,-0.8450639041128473,1.4291388744514657,-0.7260911177178451,1.0039492482747026,-0.9693086079791458,2.52493307388662,0.77818763,0.6598964346846881,0.5503233
2026-03-03 12:15:00,2026-03-03 12:45:00,1,890.4,890.9,pivot,0.5,0.153439,0.14656100000000002,4616.6715,1.0,2026-03-03,889.55,893.65,889.15,0.0,889.55,893.15,887.6,0.0,2026,0.0,0.0,0.0,0.0,0.0,0.0,0.0,0.0,0.0,0.0,0.0,0.0,0.0,0.0,0.0,1.0,1.0,0.0,1,12,1,3,168.50798295038254,0.2308319559495178,-0.625168932545232,0.2308319559495178,0.7691680440504822,9.17139810189688e-05,0.0001302569107613,0.0020055209872097,True,120.70424457297682,0.3034534666065067,-0.4305028380961844,0.3034534666065067,0.6965465333934933,0.0003863748044222,0.0004149218915458,0.0034432008556156,True,16.275962321773225,0.0524585720439583,-1.7622314738275242,0.0524585720439583,0.9475414279560416,0.0007785232701854,0.0008085498559321,0.0046852161306923,True,34.116969687678065,0.186055308138041,-0.7621064316004419,0.186055308138041,0.813944691861959,0.0012870680264136,0.0011695332273873,0.0070545094903685,True,0.2308319559495178,0.7691680440504822,0.625168932545232,0.3034534666065067,0.6965465333934933,0.4305028380961844,0.0524585720439583,0.9475414279560416,1.7622314738275242,0.186055308138041,0.813944691861959,0.7621064316004419,1,0,0,0.0,1,1,1,1,,0,1,0,1,1,0,0,-0.5383360881009644,0.625168932545232,-0.3930930667869866,0.4305028380961844,-0.8950828559120833,1.7622314738275242,-0.6278893837239179,0.7621064316004419,0.5616596,0.5371637711123137,0.5551889
2026-03-03 12:45:00,2026-03-03 13:10:00,1,890.9,882.65,pivot,-8.25,0.1532065,-8.6032065,-271001.00475,1.0,2026-03-03,889.55,893.15,887.6,0.0,883.5,886.85,881.7,0.0,2026,0.0,0.0,0.0,0.0,0.0,0.0,0.0,0.0,0.0,0.0,0.0,0.0,0.0,0.0,0.0,1.0,1.0,0.0,0,12,1,3,116.32488066341767,0.1591341439968109,-0.8770626246267716,0.1591341439968109,0.8408658560031891,9.17139810189688e-05,0.0001302569107613,0.0020055209872097,True,3.928749242187898,0.9920426753911964,2.997812611606878,0.9920426753911964,0.0079573246088037,0.0003863748044222,0.0004149218915458,0.0034432008556156,True,105.65823857581142,0.4160430417031945,-0.1725747187275877,0.4160430417031945,0.5839569582968054,0.0007785232701854,0.0008085498559321,0.0046852161306923,True,17.15095316637073,0.1079660331842014,-1.221547537842421,0.1079660331842014,0.8920339668157986,0.0012870680264136,0.0011695332273873,0.0070545094903685,True,0.1591341439968109,0.8408658560031891,0.8770626246267716,0.9920426753911964,0.0079573246088037,-2.997812611606878,0.4160430417031945,0.5839569582968054,0.1725747187275877,0.1079660331842014,0.8920339668157986,1.221547537842421,1,0,0,0.0,1,1,1,1,,0,1,0,1,1,0,0,-0.6817317120063782,0.8770626246267716,0.9840853507823927,2.997812611606878,-0.16791391659361088,0.1725747187275877,-0.7840679336315972,1.221547537842421,0.5616596,0.5371637711123137,0.55821675
2026-03-03 13:10:00,2026-03-03 14:10:00,1,882.65,880.45,pivot,-2.199999999999932,0.152893,-2.552892999999932,-80416.12949999786,1.0,2026-03-03,883.5,886.85,881.7,0.0,880.4,881.15,876.4,0.0,2026,0.0,0.0,0.0,0.0,0.0,0.0,0.0,0.0,0.0,0.0,0.0,0.0,0.0,0.0,0.0,1.0,1.0,0.0,0,13,1,3,194.38281283598775,0.7071895847795656,0.4432454305948701,0.7071895847795656,0.2928104152204344,9.17139810189688e-05,0.0001302569107613,0.0020055209872097,True,12.69769646908126,0.0241872805426512,-2.1677952681509285,0.0241872805426512,0.9758127194573488,0.0003863748044222,0.0004149218915458,0.0034432008556156,True,13.53755158114532,0.0374018866547893,-1.9767893963990424,0.0374018866547893,0.9625981133452106,0.0007785232701854,0.0008085498559321,0.0046852161306923,True,16.04534993919207,0.0996575659751854,-1.2924344158695076,0.0996575659751854,0.9003424340248145,0.0012870680264136,0.0011695332273873,0.0070545094903685,True,0.7071895847795656,0.2928104152204344,-0.4432454305948701,0.0241872805426512,0.9758127194573488,2.1677952681509285,0.0374018866547893,0.9625981133452106,1.9767893963990424,0.0996575659751854,0.9003424340248145,1.2924344158695076,1,0,0,0.0,1,1,1,1,,0,1,0,1,1,0,0,0.41437916955913123,0.4432454305948701,-0.9516254389146976,2.1677952681509285,-0.9251962266904213,1.9767893963990424,-0.8006848680496291,1.2924344158695076,0.57804686,0.549896144713095,0.5558004
2026-03-03 14:35:00,2026-03-03 15:10:00,1,873.7,865.2,pivot,-8.5,0.152167,-8.852167000000001,-278843.26050000003,1.0,2026-03-03,872.65,874.45,869.65,0.0,863.4,865.65,862.8,0.0,2026,0.0,0.0,0.0,0.0,0.0,0.0,0.0,0.0,0.0,0.0,0.0,0.0,0.0,0.0,0.0,1.0,1.0,0.0,0,14,1,3,159.60489281836217,0.2178176475303633,-0.6645480912263868,0.2178176475303633,0.7821823524696366,9.17139810189688e-05,0.0001302569107613,0.0020055209872097,True,15.70469035452174,0.0302283786753151,-2.0444214342833646,0.0302283786753151,0.9697716213246848,0.0003863748044222,0.0004149218915458,0.0034432008556156,True,12.5078482779897,0.0330636140108131,-2.0476208972929597,0.0330636140108131,0.9669363859891869,0.0007785232701854,0.0008085498559321,0.0046852161306923,True,22.598137528548957,0.1375473992622427,-1.007966660398934,0.1375473992622427,0.8624526007377573,0.0012870680264136,0.0011695332273873,0.0070545094903685,True,0.2178176475303633,0.7821823524696366,0.6645480912263868,0.0302283786753151,0.9697716213246848,2.0444214342833646,0.0330636140108131,0.9669363859891869,2.0476208972929597,0.1375473992622427,0.8624526007377573,1.007966660398934,1,0,0,0.0,1,1,1,1,,0,1,0,1,1,0,0,-0.5643647049392733,0.6645480912263868,-0.9395432426493696,2.0444214342833646,-0.9338727719783737,2.0476208972929597,-0.7249052014755146,1.007966660398934,0.5651098,0.5590231288400792,0.5542723
2026-03-03 15:10:00,2026-03-03 15:45:00,1,865.2,859.6,eod,-5.600000000000023,0.151744,-5.951744000000023,-187479.93600000071,1.0,2026-03-03,863.4,865.65,862.8,0.0,859.6,859.6,859.6,0.0,2026,0.0,0.0,0.0,0.0,0.0,0.0,0.0,0.0,0.0,0.0,0.0,0.0,0.0,0.0,0.0,1.0,0.0,0.0,0,15,1,3,88.10563098800408,0.1188376016627443,-1.074571697721292,0.1188376016627443,0.8811623983372557,9.17139810189688e-05,0.0001302569107613,0.0020055209872097,True,70.18172333091256,0.1657943632701818,-0.8428151346948807,0.1657943632701818,0.8342056367298181,0.0003863748044222,0.0004149218915458,0.0034432008556156,True,13.116631481078027,0.0355495578691371,-2.0063563024914237,0.0355495578691371,0.9644504421308628,0.0007785232701854,0.0008085498559321,0.0046852161306923,True,2.443415133444364,0.0057634154822423,-2.9297288190673614,0.0057634154822423,0.9942365845177576,0.0012870680264136,0.0011695332273873,0.0070545094903685,True,0.1188376016627443,0.8811623983372557,1.074571697721292,0.1657943632701818,0.8342056367298181,0.8428151346948807,0.0355495578691371,0.9644504421308628,2.0063563024914237,0.0057634154822423,0.9942365845177576,2.9297288190673614,1,0,0,0.0,1,1,1,1,,0,1,0,0,0,1,0,-0.7623247966745115,1.074571697721292,-0.6684112734596362,0.8428151346948807,-0.9289008842617258,2.0063563024914237,-0.9884731690355153,2.9297288190673614,0.8010207,0.7337287023890935,0.54871
2026-03-04 10:25:00,2026-03-04 10:30:00,1,809.35,807.25,pivot,-2.1000000000000227,0.148498,-2.448498000000023,-77127.68700000072,1.0,2026-03-04,807.4,810.25,806.1,0.0,805.0,808.1,802.5,0.0,2026,0.0,0.0,0.0,0.0,0.0,0.0,0.0,0.0,0.0,0.0,0.0,0.0,0.0,0.0,0.0,1.0,0.0,0.0,0,10,2,3,63.100960414074216,0.0917235100898351,-1.132582480087266,0.0917235100898351,0.9082764899101649,4.32141998336322e-05,6.182190897546455e-05,0.0024026075546275,True,1.7533214740129306,0.0020353194470932,-3.3274516178338174,0.0020353194470932,0.9979646805529068,0.0001901718617907,0.0001175088054785,0.0037714156656066,True,1.0235791518756882e-25,0.0,-6.129109286086243,0.0,1.0,0.0007785232701854,0.0008085498559321,0.0046852161306923,True,1.1685145368572128e-09,0.0,-5.134041393021042,0.0,1.0,0.0012870680264136,0.0011695332273873,0.0070545094903685,True,0.0917235100898351,0.9082764899101649,1.132582480087266,0.0020353194470932,0.9979646805529068,3.3274516178338174,0.0,1.0,6.129109286086243,0.0,1.0,5.134041393021042,1,0,0,0.0,1,1,1,1,,0,1,1,0,0,1,0,-0.8165529798203297,1.132582480087266,-0.9959293611058135,3.3274516178338174,-1.0,6.129109286086243,-1.0,5.134041393021042,0.78141505,0.6498795633716848,0.55763423
2026-03-04 10:30:00,2026-03-04 11:10:00,-1,807.25,796.8,pivot,10.450000000000044,0.1481215,10.101878500000046,318209.1727500014,1.0,2026-03-04,805.0,808.1,802.5,0.0,796.3,802.55,794.6,0.0,2026,0.0,0.0,0.0,0.0,0.0,0.0,0.0,0.0,0.0,0.0,0.0,0.0,0.0,0.0,0.0,1.0,0.0,0.0,1,10,2,3,51.326957674929055,0.0734346378374706,-1.2647728936836524,0.0734346378374706,0.9265653621625292,4.32141998336322e-05,6.182190897546455e-05,0.0024026075546275,True,3.1846319783345938,0.0070842575720999,-2.832522299162909,0.0070842575720999,0.9929157424279,0.0001901718617907,0.0001175088054785,0.0037714156656066,True,4.8379901692821874e-43,0.0,-6.918687351953852,0.0,1.0,0.0007785232701854,0.0008085498559321,0.0046852161306923,True,1.7673091102533416,0.0038314650414814,-3.0591658360707865,0.0038314650414814,0.9961685349585184,0.0012870680264136,0.0011695332273873,0.0070545094903685,True,0.9265653621625292,0.0734346378374706,-1.2647728936836524,0.9929157424279,0.0070842575720999,-2.832522299162909,1.0,0.0,-6.918687351953852,0.9961685349585184,0.0038314650414814,-3.0591658360707865,1,0,0,0.0,1,1,1,1,,0,1,1,0,0,1,0,0.8531307243250585,1.2647728936836524,0.9858314848558002,2.832522299162909,1.0,6.918687351953852,0.9923370699170371,3.0591658360707865,0.78141505,0.6498795633716848,0.569288
2026-03-04 11:10:00,2026-03-04 12:00:00,-1,796.8,782.7,pivot,14.099999999999907,0.147385,13.752614999999912,433207.3724999972,1.0,2026-03-04,796.3,802.55,794.6,0.0,768.85,782.8,768.5,0.0,2026,0.0,0.0,0.0,0.0,0.0,0.0,0.0,0.0,0.0,0.0,0.0,0.0,0.0,0.0,0.0,1.0,0.0,0.0,1,11,2,3,210.32098162099857,0.347282772381312,-0.2869919037075577,0.347282772381312,0.652717227618688,4.32141998336322e-05,6.182190897546455e-05,0.0024026075546275,True,0.0424813354309121,1.615999312492596e-05,-4.2102545572555234,1.615999312492596e-05,0.9999838400068752,0.0001901718617907,0.0001175088054785,0.0037714156656066,True,7.576923411371307e-21,0.0,-5.858931105280387,0.0,1.0,0.0007785232701854,0.0008085498559321,0.0046852161306923,True,0.1272603933127629,0.0001374087442703,-3.8903394733349534,0.0001374087442703,0.9998625912557296,0.0012870680264136,0.0011695332273873,0.0070545094903685,True,0.652717227618688,0.347282772381312,-0.2869919037075577,0.9999838400068752,1.615999312492596e-05,-4.2102545572555234,1.0,0.0,-5.858931105280387,0.9998625912557296,0.0001374087442703,-3.8903394733349534,1,0,0,0.0,1,1,1,1,,0,1,1,0,0,1,0,0.305434455237376,0.2869919037075577,0.9999676800137504,4.2102545572555234,1.0,5.858931105280387,0.9997251825114594,3.8903394733349534,0.78179145,0.662616405476948,0.5797203
2026-03-04 12:00:00,2026-03-04 12:05:00,-1,782.7,769.05,pivot,13.650000000000093,0.1465525,13.303447500000091,419058.59625000285,1.0,2026-03-04,768.85,782.8,768.5,0.0,788.0,788.5,764.55,0.0,2026,0.0,0.0,0.0,0.0,0.0,0.0,0.0,0.0,0.0,0.0,0.0,0.0,0.0,0.0,0.0,1.0,0.0,0.0,1,12,2,3,0.2447145635819778,0.0,-7.509826327833841,0.0,1.0,4.32141998336322e-05,6.182190897546455e-05,0.0024026075546275,True,1.679200681454791e-09,0.0,-8.398744561386208,0.0,1.0,0.0001901718617907,0.0001175088054785,0.0037714156656066,True,1.2276088855673391e-67,0.0,-7.793955101751612,0.0,1.0,0.0007785232701854,0.0008085498559321,0.0046852161306923,True,3.2004831557244856e-100,0.0,-8.811031340168428,0.0,1.0,0.0012870680264136,0.0011695332273873,0.0070545094903685,True,1.0,0.0,-7.509826327833841,1.0,0.0,-8.398744561386208,1.0,0.0,-7.793955101751612,1.0,0.0,-8.811031340168428,1,0,0,0.0,1,1,1,1,,0,1,0,1,0,1,0,1.0,7.509826327833841,1.0,8.398744561386208,1.0,7.793955101751612,1.0,8.811031340168428,0.79527783,0.6921653162448214,0.58974457
2026-03-04 12:05:00,2026-03-04 12:30:00,1,769.05,761.25,pivot,-7.799999999999954,0.145909,-8.145908999999955,-256596.13349999857,1.0,2026-03-04,788.0,788.5,764.55,0.0,754.5,763.5,754.45,0.0,2026,0.0,0.0,0.0,0.0,0.0,0.0,0.0,0.0,0.0,0.0,0.0,0.0,0.0,0.0,0.0,1.0,0.0,0.0,0,12,2,3,3.889942723319938e-50,0.999165973273926,10.214059279025976,0.999165973273926,0.0008340267260741,4.32141998336322e-05,6.182190897546455e-05,0.0024026075546275,True,31.14682146469878,0.9180282970324696,1.3013116719317257,0.9180282970324696,0.0819717029675305,0.0001901718617907,0.0001175088054785,0.0037714156656066,True,7.504322791107465,0.0163273475470708,-2.408951678347502,0.0163273475470708,0.9836726524529292,0.0007785232701854,0.0008085498559321,0.0046852161306923,True,3.24233647576736e-13,0.0,-5.4276277255458005,0.0,1.0,0.0012870680264136,0.0011695332273873,0.0070545094903685,True,0.999165973273926,0.0008340267260741,-10.214059279025976,0.9180282970324696,0.0819717029675305,-1.3013116719317257,0.0163273475470708,0.9836726524529292,2.408951678347502,0.0,1.0,5.4276277255458005,1,0,0,0.0,1,1,1,1,,0,1,0,1,0,1,0,0.9983319465478518,10.214059279025976,0.836056594064939,1.3013116719317257,-0.9673453049058585,2.408951678347502,-1.0,5.4276277255458005,0.79527783,0.6921653162448214,0.59200776
2026-03-04 12:30:00,2026-03-04 13:00:00,1,761.25,795.0,pivot,33.75,0.1466875,33.4033125,1052204.34375,1.0,2026-03-04,754.5,763.5,754.45,0.0,791.45,797.45,785.9,0.0,2026,0.0,0.0,0.0,0.0,0.0,0.0,0.0,0.0,0.0,0.0,0.0,0.0,0.0,0.0,0.0,1.0,0.0,0.0,1,12,2,3,0.8674261347346843,0.0017942896174137,-3.732762226567145,0.0017942896174137,0.9982057103825862,4.32141998336322e-05,6.182190897546455e-05,0.0024026075546275,True,0.0036480551293033,0.0,-6.162423961519646,0.0,1.0,0.0001901718617907,0.0001175088054785,0.0037714156656066,True,0.0093334797089939,3.716891969281589e-06,-4.193864927812144,3.716891969281589e-06,0.9999962831080308,0.0007785232701854,0.0008085498559321,0.0046852161306923,True,2.092031962282394e-68,0.0,-7.898204880997567,0.0,1.0,0.0012870680264136,0.0011695332273873,0.0070545094903685,True,0.0017942896174137,0.9982057103825862,3.732762226567145,0.0,1.0,6.162423961519646,3.716891969281589e-06,0.9999962831080308,4.193864927812144,0.0,1.0,7.898204880997567,1,0,0,0.0,1,1,1,1,,0,1,0,1,0,1,0,-0.9964114207651725,3.732762226567145,-1.0,6.162423961519646,-0.9999925662160615,4.193864927812144,-1.0,7.898204880997567,0.79527783,0.6921653162448214,0.59353554
2026-03-04 13:00:00,2026-03-04 13:05:00,-1,795.0,791.5,pivot,3.5,0.147595,3.1524050000000003,99300.7575,1.0,2026-03-04,791.45,797.45,785.9,0.0,800.1,800.1,791.5,0.0,2026,0.0,0.0,0.0,0.0,0.0,0.0,0.0,0.0,0.0,0.0,0.0,0.0,0.0,0.0,0.0,1.0,2.0,0.0,1,13,2,3,23.295631144602105,0.0293528503377536,-1.7837396900860285,0.0293528503377536,0.9706471496622464,4.32141998336322e-05,6.182190897546455e-05,0.0024026075546275,True,7.466361956640445,0.9833865684629858,2.5442201049972004,0.9833865684629858,0.0166134315370142,0.0001901718617907,0.0001175088054785,0.0037714156656066,True,1.1781459652483188e-87,1.0,10.03216858236283,1.0,0.0,0.0007785232701854,0.0008085498559321,0.0046852161306923,True,0.3458884771793886,0.998759439838426,3.940923317293045,0.998759439838426,0.0012405601615741,0.0012870680264136,0.0011695332273873,0.0070545094903685,True,0.9706471496622464,0.0293528503377536,-1.7837396900860285,0.0166134315370142,0.9833865684629858,2.5442201049972004,0.0,1.0,10.03216858236283,0.0012405601615741,0.998759439838426,3.940923317293045,1,0,0,0.0,1,1,1,1,,0,1,0,1,0,0,0,0.9412942993244928,1.7837396900860285,-0.9667731369259716,2.5442201049972004,-1.0,10.03216858236283,-0.9975188796768518,3.940923317293045,0.5902288,0.6276186410973037,0.5961275
2026-03-04 14:30:00,2026-03-04 14:55:00,1,765.1,776.1,pivot,11.0,0.146236,10.653763999999999,335593.566,1.0,2026-03-04,762.7,765.25,759.4,0.0,770.5,777.75,770.1,0.0,2026,0.0,0.0,0.0,0.0,0.0,0.0,0.0,0.0,0.0,0.0,0.0,0.0,0.0,0.0,0.0,1.0,0.0,0.0,1,14,2,3,41.96991687333964,0.0595742120130878,-1.3877798304839104,0.0595742120130878,0.9404257879869122,4.32141998336322e-05,6.182190897546455e-05,0.0024026075546275,True,3.4699105056517573e-09,0.0,-5.178238851779644,0.0,1.0,0.0001901718617907,0.0001175088054785,0.0037714156656066,True,0.5224582026175272,0.0008640491236266,-3.339193851468079,0.0008640491236266,0.9991359508763734,0.0007785232701854,0.0008085498559321,0.0046852161306923,True,0.3408346015846675,0.0006271099565614,-3.590321474665925,0.0006271099565614,0.9993728900434384,0.0012870680264136,0.0011695332273873,0.0070545094903685,True,0.0595742120130878,0.9404257879869122,1.3877798304839104,0.0,1.0,5.178238851779644,0.0008640491236266,0.9991359508763734,3.339193851468079,0.0006271099565614,0.9993728900434384,3.590321474665925,1,0,0,0.0,1,1,1,1,,0,1,0,1,0,1,0,-0.8808515759738245,1.3877798304839104,-1.0,5.178238851779644,-0.9982719017527468,3.339193851468079,-0.9987457800868771,3.590321474665925,0.8051519,0.7203674539995774,0.5957846
2026-03-04 14:55:00,2026-03-04 15:00:00,1,776.1,770.3,pivot,-5.800000000000068,0.146392,-6.146392000000066,-193611.3480000021,1.0,2026-03-04,770.5,777.75,770.1,0.0,762.95,770.3,762.55,0.0,2026,0.0,0.0,0.0,0.0,0.0,0.0,0.0,0.0,0.0,0.0,0.0,0.0,0.0,0.0,0.0,1.0,1.0,0.0,0,14,2,3,2.5890336185185165,0.0047383765889883,-3.1202767102160416,0.0047383765889883,0.9952616234110117,4.32141998336322e-05,6.182190897546455e-05,0.0024026075546275,True,11.413276890627548,0.0217072777690464,-2.156227314074596,0.0217072777690464,0.9782927222309536,0.0001901718617907,0.0001175088054785,0.0037714156656066,True,27.389507881275023,0.9103464866697418,1.300658746182525,0.9103464866697418,0.0896535133302581,0.0007785232701854,0.0008085498559321,0.0046852161306923,True,42.85887953898204,0.223344286648405,-0.624979959366186,0.223344286648405,0.7766557133515949,0.0012870680264136,0.0011695332273873,0.0070545094903685,True,0.0047383765889883,0.9952616234110117,3.1202767102160416,0.0217072777690464,0.9782927222309536,2.156227314074596,0.9103464866697418,0.0896535133302581,-1.300658746182525,0.223344286648405,0.7766557133515949,0.624979959366186,1,0,0,0.0,1,1,1,1,,0,1,0,1,1,0,0,-0.9905232468220233,3.1202767102160416,-0.9565854444619073,2.156227314074596,0.8206929733394838,1.300658746182525,-0.5533114267031899,0.624979959366186,0.56682825,0.5641161685670769,0.5967127
2026-03-04 15:00:00,2026-03-04 15:25:00,-1,770.3,749.85,pivot,20.44999999999993,0.1456045,20.10439549999993,633288.4582499978,1.0,2026-03-04,762.95,770.3,762.55,0.0,756.95,757.3,749.5,0.0,2026,0.0,0.0,0.0,0.0,0.0,0.0,0.0,0.0,0.0,0.0,0.0,0.0,0.0,0.0,0.0,1.0,0.0,0.0,1,15,2,3,0.7516424815689171,0.0011202303354632,-4.124260040852668,0.0011202303354632,0.9988797696645368,4.32141998336322e-05,6.182190897546455e-05,0.0024026075546275,True,1.2222647044426755,0.0013493027736349,-3.449630647903891,0.0013493027736349,0.9986506972263652,0.0001901718617907,0.0001175088054785,0.0037714156656066,True,107.84839421167057,0.4511194344804385,-0.1026250817396862,0.4511194344804385,0.5488805655195614,0.0007785232701854,0.0008085498559321,0.0046852161306923,True,6.072457399534976,0.0259360491650161,-2.222422284882545,0.0259360491650161,0.974063950834984,0.0012870680264136,0.0011695332273873,0.0070545094903685,True,0.9988797696645368,0.0011202303354632,-4.124260040852668,0.9986506972263652,0.0013493027736349,-3.449630647903891,0.5488805655195614,0.4511194344804385,-0.1026250817396862,0.974063950834984,0.0259360491650161,-2.222422284882545,1,0,0,0.0,1,1,1,1,,0,1,0,0,0,1,0,0.9977595393290737,4.124260040852668,0.9973013944527304,3.449630647903891,0.09776113103912293,0.1026250817396862,0.9481279016699679,2.222422284882545,0.80953336,0.7337287023890935,0.5940366
2026-03-04 15:25:00,2026-03-04 15:45:00,-1,749.85,761.4,eod,-11.549999999999956,0.1453375,-11.895337499999956,-374703.1312499986,1.0,2026-03-04,756.95,757.3,749.5,0.0,761.4,761.4,761.4,0.0,2026,0.0,0.0,0.0,0.0,0.0,0.0,0.0,0.0,0.0,0.0,0.0,0.0,0.0,0.0,0.0,1.0,0.0,0.0,0,15,2,3,1.0116607786489349,0.9977164274639588,3.841177261666583,0.9977164274639588,0.0022835725360412,4.32141998336322e-05,6.182190897546455e-05,0.0024026075546275,True,90.00967505923357,0.244464357505221,-0.5560736262505822,0.244464357505221,0.755535642494779,0.0001901718617907,0.0001175088054785,0.0037714156656066,True,0.074320339694822,4.149288997401329e-05,-3.959476583521736,4.149288997401329e-05,0.999958507110026,0.0007785232701854,0.0008085498559321,0.0046852161306923,True,12.060818399851197,0.0592812968446722,-1.7023961413609257,0.0592812968446722,0.9407187031553278,0.0012870680264136,0.0011695332273873,0.0070545094903685,True,0.0022835725360412,0.9977164274639588,3.841177261666583,0.755535642494779,0.244464357505221,-0.5560736262505822,0.999958507110026,4.149288997401329e-05,-3.959476583521736,0.9407187031553278,0.0592812968446722,-1.7023961413609257,1,0,0,0.0,1,1,1,1,,0,1,0,0,0,1,0,-0.9954328549279177,3.841177261666583,0.511071284989558,0.5560736262505822,0.999917014220052,3.959476583521736,0.8814374063106556,1.7023961413609257,0.80953336,0.7337287023890935,0.5946938
2026-03-05 10:25:00,2026-03-05 10:35:00,1,848.15,838.45,pivot,-9.699999999999932,0.150598,-10.050597999999932,-316593.83699999785,1.0,2026-03-05,845.2,849.3,844.9,0.0,839.05,843.5,837.05,0.0,2026,0.0,0.0,0.0,0.0,0.0,0.0,0.0,0.0,0.0,0.0,0.0,0.0,0.0,0.0,0.0,1.0,1.0,2.0,0,10,3,3,35.110945692778955,0.0490890611311252,-1.5004502922754523,0.0490890611311252,0.9509109388688748,4.32141998336322e-05,6.182190897546455e-05,0.0024026075546275,True,8.45331912275447,0.0170451394932812,-2.280343523644873,0.0170451394932812,0.9829548605067188,0.0001901718617907,0.0001175088054785,0.0037714156656066,True,70.70847884728614,0.2398655209464048,-0.5888410212472077,0.2398655209464048,0.7601344790535951,0.0007785232701854,0.0008085498559321,0.0046852161306923,True,22.8100862979994,0.1385241659066518,-1.001892962200304,0.1385241659066518,0.8614758340933482,0.0012870680264136,0.0011695332273873,0.0070545094903685,True,0.0490890611311252,0.9509109388688748,1.5004502922754523,0.0170451394932812,0.9829548605067188,2.280343523644873,0.2398655209464048,0.7601344790535951,0.5888410212472077,0.1385241659066518,0.8614758340933482,1.001892962200304,1,0,0,0.0,1,1,1,1,,0,1,1,0,1,0,0,-0.9018218777377496,1.5004502922754523,-0.9659097210134375,2.280343523644873,-0.5202689581071903,0.5888410212472077,-0.7229516681866963,1.001892962200304,0.5599595,0.4781266595892805,0.601817
2026-03-05 10:35:00,2026-03-05 11:35:00,-1,838.45,831.3,pivot,7.150000000000091,0.1500925,6.79990750000009,214197.08625000285,1.0,2026-03-05,839.05,843.5,837.05,0.0,840.85,841.25,831.1,0.0,2026,0.0,0.0,0.0,0.0,0.0,0.0,0.0,0.0,0.0,0.0,0.0,0.0,0.0,0.0,0.0,1.0,1.0,2.0,1,10,3,3,209.3485623830549,0.6508323630211625,0.2720079456247434,0.6508323630211625,0.3491676369788374,4.32141998336322e-05,6.182190897546455e-05,0.0024026075546275,True,3.134182445440961,0.0061950271473417,-2.9070427051521146,0.0061950271473417,0.9938049728526582,0.0001901718617907,0.0001175088054785,0.0037714156656066,True,2.397859151691742,0.0029749709287501,-2.9776758474095435,0.0029749709287501,0.9970250290712498,0.0007785232701854,0.0008085498559321,0.0046852161306923,True,48.25621159800704,0.2490100327515325,-0.5454026736001298,0.2490100327515325,0.7509899672484674,0.0012870680264136,0.0011695332273873,0.0070545094903685,True,0.3491676369788374,0.6508323630211625,0.2720079456247434,0.9938049728526582,0.0061950271473417,-2.9070427051521146,0.9970250290712498,0.0029749709287501,-2.9776758474095435,0.7509899672484674,0.2490100327515325,-0.5454026736001298,1,0,0,0.0,1,1,1,1,,0,1,1,0,1,0,0,-0.30166472604232514,0.2720079456247434,0.9876099457053166,2.9070427051521146,0.9940500581424997,2.9776758474095435,0.5019799344969349,0.5454026736001298,0.5599595,0.4781266595892805,0.59832025
2026-03-05 13:25:00,2026-03-05 15:10:00,1,829.45,829.2,pivot,-0.25,0.1497595,-0.5997595000000001,-18892.424250000004,1.0,2026-03-05,831.4,832.45,828.85,0.0,831.55,834.7,828.75,0.0,2026,0.0,0.0,0.0,0.0,0.0,0.0,0.0,0.0,0.0,0.0,0.0,0.0,0.0,0.0,0.0,1.0,1.0,0.0,0,13,3,3,99.0144433490408,0.8558951665789294,0.6544624758773349,0.8558951665789294,0.1441048334210706,3.294412368800298e-05,-1.942055130268935e-05,0.0032492653733775,True,12.559295640429127,0.9478540760393036,1.331560279973641,0.9478540760393036,0.0521459239606965,0.0001570524695294,-1.88460537236132e-06,0.0054863251331768,True,8.773558061185971,0.9659637843044768,1.5523388219763754,0.9659637843044768,0.034036215695523,0.0003505668751602,-5.051193640767458e-05,0.0073965635832046,True,66.44288388548856,0.5229074766280395,0.1135918908007315,0.5229074766280395,0.4770925233719605,0.0006189891729333,-0.0001198186228683,0.0095298549669452,True,0.8558951665789294,0.1441048334210706,-0.6544624758773349,0.9478540760393036,0.0521459239606965,-1.331560279973641,0.9659637843044768,0.034036215695523,-1.5523388219763754,0.5229074766280395,0.4770925233719605,-0.1135918908007315,1,0,0,0.0,1,1,1,1,,0,1,0,1,1,0,0,0.7117903331578588,0.6544624758773349,0.8957081520786071,1.331560279973641,0.9319275686089539,1.5523388219763754,0.04581495325607898,0.1135918908007315,0.5553801,0.5625080081809217,0.58756834
2026-03-05 15:10:00,2026-03-05 15:45:00,-1,829.2,820.0,eod,9.200000000000044,0.149476,8.850524000000046,278791.50600000145,1.0,2026-03-05,831.55,834.7,828.75,0.0,820.0,820.0,820.0,0.0,2026,0.0,0.0,0.0,0.0,0.0,0.0,0.0,0.0,0.0,0.0,0.0,0.0,0.0,0.0,0.0,1.0,0.0,1.0,1,15,3,3,65.49138342912231,0.9000493271250793,0.821289709749345,0.9000493271250793,0.0999506728749206,3.294412368800298e-05,-1.942055130268935e-05,0.0032492653733775,True,7.062743531136706,0.0394398092253103,-1.755687822201512,0.0394398092253103,0.9605601907746896,0.0001570524695294,-1.88460537236132e-06,0.0054863251331768,True,2.327804899526527,0.0280264544002609,-2.1064375558886748,0.0280264544002609,0.971973545599739,0.0003505668751602,-5.051193640767458e-05,0.0073965635832046,True,7.47338021447576,0.0599793710771204,-1.5219803450870792,0.0599793710771204,0.9400206289228796,0.0006189891729333,-0.0001198186228683,0.0095298549669452,True,0.0999506728749206,0.9000493271250793,0.821289709749345,0.9605601907746896,0.0394398092253103,-1.755687822201512,0.971973545599739,0.0280264544002609,-2.1064375558886748,0.9400206289228796,0.0599793710771204,-1.5219803450870792,1,0,0,0.0,1,1,1,1,,0,1,0,0,0,1,0,-0.8000986542501587,0.821289709749345,0.9211203815493793,1.755687822201512,0.9439470911994782,2.1064375558886748,0.8800412578457593,1.5219803450870792,0.7253914,0.7007765117236622,0.5744103
2026-03-09 10:30:00,2026-03-09 11:05:00,-1,755.2,750.95,pivot,4.25,0.1451845,3.9048155,123001.68825,1.0,2026-03-09,754.9,757.35,754.45,0.0,758.45,761.9,750.85,0.0,2026,0.0,0.0,0.0,0.0,0.0,0.0,0.0,0.0,0.0,0.0,0.0,0.0,0.0,0.0,0.0,1.0,0.0,1.0,1,10,0,3,194.69499551680775,0.4136375003886604,-0.1089516345661606,0.4136375003886604,0.5863624996113396,2.989935927432016e-05,-2.2148976144304302e-05,0.0034435069382985,True,12.303317076693196,0.0614294736730242,-1.4269442393031846,0.0614294736730242,0.9385705263269758,0.0001436880031421,-4.790093617722056e-05,0.0057446228084635,True,18.919462120506395,0.125815938369439,-0.9366207146441584,0.125815938369439,0.874184061630561,0.0003272222426398,-0.0001461589168683,0.0075944952322873,True,3.594309261514358,0.0288854153252986,-2.1663732141978684,0.0288854153252986,0.9711145846747014,0.0006113395116251,-0.0001411934094021,0.0101547440691942,True,0.5863624996113396,0.4136375003886604,-0.1089516345661606,0.9385705263269758,0.0614294736730242,-1.4269442393031846,0.874184061630561,0.125815938369439,-0.9366207146441584,0.9711145846747014,0.0288854153252986,-2.1663732141978684,1,0,0,0.0,1,1,1,1,,0,1,1,0,0,1,0,0.1727249992226792,0.1089516345661606,0.8771410526539516,1.4269442393031846,0.7483681232611219,0.9366207146441584,0.9422291693494027,2.1663732141978684,0.7381538,0.6144954054136739,0.57154316
2026-03-09 13:35:00,2026-03-09 14:35:00,1,756.0,774.3,pivot,18.299999999999955,0.145909,17.954090999999956,565553.8664999986,1.0,2026-03-09,753.9,756.95,753.9,0.0,771.75,776.65,769.85,0.0,2026,0.0,0.0,0.0,0.0,0.0,0.0,0.0,0.0,0.0,0.0,0.0,0.0,0.0,0.0,0.0,1.0,1.0,0.0,1,13,0,3,55.23665105796255,0.1161552721475061,-0.8205673505260249,0.1161552721475061,0.8838447278524938,2.989935927432016e-05,-2.2148976144304302e-05,0.0034435069382985,True,27.332034630050085,0.1189013042620318,-0.9128217533141209,0.1189013042620318,0.8810986957379682,0.0001436880031421,-4.790093617722056e-05,0.0057446228084635,True,20.60606800030511,0.1360832438481323,-0.8685087105017472,0.1360832438481323,0.8639167561518677,0.0003272222426398,-0.0001461589168683,0.0075944952322873,True,20.6820667205082,0.1677603455940252,-0.6954264431581184,0.1677603455940252,0.8322396544059748,0.0006113395116251,-0.0001411934094021,0.0101547440691942,True,0.1161552721475061,0.8838447278524938,0.8205673505260249,0.1189013042620318,0.8810986957379682,0.9128217533141209,0.1360832438481323,0.8639167561518677,0.8685087105017472,0.1677603455940252,0.8322396544059748,0.6954264431581184,1,0,0,0.0,1,1,1,1,,0,1,0,1,1,0,0,-0.7676894557049877,0.8205673505260249,-0.7621973914759363,0.9128217533141209,-0.7278335123037354,0.8685087105017472,-0.6644793088119496,0.6954264431581184,0.55693066,0.55389393903347,0.57439005
2026-03-10 11:45:00,2026-03-10 12:30:00,1,822.85,816.85,pivot,-6.0,0.149191,-6.349191,-199999.5165,1.0,2026-03-10,820.1,823.75,819.7,0.0,814.4,817.4,814.3,0.0,2026,0.0,0.0,0.0,0.0,0.0,0.0,0.0,0.0,0.0,0.0,0.0,0.0,0.0,0.0,0.0,1.0,0.0,1.0,0,11,1,3,44.20639752179963,0.1061307958697462,-0.9212077392581346,0.1061307958697462,0.8938692041302537,3.746748150715008e-05,-6.276583710700366e-06,0.0036271551713259,True,17.672437405568576,0.0816751321544583,-1.2217195292118996,0.0816751321544583,0.9183248678455416,0.0001755388334521,-6.102433557766522e-06,0.0060607105883929,True,8.682942773047326,0.0514561350889116,-1.647594588333247,0.0514561350889116,0.9485438649110884,0.0003304748563662,-0.000210428971618,0.0077034692336297,True,8.68435542671537,0.077425427880804,-1.4442279913904474,0.077425427880804,0.922574572119196,0.000642202906552,-0.0003222099074237,0.0100431037043301,True,0.1061307958697462,0.8938692041302537,0.9212077392581346,0.0816751321544583,0.9183248678455416,1.2217195292118996,0.0514561350889116,0.9485438649110884,1.647594588333247,0.077425427880804,0.922574572119196,1.4442279913904474,1,0,0,0.0,1,1,1,1,,0,1,1,0,0,1,0,-0.7877384082605076,0.9212077392581346,-0.8366497356910833,1.2217195292118996,-0.8970877298221769,1.647594588333247,-0.845149144238392,1.4442279913904474,0.7268371,0.6272322475189369,0.5727409
2026-03-10 12:30:00,2026-03-10 13:00:00,1,816.85,810.45,pivot,-6.399999999999977,0.148819,-6.748818999999977,-212587.79849999928,1.0,2026-03-10,814.4,817.4,814.3,0.0,807.3,811.9,806.65,0.0,2026,0.0,0.0,0.0,0.0,0.0,0.0,0.0,0.0,0.0,0.0,0.0,0.0,0.0,0.0,0.0,1.0,0.0,0.0,0,12,1,3,51.39277440433044,0.1197551104685687,-0.8432961434998252,0.1197551104685687,0.8802448895314313,3.746748150715008e-05,-6.276583710700366e-06,0.0036271551713259,True,32.812697348587896,0.1457624051432421,-0.7973272525719314,0.1457624051432421,0.8542375948567579,0.0001755388334521,-6.102433557766522e-06,0.0060607105883929,True,53.58504237620227,0.2892866455678834,-0.3149324909723576,0.2892866455678834,0.7107133544321165,0.0003304748563662,-0.000210428971618,0.0077034692336297,True,8.83291041160368,0.0813100432145395,-1.4002662596144324,0.0813100432145395,0.9186899567854604,0.000642202906552,-0.0003222099074237,0.0100431037043301,True,0.1197551104685687,0.8802448895314313,0.8432961434998252,0.1457624051432421,0.8542375948567579,0.7973272525719314,0.2892866455678834,0.7107133544321165,0.3149324909723576,0.0813100432145395,0.9186899567854604,1.4002662596144324,1,0,0,0.0,1,1,1,1,,0,1,0,1,0,1,0,-0.7604897790628626,0.8432961434998252,-0.7084751897135158,0.7973272525719314,-0.42142670886423306,0.3149324909723576,-0.8373799135709209,1.4002662596144324,0.79183745,0.6921653162448214,0.57175446
2026-03-10 13:00:00,2026-03-10 13:10:00,1,810.45,810.5,pivot,0.0499999999999545,0.1486285,-0.2986285000000454,-9406.797750001431,1.0,2026-03-10,807.3,811.9,806.65,0.0,813.85,814.35,810.25,0.0,2026,0.0,0.0,0.0,0.0,0.0,0.0,0.0,0.0,0.0,0.0,0.0,0.0,0.0,0.0,0.0,1.0,0.0,0.0,0,13,1,3,33.82389367050428,0.0847718090565859,-1.0719215996713851,0.0847718090565859,0.915228190943414,3.746748150715008e-05,-6.276583710700366e-06,0.0036271551713259,True,88.55209738597334,0.7029583365635855,0.3590626653085206,0.7029583365635855,0.2970416634364144,0.0001755388334521,-6.102433557766522e-06,0.0060607105883929,True,17.60014448528786,0.1069700402006812,-1.109353482761143,0.1069700402006812,0.8930299597993188,0.0003304748563662,-0.000210428971618,0.0077034692336297,True,10.112166907863928,0.1093801080881748,-1.1023077666305072,0.1093801080881748,0.8906198919118252,0.000642202906552,-0.0003222099074237,0.0100431037043301,True,0.0847718090565859,0.915228190943414,1.0719215996713851,0.7029583365635855,0.2970416634364144,-0.3590626653085206,0.1069700402006812,0.8930299597993188,1.109353482761143,0.1093801080881748,0.8906198919118252,1.1023077666305072,1,0,0,0.0,1,1,1,1,,0,1,0,1,0,1,0,-0.8304563818868281,1.0719215996713851,0.4059166731271711,0.3590626653085206,-0.7860599195986375,1.109353482761143,-0.7812397838236504,1.1023077666305072,0.8079261,0.7048976898456026,0.5764387
2026-03-10 13:10:00,2026-03-10 13:30:00,1,810.5,815.05,pivot,4.5499999999999545,0.1487665,4.2012334999999545,132338.85524999857,1.0,2026-03-10,813.85,814.35,810.25,0.0,815.6,817.55,814.4,0.0,2026,0.0,0.0,0.0,0.0,0.0,0.0,0.0,0.0,0.0,0.0,0.0,0.0,0.0,0.0,0.0,1.0,1.0,0.0,1,13,1,3,26.01468821648019,0.9447853885021584,1.189940080647692,0.9447853885021584,0.0552146114978416,3.746748150715008e-05,-6.276583710700366e-06,0.0036271551713259,True,48.46215228176909,0.8399046409206798,0.6917550758668232,0.8399046409206798,0.1600953590793201,0.0001755388334521,-6.102433557766522e-06,0.0060607105883929,True,40.55124275549635,0.8377212578805034,0.7310340251669849,0.8377212578805034,0.1622787421194965,0.0003304748563662,-0.000210428971618,0.0077034692336297,True,35.94669367325578,0.249274705278929,-0.3891168399931956,0.249274705278929,0.750725294721071,0.000642202906552,-0.0003222099074237,0.0100431037043301,True,0.9447853885021584,0.0552146114978416,-1.189940080647692,0.8399046409206798,0.1600953590793201,-0.6917550758668232,0.8377212578805034,0.1622787421194965,-0.7310340251669849,0.249274705278929,0.750725294721071,0.3891168399931956,1,0,0,0.0,1,1,1,1,,0,1,0,1,1,0,0,0.8895707770043169,1.189940080647692,0.6798092818413597,0.6917550758668232,0.6754425157610069,0.7310340251669849,-0.5014505894421419,0.3891168399931956,0.57804686,0.549896144713095,0.5778316
2026-03-11 14:50:00,2026-03-11 15:05:00,1,838.45,831.65,pivot,-6.800000000000068,0.150103,-7.150103000000067,-225228.24450000213,1.0,2026-03-11,832.5,840.15,832.05,0.0,834.0,834.85,829.0,0.0,2026,0.0,0.0,0.0,0.0,0.0,0.0,0.0,0.0,0.0,0.0,0.0,0.0,0.0,0.0,0.0,2.0,0.0,0.0,0,14,2,3,8.555040622485784,0.0272276825054464,-1.9066801314251776,0.0272276825054464,0.9727723174945536,2.554170528514081e-05,-3.939324954543832e-06,0.0037330792387524,True,10.289546991825636,0.0476049696724429,-1.644223638472809,0.0476049696724429,0.9523950303275572,0.000157664949922,2.678121347703429e-05,0.0062307038756508,True,3.854123529073861,0.0320704690404705,-2.051168979984598,0.0320704690404705,0.9679295309595294,0.000429257607964,-7.095212852368031e-05,0.0079806846011588,True,2.437580711881701,0.0194927451347054,-2.5007386304883736,0.0194927451347054,0.9805072548652946,0.0008468855426299,-0.0001715402931892,0.0103382355236704,True,0.0272276825054464,0.9727723174945536,1.9066801314251776,0.0476049696724429,0.9523950303275572,1.644223638472809,0.0320704690404705,0.9679295309595294,2.051168979984598,0.0194927451347054,0.9805072548652946,2.5007386304883736,1,0,0,0.0,1,1,1,1,,0,1,0,1,0,1,0,-0.9455446349891072,1.9066801314251776,-0.9047900606551144,1.644223638472809,-0.9358590619190589,2.051168979984598,-0.9610145097305891,2.5007386304883736,0.78955764,0.7239217854311467,0.57458884
2026-03-11 15:05:00,2026-03-11 15:20:00,1,831.65,833.15,pivot,1.5,0.149944,1.1500560000000002,36226.764,1.0,2026-03-11,834.0,834.85,829.0,0.0,830.6,834.7,830.35,0.0,2026,0.0,0.0,0.0,0.0,0.0,0.0,0.0,0.0,0.0,0.0,0.0,0.0,0.0,0.0,0.0,2.0,0.0,0.0,1,15,2,3,68.63326677422546,0.8657095566801185,0.7408208163252309,0.8657095566801185,0.1342904433198815,2.554170528514081e-05,-3.939324954543832e-06,0.0037330792387524,True,90.0962533474346,0.6611935173555225,0.2846226246766634,0.6611935173555225,0.3388064826444775,0.000157664949922,2.678121347703429e-05,0.0062307038756508,True,18.932898168897196,0.1200246414103862,-1.0458697677776612,0.1200246414103862,0.8799753585896137,0.000429257607964,-7.095212852368031e-05,0.0079806846011588,True,5.2959437618990455,0.0399584900362458,-1.952309324200587,0.0399584900362458,0.960041509963754,0.0008468855426299,-0.0001715402931892,0.0103382355236704,True,0.8657095566801185,0.1342904433198815,-0.7408208163252309,0.6611935173555225,0.3388064826444775,-0.2846226246766634,0.1200246414103862,0.8799753585896137,1.0458697677776612,0.0399584900362458,0.960041509963754,1.952309324200587,1,0,0,0.0,1,1,1,1,,0,1,0,0,0,1,0,0.731419113360237,0.7408208163252309,0.32238703471104496,0.2846226246766634,-0.7599507171792276,1.0458697677776612,-0.9200830199275083,1.952309324200587,0.80001867,0.7229383485781447,0.5852436
2026-03-11 15:20:00,2026-03-11 15:45:00,-1,833.15,837.5,eod,-4.350000000000023,0.1501195,-4.700119500000023,-148053.7642500007,1.0,2026-03-11,830.6,834.7,830.35,0.0,837.5,837.5,837.5,0.0,2026,0.0,0.0,0.0,0.0,0.0,0.0,0.0,0.0,0.0,0.0,0.0,0.0,0.0,0.0,0.0,2.0,0.0,0.0,0,15,2,3,56.16791953365408,0.1293487269000608,-0.8361566057334326,0.1293487269000608,0.8706512730999392,2.554170528514081e-05,-3.939324954543832e-06,0.0037330792387524,True,41.62612627719224,0.1839321725648454,-0.6599338465818371,0.1839321725648454,0.8160678274351545,0.000157664949922,2.678121347703429e-05,0.0062307038756508,True,55.18627581245122,0.3112503336450882,-0.2774121068636795,0.3112503336450882,0.6887496663549117,0.000429257607964,-7.095212852368031e-05,0.0079806846011588,True,6.893708483762793,0.049915529303187,-1.7947003764555876,0.049915529303187,0.950084470696813,0.0008468855426299,-0.0001715402931892,0.0103382355236704,True,0.8706512730999392,0.1293487269000608,-0.8361566057334326,0.8160678274351545,0.1839321725648454,-0.6599338465818371,0.6887496663549117,0.3112503336450882,-0.2774121068636795,0.950084470696813,0.049915529303187,-1.7947003764555876,1,0,0,0.0,1,1,1,1,,0,1,0,0,0,1,0,0.7413025461998783,0.8361566057334326,0.6321356548703091,0.6599338465818371,0.37749933270982355,0.2774121068636795,0.900168941393626,1.7947003764555876,0.80001867,0.7229383485781447,0.6002378
2026-03-12 10:25:00,2026-03-12 10:40:00,1,830.95,833.15,pivot,2.199999999999932,0.149923,1.850076999999932,58277.42549999786,1.0,2026-03-12,829.85,830.95,828.35,0.0,833.6,834.2,832.05,0.0,2026,0.0,0.0,0.0,0.0,0.0,0.0,0.0,0.0,0.0,0.0,0.0,0.0,0.0,0.0,0.0,1.0,1.0,2.0,1,10,3,3,119.84506694383768,0.288192928271672,-0.3619491946441718,0.288192928271672,0.711807071728328,2.788844124525146e-05,-1.486609651883976e-05,0.0037849709640833,True,74.02594458237029,0.3180095874159372,-0.3006703870425378,0.3180095874159372,0.6819904125840628,0.0001282808893661,-3.509717169686432e-05,0.006289631027851,True,36.86165636730643,0.2441543540285003,-0.4695056186709327,0.2441543540285003,0.7558456459714996,0.0003965682602632,-0.0001665644381264,0.0080982459603812,True,56.0060612347076,0.4575746578415001,0.0466224026954432,0.4575746578415001,0.5424253421584999,0.0010411505119948,-0.0001924682210875,0.0105908928744688,True,0.288192928271672,0.711807071728328,0.3619491946441718,0.3180095874159372,0.6819904125840628,0.3006703870425378,0.2441543540285003,0.7558456459714996,0.4695056186709327,0.4575746578415001,0.5424253421584999,-0.0466224026954432,1,0,0,0.0,1,1,1,1,,0,1,1,0,1,0,0,-0.42361414345665604,0.3619491946441718,-0.3639808251681256,0.3006703870425378,-0.5116912919429993,0.4695056186709327,-0.08485068431699982,0.0466224026954432,0.5599595,0.4781266595892805,0.6098008
2026-03-13 10:35:00,2026-03-13 11:00:00,1,817.65,819.4,pivot,1.75,0.1491115,1.4008885,44127.98775,1.0,2026-03-13,816.35,817.7,815.8,0.0,821.45,821.45,816.35,0.0,2026,0.0,0.0,0.0,0.0,0.0,0.0,0.0,0.0,0.0,0.0,0.0,0.0,0.0,0.0,0.0,1.0,1.0,2.0,1,10,4,3,113.14898894508242,0.2711368978755791,-0.4003118637171991,0.2711368978755791,0.728863102124421,2.788844124525146e-05,-1.486609651883976e-05,0.0037849709640833,True,85.15037069835049,0.6789458403720353,0.3272583746422623,0.6789458403720353,0.3210541596279647,0.0001282808893661,-3.509717169686432e-05,0.006289631027851,True,76.31149301563292,0.544638042081044,0.141637677575117,0.544638042081044,0.4553619579189559,0.0003965682602632,-0.0001665644381264,0.0080982459603812,True,23.479894185864225,0.8658767096078934,0.9013222106289394,0.8658767096078934,0.1341232903921065,0.0010411505119948,-0.0001924682210875,0.0105908928744688,True,0.2711368978755791,0.728863102124421,0.4003118637171991,0.6789458403720353,0.3210541596279647,-0.3272583746422623,0.544638042081044,0.4553619579189559,-0.141637677575117,0.8658767096078934,0.1341232903921065,-0.9013222106289394,1,0,0,0.0,1,1,1,1,,0,1,1,0,1,0,0,-0.45772620424884186,0.4003118637171991,0.35789168074407063,0.3272583746422623,0.08927608416208815,0.141637677575117,0.731753419215787,0.9013222106289394,0.552067,0.48613130232264967,0.60599375
2026-03-13 11:00:00,2026-03-13 11:05:00,1,819.4,821.35,pivot,1.9500000000000453,0.1492225,1.6007775000000455,50424.49125000143,1.0,2026-03-13,821.45,821.45,816.35,0.0,820.25,821.55,818.85,0.0,2026,0.0,0.0,0.0,0.0,0.0,0.0,0.0,0.0,0.0,0.0,0.0,0.0,0.0,0.0,0.0,1.0,1.0,2.0,1,11,4,3,86.45225353231159,0.829637761261489,0.6318514164769943,0.829637761261489,0.1703622387385109,2.788844124525146e-05,-1.486609651883976e-05,0.0037849709640833,True,34.83096591900664,0.8669521009311298,0.8400321038833557,0.8669521009311298,0.1330478990688701,0.0001282808893661,-3.509717169686432e-05,0.006289631027851,True,48.59679025343844,0.7870137955105951,0.6006753023840407,0.7870137955105951,0.2129862044894048,0.0003965682602632,-0.0001665644381264,0.0080982459603812,True,13.91994188729072,0.9201548410634052,1.180484870281874,0.9201548410634052,0.0798451589365948,0.0010411505119948,-0.0001924682210875,0.0105908928744688,True,0.829637761261489,0.1703622387385109,-0.6318514164769943,0.8669521009311298,0.1330478990688701,-0.8400321038833557,0.7870137955105951,0.2129862044894048,-0.6006753023840407,0.9201548410634052,0.0798451589365948,-1.180484870281874,1,0,0,0.0,1,1,1,1,,0,1,1,0,1,0,0,0.6592755225229782,0.6318514164769943,0.7339042018622597,0.8400321038833557,0.5740275910211903,0.6006753023840407,0.8403096821268103,1.180484870281874,0.55262035,0.5008681444279128,0.5999295
2026-03-13 11:05:00,2026-03-13 11:35:00,-1,821.35,817.15,pivot,4.2000000000000455,0.149155,3.850845000000045,121301.61750000142,1.0,2026-03-13,820.25,821.55,818.85,0.0,815.0,817.75,814.7,0.0,2026,0.0,0.0,0.0,0.0,0.0,0.0,0.0,0.0,0.0,0.0,0.0,0.0,0.0,0.0,0.0,1.0,1.0,2.0,1,11,4,3,116.2726654355312,0.2790180719634897,-0.3823103078853978,0.2790180719634897,0.7209819280365103,2.788844124525146e-05,-1.486609651883976e-05,0.0037849709640833,True,51.91221357323551,0.8123667093614855,0.6367900016979888,0.8123667093614855,0.1876332906385145,0.0001282808893661,-3.509717169686432e-05,0.006289631027851,True,47.93194097711449,0.7902982485788211,0.6090888979286889,0.7902982485788211,0.2097017514211788,0.0003965682602632,-0.0001665644381264,0.0080982459603812,True,41.87815536591913,0.7508488964628423,0.5607561017424699,0.7508488964628423,0.2491511035371577,0.0010411505119948,-0.0001924682210875,0.0105908928744688,True,0.7209819280365103,0.2790180719634897,-0.3823103078853978,0.1876332906385145,0.8123667093614855,0.6367900016979888,0.2097017514211788,0.7902982485788211,0.6090888979286889,0.2491511035371577,0.7508488964628423,0.5607561017424699,1,0,0,0.0,1,1,1,1,,0,1,1,0,1,0,0,0.4419638560730206,0.3823103078853978,-0.624733418722971,0.6367900016979888,-0.5805964971576423,0.6090888979286889,-0.5016977929256845,0.5607561017424699,0.55262035,0.5008681444279128,0.58660185
2026-03-16 10:30:00,2026-03-16 10:35:00,-1,814.4,811.9,pivot,2.5,0.148789,2.151211,67763.1465,1.0,2026-03-16,811.8,815.4,811.55,0.0,812.8,815.75,811.7,0.0,2026,0.0,0.0,0.0,0.0,0.0,0.0,0.0,0.0,0.0,0.0,0.0,0.0,0.0,0.0,0.0,1.0,1.0,1.0,1,10,0,3,55.24654925553897,0.1294354579341933,-0.8716011246188142,0.1294354579341933,0.8705645420658066,3.7648908380406576e-05,7.68320484854443e-07,0.0038104493718268,True,17.672645573435567,0.0796066358449043,-1.270979510275565,0.0796066358449043,0.9203933641550957,0.0001653521045553,3.572997164564134e-05,0.0063028105767397,True,21.03093712551493,0.133223642472001,-0.9756954360209292,0.133223642472001,0.866776357527999,0.0003401176919881,-0.0001630184305012,0.0081318324440209,True,13.3787192940353,0.1461329753181739,-0.9273663601398456,0.1461329753181739,0.8538670246818261,0.0007633843804384,-0.0003660639690787,0.0106400042191854,True,0.8705645420658066,0.1294354579341933,-0.8716011246188142,0.9203933641550957,0.0796066358449043,-1.270979510275565,0.866776357527999,0.133223642472001,-0.9756954360209292,0.8538670246818261,0.1461329753181739,-0.9273663601398456,1,0,0,0.0,1,1,1,1,,0,1,1,0,1,0,0,0.7411290841316133,0.8716011246188142,0.8407867283101913,1.270979510275565,0.733552715055998,0.9756954360209292,0.7077340493636521,0.9273663601398456,0.55482286,0.455224488485354,0.57307744
2026-03-16 10:35:00,2026-03-16 11:00:00,-1,811.9,817.2,pivot,-5.300000000000068,0.148873,-5.648873000000068,-177939.49950000216,1.0,2026-03-16,812.8,815.75,811.7,0.0,816.55,817.75,815.2,0.0,2026,0.0,0.0,0.0,0.0,0.0,0.0,0.0,0.0,0.0,0.0,0.0,0.0,0.0,0.0,0.0,1.0,1.0,1.0,0,10,0,3,143.24305738996628,0.6909487523515427,0.3228763798914587,0.6909487523515427,0.3090512476484572,3.7648908380406576e-05,7.68320484854443e-07,0.0038104493718268,True,25.0251727864216,0.1098274363507405,-1.0465723096099926,0.1098274363507405,0.8901725636492595,0.0001653521045553,3.572997164564134e-05,0.0063028105767397,True,22.42005575300584,0.1467509765506505,-0.8994136403783788,0.1467509765506505,0.8532490234493495,0.0003401176919881,-0.0001630184305012,0.0081318324440209,True,11.144974438676424,0.1118760543801821,-1.194774791675046,0.1118760543801821,0.8881239456198178,0.0007633843804384,-0.0003660639690787,0.0106400042191854,True,0.3090512476484572,0.6909487523515427,0.3228763798914587,0.8901725636492595,0.1098274363507405,-1.0465723096099926,0.8532490234493495,0.1467509765506505,-0.8994136403783788,0.8881239456198178,0.1118760543801821,-1.194774791675046,1,0,0,0.0,1,1,1,1,,0,1,1,0,1,0,0,-0.38189750470308553,0.3228763798914587,0.7803451272985189,1.0465723096099926,0.706498046898699,0.8994136403783788,0.7762478912396357,1.194774791675046,0.55482286,0.455224488485354,0.5557825
2026-03-18 10:35:00,2026-03-18 10:40:00,-1,875.15,875.95,pivot,-0.8000000000000682,0.152533,-1.1525330000000684,-36304.78950000215,1.0,2026-03-18,875.95,876.25,873.85,0.0,878.7,878.75,875.85,0.0,2026,0.0,0.0,0.0,0.0,0.0,0.0,0.0,0.0,0.0,0.0,0.0,0.0,0.0,0.0,0.0,1.0,1.0,2.0,0,10,2,3,154.21844751938718,0.6395912330859702,0.2399482714104297,0.6395912330859702,0.3604087669140298,4.514572540460345e-05,-3.2085985067925013e-06,0.0038213238132684,True,75.5211234831432,0.3379643161411563,-0.2808835457509159,0.3379643161411563,0.6620356838588437,0.0001124742040343,1.5606672548006476e-05,0.006349785730487,True,45.51658706744343,0.2813790301186756,-0.3972738536204997,0.2813790301186756,0.7186209698813244,0.0002627213975535,-0.0001745076779503,0.0081668950940275,True,54.12904472311484,0.5926966592845855,0.2534177081637318,0.5926966592845855,0.4073033407154145,0.0006554515907649,-0.0003564157785801,0.0106522738543926,True,0.3604087669140298,0.6395912330859702,0.2399482714104297,0.6620356838588437,0.3379643161411563,-0.2808835457509159,0.7186209698813244,0.2813790301186756,-0.3972738536204997,0.4073033407154145,0.5926966592845855,0.2534177081637318,1,0,0,0.0,1,1,1,1,,0,1,1,0,1,0,0,-0.2791824661719404,0.2399482714104297,0.3240713677176874,0.2808835457509159,0.4372419397626488,0.3972738536204997,-0.18539331856917096,0.2534177081637318,0.55510074,0.4679675066303446,0.54441345
2026-03-18 10:40:00,2026-03-18 11:30:00,-1,875.95,876.75,pivot,-0.7999999999999545,0.152581,-1.1525809999999548,-36306.301499998575,1.0,2026-03-18,878.7,878.75,875.85,0.0,876.1,877.3,875.55,0.0,2026,0.0,0.0,0.0,0.0,0.0,0.0,0.0,0.0,0.0,0.0,0.0,0.0,0.0,0.0,0.0,1.0,1.0,2.0,0,10,2,3,59.81402479453004,0.8766500960488659,0.8211131984100105,0.8766500960488659,0.1233499039511341,4.514572540460345e-05,-3.2085985067925013e-06,0.0038213238132684,True,55.96253872866299,0.7871906333678732,0.5901003957447386,0.7871906333678732,0.2128093666321268,0.0001124742040343,1.5606672548006476e-05,0.006349785730487,True,69.35638429274849,0.5530122270886889,0.1468456386186702,0.5530122270886889,0.4469877729113111,0.0002627213975535,-0.0001745076779503,0.0081668950940275,True,46.54598555193122,0.6940167005466633,0.4403157703483779,0.6940167005466633,0.3059832994533367,0.0006554515907649,-0.0003564157785801,0.0106522738543926,True,0.1233499039511341,0.8766500960488659,0.8211131984100105,0.2128093666321268,0.7871906333678732,0.5901003957447386,0.4469877729113111,0.5530122270886889,0.1468456386186702,0.3059832994533367,0.6940167005466633,0.4403157703483779,1,0,0,0.0,1,1,1,1,,0,1,1,0,1,0,0,-0.7533001920977318,0.8211131984100105,-0.5743812667357464,0.5901003957447386,-0.10602445417737782,0.1468456386186702,-0.3880334010933266,0.4403157703483779,0.55510074,0.4679675066303446,0.53934395
2026-03-19 11:30:00,2026-03-19 12:40:00,1,873.55,875.15,pivot,1.6000000000000227,0.152461,1.2475390000000228,39297.47850000072,1.0,2026-03-19,875.3,875.3,872.55,0.0,875.1,875.75,874.25,0.0,2026,0.0,0.0,0.0,0.0,0.0,0.0,0.0,0.0,0.0,0.0,0.0,0.0,0.0,0.0,0.0,1.0,2.0,2.0,1,11,3,3,103.47986026863786,0.7949212044046057,0.5536819612934409,0.7949212044046057,0.2050787955953943,4.534984935061747e-05,-3.433629163509984e-06,0.0038275247605437,True,42.98835412620399,0.8365169172338507,0.7538068254530123,0.8365169172338507,0.1634830827661493,9.191086678209478e-05,1.5568320648198752e-05,0.0063601647411675,True,12.942636723560408,0.9460020631319692,1.3646568255739715,0.9460020631319692,0.0539979368680306,0.0002627213975535,-0.0001745076779503,0.0081668950940275,True,11.773072183978604,0.9326553725048394,1.3239360770580997,0.9326553725048394,0.0673446274951605,0.0006554515907649,-0.0003564157785801,0.0106522738543926,True,0.7949212044046057,0.2050787955953943,-0.5536819612934409,0.8365169172338507,0.1634830827661493,-0.7538068254530123,0.9460020631319692,0.0539979368680306,-1.3646568255739715,0.9326553725048394,0.0673446274951605,-1.3239360770580997,1,0,0,0.0,1,1,1,1,,0,1,1,0,0,0,0,0.5898424088092113,0.5536819612934409,0.6730338344677014,0.7538068254530123,0.8920041262639387,1.3646568255739715,0.865310745009679,1.3239360770580997,0.5729422,0.5523920721113684,0.5269786
2026-03-19 12:40:00,2026-03-19 12:45:00,-1,875.15,875.1,pivot,0.0499999999999545,0.1525075,-0.3025075000000455,-9528.986250001433,1.0,2026-03-19,875.1,875.75,874.25,0.0,876.4,876.45,873.75,0.0,2026,0.0,0.0,0.0,0.0,0.0,0.0,0.0,0.0,0.0,0.0,0.0,0.0,0.0,0.0,0.0,1.0,1.0,2.0,0,12,3,3,156.06881976437504,0.4838499826326265,-0.0140302334420205,0.4838499826326265,0.5161500173673734,4.534984935061747e-05,-3.433629163509984e-06,0.0038275247605437,True,73.59609519758693,0.327530095191587,-0.3075893553434407,0.327530095191587,0.6724699048084131,9.191086678209478e-05,1.5568320648198752e-05,0.0063601647411675,True,44.17585963823156,0.2735243080003303,-0.4185945682956942,0.2735243080003303,0.7264756919996698,0.0002627213975535,-0.0001745076779503,0.0081668950940275,True,45.31799316579905,0.3680896949625195,-0.148732082468208,0.3680896949625195,0.6319103050374805,0.0006554515907649,-0.0003564157785801,0.0106522738543926,True,0.5161500173673734,0.4838499826326265,-0.0140302334420205,0.6724699048084131,0.327530095191587,-0.3075893553434407,0.7264756919996698,0.2735243080003303,-0.4185945682956942,0.6319103050374805,0.3680896949625195,-0.148732082468208,1,0,0,0.0,1,1,1,1,,0,1,0,1,1,0,0,0.03230003473474691,0.0140302334420205,0.3449398096168261,0.3075893553434407,0.4529513839993395,0.4185945682956942,0.263820610074961,0.148732082468208,0.5571607,0.507357161340842,0.5081062
2026-03-23 10:25:00,2026-03-23 10:35:00,1,814.6,815.15,pivot,0.5499999999999545,0.1488925,0.20110749999995453,6334.886249998568,1.0,2026-03-23,814.25,816.15,813.65,0.0,819.65,819.65,812.9,0.0,2026,0.0,0.0,0.0,0.0,0.0,0.0,0.0,0.0,0.0,0.0,0.0,0.0,0.0,0.0,0.0,1.0,1.0,0.0,1,10,0,3,151.2481670429879,0.4316183995496978,-0.1049286739024943,0.4316183995496978,0.5683816004503022,7.370105420965154e-06,-2.9178774131359785e-05,0.0038175673906853,True,44.90842458514157,0.8307016655785442,0.7348617856907477,0.8307016655785442,0.1692983344214558,1.907867292473843e-05,-5.148221554039739e-05,0.0063516504559629,True,4.290025630995102,0.9800503610764724,1.8882222464091396,0.9800503610764724,0.0199496389235276,0.0001835965974105,-0.0002740534158204,0.0081732379411362,True,35.80011657421799,0.3013654220797854,-0.3212751796493148,0.3013654220797854,0.6986345779202146,0.0006603055058596,-0.0003067403294043,0.010872969444085,True,0.4316183995496978,0.5683816004503022,0.1049286739024943,0.8307016655785442,0.1692983344214558,-0.7348617856907477,0.9800503610764724,0.0199496389235276,-1.8882222464091396,0.3013654220797854,0.6986345779202146,0.3212751796493148,1,0,0,0.0,1,1,1,1,,0,1,1,0,1,0,0,-0.1367632009006044,0.1049286739024943,0.6614033311570884,0.7348617856907477,0.9601007221529447,1.8882222464091396,-0.39726915584042916,0.3212751796493148,0.5679348,0.49865458628075976,0.4893032
2026-03-23 10:35:00,2026-03-23 11:25:00,1,815.15,818.6,pivot,3.450000000000045,0.1490125,3.1009875000000457,97681.10625000144,1.0,2026-03-23,819.65,819.65,812.9,0.0,816.05,820.4,815.8,0.0,2026,0.0,0.0,0.0,0.0,0.0,0.0,0.0,0.0,0.0,0.0,0.0,0.0,0.0,0.0,0.0,1.0,1.0,1.0,1,10,0,3,16.047248827333743,0.9583974579871112,1.4336660438360689,0.9583974579871112,0.0416025420128889,7.370105420965154e-06,-2.9178774131359785e-05,0.0038175673906853,True,29.416219973337423,0.8882633716797932,0.981116155068486,0.8882633716797932,0.1117366283202068,1.907867292473843e-05,-5.148221554039739e-05,0.0063516504559629,True,5.738363825015052,0.9749342747693934,1.7623111594455223,0.9749342747693934,0.0250657252306065,0.0001835965974105,-0.0002740534158204,0.0081732379411362,True,28.47112916596796,0.8046245189441851,0.7491600974598496,0.8046245189441851,0.1953754810558149,0.0006603055058596,-0.0003067403294043,0.010872969444085,True,0.9583974579871112,0.0416025420128889,-1.4336660438360689,0.8882633716797932,0.1117366283202068,-0.981116155068486,0.9749342747693934,0.0250657252306065,-1.7623111594455223,0.8046245189441851,0.1953754810558149,-0.7491600974598496,1,0,0,0.0,1,1,1,1,,0,1,1,0,1,0,0,0.9167949159742222,1.4336660438360689,0.7765267433595864,0.981116155068486,0.949868549538787,1.7623111594455223,0.6092490378883701,0.7491600974598496,0.55482286,0.455224488485354,0.500759
2026-03-24 08:45:00,2026-03-24 10:30:00,1,844.65,821.4,pivot,-23.25,0.1499815,-23.5999815,-743399.4172499999,1.0,2026-03-24,844.4,846.7,841.05,0.0,818.95,821.45,816.6,0.0,2026,0.0,0.0,0.0,0.0,0.0,0.0,0.0,0.0,0.0,0.0,0.0,0.0,0.0,0.0,0.0,2.0,2.0,2.0,0,8,1,3,,,,,,,,,False,,,,,,,,,False,,,,,,,,,False,,,,,,,,,False,,,,,,,,,,,,,1,0,0,0.0,1,1,1,1,,0,1,0,0,0,0,0,,,,,,,,,0.55032027,0.5970315929926412,0.51435053
2026-03-25 10:30:00,2026-03-25 10:35:00,-1,857.05,857.45,pivot,-0.4000000000000909,0.151435,-0.7514350000000909,-23670.202500002863,1.0,2026-03-25,857.4,858.7,855.8,0.0,858.25,859.95,856.75,0.0,2026,0.0,0.0,0.0,0.0,0.0,0.0,0.0,0.0,0.0,0.0,0.0,0.0,0.0,0.0,0.0,1.0,1.0,2.0,0,10,2,3,165.42655739974842,0.5591583866492215,0.1080870564570634,0.5591583866492215,0.4408416133507785,-5.718760058292445e-06,-5.777644344679211e-05,0.0037722620621869,True,92.8080104664105,0.5366531007956707,0.0789589096273715,0.5366531007956707,0.4633468992043292,-0.0001022086177545,-0.0002116446466198,0.0063737754153602,True,65.21828154619844,0.4726308010884577,0.0050004119102918,0.4726308010884577,0.5273691989115423,-0.0002861147128004,-0.0007408380492315,0.008257864729302,True,46.598076020903285,0.4744875078175696,0.0343311514133769,0.4744875078175696,0.5255124921824303,-0.0002733229907919,-0.0011965661223525,0.0110825724594177,True,0.4408416133507785,0.5591583866492215,0.1080870564570634,0.4633468992043292,0.5366531007956707,0.0789589096273715,0.5273691989115423,0.4726308010884577,0.0050004119102918,0.5255124921824303,0.4744875078175696,0.0343311514133769,1,0,0,0.0,1,1,1,1,,0,1,1,0,1,0,0,-0.11831677329844298,0.1080870564570634,-0.07330620159134155,0.0789589096273715,0.05473839782308465,0.0050004119102918,0.05102498436486075,0.0343311514133769,0.55510074,0.4679675066303446,0.53044724
2026-03-25 10:35:00,2026-03-25 11:05:00,-1,857.45,852.8,pivot,4.650000000000091,0.1513075,4.298692500000091,135408.81375000288,1.0,2026-03-25,858.25,859.95,856.75,0.0,850.25,853.25,850.15,0.0,2026,0.0,0.0,0.0,0.0,0.0,0.0,0.0,0.0,0.0,0.0,0.0,0.0,0.0,0.0,0.0,1.0,1.0,2.0,1,10,2,3,152.74238158773525,0.6624353095685394,0.2779909243006016,0.6624353095685394,0.3375646904314606,-5.718760058292445e-06,-5.777644344679211e-05,0.0037722620621869,True,91.22133145407771,0.4664239266613367,-0.0398996558361493,0.4664239266613367,0.5335760733386632,-0.0001022086177545,-0.0002116446466198,0.0063737754153602,True,63.97107165545313,0.4537990506392608,-0.0301602490646427,0.4537990506392608,0.5462009493607392,-0.0002861147128004,-0.0007408380492315,0.008257864729302,True,47.47459349239309,0.5406345383469829,0.1605508764423196,0.5406345383469829,0.459365461653017,-0.0002733229907919,-0.0011965661223525,0.0110825724594177,True,0.3375646904314606,0.6624353095685394,0.2779909243006016,0.5335760733386632,0.4664239266613367,-0.0398996558361493,0.5462009493607392,0.4537990506392608,-0.0301602490646427,0.459365461653017,0.5406345383469829,0.1605508764423196,1,0,0,0.0,1,1,1,1,,0,1,1,0,1,0,0,-0.32487061913707876,0.2779909243006016,0.0671521466773265,0.0398996558361493,0.09240189872147836,0.0301602490646427,-0.08126907669396594,0.1605508764423196,0.55510074,0.4679675066303446,0.5363078
2026-03-25 12:15:00,2026-03-25 12:50:00,1,843.0,842.6,pivot,-0.3999999999999772,0.150568,-0.7505679999999773,-23642.891999999283,1.0,2026-03-25,843.75,844.55,841.2,0.0,845.25,845.95,842.55,0.0,2026,0.0,0.0,0.0,0.0,0.0,0.0,0.0,0.0,0.0,0.0,0.0,0.0,0.0,0.0,0.0,1.0,1.0,0.0,0,12,2,3,154.10202805405987,0.6559303662243517,0.2667827292446364,0.6559303662243517,0.3440696337756482,-5.718760058292445e-06,-5.777644344679211e-05,0.0037722620621869,True,67.55512425031402,0.3025550071424695,-0.3567982772754955,0.3025550071424695,0.6974449928575305,-0.0001022086177545,-0.0002116446466198,0.0063737754153602,True,47.94908064695552,0.3054020208514825,-0.3472397670264683,0.3054020208514825,0.6945979791485175,-0.0002861147128004,-0.0007408380492315,0.008257864729302,True,23.919204338747605,0.2324842950724359,-0.5579517930437986,0.2324842950724359,0.767515704927564,-0.0002733229907919,-0.0011965661223525,0.0110825724594177,True,0.6559303662243517,0.3440696337756482,-0.2667827292446364,0.3025550071424695,0.6974449928575305,0.3567982772754955,0.3054020208514825,0.6945979791485175,0.3472397670264683,0.2324842950724359,0.767515704927564,0.5579517930437986,1,0,0,0.0,1,1,1,1,,0,1,0,1,1,0,0,0.31186073244870355,0.2667827292446364,-0.39488998571506095,0.3567982772754955,-0.389195958297035,0.3472397670264683,-0.5350314098551281,0.5579517930437986,0.56338114,0.5422568108393114,0.5315989
2026-03-27 11:00:00,2026-03-27 11:05:00,-1,787.45,789.85,pivot,-2.3999999999999773,0.147319,-2.747318999999977,-86540.54849999928,1.0,2026-03-27,789.75,790.6,787.25,0.0,785.55,789.85,785.4,0.0,2026,0.0,0.0,0.0,0.0,0.0,0.0,0.0,0.0,0.0,0.0,0.0,0.0,0.0,0.0,0.0,1.0,1.0,2.0,0,11,4,3,56.40342207323448,0.904706723484946,1.158923760585527,0.904706723484946,0.0952932765150541,2.13589010135884e-05,-1.7325749895767337e-06,0.0025728989679532,True,38.6329669496435,0.8878837028079908,1.0849521852311703,0.8878837028079908,0.1121162971920092,-1.642705296719733e-05,-1.3309426883105676e-05,0.0045165043249388,True,69.50449576765082,0.690010675791517,0.4288134307229927,0.690010675791517,0.309989324208483,1.0010901175582492e-05,-0.0001343811476483,0.0060785649568919,True,5.444776561022676,0.9679745330257266,1.7052095554421172,0.9679745330257266,0.0320254669742734,-0.000641992118239,-0.0014965717381945,0.0109511279415231,True,0.0952932765150541,0.904706723484946,1.158923760585527,0.1121162971920092,0.8878837028079908,1.0849521852311703,0.309989324208483,0.690010675791517,0.4288134307229927,0.0320254669742734,0.9679745330257266,1.7052095554421172,1,0,0,0.0,1,1,1,1,,0,1,1,0,1,0,0,-0.8094134469698918,1.158923760585527,-0.7757674056159816,1.0849521852311703,-0.38002135158303396,0.4288134307229927,-0.9359490660514531,1.7052095554421172,0.55262035,0.5008681444279128,0.53031975
2026-03-27 11:40:00,2026-03-27 12:25:00,-1,786.8,784.4,pivot,2.3999999999999773,0.147136,2.052863999999977,64665.21599999927,1.0,2026-03-27,787.85,788.15,786.3,0.0,786.1,786.75,783.85,0.0,2026,0.0,0.0,0.0,0.0,0.0,0.0,0.0,0.0,0.0,0.0,0.0,0.0,0.0,0.0,0.0,1.0,1.0,2.0,1,11,4,3,154.7950893090757,0.7389507774918095,0.5190108452654901,0.7389507774918095,0.2610492225081905,2.13589010135884e-05,-1.7325749895767337e-06,0.0025728989679532,True,35.61856572141951,0.8977839784237583,1.1440573721750158,0.8977839784237583,0.1022160215762416,-1.642705296719733e-05,-1.3309426883105676e-05,0.0045165043249388,True,37.04602447528716,0.8621795102719566,0.9644550576957884,0.8621795102719566,0.1378204897280434,1.0010901175582492e-05,-0.0001343811476483,0.0060785649568919,True,46.53329279941162,0.5963440241560163,0.2642423882895786,0.5963440241560163,0.4036559758439837,-0.000641992118239,-0.0014965717381945,0.0109511279415231,True,0.2610492225081905,0.7389507774918095,0.5190108452654901,0.1022160215762416,0.8977839784237583,1.1440573721750158,0.1378204897280434,0.8621795102719566,0.9644550576957884,0.4036559758439837,0.5963440241560163,0.2642423882895786,1,0,0,0.0,1,1,1,1,,0,1,1,0,1,0,0,-0.47790155498361897,0.5190108452654901,-0.7955679568475167,1.1440573721750158,-0.7243590205439132,0.9644550576957884,-0.19268804831203257,0.2642423882895786,0.55262035,0.5008681444279128,0.5258949
2026-03-30 10:30:00,2026-03-30 10:35:00,-1,770.95,777.0,pivot,-6.0499999999999545,0.1464385,-6.396438499999955,-201487.8127499986,1.0,2026-03-30,777.15,777.7,769.75,0.0,777.65,778.0,775.55,0.0,2026,0.0,0.0,0.0,0.0,0.0,0.0,0.0,0.0,0.0,0.0,0.0,0.0,0.0,0.0,0.0,1.0,1.0,2.0,0,10,0,3,3.335310686554798,0.9950415706602972,3.0634285676989736,0.9950415706602972,0.0049584293397029,2.13589010135884e-05,-1.7325749895767337e-06,0.0025728989679532,True,10.913356782911729,0.9672074618185172,1.8913179662502075,0.9672074618185172,0.0327925381814828,-1.642705296719733e-05,-1.3309426883105676e-05,0.0045165043249388,True,17.037775156183745,0.9265711442753982,1.3718413137774277,0.9265711442753982,0.0734288557246017,1.0010901175582492e-05,-0.0001343811476483,0.0060785649568919,True,38.3480157644063,0.7166424902933245,0.5193334806293171,0.7166424902933245,0.2833575097066755,-0.000641992118239,-0.0014965717381945,0.0109511279415231,True,0.0049584293397029,0.9950415706602972,3.0634285676989736,0.0327925381814828,0.9672074618185172,1.8913179662502075,0.0734288557246017,0.9265711442753982,1.3718413137774277,0.2833575097066755,0.7166424902933245,0.5193334806293171,1,0,0,0.0,1,1,1,1,,0,1,1,0,1,0,0,-0.9900831413205943,3.0634285676989736,-0.9344149236370345,1.8913179662502075,-0.8531422885507965,1.3718413137774277,-0.433284980586649,0.5193334806293171,0.5913369,0.464152290431462,0.5164225
2026-03-30 10:35:00,2026-03-30 12:00:00,1,777.0,778.3,pivot,1.2999999999999543,0.146659,0.9533409999999544,30030.241499998563,1.0,2026-03-30,777.65,778.0,775.55,0.0,778.5,779.2,777.65,0.0,2026,0.0,0.0,0.0,0.0,0.0,0.0,0.0,0.0,0.0,0.0,0.0,0.0,0.0,0.0,0.0,1.0,1.0,2.0,1,10,0,3,187.08694203562865,0.6194209835314282,0.250651947349782,0.6194209835314282,0.3805790164685718,2.13589010135884e-05,-1.7325749895767337e-06,0.0025728989679532,True,5.755122387034335,0.9862173098116556,2.407580272924518,0.9862173098116556,0.0137826901883444,-1.642705296719733e-05,-1.3309426883105676e-05,0.0045165043249388,True,22.0030112187407,0.9114805507457788,1.2430441619024428,0.9114805507457788,0.0885194492542212,1.0010901175582492e-05,-0.0001343811476483,0.0060785649568919,True,22.90126545320912,0.851120533116502,0.932731296546834,0.851120533116502,0.1488794668834979,-0.000641992118239,-0.0014965717381945,0.0109511279415231,True,0.6194209835314282,0.3805790164685718,-0.250651947349782,0.9862173098116556,0.0137826901883444,-2.407580272924518,0.9114805507457788,0.0885194492542212,-1.2430441619024428,0.851120533116502,0.1488794668834979,-0.932731296546834,1,0,0,0.0,1,1,1,1,,0,1,1,0,1,0,0,0.23884196706285638,0.250651947349782,0.9724346196233111,2.407580272924518,0.8229611014915577,1.2430441619024428,0.7022410662330041,0.932731296546834,0.5913369,0.464152290431462,0.5094804
2026-03-31 12:40:00,2026-03-31 13:30:00,-1,758.7,754.2,pivot,4.5,0.145387,4.1546129999999994,130870.30949999997,1.0,2026-03-31,756.6,759.45,756.2,0.0,756.55,757.25,754.2,0.0,2026,0.0,0.0,0.0,0.0,0.0,0.0,0.0,0.0,0.0,0.0,0.0,0.0,0.0,0.0,0.0,1.0,0.0,0.0,1,12,1,3,76.20210336236708,0.1148658417558487,-1.1478549591952485,0.1148658417558487,0.8851341582441512,5.405555581096729e-05,4.184575209199726e-05,0.0023363254969441,True,7.83253839542308,0.0225127122756253,-2.1584247575233357,0.0225127122756253,0.9774872877243748,5.092322870287512e-05,9.697917434764789e-05,0.0041295883716933,True,2.726727186257689,0.0074699902262532,-2.8557708980888945,0.0074699902262532,0.9925300097737468,0.00013829317363,0.000184288619687,0.0056886455399246,True,16.166742105580592,0.0929198056009516,-1.3143705277812536,0.0929198056009516,0.9070801943990484,0.0002993678203089,0.0003381535623835,0.0083094180269117,True,0.8851341582441512,0.1148658417558487,-1.1478549591952485,0.9774872877243748,0.0225127122756253,-2.1584247575233357,0.9925300097737468,0.0074699902262532,-2.8557708980888945,0.9070801943990484,0.0929198056009516,-1.3143705277812536,1,0,0,0.0,1,1,1,1,,0,1,0,1,0,1,0,0.7702683164883025,1.1478549591952485,0.9549745754487494,2.1584247575233357,0.9850600195474937,2.8557708980888945,0.8141603887980968,1.3143705277812536,0.79183745,0.6921653162448214,0.51513803
2026-03-31 13:30:00,2026-03-31 13:55:00,1,754.2,752.6,pivot,-1.6000000000000227,0.145204,-1.9452040000000228,-61273.92600000072,1.0,2026-03-31,756.55,757.25,754.2,0.0,752.5,752.95,751.15,0.0,2026,0.0,0.0,0.0,0.0,0.0,0.0,0.0,0.0,0.0,0.0,0.0,0.0,0.0,0.0,0.0,1.0,1.0,0.0,0,13,1,3,52.62412691654536,0.9159882867609532,1.3136843839804764,0.9159882867609532,0.0840117132390468,5.405555581096729e-05,4.184575209199726e-05,0.0023363254969441,True,83.55937240792456,0.7346964837280857,0.521260599298973,0.7346964837280857,0.2653035162719143,5.092322870287512e-05,9.697917434764789e-05,0.0041295883716933,True,65.84421351123468,0.7233569968305991,0.491183604022638,0.7233569968305991,0.2766430031694009,0.00013829317363,0.000184288619687,0.0056886455399246,True,42.30329411980104,0.2621466266487656,-0.564488876263865,0.2621466266487656,0.7378533733512344,0.0002993678203089,0.0003381535623835,0.0083094180269117,True,0.9159882867609532,0.0840117132390468,-1.3136843839804764,0.7346964837280857,0.2653035162719143,-0.521260599298973,0.7233569968305991,0.2766430031694009,-0.491183604022638,0.2621466266487656,0.7378533733512344,0.564488876263865,1,0,0,0.0,1,1,1,1,,0,1,0,1,1,0,0,0.8319765735219065,1.3136843839804764,0.46939296745617143,0.521260599298973,0.4467139936611982,0.491183604022638,-0.47570674670246876,0.564488876263865,0.57804686,0.549896144713095,0.5272631
2026-03-31 13:55:00,2026-03-31 14:10:00,-1,752.6,753.1,pivot,-0.5,0.145171,-0.845171,-26622.8865,1.0,2026-03-31,752.5,752.95,751.15,0.0,750.0,753.95,750.0,0.0,2026,0.0,0.0,0.0,0.0,0.0,0.0,0.0,0.0,0.0,0.0,0.0,0.0,0.0,0.0,0.0,1.0,1.0,0.0,0,13,1,3,195.20780609665312,0.4500790450616539,-0.1032225329431228,0.4500790450616539,0.549920954938346,5.405555581096729e-05,4.184575209199726e-05,0.0023363254969441,True,56.21767609259821,0.1675515886880236,-0.8747572974654921,0.1675515886880236,0.8324484113119763,5.092322870287512e-05,9.697917434764789e-05,0.0041295883716933,True,69.00304085051229,0.3156114577250028,-0.4290787330274338,0.3156114577250028,0.6843885422749971,0.00013829317363,0.000184288619687,0.0056886455399246,True,51.106241860539775,0.3515974920649524,-0.3361978199181497,0.3515974920649524,0.6484025079350475,0.0002993678203089,0.0003381535623835,0.0083094180269117,True,0.549920954938346,0.4500790450616539,-0.1032225329431228,0.8324484113119763,0.1675515886880236,-0.8747572974654921,0.6843885422749971,0.3156114577250028,-0.4290787330274338,0.6484025079350475,0.3515974920649524,-0.3361978199181497,1,0,0,0.0,1,1,1,1,,0,1,0,1,1,0,0,0.09984190987669211,0.1032225329431228,0.6648968226239527,0.8747572974654921,0.3687770845499943,0.4290787330274338,0.2968050158700951,0.3361978199181497,0.57804686,0.549896144713095,0.5321199
2026-03-31 14:10:00,2026-03-31 14:40:00,-1,753.1,755.0,pivot,-1.8999999999999773,0.145243,-2.2452429999999772,-70725.15449999928,1.0,2026-03-31,750.0,753.95,750.0,0.0,755.55,755.8,753.7,0.0,2026,0.0,0.0,0.0,0.0,0.0,0.0,0.0,0.0,0.0,0.0,0.0,0.0,0.0,0.0,0.0,1.0,1.0,0.0,0,14,1,3,28.556610592587923,0.0395273646232137,-1.7550062630213397,0.0395273646232137,0.9604726353767864,5.405555581096729e-05,4.184575209199726e-05,0.0023363254969441,True,59.53867241024593,0.1784465472026636,-0.8293246102923388,0.1784465472026636,0.8215534527973364,5.092322870287512e-05,9.697917434764789e-05,0.0041295883716933,True,25.85287305228961,0.0984304596452515,-1.2353533107943602,0.0984304596452515,0.9015695403547485,0.00013829317363,0.000184288619687,0.0056886455399246,True,43.197960002898114,0.2690571905853199,-0.5450872932595698,0.2690571905853199,0.7309428094146802,0.0002993678203089,0.0003381535623835,0.0083094180269117,True,0.9604726353767864,0.0395273646232137,-1.7550062630213397,0.8215534527973364,0.1784465472026636,-0.8293246102923388,0.9015695403547485,0.0984304596452515,-1.2353533107943602,0.7309428094146802,0.2690571905853199,-0.5450872932595698,1,0,0,0.0,1,1,1,1,,0,1,0,1,1,0,0,0.9209452707535727,1.7550062630213397,0.6431069055946728,0.8293246102923388,0.8031390807094969,1.2353533107943602,0.46188561882936024,0.5450872932595698,0.5651098,0.5590231288400792,0.53175133
2026-04-02 10:25:00,2026-04-02 15:45:00,1,799.5,779.45,eod,-20.049999999999955,0.1473685,-20.397368499999956,-642517.1077499986,1.0,2026-04-02,800.4,801.85,792.1,0.0,779.45,779.45,779.45,0.0,2026,0.0,0.0,0.0,0.0,0.0,0.0,0.0,0.0,0.0,0.0,0.0,0.0,0.0,0.0,0.0,2.0,0.0,0.0,0,10,3,4,179.9705976529646,0.6705933840004366,0.3904997235653475,0.6705933840004366,0.3294066159995634,5.287561276078334e-05,3.462062839882771e-05,0.0023120378576878,True,1.0077943360737436e-17,0.0,-6.042453803227902,0.0,1.0,7.281779693821448e-05,5.204816354321692e-05,0.0041637061126105,True,2.4132030926702624e-23,0.0,-6.478306901602324,0.0,1.0,0.0001305183519933,9.525633979188976e-05,0.0056108968276034,True,0.6366426937519465,0.001810247078379,-3.4864629085794583,0.001810247078379,0.9981897529216208,0.0003541261063105,0.000384331814432,0.0082360946304625,True,0.6705933840004366,0.3294066159995634,-0.3904997235653475,0.0,1.0,6.042453803227902,0.0,1.0,6.478306901602324,0.001810247078379,0.9981897529216208,3.4864629085794583,1,0,0,0.0,1,1,1,1,,0,1,1,0,0,1,0,0.34118676800087316,0.3904997235653475,-1.0,6.042453803227902,-1.0,6.478306901602324,-0.9963795058432419,3.4864629085794583,0.77137136,0.636032881904427,0.5323256
2026-04-03 10:35:00,2026-04-03 10:40:00,-1,800.85,801.15,pivot,-0.2999999999999545,0.14806,-0.6480599999999545,-20413.889999998566,1.0,2026-04-03,801.2,802.3,800.45,0.0,801.85,802.55,800.5,0.0,2026,0.0,0.0,0.0,0.0,0.0,0.0,0.0,0.0,0.0,0.0,0.0,0.0,0.0,0.0,0.0,1.0,1.0,1.0,0,10,4,4,193.0988814485565,0.568320498106129,0.1725399632399881,0.568320498106129,0.431679501893871,2.4075735900099476e-05,-4.836806529701677e-05,0.0024508903293058,True,73.11224514076468,0.2437543094284694,-0.5639975374159671,0.2437543094284694,0.7562456905715305,3.912348847332293e-05,-8.7021069009312e-05,0.0043765672215599,True,39.13833675984457,0.1564205331125101,-0.8633341558930879,0.1564205331125101,0.8435794668874899,-3.47193121121436e-06,-0.0002051631228075,0.0061060650200135,True,44.54768786058288,0.6747350193624455,0.4218156096652254,0.6747350193624455,0.3252649806375545,-2.551438972606073e-05,-0.0003269528180802,0.0089261948505312,True,0.431679501893871,0.568320498106129,0.1725399632399881,0.7562456905715305,0.2437543094284694,-0.5639975374159671,0.8435794668874899,0.1564205331125101,-0.8633341558930879,0.3252649806375545,0.6747350193624455,0.4218156096652254,1,0,0,0.0,1,1,1,1,,0,1,1,0,1,0,0,-0.13664099621225795,0.1725399632399881,0.512491381143061,0.5639975374159671,0.6871589337749797,0.8633341558930879,-0.349470038724891,0.4218156096652254,0.56006134,0.4534255761536229,0.54153895
2026-04-03 10:40:00,2026-04-03 11:20:00,-1,801.15,798.7,pivot,2.449999999999932,0.1479955,2.102004499999932,66213.14174999786,1.0,2026-04-03,801.85,802.55,800.5,0.0,797.45,799.25,797.15,0.0,2026,0.0,0.0,0.0,0.0,0.0,0.0,0.0,0.0,0.0,0.0,0.0,0.0,0.0,0.0,0.0,1.0,1.0,1.0,1,10,4,4,182.14530196999385,0.6506642089748923,0.3506163528316426,0.6506642089748923,0.3493357910251077,2.4075735900099476e-05,-4.836806529701677e-05,0.0024508903293058,True,66.4032270912459,0.2177722812464695,-0.6487768370971067,0.2177722812464695,0.7822277187535305,3.912348847332293e-05,-8.7021069009312e-05,0.0043765672215599,True,57.6712657598679,0.2503957907441377,-0.5474583161995781,0.2503957907441377,0.7496042092558624,-3.47193121121436e-06,-0.0002051631228075,0.0061060650200135,True,53.45724263700909,0.528280071151071,0.092528083336517,0.528280071151071,0.471719928848929,-2.551438972606073e-05,-0.0003269528180802,0.0089261948505312,True,0.3493357910251077,0.6506642089748923,0.3506163528316426,0.7822277187535305,0.2177722812464695,-0.6487768370971067,0.7496042092558624,0.2503957907441377,-0.5474583161995781,0.471719928848929,0.528280071151071,0.092528083336517,1,0,0,0.0,1,1,1,1,,0,1,1,0,1,0,0,-0.3013284179497846,0.3506163528316426,0.564455437507061,0.6487768370971067,0.49920841851172465,0.5474583161995781,-0.056560142302142014,0.092528083336517,0.56006134,0.4534255761536229,0.5428628
2026-04-06 13:10:00,2026-04-06 13:15:00,1,810.6,810.4,pivot,-0.2000000000000454,0.14863,-0.5486300000000456,-17281.845000001435,1.0,2026-04-06,810.25,810.8,808.9,0.0,809.25,810.8,808.95,0.0,2026,0.0,0.0,0.0,0.0,0.0,0.0,0.0,0.0,0.0,0.0,0.0,0.0,0.0,0.0,0.0,1.0,1.0,0.0,0,13,0,4,182.04120668066304,0.385757028850309,-0.2158579242439283,0.385757028850309,0.614242971149691,4.373873063332033e-05,-1.810859035493058e-05,0.0024883097691741,True,111.65437358664542,0.6089302502329191,0.2426473008076898,0.6089302502329191,0.3910697497670808,4.853159005120384e-05,-8.398462284655034e-05,0.0044172012357887,True,78.8445053121523,0.5994094914012918,0.2442554656156169,0.5994094914012918,0.4005905085987081,4.211658253278189e-05,-0.0001980358191531,0.0061197097205263,True,50.77102137212661,0.3527135613705526,-0.2740383114099228,0.3527135613705526,0.6472864386294473,-2.551438972606073e-05,-0.0003269528180802,0.0089261948505312,True,0.385757028850309,0.614242971149691,0.2158579242439283,0.6089302502329191,0.3910697497670808,-0.2426473008076898,0.5994094914012918,0.4005905085987081,-0.2442554656156169,0.3527135613705526,0.6472864386294473,0.2740383114099228,1,0,0,0.0,1,1,1,1,,0,1,0,1,1,0,0,-0.22848594229938196,0.2158579242439283,0.21786050046583832,0.2426473008076898,0.19881898280258375,0.2442554656156169,-0.29457287725889475,0.2740383114099228,0.5549828,0.5503082368099969,0.54275954
2026-04-06 13:15:00,2026-04-06 13:40:00,1,810.4,812.5,pivot,2.1000000000000227,0.148687,1.7513130000000228,55166.35950000072,1.0,2026-04-06,809.25,810.8,808.95,0.0,813.45,813.5,811.35,0.0,2026,0.0,0.0,0.0,0.0,0.0,0.0,0.0,0.0,0.0,0.0,0.0,0.0,0.0,0.0,0.0,1.0,1.0,0.0,1,13,0,4,148.9879558889316,0.2720633992736468,-0.4890229665223808,0.2720633992736468,0.7279366007263531,4.373873063332033e-05,-1.810859035493058e-05,0.0024883097691741,True,53.23862042498156,0.1659317922599933,-0.8465551255084176,0.1659317922599933,0.8340682077400067,4.853159005120384e-05,-8.398462284655034e-05,0.0044172012357887,True,77.72483431788291,0.4967099904491397,0.032360328871309,0.4967099904491397,0.5032900095508603,4.211658253278189e-05,-0.0001980358191531,0.0061197097205263,True,54.10490884950116,0.4341848372999925,-0.101722672698412,0.4341848372999925,0.5658151627000074,-2.551438972606073e-05,-0.0003269528180802,0.0089261948505312,True,0.2720633992736468,0.7279366007263531,0.4890229665223808,0.1659317922599933,0.8340682077400067,0.8465551255084176,0.4967099904491397,0.5032900095508603,-0.032360328871309,0.4341848372999925,0.5658151627000074,0.101722672698412,1,0,0,0.0,1,1,1,1,,0,1,0,1,1,0,0,-0.4558732014527063,0.4890229665223808,-0.6681364154800133,0.8465551255084176,-0.006580019101720624,0.032360328871309,-0.1316303254000149,0.101722672698412,0.5549828,0.5503082368099969,0.5424761
2026-04-07 10:40:00,2026-04-07 11:15:00,-1,821.1,813.9,pivot,7.2000000000000455,0.14905,6.850950000000045,215804.92500000144,1.0,2026-04-07,821.4,822.3,820.55,0.0,816.9,817.0,813.6,0.0,2026,0.0,0.0,0.0,0.0,0.0,0.0,0.0,0.0,0.0,0.0,0.0,0.0,0.0,0.0,0.0,1.0,0.0,0.0,1,10,1,4,195.5550394632806,0.5391677909592335,0.1051416392266429,0.5391677909592335,0.4608322090407665,4.373873063332033e-05,-1.810859035493058e-05,0.0024883097691741,True,32.31896296374717,0.0960707919616401,-1.2178559192144254,0.0960707919616401,0.90392920803836,4.853159005120384e-05,-8.398462284655034e-05,0.0044172012357887,True,43.31421835405303,0.1771884408561485,-0.7911475800871246,0.1771884408561485,0.8228115591438515,4.211658253278189e-05,-0.0001980358191531,0.0061197097205263,True,3.012412094042031,0.0241625174248364,-2.251633577333612,0.0241625174248364,0.9758374825751636,-2.551438972606073e-05,-0.0003269528180802,0.0089261948505312,True,0.4608322090407665,0.5391677909592335,0.1051416392266429,0.90392920803836,0.0960707919616401,-1.2178559192144254,0.8228115591438515,0.1771884408561485,-0.7911475800871246,0.9758374825751636,0.0241625174248364,-2.251633577333612,1,0,0,0.0,1,1,1,1,,0,1,1,0,0,1,0,-0.07833558191846701,0.1051416392266429,0.8078584160767198,1.2178559192144254,0.645623118287703,0.7911475800871246,0.9516749651503271,2.251633577333612,0.78833795,0.649937526719588,0.53701305
2026-04-10 10:45:00,2026-04-10 11:00:00,-1,891.5,888.3,pivot,3.200000000000045,0.153394,2.8466060000000457,89668.08900000143,1.0,2026-04-10,891.7,892.75,890.9,0.0,885.9,888.55,885.85,0.0,2026,0.0,0.0,0.0,0.0,0.0,0.0,0.0,0.0,0.0,0.0,0.0,0.0,0.0,0.0,0.0,1.0,1.0,1.0,1,10,4,4,183.43692754336203,0.5268609992649311,0.0695025682687165,0.5268609992649311,0.4731390007350688,-3.4434299844844614e-05,-6.647624866274464e-05,0.0025700903179865,True,83.68861820012111,0.3137068036249031,-0.40034355714648,0.3137068036249031,0.6862931963750969,-0.0001086518200298,-0.000219595854164,0.0044886087771544,True,71.88555752714306,0.6366423742098357,0.3129763710149056,0.6366423742098357,0.3633576257901643,-0.0002702934033924,-0.0003841097504038,0.006247686703221,True,31.47656707527019,0.7992898827595294,0.7992542212690881,0.7992898827595294,0.2007101172404706,-0.0001452882708434,-0.0005506620258619,0.0087830622295253,True,0.4731390007350688,0.5268609992649311,0.0695025682687165,0.6862931963750969,0.3137068036249031,-0.40034355714648,0.3633576257901643,0.6366423742098357,0.3129763710149056,0.2007101172404706,0.7992898827595294,0.7992542212690881,1,0,0,0.0,1,1,1,1,,0,1,1,0,1,0,0,-0.053721998529862314,0.0695025682687165,0.3725863927501938,0.40034355714648,-0.27328474841967143,0.3129763710149056,-0.5985797655190588,0.7992542212690881,0.56006134,0.4534255761536229,0.5417342
2026-04-13 10:30:00,2026-04-13 15:45:00,1,874.7,872.0,eod,-2.700000000000045,0.152401,-3.052401000000046,-96150.63150000144,1.0,2026-04-13,874.15,874.75,872.2,0.0,872.0,872.0,872.0,0.0,2026,0.0,0.0,0.0,0.0,0.0,0.0,0.0,0.0,0.0,0.0,0.0,0.0,0.0,0.0,0.0,1.0,1.0,2.0,0,10,0,4,168.0134314195484,0.3622368632533558,-0.2944627325065002,0.3622368632533558,0.6377631367466442,-2.7558825825915867e-05,-5.43611500093375e-05,0.0025337545794359,True,102.81619728881768,0.6179404675505712,0.2647957790903037,0.6179404675505712,0.3820595324494288,-0.0001301834887935,-0.000213253225725,0.0044792989290484,True,78.70708413566854,0.5063474043582209,0.0266648311192892,0.5063474043582209,0.4936525956417791,-0.0003091630923831,-0.0003936924162717,0.0061851094996014,True,48.83608478004941,0.6442055728397497,0.3370671214253742,0.6442055728397497,0.3557944271602503,-0.0004857517641763,-0.0007286133380881,0.0086170342054723,True,0.3622368632533558,0.6377631367466442,0.2944627325065002,0.6179404675505712,0.3820595324494288,-0.2647957790903037,0.5063474043582209,0.4936525956417791,-0.0266648311192892,0.6442055728397497,0.3557944271602503,-0.3370671214253742,1,0,0,0.0,1,1,1,1,,0,1,1,0,1,0,0,-0.2755262734932884,0.2944627325065002,0.23588093510114239,0.2647957790903037,0.012694808716441797,0.0266648311192892,0.2884111456794994,0.3370671214253742,0.5599255,0.4629401692193408,0.5340649
2026-04-17 10:30:00,2026-04-17 10:55:00,1,939.95,938.65,pivot,-1.3000000000000682,0.156358,-1.6563580000000682,-52175.27700000215,1.0,2026-04-17,939.65,940.45,939.1,0.0,939.0,939.65,938.55,0.0,2026,0.0,0.0,0.0,0.0,0.0,0.0,0.0,0.0,0.0,0.0,0.0,0.0,0.0,0.0,0.0,1.0,1.0,1.0,0,10,4,4,210.41706891614288,0.4002753466345399,-0.2093404408282894,0.4002753466345399,0.5997246533654601,-1.724060844235978e-05,8.532584723131014e-06,0.0023278811523006,True,78.26690693200221,0.7761678967279448,0.637601953435357,0.7761678967279448,0.2238321032720551,-2.355396404070577e-05,7.668469126143641e-06,0.0040826261366009,True,60.654808749243415,0.7650264473073741,0.5806976791639181,0.7650264473073741,0.2349735526926258,-4.18978006905084e-05,-7.979059247763158e-05,0.0057361333877585,True,60.06190244308095,0.6114535512894946,0.2432434004957403,0.6114535512894946,0.3885464487105053,-9.413612404755438e-05,-0.0002760439432475,0.0079219263915268,True,0.4002753466345399,0.5997246533654601,0.2093404408282894,0.7761678967279448,0.2238321032720551,-0.637601953435357,0.7650264473073741,0.2349735526926258,-0.5806976791639181,0.6114535512894946,0.3885464487105053,-0.2432434004957403,1,0,0,0.0,1,1,1,1,,0,1,1,0,1,0,0,-0.1994493067309202,0.2093404408282894,0.5523357934558897,0.637601953435357,0.5300528946147484,0.5806976791639181,0.22290710257898932,0.2432434004957403,0.56006134,0.4534255761536229,0.534354
2026-04-17 10:55:00,2026-04-17 12:20:00,-1,938.65,934.95,pivot,3.699999999999932,0.156208,3.3437919999999313,105329.44799999784,1.0,2026-04-17,939.0,939.65,938.55,0.0,934.6,935.0,934.35,0.0,2026,0.0,0.0,0.0,0.0,0.0,0.0,0.0,0.0,0.0,0.0,0.0,0.0,0.0,0.0,0.0,1.0,1.0,1.0,1,10,4,4,207.49929940242615,0.6067244711672196,0.2022506649844675,0.6067244711672196,0.3932755288327804,-1.724060844235978e-05,8.532584723131014e-06,0.0023278811523006,True,118.95705536176516,0.5741755869609502,0.1416325221880851,0.5741755869609502,0.4258244130390498,-2.355396404070577e-05,7.668469126143641e-06,0.0040826261366009,True,85.95695512555271,0.399427204148198,-0.1901948072011269,0.399427204148198,0.600572795851802,-4.18978006905084e-05,-7.979059247763158e-05,0.0057361333877585,True,63.588804775158806,0.5618016707956037,0.1424372307169739,0.5618016707956037,0.4381983292043963,-9.413612404755438e-05,-0.0002760439432475,0.0079219263915268,True,0.3932755288327804,0.6067244711672196,0.2022506649844675,0.4258244130390498,0.5741755869609502,0.1416325221880851,0.600572795851802,0.399427204148198,-0.1901948072011269,0.4381983292043963,0.5618016707956037,0.1424372307169739,1,0,0,0.0,1,1,1,1,,0,1,1,0,1,0,0,-0.21344894233443923,0.2022506649844675,-0.1483511739219004,0.1416325221880851,0.20114559170360402,0.1901948072011269,-0.12360334159120745,0.1424372307169739,0.56006134,0.4534255761536229,0.5317522
2026-04-20 10:50:00,2026-04-20 10:55:00,1,946.35,948.6,pivot,2.25,0.1568485,1.8931515,59634.27225,1.0,2026-04-20,948.6,948.6,946.15,0.0,948.35,949.45,947.9,0.0,2026,0.0,0.0,0.0,0.0,0.0,0.0,0.0,0.0,0.0,0.0,0.0,0.0,0.0,0.0,0.0,1.0,1.0,2.0,1,10,0,4,72.95865745348614,0.8927470459614912,1.10268294227378,0.8927470459614912,0.1072529540385087,-2.620230178601243e-05,-2.0863914279959656e-05,0.002220433226731,True,77.27006453298036,0.8036024305603379,0.7085851958503727,0.8036024305603379,0.1963975694396621,-2.8120087675115782e-05,-4.452177170428771e-05,0.0039362467345372,True,49.933698260290015,0.8146404415762535,0.7257694420589708,0.8146404415762535,0.1853595584237465,9.717221458885192e-05,7.276792696035307e-05,0.0055761906011792,True,22.607971027589198,0.8824156942921064,1.091479942983081,0.8824156942921064,0.1175843057078935,-0.0001075932683428,-0.0002541352686186,0.0077487697101711,True,0.8927470459614912,0.1072529540385087,-1.10268294227378,0.8036024305603379,0.1963975694396621,-0.7085851958503727,0.8146404415762535,0.1853595584237465,-0.7257694420589708,0.8824156942921064,0.1175843057078935,-1.091479942983081,1,0,0,0.0,1,1,1,1,,0,1,1,0,1,0,0,0.7854940919229826,1.10268294227378,0.6072048611206757,0.7085851958503727,0.629280883152507,0.7257694420589708,0.764831388584213,1.091479942983081,0.5599255,0.4629401692193408,0.52723885
2026-04-20 10:55:00,2026-04-20 11:15:00,1,948.6,948.2,pivot,-0.3999999999999772,0.156904,-0.7569039999999775,-23842.47599999929,1.0,2026-04-20,948.35,949.45,947.9,0.0,948.45,948.8,947.8,0.0,2026,0.0,0.0,0.0,0.0,0.0,0.0,0.0,0.0,0.0,0.0,0.0,0.0,0.0,0.0,0.0,1.0,1.0,2.0,0,10,0,4,230.3391679823706,0.4446084023922819,-0.1093106948445637,0.4446084023922819,0.5553915976077181,-2.620230178601243e-05,-2.0863914279959656e-05,0.002220433226731,True,92.7032087015246,0.7498478181652181,0.5476472544754915,0.7498478181652181,0.2501521818347819,-2.8120087675115782e-05,-4.452177170428771e-05,0.0039362467345372,True,61.44656222099968,0.7734820322826795,0.5930965570828045,0.7734820322826795,0.2265179677173204,9.717221458885192e-05,7.276792696035307e-05,0.0055761906011792,True,40.482329143950906,0.7785897751402411,0.646620388992903,0.7785897751402411,0.2214102248597589,-0.0001075932683428,-0.0002541352686186,0.0077487697101711,True,0.4446084023922819,0.5553915976077181,0.1093106948445637,0.7498478181652181,0.2501521818347819,-0.5476472544754915,0.7734820322826795,0.2265179677173204,-0.5930965570828045,0.7785897751402411,0.2214102248597589,-0.646620388992903,1,0,0,0.0,1,1,1,1,,0,1,1,0,1,0,0,-0.11078319521543617,0.1093106948445637,0.4996956363304362,0.5476472544754915,0.5469640645653591,0.5930965570828045,0.5571795502804822,0.646620388992903,0.5599255,0.4629401692193408,0.5199932
2026-04-23 13:00:00,2026-04-23 14:40:00,1,962.1,972.3,pivot,10.199999999999932,0.158032,9.84196799999993,310021.9919999978,1.0,2026-04-23,960.2,962.15,959.85,0.0,972.35,972.95,970.4,0.0,2026,0.0,0.0,0.0,0.0,0.0,0.0,0.0,0.0,0.0,0.0,0.0,0.0,0.0,0.0,0.0,1.0,1.0,0.0,1,13,3,4,97.72012018930415,0.1011152551590696,-1.1611794079384032,0.1011152551590696,0.8988847448409303,-3.054340042829697e-05,1.4035107715692062e-05,0.0017144933543294,True,155.04590025243593,0.3952278590291735,-0.2284310444255041,0.3952278590291735,0.6047721409708264,-3.7644811945778414e-05,1.2953988107485167e-06,0.0029681109330478,True,118.89453560599532,0.5660734092956122,0.1668520567165709,0.5660734092956122,0.4339265907043877,-2.5773960164427257e-05,-0.0002667581412891,0.004720460928361,True,14.002228443721943,0.068549120913271,-1.254771597047789,0.068549120913271,0.9314508790867287,-5.2701526850889794e-05,-0.0005673882926425,0.0068184739927275,True,0.1011152551590696,0.8988847448409303,1.1611794079384032,0.3952278590291735,0.6047721409708264,0.2284310444255041,0.5660734092956122,0.4339265907043877,-0.1668520567165709,0.068549120913271,0.9314508790867287,1.254771597047789,1,0,0,0.0,1,1,1,1,,0,1,0,1,1,0,0,-0.7977694896818607,1.1611794079384032,-0.20954428194165292,0.2284310444255041,0.1321468185912245,0.1668520567165709,-0.8629017581734577,1.254771597047789,0.56298727,0.5472051342402767,0.524098
2026-04-24 10:30:00,2026-04-24 11:20:00,1,975.8,973.6,pivot,-2.199999999999932,0.158482,-2.558481999999932,-80592.18299999787,1.0,2026-04-24,972.8,975.8,971.5,0.0,971.05,974.0,970.95,0.0,2026,0.0,0.0,0.0,0.0,0.0,0.0,0.0,0.0,0.0,0.0,0.0,0.0,0.0,0.0,0.0,1.0,1.0,1.0,0,10,4,4,26.8470943187612,0.0326493658112586,-1.8639010965886336,0.0326493658112586,0.9673506341887412,-3.054340042829697e-05,1.4035107715692062e-05,0.0017144933543294,True,167.4646590626386,0.4716924990688657,-0.0696963077120767,0.4716924990688657,0.5283075009311342,-3.7644811945778414e-05,1.2953988107485167e-06,0.0029681109330478,True,109.44753106557692,0.3826089697060242,-0.1611440931199265,0.3826089697060242,0.6173910302939758,-2.5773960164427257e-05,-0.0002667581412891,0.004720460928361,True,65.7515339240599,0.2805911730540446,-0.3383113053860013,0.2805911730540446,0.7194088269459553,-5.2701526850889794e-05,-0.0005673882926425,0.0068184739927275,True,0.0326493658112586,0.9673506341887412,1.8639010965886336,0.4716924990688657,0.5283075009311342,0.0696963077120767,0.3826089697060242,0.6173910302939758,0.1611440931199265,0.2805911730540446,0.7194088269459553,0.3383113053860013,1,0,0,0.0,1,1,1,1,,0,1,1,0,1,0,0,-0.9347012683774827,1.8639010965886336,-0.05661500186226853,0.0696963077120767,-0.2347820605879516,0.1611440931199265,-0.43881765389191074,0.3383113053860013,0.56006134,0.4534255761536229,0.52387047
2026-04-27 10:30:00,2026-04-27 10:35:00,-1,993.55,995.1,pivot,-1.5500000000000682,0.1596595,-1.9096595000000682,-60154.27425000215,1.0,2026-04-27,995.15,995.4,992.45,0.0,995.55,996.05,994.45,0.0,2026,0.0,0.0,0.0,0.0,0.0,0.0,0.0,0.0,0.0,0.0,0.0,0.0,0.0,0.0,0.0,1.0,1.0,2.0,0,10,0,4,130.81684325085286,0.850590866317429,0.9093775406946476,0.850590866317429,0.149409133682571,-3.960823025503253e-05,1.910220421438245e-06,0.0017120041961939,True,154.13192002926948,0.6392826557374257,0.2800880011434753,0.6392826557374257,0.3607173442625743,-3.437855273372867e-05,-9.75440045635484e-06,0.0029061459500319,True,84.88922891857624,0.7584854916369976,0.596460095642724,0.7584854916369976,0.2415145083630023,2.523005458901041e-05,5.8339237877927154e-06,0.0039540143058572,True,78.21596010078288,0.3708774302877449,-0.1507404130678411,0.3708774302877449,0.6291225697122551,-0.000140695289897,-0.0006711799578834,0.0068704055179737,True,0.149409133682571,0.850590866317429,0.9093775406946476,0.3607173442625743,0.6392826557374257,0.2800880011434753,0.2415145083630023,0.7584854916369976,0.596460095642724,0.6291225697122551,0.3708774302877449,-0.1507404130678411,1,0,0,0.0,1,1,1,1,,0,1,1,0,1,0,0,-0.701181732634858,0.9093775406946476,-0.2785653114748514,0.2800880011434753,-0.5169709832739953,0.596460095642724,0.2582451394245102,0.1507404130678411,0.5599255,0.4629401692193408,0.51954556
2026-04-27 10:35:00,2026-04-27 12:25:00,1,995.1,1000.5,pivot,5.399999999999977,0.159868,5.040131999999977,158764.15799999927,1.0,2026-04-27,995.55,996.05,994.45,0.0,1000.3,1000.65,999.6,0.0,2026,0.0,0.0,0.0,0.0,0.0,0.0,0.0,0.0,0.0,0.0,0.0,0.0,0.0,0.0,0.0,1.0,1.0,2.0,1,10,0,4,284.43715135180213,0.5112986304865906,-0.0011157802216168,0.5112986304865906,0.4887013695134093,-3.960823025503253e-05,1.910220421438245e-06,0.0017120041961939,True,167.481854925588,0.574392906463777,0.1416388241842743,0.574392906463777,0.4256070935362229,-3.437855273372867e-05,-9.75440045635484e-06,0.0029061459500319,True,112.3243166711287,0.6443136418310735,0.3035540308914924,0.6443136418310735,0.3556863581689264,2.523005458901041e-05,5.8339237877927154e-06,0.0039540143058572,True,80.25152425643083,0.5821743627236355,0.2220165979385552,0.5821743627236355,0.4178256372763644,-0.000140695289897,-0.0006711799578834,0.0068704055179737,True,0.5112986304865906,0.4887013695134093,0.0011157802216168,0.574392906463777,0.4256070935362229,-0.1416388241842743,0.6443136418310735,0.3556863581689264,-0.3035540308914924,0.5821743627236355,0.4178256372763644,-0.2220165979385552,1,0,0,0.0,1,1,1,1,,0,1,1,0,1,0,0,0.02259726097318132,0.0011157802216168,0.14878581292755416,0.1416388241842743,0.2886272836621471,0.3035540308914924,0.16434872544727114,0.2220165979385552,0.5599255,0.4629401692193408,0.51762575
2026-05-12 10:25:00,2026-05-12 10:30:00,1,1204.25,1199.7,pivot,-4.5499999999999545,0.1721185,-4.9221184999999545,-155046.73274999857,1.0,2026-05-12,1199.9,1208.8,1193.55,0.0,1168.95,1200.35,1166.0,0.0,2026,0.0,0.0,0.0,0.0,0.0,0.0,0.0,0.0,0.0,0.0,0.0,0.0,0.0,0.0,0.0,1.0,0.0,0.0,0,10,1,5,16.0585146400272,0.025446702836607,-2.1397895547039143,0.025446702836607,0.974553297163393,4.348463265837651e-05,5.4104130347715805e-05,0.001716454154223,True,0.8538455119904584,0.0005145532519983,-4.367286785411509,0.0005145532519983,0.9994854467480015,0.0001942048659017,0.0001820351823488,0.0029052115443934,True,0.1276941996456949,0.0,-5.89863211179468,0.0,1.0,0.000475221709674,0.0004497749622574,0.0039937508919356,True,0.6921872921827456,0.0,-5.21737975124624,0.0,1.0,0.0011328921771354,0.0008729035708889,0.0053052129300688,True,0.025446702836607,0.974553297163393,2.1397895547039143,0.0005145532519983,0.9994854467480015,4.367286785411509,0.0,1.0,5.89863211179468,0.0,1.0,5.21737975124624,1,0,0,0.0,1,1,1,1,,0,1,1,0,0,1,0,-0.949106594326786,2.1397895547039143,-0.9989708934960032,4.367286785411509,-1.0,5.89863211179468,-1.0,5.21737975124624,0.76332355,0.649937526719588,0.4960273
2026-05-12 10:30:00,2026-05-12 11:25:00,-1,1199.7,1201.4,pivot,-1.7000000000000457,0.172033,-2.0720330000000455,-65269.03950000143,1.0,2026-05-12,1168.95,1200.35,1166.0,0.0,1199.6,1203.0,1197.85,0.0,2026,0.0,0.0,0.0,0.0,0.0,0.0,0.0,0.0,0.0,0.0,0.0,0.0,0.0,0.0,0.0,2.0,0.0,0.0,0,10,1,5,1.5e-322,0.0,-15.256110440575414,0.0,1.0,4.348463265837651e-05,5.4104130347715805e-05,0.001716454154223,True,1.6120188137414585e-44,0.0,-10.888690311401026,0.0,1.0,0.0001942048659017,0.0001820351823488,0.0029052115443934,True,7.418298972245879e-55,0.0,-11.174488184768084,0.0,1.0,0.000475221709674,0.0004497749622574,0.0039937508919356,True,4.830097675367257e-100,0.0,-10.395335368042712,0.0,1.0,0.0011328921771354,0.0008729035708889,0.0053052129300688,True,1.0,0.0,-15.256110440575414,1.0,0.0,-10.888690311401026,1.0,0.0,-11.174488184768084,1.0,0.0,-10.395335368042712,1,0,0,0.0,1,1,1,1,,0,1,1,0,0,1,0,1.0,15.256110440575414,1.0,10.888690311401026,1.0,11.174488184768084,1.0,10.395335368042712,0.7468529,0.6518840150139024,0.52560055
2026-05-12 13:20:00,2026-05-12 13:45:00,-1,1185.25,1180.25,pivot,5.0,0.170965,4.629035,145814.6025,1.0,2026-05-12,1184.85,1186.2,1182.0,0.0,1176.1,1183.05,1175.5,0.0,2026,0.0,0.0,0.0,0.0,0.0,0.0,0.0,0.0,0.0,0.0,0.0,0.0,0.0,0.0,0.0,1.0,1.0,0.0,1,13,1,5,403.26434878461583,0.3909420455534266,-0.1544340963378933,0.3909420455534266,0.6090579544465733,4.348463265837651e-05,5.4104130347715805e-05,0.001716454154223,True,5.36150003017827,0.0111246528968888,-2.479896707800276,0.0111246528968888,0.9888753471031112,0.0001942048659017,0.0001820351823488,0.0029052115443934,True,11.061637673980762,0.0286251966984368,-1.9339607480778416,0.0286251966984368,0.9713748033015632,0.000475221709674,0.0004497749622574,0.0039937508919356,True,11.47653099211351,0.0394231374524118,-1.796048512804342,0.0394231374524118,0.960576862547588,0.0011328921771354,0.0008729035708889,0.0053052129300688,True,0.6090579544465733,0.3909420455534266,-0.1544340963378933,0.9888753471031112,0.0111246528968888,-2.479896707800276,0.9713748033015632,0.0286251966984368,-1.9339607480778416,0.960576862547588,0.0394231374524118,-1.796048512804342,1,0,0,0.0,1,1,1,1,,0,1,0,1,1,0,0,0.2181159088931467,0.1544340963378933,0.9777506942062224,2.479896707800276,0.9427496066031265,1.9339607480778416,0.9211537250951762,1.796048512804342,0.55476904,0.5463104424896219,0.53868306
2026-05-12 13:45:00,2026-05-12 14:00:00,1,1180.25,1172.8,pivot,-7.450000000000045,0.1705915,-7.820591500000046,-246348.63225000145,1.0,2026-05-12,1176.1,1183.05,1175.5,0.0,1182.9,1183.1,1172.4,0.0,2026,0.0,0.0,0.0,0.0,0.0,0.0,0.0,0.0,0.0,0.0,0.0,0.0,0.0,0.0,0.0,1.0,0.0,0.0,0,13,1,5,17.494887731547664,0.0277831682117353,-2.058977158073324,0.0277831682117353,0.9722168317882648,4.348463265837651e-05,5.4104130347715805e-05,0.001716454154223,True,3.917188482799823,0.0081739370446828,-2.701181666909744,0.0081739370446828,0.9918260629553172,0.0001942048659017,0.0001820351823488,0.0029052115443934,True,9.797948024230037,0.0249654138667054,-2.0214215954156995,0.0249654138667054,0.9750345861332944,0.000475221709674,0.0004497749622574,0.0039937508919356,True,2.460050162004749,0.0146154591934668,-2.664133035390394,0.0146154591934668,0.9853845408065331,0.0011328921771354,0.0008729035708889,0.0053052129300688,True,0.0277831682117353,0.9722168317882648,2.058977158073324,0.0081739370446828,0.9918260629553172,2.701181666909744,0.0249654138667054,0.9750345861332944,2.0214215954156995,0.0146154591934668,0.9853845408065331,2.664133035390394,1,0,0,0.0,1,1,1,1,,0,1,0,1,0,1,0,-0.9444336635765295,2.058977158073324,-0.9836521259106343,2.701181666909744,-0.950069172266589,2.0214215954156995,-0.9707690816130663,2.664133035390394,0.769962,0.7076756239857659,0.5476393
2026-05-12 14:10:00,2026-05-12 14:40:00,1,1176.4,1172.5,pivot,-3.900000000000091,0.170467,-4.270467000000092,-134519.7105000029,1.0,2026-05-12,1169.25,1176.75,1168.5,0.0,1172.0,1173.7,1169.7,0.0,2026,0.0,0.0,0.0,0.0,0.0,0.0,0.0,0.0,0.0,0.0,0.0,0.0,0.0,0.0,0.0,1.0,0.0,0.0,0,14,1,5,3.784104479928952,0.0081736639833542,-3.484211643808673,0.0081736639833542,0.9918263360166458,4.348463265837651e-05,5.4104130347715805e-05,0.001716454154223,True,56.45926775968314,0.1023068028542802,-1.0474359818445524,0.1023068028542802,0.8976931971457198,0.0001942048659017,0.0001820351823488,0.0029052115443934,True,5.733879725891603,0.0121366098861028,-2.4466155360517226,0.0121366098861028,0.9878633901138972,0.000475221709674,0.0004497749622574,0.0039937508919356,True,2.4359634561800734,0.0114025501571995,-2.909194784838837,0.0114025501571995,0.9885974498428004,0.0011328921771354,0.0008729035708889,0.0053052129300688,True,0.0081736639833542,0.9918263360166458,3.484211643808673,0.1023068028542802,0.8976931971457198,1.0474359818445524,0.0121366098861028,0.9878633901138972,2.4466155360517226,0.0114025501571995,0.9885974498428004,2.909194784838837,1,0,0,0.0,1,1,1,1,,0,1,0,1,0,1,0,-0.9836526720332917,3.484211643808673,-0.7953863942914396,1.0474359818445524,-0.9757267802277945,2.4466155360517226,-0.9771948996856009,2.909194784838837,0.7640309,0.7231453881397406,0.5577769
2026-05-14 11:50:00,2026-05-14 11:55:00,1,1226.75,1226.7,pivot,-0.0499999999999545,0.1736035,-0.42360349999995456,-13343.510249998568,1.0,2026-05-14,1226.55,1229.5,1225.75,0.0,1224.75,1226.8,1223.6,0.0,2026,0.0,0.0,0.0,0.0,0.0,0.0,0.0,0.0,0.0,0.0,0.0,0.0,0.0,0.0,0.0,1.0,1.0,0.0,0,11,3,5,301.0485917974133,0.375794081444429,-0.1633296448467859,0.375794081444429,0.624205918555571,5.870502021725934e-05,6.376990967716056e-05,0.0023867970711127,True,13.154553540673229,0.0370193455814884,-1.5533324217101248,0.0370193455814884,0.9629806544185116,0.0002163163962577,0.0002162626134741,0.0039072280989201,True,13.006722567578006,0.0433519828280887,-1.363107980865813,0.0433519828280887,0.9566480171719112,0.0005676494700388,0.0005652024868387,0.005540479913072,True,13.685378470594806,0.0524605256992013,-1.241294135297571,0.0524605256992013,0.9475394743007988,0.0012302154181571,0.0011076349472557,0.0076292228618736,True,0.375794081444429,0.624205918555571,0.1633296448467859,0.0370193455814884,0.9629806544185116,1.5533324217101248,0.0433519828280887,0.9566480171719112,1.363107980865813,0.0524605256992013,0.9475394743007988,1.241294135297571,1,0,0,0.0,1,1,1,1,,0,1,1,0,1,0,0,-0.24841183711114195,0.1633296448467859,-0.9259613088370231,1.5533324217101248,-0.9132960343438224,1.363107980865813,-0.8950789486015974,1.241294135297571,0.55127645,0.5004338045046927,0.5639656
2026-05-14 11:55:00,2026-05-14 12:25:00,1,1226.7,1230.35,pivot,3.649999999999864,0.1737115,3.2762884999998634,103203.0877499957,1.0,2026-05-14,1224.75,1226.8,1223.6,0.0,1231.7,1233.85,1230.35,0.0,2026,0.0,0.0,0.0,0.0,0.0,0.0,0.0,0.0,0.0,0.0,0.0,0.0,0.0,0.0,0.0,1.0,1.0,0.0,1,11,3,5,107.47667042037789,0.1536547300758214,-0.642023021410209,0.1536547300758214,0.8463452699241786,5.870502021725934e-05,6.376990967716056e-05,0.0023867970711127,True,11.44228250294742,0.0319016240457312,-1.65938078690796,0.0319016240457312,0.9680983759542688,0.0002163163962577,0.0002162626134741,0.0039072280989201,True,8.478664885548653,0.0283550461972375,-1.6208703132259523,0.0283550461972375,0.9716449538027624,0.0005676494700388,0.0005652024868387,0.005540479913072,True,35.45027038641895,0.1424109077578162,-0.7378124347140125,0.1424109077578162,0.8575890922421838,0.0012302154181571,0.0011076349472557,0.0076292228618736,True,0.1536547300758214,0.8463452699241786,0.642023021410209,0.0319016240457312,0.9680983759542688,1.65938078690796,0.0283550461972375,0.9716449538027624,1.6208703132259523,0.1424109077578162,0.8575890922421838,0.7378124347140125,1,0,0,0.0,1,1,1,1,,0,1,1,0,1,0,0,-0.6926905398483572,0.642023021410209,-0.9361967519085377,1.65938078690796,-0.9432899076055249,1.6208703132259523,-0.7151781844843677,0.7378124347140125,0.55127645,0.5004338045046927,0.56386924
2026-05-15 10:30:00,2026-05-15 10:35:00,-1,1228.1,1227.95,pivot,0.1499999999998635,0.1736815,-0.22368150000013645,-7045.967250004298,1.0,2026-05-15,1227.95,1228.6,1225.2,0.0,1231.8,1234.75,1227.95,0.0,2026,0.0,0.0,0.0,0.0,0.0,0.0,0.0,0.0,0.0,0.0,0.0,0.0,0.0,0.0,0.0,1.0,0.0,0.0,0,10,4,5,325.4399952896617,0.4403602772677648,-0.0778940373689373,0.4403602772677648,0.5596397227322352,5.870502021725934e-05,6.376990967716056e-05,0.0023867970711127,True,9.860386293768611,0.0264514008657585,-1.7898106236802391,0.0264514008657585,0.9735485991342414,0.0002163163962577,0.0002162626134741,0.0039072280989201,True,1.457000518526426,0.0085817616367683,-2.38778763089781,0.0085817616367683,0.9914182383632316,0.0005676494700388,0.0005652024868387,0.005540479913072,True,0.3652525402101267,0.0059414009097776,-2.9698991964666632,0.0059414009097776,0.9940585990902224,0.0012302154181571,0.0011076349472557,0.0076292228618736,True,0.5596397227322352,0.4403602772677648,-0.0778940373689373,0.9735485991342414,0.0264514008657585,-1.7898106236802391,0.9914182383632316,0.0085817616367683,-2.38778763089781,0.9940585990902224,0.0059414009097776,-2.9698991964666632,1,0,0,0.0,1,1,1,1,,0,1,1,0,0,1,0,0.11927944546447039,0.0778940373689373,0.9470971982684829,1.7898106236802391,0.9828364767264633,2.38778763089781,0.9881171981804449,2.9698991964666632,0.66311514,0.6264156329981756,0.56202126
2026-05-15 10:55:00,2026-05-15 11:25:00,-1,1215.55,1201.45,pivot,14.099999999999907,0.17251,13.727489999999907,432415.9349999971,1.0,2026-05-15,1206.85,1218.6,1204.8,0.0,1195.15,1206.8,1194.05,0.0,2026,0.0,0.0,0.0,0.0,0.0,0.0,0.0,0.0,0.0,0.0,0.0,0.0,0.0,0.0,0.0,1.0,0.0,0.0,1,10,4,5,5.13175654893878,0.0076266488254261,-2.9844813304561426,0.0076266488254261,0.992373351174574,5.870502021725934e-05,6.376990967716056e-05,0.0023867970711127,True,0.3726764332068732,9.123301961539496e-05,-4.9390692549887545,9.123301961539496e-05,0.9999087669803846,0.0002163163962577,0.0002162626134741,0.0039072280989201,True,0.2002102099413153,0.005388928286915,-3.252390239346072,0.005388928286915,0.9946110717130848,0.0005676494700388,0.0005652024868387,0.005540479913072,True,0.2609187066951214,0.0015200223218211,-4.029565947358406,0.0015200223218211,0.9984799776781788,0.0012302154181571,0.0011076349472557,0.0076292228618736,True,0.992373351174574,0.0076266488254261,-2.9844813304561426,0.9999087669803846,9.123301961539496e-05,-4.9390692549887545,0.9946110717130848,0.005388928286915,-3.252390239346072,0.9984799776781788,0.0015200223218211,-4.029565947358406,1,0,0,0.0,1,1,1,1,,0,1,1,0,0,1,0,0.984746702349148,2.9844813304561426,0.9998175339607691,4.9390692549887545,0.9892221434261699,3.252390239346072,0.9969599553563576,4.029565947358406,0.66311514,0.6264156329981756,0.56504554
2026-05-15 11:25:00,2026-05-15 11:50:00,-1,1201.45,1205.7,pivot,-4.25,0.1722145,-4.6222145,-145599.75675,1.0,2026-05-15,1195.15,1206.8,1194.05,0.0,1205.7,1211.3,1204.4,0.0,2026,0.0,0.0,0.0,0.0,0.0,0.0,0.0,0.0,0.0,0.0,0.0,0.0,0.0,0.0,0.0,1.0,0.0,0.0,0,11,4,5,8.100357890277753,0.0174081894678329,-2.334047267931607,0.0174081894678329,0.982591810532167,5.870502021725934e-05,6.376990967716056e-05,0.0023867970711127,True,164.01437947942122,0.4988287044910232,-0.0018074113397971,0.4988287044910232,0.5011712955089769,0.0002163163962577,0.0002162626134741,0.0039072280989201,True,6.053682046053249,0.0186382197585411,-1.860337274090556,0.0186382197585411,0.9813617802414588,0.0005676494700388,0.0005652024868387,0.005540479913072,True,0.7883283004477342,0.0027898992217622,-3.709970802430292,0.0027898992217622,0.9972101007782378,0.0012302154181571,0.0011076349472557,0.0076292228618736,True,0.982591810532167,0.0174081894678329,-2.334047267931607,0.5011712955089769,0.4988287044910232,-0.0018074113397971,0.9813617802414588,0.0186382197585411,-1.860337274090556,0.9972101007782378,0.0027898992217622,-3.709970802430292,1,0,0,0.0,1,1,1,1,,0,1,1,0,0,1,0,0.9651836210643342,2.334047267931607,0.002342591017953699,0.0018074113397971,0.9627235604829177,1.860337274090556,0.9944202015564756,3.709970802430292,0.6784994,0.6391524751034388,0.56617665
2026-05-15 11:50:00,2026-05-15 12:25:00,1,1205.7,1196.9,pivot,-8.799999999999955,0.172078,-9.172077999999955,-288920.4569999986,1.0,2026-05-15,1205.7,1211.3,1204.4,0.0,1196.8,1199.45,1196.4,0.0,2026,0.0,0.0,0.0,0.0,0.0,0.0,0.0,0.0,0.0,0.0,0.0,0.0,0.0,0.0,0.0,1.0,1.0,0.0,0,11,4,5,288.44291168134924,0.4715371277265323,-0.0331473326425745,0.4715371277265323,0.5284628722734677,5.688710850897201e-05,4.252585875323537e-05,0.0025339801991026,True,56.61527662379223,0.8631305783584048,0.8422128323711836,0.8631305783584048,0.1368694216415952,0.0001812950106395,0.0001334368730336,0.0042319385655696,True,69.01102484004531,0.7514434009998495,0.4898313828421852,0.7514434009998495,0.2485565990001504,0.0004256919581623,0.0003293309217031,0.0060268748203971,True,17.388439315489546,0.0825836423932726,-1.0465094135390391,0.0825836423932726,0.9174163576067274,0.0010966180430674,0.0006906850513678,0.0083168049104538,True,0.4715371277265323,0.5284628722734677,0.0331473326425745,0.8631305783584048,0.1368694216415952,-0.8422128323711836,0.7514434009998495,0.2485565990001504,-0.4898313828421852,0.0825836423932726,0.9174163576067274,1.0465094135390391,1,0,0,0.0,1,1,1,1,,0,1,1,0,1,0,0,-0.056925744546935386,0.0331473326425745,0.7262611567168096,0.8422128323711836,0.5028868019996992,0.4898313828421852,-0.8348327152134547,1.0465094135390391,0.56326175,0.5095495583491728,0.56696
2026-05-15 12:25:00,2026-05-15 12:50:00,-1,1196.9,1203.55,pivot,-6.649999999999864,0.1720134999999999,-7.022013499999863,-221193.4252499957,1.0,2026-05-15,1196.8,1199.45,1196.4,0.0,1201.75,1204.15,1200.0,0.0,2026,0.0,0.0,0.0,0.0,0.0,0.0,0.0,0.0,0.0,0.0,0.0,0.0,0.0,0.0,0.0,1.0,1.0,0.0,0,12,4,5,276.8693782795963,0.4118584845846875,-0.1156926545710208,0.4118584845846875,0.5881415154153125,5.688710850897201e-05,4.252585875323537e-05,0.0025339801991026,True,102.91375039292366,0.2501303029604441,-0.4359403077375033,0.2501303029604441,0.749869697039556,0.0001812950106395,0.0001334368730336,0.0042319385655696,True,39.35517352799388,0.1320156807466328,-0.8016118553187009,0.1320156807466328,0.8679843192533672,0.0004256919581623,0.0003293309217031,0.0060268748203971,True,77.71537678663678,0.5220549618330246,0.0828374207948182,0.5220549618330246,0.4779450381669754,0.0010966180430674,0.0006906850513678,0.0083168049104538,True,0.5881415154153125,0.4118584845846875,-0.1156926545710208,0.749869697039556,0.2501303029604441,-0.4359403077375033,0.8679843192533672,0.1320156807466328,-0.8016118553187009,0.4779450381669754,0.5220549618330246,0.0828374207948182,1,0,0,0.0,1,1,1,1,,0,1,0,1,1,0,0,0.17628303083062496,0.1156926545710208,0.4997393940791119,0.4359403077375033,0.7359686385067343,0.8016118553187009,-0.044109923666049156,0.0828374207948182,0.5621244,0.539402732628291,0.55765885
2026-05-15 13:25:00,2026-05-15 13:50:00,1,1185.3,1178.65,pivot,-6.649999999999864,0.1709185,-7.020918499999864,-221158.9327499957,1.0,2026-05-15,1185.35,1189.5,1181.65,0.0,1176.5,1179.6,1174.7,0.0,2026,0.0,0.0,0.0,0.0,0.0,0.0,0.0,0.0,0.0,0.0,0.0,0.0,0.0,0.0,0.0,1.0,1.0,0.0,0,13,4,5,287.0156827292088,0.5079202327536861,0.0165119554901258,0.5079202327536861,0.4920797672463138,5.688710850897201e-05,4.252585875323537e-05,0.0025339801991026,True,13.936331549229482,0.0428652470919945,-1.5615540087446114,0.0428652470919945,0.9571347529080054,0.0001812950106395,0.0001334368730336,0.0042319385655696,True,6.556794968889391,0.0262486464920093,-1.8159894330002493,0.0262486464920093,0.9737513535079908,0.0004256919581623,0.0003293309217031,0.0060268748203971,True,11.726781705303283,0.0592015931433703,-1.23892814287224,0.0592015931433703,0.9407984068566296,0.0010966180430674,0.0006906850513678,0.0083168049104538,True,0.5079202327536861,0.4920797672463138,-0.0165119554901258,0.0428652470919945,0.9571347529080054,1.5615540087446114,0.0262486464920093,0.9737513535079908,1.8159894330002493,0.0592015931433703,0.9407984068566296,1.23892814287224,1,0,0,0.0,1,1,1,1,,0,1,0,1,1,0,0,0.015840465507372337,0.0165119554901258,-0.914269505816011,1.5615540087446114,-0.9475027070159815,1.8159894330002493,-0.8815968137132594,1.23892814287224,0.55913264,0.5521351062290721,0.544868
2026-05-15 13:50:00,2026-05-15 13:55:00,1,1178.65,1176.55,pivot,-2.1000000000001364,0.170656,-2.4706560000001363,-77825.6640000043,1.0,2026-05-15,1176.5,1179.6,1174.7,0.0,1173.25,1176.8,1171.7,0.0,2026,0.0,0.0,0.0,0.0,0.0,0.0,0.0,0.0,0.0,0.0,0.0,0.0,0.0,0.0,0.0,1.0,0.0,0.0,0,13,4,5,88.62324864981154,0.1464572202729054,-0.7205621006018716,0.1464572202729054,0.8535427797270946,5.688710850897201e-05,4.252585875323537e-05,0.0025339801991026,True,3.2200185218902613,0.0165294479888519,-2.3499632652439844,0.0165294479888519,0.983470552011148,0.0001812950106395,0.0001334368730336,0.0042319385655696,True,14.700102817298529,0.0592392162278096,-1.2841024191047878,0.0592392162278096,0.9407607837721904,0.0004256919581623,0.0003293309217031,0.0060268748203971,True,1.1714700219433785,0.0148822412221011,-2.636298902534222,0.0148822412221011,0.9851177587778988,0.0010966180430674,0.0006906850513678,0.0083168049104538,True,0.1464572202729054,0.8535427797270946,0.7205621006018716,0.0165294479888519,0.983470552011148,2.3499632652439844,0.0592392162278096,0.9407607837721904,1.2841024191047878,0.0148822412221011,0.9851177587778988,2.636298902534222,1,0,0,0.0,1,1,1,1,,0,1,0,1,0,1,0,-0.7070855594541892,0.7205621006018716,-0.966941104022296,2.3499632652439844,-0.8815215675443808,1.2841024191047878,-0.9702355175557976,2.636298902534222,0.66529,0.6896420615476124,0.5367042
2026-05-15 13:55:00,2026-05-15 14:20:00,1,1176.55,1178.35,pivot,1.7999999999999543,0.170647,1.4293529999999546,45024.61949999857,1.0,2026-05-15,1173.25,1176.8,1171.7,0.0,1174.45,1181.85,1174.25,0.0,2026,0.0,0.0,0.0,0.0,0.0,0.0,0.0,0.0,0.0,0.0,0.0,0.0,0.0,0.0,0.0,1.0,0.0,0.0,1,13,4,5,43.20388128238406,0.0840026691072884,-1.108445658982697,0.0840026691072884,0.9159973308927116,5.688710850897201e-05,4.252585875323537e-05,0.0025339801991026,True,4.024465670603693,0.0185550244326288,-2.2167095911011843,0.0185550244326288,0.9814449755673712,0.0001812950106395,0.0001334368730336,0.0042319385655696,True,7.32733028929958,0.0287319122701222,-1.7570872420608372,0.0287319122701222,0.9712680877298778,0.0004256919581623,0.0003293309217031,0.0060268748203971,True,1.234072878194333,0.0153174997900341,-2.593124316902908,0.0153174997900341,0.9846825002099658,0.0010966180430674,0.0006906850513678,0.0083168049104538,True,0.0840026691072884,0.9159973308927116,1.108445658982697,0.0185550244326288,0.9814449755673712,2.2167095911011843,0.0287319122701222,0.9712680877298778,1.7570872420608372,0.0153174997900341,0.9846825002099658,2.593124316902908,1,0,0,0.0,1,1,1,1,,0,1,0,1,0,1,0,-0.8319946617854233,1.108445658982697,-0.9628899511347424,2.2167095911011843,-0.9425361754597557,1.7570872420608372,-0.9693650004199318,2.593124316902908,0.66529,0.6896420615476124,0.5298959
2026-05-15 14:20:00,2026-05-15 14:45:00,1,1178.35,1157.8,pivot,-20.549999999999955,0.1700845,-20.920084499999955,-658982.6617499986,1.0,2026-05-15,1174.45,1181.85,1174.25,0.0,1154.8,1159.9,1154.25,0.0,2026,0.0,0.0,0.0,0.0,0.0,0.0,0.0,0.0,0.0,0.0,0.0,0.0,0.0,0.0,0.0,1.0,1.0,0.0,0,14,4,5,29.904053452057173,0.0641047229030739,-1.325080522808279,0.0641047229030739,0.935895277096926,5.688710850897201e-05,4.252585875323537e-05,0.0025339801991026,True,142.06464127735012,0.53516237533764,0.0690900789352797,0.53516237533764,0.46483762466236,0.0001812950106395,0.0001334368730336,0.0042319385655696,True,80.59832727405484,0.296489800844656,-0.3440103312348366,0.296489800844656,0.703510199155344,0.0004256919581623,0.0003293309217031,0.0060268748203971,True,13.24179677491462,0.0649913088130426,-1.1836823219668062,0.0649913088130426,0.9350086911869572,0.0010966180430674,0.0006906850513678,0.0083168049104538,True,0.0641047229030739,0.935895277096926,1.325080522808279,0.53516237533764,0.46483762466236,-0.0690900789352797,0.296489800844656,0.703510199155344,0.3440103312348366,0.0649913088130426,0.9350086911869572,1.1836823219668062,1,0,0,0.0,1,1,1,1,,0,1,0,1,1,0,0,-0.8717905541938521,1.325080522808279,0.07032475067527999,0.0690900789352797,-0.407020398310688,0.3440103312348366,-0.8700173823739146,1.1836823219668062,0.55235946,0.5612620903560565,0.52736783
2026-05-15 14:45:00,2026-05-15 14:55:00,1,1157.8,1154.5,pivot,-3.2999999999999545,0.169369,-3.669368999999955,-115585.12349999858,1.0,2026-05-15,1154.8,1159.9,1154.25,0.0,1149.7,1156.05,1149.0,0.0,2026,0.0,0.0,0.0,0.0,0.0,0.0,0.0,0.0,0.0,0.0,0.0,0.0,0.0,0.0,0.0,1.0,0.0,0.0,0,14,4,5,48.84985731247819,0.0919588075824462,-1.040659163718516,0.0919588075824462,0.9080411924175538,5.688710850897201e-05,4.252585875323537e-05,0.0025339801991026,True,22.67285477685012,0.0680317732609271,-1.225552072023388,0.0680317732609271,0.9319682267390728,0.0001812950106395,0.0001334368730336,0.0042319385655696,True,0.2408378501843636,0.0090946193632318,-3.404304482580128,0.0090946193632318,0.990905380636768,0.0004256919581623,0.0003293309217031,0.0060268748203971,True,1.3080587602142617,0.0159270414926172,-2.535926944720136,0.0159270414926172,0.9840729585073827,0.0010966180430674,0.0006906850513678,0.0083168049104538,True,0.0919588075824462,0.9080411924175538,1.040659163718516,0.0680317732609271,0.9319682267390728,1.225552072023388,0.0090946193632318,0.990905380636768,3.404304482580128,0.0159270414926172,0.9840729585073827,2.535926944720136,1,0,0,0.0,1,1,1,1,,0,1,0,1,0,1,0,-0.8160823848351075,1.040659163718516,-0.8639364534781456,1.225552072023388,-0.9818107612735363,3.404304482580128,-0.9681459170147655,2.535926944720136,0.6613174,0.705111825701587,0.52620876
2026-05-15 14:55:00,2026-05-15 15:25:00,-1,1154.5,1165.1,pivot,-10.599999999999907,0.169588,-10.969587999999908,-345542.0219999971,1.0,2026-05-15,1149.7,1156.05,1149.0,0.0,1165.0,1168.15,1164.5,0.0,2026,0.0,0.0,0.0,0.0,0.0,0.0,0.0,0.0,0.0,0.0,0.0,0.0,0.0,0.0,0.0,1.0,0.0,0.0,0,14,4,5,19.874457971349205,0.0414497364951223,-1.6951398149886934,0.0414497364951223,0.9585502635048776,5.688710850897201e-05,4.252585875323537e-05,0.0025339801991026,True,11.88712314110388,0.0357765609792591,-1.690490220356098,0.0357765609792591,0.9642234390207408,0.0001812950106395,0.0001334368730336,0.0042319385655696,True,0.3820825318082856,0.0095763160282703,-3.0792530893825907,0.0095763160282703,0.9904236839717296,0.0004256919581623,0.0003293309217031,0.0060268748203971,True,1.3244996981258377,0.016090686557286,-2.521078971065594,0.016090686557286,0.983909313442714,0.0010966180430674,0.0006906850513678,0.0083168049104538,True,0.9585502635048776,0.0414497364951223,-1.6951398149886934,0.9642234390207408,0.0357765609792591,-1.690490220356098,0.9904236839717296,0.0095763160282703,-3.0792530893825907,0.983909313442714,0.016090686557286,-2.521078971065594,1,0,0,0.0,1,1,1,1,,0,1,0,1,0,1,0,0.9171005270097553,1.6951398149886934,0.9284468780414817,1.690490220356098,0.9808473679434594,3.0792530893825907,0.9678186268854281,2.521078971065594,0.6613174,0.705111825701587,0.5309051
2026-05-19 10:45:00,2026-05-19 11:25:00,1,1133.05,1119.7,pivot,-13.349999999999907,0.1675825,-13.717582499999912,-432103.8487499972,1.0,2026-05-19,1125.35,1134.55,1124.9,0.0,1121.8,1125.7,1118.9,0.0,2026,0.0,0.0,0.0,0.0,0.0,0.0,0.0,0.0,0.0,0.0,0.0,0.0,0.0,0.0,0.0,1.0,0.0,0.0,0,10,1,5,7.822651737459019,0.016266423318796,-2.329637397052953,0.016266423318796,0.983733576681204,4.685950686712261e-05,3.815979517654415e-05,0.0029245081089428,True,47.85815869172391,0.144924127172162,-0.7390243241448544,0.144924127172162,0.855075872827838,0.0001912055036609,0.000122018497389,0.0049063227608974,True,27.65149406758944,0.1136793276130536,-0.9102849357971176,0.1136793276130536,0.8863206723869463,0.0004455606104144,0.0003495547340878,0.0067109959512492,True,2.768088785991019,0.0246359059854683,-2.1528782019425474,0.0246359059854683,0.9753640940145316,0.0008504870418466,0.0005815683565288,0.0093036192082171,True,0.016266423318796,0.983733576681204,2.329637397052953,0.144924127172162,0.855075872827838,0.7390243241448544,0.1136793276130536,0.8863206723869463,0.9102849357971176,0.0246359059854683,0.9753640940145316,2.1528782019425474,1,0,0,0.0,1,1,1,1,,0,1,1,0,0,1,0,-0.967467153362408,2.329637397052953,-0.7101517456556761,0.7390243241448544,-0.7726413447738927,0.9102849357971176,-0.9507281880290633,2.1528782019425474,0.76332355,0.649937526719588,0.53316474
2026-05-27 13:40:00,2026-05-27 13:45:00,1,1323.15,1325.55,pivot,2.399999999999864,0.1794609999999999,2.0205389999998635,63646.978499995705,1.0,2026-05-27,1325.35,1325.9,1320.45,0.0,1327.1,1328.4,1324.15,0.0,2026,0.0,0.0,0.0,0.0,0.0,0.0,0.0,0.0,0.0,0.0,0.0,0.0,0.0,0.0,0.0,1.0,1.0,0.0,1,13,2,5,126.18826619293252,0.727073831511507,0.4615996066587898,0.727073831511507,0.272926168488493,5.202022722435522e-05,1.2008138551807132e-05,0.003409308809302,True,27.509667260412478,0.9115140696495192,1.170284303398465,0.9115140696495192,0.0884859303504809,0.000372711613202,8.73082981034042e-05,0.0057802165959942,True,18.588048347616493,0.0935896434158529,-1.1531972929901109,0.0935896434158529,0.906410356584147,0.0008836971033115,0.0004939214880748,0.0077579284459181,True,10.190322424883403,0.0846055528066335,-1.261311799305698,0.0846055528066335,0.9153944471933664,0.0014081048717154,0.0008872891334103,0.0104242109326758,True,0.727073831511507,0.272926168488493,-0.4615996066587898,0.9115140696495192,0.0884859303504809,-1.170284303398465,0.0935896434158529,0.906410356584147,1.1531972929901109,0.0846055528066335,0.9153944471933664,1.261311799305698,1,0,0,0.0,1,1,1,1,,0,1,0,1,1,0,0,0.45414766302301396,0.4615996066587898,0.8230281392990383,1.170284303398465,-0.8128207131682942,1.1531972929901109,-0.8307888943867329,1.261311799305698,0.56112856,0.5514034822166195,0.54075193
2026-05-27 13:45:00,2026-05-27 14:15:00,-1,1325.55,1315.45,pivot,10.099999999999907,0.17923,9.720769999999908,306204.2549999971,1.0,2026-05-27,1327.1,1328.4,1324.15,0.0,1314.5,1315.55,1310.55,0.0,2026,0.0,0.0,0.0,0.0,0.0,0.0,0.0,0.0,0.0,0.0,0.0,0.0,0.0,0.0,0.0,1.0,1.0,0.0,1,13,2,5,135.21697892509346,0.6922582737957009,0.3835166879231926,0.6922582737957009,0.307741726204299,5.202022722435522e-05,1.2008138551807132e-05,0.003409308809302,True,43.08411519496893,0.8545163610285728,0.8867421843640967,0.8545163610285728,0.1454836389714272,0.000372711613202,8.73082981034042e-05,0.0057802165959942,True,48.16969799851292,0.2726871784659778,-0.441915707766915,0.2726871784659778,0.7273128215340222,0.0008836971033115,0.0004939214880748,0.0077579284459181,True,19.19060621020317,0.1439324608649228,-0.8662305982371111,0.1439324608649228,0.8560675391350772,0.0014081048717154,0.0008872891334103,0.0104242109326758,True,0.307741726204299,0.6922582737957009,0.3835166879231926,0.1454836389714272,0.8545163610285728,0.8867421843640967,0.7273128215340222,0.2726871784659778,-0.441915707766915,0.8560675391350772,0.1439324608649228,-0.8662305982371111,1,0,0,0.0,1,1,1,1,,0,1,0,1,1,0,0,-0.3845165475914019,0.3835166879231926,-0.7090327220571455,0.8867421843640967,0.4546256430680444,0.441915707766915,0.7121350782701543,0.8662305982371111,0.56112856,0.5514034822166195,0.5408672
2026-05-27 14:15:00,2026-05-27 14:35:00,-1,1315.45,1317.35,pivot,-1.899999999999864,0.178984,-2.2789839999998636,-71787.9959999957,1.0,2026-05-27,1314.5,1315.55,1310.55,0.0,1315.65,1322.7,1315.45,0.0,2026,0.0,0.0,0.0,0.0,0.0,0.0,0.0,0.0,0.0,0.0,0.0,0.0,0.0,0.0,0.0,1.0,0.0,0.0,0,14,2,5,147.39680187573754,0.3531904202219849,-0.2600184036416764,0.3531904202219849,0.6468095797780151,5.202022722435522e-05,1.2008138551807132e-05,0.003409308809302,True,29.0857549732122,0.1225903256615445,-0.9666695271591206,0.1225903256615445,0.8774096743384554,0.000372711613202,8.73082981034042e-05,0.0057802165959942,True,14.936458928442828,0.0753032524369049,-1.2933435557299722,0.0753032524369049,0.9246967475630952,0.0008836971033115,0.0004939214880748,0.0077579284459181,True,9.844814736874516,0.0824561070452792,-1.2817721595313345,0.0824561070452792,0.9175438929547208,0.0014081048717154,0.0008872891334103,0.0104242109326758,True,0.6468095797780151,0.3531904202219849,-0.2600184036416764,0.8774096743384554,0.1225903256615445,-0.9666695271591206,0.9246967475630952,0.0753032524369049,-1.2933435557299722,0.9175438929547208,0.0824561070452792,-1.2817721595313345,1,0,0,0.0,1,1,1,1,,0,1,0,1,0,1,0,0.29361915955603024,0.2600184036416764,0.7548193486769109,0.9666695271591206,0.8493934951261902,1.2933435557299722,0.8350877859094417,1.2817721595313345,0.767796,0.7231453881397406,0.5421665
2026-05-28 11:50:00,2026-05-28 11:55:00,-1,1287.75,1287.6,pivot,0.1500000000000909,0.1772605,-0.22726049999990905,-7158.705749997135,1.0,2026-05-28,1287.45,1290.0,1285.35,0.0,1282.9,1288.15,1281.65,0.0,2026,0.0,0.0,0.0,0.0,0.0,0.0,0.0,0.0,0.0,0.0,0.0,0.0,0.0,0.0,0.0,1.0,1.0,0.0,0,11,3,5,161.7386413492697,0.4536490438445958,-0.0718620006610402,0.4536490438445958,0.5463509561554041,5.202022722435522e-05,1.2008138551807132e-05,0.003409308809302,True,70.68060616014058,0.2864070754815292,-0.3775431413548287,0.2864070754815292,0.7135929245184707,0.000372711613202,8.73082981034042e-05,0.0057802165959942,True,61.20754796654919,0.3909558797624281,-0.1637485048088489,0.3909558797624281,0.6090441202375718,0.0008836971033115,0.0004939214880748,0.0077579284459181,True,34.77436694779702,0.2557697448818,-0.460667835164685,0.2557697448818,0.7442302551182,0.0014081048717154,0.0008872891334103,0.0104242109326758,True,0.5463509561554041,0.4536490438445958,-0.0718620006610402,0.7135929245184707,0.2864070754815292,-0.3775431413548287,0.6090441202375718,0.3909558797624281,-0.1637485048088489,0.7442302551182,0.2557697448818,-0.460667835164685,1,0,0,0.0,1,1,1,1,,0,1,1,0,1,0,0,0.09270191231080827,0.0718620006610402,0.42718584903694146,0.3775431413548287,0.2180882404751437,0.1637485048088489,0.48846051023639997,0.460667835164685,0.55127645,0.5004338045046927,0.54992735
2026-05-28 11:55:00,2026-05-28 12:25:00,-1,1287.6,1277.35,pivot,10.25,0.1769485,9.8730515,311001.12225,1.0,2026-05-28,1282.9,1288.15,1281.65,0.0,1272.75,1277.65,1272.0,0.0,2026,0.0,0.0,0.0,0.0,0.0,0.0,0.0,0.0,0.0,0.0,0.0,0.0,0.0,0.0,0.0,1.0,1.0,0.0,1,11,3,5,44.92308686792279,0.110206373320383,-1.0419665434540422,0.110206373320383,0.8897936266796169,5.202022722435522e-05,1.2008138551807132e-05,0.003409308809302,True,73.98267931885425,0.3028387041739289,-0.338451358423258,0.3028387041739289,0.6971612958260711,0.000372711613202,8.73082981034042e-05,0.0057802165959942,True,41.97772301785842,0.2241418758023952,-0.5800811454701519,0.2241418758023952,0.7758581241976048,0.0008836971033115,0.0004939214880748,0.0077579284459181,True,7.79271455407359,0.0695791979435172,-1.4217365305965466,0.0695791979435172,0.9304208020564828,0.0014081048717154,0.0008872891334103,0.0104242109326758,True,0.8897936266796169,0.110206373320383,-1.0419665434540422,0.6971612958260711,0.3028387041739289,-0.338451358423258,0.7758581241976048,0.2241418758023952,-0.5800811454701519,0.9304208020564828,0.0695791979435172,-1.4217365305965466,1,0,0,0.0,1,1,1,1,,0,1,1,0,1,0,0,0.779587253359234,1.0419665434540422,0.39432259165214223,0.338451358423258,0.5517162483952096,0.5800811454701519,0.8608416041129656,1.4217365305965466,0.55127645,0.5004338045046927,0.5506002
2026-05-28 12:25:00,2026-05-28 12:55:00,-1,1277.35,1265.3,pivot,12.049999999999956,0.1762794999999999,11.673720499999954,367722.19574999856,1.0,2026-05-28,1272.75,1277.65,1272.0,0.0,1259.05,1265.3,1258.3,0.0,2026,0.0,0.0,0.0,0.0,0.0,0.0,0.0,0.0,0.0,0.0,0.0,0.0,0.0,0.0,0.0,1.0,0.0,0.0,1,12,3,5,43.57461412748964,0.1072096801961351,-1.0617148263156773,0.1072096801961351,0.8927903198038648,5.202022722435522e-05,1.2008138551807132e-05,0.003409308809302,True,19.579870782217142,0.0770107286492549,-1.2948904153525858,0.0770107286492549,0.922989271350745,0.000372711613202,8.73082981034042e-05,0.0057802165959942,True,20.49613406827798,0.103590153326596,-1.0875516601810613,0.103590153326596,0.896409846673404,0.0008836971033115,0.0004939214880748,0.0077579284459181,True,10.71592029436462,0.0878791879308677,-1.231443053145625,0.0878791879308677,0.9121208120691324,0.0014081048717154,0.0008872891334103,0.0104242109326758,True,0.8927903198038648,0.1072096801961351,-1.0617148263156773,0.922989271350745,0.0770107286492549,-1.2948904153525858,0.896409846673404,0.103590153326596,-1.0875516601810613,0.9121208120691324,0.0878791879308677,-1.231443053145625,1,0,0,0.0,1,1,1,1,,0,1,0,1,0,1,0,0.7855806396077297,1.0617148263156773,0.8459785427014901,1.2948904153525858,0.7928196933468079,1.0875516601810613,0.8242416241382647,1.231443053145625,0.7636263,0.6845804485587681,0.54245484
2026-05-28 12:55:00,2026-05-28 13:20:00,-1,1265.3,1239.5,pivot,25.799999999999955,0.175144,25.424855999999956,800882.9639999986,1.0,2026-05-28,1259.05,1265.3,1258.3,0.0,1242.2,1243.15,1237.5,0.0,2026,0.0,0.0,0.0,0.0,0.0,0.0,0.0,0.0,0.0,0.0,0.0,0.0,0.0,0.0,0.0,1.0,0.0,0.0,1,12,3,5,23.903384174893493,0.0567270208249679,-1.513899265937188,0.0567270208249679,0.943272979175032,5.202022722435522e-05,1.2008138551807132e-05,0.003409308809302,True,95.0840637354729,0.4680802836306031,-0.0082341253339999,0.4680802836306031,0.5319197163693969,0.000372711613202,8.73082981034042e-05,0.0057802165959942,True,11.20833507245896,0.058502607890812,-1.45868411069618,0.058502607890812,0.941497392109188,0.0008836971033115,0.0004939214880748,0.0077579284459181,True,4.949396855950351,0.0407963147440423,-1.885318821836094,0.0407963147440423,0.9592036852559576,0.0014081048717154,0.0008872891334103,0.0104242109326758,True,0.943272979175032,0.0567270208249679,-1.513899265937188,0.5319197163693969,0.4680802836306031,-0.0082341253339999,0.941497392109188,0.058502607890812,-1.45868411069618,0.9592036852559576,0.0407963147440423,-1.885318821836094,1,0,0,0.0,1,1,1,1,,0,1,0,1,0,1,0,0.886545958350064,1.513899265937188,0.06383943273879383,0.0082341253339999,0.8829947842183761,1.45868411069618,0.9184073705119152,1.885318821836094,0.7636263,0.6845804485587681,0.5416091
2026-05-28 13:20:00,2026-05-28 13:25:00,-1,1239.5,1242.3,pivot,-2.7999999999999545,0.174454,-3.1744539999999546,-99995.30099999857,1.0,2026-05-28,1242.2,1243.15,1237.5,0.0,1247.2,1249.6,1239.55,0.0,2026,0.0,0.0,0.0,0.0,0.0,0.0,0.0,0.0,0.0,0.0,0.0,0.0,0.0,0.0,0.0,1.0,0.0,0.0,0,13,3,5,106.26659127885208,0.7863990257662212,0.6110464582656147,0.7863990257662212,0.2136009742337787,5.202022722435522e-05,1.2008138551807132e-05,0.003409308809302,True,10.996313521182438,0.0467245130354058,-1.6369631158718372,0.0467245130354058,0.9532754869645942,0.000372711613202,8.73082981034042e-05,0.0057802165959942,True,1.82179540076628,0.0189109240377128,-2.464154029762418,0.0189109240377128,0.9810890759622872,0.0008836971033115,0.0004939214880748,0.0077579284459181,True,1.7708557504197413,0.0105848556189124,-2.7619267825997,0.0105848556189124,0.9894151443810876,0.0014081048717154,0.0008872891334103,0.0104242109326758,True,0.2136009742337787,0.7863990257662212,0.6110464582656147,0.9532754869645942,0.0467245130354058,-1.6369631158718372,0.9810890759622872,0.0189109240377128,-2.464154029762418,0.9894151443810876,0.0105848556189124,-2.7619267825997,1,0,0,0.0,1,1,1,1,,0,1,0,1,0,1,0,-0.5727980515324426,0.6110464582656147,0.9065509739291884,1.6369631158718372,0.9621781519245745,2.464154029762418,0.9788302887621751,2.7619267825997,0.76385117,0.6973128221595495,0.5499823
2026-05-28 13:25:00,2026-05-28 13:45:00,1,1242.3,1254.4,pivot,12.100000000000136,0.174901,11.725099000000137,369340.6185000043,1.0,2026-05-28,1247.2,1249.6,1239.55,0.0,1251.65,1255.5,1249.9,0.0,2026,0.0,0.0,0.0,0.0,0.0,0.0,0.0,0.0,0.0,0.0,0.0,0.0,0.0,0.0,0.0,1.0,0.0,0.0,1,13,3,5,35.843795832053935,0.914809100351566,1.174733561502233,0.914809100351566,0.0851908996484339,5.202022722435522e-05,1.2008138551807132e-05,0.003409308809302,True,85.43720780798199,0.6474298274835523,0.3250784623665248,0.6474298274835523,0.3525701725164477,0.000372711613202,8.73082981034042e-05,0.0057802165959942,True,15.200332744046456,0.0765657887263847,-1.2826041292356944,0.0765657887263847,0.9234342112736152,0.0008836971033115,0.0004939214880748,0.0077579284459181,True,4.492600858039306,0.03359667646636,-2.030481185481506,0.03359667646636,0.96640332353364,0.0014081048717154,0.0008872891334103,0.0104242109326758,True,0.914809100351566,0.0851908996484339,-1.174733561502233,0.6474298274835523,0.3525701725164477,-0.3250784623665248,0.0765657887263847,0.9234342112736152,1.2826041292356944,0.03359667646636,0.96640332353364,2.030481185481506,1,0,0,0.0,1,1,1,1,,0,1,0,1,0,1,0,0.8296182007031321,1.174733561502233,0.2948596549671046,0.3250784623665248,-0.8468684225472305,1.2826041292356944,-0.93280664706728,2.030481185481506,0.76385117,0.6973128221595495,0.55364543
2026-05-28 13:45:00,2026-05-28 14:20:00,-1,1254.4,1262.65,pivot,-8.25,0.1755115,-8.6255115,-271703.61225,1.0,2026-05-28,1251.65,1255.5,1249.9,0.0,1270.7,1270.7,1262.15,0.0,2026,0.0,0.0,0.0,0.0,0.0,0.0,0.0,0.0,0.0,0.0,0.0,0.0,0.0,0.0,0.0,1.0,1.0,0.0,0,13,3,5,90.9804163154348,0.2035990513660492,-0.6238728803717561,0.2035990513660492,0.7964009486339508,5.202022722435522e-05,1.2008138551807132e-05,0.003409308809302,True,92.6492254611458,0.4304331491436333,-0.0772927974827588,0.4304331491436333,0.5695668508563667,0.000372711613202,8.73082981034042e-05,0.0057802165959942,True,19.468180055751382,0.9102197955852822,1.183307183685984,0.9102197955852822,0.0897802044147177,0.0008836971033115,0.0004939214880748,0.0077579284459181,True,14.28807012798414,0.1105664299348195,-1.0573759187928358,0.1105664299348195,0.8894335700651804,0.0014081048717154,0.0008872891334103,0.0104242109326758,True,0.7964009486339508,0.2035990513660492,-0.6238728803717561,0.5695668508563667,0.4304331491436333,-0.0772927974827588,0.0897802044147177,0.9102197955852822,1.183307183685984,0.8894335700651804,0.1105664299348195,-1.0573759187928358,1,0,0,0.0,1,1,1,1,,0,1,0,1,1,0,0,0.5928018972679017,0.6238728803717561,0.13913370171273343,0.0772927974827588,-0.8204395911705645,1.183307183685984,0.778867140130361,1.0573759187928358,0.5585944,0.5472051342402767,0.55834156
2026-06-01 14:25:00,2026-06-01 14:55:00,-1,1408.4,1411.95,pivot,-3.5499999999999545,0.1846105,-3.9346104999999545,-123940.23074999856,1.0,2026-06-01,1400.2,1409.35,1399.7,0.0,1412.15,1414.95,1410.0,0.0,2026,0.0,0.0,0.0,0.0,0.0,0.0,0.0,0.0,0.0,0.0,0.0,0.0,0.0,0.0,0.0,1.0,0.0,0.0,0,14,0,6,16.978435918495013,0.0413621824800513,-1.7183255354896,0.0413621824800513,0.9586378175199486,2.5300698368281443e-05,-9.106640186071068e-07,0.0034596542471185,True,11.472026564147356,0.0455280508219691,-1.6521060537854446,0.0455280508219691,0.9544719491780308,0.0002623024288083,6.778861856803963e-05,0.005870357707109,True,5.398987840373506,0.0345002220154847,-1.833895569511252,0.0345002220154847,0.9654997779845153,0.0006010135326182,0.000305418766673,0.0079001455766809,True,14.152513480334328,0.116276036815376,-1.0993274916681344,0.116276036815376,0.883723963184624,0.0013381924271536,0.0005632427975532,0.0110084581013072,True,0.9586378175199486,0.0413621824800513,-1.7183255354896,0.9544719491780308,0.0455280508219691,-1.6521060537854446,0.9654997779845153,0.0345002220154847,-1.833895569511252,0.883723963184624,0.116276036815376,-1.0993274916681344,1,0,0,0.0,1,1,1,1,,0,1,0,1,0,1,0,0.9172756350398973,1.7183255354896,0.9089438983560617,1.6521060537854446,0.9309995559690305,1.833895569511252,0.767447926369248,1.0993274916681344,0.6912061,0.7175898325841851,0.55167055
2026-06-02 11:00:00,2026-06-02 11:25:00,-1,1365.5,1374.25,pivot,-8.75,0.1821925,-9.132192499999999,-287664.06375,1.0,2026-06-02,1368.35,1372.35,1364.75,0.0,1376.5,1380.4,1372.3,0.0,2026,0.0,0.0,0.0,0.0,0.0,0.0,0.0,0.0,0.0,0.0,0.0,0.0,0.0,0.0,0.0,1.0,0.0,0.0,0,11,1,6,98.45456104708737,0.7771098935152795,0.5665285908587817,0.7771098935152795,0.2228901064847205,3.654203235984425e-05,-8.725510212143581e-06,0.0036956616884674,True,52.56456518132094,0.2181649398895504,-0.573596291664066,0.2181649398895504,0.7818350601104496,0.0002368892724475,9.569189913732577e-06,0.0061215622334003,True,1.7677301607273488,0.0137044328806842,-2.793481441773648,0.0137044328806842,0.9862955671193158,0.0005899400501328,0.000248216511576,0.008185050777711,True,22.77133684814168,0.1899693362453977,-0.731482508775649,0.1899693362453977,0.8100306637546022,0.0010621394382422,0.0006600419600202,0.0114517400282183,True,0.2228901064847205,0.7771098935152795,0.5665285908587817,0.7818350601104496,0.2181649398895504,-0.573596291664066,0.9862955671193158,0.0137044328806842,-2.793481441773648,0.8100306637546022,0.1899693362453977,-0.731482508775649,1,0,0,0.0,1,1,1,1,,0,1,1,0,0,1,0,-0.554219787030559,0.5665285908587817,0.5636701202208991,0.573596291664066,0.9725911342386315,2.793481441773648,0.6200613275092045,0.731482508775649,0.7641146,0.6626743688248512,0.55943894
2026-06-04 11:10:00,2026-06-04 11:40:00,-1,1373.4,1384.25,pivot,-10.849999999999907,0.1827295,-11.23272949999991,-353830.9792499972,1.0,2026-06-04,1372.5,1376.25,1371.65,0.0,1388.2,1388.8,1384.25,0.0,2026,0.0,0.0,0.0,0.0,0.0,0.0,0.0,0.0,0.0,0.0,0.0,0.0,0.0,0.0,0.0,1.0,1.0,0.0,0,11,3,6,139.98008642102403,0.3565200233387318,-0.2439635713265483,0.3565200233387318,0.6434799766612682,3.654203235984425e-05,-8.725510212143581e-06,0.0036956616884674,True,33.00540852532307,0.144789002243533,-0.8562779925058833,0.144789002243533,0.8552109977564669,0.0002368892724475,9.569189913732577e-06,0.0061215622334003,True,24.02469614707702,0.1293391658073986,-0.974682869759955,0.1293391658073986,0.8706608341926013,0.0005899400501328,0.000248216511576,0.008185050777711,True,12.498034492957656,0.1012993906656242,-1.1734288863319822,0.1012993906656242,0.8987006093343758,0.0010621394382422,0.0006600419600202,0.0114517400282183,True,0.6434799766612682,0.3565200233387318,-0.2439635713265483,0.8552109977564669,0.144789002243533,-0.8562779925058833,0.8706608341926013,0.1293391658073986,-0.974682869759955,0.8987006093343758,0.1012993906656242,-1.1734288863319822,1,0,0,0.0,1,1,1,1,,0,1,1,0,1,0,0,0.28695995332253643,0.2439635713265483,0.710421995512934,0.8562779925058833,0.7413216683852027,0.974682869759955,0.7974012186687516,1.1734288863319822,0.5544598,0.5004338045046927,0.56859237
2026-06-05 13:20:00,2026-06-05 13:40:00,-1,1303.8,1306.9,pivot,-3.1000000000001364,0.178321,-3.4783210000001357,-109567.11150000428,1.0,2026-06-05,1304.65,1305.95,1303.2,0.0,1303.05,1313.85,1301.55,0.0,2026,0.0,0.0,0.0,0.0,0.0,0.0,0.0,0.0,0.0,0.0,0.0,0.0,0.0,0.0,0.0,1.0,1.0,0.0,0,13,4,6,146.47543367919286,0.6103565404456398,0.2123622713033082,0.6103565404456398,0.3896434595543602,8.55621104492665e-05,6.132851468029858e-05,0.0035025481154415,True,57.25440191894852,0.2426633116393261,-0.5410771383844007,0.2426633116393261,0.7573366883606738,0.0003402840813978,0.0001411573943249,0.0059186077073818,True,56.71170146315389,0.4538950208297767,-0.060562409086827,0.4538950208297767,0.5461049791702233,0.000532256840498,0.0002434589350301,0.0084490387405065,True,11.754951964681856,0.0935509579367779,-1.231948171359655,0.0935509579367779,0.906449042063222,0.0009165970647152,0.0005224267913809,0.0115466879383908,True,0.3896434595543602,0.6103565404456398,0.2123622713033082,0.7573366883606738,0.2426633116393261,-0.5410771383844007,0.5461049791702233,0.4538950208297767,-0.060562409086827,0.906449042063222,0.0935509579367779,-1.231948171359655,1,0,0,0.0,1,1,1,1,,0,1,0,1,1,0,0,-0.2207130808912796,0.2123622713033082,0.5146733767213477,0.5410771383844007,0.0922099583404466,0.060562409086827,0.812898084126444,1.231948171359655,0.5567611,0.5465795506735167,0.56411064
2026-06-05 13:40:00,2026-06-05 13:45:00,1,1306.9,1303.0,pivot,-3.900000000000091,0.178297,-4.278297000000091,-134766.35550000286,1.0,2026-06-05,1303.05,1313.85,1301.55,0.0,1308.3,1309.65,1301.95,0.0,2026,0.0,0.0,0.0,0.0,0.0,0.0,0.0,0.0,0.0,0.0,0.0,0.0,0.0,0.0,0.0,1.0,1.0,0.0,0,13,4,6,62.14784667129389,0.1459940993775554,-0.87468536820467,0.1459940993775554,0.8540059006224446,1.361659843923194e-05,-2.257812518944779e-05,0.0035220599363639,True,60.1541279834716,0.745156497569521,0.5734023497191377,0.745156497569521,0.254843502430479,0.0002446468719422,-1.2509121502886984e-05,0.0059877997061531,True,53.35066988419186,0.3781137117801136,-0.2471038518953175,0.3781137117801136,0.6218862882198863,0.0005303922365194,0.0003941755711069,0.0081119005706965,True,22.98289497609893,0.1921374672767612,-0.7589970503172482,0.1921374672767612,0.8078625327232388,0.0004395840677684,0.0003117579222286,0.0121378472378745,True,0.1459940993775554,0.8540059006224446,0.87468536820467,0.745156497569521,0.254843502430479,-0.5734023497191377,0.3781137117801136,0.6218862882198863,0.2471038518953175,0.1921374672767612,0.8078625327232388,0.7589970503172482,1,0,0,0.0,1,1,1,1,,0,1,0,1,1,0,0,-0.7080118012448893,0.87468536820467,0.490312995139042,0.5734023497191377,-0.24377257643977274,0.2471038518953175,-0.6157250654464776,0.7589970503172482,0.5567611,0.5465795506735167,0.5598476
2026-06-05 13:45:00,2026-06-05 14:20:00,-1,1303.0,1314.0,pivot,-11.0,0.17851,-11.37851,-358423.065,1.0,2026-06-05,1308.3,1309.65,1301.95,0.0,1317.6,1318.2,1314.0,0.0,2026,0.0,0.0,0.0,0.0,0.0,0.0,0.0,0.0,0.0,0.0,0.0,0.0,0.0,0.0,0.0,1.0,1.0,0.0,0,13,4,6,40.90850787999395,0.9025003983031216,1.148047546333094,0.9025003983031216,0.0974996016968784,1.361659843923194e-05,-2.257812518944779e-05,0.0035220599363639,True,29.57128029153896,0.9033994962669014,1.1806301118224602,0.9033994962669014,0.0966005037330985,0.0002446468719422,-1.2509121502886984e-05,0.0059877997061531,True,51.50554533005607,0.6757842134331592,0.3950666005317945,0.6757842134331592,0.3242157865668408,0.0005303922365194,0.0003941755711069,0.0081119005706965,True,40.01030658081395,0.4460663305997817,-0.0980713538781771,0.4460663305997817,0.5539336694002184,0.0004395840677684,0.0003117579222286,0.0121378472378745,True,0.0974996016968784,0.9025003983031216,1.148047546333094,0.0966005037330985,0.9033994962669014,1.1806301118224602,0.3242157865668408,0.6757842134331592,0.3950666005317945,0.5539336694002184,0.4460663305997817,-0.0980713538781771,1,0,0,0.0,1,1,1,1,,0,1,0,1,1,0,0,-0.8050007966062431,1.148047546333094,-0.8067989925338029,1.1806301118224602,-0.3515684268663184,0.3950666005317945,0.1078673388004367,0.0980713538781771,0.5567611,0.5465795506735167,0.5511403
2026-06-08 13:50:00,2026-06-08 14:20:00,-1,1218.3,1208.15,pivot,10.149999999999864,0.1727935,9.777206499999863,307982.0047499957,1.0,2026-06-08,1216.55,1224.45,1215.95,0.0,1212.65,1213.2,1207.55,0.0,2026,0.0,0.0,0.0,0.0,0.0,0.0,0.0,0.0,0.0,0.0,0.0,0.0,0.0,0.0,0.0,1.0,0.0,0.0,1,13,0,6,124.96786946267451,0.3149817960322211,-0.3551063024571088,0.3149817960322211,0.6850182039677788,1.361659843923194e-05,-2.257812518944779e-05,0.0035220599363639,True,19.024246896402857,0.0765592774783934,-1.371893111629923,0.0765592774783934,0.9234407225216066,0.0002446468719422,-1.2509121502886984e-05,0.0059877997061531,True,25.550851454614527,0.1399135779462853,-0.9823695018940278,0.1399135779462853,0.8600864220537147,0.0005303922365194,0.0003941755711069,0.0081119005706965,True,10.614531307974698,0.085294459747826,-1.2857823351581732,0.085294459747826,0.914705540252174,0.0004395840677684,0.0003117579222286,0.0121378472378745,True,0.6850182039677788,0.3149817960322211,-0.3551063024571088,0.9234407225216066,0.0765592774783934,-1.371893111629923,0.8600864220537147,0.1399135779462853,-0.9823695018940278,0.914705540252174,0.085294459747826,-1.2857823351581732,1,0,0,0.0,1,1,1,1,,0,1,0,1,0,1,0,0.3700364079355577,0.3551063024571088,0.8468814450432132,1.371893111629923,0.7201728441074293,0.9823695018940278,0.829411080504348,1.2857823351581732,0.69574386,0.7021200684302102,0.5346795
2026-06-08 14:45:00,2026-06-08 15:10:00,-1,1193.6,1193.65,pivot,-0.0500000000001819,0.1716175,-0.4216175000001819,-13280.95125000573,1.0,2026-06-08,1188.9,1194.05,1186.25,0.0,1186.0,1194.15,1185.65,0.0,2026,0.0,0.0,0.0,0.0,0.0,0.0,0.0,0.0,0.0,0.0,0.0,0.0,0.0,0.0,0.0,1.0,0.0,0.0,0,14,0,6,42.68527691797739,0.1021249960949214,-1.113797757756959,0.1021249960949214,0.8978750039050786,1.361659843923194e-05,-2.257812518944779e-05,0.0035220599363639,True,6.963723930436187,0.0299975449628727,-2.0016050611881,0.0299975449628727,0.9700024550371272,0.0002446468719422,-1.2509121502886984e-05,0.0059877997061531,True,4.6255228581310215,0.0309103303761685,-2.0388190520413594,0.0309103303761685,0.9690896696238316,0.0005303922365194,0.0003941755711069,0.0081119005706965,True,3.493045957787273,0.0288616406636969,-2.024701356181037,0.0288616406636969,0.971138359336303,0.0004395840677684,0.0003117579222286,0.0121378472378745,True,0.8978750039050786,0.1021249960949214,-1.113797757756959,0.9700024550371272,0.0299975449628727,-2.0016050611881,0.9690896696238316,0.0309103303761685,-2.0388190520413594,0.971138359336303,0.0288616406636969,-2.024701356181037,1,0,0,0.0,1,1,1,1,,0,1,0,1,0,1,0,0.7957500078101571,1.113797757756959,0.9400049100742546,2.0016050611881,0.9381793392476631,2.0388190520413594,0.9422767186726061,2.024701356181037,0.6912061,0.7175898325841851,0.5312561
2026-06-08 15:10:00,2026-06-08 15:45:00,-1,1193.65,1178.25,eod,15.400000000000093,0.171157,15.028843000000089,473408.5545000028,1.0,2026-06-08,1186.0,1194.15,1185.65,0.0,1178.25,1178.25,1178.25,0.0,2026,0.0,0.0,0.0,0.0,0.0,0.0,0.0,0.0,0.0,0.0,0.0,0.0,0.0,0.0,0.0,1.0,0.0,0.0,1,15,0,6,15.711467828421902,0.0366591643393708,-1.819094815380872,0.0366591643393708,0.9633408356606292,1.361659843923194e-05,-2.257812518944779e-05,0.0035220599363639,True,61.25119656720376,0.2699158375129837,-0.4549328245595738,0.2699158375129837,0.7300841624870162,0.0002446468719422,-1.2509121502886984e-05,0.0059877997061531,True,30.997016885763525,0.1735143477900033,-0.8360340963042907,0.1735143477900033,0.8264856522099967,0.0005303922365194,0.0003941755711069,0.0081119005706965,True,9.158689328301922,0.0752481226991835,-1.3692605995174796,0.0752481226991835,0.9247518773008164,0.0004395840677684,0.0003117579222286,0.0121378472378745,True,0.9633408356606292,0.0366591643393708,-1.819094815380872,0.7300841624870162,0.2699158375129837,-0.4549328245595738,0.8264856522099967,0.1735143477900033,-0.8360340963042907,0.9247518773008164,0.0752481226991835,-1.3692605995174796,1,0,0,0.0,1,1,1,1,,0,1,0,0,0,1,0,0.9266816713212584,1.819094815380872,0.46016832497403254,0.4549328245595738,0.6529713044199934,0.8360340963042907,0.849503754601633,1.3692605995174796,0.6948349,0.7309510809737011,0.53587985
2026-06-10 13:35:00,2026-06-10 14:30:00,1,1210.3,1214.95,pivot,4.650000000000091,0.1727575,4.277242500000091,134733.13875000286,1.0,2026-06-10,1206.65,1211.9,1204.8,0.0,1205.3,1215.7,1204.75,0.0,2026,0.0,0.0,0.0,0.0,0.0,0.0,0.0,0.0,0.0,0.0,0.0,0.0,0.0,0.0,0.0,1.0,0.0,0.0,1,13,2,6,66.21805333118934,0.1674185717957654,-0.8111739436723269,0.1674185717957654,0.8325814282042345,4.887415470348049e-05,2.3419548109482183e-05,0.0035994912298808,True,20.66138259764463,0.0874481600665118,-1.303231086332963,0.0874481600665118,0.9125518399334882,0.0003763370848062,0.0002189470763514,0.0060593140519868,True,6.8812471474874375,0.0400066338600782,-1.8410927802347297,0.0400066338600782,0.9599933661399218,0.0003917931284365,0.0003311245691231,0.0082446228988021,True,3.149144601367719,0.0190212402580306,-2.260785319910516,0.0190212402580306,0.9809787597419694,0.0003801483931371,0.0004465176628621,0.0116678221821011,True,0.1674185717957654,0.8325814282042345,0.8111739436723269,0.0874481600665118,0.9125518399334882,1.303231086332963,0.0400066338600782,0.9599933661399218,1.8410927802347297,0.0190212402580306,0.9809787597419694,2.260785319910516,1,0,0,0.0,1,1,1,1,,0,1,0,1,0,1,0,-0.6651628564084692,0.8111739436723269,-0.8251036798669764,1.303231086332963,-0.9199867322798436,1.8410927802347297,-0.9619575194839387,2.260785319910516,0.7701943,0.7021200684302102,0.548191
2026-06-10 14:30:00,2026-06-10 15:30:00,1,1214.95,1229.95,pivot,15.0,0.173347,14.626653,460739.5695,1.0,2026-06-10,1205.3,1215.7,1204.75,0.0,1231.4,1233.0,1229.85,0.0,2026,0.0,0.0,0.0,0.0,0.0,0.0,0.0,0.0,0.0,0.0,0.0,0.0,0.0,0.0,0.0,1.0,1.0,0.0,1,14,2,6,10.265256152458935,0.016769256415167,-2.221937520479288,0.016769256415167,0.983230743584833,4.887415470348049e-05,2.3419548109482183e-05,0.0035994912298808,True,44.61462995063256,0.8218193770915708,0.8081078187664348,0.8218193770915708,0.1781806229084291,0.0003763370848062,0.0002189470763514,0.0060593140519868,True,55.16363035555703,0.4355232568444493,-0.130697062186828,0.4355232568444493,0.5644767431555506,0.0003917931284365,0.0003311245691231,0.0082446228988021,True,34.106245802793566,0.3318655485728876,-0.3824482280059825,0.3318655485728876,0.6681344514271124,0.0003801483931371,0.0004465176628621,0.0116678221821011,True,0.016769256415167,0.983230743584833,2.221937520479288,0.8218193770915708,0.1781806229084291,-0.8081078187664348,0.4355232568444493,0.5644767431555506,0.130697062186828,0.3318655485728876,0.6681344514271124,0.3824482280059825,1,0,0,0.0,1,1,1,1,,0,1,0,1,1,0,0,-0.966461487169666,2.221937520479288,0.6436387541831418,0.8081078187664348,-0.12895348631110132,0.130697062186828,-0.3362689028542248,0.3824482280059825,0.5562796,0.5549749107880481,0.56411886
2026-06-11 11:30:00,2026-06-11 11:35:00,-1,1203.05,1199.4,pivot,3.649999999999864,0.1720735,3.277926499999864,103254.68474999572,1.0,2026-06-11,1199.5,1207.45,1198.1,0.0,1208.0,1209.0,1198.6,0.0,2026,0.0,0.0,0.0,0.0,0.0,0.0,0.0,0.0,0.0,0.0,0.0,0.0,0.0,0.0,0.0,1.0,0.0,1.0,1,11,3,6,64.12075911883832,0.1718875464880259,-0.7924922743217725,0.1718875464880259,0.828112453511974,5.329045957531772e-05,4.5024306527502594e-05,0.0037333587939254,True,36.970370205684326,0.1724402069291846,-0.812591809547035,0.1724402069291846,0.8275597930708154,0.000325153137383,0.0002075576759416,0.0062426614673949,True,3.683296303043405,0.0202898937651602,-2.2302951679253398,0.0202898937651602,0.9797101062348396,0.0003529434142755,0.0003715446356117,0.0084074066858016,True,7.68169905786653,0.0472548105366935,-1.7261257972244064,0.0472548105366935,0.9527451894633064,0.000457598140024,0.0006896914162966,0.012184287931811,True,0.828112453511974,0.1718875464880259,-0.7924922743217725,0.8275597930708154,0.1724402069291846,-0.812591809547035,0.9797101062348396,0.0202898937651602,-2.2302951679253398,0.9527451894633064,0.0472548105366935,-1.7261257972244064,1,0,0,0.0,1,1,1,1,,0,1,1,0,0,1,0,0.6562249070239481,0.7924922743217725,0.6551195861416308,0.812591809547035,0.9594202124696793,2.2302951679253398,0.9054903789266129,1.7261257972244064,0.7062881,0.6165326295609769,0.5607993
2026-06-11 11:35:00,2026-06-11 11:55:00,1,1199.4,1208.05,pivot,8.649999999999864,0.1722235,8.277776499999865,260749.95974999573,1.0,2026-06-11,1208.0,1209.0,1198.6,0.0,1213.45,1215.1,1207.85,0.0,2026,0.0,0.0,0.0,0.0,0.0,0.0,0.0,0.0,0.0,0.0,0.0,0.0,0.0,0.0,0.0,1.0,0.0,1.0,1,11,3,6,14.544708117792355,0.9642434783166868,1.8793457301505097,0.9642434783166868,0.0357565216833133,5.329045957531772e-05,4.5024306527502594e-05,0.0037333587939254,True,28.5376089634039,0.899747648420952,1.1312771761741005,0.899747648420952,0.100252351579048,0.000325153137383,0.0002075576759416,0.0062426614673949,True,25.820738647511547,0.1474005189923801,-0.9759277033015288,0.1474005189923801,0.8525994810076198,0.0003529434142755,0.0003715446356117,0.0084074066858016,True,9.506788220644028,0.0663393960125373,-1.5445349700857294,0.0663393960125373,0.9336606039874626,0.000457598140024,0.0006896914162966,0.012184287931811,True,0.9642434783166868,0.0357565216833133,-1.8793457301505097,0.899747648420952,0.100252351579048,-1.1312771761741005,0.1474005189923801,0.8525994810076198,0.9759277033015288,0.0663393960125373,0.9336606039874626,1.5445349700857294,1,0,0,0.0,1,1,1,1,,0,1,1,0,0,1,0,0.9284869566333734,1.8793457301505097,0.799495296841904,1.1312771761741005,-0.7051989620152397,0.9759277033015288,-0.8673212079749253,1.5445349700857294,0.7062881,0.6165326295609769,0.5605089
2026-06-11 11:55:00,2026-06-11 12:30:00,-1,1208.05,1213.55,pivot,-5.5,0.172648,-5.872648000000001,-184988.412,1.0,2026-06-11,1213.45,1215.1,1207.85,0.0,1219.8,1221.5,1212.65,0.0,2026,0.0,0.0,0.0,0.0,0.0,0.0,0.0,0.0,0.0,0.0,0.0,0.0,0.0,0.0,0.0,1.0,1.0,0.0,0,11,3,6,55.97473849181512,0.8569984417206608,0.9055754550271348,0.8569984417206608,0.1430015582793392,5.329045957531772e-05,4.5024306527502594e-05,0.0037333587939254,True,33.98819875977164,0.8767116347923067,1.013043910293293,0.8767116347923067,0.1232883652076932,0.000325153137383,0.0002075576759416,0.0062426614673949,True,24.37215985884433,0.8503769947062386,0.9845557477354248,0.8503769947062386,0.1496230052937613,0.0003529434142755,0.0003715446356117,0.0084074066858016,True,30.286708068661923,0.3024070283727815,-0.4681510718852663,0.3024070283727815,0.6975929716272184,0.000457598140024,0.0006896914162966,0.012184287931811,True,0.1430015582793392,0.8569984417206608,0.9055754550271348,0.1232883652076932,0.8767116347923067,1.013043910293293,0.1496230052937613,0.8503769947062386,0.9845557477354248,0.6975929716272184,0.3024070283727815,-0.4681510718852663,1,0,0,0.0,1,1,1,1,,0,1,1,0,1,0,0,-0.7139968834413215,0.9055754550271348,-0.7534232695846135,1.013043910293293,-0.7007539894124774,0.9845557477354248,0.39518594325443696,0.4681510718852663,0.5544598,0.5004338045046927,0.5691874
2026-06-12 14:40:00,2026-06-12 15:05:00,1,1321.25,1309.25,pivot,-12.0,0.178915,-12.378915000000001,-389935.8225,1.0,2026-06-12,1316.1,1328.75,1312.0,0.0,1309.35,1312.45,1302.25,0.0,2026,0.0,0.0,0.0,0.0,0.0,0.0,0.0,0.0,0.0,0.0,0.0,0.0,0.0,0.0,0.0,2.0,0.0,0.0,0,14,4,6,40.87481003246128,0.0989722827619467,-1.1890251059029369,0.0989722827619467,0.9010277172380532,8.77815560758234e-05,8.936551484344005e-05,0.0036143085911971,True,0.4404704926002974,0.0009627307408885,-4.007321121768812,0.0009627307408885,0.9990372692591116,0.0003786855228793,0.0003265323746111,0.0059282257583713,True,1.033734935904491,0.006281217822987,-3.1104363315657038,0.006281217822987,0.9937187821770128,0.0005273287260735,0.0005313321057698,0.0083232791546134,True,0.954465606221098,0.0044478396553391,-2.830192945985344,0.0044478396553391,0.9955521603446608,0.0008084543415319,0.0008376681314283,0.0116555891707825,True,0.0989722827619467,0.9010277172380532,1.1890251059029369,0.0009627307408885,0.9990372692591116,4.007321121768812,0.006281217822987,0.9937187821770128,3.1104363315657038,0.0044478396553391,0.9955521603446608,2.830192945985344,1,0,0,0.0,1,1,1,1,,0,1,0,1,0,1,0,-0.8020554344761065,1.1890251059029369,-0.9980745385182231,4.007321121768812,-0.9874375643540259,3.1104363315657038,-0.9911043206893216,2.830192945985344,0.6215399,0.7031106015776007,0.57081795
2026-06-12 15:05:00,2026-06-12 15:10:00,-1,1309.25,1309.15,pivot,0.099999999999909,0.178552,-0.27855200000009095,-8774.388000002866,1.0,2026-06-12,1309.35,1312.45,1302.25,0.0,1312.85,1314.4,1308.55,0.0,2026,0.0,0.0,0.0,0.0,0.0,0.0,0.0,0.0,0.0,0.0,0.0,0.0,0.0,0.0,0.0,2.0,0.0,0.0,0,15,4,6,146.22262771343594,0.5605221192742013,0.112659797279534,0.5605221192742013,0.4394778807257987,8.77815560758234e-05,8.936551484344005e-05,0.0036143085911971,True,25.44049334738391,0.1021926301281882,-1.1977952974707071,0.1021926301281882,0.8978073698718118,0.0003786855228793,0.0003265323746111,0.0059282257583713,True,19.542945766186456,0.1051218468629124,-1.187207235705024,0.1051218468629124,0.8948781531370876,0.0005273287260735,0.0005313321057698,0.0083232791546134,True,1.838863998682349,0.0090865854552631,-2.532755246666202,0.0090865854552631,0.9909134145447368,0.0008084543415319,0.0008376681314283,0.0116555891707825,True,0.4394778807257987,0.5605221192742013,0.112659797279534,0.8978073698718118,0.1021926301281882,-1.1977952974707071,0.8948781531370876,0.1051218468629124,-1.187207235705024,0.9909134145447368,0.0090865854552631,-2.532755246666202,1,0,0,0.0,1,1,1,1,,0,1,0,0,0,1,0,-0.12104423854840257,0.112659797279534,0.7956147397436235,1.1977952974707071,0.7897563062741753,1.187207235705024,0.9818268290894737,2.532755246666202,0.6232034,0.7021271647245988,0.5775001
2026-06-12 15:10:00,2026-06-12 15:45:00,-1,1309.15,1299.85,eod,9.300000000000182,0.17827,8.921730000000183,281034.49500000576,1.0,2026-06-12,1312.85,1314.4,1308.55,0.0,1299.85,1299.85,1299.85,0.0,2026,0.0,0.0,0.0,0.0,0.0,0.0,0.0,0.0,0.0,0.0,0.0,0.0,0.0,0.0,0.0,2.0,0.0,0.0,1,15,4,6,78.08807639053208,0.8124111074271826,0.713871036131745,0.8124111074271826,0.1875888925728174,8.77815560758234e-05,8.936551484344005e-05,0.0036143085911971,True,24.207088958255632,0.9166851585340106,1.2541324855216944,0.9166851585340106,0.0833148414659894,0.0003786855228793,0.0003265323746111,0.0059282257583713,True,49.086727121956336,0.334200074430537,-0.3608918200434496,0.334200074430537,0.6657999255694629,0.0005273287260735,0.0005313321057698,0.0083232791546134,True,2.195000350745961,0.0108129620056793,-2.4595785543696724,0.0108129620056793,0.9891870379943206,0.0008084543415319,0.0008376681314283,0.0116555891707825,True,0.1875888925728174,0.8124111074271826,0.713871036131745,0.0833148414659894,0.9166851585340106,1.2541324855216944,0.6657999255694629,0.334200074430537,-0.3608918200434496,0.9891870379943206,0.0108129620056793,-2.4595785543696724,1,0,0,0.0,1,1,1,1,,0,1,0,0,0,1,0,-0.6248222148543652,0.713871036131745,-0.8333703170680211,1.2541324855216944,0.33159985113892587,0.3608918200434496,0.9783740759886413,2.4595785543696724,0.6232034,0.7021271647245988,0.5798198
2026-06-19 11:15:00,2026-06-19 11:55:00,1,1515.3,1521.4,pivot,6.100000000000136,0.191101,5.7088990000001365,179830.3185000043,1.0,2026-06-19,1507.6,1516.2,1507.25,0.0,1517.35,1522.7,1517.0,0.0,2026,0.0,0.0,0.0,0.0,0.0,0.0,0.0,0.0,0.0,0.0,0.0,0.0,0.0,0.0,0.0,1.0,0.0,0.0,1,11,4,6,29.68789426378133,0.0715174722232594,-1.407995194966481,0.0715174722232594,0.9284825277767406,0.0001019228171015,4.631728467518394e-05,0.0036745652785201,True,23.216556101607623,0.0860064177429866,-1.289455481823119,0.0860064177429866,0.9139935822570132,0.0002898745062384,0.0002222125076222,0.0060400453298581,True,8.152981855484573,0.0450469301630363,-1.729111305140305,0.0450469301630363,0.9549530698369636,0.000372731867245,0.0003312016526709,0.0081728647673011,True,8.586891005365151,0.0731169271680741,-1.4487029354023642,0.0731169271680741,0.9268830728319258,0.0005979885910822,0.0005817990671832,0.011438930154615,True,0.0715174722232594,0.9284825277767406,1.407995194966481,0.0860064177429866,0.9139935822570132,1.289455481823119,0.0450469301630363,0.9549530698369636,1.729111305140305,0.0731169271680741,0.9268830728319258,1.4487029354023642,1,0,0,0.0,1,1,1,1,,0,1,1,0,0,1,0,-0.8569650555534811,1.407995194966481,-0.8279871645140267,1.289455481823119,-0.9099061396739273,1.729111305140305,-0.8537661456638518,1.4487029354023642,0.6766932,0.6391524751034388,0.5766188
2026-06-19 12:05:00,2026-06-19 12:30:00,-1,1515.8,1486.6,pivot,29.200000000000045,0.190072,28.809928000000042,907512.7320000014,1.0,2026-06-19,1513.95,1518.0,1513.0,0.0,1472.35,1487.05,1472.0,0.0,2026,0.0,0.0,0.0,0.0,0.0,0.0,0.0,0.0,0.0,0.0,0.0,0.0,0.0,0.0,0.0,1.0,1.0,0.0,1,12,4,6,108.51480164053102,0.2889562125650072,-0.4285711680833585,0.2889562125650072,0.7110437874349927,0.0001693783683983,0.0001149422997234,0.0035794779222822,True,39.93994595010744,0.1671956654387137,-0.8412595612728823,0.1671956654387137,0.8328043345612863,0.0004410252483434,0.0003072046527167,0.0059658550683713,True,41.587908428826495,0.2727345907760253,-0.5277616040715678,0.2727345907760253,0.7272654092239746,0.0006351497925007,0.0004934182390973,0.0081800882854023,True,38.999247644448495,0.3772071270180356,-0.2465267539594009,0.3772071270180356,0.6227928729819643,0.0008241608879525,0.000696745670836,0.011524701019142,True,0.7110437874349927,0.2889562125650072,-0.4285711680833585,0.8328043345612863,0.1671956654387137,-0.8412595612728823,0.7272654092239746,0.2727345907760253,-0.5277616040715678,0.6227928729819643,0.3772071270180356,-0.2465267539594009,1,0,0,0.0,1,1,1,1,,0,1,0,1,1,0,0,0.42208757486998555,0.4285711680833585,0.6656086691225727,0.8412595612728823,0.45453081844794935,0.5277616040715678,0.24558574596392868,0.2465267539594009,0.55975616,0.5338471770727353,0.57182133
2026-06-19 12:30:00,2026-06-19 12:50:00,-1,1486.6,1471.95,pivot,14.649999999999864,0.1887565,14.261243499999864,449229.1702499957,1.0,2026-06-19,1472.35,1487.05,1472.0,0.0,1466.4,1478.8,1465.0,0.0,2026,0.0,0.0,0.0,0.0,0.0,0.0,0.0,0.0,0.0,0.0,0.0,0.0,0.0,0.0,0.0,1.0,0.0,0.0,1,12,4,6,2.178621013958475,0.0047354383586439,-2.7417621696180947,0.0047354383586439,0.995264561641356,0.0001693783683983,0.0001149422997234,0.0035794779222822,True,1.0576619851105205,0.0072387009172339,-2.94648893808081,0.0072387009172339,0.992761299082766,0.0004410252483434,0.0003072046527167,0.0059658550683713,True,0.5902031835256214,0.0026002668665494,-3.639924353265928,0.0026002668665494,0.9973997331334504,0.0006351497925007,0.0004934182390973,0.0081800882854023,True,1.895809137417612,0.012648726057692,-2.6641483080429205,0.012648726057692,0.987351273942308,0.0008241608879525,0.000696745670836,0.011524701019142,True,0.995264561641356,0.0047354383586439,-2.7417621696180947,0.992761299082766,0.0072387009172339,-2.94648893808081,0.9973997331334504,0.0026002668665494,-3.639924353265928,0.987351273942308,0.012648726057692,-2.6641483080429205,1,0,0,0.0,1,1,1,1,,0,1,0,1,0,1,0,0.9905291232827121,2.7417621696180947,0.9855225981655321,2.94648893808081,0.9947994662669011,3.639924353265928,0.9747025478846161,2.6641483080429205,0.67173266,0.6713541323912755,0.5647434
2026-06-19 12:50:00,2026-06-19 13:00:00,1,1471.95,1462.4,pivot,-9.549999999999956,0.1880305,-9.938030499999954,-313047.9607499986,1.0,2026-06-19,1466.4,1478.8,1465.0,0.0,1451.95,1467.4,1451.25,0.0,2026,0.0,0.0,0.0,0.0,0.0,0.0,0.0,0.0,0.0,0.0,0.0,0.0,0.0,0.0,0.0,1.0,0.0,0.0,0,12,4,6,53.608786109646445,0.1329921234295871,-0.98306327034102,0.1329921234295871,0.8670078765704128,0.0001693783683983,0.0001149422997234,0.0035794779222822,True,2.966332529340617,0.0122325754222041,-2.44619511868066,0.0122325754222041,0.987767424577796,0.0004410252483434,0.0003072046527167,0.0059658550683713,True,4.236938252167875,0.0248343564379663,-2.1596888222088384,0.0248343564379663,0.9751656435620336,0.0006351497925007,0.0004934182390973,0.0081800882854023,True,0.9595144326960402,0.0036202201992288,-3.2382692966221587,0.0036202201992288,0.9963797798007712,0.0008241608879525,0.000696745670836,0.011524701019142,True,0.1329921234295871,0.8670078765704128,0.98306327034102,0.0122325754222041,0.987767424577796,2.44619511868066,0.0248343564379663,0.9751656435620336,2.1596888222088384,0.0036202201992288,0.9963797798007712,3.2382692966221587,1,0,0,0.0,1,1,1,1,,0,1,0,1,0,1,0,-0.7340157531408257,0.98306327034102,-0.9755348491555919,2.44619511868066,-0.9503312871240673,2.1596888222088384,-0.9927595596015424,3.2382692966221587,0.67173266,0.6713541323912755,0.56181765
2026-06-19 13:00:00,2026-06-19 13:25:00,1,1462.4,1474.55,pivot,12.149999999999864,0.1881085,11.761891499999862,370499.58224999567,1.0,2026-06-19,1451.95,1467.4,1451.25,0.0,1475.55,1476.85,1468.05,0.0,2026,0.0,0.0,0.0,0.0,0.0,0.0,0.0,0.0,0.0,0.0,0.0,0.0,0.0,0.0,0.0,2.0,0.0,0.0,1,13,4,6,13.789990723314029,0.0235703820851521,-2.03559950017435,0.0235703820851521,0.9764296179148478,0.0001693783683983,0.0001149422997234,0.0035794779222822,True,4.536389032616652,0.0158989431443069,-2.281995198463849,0.0158989431443069,0.984101056855693,0.0004410252483434,0.0003072046527167,0.0059658550683713,True,7.875455636960525,0.0438227718091357,-1.7659591155613823,0.0438227718091357,0.9561772281908644,0.0006351497925007,0.0004934182390973,0.0081800882854023,True,0.1369508258640951,0.0002342726189951,-3.811857084646168,0.0002342726189951,0.9997657273810048,0.0008241608879525,0.000696745670836,0.011524701019142,True,0.0235703820851521,0.9764296179148478,2.03559950017435,0.0158989431443069,0.984101056855693,2.281995198463849,0.0438227718091357,0.9561772281908644,1.7659591155613823,0.0002342726189951,0.9997657273810048,3.811857084646168,1,0,0,0.0,1,1,1,1,,0,1,0,1,0,1,0,-0.9528592358296958,2.03559950017435,-0.9682021137113861,2.281995198463849,-0.9123544563817286,1.7659591155613823,-0.9995314547620097,3.811857084646168,0.61957777,0.6876408374236261,0.5646823
2026-06-19 13:25:00,2026-06-19 13:45:00,1,1474.55,1456.45,pivot,-18.09999999999991,0.18793,-18.48792999999991,-582369.7949999971,1.0,2026-06-19,1475.55,1476.85,1468.05,0.0,1453.7,1456.45,1449.5,0.0,2026,0.0,0.0,0.0,0.0,0.0,0.0,0.0,0.0,0.0,0.0,0.0,0.0,0.0,0.0,0.0,1.0,1.0,0.0,0,13,4,6,148.1523948152151,0.576072598087998,0.1572857436302741,0.576072598087998,0.4239274019120019,0.0001693783683983,0.0001149422997234,0.0035794779222822,True,83.08114178660809,0.6038305263108276,0.2270543179047086,0.6038305263108276,0.3961694736891724,0.0004410252483434,0.0003072046527167,0.0059658550683713,True,24.369851573547688,0.8669140474685103,1.034030611012852,0.8669140474685103,0.1330859525314897,0.0006351497925007,0.0004934182390973,0.0081800882854023,True,24.50730047845856,0.2040073090729088,-0.7136708058285722,0.2040073090729088,0.7959926909270912,0.0008241608879525,0.000696745670836,0.011524701019142,True,0.576072598087998,0.4239274019120019,-0.1572857436302741,0.6038305263108276,0.3961694736891724,-0.2270543179047086,0.8669140474685103,0.1330859525314897,-1.034030611012852,0.2040073090729088,0.7959926909270912,0.7136708058285722,1,0,0,0.0,1,1,1,1,,0,1,0,1,1,0,0,0.15214519617599614,0.1572857436302741,0.20766105262165518,0.2270543179047086,0.7338280949370206,1.034030611012852,-0.5919853818541825,0.7136708058285722,0.5567611,0.5465795506735167,0.56801546
2026-06-19 13:45:00,2026-06-19 13:55:00,-1,1456.45,1449.7,pivot,6.75,0.1871845,6.3628155,200428.68825,1.0,2026-06-19,1453.7,1456.45,1449.5,0.0,1456.75,1457.45,1449.5,0.0,2026,0.0,0.0,0.0,0.0,0.0,0.0,0.0,0.0,0.0,0.0,0.0,0.0,0.0,0.0,0.0,1.0,0.0,0.0,1,13,4,6,91.60556179148644,0.2382557112449897,-0.5696946066462474,0.2382557112449897,0.7617442887550103,0.0001693783683983,0.0001149422997234,0.0035794779222822,True,39.72171267495563,0.1662488778354895,-0.8452240875210199,0.1662488778354895,0.8337511221645104,0.0004410252483434,0.0003072046527167,0.0059658550683713,True,8.004932235392253,0.0444971519795639,-1.7556267188128167,0.0444971519795639,0.955502848020436,0.0006351497925007,0.0004934182390973,0.0081800882854023,True,14.074526990233007,0.1173166370873863,-1.110574904759971,0.1173166370873863,0.8826833629126136,0.0008241608879525,0.000696745670836,0.011524701019142,True,0.7617442887550103,0.2382557112449897,-0.5696946066462474,0.8337511221645104,0.1662488778354895,-0.8452240875210199,0.955502848020436,0.0444971519795639,-1.7556267188128167,0.8826833629126136,0.1173166370873863,-1.110574904759971,1,0,0,0.0,1,1,1,1,,0,1,0,1,0,1,0,0.5234885775100206,0.5696946066462474,0.6675022443290209,0.8452240875210199,0.911005696040872,1.7556267188128167,0.7653667258252274,1.110574904759971,0.6608915,0.6840865059920568,0.5645368
2026-06-19 13:55:00,2026-06-19 14:20:00,-1,1449.7,1455.35,pivot,-5.649999999999864,0.1871515,-6.0371514999998634,-190170.2722499957,1.0,2026-06-19,1456.75,1457.45,1449.5,0.0,1454.65,1457.5,1451.85,0.0,2026,0.0,0.0,0.0,0.0,0.0,0.0,0.0,0.0,0.0,0.0,0.0,0.0,0.0,0.0,0.0,1.0,1.0,0.0,0,13,4,6,26.051666057813133,0.930113245327667,1.361739188669747,0.930113245327667,0.0698867546723329,0.0001693783683983,0.0001149422997234,0.0035794779222822,True,84.04223432184702,0.4771670425582732,-0.0227251630267141,0.4771670425582732,0.5228329574417268,0.0004410252483434,0.0003072046527167,0.0059658550683713,True,9.837379385949015,0.0538231033064716,-1.627891090925479,0.0538231033064716,0.9461768966935284,0.0006351497925007,0.0004934182390973,0.0081800882854023,True,34.92046577862448,0.3131315429722187,-0.3963435007946183,0.3131315429722187,0.6868684570277812,0.0008241608879525,0.000696745670836,0.011524701019142,True,0.0698867546723329,0.930113245327667,1.361739188669747,0.5228329574417268,0.4771670425582732,-0.0227251630267141,0.9461768966935284,0.0538231033064716,-1.627891090925479,0.6868684570277812,0.3131315429722187,-0.3963435007946183,1,0,0,0.0,1,1,1,1,,0,1,0,1,1,0,0,-0.8602264906553342,1.361739188669747,0.04566591488345356,0.0227251630267141,0.8923537933870569,1.627891090925479,0.37373691405556253,0.3963435007946183,0.5567611,0.5465795506735167,0.56403506
2026-06-19 14:20:00,2026-06-19 14:35:00,-1,1455.35,1445.65,pivot,9.699999999999818,0.18703,9.312969999999819,293358.5549999943,1.0,2026-06-19,1454.65,1457.5,1451.85,0.0,1445.15,1447.05,1440.2,0.0,2026,0.0,0.0,0.0,0.0,0.0,0.0,0.0,0.0,0.0,0.0,0.0,0.0,0.0,0.0,0.0,1.0,1.0,0.0,1,14,4,6,139.93485011974863,0.4152251310649176,-0.1473196992281886,0.4152251310649176,0.5847748689350825,0.0001693783683983,0.0001149422997234,0.0035794779222822,True,76.45214105391737,0.3882276160140014,-0.2069833334086248,0.3882276160140014,0.6117723839859985,0.0004410252483434,0.0003072046527167,0.0059658550683713,True,53.07633803131754,0.667099394707953,0.3732519910946275,0.667099394707953,0.332900605292047,0.0006351497925007,0.0004934182390973,0.0081800882854023,True,11.702621951400568,0.0981655554320458,-1.2394492739365153,0.0981655554320458,0.901834444567954,0.0008241608879525,0.000696745670836,0.011524701019142,True,0.5847748689350825,0.4152251310649176,-0.1473196992281886,0.6117723839859985,0.3882276160140014,-0.2069833334086248,0.332900605292047,0.667099394707953,0.3732519910946275,0.901834444567954,0.0981655554320458,-1.2394492739365153,1,0,0,0.0,1,1,1,1,,0,1,0,1,1,0,0,0.16954973787016486,0.1473196992281886,0.22354476797199713,0.2069833334086248,-0.334198789415906,0.3732519910946275,0.8036688891359083,1.2394492739365153,0.5564368,0.5557065348005009,0.5517463
2026-06-19 14:35:00,2026-06-19 14:45:00,-1,1445.65,1452.55,pivot,-6.899999999999864,0.186946,-7.286945999999864,-229538.7989999957,1.0,2026-06-19,1445.15,1447.05,1440.2,0.0,1467.85,1468.0,1452.55,0.0,2026,0.0,0.0,0.0,0.0,0.0,0.0,0.0,0.0,0.0,0.0,0.0,0.0,0.0,0.0,0.0,1.0,1.0,0.0,0,14,4,6,143.6910959472976,0.4394300556831729,-0.0997638137362583,0.4394300556831729,0.560569944316827,0.0001693783683983,0.0001149422997234,0.0035794779222822,True,26.205623235723326,0.107177830468621,-1.1497771949462452,0.107177830468621,0.8928221695313789,0.0004410252483434,0.0003072046527167,0.0059658550683713,True,26.90766802711322,0.1481423043046295,-0.9747138820670836,0.1481423043046295,0.8518576956953704,0.0006351497925007,0.0004934182390973,0.0081800882854023,True,23.598958163563047,0.1960589998745489,-0.7422534389449513,0.1960589998745489,0.803941000125451,0.0008241608879525,0.000696745670836,0.011524701019142,True,0.560569944316827,0.4394300556831729,-0.0997638137362583,0.8928221695313789,0.107177830468621,-1.1497771949462452,0.8518576956953704,0.1481423043046295,-0.9747138820670836,0.803941000125451,0.1960589998745489,-0.7422534389449513,1,0,0,0.0,1,1,1,1,,0,1,0,1,1,0,0,0.12113988863365416,0.0997638137362583,0.7856443390627579,1.1497771949462452,0.7037153913907409,0.9747138820670836,0.6078820002509021,0.7422534389449513,0.5564368,0.5557065348005009,0.53576565
