entry_time,exit_time,direction,entry_px,exit_px,exit_reason,gross_pts,cost_pts,net_pts,net_krw,size_factor,exit_date,entry_close,entry_high,entry_low,entry_volume,exit_close,exit_high,exit_low,exit_volume,year,entry_rsi,entry_macd,entry_macd_signal,entry_macd_hist,entry_atr,entry_supertrend,entry_supertrend_dir,entry_ma5,entry_ma10,entry_ma20,entry_ma60,entry_bb_upper,entry_bb_lower,entry_bb_middle,atr_normalized,volatility_regime,trend_regime,momentum_regime,is_win,entry_hour,entry_dayofweek,entry_month,ret_log_5m_kde_pdf,ret_log_5m_kde_cdf,ret_log_5m_kde_zscore,ret_log_5m_kde_left_tail,ret_log_5m_kde_right_tail,ret_log_5m_kde_median,ret_log_5m_kde_mean,ret_log_5m_kde_std,ret_log_5m_kde_ready,ret_log_15m_kde_pdf,ret_log_15m_kde_cdf,ret_log_15m_kde_zscore,ret_log_15m_kde_left_tail,ret_log_15m_kde_right_tail,ret_log_15m_kde_median,ret_log_15m_kde_mean,ret_log_15m_kde_std,ret_log_15m_kde_ready,ret_log_30m_kde_pdf,ret_log_30m_kde_cdf,ret_log_30m_kde_zscore,ret_log_30m_kde_left_tail,ret_log_30m_kde_right_tail,ret_log_30m_kde_median,ret_log_30m_kde_mean,ret_log_30m_kde_std,ret_log_30m_kde_ready,ret_log_60m_kde_pdf,ret_log_60m_kde_cdf,ret_log_60m_kde_zscore,ret_log_60m_kde_left_tail,ret_log_60m_kde_right_tail,ret_log_60m_kde_median,ret_log_60m_kde_mean,ret_log_60m_kde_std,ret_log_60m_kde_ready,kde_aligned_tail_5m,kde_opposite_tail_5m,kde_aligned_zscore_5m,kde_aligned_tail_15m,kde_opposite_tail_15m,kde_aligned_zscore_15m,kde_aligned_tail_30m,kde_opposite_tail_30m,kde_aligned_zscore_30m,kde_aligned_tail_60m,kde_opposite_tail_60m,kde_aligned_zscore_60m,rsi_oversold,rsi_overbought,macd_bullish,macd_strength,price_above_ma20,price_above_ma60,price_above_ma5,price_above_ma10,bb_position,bb_lower_touch,price_above_st,is_morning,is_afternoon,is_bull,is_neutral,is_bear,price_ma20_ratio,price_ma60_ratio,bb_width,atr_ratio,rsi_macd_interaction,rsi_bb_interaction,kde_tail_spread_5m,kde_zscore_abs_5m,kde_tail_spread_15m,kde_zscore_abs_15m,kde_tail_spread_30m,kde_zscore_abs_30m,kde_tail_spread_60m,kde_zscore_abs_60m,filter_score,entry_score,exit_score
2025-02-03 10:50:00,2025-02-03 11:00:00,-1,322.25,321.9,pivot,0.3500000000000227,0.1193245,0.030675500000022733,966.2782500007161,1.0,2025-02-03,322.1,322.6,322.05,0.0,321.7,322.0,321.5,0.0,2025,0.0,0.0,0.0,0.0,0.0,0.0,0.0,0.0,0.0,0.0,0.0,0.0,0.0,0.0,0.0,1.0,1.0,1.0,1,10,0,2,78.9783406946904,0.0642858188017009,-1.422162665672554,0.0642858188017009,0.935714181198299,-6.247902151224863e-05,-7.991544229473606e-05,0.0011432644592741,True,56.08758473802033,0.0621850977094229,-1.3328123576234074,0.0621850977094229,0.9378149022905772,-0.0001884457463224,-0.0002055932808493,0.0019389384588854,True,206.49008062671825,0.5119264116151212,0.0326702630193606,0.5119264116151212,0.4880735883848788,-0.0003681216210242,-0.0003944852816474,0.0025747894025897,True,74.8668342457457,0.8717520146606911,0.947326455312064,0.8717520146606911,0.1282479853393089,-0.0007810432327084,-0.0009991609591701,0.0033509313904678,True,0.935714181198299,0.0642858188017009,-1.422162665672554,0.9378149022905772,0.0621850977094229,-1.3328123576234074,0.4880735883848788,0.5119264116151212,0.0326702630193606,0.1282479853393089,0.8717520146606911,0.947326455312064,1,0,0,0.0,1,1,1,1,,0,1,1,0,1,0,0,1.0,1.0,0.0,0.0,0.0,,0.871428362396598,1.422162665672554,0.8756298045811542,1.3328123576234074,-0.023852823230242404,0.0326702630193606,-0.7435040293213822,0.947326455312064,0.50995404,0.5226119967949799,0.55007017
2025-02-04 10:35:00,2025-02-04 10:40:00,-1,331.05,330.7,pivot,0.3500000000000227,0.1198525,0.030147500000022746,949.6462500007165,1.0,2025-02-04,330.7,331.1,330.6,0.0,330.55,331.15,330.4,0.0,2025,0.0,0.0,0.0,0.0,0.0,0.0,0.0,0.0,0.0,0.0,0.0,0.0,0.0,0.0,0.0,1.0,1.0,2.0,1,10,1,2,407.9215952713356,0.3241366909606464,-0.4396061133842278,0.3241366909606464,0.6758633090393535,9.326992507435e-05,0.0001244618017364,0.0009691174564089,True,181.05632465575948,0.172318081979256,-0.8121986778277211,0.172318081979256,0.827681918020744,0.0002199699144002,0.0003815766929321,0.0017688622786568,True,188.64519022666445,0.3892646644667923,-0.2959959238016136,0.3892646644667923,0.6107353355332077,0.0005776953917622,0.0007799772992593,0.0026350947311765,True,50.39940224569458,0.875801702248287,0.9774963859177044,0.875801702248287,0.1241982977517129,0.0013008119199311,0.0016453592680848,0.0035757297195839,True,0.6758633090393535,0.3241366909606464,-0.4396061133842278,0.827681918020744,0.172318081979256,-0.8121986778277211,0.6107353355332077,0.3892646644667923,-0.2959959238016136,0.1241982977517129,0.875801702248287,0.9774963859177044,1,0,0,0.0,1,1,1,1,,0,1,1,0,1,0,0,1.0,1.0,0.0,0.0,0.0,,0.35172661807870714,0.4396061133842278,0.655363836041488,0.8121986778277211,0.22147067106641538,0.2959959238016136,-0.7516034044965741,0.9774963859177044,0.5197103,0.5492052433992036,0.56085384
2025-02-04 10:40:00,2025-02-04 14:10:00,-1,330.7,326.65,pivot,4.050000000000011,0.1197205,3.7302795000000115,117503.80425000036,1.0,2025-02-04,330.55,331.15,330.4,0.0,327.0,327.25,326.6,0.0,2025,0.0,0.0,0.0,0.0,0.0,0.0,0.0,0.0,0.0,0.0,0.0,0.0,0.0,0.0,0.0,1.0,1.0,2.0,1,10,1,2,64.84902636793741,0.0315493469010447,-1.6857278082799512,0.0315493469010447,0.9684506530989552,9.326992507435e-05,0.0001244618017364,0.0009691174564089,True,27.223382560164968,0.0293830824263228,-1.7505661829120147,0.0293830824263228,0.9706169175736772,0.0002199699144002,0.0003815766929321,0.0017688622786568,True,153.95245541182462,0.2570275092972791,-0.5824706095363775,0.2570275092972791,0.7429724907027209,0.0005776953917622,0.0007799772992593,0.0026350947311765,True,120.04795340487112,0.6239681832477798,0.1741545795857068,0.6239681832477798,0.3760318167522202,0.0013008119199311,0.0016453592680848,0.0035757297195839,True,0.9684506530989552,0.0315493469010447,-1.6857278082799512,0.9706169175736772,0.0293830824263228,-1.7505661829120147,0.7429724907027209,0.2570275092972791,-0.5824706095363775,0.3760318167522202,0.6239681832477798,0.1741545795857068,1,0,0,0.0,1,1,1,1,,0,1,1,0,1,0,0,1.0,1.0,0.0,0.0,0.0,,0.9369013061979105,1.6857278082799512,0.9412338351473544,1.7505661829120147,0.4859449814054418,0.5824706095363775,-0.2479363664955596,0.1741545795857068,0.5197103,0.5492052433992036,0.55428356
2025-02-21 08:45:00,2025-02-21 10:45:00,1,352.2,349.45,pivot,-2.75,0.1210495,-3.0710495,-96738.05925,1.0,2025-02-21,352.0,352.25,351.6,0.0,349.55,349.75,349.3,0.0,2025,0.0,0.0,0.0,0.0,0.0,0.0,0.0,0.0,0.0,0.0,0.0,0.0,0.0,0.0,0.0,1.0,1.0,1.0,0,8,4,2,548.0585516359141,0.5463744736047391,0.1246106313823089,0.5463744736047391,0.4536255263952609,-8.369571350786312e-05,-0.0001068695096816,0.0008576275434615,True,174.09125816844008,0.859053201244217,1.02424261208472,0.859053201244217,0.1409467987557829,-0.0003374287154707,-0.0003907253822775,0.001356346333843,True,37.28966689618988,0.967561310947406,1.7937439726097308,0.967561310947406,0.032438689052594,-0.0006844234460497,-0.0007934807274605,0.0017952097572776,True,109.19763873298204,0.866304271765668,1.0399081071762637,0.866304271765668,0.1336957282343319,-0.0013972931701146,-0.0015185215595753,0.0022832013973989,True,0.5463744736047391,0.4536255263952609,-0.1246106313823089,0.859053201244217,0.1409467987557829,-1.02424261208472,0.967561310947406,0.032438689052594,-1.7937439726097308,0.866304271765668,0.1336957282343319,-1.0399081071762637,1,0,0,0.0,1,1,1,1,,0,1,0,0,1,0,0,1.0,1.0,0.0,0.0,0.0,,0.09274894720947824,0.1246106313823089,0.7181064024884342,1.02424261208472,0.9351226218948121,1.7937439726097308,0.7326085435313361,1.0399081071762637,0.50995404,0.507295502901797,0.55628765
2025-02-21 10:45:00,2025-02-21 13:30:00,1,349.45,349.8,pivot,0.3500000000000227,0.1209775,0.02902250000002273,914.208750000716,1.0,2025-02-21,349.55,349.75,349.3,0.0,349.75,349.95,349.65,0.0,2025,0.0,0.0,0.0,0.0,0.0,0.0,0.0,0.0,0.0,0.0,0.0,0.0,0.0,0.0,0.0,1.0,1.0,1.0,1,10,4,2,45.01159330915381,0.9631364564240438,1.6969777922538116,0.9631364564240438,0.0368635435759562,-6.505414811762105e-05,-8.211583343906411e-05,0.0011452009611297,True,46.956187274133775,0.9373629097131952,1.3737059592047545,0.9373629097131952,0.0626370902868048,-0.00022374666914,-0.0002404447129289,0.0019473628773266,True,161.07932806379492,0.7591513973498203,0.5452584901765876,0.7591513973498203,0.2408486026501797,-0.0004540044151521,-0.0005124081203696,0.0025144458380623,True,98.08685708788792,0.82394214689352,0.7800001439836605,0.82394214689352,0.17605785310648,-0.0007742415321272,-0.0008898070745812,0.0031596120195074,True,0.9631364564240438,0.0368635435759562,-1.6969777922538116,0.9373629097131952,0.0626370902868048,-1.3737059592047545,0.7591513973498203,0.2408486026501797,-0.5452584901765876,0.82394214689352,0.17605785310648,-0.7800001439836605,1,0,0,0.0,1,1,1,1,,0,1,1,0,1,0,0,1.0,1.0,0.0,0.0,0.0,,0.9262729128480875,1.6969777922538116,0.8747258194263905,1.3737059592047545,0.5183027946996406,0.5452584901765876,0.6478842937870399,0.7800001439836605,0.50995404,0.5087867545378166,0.5752891
2025-02-25 10:55:00,2025-02-25 11:25:00,1,347.05,346.5,pivot,-0.5500000000000114,0.1208065,-0.8708065000000115,-27430.40475000036,1.0,2025-02-25,347.2,347.25,347.0,0.0,346.5,346.55,346.25,0.0,2025,0.0,0.0,0.0,0.0,0.0,0.0,0.0,0.0,0.0,0.0,0.0,0.0,0.0,0.0,0.0,1.0,1.0,1.0,0,10,1,2,114.57425089290273,0.0755905672001558,-1.2614593081837857,0.0755905672001558,0.9244094327998442,2.887072550906776e-05,1.1796138069899264e-05,0.0011507951042413,True,208.45802950935936,0.3726242347952219,-0.2352343705771229,0.3726242347952219,0.6273757652047781,0.0001229507341896,3.449354419482612e-05,0.0019838801424852,True,136.06979836198482,0.7666637091149133,0.6645851058722582,0.7666637091149133,0.2333362908850866,0.0001472640155891,-6.164754842353239e-05,0.0029140030517638,True,96.1070461331401,0.758872272957482,0.6743683566891301,0.758872272957482,0.2411277270425179,7.94349834437636e-05,-0.000244797758491,0.0039998474936737,True,0.0755905672001558,0.9244094327998442,1.2614593081837857,0.3726242347952219,0.6273757652047781,0.2352343705771229,0.7666637091149133,0.2333362908850866,-0.6645851058722582,0.758872272957482,0.2411277270425179,-0.6743683566891301,1,0,0,0.0,1,1,1,1,,0,1,1,0,1,0,0,1.0,1.0,0.0,0.0,0.0,,-0.8488188655996884,1.2614593081837857,-0.2547515304095562,0.2352343705771229,0.5333274182298268,0.6645851058722582,0.5177445459149641,0.6743683566891301,0.50995404,0.5183491920167113,0.58694553
2025-02-27 10:40:00,2025-02-27 10:55:00,-1,346.95,346.25,pivot,0.6999999999999886,0.120796,0.3792039999999887,11944.925999999645,1.0,2025-02-27,346.4,347.1,346.3,0.0,345.9,346.35,345.85,0.0,2025,0.0,0.0,0.0,0.0,0.0,0.0,0.0,0.0,0.0,0.0,0.0,0.0,0.0,0.0,0.0,1.0,1.0,1.0,1,10,3,2,460.7629036468448,0.3838017381571733,-0.2278283116681503,0.3838017381571733,0.6161982618428268,-4.90022247499076e-05,-5.828769579840832e-05,0.0010078043395772,True,272.9228597627784,0.3915827167923656,-0.221450655674734,0.3915827167923656,0.6084172832076343,-0.0001915519060097,-0.0001845069706981,0.0017665257433012,True,166.38770299412596,0.7581074517674211,0.5456718917584578,0.7581074517674211,0.2418925482325788,-0.0004062718073549,-0.0004256081127753,0.0023636693321113,True,150.83861093002548,0.6640463591167589,0.4018834350176532,0.6640463591167589,0.3359536408832411,-0.0007545322794351,-0.0009463819830182,0.0030714352453896,True,0.6161982618428268,0.3838017381571733,-0.2278283116681503,0.6084172832076343,0.3915827167923656,-0.221450655674734,0.2418925482325788,0.7581074517674211,0.5456718917584578,0.3359536408832411,0.6640463591167589,0.4018834350176532,1,0,0,0.0,1,1,1,1,,0,1,1,0,1,0,0,1.0,1.0,0.0,0.0,0.0,,0.2323965236856535,0.2278283116681503,0.21683456641526871,0.221450655674734,-0.5162149035348423,0.5456718917584578,-0.3280927182335178,0.4018834350176532,0.50995404,0.514750732550002,0.58637726
2025-02-27 10:55:00,2025-02-27 11:45:00,-1,346.25,346.1,pivot,0.1499999999999772,0.1207705,-0.17077050000002275,-5379.270750000716,1.0,2025-02-27,345.9,346.35,345.85,0.0,345.75,346.15,345.65,0.0,2025,0.0,0.0,0.0,0.0,0.0,0.0,0.0,0.0,0.0,0.0,0.0,0.0,0.0,0.0,0.0,1.0,1.0,1.0,0,10,3,2,362.8490588425962,0.2636090174735243,-0.5152252575044316,0.2636090174735243,0.7363909825264757,-4.90022247499076e-05,-5.828769579840832e-05,0.0010078043395772,True,31.20820975649317,0.0381272442089002,-1.691348143977644,0.0381272442089002,0.9618727557910998,-0.0001915519060097,-0.0001845069706981,0.0017665257433012,True,41.43248500469312,0.0645286782445218,-1.4056171499229213,0.0645286782445218,0.9354713217554782,-0.0004062718073549,-0.0004256081127753,0.0023636693321113,True,83.20589735216609,0.1742278326245996,-0.7715912022954847,0.1742278326245996,0.8257721673754004,-0.0007545322794351,-0.0009463819830182,0.0030714352453896,True,0.7363909825264757,0.2636090174735243,-0.5152252575044316,0.9618727557910998,0.0381272442089002,-1.691348143977644,0.9354713217554782,0.0645286782445218,-1.4056171499229213,0.8257721673754004,0.1742278326245996,-0.7715912022954847,1,0,0,0.0,1,1,1,1,,0,1,1,0,1,0,0,1.0,1.0,0.0,0.0,0.0,,0.47278196505295145,0.5152252575044316,0.9237455115821995,1.691348143977644,0.8709426435109564,1.4056171499229213,0.6515443347508008,0.7715912022954847,0.50995404,0.514750732550002,0.583504
2025-02-28 08:45:00,2025-02-28 10:35:00,1,342.0,336.8,pivot,-5.199999999999989,0.120364,-5.520363999999989,-173891.46599999967,1.0,2025-02-28,340.5,342.05,340.2,0.0,337.2,337.35,336.7,0.0,2025,0.0,0.0,0.0,0.0,0.0,0.0,0.0,0.0,0.0,0.0,0.0,0.0,0.0,0.0,0.0,2.0,0.0,0.0,0,8,4,2,511.8626039845019,0.7146702452374053,0.4405894791912673,0.7146702452374053,0.2853297547625947,7.217950336864375e-05,9.056950689634588e-05,0.000777054798144,True,384.7881529794551,0.5432747368854967,0.008130811150589,0.5432747368854967,0.4567252631145033,0.0001765281361854,0.0002777819367929,0.0013305380742673,True,99.50817799612064,0.8716162061446368,0.914705995952583,0.8716162061446368,0.1283837938553632,0.0002767775766378,0.0004657376408654,0.0017013288241472,True,87.07731414148833,0.8749228544774934,1.0150685383618534,0.8749228544774934,0.1250771455225066,0.0004885567090799,0.0007156861421007,0.0021417979203634,True,0.7146702452374053,0.2853297547625947,-0.4405894791912673,0.5432747368854967,0.4567252631145033,-0.008130811150589,0.8716162061446368,0.1283837938553632,-0.914705995952583,0.8749228544774934,0.1250771455225066,-1.0150685383618534,1,0,0,0.0,1,1,1,1,,0,1,0,0,0,1,0,1.0,1.0,0.0,0.0,0.0,,0.4293404904748106,0.4405894791912673,0.08654947377099337,0.008130811150589,0.7432324122892735,0.914705995952583,0.7498457089549868,1.0150685383618534,0.5256243,0.7435782719385198,0.5828403
2025-02-28 10:50:00,2025-02-28 13:25:00,-1,337.15,335.9,pivot,1.25,0.1201915,0.9298085000000001,29288.967750000003,1.0,2025-02-28,337.1,337.25,336.95,0.0,335.8,336.0,335.6,0.0,2025,0.0,0.0,0.0,0.0,0.0,0.0,0.0,0.0,0.0,0.0,0.0,0.0,0.0,0.0,0.0,1.0,1.0,1.0,1,10,4,2,158.67039915862802,0.1045528171427934,-1.1284507916304014,0.1045528171427934,0.8954471828572066,-5.666493436411928e-05,-6.647152069385944e-05,0.0009929296404816,True,183.1349189269298,0.2090152068806804,-0.6834413944217149,0.2090152068806804,0.7909847931193196,-0.0001868723800554,-0.0001893601922069,0.0016765922240577,True,26.32540420886652,0.0386467166026745,-1.778517972356359,0.0386467166026745,0.9613532833973256,-0.0003952665677132,-0.000416533391767,0.0022643909644547,True,22.36364915951019,0.0534996475766964,-1.6167389782291033,0.0534996475766964,0.9465003524233035,-0.0007592270855687,-0.0009558620727054,0.0030708842947922,True,0.8954471828572066,0.1045528171427934,-1.1284507916304014,0.7909847931193196,0.2090152068806804,-0.6834413944217149,0.9613532833973256,0.0386467166026745,-1.778517972356359,0.9465003524233035,0.0534996475766964,-1.6167389782291033,1,0,0,0.0,1,1,1,1,,0,1,1,0,1,0,0,1.0,1.0,0.0,0.0,0.0,,0.7908943657144132,1.1284507916304014,0.5819695862386391,0.6834413944217149,0.9227065667946511,1.778517972356359,0.8930007048466071,1.6167389782291033,0.50995404,0.5087867545378166,0.60973966
2025-03-04 10:30:00,2025-03-04 10:50:00,-1,333.65,333.65,pivot,-0.0,0.120019,-0.320019,-10080.5985,1.0,2025-03-04,333.0,333.9,332.8,0.0,334.1,334.15,333.55,0.0,2025,0.0,0.0,0.0,0.0,0.0,0.0,0.0,0.0,0.0,0.0,0.0,0.0,0.0,0.0,0.0,1.0,1.0,1.0,0,10,1,3,223.89232401146955,0.8698481493351647,1.0234820147597623,0.8698481493351647,0.1301518506648352,-6.62512099750857e-05,-6.825492802302946e-05,0.0009428421025883,True,101.46412851995444,0.9050105225508916,1.1972101315596004,0.9050105225508916,0.0949894774491084,-0.0002040857196869,-0.0002160003511053,0.0015541253471379,True,93.29293929181172,0.1437037119996792,-0.9517193977681244,0.1437037119996792,0.8562962880003208,-0.0004631974867633,-0.0005080442573539,0.0022877773885058,True,105.26595788891127,0.2412412114198943,-0.6063978548525786,0.2412412114198943,0.7587587885801057,-0.0009253537445419,-0.001076022395266,0.0028996141034188,True,0.1301518506648352,0.8698481493351647,1.0234820147597623,0.0949894774491084,0.9050105225508916,1.1972101315596004,0.8562962880003208,0.1437037119996792,-0.9517193977681244,0.7587587885801057,0.2412412114198943,-0.6063978548525786,1,0,0,0.0,1,1,1,1,,0,1,1,0,1,0,0,1.0,1.0,0.0,0.0,0.0,,-0.7396962986703295,1.0234820147597623,-0.8100210451017833,1.1972101315596004,0.7125925760006415,0.9517193977681244,0.5175175771602114,0.6063978548525786,0.50995404,0.5183491920167113,0.6336676
2025-03-04 10:50:00,2025-03-04 11:00:00,-1,333.65,333.05,pivot,0.5999999999999659,0.120001,0.27999899999996586,8819.968499998924,1.0,2025-03-04,334.1,334.15,333.55,0.0,333.3,333.75,333.05,0.0,2025,0.0,0.0,0.0,0.0,0.0,0.0,0.0,0.0,0.0,0.0,0.0,0.0,0.0,0.0,0.0,1.0,1.0,1.0,1,10,1,3,99.551464376103,0.9407849644946106,1.504269781779946,0.9407849644946106,0.0592150355053894,-6.62512099750857e-05,-6.825492802302946e-05,0.0009428421025883,True,281.8905208188851,0.4292620750600418,-0.1503136482065075,0.4292620750600418,0.5707379249399582,-0.0002040857196869,-0.0002160003511053,0.0015541253471379,True,77.99917765092142,0.1171344278364935,-1.086435169975538,0.1171344278364935,0.8828655721635065,-0.0004631974867633,-0.0005080442573539,0.0022877773885058,True,13.094841886877772,0.0261765114396043,-2.204140494988212,0.0261765114396043,0.9738234885603956,-0.0009253537445419,-0.001076022395266,0.0028996141034188,True,0.0592150355053894,0.9407849644946106,1.504269781779946,0.5707379249399582,0.4292620750600418,-0.1503136482065075,0.8828655721635065,0.1171344278364935,-1.086435169975538,0.9738234885603956,0.0261765114396043,-2.204140494988212,1,0,0,0.0,1,1,1,1,,0,1,1,0,1,0,0,1.0,1.0,0.0,0.0,0.0,,-0.8815699289892212,1.504269781779946,0.1414758498799164,0.1503136482065075,0.765731144327013,1.086435169975538,0.9476469771207913,2.204140494988212,0.50995404,0.5183491920167113,0.6311834
2025-03-05 08:45:00,2025-03-05 10:30:00,-1,335.5,334.9,pivot,0.6000000000000227,0.120112,0.27988800000002273,8816.472000000716,1.0,2025-03-05,335.9,336.2,335.0,0.0,334.25,335.1,333.55,0.0,2025,0.0,0.0,0.0,0.0,0.0,0.0,0.0,0.0,0.0,0.0,0.0,0.0,0.0,0.0,0.0,1.0,1.0,1.0,1,8,2,3,464.6084222956434,0.2896436519413277,-0.4565592197537992,0.2896436519413277,0.7103563480586723,-5.6692586658141485e-05,-5.3431583143199145e-05,0.0008692187851774,True,173.03578535193304,0.1617204176930695,-0.8498990679022569,0.1617204176930695,0.8382795823069304,-0.0002374276024805,-0.0002553262741036,0.0014646727702676,True,100.21819739583434,0.1208714632048233,-1.096299124454171,0.1208714632048233,0.8791285367951767,-0.0004703442837489,-0.0005499159970027,0.0016868073744082,True,194.09574709401264,0.3807459663394412,-0.2947070972899972,0.3807459663394412,0.6192540336605588,-0.0010627821443962,-0.0010750051275585,0.0019512136054155,True,0.7103563480586723,0.2896436519413277,-0.4565592197537992,0.8382795823069304,0.1617204176930695,-0.8498990679022569,0.8791285367951767,0.1208714632048233,-1.096299124454171,0.6192540336605588,0.3807459663394412,-0.2947070972899972,1,0,0,0.0,1,1,1,1,,0,1,0,0,1,0,0,1.0,1.0,0.0,0.0,0.0,,0.42071269611734463,0.4565592197537992,0.6765591646138609,0.8498990679022569,0.7582570735903533,1.096299124454171,0.23850806732111757,0.2947070972899972,0.50995404,0.5179956420733304,0.6302085
2025-03-05 10:30:00,2025-03-05 10:35:00,1,334.9,334.25,pivot,-0.6499999999999773,0.1200745,-0.9700744999999773,-30557.346749999284,1.0,2025-03-05,334.25,335.1,333.55,0.0,334.3,334.6,334.2,0.0,2025,0.0,0.0,0.0,0.0,0.0,0.0,0.0,0.0,0.0,0.0,0.0,0.0,0.0,0.0,0.0,1.0,1.0,1.0,0,10,2,3,447.0518609049421,0.6915926598566793,0.3637655719324075,0.6915926598566793,0.3084073401433207,6.107678990504606e-05,0.0001047598494178,0.0009433781424544,True,295.40324976509163,0.3563057941308007,-0.3611678744397025,0.3563057941308007,0.6436942058691992,0.000167261626364,0.0003328643811975,0.0017481395516703,True,168.59618822465055,0.2656063025376511,-0.5665893356517879,0.2656063025376511,0.7343936974623488,0.0004418125643916,0.0007210400453133,0.002589426956434,True,45.48082241408699,0.0669380522292405,-1.2812862338094582,0.0669380522292405,0.9330619477707596,0.0009455546844413,0.0014741636333159,0.0035933084433094,True,0.6915926598566793,0.3084073401433207,-0.3637655719324075,0.3563057941308007,0.6436942058691992,0.3611678744397025,0.2656063025376511,0.7343936974623488,0.5665893356517879,0.0669380522292405,0.9330619477707596,1.2812862338094582,1,0,0,0.0,1,1,1,1,,0,1,1,0,1,0,0,1.0,1.0,0.0,0.0,0.0,,0.38318531971335856,0.3637655719324075,-0.2873884117383985,0.3611678744397025,-0.46878739492469773,0.5665893356517879,-0.866123895541519,1.2812862338094582,0.50995404,0.5183491920167113,0.6146192
2025-03-05 10:35:00,2025-03-05 11:35:00,-1,334.25,334.15,pivot,0.1000000000000227,0.120052,-0.22005199999997727,-6931.637999999284,1.0,2025-03-05,334.3,334.6,334.2,0.0,334.4,334.6,334.15,0.0,2025,0.0,0.0,0.0,0.0,0.0,0.0,0.0,0.0,0.0,0.0,0.0,0.0,0.0,0.0,0.0,1.0,1.0,1.0,0,10,2,3,485.9796806566464,0.3938611023152853,-0.2692949858627218,0.3938611023152853,0.6061388976847146,6.107678990504606e-05,0.0001047598494178,0.0009433781424544,True,306.5301722978285,0.4015364177906775,-0.2758083786013864,0.4015364177906775,0.5984635822093225,0.000167261626364,0.0003328643811975,0.0017481395516703,True,146.8249549875245,0.2180722532270934,-0.6818429083529002,0.2180722532270934,0.7819277467729067,0.0004418125643916,0.0007210400453133,0.002589426956434,True,49.518539814084825,0.0740750409368662,-1.2399938724159274,0.0740750409368662,0.9259249590631338,0.0009455546844413,0.0014741636333159,0.0035933084433094,True,0.6061388976847146,0.3938611023152853,-0.2692949858627218,0.5984635822093225,0.4015364177906775,-0.2758083786013864,0.7819277467729067,0.2180722532270934,-0.6818429083529002,0.9259249590631338,0.0740750409368662,-1.2399938724159274,1,0,0,0.0,1,1,1,1,,0,1,1,0,1,0,0,1.0,1.0,0.0,0.0,0.0,,0.2122777953694293,0.2692949858627218,0.196927164418645,0.2758083786013864,0.5638554935458133,0.6818429083529002,0.8518499181262675,1.2399938724159274,0.50995404,0.5183491920167113,0.60727066
2025-03-10 10:55:00,2025-03-10 11:35:00,1,339.55,339.25,pivot,-0.3000000000000113,0.120364,-0.6203640000000115,-19541.46600000036,1.0,2025-03-10,339.65,339.65,339.4,0.0,339.3,339.45,339.2,0.0,2025,0.0,0.0,0.0,0.0,0.0,0.0,0.0,0.0,0.0,0.0,0.0,0.0,0.0,0.0,0.0,1.0,1.0,1.0,0,10,0,3,451.584462806824,0.3252024675890633,-0.4235535617438876,0.3252024675890633,0.6747975324109367,6.107678990504606e-05,0.0001047598494178,0.0009433781424544,True,279.63636437285953,0.3146682173961725,-0.4433563547903971,0.3146682173961725,0.6853317826038274,0.000167261626364,0.0003328643811975,0.0017481395516703,True,207.5751198538728,0.4387232734222669,-0.2215168817149694,0.4387232734222669,0.5612767265777331,0.0004418125643916,0.0007210400453133,0.002589426956434,True,100.2337641317741,0.6995806409795085,0.3292388411793495,0.6995806409795085,0.3004193590204915,0.0009455546844413,0.0014741636333159,0.0035933084433094,True,0.3252024675890633,0.6747975324109367,0.4235535617438876,0.3146682173961725,0.6853317826038274,0.4433563547903971,0.4387232734222669,0.5612767265777331,0.2215168817149694,0.6995806409795085,0.3004193590204915,-0.3292388411793495,1,0,0,0.0,1,1,1,1,,0,1,1,0,1,0,0,1.0,1.0,0.0,0.0,0.0,,-0.34959506482187336,0.4235535617438876,-0.3706635652076549,0.4433563547903971,-0.12255345315546617,0.2215168817149694,0.39916128195901696,0.3292388411793495,0.50995404,0.5226119967949799,0.5918886
2025-03-11 10:35:00,2025-03-11 10:40:00,1,330.6,330.9,pivot,0.2999999999999545,0.119845,-0.01984500000004547,-625.1175000014323,1.0,2025-03-11,330.9,331.1,330.5,0.0,331.1,331.55,330.85,0.0,2025,0.0,0.0,0.0,0.0,0.0,0.0,0.0,0.0,0.0,0.0,0.0,0.0,0.0,0.0,0.0,1.0,1.0,1.0,0,10,1,3,269.2733689191443,0.8291655344763275,0.8561514267489732,0.8291655344763275,0.1708344655236725,-6.209706173977093e-05,-5.898516962976432e-05,0.0009526195098101,True,44.90445490574452,0.955554345174652,1.7008213612247811,0.955554345174652,0.0444456548253481,-0.000193174544708,-0.0001902913389829,0.0015365714358526,True,176.29989355156283,0.3079767300365669,-0.4360197953811937,0.3079767300365669,0.6920232699634331,-0.0004367105248557,-0.000438417246926,0.0021146387396094,True,91.56511642832,0.1988414557100049,-0.7645221366175333,0.1988414557100049,0.801158544289995,-0.0009568681738777,-0.0010728466926283,0.002942250317697,True,0.8291655344763275,0.1708344655236725,-0.8561514267489732,0.955554345174652,0.0444456548253481,-1.7008213612247811,0.3079767300365669,0.6920232699634331,0.4360197953811937,0.1988414557100049,0.801158544289995,0.7645221366175333,1,0,0,0.0,1,1,1,1,,0,1,1,0,1,0,0,1.0,1.0,0.0,0.0,0.0,,0.6583310689526549,0.8561514267489732,0.9111086903493039,1.7008213612247811,-0.3840465399268662,0.4360197953811937,-0.6023170885799901,0.7645221366175333,0.50995404,0.5183491920167113,0.57687104
2025-03-11 10:40:00,2025-03-11 14:15:00,1,330.9,334.8,pivot,3.900000000000034,0.119971,3.5800290000000343,112770.91350000109,1.0,2025-03-11,331.1,331.55,330.85,0.0,334.6,335.05,334.55,0.0,2025,0.0,0.0,0.0,0.0,0.0,0.0,0.0,0.0,0.0,0.0,0.0,0.0,0.0,0.0,0.0,1.0,1.0,1.0,1,10,1,3,478.5200450477794,0.6073080745029448,0.2206933353783015,0.6073080745029448,0.3926919254970552,-6.209706173977093e-05,-5.898516962976432e-05,0.0009526195098101,True,26.75139802844084,0.971296387096942,1.9966472726311404,0.971296387096942,0.0287036129030578,-0.000193174544708,-0.0001902913389829,0.0015365714358526,True,188.63247534663984,0.7260953934823388,0.4934937431533485,0.7260953934823388,0.2739046065176612,-0.0004367105248557,-0.000438417246926,0.0021146387396094,True,91.58195761355807,0.198887731675478,-0.7643516460607358,0.198887731675478,0.801112268324522,-0.0009568681738777,-0.0010728466926283,0.002942250317697,True,0.6073080745029448,0.3926919254970552,-0.2206933353783015,0.971296387096942,0.0287036129030578,-1.9966472726311404,0.7260953934823388,0.2739046065176612,-0.4934937431533485,0.198887731675478,0.801112268324522,0.7643516460607358,1,0,0,0.0,1,1,1,1,,0,1,1,0,1,0,0,1.0,1.0,0.0,0.0,0.0,,0.21461614900588954,0.2206933353783015,0.9425927741938842,1.9966472726311404,0.45219078696467757,0.4934937431533485,-0.602224536649044,0.7643516460607358,0.50995404,0.5183491920167113,0.55059063
2025-04-04 11:30:00,2025-04-04 11:35:00,1,329.95,330.0,pivot,0.0500000000000113,0.1197985,-0.2697984999999886,-8498.652749999641,1.0,2025-04-04,329.95,330.35,328.5,0.0,330.6,331.4,329.75,0.0,2025,0.0,0.0,0.0,0.0,0.0,0.0,0.0,0.0,0.0,0.0,0.0,0.0,0.0,0.0,0.0,2.0,1.0,1.0,0,11,4,4,2.184562923717635e-17,0.0,-7.558927927907539,0.0,1.0,5.503065861684044e-05,4.434011729106463e-05,0.0011414427933394,True,0.2589636357478004,0.0,-7.133507408486176,0.0,1.0,0.000157300073401,0.0001117992331754,0.0019527536254617,True,6.7832246765117175,0.010493699769494,-2.272829214385637,0.010493699769494,0.989506300230506,0.0002736588773328,0.0001020352813345,0.0028969652132051,True,10.256816268177891,0.0196838212795162,-1.9696700575310035,0.0196838212795162,0.9803161787204836,0.0003172391729799,-5.324589238314015e-05,0.0039501433164564,True,0.0,1.0,7.558927927907539,0.0,1.0,7.133507408486176,0.010493699769494,0.989506300230506,2.272829214385637,0.0196838212795162,0.9803161787204836,1.9696700575310035,1,0,0,0.0,1,1,1,1,,0,1,1,0,1,0,0,1.0,1.0,0.0,0.0,0.0,,-1.0,7.558927927907539,-1.0,7.133507408486176,-0.979012600461012,2.272829214385637,-0.9606323574409674,1.9696700575310035,0.50031275,0.5013688748776406,0.5582465
2025-04-04 12:00:00,2025-04-04 13:05:00,-1,328.95,326.95,pivot,2.0,0.119677,1.680323,52930.1745,1.0,2025-04-04,327.75,328.95,327.65,0.0,326.9,327.0,326.3,0.0,2025,0.0,0.0,0.0,0.0,0.0,0.0,0.0,0.0,0.0,0.0,0.0,0.0,0.0,0.0,0.0,1.0,0.0,0.0,1,12,4,4,46.12919136205362,0.0338721828774705,-1.7496604435454477,0.0338721828774705,0.9661278171225296,-8.568161012392212e-05,-3.498500743757249e-05,0.0010199554857039,True,22.81792651663682,0.024748478148041,-1.9593786281283156,0.024748478148041,0.975251521851959,-0.0002381761665816,-0.0001475090479195,0.0017031312535868,True,55.11965595078616,0.0809908070375794,-1.3230867904886792,0.0809908070375794,0.9190091929624206,-0.0004185326392017,-0.0003414558693112,0.0023756054254179,True,1.5737184606134893,0.004173945714618,-2.9211831003666853,0.004173945714618,0.995826054285382,-0.00083033177309,-0.0007604765921676,0.0031515940654554,True,0.9661278171225296,0.0338721828774705,-1.7496604435454477,0.975251521851959,0.024748478148041,-1.9593786281283156,0.9190091929624206,0.0809908070375794,-1.3230867904886792,0.995826054285382,0.004173945714618,-2.9211831003666853,1,0,0,0.0,1,1,1,1,,0,1,0,1,0,1,0,1.0,1.0,0.0,0.0,0.0,,0.9322556342450591,1.7496604435454477,0.9505030437039179,1.9593786281283156,0.8380183859248411,1.3230867904886792,0.9916521085707639,2.9211831003666853,0.5258985,0.7709621513619859,0.5710288
2025-04-07 10:25:00,2025-04-07 10:30:00,1,313.75,314.3,pivot,0.5500000000000114,0.1188415,0.23115850000001137,7281.492750000358,1.0,2025-04-07,314.3,314.75,313.7,0.0,314.65,314.8,313.55,0.0,2025,0.0,0.0,0.0,0.0,0.0,0.0,0.0,0.0,0.0,0.0,0.0,0.0,0.0,0.0,0.0,1.0,1.0,2.0,1,10,0,4,0.257294054210025,0.9999766840507835,4.183188920307962,0.9999766840507835,2.3315949216340396e-05,-9.946471622929608e-05,-4.214140737403917e-05,0.0010446842586089,True,37.927509759500175,0.9437067436343743,1.6136719365418684,0.9437067436343743,0.0562932563656255,-0.0002263499889337,-0.0001458040501609,0.0017777079791936,True,0.7839365294730615,0.9982280550577156,3.9127784630334967,0.9982280550577156,0.0017719449422842,-0.0004326140300761,-0.0003861761145971,0.0024807198297884,True,116.99101149210192,0.7288142928993376,0.4916938578429931,0.7288142928993376,0.2711857071006623,-0.0008818878399266,-0.0009089275875668,0.003475722968884,True,0.9999766840507835,2.3315949216340396e-05,-4.183188920307962,0.9437067436343743,0.0562932563656255,-1.6136719365418684,0.9982280550577156,0.0017719449422842,-3.9127784630334967,0.7288142928993376,0.2711857071006623,-0.4916938578429931,1,0,0,0.0,1,1,1,1,,0,1,1,0,1,0,0,1.0,1.0,0.0,0.0,0.0,,0.9999533681015672,4.183188920307962,0.8874134872687488,1.6136719365418684,0.9964561101154314,3.9127784630334967,0.4576285857986753,0.4916938578429931,0.5197103,0.5414456879641263,0.5709226
2025-04-07 10:30:00,2025-04-07 10:55:00,1,314.3,314.3,pivot,0.0,0.118858,-0.318858,-10044.027,1.0,2025-04-07,314.65,314.8,313.55,0.0,314.7,315.0,314.2,0.0,2025,0.0,0.0,0.0,0.0,0.0,0.0,0.0,0.0,0.0,0.0,0.0,0.0,0.0,0.0,0.0,1.0,1.0,2.0,0,10,0,4,7.538254726332713,0.997975048566234,3.5553458716196458,0.997975048566234,0.0020249514337661,-9.946471622929608e-05,-4.214140737403917e-05,0.0010446842586089,True,4.16304537262248,0.9968813504658216,4.130575074527895,0.9968813504658216,0.0031186495341785,-0.0002263499889337,-0.0001458040501609,0.0017777079791936,True,0.6964615156309588,0.9993494939327084,4.547862908763564,0.9993494939327084,0.0006505060672915,-0.0004326140300761,-0.0003861761145971,0.0024807198297884,True,7.169330948698444,0.9841610195258657,2.37838470079802,0.9841610195258657,0.0158389804741343,-0.0008818878399266,-0.0009089275875668,0.003475722968884,True,0.997975048566234,0.0020249514337661,-3.5553458716196458,0.9968813504658216,0.0031186495341785,-4.130575074527895,0.9993494939327084,0.0006505060672915,-4.547862908763564,0.9841610195258657,0.0158389804741343,-2.37838470079802,1,0,0,0.0,1,1,1,1,,0,1,1,0,1,0,0,1.0,1.0,0.0,0.0,0.0,,0.9959500971324678,3.5553458716196458,0.9937627009316431,4.130575074527895,0.998698987865417,4.547862908763564,0.9683220390517313,2.37838470079802,0.5197103,0.5414456879641263,0.56479156
2025-04-07 10:55:00,2025-04-07 11:30:00,-1,314.3,313.35,pivot,0.9499999999999886,0.1188295,0.6311704999999886,19881.87074999964,1.0,2025-04-07,314.7,315.0,314.2,0.0,313.7,314.1,313.15,0.0,2025,0.0,0.0,0.0,0.0,0.0,0.0,0.0,0.0,0.0,0.0,0.0,0.0,0.0,0.0,0.0,1.0,1.0,1.0,1,10,0,4,343.4347914832782,0.7502651978437445,0.4983057410499322,0.7502651978437445,0.2497348021562555,-9.946471622929608e-05,-4.214140737403917e-05,0.0010446842586089,True,27.175266201641133,0.0328938030366262,-1.798280417225028,0.0328938030366262,0.9671061969633736,-0.0002263499889337,-0.0001458040501609,0.0017777079791936,True,38.87424232804262,0.9302297817943458,1.44314829933015,0.9302297817943458,0.0697702182056542,-0.0004326140300761,-0.0003861761145971,0.0024807198297884,True,0.403027106729892,0.9974050272593662,3.861967482688228,0.9974050272593662,0.0025949727406338,-0.0008818878399266,-0.0009089275875668,0.003475722968884,True,0.2497348021562555,0.7502651978437445,0.4983057410499322,0.9671061969633736,0.0328938030366262,-1.798280417225028,0.0697702182056542,0.9302297817943458,1.44314829933015,0.0025949727406338,0.9974050272593662,3.861967482688228,1,0,0,0.0,1,1,1,1,,0,1,1,0,1,0,0,1.0,1.0,0.0,0.0,0.0,,-0.5005303956874889,0.4983057410499322,0.9342123939267475,1.798280417225028,-0.8604595635886916,1.44314829933015,-0.9948100545187324,3.861967482688228,0.50995404,0.5226119967949799,0.5580685
2025-04-07 11:30:00,2025-04-07 12:20:00,-1,313.35,312.5,pivot,0.8500000000000227,0.1187755,0.5312245000000229,16733.57175000072,1.0,2025-04-07,313.7,314.1,313.15,0.0,312.4,312.8,312.25,0.0,2025,0.0,0.0,0.0,0.0,0.0,0.0,0.0,0.0,0.0,0.0,0.0,0.0,0.0,0.0,0.0,1.0,1.0,2.0,1,11,0,4,13.981781579441956,0.0054553448757677,-3.0086428854073377,0.0054553448757677,0.9945446551242322,-9.946471622929608e-05,-4.214140737403917e-05,0.0010446842586089,True,11.12100198887694,0.013663551198829,-2.424848858792039,0.013663551198829,0.986336448801171,-0.0002263499889337,-0.0001458040501609,0.0017777079791936,True,91.34238947190931,0.1386931125398994,-0.9359823471663188,0.1386931125398994,0.8613068874601005,-0.0004326140300761,-0.0003861761145971,0.0024807198297884,True,142.91659454031205,0.4892516049484944,-0.0137252418781128,0.4892516049484944,0.5107483950515055,-0.0008818878399266,-0.0009089275875668,0.003475722968884,True,0.9945446551242322,0.0054553448757677,-3.0086428854073377,0.986336448801171,0.013663551198829,-2.424848858792039,0.8613068874601005,0.1386931125398994,-0.9359823471663188,0.5107483950515055,0.4892516049484944,-0.0137252418781128,1,0,0,0.0,1,1,1,1,,0,1,1,0,1,0,0,1.0,1.0,0.0,0.0,0.0,,0.9890893102484645,3.0086428854073377,0.972672897602342,2.424848858792039,0.7226137749202011,0.9359823471663188,0.021496790103011088,0.0137252418781128,0.50914,0.5027347576082652,0.5521982
2025-04-08 10:30:00,2025-04-08 10:50:00,1,314.5,314.35,pivot,-0.1499999999999772,0.1188655,-0.46886549999997723,-14769.263249999283,1.0,2025-04-08,314.75,314.75,313.8,0.0,314.8,315.0,313.95,0.0,2025,0.0,0.0,0.0,0.0,0.0,0.0,0.0,0.0,0.0,0.0,0.0,0.0,0.0,0.0,0.0,1.0,1.0,1.0,0,10,1,4,0.6664385630841563,1.0,5.135583208232359,1.0,0.0,5.503065861684044e-05,4.434011729106463e-05,0.0011414427933394,True,2.928902622635762,0.9920091779833357,3.2133793153469377,0.9920091779833357,0.0079908220166643,0.000157300073401,0.0001117992331754,0.0019527536254617,True,152.24627579776225,0.7104421700811566,0.5146175101011076,0.7104421700811566,0.2895578299188434,0.0002736588773328,0.0001020352813345,0.0028969652132051,True,101.40371124012658,0.432070206013777,-0.0670919275038882,0.432070206013777,0.5679297939862229,0.0003172391729799,-5.324589238314015e-05,0.0039501433164564,True,1.0,0.0,-5.135583208232359,0.9920091779833357,0.0079908220166643,-3.2133793153469377,0.7104421700811566,0.2895578299188434,-0.5146175101011076,0.432070206013777,0.5679297939862229,0.0670919275038882,1,0,0,0.0,1,1,1,1,,0,1,1,0,1,0,0,1.0,1.0,0.0,0.0,0.0,,1.0,5.135583208232359,0.9840183559666713,3.2133793153469377,0.42088434016231324,0.5146175101011076,-0.1358595879724459,0.0670919275038882,0.50995404,0.5183491920167113,0.55153215
2025-04-23 10:40:00,2025-04-23 10:45:00,-1,332.5,332.5,pivot,-0.0,0.11995,-0.31994999999999996,-10078.425,1.0,2025-04-23,332.45,332.6,332.3,0.0,332.45,332.7,332.4,0.0,2025,0.0,0.0,0.0,0.0,0.0,0.0,0.0,0.0,0.0,0.0,0.0,0.0,0.0,0.0,0.0,1.0,1.0,1.0,0,10,2,4,52.11916149197437,0.0317409949391898,-1.6968260889297369,0.0317409949391898,0.96825900506081,6.576824486721336e-05,9.058106398298016e-05,0.0009382710803227,True,287.64065205748324,0.2944991678715932,-0.4700860818433733,0.2944991678715932,0.7055008321284068,0.000220448034778,0.0003158592700371,0.0016306515027829,True,214.90434844512643,0.3577587423949431,-0.3666025659323146,0.3577587423949431,0.6422412576050569,0.0005201414486839,0.0007112839938154,0.002350053561292,True,142.41554216907468,0.5294293922266705,0.0144196676612833,0.5294293922266705,0.4705706077733295,0.0011465340916816,0.0013060666309649,0.0032743669838022,True,0.96825900506081,0.0317409949391898,-1.6968260889297369,0.7055008321284068,0.2944991678715932,-0.4700860818433733,0.6422412576050569,0.3577587423949431,-0.3666025659323146,0.4705706077733295,0.5294293922266705,0.0144196676612833,1,0,0,0.0,1,1,1,1,,0,1,1,0,1,0,0,1.0,1.0,0.0,0.0,0.0,,0.9365180101216202,1.6968260889297369,0.41100166425681356,0.4700860818433733,0.2844825152101138,0.3666025659323146,-0.05885878445334103,0.0144196676612833,0.50995404,0.5183491920167113,0.57729894
2025-04-23 10:45:00,2025-04-23 11:25:00,-1,332.5,333.55,pivot,-1.0500000000000114,0.1199815,-1.3699815000000115,-43154.41725000036,1.0,2025-04-23,332.45,332.7,332.4,0.0,333.6,333.85,333.55,0.0,2025,0.0,0.0,0.0,0.0,0.0,0.0,0.0,0.0,0.0,0.0,0.0,0.0,0.0,0.0,0.0,1.0,1.0,1.0,0,10,2,4,247.33734139152807,0.1287589160170764,-0.8975852085364031,0.1287589160170764,0.8712410839829235,6.576824486721336e-05,9.058106398298016e-05,0.0009382710803227,True,30.390659506605203,0.0342041320618269,-1.6674221825950477,0.0342041320618269,0.9657958679381732,0.000220448034778,0.0003158592700371,0.0016306515027829,True,210.7326809592547,0.3256293506680562,-0.4306245072038261,0.3256293506680562,0.6743706493319437,0.0005201414486839,0.0007112839938154,0.002350053561292,True,142.2298427901454,0.5081342728904522,-0.0312533440091884,0.5081342728904522,0.4918657271095478,0.0011465340916816,0.0013060666309649,0.0032743669838022,True,0.8712410839829235,0.1287589160170764,-0.8975852085364031,0.9657958679381732,0.0342041320618269,-1.6674221825950477,0.6743706493319437,0.3256293506680562,-0.4306245072038261,0.4918657271095478,0.5081342728904522,-0.0312533440091884,1,0,0,0.0,1,1,1,1,,0,1,1,0,1,0,0,1.0,1.0,0.0,0.0,0.0,,0.7424821679658471,0.8975852085364031,0.9315917358763462,1.6674221825950477,0.3487412986638875,0.4306245072038261,-0.01626854578090442,0.0312533440091884,0.50995404,0.5183491920167113,0.5716
2025-04-28 10:35:00,2025-04-28 15:45:00,-1,337.55,337.5,eod,0.0500000000000113,0.1202515,-0.27025149999998865,-8512.922249999643,1.0,2025-04-28,337.65,337.75,337.5,0.0,337.5,337.5,337.5,0.0,2025,0.0,0.0,0.0,0.0,0.0,0.0,0.0,0.0,0.0,0.0,0.0,0.0,0.0,0.0,0.0,1.0,1.0,1.0,0,10,0,4,261.020353284294,0.1374681954242923,-0.869438229585528,0.1374681954242923,0.8625318045757077,5.585325796261739e-05,6.906773674719867e-05,0.0009298409905568,True,52.9682057296587,0.0612764796244092,-1.364316452217233,0.0612764796244092,0.9387235203755908,0.000200973240827,0.0002675959752343,0.0016043390443404,True,223.16909288704127,0.4494406532719017,-0.1650752476728309,0.4494406532719017,0.5505593467280983,0.0005259803742159,0.0006779331554271,0.0023142863514565,True,133.8254428515074,0.6747889427426528,0.3312528520348388,0.6747889427426528,0.3252110572573472,0.0011818842260986,0.0013294255316292,0.0031403316750304,True,0.8625318045757077,0.1374681954242923,-0.869438229585528,0.9387235203755908,0.0612764796244092,-1.364316452217233,0.5505593467280983,0.4494406532719017,-0.1650752476728309,0.3252110572573472,0.6747889427426528,0.3312528520348388,1,0,0,0.0,1,1,1,1,,0,1,1,0,1,0,0,1.0,1.0,0.0,0.0,0.0,,0.7250636091514153,0.869438229585528,0.8774470407511816,1.364316452217233,0.10111869345619656,0.1650752476728309,-0.34957788548530555,0.3312528520348388,0.50995404,0.5226119967949799,0.5700462
2025-04-30 10:45:00,2025-04-30 11:25:00,-1,337.9,338.15,pivot,-0.25,0.1202815,-0.5702815,-17963.86725,1.0,2025-04-30,337.6,338.0,337.6,0.0,337.85,338.2,337.75,0.0,2025,0.0,0.0,0.0,0.0,0.0,0.0,0.0,0.0,0.0,0.0,0.0,0.0,0.0,0.0,0.0,1.0,1.0,1.0,0,10,2,4,221.2540342375601,0.1487408009470021,-0.846261857952604,0.1487408009470021,0.8512591990529979,-9.41222928377272e-05,-3.534602503755693e-05,0.0011810388958823,True,136.16993968773923,0.1738116373125026,-0.7957872773185368,0.1738116373125026,0.8261883626874974,-0.0002383228275398,-0.0001322313291468,0.0020622103944769,True,88.28294482174437,0.1508894921831564,-0.8835706893640881,0.1508894921831564,0.8491105078168435,-0.0004747169874321,-0.0003874837807418,0.0027375399525331,True,26.44487666569034,0.053705360538876,-1.4226829568977617,0.053705360538876,0.946294639461124,-0.0009631410002901,-0.0009257927631119,0.0038055377241378,True,0.8512591990529979,0.1487408009470021,-0.846261857952604,0.8261883626874974,0.1738116373125026,-0.7957872773185368,0.8491105078168435,0.1508894921831564,-0.8835706893640881,0.946294639461124,0.053705360538876,-1.4226829568977617,1,0,0,0.0,1,1,1,1,,0,1,1,0,1,0,0,1.0,1.0,0.0,0.0,0.0,,0.7025183981059957,0.846261857952604,0.6523767253749948,0.7957872773185368,0.6982210156336871,0.8835706893640881,0.892589278922248,1.4226829568977617,0.50995404,0.5183491920167113,0.57140476
2025-05-02 10:40:00,2025-05-02 11:00:00,1,339.15,338.5,pivot,-0.6499999999999773,0.1203295,-0.9703294999999772,-30565.37924999928,1.0,2025-05-02,338.75,339.2,338.6,0.0,338.7,338.85,338.3,0.0,2025,0.0,0.0,0.0,0.0,0.0,0.0,0.0,0.0,0.0,0.0,0.0,0.0,0.0,0.0,0.0,1.0,1.0,1.0,0,10,4,5,338.74162014238664,0.1862212565776089,-0.704218004538605,0.1862212565776089,0.8137787434223911,4.374823322585878e-05,5.8488420951449655e-05,0.0009206977553636,True,291.8960827178219,0.6134194623256995,0.2022769444417816,0.6134194623256995,0.3865805376743004,0.0002169866200459,0.0002629266539883,0.0016181034866761,True,171.88391482033492,0.2393942628441114,-0.5939901266816096,0.2393942628441114,0.7606057371558885,0.0005429614792084,0.0006560484870236,0.00234574358261,True,152.99288438769432,0.562620457995667,0.0880754409374606,0.562620457995667,0.437379542004333,0.0012196284231942,0.0013481120600491,0.0031321340196656,True,0.1862212565776089,0.8137787434223911,0.704218004538605,0.6134194623256995,0.3865805376743004,-0.2022769444417816,0.2393942628441114,0.7606057371558885,0.5939901266816096,0.562620457995667,0.437379542004333,-0.0880754409374606,1,0,0,0.0,1,1,1,1,,0,1,1,0,1,0,0,1.0,1.0,0.0,0.0,0.0,,-0.6275574868447822,0.704218004538605,0.22683892465139915,0.2022769444417816,-0.5212114743117772,0.5939901266816096,0.12524091599133397,0.0880754409374606,0.5075804,0.5046910494460957,0.564691
2025-05-07 10:40:00,2025-05-07 14:20:00,-1,341.2,341.3,pivot,-0.1000000000000227,0.120475,-0.42047500000002275,-13244.962500000716,1.0,2025-05-07,341.25,341.35,341.0,0.0,341.2,341.35,341.2,0.0,2025,0.0,0.0,0.0,0.0,0.0,0.0,0.0,0.0,0.0,0.0,0.0,0.0,0.0,0.0,0.0,1.0,1.0,1.0,0,10,2,5,11.829895937460822,0.0080935631063487,-2.765152724621568,0.0080935631063487,0.9919064368936512,4.374823322585878e-05,5.8488420951449655e-05,0.0009206977553636,True,46.92906693202449,0.051623760789569,-1.5190597935013004,0.051623760789569,0.9483762392104308,0.0002169866200459,0.0002629266539883,0.0016181034866761,True,92.64571495496884,0.123445103523261,-0.9661059934111444,0.123445103523261,0.876554896476739,0.0005429614792084,0.0006560484870236,0.00234574358261,True,123.31127254671098,0.2595583996331055,-0.5707008522824488,0.2595583996331055,0.7404416003668944,0.0012196284231942,0.0013481120600491,0.0031321340196656,True,0.9919064368936512,0.0080935631063487,-2.765152724621568,0.9483762392104308,0.051623760789569,-1.5190597935013004,0.876554896476739,0.123445103523261,-0.9661059934111444,0.7404416003668944,0.2595583996331055,-0.5707008522824488,1,0,0,0.0,1,1,1,1,,0,1,1,0,1,0,0,1.0,1.0,0.0,0.0,0.0,,0.9838128737873025,2.765152724621568,0.8967524784208618,1.5190597935013004,0.753109792953478,0.9661059934111444,0.48088320073378893,0.5707008522824488,0.5075804,0.5142534869249903,0.5567466
2025-10-10 10:50:00,2025-10-10 11:45:00,-1,507.4,506.4,pivot,1.0,0.130414,0.669586,21091.959,1.0,2025-10-10,507.3,507.9,507.2,0.0,506.4,506.65,506.25,0.0,2025,0.0,0.0,0.0,0.0,0.0,0.0,0.0,0.0,0.0,0.0,0.0,0.0,0.0,0.0,0.0,1.0,1.0,1.0,1,10,4,10,200.53257153685092,0.1144712734607726,-1.0982241903067511,0.1144712734607726,0.8855287265392273,8.719629187889139e-05,0.0001033545674849,0.000900273489635,True,211.6874418113802,0.2052983487473723,-0.7451217148196809,0.2052983487473723,0.7947016512526276,0.0002343965540267,0.0003075317332957,0.0014689493230199,True,77.28507356589057,0.0755949113092222,-1.3358250398345326,0.0755949113092222,0.9244050886907778,0.0005517255500564,0.0006521557646226,0.0019602352911885,True,125.71673886193408,0.7219427847311,0.4847604571541947,0.7219427847311,0.2780572152689,0.0010250798608079,0.0012148858980086,0.0025755681357082,True,0.8855287265392273,0.1144712734607726,-1.0982241903067511,0.7947016512526276,0.2052983487473723,-0.7451217148196809,0.9244050886907778,0.0755949113092222,-1.3358250398345326,0.2780572152689,0.7219427847311,0.4847604571541947,1,0,0,0.0,1,1,1,1,,0,1,1,0,1,0,0,1.0,1.0,0.0,0.0,0.0,,0.7710574530784547,1.0982241903067511,0.5894033025052553,0.7451217148196809,0.8488101773815555,1.3358250398345326,-0.4438855694622,0.4847604571541947,0.5047069,0.5223156418797965,0.55088836
2025-10-13 10:40:00,2025-10-13 10:45:00,-1,499.55,500.6,pivot,-1.0500000000000114,0.1300045,-1.3800045000000114,-43470.14175000036,1.0,2025-10-13,500.6,500.7,499.5,0.0,501.65,501.7,500.6,0.0,2025,0.0,0.0,0.0,0.0,0.0,0.0,0.0,0.0,0.0,0.0,0.0,0.0,0.0,0.0,0.0,1.0,1.0,2.0,0,10,0,10,368.9652822984478,0.7166800521028347,0.4839312726403728,0.7166800521028347,0.2833199478971653,-9.942625549626932e-05,-0.000123549510548,0.0010803823581631,True,276.5910214835131,0.5856900485766744,0.216396810720306,0.5856900485766744,0.4143099514233256,-0.0003028645479743,-0.0004118621183522,0.001903272589745,True,96.84088540915928,0.8653090273241746,0.9047088951665068,0.8653090273241746,0.1346909726758254,-0.0005941495253576,-0.0007989960218886,0.0026495579694656,True,14.400583403051977,0.9743996078094816,1.9190542901684775,0.9743996078094816,0.0256003921905184,-0.0013902162113,-0.0015412869152956,0.0034099080113533,True,0.2833199478971653,0.7166800521028347,0.4839312726403728,0.4143099514233256,0.5856900485766744,0.216396810720306,0.1346909726758254,0.8653090273241746,0.9047088951665068,0.0256003921905184,0.9743996078094816,1.9190542901684775,1,0,0,0.0,1,1,1,1,,0,1,1,0,1,0,0,1.0,1.0,0.0,0.0,0.0,,-0.4333601042056694,0.4839312726403728,-0.1713800971533488,0.216396810720306,-0.7306180546483492,0.9047088951665068,-0.9487992156189633,1.9190542901684775,0.51110506,0.5443767188927582,0.5673
2025-10-13 10:45:00,2025-10-13 12:20:00,-1,500.6,499.25,pivot,1.3500000000000227,0.1299955,1.0200045000000229,32130.141750000723,1.0,2025-10-13,501.65,501.7,500.6,0.0,499.3,499.6,499.1,0.0,2025,0.0,0.0,0.0,0.0,0.0,0.0,0.0,0.0,0.0,0.0,0.0,0.0,0.0,0.0,0.0,1.0,1.0,2.0,1,10,0,10,15.71210154503262,0.0146236660308153,-2.6610518618578465,0.0146236660308153,0.9853763339691848,-9.942625549626932e-05,-0.000123549510548,0.0010803823581631,True,107.32095758587374,0.156604109912138,-0.8344251668793594,0.156604109912138,0.843395890087862,-0.0003028645479743,-0.0004118621183522,0.001903272589745,True,181.0508380291253,0.6980112104059917,0.4527081942559961,0.6980112104059917,0.3019887895940083,-0.0005941495253576,-0.0007989960218886,0.0026495579694656,True,77.32284796955356,0.8463677016412207,0.9220695811612684,0.8463677016412207,0.1536322983587793,-0.0013902162113,-0.0015412869152956,0.0034099080113533,True,0.9853763339691848,0.0146236660308153,-2.6610518618578465,0.843395890087862,0.156604109912138,-0.8344251668793594,0.3019887895940083,0.6980112104059917,0.4527081942559961,0.1536322983587793,0.8463677016412207,0.9220695811612684,1,0,0,0.0,1,1,1,1,,0,1,1,0,1,0,0,1.0,1.0,0.0,0.0,0.0,,0.9707526679383695,2.6610518618578465,0.686791780175724,0.8344251668793594,-0.39602242081198336,0.4527081942559961,-0.6927354032824413,0.9220695811612684,0.51110506,0.5443767188927582,0.5715728
2025-10-14 10:50:00,2025-10-14 11:00:00,-1,504.95,506.65,pivot,-1.6999999999999886,0.130348,-2.0303479999999885,-63955.96199999964,1.0,2025-10-14,506.1,506.1,504.75,0.0,506.5,506.9,506.05,0.0,2025,0.0,0.0,0.0,0.0,0.0,0.0,0.0,0.0,0.0,0.0,0.0,0.0,0.0,0.0,0.0,1.0,1.0,1.0,0,10,1,10,81.5749463161889,0.0440980327685675,-1.6548307960916997,0.0440980327685675,0.9559019672314324,8.773685436421562e-05,0.0001073540599479,0.0009009321114187,True,314.9934335557785,0.4554872896085406,-0.1404693113014586,0.4554872896085406,0.5445127103914593,0.0002404032984391,0.000311415263821,0.0015129138643344,True,14.695359626945848,0.0162247231159751,-2.113904008486091,0.0162247231159751,0.9837752768840248,0.0005251383851596,0.0006188824309666,0.002067147087436,True,8.063367139886161e-07,1.0597486884759069e-10,-4.710468381784013,1.0597486884759069e-10,0.9999999998940252,0.0010250798608079,0.0012148858980086,0.0025755681357082,True,0.9559019672314324,0.0440980327685675,-1.6548307960916997,0.5445127103914593,0.4554872896085406,-0.1404693113014586,0.9837752768840248,0.0162247231159751,-2.113904008486091,0.9999999998940252,1.0597486884759069e-10,-4.710468381784013,1,0,0,0.0,1,1,1,1,,0,1,1,0,1,0,0,1.0,1.0,0.0,0.0,0.0,,0.9118039344628649,1.6548307960916997,0.0890254207829187,0.1404693113014586,0.9675505537680497,2.113904008486091,0.9999999997880503,4.710468381784013,0.5047069,0.5307094726411714,0.562459
2025-10-14 13:25:00,2025-10-14 13:40:00,1,498.0,495.45,pivot,-2.550000000000012,0.1298035,-2.8798035000000115,-90713.81025000036,1.0,2025-10-14,495.3,499.05,494.75,0.0,494.7,495.8,494.3,0.0,2025,0.0,0.0,0.0,0.0,0.0,0.0,0.0,0.0,0.0,0.0,0.0,0.0,0.0,0.0,0.0,1.0,0.0,0.0,0,13,1,10,5.984198219296739,0.0038380252747427,-4.33519719006522,0.0038380252747427,0.9961619747252572,-9.942625549626932e-05,-0.000123549510548,0.0010803823581631,True,1.0167254961386096,0.0004436601734792,-4.352650003524575,0.0004436601734792,0.9995563398265208,-0.0003028645479743,-0.0004118621183522,0.001903272589745,True,6.407136976171887,0.010304055831532,-3.393506415372835,0.010304055831532,0.989695944168468,-0.0005941495253576,-0.0007989960218886,0.0026495579694656,True,3.862181819788949,0.0141718429657215,-2.85611582855257,0.0141718429657215,0.9858281570342784,-0.0013902162113,-0.0015412869152956,0.0034099080113533,True,0.0038380252747427,0.9961619747252572,4.33519719006522,0.0004436601734792,0.9995563398265208,4.352650003524575,0.010304055831532,0.989695944168468,3.393506415372835,0.0141718429657215,0.9858281570342784,2.85611582855257,1,0,0,0.0,1,1,1,1,,0,1,0,1,0,1,0,1.0,1.0,0.0,0.0,0.0,,-0.9923239494505145,4.33519719006522,-0.9991126796530416,4.352650003524575,-0.9793918883369359,3.393506415372835,-0.9716563140685569,2.85611582855257,0.5237105,0.7739312139455318,0.5609193
2025-10-14 13:40:00,2025-10-14 14:05:00,1,495.45,496.75,pivot,1.3000000000000114,0.129766,0.9702340000000115,30562.371000000363,1.0,2025-10-14,494.7,495.8,494.3,0.0,497.6,497.7,496.3,0.0,2025,0.0,0.0,0.0,0.0,0.0,0.0,0.0,0.0,0.0,0.0,0.0,0.0,0.0,0.0,0.0,1.0,0.0,0.0,1,13,1,10,2.914945344857944,0.9983665594091604,3.7512901055956,0.9983665594091604,0.0016334405908394,-9.942625549626932e-05,-0.000123549510548,0.0010803823581631,True,143.9655876175242,0.2061197678445555,-0.6282304201633337,0.2061197678445555,0.7938802321554445,-0.0003028645479743,-0.0004118621183522,0.001903272589745,True,4.345842880898402,0.0075102549435414,-3.587278145092084,0.0075102549435414,0.9924897450564586,-0.0005941495253576,-0.0007989960218886,0.0026495579694656,True,3.0858403167347954,0.0079500162122046,-3.4148722013215944,0.0079500162122046,0.9920499837877952,-0.0013902162113,-0.0015412869152956,0.0034099080113533,True,0.9983665594091604,0.0016334405908394,-3.7512901055956,0.2061197678445555,0.7938802321554445,0.6282304201633337,0.0075102549435414,0.9924897450564586,3.587278145092084,0.0079500162122046,0.9920499837877952,3.4148722013215944,1,0,0,0.0,1,1,1,1,,0,1,0,1,0,1,0,1.0,1.0,0.0,0.0,0.0,,0.996733118818321,3.7512901055956,-0.5877604643108889,0.6282304201633337,-0.9849794901129172,3.587278145092084,-0.9840999675755906,3.4148722013215944,0.5237105,0.7739312139455318,0.5852661
2025-10-15 10:55:00,2025-10-15 11:10:00,-1,504.25,505.4,pivot,-1.1499999999999773,0.1302895,-1.4802894999999772,-46629.11924999928,1.0,2025-10-15,504.7,504.85,504.2,0.0,505.9,506.1,505.25,0.0,2025,0.0,0.0,0.0,0.0,0.0,0.0,0.0,0.0,0.0,0.0,0.0,0.0,0.0,0.0,0.0,1.0,1.0,1.0,0,10,2,10,127.59167193810734,0.0644234268680513,-1.4394939431530067,0.0644234268680513,0.9355765731319486,8.773685436421562e-05,0.0001073540599479,0.0009009321114187,True,78.24724563452259,0.0715368206076948,-1.384866316574726,0.0715368206076948,0.9284631793923052,0.0002404032984391,0.000311415263821,0.0015129138643344,True,91.14997612799507,0.1023901850712567,-1.1623026887368133,0.1023901850712567,0.8976098149287433,0.0005251383851596,0.0006188824309666,0.002067147087436,True,175.12167805917073,0.4769004820246912,-0.1249461016588525,0.4769004820246912,0.5230995179753087,0.0010250798608079,0.0012148858980086,0.0025755681357082,True,0.9355765731319486,0.0644234268680513,-1.4394939431530067,0.9284631793923052,0.0715368206076948,-1.384866316574726,0.8976098149287433,0.1023901850712567,-1.1623026887368133,0.5230995179753087,0.4769004820246912,-0.1249461016588525,1,0,0,0.0,1,1,1,1,,0,1,1,0,1,0,0,1.0,1.0,0.0,0.0,0.0,,0.8711531462638973,1.4394939431530067,0.8569263587846103,1.384866316574726,0.7952196298574865,1.1623026887368133,0.04619903595061753,0.1249461016588525,0.5047069,0.5369970543405178,0.60419476
2025-10-16 10:40:00,2025-10-16 10:50:00,1,521.6,520.8,pivot,-0.8000000000000682,0.131272,-1.1312720000000684,-35635.06800000215,1.0,2025-10-16,520.9,521.9,520.6,0.0,521.1,521.3,520.5,0.0,2025,0.0,0.0,0.0,0.0,0.0,0.0,0.0,0.0,0.0,0.0,0.0,0.0,0.0,0.0,0.0,1.0,1.0,1.0,0,10,3,10,481.589065862601,0.3598396083310854,-0.3131245901822871,0.3598396083310854,0.6401603916689145,7.890967811901278e-05,9.843635556691966e-05,0.0009261720301488,True,272.748468337983,0.3131084128883826,-0.4238485571381603,0.3131084128883826,0.6868915871116174,0.0002361927805951,0.0002847365937121,0.0015756610556173,True,215.3969926171002,0.573155587472699,0.1176379984629166,0.573155587472699,0.426844412527301,0.0005309813506079,0.0005994546834808,0.0022362564259587,True,33.44893207256509,0.9304686005343696,1.4732276690042465,0.9304686005343696,0.0695313994656304,0.0009868936796971,0.001154468089245,0.0029328711527659,True,0.3598396083310854,0.6401603916689145,0.3131245901822871,0.3131084128883826,0.6868915871116174,0.4238485571381603,0.573155587472699,0.426844412527301,-0.1176379984629166,0.9304686005343696,0.0695313994656304,-1.4732276690042465,1,0,0,0.0,1,1,1,1,,0,1,1,0,1,0,0,1.0,1.0,0.0,0.0,0.0,,-0.28032078333782906,0.3131245901822871,-0.37378317422323476,0.4238485571381603,0.14631117494539803,0.1176379984629166,0.8609372010687393,1.4732276690042465,0.5047069,0.5259430545181315,0.5724548
2025-10-23 10:55:00,2025-10-23 12:30:00,-1,542.6,543.0,pivot,-0.3999999999999772,0.132568,-0.7325679999999772,-23075.891999999283,1.0,2025-10-23,543.55,543.6,542.55,0.0,542.65,543.4,542.35,0.0,2025,0.0,0.0,0.0,0.0,0.0,0.0,0.0,0.0,0.0,0.0,0.0,0.0,0.0,0.0,0.0,1.0,1.0,2.0,0,10,3,10,28.45616629327505,0.0162993521721553,-2.2651961615260667,0.0162993521721553,0.9837006478278446,8.549457803800859e-05,0.0001185905261851,0.0009884755497791,True,23.914498629329284,0.0268136502242386,-2.070502695513241,0.0268136502242386,0.9731863497757614,0.0002707016752887,0.0003446418697189,0.001724077936363,True,176.37508388702997,0.2965207055325354,-0.4332979516639354,0.2965207055325354,0.7034792944674646,0.0006301262543242,0.0007395428774887,0.0025586290415679,True,21.257391421952928,0.945673113675748,1.5595348642141005,0.945673113675748,0.0543268863242519,0.0011053416876558,0.0013545326218666,0.0034662202322433,True,0.9837006478278446,0.0162993521721553,-2.2651961615260667,0.9731863497757614,0.0268136502242386,-2.070502695513241,0.7034792944674646,0.2965207055325354,-0.4332979516639354,0.0543268863242519,0.945673113675748,1.5595348642141005,1,0,0,0.0,1,1,1,1,,0,1,1,0,1,0,0,1.0,1.0,0.0,0.0,0.0,,0.9674012956556893,2.2651961615260667,0.9463726995515227,2.070502695513241,0.4069585889349292,0.4332979516639354,-0.8913462273514962,1.5595348642141005,0.51110506,0.5403806088929675,0.55203
2025-10-24 10:25:00,2025-10-24 10:55:00,1,545.1,548.25,pivot,3.1499999999999773,0.1328005,2.8171994999999774,88741.78424999928,1.0,2025-10-24,544.1,545.45,544.1,0.0,548.85,548.95,547.95,0.0,2025,0.0,0.0,0.0,0.0,0.0,0.0,0.0,0.0,0.0,0.0,0.0,0.0,0.0,0.0,0.0,1.0,1.0,1.0,1,10,4,10,6.373438691912425,0.0045514965038025,-3.1508943898332515,0.0045514965038025,0.9954485034961976,8.657241080210452e-05,0.0001162938223292,0.0010220808092492,True,132.69141618502832,0.1505549180147943,-0.8968914288098655,0.1505549180147943,0.8494450819852057,0.0002816351853902,0.00034597836183,0.0018121872397066,True,200.74579913926308,0.4420278640100609,-0.1522177659519344,0.4420278640100609,0.5579721359899391,0.0006547766622994,0.0007755785607388,0.0026918487625257,True,50.65339916471557,0.8541269243462931,0.8944274635890546,0.8541269243462931,0.1458730756537068,0.0012682316398434,0.001583491922722,0.003763926726583,True,0.0045514965038025,0.9954485034961976,3.1508943898332515,0.1505549180147943,0.8494450819852057,0.8968914288098655,0.4420278640100609,0.5579721359899391,0.1522177659519344,0.8541269243462931,0.1458730756537068,-0.8944274635890546,1,0,0,0.0,1,1,1,1,,0,1,1,0,1,0,0,1.0,1.0,0.0,0.0,0.0,,-0.9908970069923951,3.1508943898332515,-0.6988901639704115,0.8968914288098655,-0.11594427197987822,0.1522177659519344,0.7082538486925863,0.8944274635890546,0.5047069,0.5223156418797965,0.5579841
2025-10-24 10:55:00,2025-10-24 13:15:00,-1,548.25,549.7,pivot,-1.4500000000000457,0.1329385,-1.7829385000000457,-56162.56275000144,1.0,2025-10-24,548.85,548.95,547.95,0.0,550.2,550.35,549.5,0.0,2025,0.0,0.0,0.0,0.0,0.0,0.0,0.0,0.0,0.0,0.0,0.0,0.0,0.0,0.0,0.0,1.0,1.0,1.0,0,10,4,10,16.725316093768072,0.9878273744257752,2.570680334913304,0.9878273744257752,0.0121726255742247,8.657241080210452e-05,0.0001162938223292,0.0010220808092492,True,8.23915178157341,0.9852681923305906,2.537365362764022,0.9852681923305906,0.0147318076694094,0.0002816351853902,0.00034597836183,0.0018121872397066,True,184.44930820780644,0.6026603598788673,0.1532217985804891,0.6026603598788673,0.3973396401211326,0.0006547766622994,0.0007755785607388,0.0026918487625257,True,138.36206866453125,0.5401603772058836,-0.0078726551838389,0.5401603772058836,0.4598396227941164,0.0012682316398434,0.001583491922722,0.003763926726583,True,0.0121726255742247,0.9878273744257752,2.570680334913304,0.0147318076694094,0.9852681923305906,2.537365362764022,0.3973396401211326,0.6026603598788673,0.1532217985804891,0.4598396227941164,0.5401603772058836,-0.0078726551838389,1,0,0,0.0,1,1,1,1,,0,1,1,0,1,0,0,1.0,1.0,0.0,0.0,0.0,,-0.9756547488515505,2.570680334913304,-0.9705363846611812,2.537365362764022,-0.20532071975773475,0.1532217985804891,-0.08032075441176723,0.0078726551838389,0.5047069,0.5223156418797965,0.56833094
2025-10-27 10:25:00,2025-10-27 10:40:00,1,562.8,564.8,pivot,2.0,0.133828,1.666172,52484.418,1.0,2025-10-27,562.65,563.35,561.95,0.0,564.4,565.0,564.25,0.0,2025,0.0,0.0,0.0,0.0,0.0,0.0,0.0,0.0,0.0,0.0,0.0,0.0,0.0,0.0,0.0,1.0,1.0,1.0,1,10,0,10,46.69617369846095,0.970257265870459,1.9788589902495648,0.970257265870459,0.0297427341295409,8.657241080210452e-05,0.0001162938223292,0.0010220808092492,True,269.5890765007813,0.3988061031918996,-0.2400402138960467,0.3988061031918996,0.6011938968081003,0.0002816351853902,0.00034597836183,0.0018121872397066,True,4.162126103353607,0.0073089262786006,-3.0886143149579164,0.0073089262786006,0.9926910737213994,0.0006547766622994,0.0007755785607388,0.0026918487625257,True,11.863098343810336,0.0387245695666189,-1.553566875990042,0.0387245695666189,0.961275430433381,0.0012682316398434,0.001583491922722,0.003763926726583,True,0.970257265870459,0.0297427341295409,-1.9788589902495648,0.3988061031918996,0.6011938968081003,0.2400402138960467,0.0073089262786006,0.9926910737213994,3.0886143149579164,0.0387245695666189,0.961275430433381,1.553566875990042,1,0,0,0.0,1,1,1,1,,0,1,1,0,1,0,0,1.0,1.0,0.0,0.0,0.0,,0.9405145317409181,1.9788589902495648,-0.20238779361620074,0.2400402138960467,-0.9853821474427988,3.0886143149579164,-0.9225508608667622,1.553566875990042,0.5047069,0.5349722774194401,0.57955015
2025-10-27 10:40:00,2025-10-27 12:05:00,1,564.8,563.95,pivot,-0.849999999999909,0.1338625,-1.183862499999909,-37291.66874999713,1.0,2025-10-27,564.4,565.0,564.25,0.0,564.15,564.25,563.15,0.0,2025,0.0,0.0,0.0,0.0,0.0,0.0,0.0,0.0,0.0,0.0,0.0,0.0,0.0,0.0,0.0,1.0,1.0,1.0,0,10,0,10,25.89776510601296,0.9824494350722957,2.317665111366286,0.9824494350722957,0.0175505649277043,8.657241080210452e-05,0.0001162938223292,0.0010220808092492,True,17.513205255947756,0.977232205084712,2.162051202918277,0.977232205084712,0.0227677949152879,0.0002816351853902,0.00034597836183,0.0018121872397066,True,32.84872146593146,0.9221054905899287,1.2628577055026,0.9221054905899287,0.0778945094100711,0.0006547766622994,0.0007755785607388,0.0026918487625257,True,145.0093935677509,0.4706334511974723,-0.137938463701827,0.4706334511974723,0.5293665488025276,0.0012682316398434,0.001583491922722,0.003763926726583,True,0.9824494350722957,0.0175505649277043,-2.317665111366286,0.977232205084712,0.0227677949152879,-2.162051202918277,0.9221054905899287,0.0778945094100711,-1.2628577055026,0.4706334511974723,0.5293665488025276,0.137938463701827,1,0,0,0.0,1,1,1,1,,0,1,1,0,1,0,0,1.0,1.0,0.0,0.0,0.0,,0.9648988701445913,2.317665111366286,0.9544644101694241,2.162051202918277,0.8442109811798576,1.2628577055026,-0.05873309760505535,0.137938463701827,0.5047069,0.5349722774194401,0.5924529
2025-10-28 10:40:00,2025-10-28 10:55:00,1,557.4,557.95,pivot,0.5500000000000682,0.1334605,0.21653950000006825,6820.99425000215,1.0,2025-10-28,557.1,558.05,556.85,0.0,559.15,559.3,557.85,0.0,2025,0.0,0.0,0.0,0.0,0.0,0.0,0.0,0.0,0.0,0.0,0.0,0.0,0.0,0.0,0.0,1.0,1.0,1.0,1,10,1,10,280.89786170713205,0.8002089549407192,0.6624773180226472,0.8002089549407192,0.1997910450592808,-0.0001280894387702,-0.0001413887039826,0.001162317384223,True,23.67715125470812,0.9689882369719376,1.846243663023488,0.9689882369719376,0.0310117630280624,-0.0003551680215623,-0.00047185474017,0.0019601501747865,True,162.2877831882656,0.3250121390493047,-0.2472533483640416,0.3250121390493047,0.6749878609506953,-0.0006817539651644,-0.0009219739114109,0.0028014416838522,True,88.92432125673267,0.215477955135187,-0.6516769307218419,0.215477955135187,0.7845220448648129,-0.0013902162113,-0.0015412869152956,0.0034099080113533,True,0.8002089549407192,0.1997910450592808,-0.6624773180226472,0.9689882369719376,0.0310117630280624,-1.846243663023488,0.3250121390493047,0.6749878609506953,0.2472533483640416,0.215477955135187,0.7845220448648129,0.6516769307218419,1,0,0,0.0,1,1,1,1,,0,1,1,0,1,0,0,1.0,1.0,0.0,0.0,0.0,,0.6004179098814384,0.6624773180226472,0.9379764739438752,1.846243663023488,-0.3499757219013906,0.2472533483640416,-0.569044089729626,0.6516769307218419,0.5047069,0.5307094726411714,0.5834199
2025-10-28 10:55:00,2025-10-28 11:50:00,1,557.95,557.25,pivot,-0.7000000000000455,0.133456,-1.0334560000000454,-32553.864000001435,1.0,2025-10-28,559.15,559.3,557.85,0.0,558.6,558.6,557.05,0.0,2025,0.0,0.0,0.0,0.0,0.0,0.0,0.0,0.0,0.0,0.0,0.0,0.0,0.0,0.0,0.0,1.0,1.0,1.0,0,10,1,10,449.7904516783535,0.6023270899669153,0.1988571911709923,0.6023270899669153,0.3976729100330847,-0.0001280894387702,-0.0001413887039826,0.001162317384223,True,239.70837169534835,0.6926497703346853,0.4238904512122874,0.6926497703346853,0.3073502296653146,-0.0003551680215623,-0.00047185474017,0.0019601501747865,True,22.7178493220152,0.9584137642920518,1.5806390821564504,0.9584137642920518,0.0415862357079481,-0.0006817539651644,-0.0009219739114109,0.0028014416838522,True,23.276700251279564,0.0554110042901223,-1.567524723992906,0.0554110042901223,0.9445889957098776,-0.0013902162113,-0.0015412869152956,0.0034099080113533,True,0.6023270899669153,0.3976729100330847,-0.1988571911709923,0.6926497703346853,0.3073502296653146,-0.4238904512122874,0.9584137642920518,0.0415862357079481,-1.5806390821564504,0.0554110042901223,0.9445889957098776,1.567524723992906,1,0,0,0.0,1,1,1,1,,0,1,1,0,1,0,0,1.0,1.0,0.0,0.0,0.0,,0.20465417993383062,0.1988571911709923,0.3852995406693707,0.4238904512122874,0.9168275285841038,1.5806390821564504,-0.8891779914197553,1.567524723992906,0.5047069,0.5307094726411714,0.5735017
2025-10-29 10:35:00,2025-10-29 11:30:00,1,567.75,570.05,pivot,2.2999999999999545,0.134134,1.9658659999999546,61924.77899999857,1.0,2025-10-29,568.5,568.55,567.3,0.0,569.2,570.2,568.9,0.0,2025,0.0,0.0,0.0,0.0,0.0,0.0,0.0,0.0,0.0,0.0,0.0,0.0,0.0,0.0,0.0,1.0,1.0,1.0,1,10,2,10,483.2449513016361,0.543861740173208,0.0591259107255988,0.543861740173208,0.456138259826792,8.657241080210452e-05,0.0001162938223292,0.0010220808092492,True,195.28537303472777,0.2302976359951496,-0.6295463487863574,0.2302976359951496,0.7697023640048504,0.0002816351853902,0.00034597836183,0.0018121872397066,True,23.90118694283084,0.9340348142533178,1.4226132390431514,0.9340348142533178,0.0659651857466822,0.0006547766622994,0.0007755785607388,0.0026918487625257,True,132.40755533815448,0.3194683247950896,-0.4207021118499646,0.3194683247950896,0.6805316752049104,0.0012682316398434,0.001583491922722,0.003763926726583,True,0.543861740173208,0.456138259826792,-0.0591259107255988,0.2302976359951496,0.7697023640048504,0.6295463487863574,0.9340348142533178,0.0659651857466822,-1.4226132390431514,0.3194683247950896,0.6805316752049104,0.4207021118499646,1,0,0,0.0,1,1,1,1,,0,1,1,0,1,0,0,1.0,1.0,0.0,0.0,0.0,,0.08772348034641597,0.0591259107255988,-0.5394047280097007,0.6295463487863574,0.8680696285066356,1.4226132390431514,-0.36106335040982085,0.4207021118499646,0.5047069,0.5369970543405178,0.56480145
2025-10-30 10:40:00,2025-10-30 10:45:00,1,576.2,577.15,pivot,0.9499999999999318,0.1346005,0.6153994999999317,19385.08424999785,1.0,2025-10-30,577.15,577.3,575.4,0.0,576.9,577.9,576.8,0.0,2025,0.0,0.0,0.0,0.0,0.0,0.0,0.0,0.0,0.0,0.0,0.0,0.0,0.0,0.0,0.0,1.0,1.0,1.0,1,10,3,10,21.478400233951916,0.9852895608583316,2.354047686150585,0.9852895608583316,0.0147104391416683,8.656602622172943e-05,9.952925977237955e-05,0.0011422455825753,True,224.81656140542003,0.3488107953479089,-0.3115928923745372,0.3488107953479089,0.6511892046520911,0.0002891976915988,0.0003007672307795,0.0020821235218687,True,13.11745746469366,0.0289141044560189,-1.9923033773524208,0.0289141044560189,0.9710858955439812,0.00073870333637,0.0008223185861157,0.0029830751898406,True,0.5223713175580516,0.000303514326689,-3.7700309849214815,0.000303514326689,0.9996964856733108,0.0013703345891353,0.0016630481730815,0.0040631196743511,True,0.9852895608583316,0.0147104391416683,-2.354047686150585,0.3488107953479089,0.6511892046520911,0.3115928923745372,0.0289141044560189,0.9710858955439812,1.9923033773524208,0.000303514326689,0.9996964856733108,3.7700309849214815,1,0,0,0.0,1,1,1,1,,0,1,1,0,1,0,0,1.0,1.0,0.0,0.0,0.0,,0.9705791217166634,2.354047686150585,-0.3023784093041822,0.3115928923745372,-0.9421717910879622,1.9923033773524208,-0.9993929713466219,3.7700309849214815,0.5047069,0.5259430545181315,0.55973446
2025-10-30 10:45:00,2025-10-30 11:45:00,1,577.15,581.6,pivot,4.4500000000000455,0.1347625,4.115237500000045,129629.98125000144,1.0,2025-10-30,576.9,577.9,576.8,0.0,580.85,581.85,580.3,0.0,2025,0.0,0.0,0.0,0.0,0.0,0.0,0.0,0.0,0.0,0.0,0.0,0.0,0.0,0.0,0.0,1.0,1.0,1.0,1,10,3,10,18.46666672997398,0.986851504312052,2.4232253975155524,0.986851504312052,0.013148495687948,8.656602622172943e-05,9.952925977237955e-05,0.0011422455825753,True,8.383863438459093,0.9932650531955668,2.655772151588536,0.9932650531955668,0.006734946804433,0.0002891976915988,0.0003007672307795,0.0020821235218687,True,9.591257699091887,0.0232001569636227,-2.1609871172600763,0.0232001569636227,0.9767998430363772,0.00073870333637,0.0008223185861157,0.0029830751898406,True,5.33471523877378,0.0156367845806829,-2.5355912671793117,0.0156367845806829,0.9843632154193172,0.0013703345891353,0.0016630481730815,0.0040631196743511,True,0.986851504312052,0.013148495687948,-2.4232253975155524,0.9932650531955668,0.006734946804433,-2.655772151588536,0.0232001569636227,0.9767998430363772,2.1609871172600763,0.0156367845806829,0.9843632154193172,2.5355912671793117,1,0,0,0.0,1,1,1,1,,0,1,1,0,1,0,0,1.0,1.0,0.0,0.0,0.0,,0.9737030086241041,2.4232253975155524,0.9865301063911338,2.655772151588536,-0.9535996860727546,2.1609871172600763,-0.9687264308386343,2.5355912671793117,0.5047069,0.5259430545181315,0.5580807
2025-11-12 10:30:00,2025-11-12 11:00:00,-1,583.05,586.15,pivot,-3.1000000000000227,0.135076,-3.4350760000000227,-108204.89400000071,1.0,2025-11-12,583.3,584.0,582.6,0.0,586.0,586.65,585.25,0.0,2025,0.0,0.0,0.0,0.0,0.0,0.0,0.0,0.0,0.0,0.0,0.0,0.0,0.0,0.0,0.0,1.0,1.0,1.0,0,10,2,11,51.0826309051974,0.0388380413421823,-1.696986240740766,0.0388380413421823,0.9611619586578176,0.0001022164721286,0.0001208224288678,0.0012319436384824,True,149.9126483882399,0.2106592121649456,-0.6630209684072622,0.2106592121649456,0.7893407878350545,0.0003188689116686,0.0003520491929007,0.0022109007870062,True,154.18712630572705,0.5825970892930405,0.1546478945003552,0.5825970892930405,0.4174029107069594,0.0007620269103958,0.0008055474311335,0.0031114424939626,True,27.70794038125261,0.913231915585096,1.312980867976665,0.913231915585096,0.086768084414904,0.0016045581578733,0.0018115149669569,0.0042561761656983,True,0.9611619586578176,0.0388380413421823,-1.696986240740766,0.7893407878350545,0.2106592121649456,-0.6630209684072622,0.4174029107069594,0.5825970892930405,0.1546478945003552,0.086768084414904,0.913231915585096,1.312980867976665,1,0,0,0.0,1,1,1,1,,0,1,1,0,1,0,0,1.0,1.0,0.0,0.0,0.0,,0.9223239173156353,1.696986240740766,0.5786815756701089,0.6630209684072622,-0.16519417858608115,0.1546478945003552,-0.826463831170192,1.312980867976665,0.5047069,0.548997546813263,0.5708051
2025-11-14 10:30:00,2025-11-14 10:35:00,-1,573.1,575.2,pivot,-2.1000000000000227,0.134449,-2.434449000000023,-76685.14350000072,1.0,2025-11-14,575.25,575.55,573.05,0.0,573.6,575.45,573.55,0.0,2025,0.0,0.0,0.0,0.0,0.0,0.0,0.0,0.0,0.0,0.0,0.0,0.0,0.0,0.0,0.0,1.0,1.0,1.0,0,10,4,11,117.37867286995774,0.1232610708119325,-0.8613108337610398,0.1232610708119325,0.8767389291880674,-0.0001432238830048,-0.0001706271229666,0.0015212555472565,True,37.00918597459547,0.9389868314652444,1.307563297797433,0.9389868314652444,0.0610131685347555,-0.0003599092416593,-0.0005340069321894,0.0026117073979882,True,96.44701288062616,0.814595789320997,0.6224547908305404,0.814595789320997,0.185404210679003,-0.0006838663349256,-0.0009188197434626,0.003858781563433,True,114.4206555948587,0.3981241040515357,-0.1330785308511808,0.3981241040515357,0.6018758959484642,-0.0015932554715101,-0.0018023090323234,0.0047765385671765,True,0.8767389291880674,0.1232610708119325,-0.8613108337610398,0.0610131685347555,0.9389868314652444,1.307563297797433,0.185404210679003,0.814595789320997,0.6224547908305404,0.6018758959484642,0.3981241040515357,-0.1330785308511808,1,0,0,0.0,1,1,1,1,,0,1,1,0,1,0,0,1.0,1.0,0.0,0.0,0.0,,0.7534778583761349,0.8613108337610398,-0.877973662930489,1.307563297797433,-0.6291915786419939,0.6224547908305404,0.20375179189692855,0.1330785308511808,0.5047069,0.5343161343525415,0.5627968
2025-11-14 10:35:00,2025-11-14 10:55:00,1,575.2,572.6,pivot,-2.6000000000000227,0.134434,-2.9344340000000226,-92434.67100000072,1.0,2025-11-14,573.6,575.45,573.55,0.0,573.0,573.5,572.4,0.0,2025,0.0,0.0,0.0,0.0,0.0,0.0,0.0,0.0,0.0,0.0,0.0,0.0,0.0,0.0,0.0,1.0,1.0,1.0,0,10,4,11,291.9188715873215,0.2601904166686994,-0.4037901769533999,0.2601904166686994,0.7398095833313005,-0.0001432238830048,-0.0001706271229666,0.0015212555472565,True,52.49799682315036,0.9161553014113588,1.10747306119311,0.9161553014113588,0.083844698588641,-0.0003599092416593,-0.0005340069321894,0.0026117073979882,True,63.03956615636661,0.8695477799629104,0.8039641588752446,0.8695477799629104,0.1304522200370895,-0.0006838663349256,-0.0009188197434626,0.003858781563433,True,124.16350374608864,0.535563210495004,0.1035252738742471,0.535563210495004,0.464436789504996,-0.0015932554715101,-0.0018023090323234,0.0047765385671765,True,0.2601904166686994,0.7398095833313005,0.4037901769533999,0.9161553014113588,0.083844698588641,-1.10747306119311,0.8695477799629104,0.1304522200370895,-0.8039641588752446,0.535563210495004,0.464436789504996,-0.1035252738742471,1,0,0,0.0,1,1,1,1,,0,1,1,0,1,0,0,1.0,1.0,0.0,0.0,0.0,,-0.4796191666626011,0.4037901769533999,0.8323106028227178,1.10747306119311,0.7390955599258209,0.8039641588752446,0.07112642099000799,0.1035252738742471,0.5047069,0.5343161343525415,0.5569311
2025-11-14 10:55:00,2025-11-14 11:20:00,1,572.6,572.35,pivot,-0.25,0.1343485,-0.5843484999999999,-18406.97775,1.0,2025-11-14,573.0,573.5,572.4,0.0,571.9,572.65,571.75,0.0,2025,0.0,0.0,0.0,0.0,0.0,0.0,0.0,0.0,0.0,0.0,0.0,0.0,0.0,0.0,0.0,1.0,1.0,1.0,0,10,4,11,41.12190085174179,0.0592634258477871,-1.4377227400886392,0.0592634258477871,0.9407365741522128,-0.0001432238830048,-0.0001706271229666,0.0015212555472565,True,15.484157647042524,0.0310560025173148,-2.03183980950655,0.0310560025173148,0.9689439974826852,-0.0003599092416593,-0.0005340069321894,0.0026117073979882,True,41.58472770248645,0.1121083716849,-0.8922627551423508,0.1121083716849,0.8878916283150999,-0.0006838663349256,-0.0009188197434626,0.003858781563433,True,82.68053579419978,0.2486787936919221,-0.4447208451747045,0.2486787936919221,0.7513212063080779,-0.0015932554715101,-0.0018023090323234,0.0047765385671765,True,0.0592634258477871,0.9407365741522128,1.4377227400886392,0.0310560025173148,0.9689439974826852,2.03183980950655,0.1121083716849,0.8878916283150999,0.8922627551423508,0.2486787936919221,0.7513212063080779,0.4447208451747045,1,0,0,0.0,1,1,1,1,,0,1,1,0,1,0,0,1.0,1.0,0.0,0.0,0.0,,-0.8814731483044257,1.4377227400886392,-0.9378879949653705,2.03183980950655,-0.7757832566302,0.8922627551423508,-0.5026424126161557,0.4447208451747045,0.5047069,0.5343161343525415,0.55271906
2025-11-14 14:35:00,2025-11-14 15:10:00,1,565.4,565.7,pivot,0.3000000000000682,0.133933,-0.03393299999993178,-1068.889499997851,1.0,2025-11-14,566.35,566.45,565.15,0.0,565.35,566.0,565.0,0.0,2025,0.0,0.0,0.0,0.0,0.0,0.0,0.0,0.0,0.0,0.0,0.0,0.0,0.0,0.0,0.0,1.0,1.0,0.0,0,14,4,11,22.164405458528726,0.0169805795458625,-2.415158795154839,0.0169805795458625,0.9830194204541376,-4.254845022231719e-05,-5.257726596261265e-05,0.0008914854512841,True,357.9314451837016,0.4951091852788645,0.0418020984017536,0.4951091852788645,0.5048908147211355,-0.0001630520644023,-0.0002375972895419,0.0014584352625323,True,91.19693925933556,0.1108024421751288,-1.1564944648290014,0.1108024421751288,0.8891975578248712,-0.0004286875340268,-0.0005495069758107,0.0017368031097496,True,21.024622286739284,0.0307825771078305,-2.143146712397174,0.0307825771078305,0.9692174228921696,-0.0010583489201099,-0.0012201461728073,0.0021018029307727,True,0.0169805795458625,0.9830194204541376,2.415158795154839,0.4951091852788645,0.5048908147211355,-0.0418020984017536,0.1108024421751288,0.8891975578248712,1.1564944648290014,0.0307825771078305,0.9692174228921696,2.143146712397174,1,0,0,0.0,1,1,1,1,,0,1,0,1,1,0,0,1.0,1.0,0.0,0.0,0.0,,-0.9660388409082751,2.415158795154839,-0.009781629442271011,0.0418020984017536,-0.7783951156497424,1.1564944648290014,-0.9384348457843391,2.143146712397174,0.50468594,0.5191909662274219,0.56067
2025-11-18 10:30:00,2025-11-18 11:05:00,-1,566.85,564.4,pivot,2.450000000000045,0.1339375,2.1160625000000453,66655.96875000143,1.0,2025-11-18,566.8,567.55,566.25,0.0,564.95,565.0,563.65,0.0,2025,0.0,0.0,0.0,0.0,0.0,0.0,0.0,0.0,0.0,0.0,0.0,0.0,0.0,0.0,0.0,1.0,1.0,1.0,1,10,1,11,49.52085238510535,0.0665668660763479,-1.3325041677633542,0.0665668660763479,0.933433133923652,-0.0001432238830048,-0.0001706271229666,0.0015212555472565,True,21.866394239984377,0.9679125212683284,1.6899826608363704,0.9679125212683284,0.0320874787316717,-0.0003599092416593,-0.0005340069321894,0.0026117073979882,True,44.17984344458455,0.8983791262149594,0.9460760219390656,0.8983791262149594,0.1016208737850405,-0.0006838663349256,-0.0009188197434626,0.003858781563433,True,64.93791730130555,0.1880361234245721,-0.6152364698128653,0.1880361234245721,0.8119638765754278,-0.0015932554715101,-0.0018023090323234,0.0047765385671765,True,0.933433133923652,0.0665668660763479,-1.3325041677633542,0.0320874787316717,0.9679125212683284,1.6899826608363704,0.1016208737850405,0.8983791262149594,0.9460760219390656,0.8119638765754278,0.1880361234245721,-0.6152364698128653,1,0,0,0.0,1,1,1,1,,0,1,1,0,1,0,0,1.0,1.0,0.0,0.0,0.0,,0.8668662678473041,1.3325041677633542,-0.9358250425366567,1.6899826608363704,-0.7967582524299189,0.9460760219390656,0.6239277531508557,0.6152364698128653,0.5047069,0.5427099651139164,0.5644101
2025-11-25 13:35:00,2025-11-25 13:50:00,1,543.45,543.95,pivot,0.5,0.132622,0.16737799999999997,5272.406999999999,1.0,2025-11-25,544.05,544.25,543.45,0.0,544.7,544.95,543.8,0.0,2025,0.0,0.0,0.0,0.0,0.0,0.0,0.0,0.0,0.0,0.0,0.0,0.0,0.0,0.0,0.0,1.0,1.0,0.0,1,13,1,11,604.3661675981231,0.469729496482206,-0.0443551112283777,0.469729496482206,0.5302705035177939,-4.254845022231719e-05,-5.257726596261265e-05,0.0008914854512841,True,288.7814636503629,0.7459991843918652,0.5420129365980645,0.7459991843918652,0.2540008156081348,-0.0001630520644023,-0.0002375972895419,0.0014584352625323,True,27.761561218741484,0.9777865681263292,1.9098517263655488,0.9777865681263292,0.0222134318736707,-0.0004286875340268,-0.0005495069758107,0.0017368031097496,True,4.281385591214718,0.0037040916168936,-3.5652756258609526,0.0037040916168936,0.9962959083831064,-0.0010583489201099,-0.0012201461728073,0.0021018029307727,True,0.469729496482206,0.5302705035177939,0.0443551112283777,0.7459991843918652,0.2540008156081348,-0.5420129365980645,0.9777865681263292,0.0222134318736707,-1.9098517263655488,0.0037040916168936,0.9962959083831064,3.5652756258609526,1,0,0,0.0,1,1,1,1,,0,1,0,1,1,0,0,1.0,1.0,0.0,0.0,0.0,,-0.0605410070355879,0.0443551112283777,0.4919983687837304,0.5420129365980645,0.9555731362526585,1.9098517263655488,-0.9925918167662129,3.5652756258609526,0.50468594,0.5414646231966173,0.55177194
2025-12-04 10:55:00,2025-12-04 11:00:00,1,565.4,564.6,pivot,-0.7999999999999545,0.1339,-1.1338999999999544,-35717.849999998565,1.0,2025-12-04,564.6,565.45,564.5,0.0,564.3,564.6,564.05,0.0,2025,0.0,0.0,0.0,0.0,0.0,0.0,0.0,0.0,0.0,0.0,0.0,0.0,0.0,0.0,0.0,1.0,1.0,1.0,0,10,3,12,69.97173016561831,0.0956291214331932,-1.1378401581352904,0.0956291214331932,0.9043708785668068,-0.0001746147381294,-0.0001991876326519,0.0016859447643323,True,187.8743624752685,0.3929358411115492,-0.1289639540479011,0.3929358411115492,0.6070641588884508,-0.0004451003595109,-0.0006074188900801,0.0028199294054519,True,76.53028037639496,0.8240984024223331,0.6831968601777847,0.8240984024223331,0.1759015975776668,-0.0008355889041533,-0.0010832270869383,0.0041734112961422,True,45.82719136609115,0.8745250166420621,0.8699705956218219,0.8745250166420621,0.1254749833579379,-0.0017399466989773,-0.001922096527691,0.0050555971818454,True,0.0956291214331932,0.9043708785668068,1.1378401581352904,0.3929358411115492,0.6070641588884508,0.1289639540479011,0.8240984024223331,0.1759015975776668,-0.6831968601777847,0.8745250166420621,0.1254749833579379,-0.8699705956218219,1,0,0,0.0,1,1,1,1,,0,1,1,0,1,0,0,1.0,1.0,0.0,0.0,0.0,,-0.8087417571336135,1.1378401581352904,-0.21412831777690156,0.1289639540479011,0.6481968048446664,0.6831968601777847,0.7490500332841241,0.8699705956218219,0.5101736,0.5445949231376657,0.5550203
2025-12-05 11:00:00,2025-12-05 15:45:00,-1,574.05,580.4,eod,-6.350000000000023,0.1346335,-6.6846335000000225,-210565.9552500007,1.0,2025-12-05,573.9,574.7,573.6,0.0,580.4,580.4,580.4,0.0,2025,0.0,0.0,0.0,0.0,0.0,0.0,0.0,0.0,0.0,0.0,0.0,0.0,0.0,0.0,0.0,1.0,1.0,2.0,0,11,4,12,75.07923183113164,0.0762790715940144,-1.3055524427680978,0.0762790715940144,0.9237209284059856,0.0001239907548787,0.0001237859925209,0.0015616594889091,True,70.10607569239646,0.1491166074943825,-0.9155420122349128,0.1491166074943825,0.8508833925056174,0.0004018004973914,0.0003517433032951,0.0027608169396357,True,101.80877960002184,0.2986751238569175,-0.43889830814462,0.2986751238569175,0.7013248761430825,0.0008528103489399,0.0008409967720052,0.0039005054359357,True,48.7018665781347,0.8152607291887484,0.8366169959057512,0.8152607291887484,0.1847392708112516,0.0013897553392492,0.0016108482803177,0.0049680821523011,True,0.9237209284059856,0.0762790715940144,-1.3055524427680978,0.8508833925056174,0.1491166074943825,-0.9155420122349128,0.7013248761430825,0.2986751238569175,-0.43889830814462,0.1847392708112516,0.8152607291887484,0.8366169959057512,1,0,0,0.0,1,1,1,1,,0,1,1,0,1,0,0,1.0,1.0,0.0,0.0,0.0,,0.8474418568119713,1.3055524427680978,0.7017667850112349,0.9155420122349128,0.40264975228616495,0.43889830814462,-0.6305214583774967,0.8366169959057512,0.51327443,0.5352243787693516,0.5633381
2025-12-08 10:40:00,2025-12-08 11:05:00,1,582.05,580.05,pivot,-2.0,0.134863,-2.334863,-73548.1845,1.0,2025-12-08,581.65,582.5,581.15,0.0,580.05,580.25,579.45,0.0,2025,0.0,0.0,0.0,0.0,0.0,0.0,0.0,0.0,0.0,0.0,0.0,0.0,0.0,0.0,0.0,1.0,1.0,1.0,0,10,0,12,309.8782943502813,0.5149447828997411,0.0309485184407826,0.5149447828997411,0.4850552171002589,0.0001239907548787,0.0001237859925209,0.0015616594889091,True,168.6628782409208,0.534161243803957,0.0908412231114272,0.534161243803957,0.465838756196043,0.0004018004973914,0.0003517433032951,0.0027608169396357,True,113.28939581847354,0.3557915317853894,-0.3038431875443325,0.3557915317853894,0.6442084682146105,0.0008528103489399,0.0008409967720052,0.0039005054359357,True,60.88581686156471,0.7548508029040085,0.6132631373140848,0.7548508029040085,0.2451491970959914,0.0013897553392492,0.0016108482803177,0.0049680821523011,True,0.5149447828997411,0.4850552171002589,-0.0309485184407826,0.534161243803957,0.465838756196043,-0.0908412231114272,0.3557915317853894,0.6442084682146105,0.3038431875443325,0.7548508029040085,0.2451491970959914,-0.6132631373140848,1,0,0,0.0,1,1,1,1,,0,1,1,0,1,0,0,1.0,1.0,0.0,0.0,0.0,,0.02988956579948221,0.0309485184407826,0.06832248760791404,0.0908412231114272,-0.2884169364292211,0.3038431875443325,0.5097016058080172,0.6132631373140848,0.5101736,0.5475130349278631,0.5795573
2025-12-09 10:35:00,2025-12-09 13:05:00,1,585.9,584.5,pivot,-1.3999999999999773,0.135112,-1.7351119999999771,-54656.02799999928,1.0,2025-12-09,585.2,586.4,584.7,0.0,585.35,585.45,584.3,0.0,2025,0.0,0.0,0.0,0.0,0.0,0.0,0.0,0.0,0.0,0.0,0.0,0.0,0.0,0.0,0.0,1.0,1.0,1.0,0,10,1,12,249.46484025275632,0.6848771366744878,0.4131176321971104,0.6848771366744878,0.3151228633255122,0.0001239907548787,0.0001237859925209,0.0015616594889091,True,173.4023441359701,0.4748794884625036,-0.0345902346387302,0.4748794884625036,0.5251205115374964,0.0004018004973914,0.0003517433032951,0.0027608169396357,True,122.29916364925622,0.4476966091945146,-0.1061102541808293,0.4476966091945146,0.5523033908054853,0.0008528103489399,0.0008409967720052,0.0039005054359357,True,89.64061308708027,0.4128320274283336,-0.2382680268290367,0.4128320274283336,0.5871679725716664,0.0013897553392492,0.0016108482803177,0.0049680821523011,True,0.6848771366744878,0.3151228633255122,-0.4131176321971104,0.4748794884625036,0.5251205115374964,0.0345902346387302,0.4476966091945146,0.5523033908054853,0.1061102541808293,0.4128320274283336,0.5871679725716664,0.2382680268290367,1,0,0,0.0,1,1,1,1,,0,1,1,0,1,0,0,1.0,1.0,0.0,0.0,0.0,,0.3697542733489756,0.4131176321971104,-0.050241023074992786,0.0345902346387302,-0.1046067816109707,0.1061102541808293,-0.17433594514333284,0.2382680268290367,0.5101736,0.5432502301495944,0.58712745
2025-12-10 10:45:00,2025-12-10 11:15:00,-1,585.35,586.7,pivot,-1.3500000000000227,0.1351615,-1.6851615000000228,-53082.58725000072,1.0,2025-12-10,585.1,585.45,584.6,0.0,586.5,586.8,586.2,0.0,2025,0.0,0.0,0.0,0.0,0.0,0.0,0.0,0.0,0.0,0.0,0.0,0.0,0.0,0.0,0.0,1.0,1.0,1.0,0,10,2,12,395.3825333637113,0.5588952785723665,0.1227952439844482,0.5588952785723665,0.4411047214276334,-6.263283656314077e-05,-8.987201501526417e-05,0.0014271203768327,True,151.5520282168835,0.7200751594153811,0.452468803977091,0.7200751594153811,0.2799248405846188,-0.0002659359857852,-0.0002829805613996,0.0027017752950392,True,92.98257251083064,0.777276793710466,0.6768429394200318,0.777276793710466,0.222723206289534,-0.000524702027848,-0.0005372333866027,0.0035711295256547,True,84.17862370445235,0.2987458770003389,-0.4927368751427748,0.2987458770003389,0.7012541229996611,-0.0006916505498171,-0.0006098421736335,0.0046443925969339,True,0.4411047214276334,0.5588952785723665,0.1227952439844482,0.2799248405846188,0.7200751594153811,0.452468803977091,0.222723206289534,0.777276793710466,0.6768429394200318,0.7012541229996611,0.2987458770003389,-0.4927368751427748,1,0,0,0.0,1,1,1,1,,0,1,1,0,1,0,0,1.0,1.0,0.0,0.0,0.0,,-0.11779055714473313,0.1227952439844482,-0.44015031883076233,0.452468803977091,-0.554553587420932,0.6768429394200318,0.40250824599932217,0.4927368751427748,0.5101736,0.5556489229600519,0.5975774
2025-12-11 10:55:00,2025-12-11 11:00:00,-1,589.05,588.15,pivot,0.8999999999999773,0.135316,0.5646839999999773,17787.545999999285,1.0,2025-12-11,588.15,589.15,588.1,0.0,588.0,588.55,587.85,0.0,2025,0.0,0.0,0.0,0.0,0.0,0.0,0.0,0.0,0.0,0.0,0.0,0.0,0.0,0.0,0.0,1.0,1.0,1.0,1,10,3,12,128.3596564680805,0.1224726843080361,-1.0173739587109314,0.1224726843080361,0.8775273156919638,0.000148640031296,0.0001529954208835,0.0015674788485048,True,118.72608871829428,0.2265755474967095,-0.6156085527923301,0.2265755474967095,0.7734244525032905,0.0004625808907606,0.0004106857205602,0.0027337121334762,True,101.34611488843234,0.3100643495708823,-0.4102903167329178,0.3100643495708823,0.6899356504291176,0.000883537654395,0.0008439379299791,0.0039178566497897,True,82.3446316821384,0.4211995993846552,-0.2093600837431143,0.4211995993846552,0.5788004006153448,0.0017083565707859,0.0018317019452441,0.0050993379493489,True,0.8775273156919638,0.1224726843080361,-1.0173739587109314,0.7734244525032905,0.2265755474967095,-0.6156085527923301,0.6899356504291176,0.3100643495708823,-0.4102903167329178,0.5788004006153448,0.4211995993846552,-0.2093600837431143,1,0,0,0.0,1,1,1,1,,0,1,1,0,1,0,0,1.0,1.0,0.0,0.0,0.0,,0.7550546313839277,1.0173739587109314,0.546848905006581,0.6156085527923301,0.37987130085823534,0.4102903167329178,0.1576008012306896,0.2093600837431143,0.5101736,0.5445949231376657,0.59975874
2025-12-15 10:45:00,2025-12-15 10:50:00,-1,576.6,576.3,pivot,0.3000000000000682,0.134587,-0.0345869999999318,-1089.4904999978517,1.0,2025-12-15,576.25,576.75,575.55,0.0,577.4,577.45,576.15,0.0,2025,0.0,0.0,0.0,0.0,0.0,0.0,0.0,0.0,0.0,0.0,0.0,0.0,0.0,0.0,0.0,1.0,1.0,1.0,0,10,0,12,320.7847130241679,0.4218142823107033,-0.1287812082971043,0.4218142823107033,0.5781857176892966,-0.0001974739684511,-0.0002090476124756,0.0017415916977683,True,196.57575246902056,0.5021307749342305,0.0508578308327467,0.5021307749342305,0.4978692250657694,-0.0005307866283155,-0.0006702154861903,0.0029541122291055,True,128.6120415807083,0.6608656523891223,0.3270589873633762,0.6608656523891223,0.3391343476108777,-0.0009838485489067,-0.0012027738900344,0.0042076790199243,True,31.166134668455005,0.906918874465459,1.067156879799968,0.906918874465459,0.0930811255345409,-0.001891017939798,-0.0021530256652724,0.0053538969769764,True,0.5781857176892966,0.4218142823107033,-0.1287812082971043,0.4978692250657694,0.5021307749342305,0.0508578308327467,0.3391343476108777,0.6608656523891223,0.3270589873633762,0.0930811255345409,0.906918874465459,1.067156879799968,1,0,0,0.0,1,1,1,1,,0,1,1,0,1,0,0,1.0,1.0,0.0,0.0,0.0,,0.15637143537859333,0.1287812082971043,-0.004261549868461112,0.0508578308327467,-0.32173130477824463,0.3270589873633762,-0.8138377489309181,1.067156879799968,0.5101736,0.5475130349278631,0.5977541
2025-12-15 10:50:00,2025-12-15 12:05:00,-1,576.3,577.5,pivot,-1.2000000000000457,0.134614,-1.5346140000000457,-48340.34100000144,1.0,2025-12-15,577.4,577.45,576.15,0.0,576.1,577.55,575.85,0.0,2025,0.0,0.0,0.0,0.0,0.0,0.0,0.0,0.0,0.0,0.0,0.0,0.0,0.0,0.0,0.0,1.0,1.0,1.0,0,10,0,12,329.2636739254754,0.4500591758122033,-0.0790961246187714,0.4500591758122033,0.5499408241877968,-0.0001974739684511,-0.0002090476124756,0.0017415916977683,True,172.73509360909313,0.3882451831749485,-0.1545125942120424,0.3882451831749485,0.6117548168250515,-0.0005307866283155,-0.0006702154861903,0.0029541122291055,True,142.72101905251046,0.5415570080824803,0.1210388396607895,0.5415570080824803,0.4584429919175197,-0.0009838485489067,-0.0012027738900344,0.0042076790199243,True,59.28212774826867,0.83118029994556,0.7425816233670862,0.83118029994556,0.16881970005444,-0.001891017939798,-0.0021530256652724,0.0053538969769764,True,0.5499408241877968,0.4500591758122033,-0.0790961246187714,0.6117548168250515,0.3882451831749485,-0.1545125942120424,0.4584429919175197,0.5415570080824803,0.1210388396607895,0.16881970005444,0.83118029994556,0.7425816233670862,1,0,0,0.0,1,1,1,1,,0,1,1,0,1,0,0,1.0,1.0,0.0,0.0,0.0,,0.09988164837559349,0.0790961246187714,0.223509633650103,0.1545125942120424,-0.08311401616496061,0.1210388396607895,-0.66236059989112,0.7425816233670862,0.5101736,0.5475130349278631,0.58875996
2025-12-16 10:40:00,2025-12-16 10:50:00,-1,565.55,564.75,pivot,0.7999999999999545,0.133909,0.4660909999999545,14681.866499998567,1.0,2025-12-16,565.5,566.1,565.3,0.0,566.05,566.15,564.75,0.0,2025,0.0,0.0,0.0,0.0,0.0,0.0,0.0,0.0,0.0,0.0,0.0,0.0,0.0,0.0,0.0,1.0,1.0,0.0,1,10,1,12,100.88837060748904,0.1242753944785571,-0.9991142096787494,0.1242753944785571,0.8757246055214429,-0.0001943214552843,-0.0001946081326463,0.0017459483615306,True,129.61539232331086,0.2756894030622919,-0.4292140838448132,0.2756894030622919,0.7243105969377082,-0.0005432271713406,-0.0006548937554848,0.002991784852513,True,63.3978122631385,0.1832652394777874,-0.674543949353388,0.1832652394777874,0.8167347605222126,-0.0009645278993038,-0.0011611211286525,0.00428273534197,True,35.055156399926844,0.1329754122893142,-0.9577771564827534,0.1329754122893142,0.8670245877106858,-0.0018762533031869,-0.0021493472704805,0.0054647403669127,True,0.8757246055214429,0.1242753944785571,-0.9991142096787494,0.7243105969377082,0.2756894030622919,-0.4292140838448132,0.8167347605222126,0.1832652394777874,-0.674543949353388,0.8670245877106858,0.1329754122893142,-0.9577771564827534,1,0,0,0.0,1,1,1,1,,0,1,1,0,1,0,0,1.0,1.0,0.0,0.0,0.0,,0.7514492110428859,0.9991142096787494,0.44862119387541627,0.4292140838448132,0.6334695210444252,0.674543949353388,0.7340491754213716,0.9577771564827534,0.5124545,0.6052691611310194,0.5764333
2025-12-16 10:50:00,2025-12-16 11:40:00,-1,564.75,564.3,pivot,0.4500000000000455,0.1338715,0.11612850000004543,3658.0477500014313,1.0,2025-12-16,566.05,566.15,564.75,0.0,564.7,564.85,563.95,0.0,2025,0.0,0.0,0.0,0.0,0.0,0.0,0.0,0.0,0.0,0.0,0.0,0.0,0.0,0.0,0.0,1.0,1.0,1.0,1,10,1,12,322.6068139602521,0.5056518694626461,0.010188793008105,0.5056518694626461,0.4943481305373539,-0.0001943214552843,-0.0001946081326463,0.0017459483615306,True,41.52748952279836,0.0935455923082371,-1.1672330057631088,0.0935455923082371,0.9064544076917628,-0.0005432271713406,-0.0006548937554848,0.002991784852513,True,75.75738626977503,0.2197314328153091,-0.5532288319362173,0.2197314328153091,0.7802685671846908,-0.0009645278993038,-0.0011611211286525,0.00428273534197,True,23.830602705688182,0.0913526146356407,-1.2175375276306877,0.0913526146356407,0.9086473853643592,-0.0018762533031869,-0.0021493472704805,0.0054647403669127,True,0.4943481305373539,0.5056518694626461,0.010188793008105,0.9064544076917628,0.0935455923082371,-1.1672330057631088,0.7802685671846908,0.2197314328153091,-0.5532288319362173,0.9086473853643592,0.0913526146356407,-1.2175375276306877,1,0,0,0.0,1,1,1,1,,0,1,1,0,1,0,0,1.0,1.0,0.0,0.0,0.0,,-0.011303738925292184,0.010188793008105,0.8129088153835257,1.1672330057631088,0.5605371343693817,0.5532288319362173,0.8172947707287185,1.2175375276306877,0.5101736,0.5432502301495944,0.5568137
2025-12-29 10:40:00,2025-12-29 10:55:00,1,603.45,603.6,pivot,0.1499999999999772,0.1362115,-0.18621150000002273,-5865.662250000716,1.0,2025-12-29,603.6,604.2,603.45,0.0,603.25,603.75,602.95,0.0,2025,0.0,0.0,0.0,0.0,0.0,0.0,0.0,0.0,0.0,0.0,0.0,0.0,0.0,0.0,0.0,1.0,1.0,1.0,0,10,0,12,139.40650252837642,0.8549088801384793,0.988403913041488,0.8549088801384793,0.1450911198615206,8.803888193127072e-05,0.0001143754660486,0.0015610018658255,True,180.55240962560248,0.4885634470977054,-0.0174812980646708,0.4885634470977054,0.5114365529022946,0.0003118405058955,0.0002951673006712,0.0026743410829857,True,127.40962641117048,0.4895149894622589,-0.0118743283742516,0.4895149894622589,0.5104850105377411,0.0007448668374531,0.0007062634178524,0.0036787463009546,True,61.53140077420642,0.7687538472528102,0.6530809673023011,0.7687538472528102,0.2312461527471898,0.0015741323549512,0.0017965005940638,0.0048747238693236,True,0.8549088801384793,0.1450911198615206,-0.988403913041488,0.4885634470977054,0.5114365529022946,0.0174812980646708,0.4895149894622589,0.5104850105377411,0.0118743283742516,0.7687538472528102,0.2312461527471898,-0.6530809673023011,1,0,0,0.0,1,1,1,1,,0,1,1,0,1,0,0,1.0,1.0,0.0,0.0,0.0,,0.7098177602769588,0.988403913041488,-0.022873105804589233,0.0174812980646708,-0.02097002107548218,0.0118743283742516,0.5375076945056203,0.6530809673023011,0.5101736,0.5475130349278631,0.55338395
2025-12-29 10:55:00,2025-12-29 12:40:00,1,603.6,603.95,pivot,0.3500000000000227,0.1362265,0.013773500000022733,433.86525000071606,1.0,2025-12-29,603.25,603.75,602.95,0.0,603.65,603.95,603.55,0.0,2025,0.0,0.0,0.0,0.0,0.0,0.0,0.0,0.0,0.0,0.0,0.0,0.0,0.0,0.0,0.0,1.0,1.0,1.0,1,10,0,12,302.0827209295757,0.4229490706902419,-0.1794115870631464,0.4229490706902419,0.5770509293097581,8.803888193127072e-05,0.0001143754660486,0.0015610018658255,True,165.22086682158192,0.3275483858963498,-0.3581248790715879,0.3275483858963498,0.6724516141036502,0.0003118405058955,0.0002951673006712,0.0026743410829857,True,118.73309123434068,0.3544074579330251,-0.3045678487690073,0.3544074579330251,0.6455925420669749,0.0007448668374531,0.0007062634178524,0.0036787463009546,True,90.88381840456525,0.5152293956816475,-0.0113102664358131,0.5152293956816475,0.4847706043183525,0.0015741323549512,0.0017965005940638,0.0048747238693236,True,0.4229490706902419,0.5770509293097581,0.1794115870631464,0.3275483858963498,0.6724516141036502,0.3581248790715879,0.3544074579330251,0.6455925420669749,0.3045678487690073,0.5152293956816475,0.4847706043183525,0.0113102664358131,1,0,0,0.0,1,1,1,1,,0,1,1,0,1,0,0,1.0,1.0,0.0,0.0,0.0,,-0.1541018586195162,0.1794115870631464,-0.34490322820730035,0.3581248790715879,-0.29118508413394983,0.3045678487690073,0.03045879136329499,0.0113102664358131,0.5101736,0.5475130349278631,0.56470346
2025-12-30 10:55:00,2025-12-30 12:10:00,-1,608.55,607.95,pivot,0.599999999999909,0.136495,0.263504999999909,8300.407499997134,1.0,2025-12-30,609.35,609.55,608.5,0.0,608.55,608.7,607.9,0.0,2025,0.0,0.0,0.0,0.0,0.0,0.0,0.0,0.0,0.0,0.0,0.0,0.0,0.0,0.0,0.0,1.0,1.0,1.0,1,10,1,12,237.32642924772813,0.2411815464156289,-0.5993128075891652,0.2411815464156289,0.758818453584371,8.803888193127072e-05,0.0001143754660486,0.0015610018658255,True,149.76824021146373,0.2763647357453566,-0.4787982948502299,0.2763647357453566,0.7236352642546433,0.0003118405058955,0.0002951673006712,0.0026743410829857,True,95.83576256417729,0.247915171246775,-0.5713420583060842,0.247915171246775,0.7520848287532249,0.0007448668374531,0.0007062634178524,0.0036787463009546,True,87.70582390003707,0.3645441732753091,-0.3516810894905522,0.3645441732753091,0.6354558267246908,0.0015741323549512,0.0017965005940638,0.0048747238693236,True,0.758818453584371,0.2411815464156289,-0.5993128075891652,0.7236352642546433,0.2763647357453566,-0.4787982948502299,0.7520848287532249,0.247915171246775,-0.5713420583060842,0.6354558267246908,0.3645441732753091,-0.3516810894905522,1,0,0,0.0,1,1,1,1,,0,1,1,0,1,0,0,1.0,1.0,0.0,0.0,0.0,,0.5176369071687421,0.5993128075891652,0.4472705285092867,0.4787982948502299,0.5041696575064499,0.5713420583060842,0.27091165344938173,0.3516810894905522,0.5101736,0.5432502301495944,0.5651411
2026-01-05 10:25:00,2026-01-05 10:40:00,1,640.6,642.6,pivot,2.0,0.138496,1.6615039999999999,52337.376,1.0,2026-01-05,641.55,641.55,639.95,0.0,643.3,643.4,642.35,0.0,2026,0.0,0.0,0.0,0.0,0.0,0.0,0.0,0.0,0.0,0.0,0.0,0.0,0.0,0.0,0.0,1.0,1.0,1.0,1,10,0,1,316.17517234500934,0.5691541495657633,0.1117607929805387,0.5691541495657633,0.4308458504342367,0.0001012140080853,0.0001511674979528,0.001445738096484,True,92.77851661002452,0.1424882323703373,-0.9055133929619162,0.1424882323703373,0.8575117676296626,0.0003455174092765,0.0003735568079456,0.0024825382150812,True,116.2143128256371,0.2524156849931485,-0.5432498301413017,0.2524156849931485,0.7475843150068515,0.000651929676799,0.0007145698810161,0.003472602638103,True,12.10763161448687,0.0415024081015437,-1.7021507795405226,0.0415024081015437,0.9584975918984564,0.0013662148106133,0.0015947869347724,0.0044170122120019,True,0.5691541495657633,0.4308458504342367,-0.1117607929805387,0.1424882323703373,0.8575117676296626,0.9055133929619162,0.2524156849931485,0.7475843150068515,0.5432498301413017,0.0415024081015437,0.9584975918984564,1.7021507795405226,1,0,0,0.0,1,1,1,1,,0,1,1,0,1,0,0,1.0,1.0,0.0,0.0,0.0,,0.1383082991315266,0.1117607929805387,-0.7150235352593253,0.9055133929619162,-0.49516863001370304,0.5432498301413017,-0.9169951837969127,1.7021507795405226,0.50995404,0.5300891209779864,0.56504536
2026-01-07 14:00:00,2026-01-07 14:55:00,-1,659.85,660.7,pivot,-0.8500000000000227,0.1396165,-1.189616500000023,-37472.91975000072,1.0,2026-01-07,659.6,660.65,658.55,0.0,661.0,662.0,659.95,0.0,2026,0.0,0.0,0.0,0.0,0.0,0.0,0.0,0.0,0.0,0.0,0.0,0.0,0.0,0.0,0.0,1.0,1.0,0.0,0,14,2,1,382.6080383210708,0.3069693738936853,-0.3204896711510243,0.3069693738936853,0.6930306261063146,-9.720741197139728e-05,-0.0001047531610668,0.0013283758160565,True,274.088812476113,0.5132020789521303,0.0532217715871507,0.5132020789521303,0.4867979210478697,-0.0002754258755745,-0.0003464642633736,0.0022374220517833,True,15.809762655247154,0.970083138784901,1.7503478870129272,0.970083138784901,0.0299168612150989,-0.0005708138167634,-0.0006840923810567,0.0026472820724786,True,11.195348943781912,0.0282317241437103,-2.375418410348761,0.0282317241437103,0.9717682758562896,-0.0010939055223354,-0.0012802249615526,0.0028618260187592,True,0.6930306261063146,0.3069693738936853,-0.3204896711510243,0.4867979210478697,0.5132020789521303,0.0532217715871507,0.0299168612150989,0.970083138784901,1.7503478870129272,0.9717682758562896,0.0282317241437103,-2.375418410348761,1,0,0,0.0,1,1,1,1,,0,1,0,1,1,0,0,1.0,1.0,0.0,0.0,0.0,,0.3860612522126293,0.3204896711510243,-0.02640415790426065,0.0532217715871507,-0.9401662775698021,1.7503478870129272,0.9435365517125792,2.375418410348761,0.5006344,0.5187943352792116,0.5670125
2026-01-07 15:05:00,2026-01-07 15:45:00,-1,661.95,664.7,eod,-2.75,0.1397995,-3.0897995000000003,-97328.68425,1.0,2026-01-07,663.7,663.75,661.55,0.0,664.7,664.7,664.7,0.0,2026,0.0,0.0,0.0,0.0,0.0,0.0,0.0,0.0,0.0,0.0,0.0,0.0,0.0,0.0,0.0,1.0,1.0,2.0,0,15,2,1,387.07043444172245,0.7126770284109569,0.3636316790142683,0.7126770284109569,0.2873229715890431,-9.720741197139728e-05,-0.0001047531610668,0.0013283758160565,True,155.473286676642,0.2094521092919566,-0.5545568256632171,0.2094521092919566,0.7905478907080433,-0.0002754258755745,-0.0003464642633736,0.0022374220517833,True,110.8886259693485,0.1851384710928924,-0.6548443216817342,0.1851384710928924,0.8148615289071075,-0.0005708138167634,-0.0006840923810567,0.0026472820724786,True,59.09062091309946,0.8880090966386047,1.0822831291822643,0.8880090966386047,0.1119909033613952,-0.0010939055223354,-0.0012802249615526,0.0028618260187592,True,0.2873229715890431,0.7126770284109569,0.3636316790142683,0.7905478907080433,0.2094521092919566,-0.5545568256632171,0.8148615289071075,0.1851384710928924,-0.6548443216817342,0.1119909033613952,0.8880090966386047,1.0822831291822643,1,0,0,0.0,1,1,1,1,,0,1,0,0,1,0,0,1.0,1.0,0.0,0.0,0.0,,-0.42535405682191385,0.3636316790142683,0.5810957814160868,0.5545568256632171,0.6297230578142151,0.6548443216817342,-0.7760181932772096,1.0822831291822643,0.5076896,0.5010803318915277,0.5834812
2026-01-08 10:40:00,2026-01-08 11:00:00,-1,676.5,676.1,pivot,0.3999999999999772,0.140578,0.0594219999999773,1871.7929999992848,1.0,2026-01-08,676.8,677.45,676.4,0.0,674.45,676.35,673.15,0.0,2026,0.0,0.0,0.0,0.0,0.0,0.0,0.0,0.0,0.0,0.0,0.0,0.0,0.0,0.0,0.0,1.0,1.0,2.0,1,10,3,1,51.462729735718895,0.0480826534934534,-1.587729836396561,0.0480826534934534,0.9519173465065466,8.565490026556636e-05,0.0001469410371177,0.0013968336891549,True,96.77798273435069,0.1404855475283294,-0.8909723392066414,0.1404855475283294,0.8595144524716706,0.0003701364283367,0.0003853705451415,0.0024250475047804,True,138.37985006343854,0.3688107714907508,-0.2798764091544681,0.3688107714907508,0.6311892285092491,0.0007718683126989,0.0008020542626715,0.0033947651195727,True,5.705685521844111,0.9871580947143812,2.586777544510931,0.9871580947143812,0.0128419052856187,0.0013976379632317,0.0015695027413416,0.0043766433126191,True,0.9519173465065466,0.0480826534934534,-1.587729836396561,0.8595144524716706,0.1404855475283294,-0.8909723392066414,0.6311892285092491,0.3688107714907508,-0.2798764091544681,0.0128419052856187,0.9871580947143812,2.586777544510931,1,0,0,0.0,1,1,1,1,,0,1,1,0,1,0,0,1.0,1.0,0.0,0.0,0.0,,0.9038346930130932,1.587729836396561,0.7190289049433412,0.8909723392066414,0.26237845701849827,0.2798764091544681,-0.9743161894287625,2.586777544510931,0.5197103,0.5530839081155009,0.5840148
2026-01-08 11:00:00,2026-01-08 11:10:00,-1,676.1,674.5,pivot,1.6000000000000227,0.140518,1.2594820000000229,39673.68300000072,1.0,2026-01-08,674.45,676.35,673.15,0.0,673.2,674.7,672.5,0.0,2026,0.0,0.0,0.0,0.0,0.0,0.0,0.0,0.0,0.0,0.0,0.0,0.0,0.0,0.0,0.0,1.0,1.0,2.0,1,11,3,1,370.0075615033456,0.2637835990586525,-0.4839699344643962,0.2637835990586525,0.7362164009413474,0.0001018675525,0.0001608923640626,0.0012481959218264,True,265.7096438626476,0.5169714836290435,-0.036166589359758,0.5169714836290435,0.4830285163709564,0.0003799123024907,0.0005176569733035,0.0020533738341618,True,175.5832245332734,0.3057859935985317,-0.5487979950063024,0.3057859935985317,0.6942140064014682,0.0008362148613136,0.0011503949798692,0.0025000419325599,True,66.16932556325791,0.8028055812519268,0.7867705208143185,0.8028055812519268,0.1971944187480732,0.0015751478777072,0.0020393843185983,0.0032434565180635,True,0.7362164009413474,0.2637835990586525,-0.4839699344643962,0.4830285163709564,0.5169714836290435,-0.036166589359758,0.6942140064014682,0.3057859935985317,-0.5487979950063024,0.1971944187480732,0.8028055812519268,0.7867705208143185,1,0,0,0.0,1,1,1,1,,0,1,1,0,1,0,0,1.0,1.0,0.0,0.0,0.0,,0.47243280188269493,0.4839699344643962,-0.03394296725808715,0.036166589359758,0.38842801280293654,0.5487979950063024,-0.6056111625038536,0.7867705208143185,0.50914,0.519289351559975,0.5847435
2026-01-08 12:20:00,2026-01-08 12:25:00,1,670.45,669.75,pivot,-0.7000000000000455,0.140206,-1.0402060000000455,-32766.489000001435,1.0,2026-01-08,669.7,670.65,668.65,0.0,669.5,670.3,668.9,0.0,2026,0.0,0.0,0.0,0.0,0.0,0.0,0.0,0.0,0.0,0.0,0.0,0.0,0.0,0.0,0.0,1.0,1.0,0.0,0,12,3,1,96.99701025211056,0.907758481508464,1.280151898310165,0.907758481508464,0.0922415184915359,8.565490026556636e-05,0.0001469410371177,0.0013968336891549,True,57.21667268339985,0.9179961977076114,1.3154596979609177,0.9179961977076114,0.0820038022923885,0.0003701364283367,0.0003853705451415,0.0024250475047804,True,122.98850028774837,0.6465336054460101,0.311818289809515,0.6465336054460101,0.3534663945539898,0.0007718683126989,0.0008020542626715,0.0033947651195727,True,82.6673142638185,0.2590140439699736,-0.6133023864876191,0.2590140439699736,0.7409859560300264,0.0013976379632317,0.0015695027413416,0.0043766433126191,True,0.907758481508464,0.0922415184915359,-1.280151898310165,0.9179961977076114,0.0820038022923885,-1.3154596979609177,0.6465336054460101,0.3534663945539898,-0.311818289809515,0.2590140439699736,0.7409859560300264,0.6133023864876191,1,0,0,0.0,1,1,1,1,,0,1,0,1,1,0,0,1.0,1.0,0.0,0.0,0.0,,0.8155169630169281,1.280151898310165,0.835992395415223,1.3154596979609177,0.2930672108920203,0.311818289809515,-0.4819719120600528,0.6133023864876191,0.5006344,0.5098808817886125,0.5881713
2026-01-08 12:25:00,2026-01-08 13:15:00,1,669.75,668.7,pivot,-1.0499999999999543,0.1401535,-1.3901534999999545,-43789.83524999857,1.0,2026-01-08,669.5,670.3,668.9,0.0,670.75,670.85,668.7,0.0,2026,0.0,0.0,0.0,0.0,0.0,0.0,0.0,0.0,0.0,0.0,0.0,0.0,0.0,0.0,0.0,1.0,1.0,0.0,0,12,3,1,16.738094585099656,0.0206418959804222,-2.2376118254391035,0.0206418959804222,0.9793581040195776,8.565490026556636e-05,0.0001469410371177,0.0013968336891549,True,143.26190978703724,0.7290441425505398,0.5182026109284638,0.7290441425505398,0.2709558574494601,0.0003701364283367,0.0003853705451415,0.0024250475047804,True,102.035163985292,0.2030978903973878,-0.6752981380029375,0.2030978903973878,0.7969021096026121,0.0007718683126989,0.0008020542626715,0.0033947651195727,True,22.773942241634643,0.0607228457048781,-1.463514736016174,0.0607228457048781,0.9392771542951218,0.0013976379632317,0.0015695027413416,0.0043766433126191,True,0.0206418959804222,0.9793581040195776,2.2376118254391035,0.7290441425505398,0.2709558574494601,-0.5182026109284638,0.2030978903973878,0.7969021096026121,0.6752981380029375,0.0607228457048781,0.9392771542951218,1.463514736016174,1,0,0,0.0,1,1,1,1,,0,1,0,1,1,0,0,1.0,1.0,0.0,0.0,0.0,,-0.9587162080391554,2.2376118254391035,0.45808828510107974,0.5182026109284638,-0.5938042192052243,0.6752981380029375,-0.8785543085902437,1.463514736016174,0.5006344,0.5098808817886125,0.6008197
2026-01-09 10:30:00,2026-01-09 10:35:00,1,661.1,659.65,pivot,-1.4500000000000457,0.1396225,-1.7896225000000454,-56373.10875000143,1.0,2026-01-09,659.65,661.1,659.3,0.0,659.9,660.05,659.05,0.0,2026,0.0,0.0,0.0,0.0,0.0,0.0,0.0,0.0,0.0,0.0,0.0,0.0,0.0,0.0,0.0,1.0,1.0,1.0,0,10,4,1,88.77313984614453,0.9225915144696324,1.107116104320281,0.9225915144696324,0.0774084855303675,-9.720741197139728e-05,-0.0001047531610668,0.0013283758160565,True,170.16828065888433,0.2337204318463607,-0.4886479430970407,0.2337204318463607,0.7662795681536393,-0.0002754258755745,-0.0003464642633736,0.0022374220517833,True,21.21585447981486,0.0357869772961908,-1.6844640700471003,0.0357869772961908,0.9642130227038092,-0.0005708138167634,-0.0006840923810567,0.0026472820724786,True,32.84846544083808,0.943825159921608,1.5354500647231684,0.943825159921608,0.0561748400783921,-0.0010939055223354,-0.0012802249615526,0.0028618260187592,True,0.9225915144696324,0.0774084855303675,-1.107116104320281,0.2337204318463607,0.7662795681536393,0.4886479430970407,0.0357869772961908,0.9642130227038092,1.6844640700471003,0.943825159921608,0.0561748400783921,-1.5354500647231684,1,0,0,0.0,1,1,1,1,,0,1,1,0,1,0,0,1.0,1.0,0.0,0.0,0.0,,0.8451830289392649,1.107116104320281,-0.5325591363072786,0.4886479430970407,-0.9284260454076183,1.6844640700471003,0.8876503198432159,1.5354500647231684,0.50995404,0.5162638787208231,0.6164378
2026-01-09 10:35:00,2026-01-09 12:40:00,1,659.65,669.85,pivot,10.200000000000044,0.139885,9.860115000000047,310593.62250000145,1.0,2026-01-09,659.9,660.05,659.05,0.0,669.95,670.5,669.85,0.0,2026,0.0,0.0,0.0,0.0,0.0,0.0,0.0,0.0,0.0,0.0,0.0,0.0,0.0,0.0,0.0,1.0,1.0,1.0,1,10,4,1,20.46670272137488,0.9768504522694464,2.017299495423952,0.9768504522694464,0.0231495477305535,-9.720741197139728e-05,-0.0001047531610668,0.0013283758160565,True,25.34862892348453,0.9575470177530828,1.5091207572184575,0.9575470177530828,0.042452982246917,-0.0002754258755745,-0.0003464642633736,0.0022374220517833,True,159.79333650300163,0.2781555050221271,-0.398164134808939,0.2781555050221271,0.7218444949778728,-0.0005708138167634,-0.0006840923810567,0.0026472820724786,True,24.540313285332136,0.9652162848202056,1.7978674107356512,0.9652162848202056,0.0347837151797942,-0.0010939055223354,-0.0012802249615526,0.0028618260187592,True,0.9768504522694464,0.0231495477305535,-2.017299495423952,0.9575470177530828,0.042452982246917,-1.5091207572184575,0.2781555050221271,0.7218444949778728,0.398164134808939,0.9652162848202056,0.0347837151797942,-1.7978674107356512,1,0,0,0.0,1,1,1,1,,0,1,1,0,1,0,0,1.0,1.0,0.0,0.0,0.0,,0.9537009045388929,2.017299495423952,0.9150940355061659,1.5091207572184575,-0.44368898995574574,0.398164134808939,0.9304325696404114,1.7978674107356512,0.50995404,0.5162638787208231,0.6063718
2026-01-12 10:30:00,2026-01-12 10:35:00,-1,676.3,676.95,pivot,-0.650000000000091,0.1405975,-0.9905975000000911,-31203.821250002868,1.0,2026-01-12,676.95,677.45,676.3,0.0,677.75,678.45,676.4,0.0,2026,0.0,0.0,0.0,0.0,0.0,0.0,0.0,0.0,0.0,0.0,0.0,0.0,0.0,0.0,0.0,1.0,1.0,1.0,0,10,0,1,10.594221814991872,0.0159191388634924,-2.4861682350862773,0.0159191388634924,0.9840808611365076,8.565490026556636e-05,0.0001469410371177,0.0013968336891549,True,69.34387756067808,0.1035060728786761,-1.07371674291051,0.1035060728786761,0.8964939271213239,0.0003701364283367,0.0003853705451415,0.0024250475047804,True,110.41630531679156,0.2280197242498277,-0.6067508058274191,0.2280197242498277,0.7719802757501723,0.0007718683126989,0.0008020542626715,0.0033947651195727,True,68.4742190486178,0.7781485505051842,0.6755329893395753,0.7781485505051842,0.2218514494948158,0.0013976379632317,0.0015695027413416,0.0043766433126191,True,0.9840808611365076,0.0159191388634924,-2.4861682350862773,0.8964939271213239,0.1035060728786761,-1.07371674291051,0.7719802757501723,0.2280197242498277,-0.6067508058274191,0.2218514494948158,0.7781485505051842,0.6755329893395753,1,0,0,0.0,1,1,1,1,,0,1,1,0,1,0,0,1.0,1.0,0.0,0.0,0.0,,0.9681617222730152,2.4861682350862773,0.7929878542426478,1.07371674291051,0.5439605515003445,0.6067508058274191,-0.5562971010103683,0.6755329893395753,0.50995404,0.5300891209779864,0.60026217
2026-01-12 10:35:00,2026-01-12 14:05:00,-1,676.95,674.65,pivot,2.300000000000068,0.140548,1.9594520000000684,61722.73800000215,1.0,2026-01-12,677.75,678.45,676.4,0.0,673.95,674.65,673.35,0.0,2026,0.0,0.0,0.0,0.0,0.0,0.0,0.0,0.0,0.0,0.0,0.0,0.0,0.0,0.0,0.0,1.0,1.0,1.0,1,10,0,1,174.75410841269522,0.8281438125634708,0.8481436276252505,0.8281438125634708,0.1718561874365292,8.565490026556636e-05,0.0001469410371177,0.0013968336891549,True,45.80592672120782,0.074002899686295,-1.285380334540452,0.074002899686295,0.925997100313705,0.0003701364283367,0.0003853705451415,0.0024250475047804,True,139.4460693825687,0.3791479470939947,-0.2580394183767761,0.3791479470939947,0.6208520529060053,0.0007718683126989,0.0008020542626715,0.0033947651195727,True,36.76477129084849,0.876835090639633,1.115770351309921,0.876835090639633,0.1231649093603669,0.0013976379632317,0.0015695027413416,0.0043766433126191,True,0.1718561874365292,0.8281438125634708,0.8481436276252505,0.925997100313705,0.074002899686295,-1.285380334540452,0.6208520529060053,0.3791479470939947,-0.2580394183767761,0.1231649093603669,0.876835090639633,1.115770351309921,1,0,0,0.0,1,1,1,1,,0,1,1,0,1,0,0,1.0,1.0,0.0,0.0,0.0,,-0.6562876251269416,0.8481436276252505,0.8519942006274099,1.285380334540452,0.24170410581201063,0.2580394183767761,-0.7536701812792661,1.115770351309921,0.50995404,0.5300891209779864,0.6027545
2026-01-13 10:35:00,2026-01-13 10:45:00,-1,678.7,676.35,pivot,2.3500000000000227,0.1406515,2.009348500000023,63294.47775000072,1.0,2026-01-13,677.45,678.85,676.9,0.0,677.0,677.15,675.8,0.0,2026,0.0,0.0,0.0,0.0,0.0,0.0,0.0,0.0,0.0,0.0,0.0,0.0,0.0,0.0,0.0,1.0,1.0,1.0,1,10,1,1,205.652066301862,0.1768468731046669,-0.7694279282590643,0.1768468731046669,0.823153126895333,0.0001091392213351,0.0001462448229976,0.0014333581821093,True,129.51439522126728,0.1959826274434761,-0.7011454885798516,0.1959826274434761,0.8040173725565238,0.0003633041586916,0.0003774789503273,0.0024271532632077,True,137.81882853086293,0.3458790168339353,-0.341663633003781,0.3458790168339353,0.6541209831660646,0.000771680395628,0.0008558283277371,0.0033666759305262,True,75.00077055297358,0.2145631070619061,-0.7170450381933743,0.2145631070619061,0.7854368929380939,0.0015983446822329,0.0018645942538275,0.0045498176448451,True,0.823153126895333,0.1768468731046669,-0.7694279282590643,0.8040173725565238,0.1959826274434761,-0.7011454885798516,0.6541209831660646,0.3458790168339353,-0.341663633003781,0.7854368929380939,0.2145631070619061,-0.7170450381933743,1,0,0,0.0,1,1,1,1,,0,1,1,0,1,0,0,1.0,1.0,0.0,0.0,0.0,,0.6463062537906661,0.7694279282590643,0.6080347451130477,0.7011454885798516,0.3082419663321293,0.341663633003781,0.5708737858761879,0.7170450381933743,0.50995404,0.5258263161997178,0.596954
2026-01-13 10:45:00,2026-01-13 11:50:00,-1,676.35,675.65,pivot,0.7000000000000455,0.14056,0.3594400000000454,11322.36000000143,1.0,2026-01-13,677.0,677.15,675.8,0.0,674.9,675.7,674.35,0.0,2026,0.0,0.0,0.0,0.0,0.0,0.0,0.0,0.0,0.0,0.0,0.0,0.0,0.0,0.0,0.0,1.0,1.0,1.0,1,10,1,1,66.63179163718908,0.0625790672903286,-1.388138195396616,0.0625790672903286,0.9374209327096714,0.0001091392213351,0.0001462448229976,0.0014333581821093,True,28.63048279634518,0.0500495140287803,-1.5822515117266251,0.0500495140287803,0.9499504859712196,0.0003633041586916,0.0003774789503273,0.0024271532632077,True,7.596369997405154,0.0333982202499673,-1.9374650098560828,0.0333982202499673,0.9666017797500326,0.000771680395628,0.0008558283277371,0.0033666759305262,True,47.52208059376482,0.1188850600837137,-1.057733013398101,0.1188850600837137,0.8811149399162863,0.0015983446822329,0.0018645942538275,0.0045498176448451,True,0.9374209327096714,0.0625790672903286,-1.388138195396616,0.9499504859712196,0.0500495140287803,-1.5822515117266251,0.9666017797500326,0.0333982202499673,-1.9374650098560828,0.8811149399162863,0.1188850600837137,-1.057733013398101,1,0,0,0.0,1,1,1,1,,0,1,1,0,1,0,0,1.0,1.0,0.0,0.0,0.0,,0.8748418654193428,1.388138195396616,0.8999009719424392,1.5822515117266251,0.9332035595000653,1.9374650098560828,0.7622298798325726,1.057733013398101,0.50995404,0.5258263161997178,0.60137033
2026-01-14 10:40:00,2026-01-14 10:45:00,-1,682.85,680.8,pivot,2.050000000000068,0.1409095,1.7090905000000682,53836.35075000215,1.0,2026-01-14,680.85,683.0,680.75,0.0,679.8,681.25,679.6,0.0,2026,0.0,0.0,0.0,0.0,0.0,0.0,0.0,0.0,0.0,0.0,0.0,0.0,0.0,0.0,0.0,1.0,1.0,1.0,1,10,2,1,120.09002060466725,0.0906452071616562,-1.0736196391752808,0.0906452071616562,0.909354792838344,9.71363685190152e-05,0.0001539620173486,0.001298812526148,True,240.81333308723347,0.3362919928749766,-0.3647256618781601,0.3362919928749766,0.6637080071250234,0.0003582501268548,0.0005004078220466,0.0021726501301252,True,185.70548382256155,0.4386719481938785,-0.2414334415278717,0.4386719481938785,0.5613280518061214,0.0007718768847092,0.0010498099686211,0.0025333270557795,True,134.66164070172522,0.4837263097237923,-0.1653364319390117,0.4837263097237923,0.5162736902762077,0.001509623215768,0.0019462471471083,0.0033750434831088,True,0.909354792838344,0.0906452071616562,-1.0736196391752808,0.6637080071250234,0.3362919928749766,-0.3647256618781601,0.5613280518061214,0.4386719481938785,-0.2414334415278717,0.5162736902762077,0.4837263097237923,-0.1653364319390117,1,0,0,0.0,1,1,1,1,,0,1,1,0,1,0,0,1.0,1.0,0.0,0.0,0.0,,0.8187095856766877,1.0736196391752808,0.32741601425004685,0.3647256618781601,0.12265610361224294,0.2414334415278717,0.032547380552415406,0.1653364319390117,0.50995404,0.5258263161997178,0.5762075
2026-01-14 10:45:00,2026-01-14 11:40:00,-1,680.8,680.7,pivot,0.099999999999909,0.140845,-0.24084500000009096,-7586.617500002865,1.0,2026-01-14,679.8,681.25,679.6,0.0,680.5,681.1,680.2,0.0,2026,0.0,0.0,0.0,0.0,0.0,0.0,0.0,0.0,0.0,0.0,0.0,0.0,0.0,0.0,0.0,1.0,1.0,1.0,0,10,2,1,17.809317704583613,0.0259902917207185,-2.142575923154838,0.0259902917207185,0.9740097082792816,0.0001091392213351,0.0001462448229976,0.0014333581821093,True,63.68048068823072,0.09942081379512,-1.1198427760132936,0.09942081379512,0.90057918620488,0.0003633041586916,0.0003774789503273,0.0024271532632077,True,32.483271098507274,0.069923876032611,-1.274738017029972,0.069923876032611,0.930076123967389,0.000771680395628,0.0008558283277371,0.0033666759305262,True,75.13017035055648,0.2151281259490313,-0.7154038521567739,0.2151281259490313,0.7848718740509687,0.0015983446822329,0.0018645942538275,0.0045498176448451,True,0.9740097082792816,0.0259902917207185,-2.142575923154838,0.90057918620488,0.09942081379512,-1.1198427760132936,0.930076123967389,0.069923876032611,-1.274738017029972,0.7848718740509687,0.2151281259490313,-0.7154038521567739,1,0,0,0.0,1,1,1,1,,0,1,1,0,1,0,0,1.0,1.0,0.0,0.0,0.0,,0.948019416558563,2.142575923154838,0.80115837240976,1.1198427760132936,0.8601522479347781,1.274738017029972,0.5697437481019374,0.7154038521567739,0.50995404,0.5258263161997178,0.5676129
2026-01-15 10:35:00,2026-01-15 12:15:00,-1,686.1,689.4,pivot,-3.2999999999999545,0.141265,-3.641264999999955,-114699.84749999858,1.0,2026-01-15,686.35,687.3,685.4,0.0,690.1,690.2,689.05,0.0,2026,0.0,0.0,0.0,0.0,0.0,0.0,0.0,0.0,0.0,0.0,0.0,0.0,0.0,0.0,0.0,1.0,1.0,1.0,0,10,3,1,223.7793833316884,0.195523129351789,-0.7092644644318136,0.195523129351789,0.8044768706482109,0.0001091392213351,0.0001462448229976,0.0014333581821093,True,120.1623331545275,0.1801380847295392,-0.7530222301689065,0.1801380847295392,0.8198619152704608,0.0003633041586916,0.0003774789503273,0.0024271532632077,True,69.76409693191621,0.1258109233264975,-0.9431184402877292,0.1258109233264975,0.8741890766735024,0.000771680395628,0.0008558283277371,0.0033666759305262,True,67.23109442545348,0.7709083020682327,0.6132769180478058,0.7709083020682327,0.2290916979317673,0.0015983446822329,0.0018645942538275,0.0045498176448451,True,0.8044768706482109,0.195523129351789,-0.7092644644318136,0.8198619152704608,0.1801380847295392,-0.7530222301689065,0.8741890766735024,0.1258109233264975,-0.9431184402877292,0.2290916979317673,0.7709083020682327,0.6132769180478058,1,0,0,0.0,1,1,1,1,,0,1,1,0,1,0,0,1.0,1.0,0.0,0.0,0.0,,0.6089537412964219,0.7092644644318136,0.6397238305409216,0.7530222301689065,0.748378153347005,0.9431184402877292,-0.5418166041364654,0.6132769180478058,0.50995404,0.5222278567330086,0.5608274
2026-01-26 10:30:00,2026-01-26 10:50:00,-1,723.6,721.65,pivot,1.9500000000000453,0.1433575,1.6066425000000455,50609.23875000143,1.0,2026-01-26,724.0,724.65,723.25,0.0,724.05,724.45,721.1,0.0,2026,0.0,0.0,0.0,0.0,0.0,0.0,0.0,0.0,0.0,0.0,0.0,0.0,0.0,0.0,0.0,1.0,1.0,1.0,1,10,0,1,287.77484253329493,0.3972456019488417,-0.1954323645549813,0.3972456019488417,0.6027543980511583,-0.0002118774768641,-0.0002048271468546,0.0017775566447462,True,29.14295850765571,0.0611518793305917,-1.4707559501945484,0.0611518793305917,0.9388481206694084,-0.0005671492181249,-0.0006697294684027,0.0030098129433481,True,60.20928280160575,0.1730475414138371,-0.7238619013234135,0.1730475414138371,0.8269524585861628,-0.0010440107505166,-0.0012336422534077,0.0042920502578484,True,51.891589941564426,0.1981002024602778,-0.6995285305931792,0.1981002024602778,0.8018997975397222,-0.0020426598648261,-0.002268767916541,0.0055145190544064,True,0.6027543980511583,0.3972456019488417,-0.1954323645549813,0.9388481206694084,0.0611518793305917,-1.4707559501945484,0.8269524585861628,0.1730475414138371,-0.7238619013234135,0.8018997975397222,0.1981002024602778,-0.6995285305931792,1,0,0,0.0,1,1,1,1,,0,1,1,0,1,0,0,1.0,1.0,0.0,0.0,0.0,,0.2055087961023166,0.1954323645549813,0.8776962413388166,1.4707559501945484,0.6539049171723257,0.7238619013234135,0.6037995950794444,0.6995285305931792,0.50995404,0.5300891209779864,0.5611912
2026-01-27 10:40:00,2026-01-27 12:40:00,1,731.45,739.6,pivot,8.149999999999977,0.1441315,7.805868499999977,245884.85774999927,1.0,2026-01-27,731.4,731.75,731.0,0.0,739.3,740.4,739.1,0.0,2026,0.0,0.0,0.0,0.0,0.0,0.0,0.0,0.0,0.0,0.0,0.0,0.0,0.0,0.0,0.0,1.0,1.0,2.0,1,10,1,1,186.46180588080816,0.824923886048721,0.8112064293873575,0.824923886048721,0.1750761139512789,0.0001067098861857,0.0001580020908738,0.0013252405911686,True,139.69751052743317,0.7596206394407509,0.611177604972649,0.7596206394407509,0.2403793605592491,0.0003704422412543,0.0004289218404894,0.0022131581442621,True,147.7883997954506,0.5865663746677394,0.1358590393853447,0.5865663746677394,0.4134336253322606,0.0008017970959912,0.0009437038923251,0.0031388479868655,True,11.729556719548128,0.9655848929655304,2.097209407984717,0.9655848929655304,0.0344151070344694,0.0016089761126797,0.0020649720218515,0.0042341490260267,True,0.824923886048721,0.1750761139512789,-0.8112064293873575,0.7596206394407509,0.2403793605592491,-0.611177604972649,0.5865663746677394,0.4134336253322606,-0.1358590393853447,0.9655848929655304,0.0344151070344694,-2.097209407984717,1,0,0,0.0,1,1,1,1,,0,1,1,0,1,0,0,1.0,1.0,0.0,0.0,0.0,,0.6498477720974422,0.8112064293873575,0.5192412788815017,0.611177604972649,0.17313274933547884,0.1358590393853447,0.931169785931061,2.097209407984717,0.5197103,0.5566823675822101,0.5566032
2026-01-28 10:25:00,2026-01-28 10:35:00,1,755.9,757.95,pivot,2.050000000000068,0.1454155,1.7045845000000683,53694.41175000215,1.0,2026-01-28,756.9,757.0,755.45,0.0,757.45,758.3,755.85,0.0,2026,0.0,0.0,0.0,0.0,0.0,0.0,0.0,0.0,0.0,0.0,0.0,0.0,0.0,0.0,0.0,1.0,1.0,1.0,1,10,2,1,48.37068490444225,0.0426744090795926,-1.58832975515593,0.0426744090795926,0.9573255909204074,0.0001046813399438,0.0001473252861207,0.0013807321820682,True,130.03258567762978,0.1807602307639338,-0.773428180328635,0.1807602307639338,0.8192397692360662,0.0003747593608548,0.0004133138558052,0.0022414755535934,True,153.3986330437227,0.3810464696500543,-0.2807840128443529,0.3810464696500543,0.6189535303499457,0.0008258233771373,0.0009353583572199,0.0030959641963459,True,97.01826224676704,0.5929074877884275,0.0801144728975897,0.5929074877884275,0.4070925122115725,0.0017476828572312,0.0023035598907023,0.0042725648245588,True,0.0426744090795926,0.9573255909204074,1.58832975515593,0.1807602307639338,0.8192397692360662,0.773428180328635,0.3810464696500543,0.6189535303499457,0.2807840128443529,0.5929074877884275,0.4070925122115725,-0.0801144728975897,1,0,0,0.0,1,1,1,1,,0,1,1,0,1,0,0,1.0,1.0,0.0,0.0,0.0,,-0.9146511818408147,1.58832975515593,-0.6384795384721325,0.773428180328635,-0.23790706069989143,0.2807840128443529,0.185814975576855,0.0801144728975897,0.50995404,0.5258263161997178,0.5501297
2026-01-29 12:25:00,2026-01-29 12:30:00,1,765.7,766.9,pivot,1.1999999999999318,0.145978,0.8540219999999319,26901.692999997853,1.0,2026-01-29,766.85,767.1,765.35,0.0,767.7,767.9,766.5,0.0,2026,0.0,0.0,0.0,0.0,0.0,0.0,0.0,0.0,0.0,0.0,0.0,0.0,0.0,0.0,0.0,1.0,2.0,2.0,1,12,3,1,312.96038157714224,0.6115901052275797,0.2162908426293398,0.6115901052275797,0.3884098947724202,0.0001226149059795,0.000149103003391,0.0014293122167423,True,59.27285794678373,0.9281450304344,1.3533723141498488,0.9281450304344,0.0718549695656,0.0004201275110572,0.0004159609930625,0.0023087231420991,True,1.6276040018701627,0.9959678628325196,3.2185274845717013,0.9959678628325196,0.0040321371674805,0.0008101905011788,0.0008998980609818,0.0031761923034526,True,10.05126645056488,0.967104117486005,2.083631075218952,0.967104117486005,0.032895882513995,0.0017221807666837,0.0022295793597286,0.0042997844290661,True,0.6115901052275797,0.3884098947724202,-0.2162908426293398,0.9281450304344,0.0718549695656,-1.3533723141498488,0.9959678628325196,0.0040321371674805,-3.2185274845717013,0.967104117486005,0.032895882513995,-2.083631075218952,1,0,0,0.0,1,1,1,1,,0,1,0,1,0,0,0,1.0,1.0,0.0,0.0,0.0,,0.2231802104551595,0.2162908426293398,0.8562900608688,1.3533723141498488,0.9919357256650391,3.2185274845717013,0.93420823497201,2.083631075218952,0.50914,0.5461171036470667,0.55998194
2026-01-29 12:30:00,2026-01-29 13:00:00,1,766.9,765.95,pivot,-0.9499999999999318,0.1459855,-1.2959854999999318,-40823.543249997856,1.0,2026-01-29,767.7,767.9,766.5,0.0,764.25,766.25,763.85,0.0,2026,0.0,0.0,0.0,0.0,0.0,0.0,0.0,0.0,0.0,0.0,0.0,0.0,0.0,0.0,0.0,1.0,2.0,2.0,0,12,3,1,63.476845922559306,0.9484079312354936,1.5878924244084909,0.9484079312354936,0.0515920687645065,0.0001226149059795,0.000149103003391,0.0014293122167423,True,29.60718827395889,0.9611485364332856,1.6903584052164116,0.9611485364332856,0.0388514635667144,0.0004201275110572,0.0004159609930625,0.0023087231420991,True,8.290988312218149,0.984164096899338,2.421149704315713,0.984164096899338,0.015835903100662,0.0008101905011788,0.0008998980609818,0.0031761923034526,True,22.47609429838253,0.9327328922908192,1.5558180644159292,0.9327328922908192,0.0672671077091806,0.0017221807666837,0.0022295793597286,0.0042997844290661,True,0.9484079312354936,0.0515920687645065,-1.5878924244084909,0.9611485364332856,0.0388514635667144,-1.6903584052164116,0.984164096899338,0.015835903100662,-2.421149704315713,0.9327328922908192,0.0672671077091806,-1.5558180644159292,1,0,0,0.0,1,1,1,1,,0,1,0,1,0,0,0,1.0,1.0,0.0,0.0,0.0,,0.8968158624709871,1.5878924244084909,0.9222970728665711,1.6903584052164116,0.9683281937986761,2.421149704315713,0.8654657845816387,1.5558180644159292,0.50914,0.5461171036470667,0.5971701
2026-01-30 10:40:00,2026-01-30 11:10:00,-1,777.8,775.2,pivot,2.599999999999909,0.14659,2.253409999999909,70982.41499999714,1.0,2026-01-30,776.35,779.75,776.25,0.0,772.15,775.35,771.35,0.0,2026,0.0,0.0,0.0,0.0,0.0,0.0,0.0,0.0,0.0,0.0,0.0,0.0,0.0,0.0,0.0,1.0,1.0,2.0,1,10,4,1,13.733225812814783,0.0172991846714658,-2.089751818191516,0.0172991846714658,0.982700815328534,8.320116467645673e-05,0.0001251663864782,0.0012509801770388,True,226.02358972329503,0.5968817304343982,0.1526692797117303,0.5968817304343982,0.4031182695656018,0.000299833222525,0.0003903870889543,0.0020487447792306,True,94.74351102154792,0.8255254930382024,0.9054816845559306,0.8255254930382024,0.1744745069617975,0.0007394164887031,0.0009204981339813,0.002376088129266,True,0.3855369927563042,0.9992400446652808,4.170800347604958,0.9992400446652808,0.0007599553347192,0.001640958135602,0.0018886666545656,0.0032371967174593,True,0.982700815328534,0.0172991846714658,-2.089751818191516,0.4031182695656018,0.5968817304343982,0.1526692797117303,0.1744745069617975,0.8255254930382024,0.9054816845559306,0.0007599553347192,0.9992400446652808,4.170800347604958,1,0,0,0.0,1,1,1,1,,0,1,1,0,1,0,0,1.0,1.0,0.0,0.0,0.0,,0.9654016306570682,2.089751818191516,-0.19376346086879637,0.1526692797117303,-0.6510509860764049,0.9054816845559306,-0.9984800893305616,4.170800347604958,0.5197103,0.5471199301033155,0.6044972
2026-01-30 11:35:00,2026-01-30 11:50:00,-1,765.85,768.85,pivot,-3.0,0.146041,-3.346041,-105400.2915,1.0,2026-01-30,767.5,770.05,765.6,0.0,770.6,771.4,768.85,0.0,2026,0.0,0.0,0.0,0.0,0.0,0.0,0.0,0.0,0.0,0.0,0.0,0.0,0.0,0.0,0.0,1.0,0.0,0.0,0,11,4,1,132.8786735496352,0.1315985929389271,-0.9405599780920954,0.1315985929389271,0.8684014070610728,-0.0001206995322666,-0.0001404071599854,0.0015141302522753,True,6.5242856900268045,0.0186464658210342,-2.5097885381354823,0.0186464658210342,0.9813535341789658,-0.000384819943852,-0.0003437031380768,0.0028412361304271,True,3.882069688849208,0.0091586917986535,-3.2308137754834965,0.0091586917986535,0.9908413082013464,-0.0007315767184166,-0.000643570241979,0.0038730908021826,True,0.349190030594398,0.0005663131230802,-4.256636170885282,0.0005663131230802,0.9994336868769198,-0.0012694843129628,-0.0009432001207483,0.0052322224993356,True,0.8684014070610728,0.1315985929389271,-0.9405599780920954,0.9813535341789658,0.0186464658210342,-2.5097885381354823,0.9908413082013464,0.0091586917986535,-3.2308137754834965,0.9994336868769198,0.0005663131230802,-4.256636170885282,1,0,0,0.0,1,1,1,1,,0,1,1,0,0,1,0,1.0,1.0,0.0,0.0,0.0,,0.7368028141221458,0.9405599780920954,0.9627070683579315,2.5097885381354823,0.9816826164026929,3.2308137754834965,0.9988673737538396,4.256636170885282,0.51689315,0.754331038341181,0.6024972
2026-01-30 11:50:00,2026-01-30 12:40:00,1,768.85,769.1,pivot,0.25,0.1461385,-0.09613849999999999,-3028.36275,1.0,2026-01-30,770.6,771.4,768.85,0.0,770.9,771.3,768.7,0.0,2026,0.0,0.0,0.0,0.0,0.0,0.0,0.0,0.0,0.0,0.0,0.0,0.0,0.0,0.0,0.0,1.0,1.0,0.0,0,11,4,1,119.89518915722176,0.9001992127949626,1.0815826807373607,0.9001992127949626,0.0998007872050373,-0.0001206995322666,-0.0001404071599854,0.0015141302522753,True,51.14506305342218,0.8994037562083648,1.1527397547004403,0.8994037562083648,0.1005962437916352,-0.000384819943852,-0.0003437031380768,0.0028412361304271,True,49.975256816699336,0.1263661873335992,-1.0068269161737504,0.1263661873335992,0.8736338126664007,-0.0007315767184166,-0.000643570241979,0.0038730908021826,True,12.692163559672338,0.0354084472922725,-1.7247966708158742,0.0354084472922725,0.9645915527077276,-0.0012694843129628,-0.0009432001207483,0.0052322224993356,True,0.9001992127949626,0.0998007872050373,-1.0815826807373607,0.8994037562083648,0.1005962437916352,-1.1527397547004403,0.1263661873335992,0.8736338126664007,1.0068269161737504,0.0354084472922725,0.9645915527077276,1.7247966708158742,1,0,0,0.0,1,1,1,1,,0,1,1,0,1,0,0,1.0,1.0,0.0,0.0,0.0,,0.8003984255899254,1.0815826807373607,0.7988075124167295,1.1527397547004403,-0.7472676253328016,1.0068269161737504,-0.929183105415455,1.7247966708158742,0.5006344,0.5456247809623225,0.5914633
2026-01-30 15:25:00,2026-01-30 15:30:00,1,771.2,768.5,pivot,-2.700000000000045,0.146191,-3.046191000000045,-95955.01650000142,1.0,2026-01-30,768.5,771.75,768.05,0.0,772.15,772.4,768.4,0.0,2026,0.0,0.0,0.0,0.0,0.0,0.0,0.0,0.0,0.0,0.0,0.0,0.0,0.0,0.0,0.0,1.0,1.0,0.0,0,15,4,1,4.568875069334868,0.0048694627161874,-3.305333444505187,0.0048694627161874,0.9951305372838124,-6.741010810357068e-05,-7.186296545863286e-05,0.0012286732798719,True,28.55733215267137,0.0498025963820065,-1.6045479593999492,0.0498025963820065,0.9501974036179934,-0.0001662053759737,-0.0001211229623413,0.0021789428872691,True,117.65427156971546,0.1658043838609302,-0.8376810224712892,0.1658043838609302,0.8341956161390698,-0.0002634087600175,-2.539382549012477e-05,0.0026704406536198,True,117.49903867164734,0.1750715943975368,-0.8924264727736688,0.1750715943975368,0.8249284056024632,-0.0004733509653072,-1.0594747698659816e-05,0.0031741581994283,True,0.0048694627161874,0.9951305372838124,3.305333444505187,0.0498025963820065,0.9501974036179934,1.6045479593999492,0.1658043838609302,0.8341956161390698,0.8376810224712892,0.1750715943975368,0.8249284056024632,0.8924264727736688,1,0,0,0.0,1,1,1,1,,0,1,0,0,1,0,0,1.0,1.0,0.0,0.0,0.0,,-0.990261074567625,3.305333444505187,-0.900394807235987,1.6045479593999492,-0.6683912322781396,0.8376810224712892,-0.6498568112049263,0.8924264727736688,0.5033306,0.5252038667227642,0.58451736
2026-02-02 10:25:00,2026-02-02 10:35:00,1,757.15,752.7,pivot,-4.449999999999932,0.1452955,-4.7952954999999315,-151051.80824999785,1.0,2026-02-02,757.05,759.25,756.8,0.0,753.35,754.85,752.7,0.0,2026,0.0,0.0,0.0,0.0,0.0,0.0,0.0,0.0,0.0,0.0,0.0,0.0,0.0,0.0,0.0,1.0,1.0,1.0,0,10,0,2,5.637991358925016,0.9894420310522112,3.123930320686904,0.9894420310522112,0.0105579689477888,-0.0002118774768641,-0.0002048271468546,0.0017775566447462,True,30.225806274569223,0.0642699226602962,-1.436102073236661,0.0642699226602962,0.9357300773397036,-0.0005671492181249,-0.0006697294684027,0.0030098129433481,True,107.80332594829972,0.3383437274306218,-0.2642459273808063,0.3383437274306218,0.6616562725693782,-0.0010440107505166,-0.0012336422534077,0.0042920502578484,True,93.73709904281924,0.5866210324225891,0.2085298640803993,0.5866210324225891,0.4133789675774109,-0.0020426598648261,-0.002268767916541,0.0055145190544064,True,0.9894420310522112,0.0105579689477888,-3.123930320686904,0.0642699226602962,0.9357300773397036,1.436102073236661,0.3383437274306218,0.6616562725693782,0.2642459273808063,0.5866210324225891,0.4133789675774109,-0.2085298640803993,1,0,0,0.0,1,1,1,1,,0,1,1,0,1,0,0,1.0,1.0,0.0,0.0,0.0,,0.9788840621044224,3.123930320686904,-0.8714601546794074,1.436102073236661,-0.3233125451387564,0.2642459273808063,0.17324206484517823,0.2085298640803993,0.50995404,0.5226119967949799,0.58606964
2026-02-02 10:35:00,2026-02-02 11:45:00,-1,752.7,743.6,pivot,9.100000000000025,0.144889,8.755111000000026,275785.9965000008,1.0,2026-02-02,753.35,754.85,752.7,0.0,740.35,743.95,740.25,0.0,2026,0.0,0.0,0.0,0.0,0.0,0.0,0.0,0.0,0.0,0.0,0.0,0.0,0.0,0.0,0.0,1.0,1.0,1.0,1,10,0,2,306.1672241083863,0.5449364102793907,0.0780754258295416,0.5449364102793907,0.4550635897206093,-0.0002118774768641,-0.0002048271468546,0.0017775566447462,True,66.49859171570621,0.8835872690308338,1.013422001105896,0.8835872690308338,0.1164127309691661,-0.0005671492181249,-0.0006697294684027,0.0030098129433481,True,21.073096214777703,0.0661313688233668,-1.3838525685753031,0.0661313688233668,0.9338686311766332,-0.0010440107505166,-0.0012336422534077,0.0042920502578484,True,60.54538584286377,0.2428668154532813,-0.5561112169833352,0.2428668154532813,0.7571331845467186,-0.0020426598648261,-0.002268767916541,0.0055145190544064,True,0.4550635897206093,0.5449364102793907,0.0780754258295416,0.1164127309691661,0.8835872690308338,1.013422001105896,0.9338686311766332,0.0661313688233668,-1.3838525685753031,0.7571331845467186,0.2428668154532813,-0.5561112169833352,1,0,0,0.0,1,1,1,1,,0,1,1,0,1,0,0,1.0,1.0,0.0,0.0,0.0,,-0.08987282055878137,0.0780754258295416,-0.7671745380616677,1.013422001105896,0.8677372623532664,1.3838525685753031,0.5142663690934374,0.5561112169833352,0.50995404,0.5226119967949799,0.58287907
2026-02-02 11:45:00,2026-02-02 13:15:00,1,743.6,729.0,pivot,-14.600000000000025,0.144178,-14.944178000000022,-470741.6070000007,1.0,2026-02-02,740.35,743.95,740.25,0.0,736.3,736.7,728.8,0.0,2026,0.0,0.0,0.0,0.0,0.0,0.0,0.0,0.0,0.0,0.0,0.0,0.0,0.0,0.0,0.0,1.0,0.0,0.0,0,11,0,2,71.26904200448656,0.9141401676038016,1.2106426676565776,0.9141401676038016,0.0858598323961985,-0.0002118774768641,-0.0002048271468546,0.0017775566447462,True,56.41229307582311,0.9022436327188516,1.1151718440931555,0.9022436327188516,0.0977563672811483,-0.0005671492181249,-0.0006697294684027,0.0030098129433481,True,120.58139882391316,0.6332634954931781,0.2874249319778889,0.6332634954931781,0.3667365045068219,-0.0010440107505166,-0.0012336422534077,0.0042920502578484,True,15.49481687306892,0.0584977775677951,-1.5124024784961194,0.0584977775677951,0.9415022224322048,-0.0020426598648261,-0.002268767916541,0.0055145190544064,True,0.9141401676038016,0.0858598323961985,-1.2106426676565776,0.9022436327188516,0.0977563672811483,-1.1151718440931555,0.6332634954931781,0.3667365045068219,-0.2874249319778889,0.0584977775677951,0.9415022224322048,1.5124024784961194,1,0,0,0.0,1,1,1,1,,0,1,1,0,0,1,0,1.0,1.0,0.0,0.0,0.0,,0.828280335207603,1.2106426676565776,0.8044872654377032,1.1151718440931555,0.2665269909863562,0.2874249319778889,-0.8830044448644098,1.5124024784961194,0.53361994,0.765994635048846,0.58745855
2026-02-02 13:15:00,2026-02-02 14:20:00,1,729.0,732.55,pivot,3.5499999999999545,0.1438465,3.2061534999999544,100993.83524999856,1.0,2026-02-02,736.3,736.7,728.8,0.0,731.9,733.65,731.45,0.0,2026,0.0,0.0,0.0,0.0,0.0,0.0,0.0,0.0,0.0,0.0,0.0,0.0,0.0,0.0,0.0,1.0,1.0,0.0,1,13,0,2,136.77671365915347,0.8436834623193791,0.8140261583398273,0.8436834623193791,0.1563165376806209,-0.0002118774768641,-0.0002048271468546,0.0017775566447462,True,43.25812005703013,0.0954462214340003,-1.1494614245893544,0.0954462214340003,0.9045537785659996,-0.0005671492181249,-0.0006697294684027,0.0030098129433481,True,10.377877688009251,0.039149993098735,-1.792132638249284,0.039149993098735,0.960850006901265,-0.0010440107505166,-0.0012336422534077,0.0042920502578484,True,2.3466982089079647,0.0105384407794097,-2.8482326480185813,0.0105384407794097,0.9894615592205902,-0.0020426598648261,-0.002268767916541,0.0055145190544064,True,0.8436834623193791,0.1563165376806209,-0.8140261583398273,0.0954462214340003,0.9045537785659996,1.1494614245893544,0.039149993098735,0.960850006901265,1.792132638249284,0.0105384407794097,0.9894615592205902,2.8482326480185813,1,0,0,0.0,1,1,1,1,,0,1,0,1,1,0,0,1.0,1.0,0.0,0.0,0.0,,0.6873669246387581,0.8140261583398273,-0.8091075571319993,1.1494614245893544,-0.92170001380253,1.792132638249284,-0.9789231184411805,2.8482326480185813,0.5006344,0.5226665008396641,0.58197093
2026-02-02 15:15:00,2026-02-02 15:45:00,1,725.05,722.6,eod,-2.449999999999932,0.1434295,-2.793429499999932,-87993.02924999785,1.0,2026-02-02,725.1,727.0,724.2,0.0,722.6,722.6,722.6,0.0,2026,0.0,0.0,0.0,0.0,0.0,0.0,0.0,0.0,0.0,0.0,0.0,0.0,0.0,0.0,0.0,1.0,1.0,0.0,0,15,0,2,6.147647061155839,0.0090372888216799,-3.094012359929056,0.0090372888216799,0.99096271117832,-0.0001038275151633,-0.0001143308343845,0.0013863703541745,True,251.61523952199667,0.6352653082138848,0.2686959043304722,0.6352653082138848,0.3647346917861152,-0.0003118353687677,-0.000409600869999,0.0022944322824991,True,8.076581820213343,0.0182757491032305,-2.4868772738412552,0.0182757491032305,0.9817242508967696,-0.0006152141337537,-0.0008046993292885,0.0028527773586915,True,3.022222690801996,0.0038309241228737,-4.064032766093,0.0038309241228737,0.9961690758771262,-0.0011760351188652,-0.0014905121304124,0.0032881402728166,True,0.0090372888216799,0.99096271117832,3.094012359929056,0.6352653082138848,0.3647346917861152,-0.2686959043304722,0.0182757491032305,0.9817242508967696,2.4868772738412552,0.0038309241228737,0.9961690758771262,4.064032766093,1,0,0,0.0,1,1,1,1,,0,1,0,0,1,0,0,1.0,1.0,0.0,0.0,0.0,,-0.9819254223566402,3.094012359929056,0.27053061642776965,0.2686959043304722,-0.9634485017935391,2.4868772738412552,-0.9923381517542526,4.064032766093,0.5033306,0.5367532219108834,0.55137444
2026-02-05 10:30:00,2026-02-05 11:35:00,1,773.95,763.05,pivot,-10.900000000000093,0.14611,-11.246110000000092,-354252.4650000029,1.0,2026-02-05,772.4,774.95,772.3,0.0,764.35,766.05,762.8,0.0,2026,0.0,0.0,0.0,0.0,0.0,0.0,0.0,0.0,0.0,0.0,0.0,0.0,0.0,0.0,0.0,1.0,1.0,1.0,0,10,3,2,12.665360261832902,0.0151341243774623,-2.4321515758410843,0.0151341243774623,0.9848658756225376,-0.0002118774768641,-0.0002048271468546,0.0017775566447462,True,129.791222212859,0.2734486848167142,-0.4445818636152642,0.2734486848167142,0.7265513151832859,-0.0005671492181249,-0.0006697294684027,0.0030098129433481,True,129.05515432577644,0.560063922867681,0.1515141165260358,0.560063922867681,0.4399360771323189,-0.0010440107505166,-0.0012336422534077,0.0042920502578484,True,87.70135637988719,0.4387462226810832,-0.0817043875753202,0.4387462226810832,0.5612537773189168,-0.0020426598648261,-0.002268767916541,0.0055145190544064,True,0.0151341243774623,0.9848658756225376,2.4321515758410843,0.2734486848167142,0.7265513151832859,0.4445818636152642,0.560063922867681,0.4399360771323189,-0.1515141165260358,0.4387462226810832,0.5612537773189168,0.0817043875753202,1,0,0,0.0,1,1,1,1,,0,1,1,0,1,0,0,1.0,1.0,0.0,0.0,0.0,,-0.9697317512450753,2.4321515758410843,-0.45310263036657167,0.4445818636152642,0.12012784573536212,0.1515141165260358,-0.12250755463783358,0.0817043875753202,0.50995404,0.514750732550002,0.5736257
2026-02-05 12:20:00,2026-02-05 12:55:00,1,759.5,755.0,pivot,-4.5,0.145435,-4.845434999999999,-152631.20249999998,1.0,2026-02-05,760.7,761.2,758.85,0.0,753.3,755.2,753.2,0.0,2026,0.0,0.0,0.0,0.0,0.0,0.0,0.0,0.0,0.0,0.0,0.0,0.0,0.0,0.0,0.0,1.0,1.0,0.0,0,12,3,2,308.70823278718484,0.5043328175834847,0.0039214458967052,0.5043328175834847,0.4956671824165153,-0.0002118774768641,-0.0002048271468546,0.0017775566447462,True,142.89793388062245,0.7136859493904556,0.4636629048836069,0.7136859493904556,0.2863140506095444,-0.0005671492181249,-0.0006697294684027,0.0030098129433481,True,10.358266374580086,0.0390990744428827,-1.7932565850555506,0.0390990744428827,0.9609009255571171,-0.0010440107505166,-0.0012336422534077,0.0042920502578484,True,54.177407462582615,0.2091879495558281,-0.661882862684914,0.2091879495558281,0.7908120504441718,-0.0020426598648261,-0.002268767916541,0.0055145190544064,True,0.5043328175834847,0.4956671824165153,-0.0039214458967052,0.7136859493904556,0.2863140506095444,-0.4636629048836069,0.0390990744428827,0.9609009255571171,1.7932565850555506,0.2091879495558281,0.7908120504441718,0.661882862684914,1,0,0,0.0,1,1,1,1,,0,1,0,1,1,0,0,1.0,1.0,0.0,0.0,0.0,,0.008665635166969388,0.0039214458967052,0.4273718987809112,0.4636629048836069,-0.9218018511142344,1.7932565850555506,-0.5816241008883437,0.661882862684914,0.5006344,0.5111154835108453,0.584872
2026-02-05 12:55:00,2026-02-05 13:20:00,1,755.0,753.15,pivot,-1.8500000000000227,0.1452445,-2.1952445000000225,-69150.2017500007,1.0,2026-02-05,753.3,755.2,753.2,0.0,753.35,754.75,752.75,0.0,2026,0.0,0.0,0.0,0.0,0.0,0.0,0.0,0.0,0.0,0.0,0.0,0.0,0.0,0.0,0.0,1.0,1.0,0.0,0,12,3,2,18.96329892520654,0.0228291462010213,-2.152076731034305,0.0228291462010213,0.9771708537989786,-0.0002118774768641,-0.0002048271468546,0.0017775566447462,True,62.623059897789496,0.1284313737631231,-0.941221642713755,0.1284313737631231,0.8715686262368769,-0.0005671492181249,-0.0006697294684027,0.0030098129433481,True,37.60000905393103,0.1110449944539293,-1.0199926032163944,0.1110449944539293,0.8889550055460707,-0.0010440107505166,-0.0012336422534077,0.0042920502578484,True,30.88077900263791,0.1134705902047523,-1.0711581655806337,0.1134705902047523,0.8865294097952476,-0.0020426598648261,-0.002268767916541,0.0055145190544064,True,0.0228291462010213,0.9771708537989786,2.152076731034305,0.1284313737631231,0.8715686262368769,0.941221642713755,0.1110449944539293,0.8889550055460707,1.0199926032163944,0.1134705902047523,0.8865294097952476,1.0711581655806337,1,0,0,0.0,1,1,1,1,,0,1,0,1,1,0,0,1.0,1.0,0.0,0.0,0.0,,-0.9543417075979573,2.152076731034305,-0.7431372524737538,0.941221642713755,-0.7779100110921413,1.0199926032163944,-0.7730588195904954,1.0711581655806337,0.5006344,0.5111154835108453,0.59244883
2026-02-05 13:20:00,2026-02-05 13:45:00,1,753.15,762.1,pivot,8.950000000000045,0.1454575,8.604542500000045,271043.08875000145,1.0,2026-02-05,753.35,754.75,752.75,0.0,761.95,762.5,760.7,0.0,2026,0.0,0.0,0.0,0.0,0.0,0.0,0.0,0.0,0.0,0.0,0.0,0.0,0.0,0.0,0.0,1.0,1.0,0.0,1,13,3,2,52.65365690590236,0.0782216570638698,-1.3241307789952674,0.0782216570638698,0.92177834293613,-0.0001913054173516,-0.000134318806079,0.0021459954588218,True,79.88641579426232,0.8098788555481262,0.7266494060199059,0.8098788555481262,0.1901211444518737,-0.0006182362654769,-0.0005670073135843,0.0037913391927257,True,61.48182371399917,0.2388478712038965,-0.5811906394043623,0.2388478712038965,0.7611521287961034,-0.0012326455795934,-0.0013283527465099,0.005332520621938,True,65.44325614426901,0.3999843252915183,-0.1689959910412609,0.3999843252915183,0.6000156747084817,-0.0026575728580834,-0.0029600746923808,0.0067324078974935,True,0.0782216570638698,0.92177834293613,1.3241307789952674,0.8098788555481262,0.1901211444518737,-0.7266494060199059,0.2388478712038965,0.7611521287961034,0.5811906394043623,0.3999843252915183,0.6000156747084817,0.1689959910412609,1,0,0,0.0,1,1,1,1,,0,1,0,1,1,0,0,1.0,1.0,0.0,0.0,0.0,,-0.8435566858722603,1.3241307789952674,0.6197577110962526,0.7266494060199059,-0.5223042575922069,0.5811906394043623,-0.20003134941696343,0.1689959910412609,0.5006344,0.5111154835108453,0.60529375
2026-02-06 10:25:00,2026-02-06 10:35:00,1,728.7,725.7,pivot,-3.0,0.143632,-3.343632,-105324.408,1.0,2026-02-06,728.25,729.4,725.7,0.0,731.1,731.1,725.7,0.0,2026,0.0,0.0,0.0,0.0,0.0,0.0,0.0,0.0,0.0,0.0,0.0,0.0,0.0,0.0,0.0,1.0,1.0,1.0,0,10,4,2,38.47255527436749,0.0546485668560347,-1.5663357674524216,0.0546485668560347,0.9453514331439652,-0.0001913054173516,-0.000134318806079,0.0021459954588218,True,8.875109115820708,0.0259284724127179,-2.1225356397692776,0.0259284724127179,0.974071527587282,-0.0006182362654769,-0.0005670073135843,0.0037913391927257,True,70.4175733087124,0.7578077600320303,0.5841837693862056,0.7578077600320303,0.2421922399679696,-0.0012326455795934,-0.0013283527465099,0.005332520621938,True,3.132742235319272,0.9760866324975372,2.2559215338580847,0.9760866324975372,0.0239133675024627,-0.0026575728580834,-0.0029600746923808,0.0067324078974935,True,0.0546485668560347,0.9453514331439652,1.5663357674524216,0.0259284724127179,0.974071527587282,2.1225356397692776,0.7578077600320303,0.2421922399679696,-0.5841837693862056,0.9760866324975372,0.0239133675024627,-2.2559215338580847,1,0,0,0.0,1,1,1,1,,0,1,1,0,1,0,0,1.0,1.0,0.0,0.0,0.0,,-0.8907028662879305,1.5663357674524216,-0.9481430551745641,2.1225356397692776,0.5156155200640608,0.5841837693862056,0.9521732649950745,2.2559215338580847,0.50995404,0.5087867545378166,0.63178873
2026-02-06 10:35:00,2026-02-06 11:00:00,-1,725.7,740.1,pivot,-14.399999999999975,0.143974,-14.743973999999977,-464435.1809999993,1.0,2026-02-06,731.1,731.1,725.7,0.0,744.35,744.9,739.85,0.0,2026,0.0,0.0,0.0,0.0,0.0,0.0,0.0,0.0,0.0,0.0,0.0,0.0,0.0,0.0,0.0,1.0,1.0,1.0,0,10,4,2,235.6118268197991,0.4474122319552965,-0.1293305692234708,0.4474122319552965,0.5525877680447036,-0.0001913054173516,-0.000134318806079,0.0021459954588218,True,76.26311230182966,0.1844040447638693,-0.754351086210972,0.1844040447638693,0.8155959552361307,-0.0006182362654769,-0.0005670073135843,0.0037913391927257,True,13.897874938423206,0.0500140581489082,-1.6977984082839923,0.0500140581489082,0.9499859418510918,-0.0012326455795934,-0.0013283527465099,0.005332520621938,True,9.01273151373566,0.9558153153385432,1.5965538603783378,0.9558153153385432,0.0441846846614568,-0.0026575728580834,-0.0029600746923808,0.0067324078974935,True,0.5525877680447036,0.4474122319552965,-0.1293305692234708,0.8155959552361307,0.1844040447638693,-0.754351086210972,0.9499859418510918,0.0500140581489082,-1.6977984082839923,0.0441846846614568,0.9558153153385432,1.5965538603783378,1,0,0,0.0,1,1,1,1,,0,1,1,0,1,0,0,1.0,1.0,0.0,0.0,0.0,,0.10517553608940705,0.1293305692234708,0.6311919104722614,0.754351086210972,0.8999718837021835,1.6977984082839923,-0.9116306306770865,1.5965538603783378,0.50995404,0.5087867545378166,0.61517775
2026-02-06 11:00:00,2026-02-06 11:35:00,1,740.1,749.8,pivot,9.699999999999932,0.144697,9.35530299999993,294692.0444999978,1.0,2026-02-06,744.35,744.9,739.85,0.0,751.45,751.8,749.7,0.0,2026,0.0,0.0,0.0,0.0,0.0,0.0,0.0,0.0,0.0,0.0,0.0,0.0,0.0,0.0,0.0,1.0,2.0,2.0,1,11,4,2,19.01325753205632,0.9638037130236918,1.8985471836570635,0.9638037130236918,0.0361962869763081,-0.0001913054173516,-0.000134318806079,0.0021459954588218,True,3.7941981357731134,0.9831024028111592,2.448434644438993,0.9831024028111592,0.0168975971888408,-0.0006182362654769,-0.0005670073135843,0.0037913391927257,True,3.1880304533802764,0.9852042542338016,2.5387962767411136,0.9852042542338016,0.0147957457661984,-0.0012326455795934,-0.0013283527465099,0.005332520621938,True,3.0052079887150063,0.9741408197592696,2.1615491989300737,0.9741408197592696,0.0258591802407303,-0.0026575728580834,-0.0029600746923808,0.0067324078974935,True,0.9638037130236918,0.0361962869763081,-1.8985471836570635,0.9831024028111592,0.0168975971888408,-2.448434644438993,0.9852042542338016,0.0147957457661984,-2.5387962767411136,0.9741408197592696,0.0258591802407303,-2.1615491989300737,1,0,0,0.0,1,1,1,1,,0,1,1,0,0,0,0,1.0,1.0,0.0,0.0,0.0,,0.9276074260473838,1.8985471836570635,0.9662048056223185,2.448434644438993,0.9704085084676033,2.5387962767411136,0.9482816395185393,2.1615491989300737,0.50914,0.5491119538034389,0.59750265
2026-02-06 11:35:00,2026-02-06 12:15:00,1,749.8,743.65,pivot,-6.149999999999977,0.1448035,-6.4948034999999775,-204586.31024999928,1.0,2026-02-06,751.45,751.8,749.7,0.0,743.55,745.4,743.1,0.0,2026,0.0,0.0,0.0,0.0,0.0,0.0,0.0,0.0,0.0,0.0,0.0,0.0,0.0,0.0,0.0,1.0,2.0,2.0,0,11,4,2,10.19624687078328,0.9851569692484892,2.389012523289652,0.9851569692484892,0.0148430307515108,-0.0001206995322666,-0.0001404071599854,0.0015141302522753,True,56.87714320117209,0.8891672155132347,1.0854683149325826,0.8891672155132347,0.1108327844867652,-0.000384819943852,-0.0003437031380768,0.0028412361304271,True,1.8430082771988103,0.9973534863317914,3.304416386366757,0.9973534863317914,0.0026465136682085,-0.0007315767184166,-0.000643570241979,0.0038730908021826,True,1.6187297748435173e-05,1.0,5.57531531557486,1.0,0.0,-0.0012694843129628,-0.0009432001207483,0.0052322224993356,True,0.9851569692484892,0.0148430307515108,-2.389012523289652,0.8891672155132347,0.1108327844867652,-1.0854683149325826,0.9973534863317914,0.0026465136682085,-3.304416386366757,1.0,0.0,-5.57531531557486,1,0,0,0.0,1,1,1,1,,0,1,1,0,0,0,0,1.0,1.0,0.0,0.0,0.0,,0.9703139384969783,2.389012523289652,0.7783344310264695,1.0854683149325826,0.994706972663583,3.304416386366757,1.0,5.57531531557486,0.50914,0.5491119538034389,0.58321065
2026-02-09 10:40:00,2026-02-09 12:05:00,-1,777.55,780.05,pivot,-2.5,0.146728,-2.846728,-89671.932,1.0,2026-02-09,780.35,780.7,776.95,0.0,782.25,782.55,779.9,0.0,2026,0.0,0.0,0.0,0.0,0.0,0.0,0.0,0.0,0.0,0.0,0.0,0.0,0.0,0.0,0.0,1.0,1.0,1.0,0,10,0,2,281.6600192705962,0.6488944740074943,0.3041507780144272,0.6488944740074943,0.3511055259925056,0.0001555691288835,0.0001695835304234,0.0015484077270597,True,62.08947057400355,0.1021466012832438,-1.1440910480492186,0.1021466012832438,0.8978533987167562,0.000484749414705,0.0005010239684575,0.0025621337096517,True,39.07454052487785,0.0902339826711731,-1.183514783780179,0.0902339826711731,0.9097660173288268,0.0009406174005677,0.0010897594438514,0.0035677238181197,True,30.348629883697186,0.068988480201667,-1.3104787198169352,0.068988480201667,0.9310115197983329,0.0018178679148432,0.0023608136075202,0.0045815606477937,True,0.3511055259925056,0.6488944740074943,0.3041507780144272,0.8978533987167562,0.1021466012832438,-1.1440910480492186,0.9097660173288268,0.0902339826711731,-1.183514783780179,0.9310115197983329,0.068988480201667,-1.3104787198169352,1,0,0,0.0,1,1,1,1,,0,1,1,0,1,0,0,1.0,1.0,0.0,0.0,0.0,,-0.29778894801498873,0.3041507780144272,0.7957067974335124,1.1440910480492186,0.8195320346576537,1.183514783780179,0.8620230395966658,1.3104787198169352,0.50995404,0.5226119967949799,0.5783756
2026-02-10 08:45:00,2026-02-10 10:30:00,1,783.8,783.3,pivot,-0.5,0.147013,-0.847013,-26680.9095,1.0,2026-02-10,786.6,787.2,783.8,0.0,780.65,783.35,780.45,0.0,2026,0.0,0.0,0.0,0.0,0.0,0.0,0.0,0.0,0.0,0.0,0.0,0.0,0.0,0.0,0.0,1.0,1.0,1.0,0,8,1,2,4.222037769542155,0.998392327998894,4.502580163077106,0.998392327998894,0.0016076720011061,8.320116467645673e-05,0.0001251663864782,0.0012509801770388,True,10.603049031090135,0.983382760953974,2.33808683112928,0.983382760953974,0.0166172390460258,0.000299833222525,0.0003903870889543,0.0020487447792306,True,146.546988020295,0.6754185046352398,0.3649986295794037,0.6754185046352398,0.3245814953647602,0.0007394164887031,0.0009204981339813,0.002376088129266,True,108.09343542566064,0.6046501260900464,0.2058156517080734,0.6046501260900464,0.3953498739099536,0.001640958135602,0.0018886666545656,0.0032371967174593,True,0.998392327998894,0.0016076720011061,-4.502580163077106,0.983382760953974,0.0166172390460258,-2.33808683112928,0.6754185046352398,0.3245814953647602,-0.3649986295794037,0.6046501260900464,0.3953498739099536,-0.2058156517080734,1,0,0,0.0,1,1,1,1,,0,1,0,0,1,0,0,1.0,1.0,0.0,0.0,0.0,,0.9967846559977879,4.502580163077106,0.9667655219079483,2.33808683112928,0.35083700927047956,0.3649986295794037,0.20930025218009285,0.2058156517080734,0.50995404,0.5127522255285921,0.57550895
2026-02-10 10:30:00,2026-02-10 11:15:00,-1,783.3,786.25,pivot,-2.950000000000045,0.1470865,-3.2970865000000456,-103858.22475000143,1.0,2026-02-10,780.65,783.35,780.45,0.0,785.7,786.5,784.8,0.0,2026,0.0,0.0,0.0,0.0,0.0,0.0,0.0,0.0,0.0,0.0,0.0,0.0,0.0,0.0,0.0,1.0,1.0,1.0,0,10,1,2,66.44721642784538,0.0526908069901633,-1.370231895627951,0.0526908069901633,0.9473091930098366,8.320116467645673e-05,0.0001251663864782,0.0012509801770388,True,36.11269667190025,0.0534541239608978,-1.4308873914897011,0.0534541239608978,0.946545876039102,0.000299833222525,0.0003903870889543,0.0020487447792306,True,62.09930786787771,0.0759348321698286,-1.2966165252440285,0.0759348321698286,0.9240651678301712,0.0007394164887031,0.0009204981339813,0.002376088129266,True,112.1845285675053,0.262020883277,-0.7013008945465206,0.262020883277,0.7379791167229999,0.001640958135602,0.0018886666545656,0.0032371967174593,True,0.9473091930098366,0.0526908069901633,-1.370231895627951,0.946545876039102,0.0534541239608978,-1.4308873914897011,0.9240651678301712,0.0759348321698286,-1.2966165252440285,0.7379791167229999,0.262020883277,-0.7013008945465206,1,0,0,0.0,1,1,1,1,,0,1,1,0,1,0,0,1.0,1.0,0.0,0.0,0.0,,0.8946183860196734,1.370231895627951,0.8930917520782042,1.4308873914897011,0.8481303356603427,1.2966165252440285,0.47595823344599986,0.7013008945465206,0.50995404,0.5183491920167113,0.592016
2026-02-11 11:10:00,2026-02-11 11:15:00,1,785.0,786.55,pivot,1.5499999999999543,0.1471465,1.2028534999999545,37889.885249998566,1.0,2026-02-11,786.5,786.9,784.7,0.0,787.7,787.75,786.55,0.0,2026,0.0,0.0,0.0,0.0,0.0,0.0,0.0,0.0,0.0,0.0,0.0,0.0,0.0,0.0,0.0,1.0,1.0,2.0,1,11,2,2,222.65986409612373,0.2270450319761799,-0.6027682537441279,0.2270450319761799,0.77295496802382,0.0001555691288835,0.0001695835304234,0.0015484077270597,True,144.6579606867788,0.2571840970458697,-0.5432995208608251,0.2571840970458697,0.7428159029541302,0.000484749414705,0.0005010239684575,0.0025621337096517,True,136.6129027584294,0.4149851525996508,-0.2162048196207062,0.4149851525996508,0.5850148474003491,0.0009406174005677,0.0010897594438514,0.0035677238181197,True,96.28480460683896,0.5537902574485914,-0.000490395583844,0.5537902574485914,0.4462097425514085,0.0018178679148432,0.0023608136075202,0.0045815606477937,True,0.2270450319761799,0.77295496802382,0.6027682537441279,0.2571840970458697,0.7428159029541302,0.5432995208608251,0.4149851525996508,0.5850148474003491,0.2162048196207062,0.5537902574485914,0.4462097425514085,0.000490395583844,1,0,0,0.0,1,1,1,1,,0,1,1,0,1,0,0,1.0,1.0,0.0,0.0,0.0,,-0.5459099360476402,0.6027682537441279,-0.48563180590826055,0.5432995208608251,-0.17002969480069835,0.2162048196207062,0.10758051489718296,0.000490395583844,0.50914,0.5124193333359031,0.6058451
2026-02-11 11:15:00,2026-02-11 12:10:00,1,786.55,788.0,pivot,1.4500000000000457,0.1472365,1.1027635000000455,34737.05025000143,1.0,2026-02-11,787.7,787.75,786.55,0.0,787.1,788.45,787.1,0.0,2026,0.0,0.0,0.0,0.0,0.0,0.0,0.0,0.0,0.0,0.0,0.0,0.0,0.0,0.0,0.0,1.0,1.0,2.0,1,11,2,2,305.1475986650304,0.3464863745901806,-0.3151520631122103,0.3464863745901806,0.6535136254098194,0.0001555691288835,0.0001695835304234,0.0015484077270597,True,169.80239686223743,0.3277475557767007,-0.369518611487624,0.3277475557767007,0.6722524442232993,0.000484749414705,0.0005010239684575,0.0025621337096517,True,136.99140957130547,0.4586573698672223,-0.1268748508780812,0.4586573698672223,0.5413426301327777,0.0009406174005677,0.0010897594438514,0.0035677238181197,True,102.52576109147869,0.5031632376964685,-0.1117718820598936,0.5031632376964685,0.4968367623035314,0.0018178679148432,0.0023608136075202,0.0045815606477937,True,0.3464863745901806,0.6535136254098194,0.3151520631122103,0.3277475557767007,0.6722524442232993,0.369518611487624,0.4586573698672223,0.5413426301327777,0.1268748508780812,0.5031632376964685,0.4968367623035314,0.1117718820598936,1,0,0,0.0,1,1,1,1,,0,1,1,0,1,0,0,1.0,1.0,0.0,0.0,0.0,,-0.3070272508196388,0.3151520631122103,-0.3445048884465986,0.369518611487624,-0.08268526026555545,0.1268748508780812,0.006326475392937125,0.1117718820598936,0.50914,0.5124193333359031,0.6104268
2026-02-12 10:40:00,2026-02-12 10:45:00,1,809.85,811.25,pivot,1.3999999999999773,0.148633,1.0513669999999773,33118.06049999929,1.0,2026-02-12,811.3,811.65,809.7,0.0,813.0,813.3,811.2,0.0,2026,0.0,0.0,0.0,0.0,0.0,0.0,0.0,0.0,0.0,0.0,0.0,0.0,0.0,0.0,0.0,1.0,1.0,2.0,1,10,3,2,205.7006144744724,0.779545719225349,0.6498729671655439,0.779545719225349,0.220454280774651,0.0001555691288835,0.0001695835304234,0.0015484077270597,True,131.6528288800425,0.7537115260211944,0.6018931108582983,0.7537115260211944,0.2462884739788056,0.000484749414705,0.0005010239684575,0.0025621337096517,True,99.6119345755923,0.7135198094368377,0.458380605091483,0.7135198094368377,0.2864801905631623,0.0009406174005677,0.0010897594438514,0.0035677238181197,True,55.53288459908859,0.7739996652814103,0.6488034528744548,0.7739996652814103,0.2260003347185897,0.0018178679148432,0.0023608136075202,0.0045815606477937,True,0.779545719225349,0.220454280774651,-0.6498729671655439,0.7537115260211944,0.2462884739788056,-0.6018931108582983,0.7135198094368377,0.2864801905631623,-0.458380605091483,0.7739996652814103,0.2260003347185897,-0.6488034528744548,1,0,0,0.0,1,1,1,1,,0,1,1,0,1,0,0,1.0,1.0,0.0,0.0,0.0,,0.559091438450698,0.6498729671655439,0.5074230520423888,0.6018931108582983,0.42703961887367536,0.458380605091483,0.5479993305628206,0.6488034528744548,0.5197103,0.5456067839324945,0.61482275
2026-02-12 10:45:00,2026-02-12 11:15:00,1,811.25,813.3,pivot,2.0499999999999545,0.1487365,1.7012634999999545,53589.80024999857,1.0,2026-02-12,813.0,813.3,811.2,0.0,811.75,813.5,811.5,0.0,2026,0.0,0.0,0.0,0.0,0.0,0.0,0.0,0.0,0.0,0.0,0.0,0.0,0.0,0.0,0.0,1.0,1.0,2.0,1,10,3,2,124.294017510934,0.879718592608271,1.047835298262998,0.879718592608271,0.1202814073917289,0.0001555691288835,0.0001695835304234,0.0015484077270597,True,42.37335193645323,0.9323753538428904,1.4464982786789593,0.9323753538428904,0.0676246461571097,0.000484749414705,0.0005010239684575,0.0025621337096517,True,96.57949659318518,0.7251369282441399,0.4917177711801311,0.7251369282441399,0.2748630717558601,0.0009406174005677,0.0010897594438514,0.0035677238181197,True,54.99041028848384,0.7768894100768817,0.6602617187471029,0.7768894100768817,0.2231105899231182,0.0018178679148432,0.0023608136075202,0.0045815606477937,True,0.879718592608271,0.1202814073917289,-1.047835298262998,0.9323753538428904,0.0676246461571097,-1.4464982786789593,0.7251369282441399,0.2748630717558601,-0.4917177711801311,0.7768894100768817,0.2231105899231182,-0.6602617187471029,1,0,0,0.0,1,1,1,1,,0,1,1,0,1,0,0,1.0,1.0,0.0,0.0,0.0,,0.7594371852165421,1.047835298262998,0.8647507076857807,1.4464982786789593,0.4502738564882798,0.4917177711801311,0.5537788201537636,0.6602617187471029,0.5197103,0.5456067839324945,0.61161995
2026-02-13 10:25:00,2026-02-13 11:00:00,1,817.7,818.1,pivot,0.3999999999999772,0.149074,0.05092599999997721,1604.1689999992823,1.0,2026-02-13,817.6,818.45,816.25,0.0,819.75,820.5,818.05,0.0,2026,0.0,0.0,0.0,0.0,0.0,0.0,0.0,0.0,0.0,0.0,0.0,0.0,0.0,0.0,0.0,1.0,1.0,1.0,1,10,4,2,222.281600516398,0.2471928397011943,-0.5617919827891966,0.2471928397011943,0.7528071602988057,0.0001814449147432,0.0001906135095249,0.0016492563036627,True,87.08448366874921,0.8486307012074986,0.9457531740951256,0.8486307012074986,0.1513692987925013,0.0005948242060605,0.0005721629791722,0.0027085041669102,True,92.85962972842026,0.7219464848109485,0.4896138525150304,0.7219464848109485,0.2780535151890515,0.0010830579493152,0.001194561318592,0.0037092519766836,True,9.627371403960966,0.0222791069256005,-1.9232737347776008,0.0222791069256005,0.9777208930743996,0.0019058082072055,0.0024211827232597,0.0046925695065794,True,0.2471928397011943,0.7528071602988057,0.5617919827891966,0.8486307012074986,0.1513692987925013,-0.9457531740951256,0.7219464848109485,0.2780535151890515,-0.4896138525150304,0.0222791069256005,0.9777208930743996,1.9232737347776008,1,0,0,0.0,1,1,1,1,,0,1,1,0,1,0,0,1.0,1.0,0.0,0.0,0.0,,-0.5056143205976114,0.5617919827891966,0.6972614024149973,0.9457531740951256,0.44389296962189695,0.4896138525150304,-0.955441786148799,1.9232737347776008,0.50995404,0.5087867545378166,0.6028428
2026-02-13 15:30:00,2026-02-13 15:45:00,1,814.85,814.0,eod,-0.8500000000000227,0.1488655,-1.1988655000000228,-37764.26325000072,1.0,2026-02-13,814.85,815.5,814.6,0.0,814.0,814.0,814.0,0.0,2026,0.0,0.0,0.0,0.0,0.0,0.0,0.0,0.0,0.0,0.0,0.0,0.0,0.0,0.0,0.0,1.0,1.0,0.0,0,15,4,2,226.46842994100064,0.2161401107882096,-0.5506814822081727,0.2161401107882096,0.7838598892117904,-0.000122920221415,-0.0001494591226472,0.001508372564283,True,237.45843813361512,0.5737472922802093,0.1798793607591841,0.5737472922802093,0.4262527077197907,-0.0003708022259478,-0.0005120877218261,0.0025061453534664,True,83.03644292124136,0.8565507265929395,0.8517317015552465,0.8565507265929395,0.1434492734070604,-0.0007154702757542,-0.0009916412440942,0.0032527966023298,True,19.095654188933874,0.0978237132791118,-1.2842585284768897,0.0978237132791118,0.9021762867208882,-0.0012908623152558,-0.0017318347906087,0.0041201278164262,True,0.2161401107882096,0.7838598892117904,0.5506814822081727,0.5737472922802093,0.4262527077197907,-0.1798793607591841,0.8565507265929395,0.1434492734070604,-0.8517317015552465,0.0978237132791118,0.9021762867208882,1.2842585284768897,1,0,0,0.0,1,1,1,1,,0,1,0,0,1,0,0,1.0,1.0,0.0,0.0,0.0,,-0.5677197784235808,0.5506814822081727,0.14749458456041858,0.1798793607591841,0.7131014531858791,0.8517317015552465,-0.8043525734417765,1.2842585284768897,0.5033306,0.5252038667227642,0.59077597
2026-02-19 10:35:00,2026-02-19 10:50:00,-1,833.15,834.75,pivot,-1.6000000000000227,0.150037,-1.950037000000023,-61426.16550000072,1.0,2026-02-19,831.0,833.25,830.2,0.0,835.7,835.75,833.6,0.0,2026,0.0,0.0,0.0,0.0,0.0,0.0,0.0,0.0,0.0,0.0,0.0,0.0,0.0,0.0,0.0,1.0,1.0,1.0,0,10,3,2,148.81331030146893,0.1660403851305826,-0.829999575081337,0.1660403851305826,0.8339596148694174,0.0001921141593241,0.0001914032199476,0.0016740232491575,True,28.48757025132089,0.0608986739464535,-1.5406505431690234,0.0608986739464535,0.9391013260535463,0.0005608125224297,0.0005308853225868,0.0027521703665559,True,15.274992029638655,0.0423832482103948,-1.779985428200731,0.0423832482103948,0.9576167517896051,0.0010578724291854,0.0011619044288579,0.0037421776539547,True,33.15980005433437,0.0861774785067867,-1.2385107971536151,0.0861774785067867,0.9138225214932132,0.0019846913560213,0.0024782071797699,0.0047547678165201,True,0.8339596148694174,0.1660403851305826,-0.829999575081337,0.9391013260535463,0.0608986739464535,-1.5406505431690234,0.9576167517896051,0.0423832482103948,-1.779985428200731,0.9138225214932132,0.0861774785067867,-1.2385107971536151,1,0,0,0.0,1,1,1,1,,0,1,1,0,1,0,0,1.0,1.0,0.0,0.0,0.0,,0.6679192297388348,0.829999575081337,0.8782026521070928,1.5406505431690234,0.9152335035792103,1.779985428200731,0.8276450429864265,1.2385107971536151,0.50995404,0.514750732550002,0.60929
2026-02-19 10:50:00,2026-02-19 12:15:00,-1,834.75,836.3,pivot,-1.5499999999999543,0.1501315,-1.9001314999999546,-59854.14224999857,1.0,2026-02-19,835.7,835.75,833.6,0.0,837.15,837.35,835.9,0.0,2026,0.0,0.0,0.0,0.0,0.0,0.0,0.0,0.0,0.0,0.0,0.0,0.0,0.0,0.0,0.0,1.0,1.0,1.0,0,10,3,2,8.051320750877963,0.9896164558245698,2.503715063760596,0.9896164558245698,0.0103835441754301,0.0001921141593241,0.0001914032199476,0.0016740232491575,True,171.76089295552563,0.4963042135994861,0.0030551219021542,0.4963042135994861,0.5036957864005138,0.0005608125224297,0.0005308853225868,0.0027521703665559,True,38.90724105704939,0.100904942894067,-1.157576881276351,0.100904942894067,0.899095057105933,0.0010578724291854,0.0011619044288579,0.0037421776539547,True,14.363912332453571,0.036493873782231,-1.7147173305783627,0.036493873782231,0.963506126217769,0.0019846913560213,0.0024782071797699,0.0047547678165201,True,0.0103835441754301,0.9896164558245698,2.503715063760596,0.5036957864005138,0.4963042135994861,0.0030551219021542,0.899095057105933,0.100904942894067,-1.157576881276351,0.963506126217769,0.036493873782231,-1.7147173305783627,1,0,0,0.0,1,1,1,1,,0,1,1,0,1,0,0,1.0,1.0,0.0,0.0,0.0,,-0.9792329116491397,2.503715063760596,0.0073915728010277015,0.0030551219021542,0.7981901142118659,1.157576881276351,0.927012252435538,1.7147173305783627,0.50995404,0.514750732550002,0.6018993
2026-02-20 10:35:00,2026-02-20 10:50:00,1,850.3,849.65,pivot,-0.6499999999999773,0.1509985,-1.0009984999999773,-31531.452749999284,1.0,2026-02-20,851.25,852.05,849.7,0.0,852.1,852.95,849.2,0.0,2026,0.0,0.0,0.0,0.0,0.0,0.0,0.0,0.0,0.0,0.0,0.0,0.0,0.0,0.0,0.0,1.0,1.0,2.0,0,10,4,2,367.1257475924063,0.5700207959378976,0.0898629023506088,0.5700207959378976,0.4299792040621024,0.0001096963806892,0.0001695925546529,0.0013921854338034,True,202.05558920200008,0.3045816981585642,-0.4432789065255779,0.3045816981585642,0.6954183018414358,0.0004192063788032,0.0005683735827276,0.0023454994253716,True,162.350173668132,0.5383354497607644,0.0096879431095119,0.5383354497607644,0.4616645502392356,0.0008860713301972,0.0010942358155391,0.0026920418912239,True,97.17800897480684,0.6669952148277841,0.3633756172574881,0.6669952148277841,0.3330047851722159,0.0018824868936454,0.0021841101576929,0.0037372217953241,True,0.5700207959378976,0.4299792040621024,-0.0898629023506088,0.3045816981585642,0.6954183018414358,0.4432789065255779,0.5383354497607644,0.4616645502392356,-0.0096879431095119,0.6669952148277841,0.3330047851722159,-0.3633756172574881,1,0,0,0.0,1,1,1,1,,0,1,1,0,1,0,0,1.0,1.0,0.0,0.0,0.0,,0.14004159187579518,0.0898629023506088,-0.39083660368287165,0.4432789065255779,0.07667089952152883,0.0096879431095119,0.33399042965556824,0.3633756172574881,0.5197103,0.539642805920309,0.60995245
2026-02-20 10:50:00,2026-02-20 11:35:00,1,849.65,851.85,pivot,2.200000000000045,0.151045,1.8489550000000456,58242.08250000144,1.0,2026-02-20,852.1,852.95,849.2,0.0,851.65,852.35,851.15,0.0,2026,0.0,0.0,0.0,0.0,0.0,0.0,0.0,0.0,0.0,0.0,0.0,0.0,0.0,0.0,0.0,1.0,1.0,1.0,1,10,4,2,35.31430162028346,0.0320041876488293,-1.7691387746262517,0.0320041876488293,0.9679958123511706,0.0001096963806892,0.0001695925546529,0.0013921854338034,True,193.54543050054227,0.6212262924592861,0.1845883139929126,0.6212262924592861,0.3787737075407139,0.0004192063788032,0.0005683735827276,0.0023454994253716,True,164.541537886126,0.4412163988758161,-0.2095982562743912,0.4412163988758161,0.5587836011241838,0.0008860713301972,0.0010942358155391,0.0026920418912239,True,91.53228505515725,0.7394454661328026,0.5680177213125376,0.7394454661328026,0.2605545338671974,0.0018824868936454,0.0021841101576929,0.0037372217953241,True,0.0320041876488293,0.9679958123511706,1.7691387746262517,0.6212262924592861,0.3787737075407139,-0.1845883139929126,0.4412163988758161,0.5587836011241838,0.2095982562743912,0.7394454661328026,0.2605545338671974,-0.5680177213125376,1,0,0,0.0,1,1,1,1,,0,1,1,0,1,0,0,1.0,1.0,0.0,0.0,0.0,,-0.9359916247023413,1.7691387746262517,0.2424525849185722,0.1845883139929126,-0.1175672022483677,0.2095982562743912,0.4788909322656052,0.5680177213125376,0.50995404,0.5087867545378166,0.6187651
2026-02-23 10:30:00,2026-02-23 11:35:00,-1,869.7,869.85,pivot,-0.1499999999999772,0.1521865,-0.5021864999999772,-15818.874749999284,1.0,2026-02-23,873.65,874.0,869.6,0.0,869.9,870.35,869.0,0.0,2026,0.0,0.0,0.0,0.0,0.0,0.0,0.0,0.0,0.0,0.0,0.0,0.0,0.0,0.0,0.0,1.0,1.0,1.0,0,10,0,2,238.9192992733149,0.2949002527009244,-0.4543731986632187,0.2949002527009244,0.7050997472990757,0.0001906778644386,0.0001834243938184,0.001665343433139,True,33.91428199901008,0.0695184383930765,-1.4408789597703762,0.0695184383930765,0.9304815616069234,0.0005608125224297,0.0005308853225868,0.0027521703665559,True,18.016535711331212,0.049227047098996,-1.670799708851979,0.049227047098996,0.950772952901004,0.0010578724291854,0.0011619044288579,0.0037421776539547,True,98.67574888450808,0.4298166792847155,-0.2557160704819446,0.4298166792847155,0.5701833207152844,0.0019846913560213,0.0024782071797699,0.0047547678165201,True,0.7050997472990757,0.2949002527009244,-0.4543731986632187,0.9304815616069234,0.0695184383930765,-1.4408789597703762,0.950772952901004,0.049227047098996,-1.670799708851979,0.5701833207152844,0.4298166792847155,-0.2557160704819446,1,0,0,0.0,1,1,1,1,,0,1,1,0,1,0,0,1.0,1.0,0.0,0.0,0.0,,0.41019949459815125,0.4543731986632187,0.8609631232138469,1.4408789597703762,0.9015459058020081,1.670799708851979,0.14036664143056893,0.2557160704819446,0.50995404,0.5226119967949799,0.6264931
2026-02-23 12:20:00,2026-02-23 12:30:00,-1,865.1,863.05,pivot,2.050000000000068,0.1518445,1.6981555000000683,53491.89825000215,1.0,2026-02-23,863.1,865.15,862.9,0.0,862.85,863.55,861.65,0.0,2026,0.0,0.0,0.0,0.0,0.0,0.0,0.0,0.0,0.0,0.0,0.0,0.0,0.0,0.0,0.0,1.0,1.0,0.0,1,12,0,2,175.5989393698695,0.1982540035269122,-0.7320040198176593,0.1982540035269122,0.8017459964730878,0.0001906778644386,0.0001834243938184,0.001665343433139,True,117.33404110948972,0.2211493264415322,-0.6527538554355758,0.2211493264415322,0.7788506735584678,0.0005608125224297,0.0005308853225868,0.0027521703665559,True,54.44647532868324,0.1334102894954522,-0.9711173306821588,0.1334102894954522,0.8665897105045478,0.0010578724291854,0.0011619044288579,0.0037421776539547,True,67.97162648300731,0.6823500532020584,0.3644365392447659,0.6823500532020584,0.3176499467979415,0.0019846913560213,0.0024782071797699,0.0047547678165201,True,0.8017459964730878,0.1982540035269122,-0.7320040198176593,0.7788506735584678,0.2211493264415322,-0.6527538554355758,0.8665897105045478,0.1334102894954522,-0.9711173306821588,0.3176499467979415,0.6823500532020584,0.3644365392447659,1,0,0,0.0,1,1,1,1,,0,1,0,1,1,0,0,1.0,1.0,0.0,0.0,0.0,,0.6034919929461755,0.7320040198176593,0.5577013471169356,0.6527538554355758,0.7331794210090956,0.9711173306821588,-0.36470010640411693,0.3644365392447659,0.5006344,0.5226665008396641,0.62376314
2026-02-24 10:40:00,2026-02-24 11:00:00,1,876.95,877.35,pivot,0.3999999999999772,0.152629,0.047370999999977244,1492.1864999992831,1.0,2026-02-24,878.5,879.2,875.65,0.0,879.45,879.8,877.15,0.0,2026,0.0,0.0,0.0,0.0,0.0,0.0,0.0,0.0,0.0,0.0,0.0,0.0,0.0,0.0,0.0,1.0,2.0,2.0,1,10,1,2,151.48663692884935,0.835386000729467,0.9051834021689308,0.835386000729467,0.164613999270533,0.0001741652439703,0.0001716800161196,0.0017036508379626,True,28.464699530799525,0.9521423208208798,1.684128054419642,0.9521423208208798,0.0478576791791202,0.0005065401575541,0.0004707624635629,0.0028126349969096,True,1.6981668519511033,0.997330799933264,3.120722773053122,0.997330799933264,0.0026692000667359,0.0009843600436861,0.0010814849362392,0.0038323831041615,True,0.3625127426618977,0.9997224593375934,4.463629128010113,0.9997224593375934,0.0002775406624065,0.0020558888200976,0.0024391871177509,0.0048765155964652,True,0.835386000729467,0.164613999270533,-0.9051834021689308,0.9521423208208798,0.0478576791791202,-1.684128054419642,0.997330799933264,0.0026692000667359,-3.120722773053122,0.9997224593375934,0.0002775406624065,-4.463629128010113,1,0,0,0.0,1,1,1,1,,0,1,1,0,0,0,0,1.0,1.0,0.0,0.0,0.0,,0.670772001458934,0.9051834021689308,0.9042846416417596,1.684128054419642,0.9946615998665281,3.120722773053122,0.9994449186751869,4.463629128010113,0.5197103,0.5838853056321048,0.6163187
2026-02-24 11:00:00,2026-02-24 11:55:00,1,877.35,882.35,pivot,5.0,0.152791,4.647209,146387.0835,1.0,2026-02-24,879.45,879.8,877.15,0.0,882.2,882.5,881.6,0.0,2026,0.0,0.0,0.0,0.0,0.0,0.0,0.0,0.0,0.0,0.0,0.0,0.0,0.0,0.0,0.0,1.0,2.0,2.0,1,11,1,2,100.12143496905064,0.1146514239095149,-1.1031767016764995,0.1146514239095149,0.885348576090485,0.0001741652439703,0.0001716800161196,0.0017036508379626,True,159.1620366207258,0.5374460661267738,0.0960552270762619,0.5374460661267738,0.4625539338732262,0.0005065401575541,0.0004707624635629,0.0028126349969096,True,63.13438188405709,0.8191549959567302,0.8351690646312349,0.8191549959567302,0.1808450040432697,0.0009843600436861,0.0010814849362392,0.0038323831041615,True,2.864856524097456,0.986985122894074,2.643207590862385,0.986985122894074,0.0130148771059258,0.0020558888200976,0.0024391871177509,0.0048765155964652,True,0.1146514239095149,0.885348576090485,1.1031767016764995,0.5374460661267738,0.4625539338732262,-0.0960552270762619,0.8191549959567302,0.1808450040432697,-0.8351690646312349,0.986985122894074,0.0130148771059258,-2.643207590862385,1,0,0,0.0,1,1,1,1,,0,1,1,0,0,0,0,1.0,1.0,0.0,0.0,0.0,,-0.7706971521809701,1.1031767016764995,0.07489213225354763,0.0960552270762619,0.6383099919134605,0.8351690646312349,0.9739702457881483,2.643207590862385,0.50914,0.5583513147083443,0.60317945
2026-02-24 11:55:00,2026-02-24 12:30:00,-1,882.35,882.9,pivot,-0.5499999999999545,0.1529575,-0.9029574999999547,-28443.16124999857,1.0,2026-02-24,882.2,882.5,881.6,0.0,882.45,883.4,882.15,0.0,2026,0.0,0.0,0.0,0.0,0.0,0.0,0.0,0.0,0.0,0.0,0.0,0.0,0.0,0.0,0.0,1.0,1.0,2.0,0,11,1,2,205.02351918215456,0.7324818748999041,0.5655635051444472,0.7324818748999041,0.2675181251000958,0.0001741652439703,0.0001716800161196,0.0017036508379626,True,111.16802236008944,0.2234408749070369,-0.6712410579555336,0.2234408749070369,0.7765591250929631,0.0005065401575541,0.0004707624635629,0.0028126349969096,True,127.6076208253005,0.4468666470515425,-0.1341318522003971,0.4468666470515425,0.5531333529484574,0.0009843600436861,0.0010814849362392,0.0038323831041615,True,86.8920650648247,0.5494615484248541,0.03562142467639,0.5494615484248541,0.4505384515751459,0.0020558888200976,0.0024391871177509,0.0048765155964652,True,0.2675181251000958,0.7324818748999041,0.5655635051444472,0.7765591250929631,0.2234408749070369,-0.6712410579555336,0.5531333529484574,0.4468666470515425,-0.1341318522003971,0.4505384515751459,0.5494615484248541,0.03562142467639,1,0,0,0.0,1,1,1,1,,0,1,1,0,1,0,0,1.0,1.0,0.0,0.0,0.0,,-0.4649637497998083,0.5655635051444472,0.5531182501859262,0.6712410579555336,0.10626670589691495,0.1341318522003971,-0.09892309684970818,0.03562142467639,0.50914,0.5126744110500857,0.6034332
2026-02-25 10:30:00,2026-02-25 10:55:00,1,901.4,904.5,pivot,3.1000000000000227,0.154177,2.7458230000000228,86493.42450000072,1.0,2026-02-25,901.6,902.9,900.45,0.0,904.45,904.9,903.6,0.0,2026,0.0,0.0,0.0,0.0,0.0,0.0,0.0,0.0,0.0,0.0,0.0,0.0,0.0,0.0,0.0,1.0,1.0,1.0,1,10,2,2,271.0159251628928,0.4679452262963073,-0.068124943337613,0.4679452262963073,0.5320547737036927,0.0001741652439703,0.0001716800161196,0.0017036508379626,True,48.20943986044163,0.9143550856938004,1.3187858124466147,0.9143550856938004,0.0856449143061995,0.0005065401575541,0.0004707624635629,0.0028126349969096,True,55.92489576517793,0.8428534771038063,0.9397077018464058,0.8428534771038063,0.1571465228961936,0.0009843600436861,0.0010814849362392,0.0038323831041615,True,41.36555708487565,0.8496625809115611,1.0223314071749614,0.8496625809115611,0.1503374190884389,0.0020558888200976,0.0024391871177509,0.0048765155964652,True,0.4679452262963073,0.5320547737036927,0.068124943337613,0.9143550856938004,0.0856449143061995,-1.3187858124466147,0.8428534771038063,0.1571465228961936,-0.9397077018464058,0.8496625809115611,0.1503374190884389,-1.0223314071749614,1,0,0,0.0,1,1,1,1,,0,1,1,0,1,0,0,1.0,1.0,0.0,0.0,0.0,,-0.06410954740738539,0.068124943337613,0.828710171387601,1.3187858124466147,0.6857069542076127,0.9397077018464058,0.6993251618231222,1.0223314071749614,0.50995404,0.5183491920167113,0.61027014
2026-02-25 10:55:00,2026-02-25 12:20:00,1,904.5,908.5,pivot,4.0,0.15439,3.64561,114836.715,1.0,2026-02-25,904.45,904.9,903.6,0.0,906.4,909.05,906.35,0.0,2026,0.0,0.0,0.0,0.0,0.0,0.0,0.0,0.0,0.0,0.0,0.0,0.0,0.0,0.0,0.0,1.0,1.0,2.0,1,10,2,2,72.23745448962404,0.9265955127267383,1.393299239833299,0.9265955127267383,0.0734044872732616,0.0001741652439703,0.0001716800161196,0.0017036508379626,True,71.77508323470822,0.8735750725368794,1.0726373162665204,0.8735750725368794,0.1264249274631206,0.0005065401575541,0.0004707624635629,0.0028126349969096,True,31.99941637906645,0.9171727731039228,1.3959361029170716,0.9171727731039228,0.0828272268960772,0.0009843600436861,0.0010814849362392,0.0038323831041615,True,20.614573106849143,0.942214485758916,1.6300428783612686,0.942214485758916,0.057785514241084,0.0020558888200976,0.0024391871177509,0.0048765155964652,True,0.9265955127267383,0.0734044872732616,-1.393299239833299,0.8735750725368794,0.1264249274631206,-1.0726373162665204,0.9171727731039228,0.0828272268960772,-1.3959361029170716,0.942214485758916,0.057785514241084,-1.6300428783612686,1,0,0,0.0,1,1,1,1,,0,1,1,0,1,0,0,1.0,1.0,0.0,0.0,0.0,,0.8531910254534767,1.393299239833299,0.7471501450737588,1.0726373162665204,0.8343455462078455,1.3959361029170716,0.884428971517832,1.6300428783612686,0.5197103,0.5492052433992036,0.5993316
2026-02-26 08:45:00,2026-02-26 10:25:00,-1,915.75,921.9,pivot,-6.149999999999977,0.1551295,-6.505129499999978,-204911.57924999928,1.0,2026-02-26,910.65,916.5,910.3,0.0,918.2,922.55,918.1,0.0,2026,0.0,0.0,0.0,0.0,0.0,0.0,0.0,0.0,0.0,0.0,0.0,0.0,0.0,0.0,0.0,1.0,1.0,1.0,0,8,3,2,376.7557054834538,0.542375106881743,0.0365367994784146,0.542375106881743,0.457624893118257,0.0001096963806892,0.0001695925546529,0.0013921854338034,True,89.41216971062214,0.8552091822495349,0.8869506482348886,0.8552091822495349,0.1447908177504651,0.0004192063788032,0.0005683735827276,0.0023454994253716,True,114.60006643903677,0.7370545689104728,0.5363871434635689,0.7370545689104728,0.2629454310895271,0.0008860713301972,0.0010942358155391,0.0026920418912239,True,93.2111397053813,0.7241956119930041,0.5238108094538515,0.7241956119930041,0.2758043880069959,0.0018824868936454,0.0021841101576929,0.0037372217953241,True,0.457624893118257,0.542375106881743,0.0365367994784146,0.1447908177504651,0.8552091822495349,0.8869506482348886,0.2629454310895271,0.7370545689104728,0.5363871434635689,0.2758043880069959,0.7241956119930041,0.5238108094538515,1,0,0,0.0,1,1,1,1,,0,1,0,0,1,0,0,1.0,1.0,0.0,0.0,0.0,,-0.08475021376348596,0.0365367994784146,-0.7104183644990698,0.8869506482348886,-0.4741091378209457,0.5363871434635689,-0.44839122398600817,0.5238108094538515,0.50995404,0.510922915540132,0.59925425
2026-02-26 10:25:00,2026-02-26 10:30:00,1,921.9,918.2,pivot,-3.699999999999932,0.155203,-4.055202999999932,-127738.89449999786,1.0,2026-02-26,918.2,922.55,918.1,0.0,921.65,922.3,916.95,0.0,2026,0.0,0.0,0.0,0.0,0.0,0.0,0.0,0.0,0.0,0.0,0.0,0.0,0.0,0.0,0.0,1.0,1.0,1.0,0,10,3,2,9.958918306201385,0.0073430362099252,-3.002081756978388,0.0073430362099252,0.9926569637900748,0.0001807659514509,0.0001781095278154,0.0016586679029906,True,75.47097460364141,0.147519294166574,-0.9564410458967614,0.147519294166574,0.8524807058334261,0.0005423603017335,0.0004958318991799,0.0028339986034712,True,34.849042074490605,0.0958626692681235,-1.2208081204647347,0.0958626692681235,0.9041373307318764,0.001060300342606,0.001178920339184,0.0039281855428247,True,85.84706660102282,0.339296510271064,-0.4443027779480418,0.339296510271064,0.660703489728936,0.0022577849715848,0.0026983945724501,0.0050994087071766,True,0.0073430362099252,0.9926569637900748,3.002081756978388,0.147519294166574,0.8524807058334261,0.9564410458967614,0.0958626692681235,0.9041373307318764,1.2208081204647347,0.339296510271064,0.660703489728936,0.4443027779480418,1,0,0,0.0,1,1,1,1,,0,1,1,0,1,0,0,1.0,1.0,0.0,0.0,0.0,,-0.9853139275801497,3.002081756978388,-0.7049614116668521,0.9564410458967614,-0.8082746614637529,1.2208081204647347,-0.321406979457872,0.4443027779480418,0.50995404,0.514750732550002,0.6036211
2026-02-26 10:30:00,2026-02-26 11:05:00,-1,918.2,926.5,pivot,-8.299999999999955,0.155341,-8.655340999999954,-272643.24149999855,1.0,2026-02-26,921.65,922.3,916.95,0.0,927.7,927.75,926.2,0.0,2026,0.0,0.0,0.0,0.0,0.0,0.0,0.0,0.0,0.0,0.0,0.0,0.0,0.0,0.0,0.0,1.0,1.0,2.0,0,10,3,2,30.313189191254512,0.0437335490684551,-1.870515051143,0.0437335490684551,0.9562664509315448,0.0001807659514509,0.0001781095278154,0.0016586679029906,True,98.3884138748543,0.1942036543328747,-0.7677245902262303,0.1942036543328747,0.8057963456671253,0.0005423603017335,0.0004958318991799,0.0028339986034712,True,8.211354286357285,0.0247990413288085,-2.212070758195408,0.0247990413288085,0.9752009586711914,0.001060300342606,0.001178920339184,0.0039281855428247,True,82.80702429005278,0.5432895993566772,0.0140142978042744,0.5432895993566772,0.4567104006433228,0.0022577849715848,0.0026983945724501,0.0050994087071766,True,0.9562664509315448,0.0437335490684551,-1.870515051143,0.8057963456671253,0.1942036543328747,-0.7677245902262303,0.9752009586711914,0.0247990413288085,-2.212070758195408,0.4567104006433228,0.5432895993566772,0.0140142978042744,1,0,0,0.0,1,1,1,1,,0,1,1,0,1,0,0,1.0,1.0,0.0,0.0,0.0,,0.9125329018630898,1.870515051143,0.6115926913342506,0.7677245902262303,0.9504019173423829,2.212070758195408,-0.0865791987133544,0.0140142978042744,0.5197103,0.5456067839324945,0.60000837
2026-02-27 10:30:00,2026-02-27 10:35:00,-1,922.1,922.95,pivot,-0.8500000000000227,0.1553515,-1.205351500000023,-37968.572250000725,1.0,2026-02-27,923.0,924.45,920.95,0.0,920.7,924.85,920.4,0.0,2026,0.0,0.0,0.0,0.0,0.0,0.0,0.0,0.0,0.0,0.0,0.0,0.0,0.0,0.0,0.0,1.0,1.0,1.0,0,10,4,2,176.91987890659814,0.7404748143125407,0.4910817012334184,0.7404748143125407,0.2595251856874593,-0.0001913054173516,-0.000134318806079,0.0021459954588218,True,54.25761593606313,0.8806868581105401,1.0065638422992045,0.8806868581105401,0.1193131418894598,-0.0006182362654769,-0.0005670073135843,0.0037913391927257,True,61.538586922419626,0.2390952156436788,-0.5804458994716903,0.2390952156436788,0.7609047843563211,-0.0012326455795934,-0.0013283527465099,0.005332520621938,True,5.815135605298777,0.0267288990864684,-2.2028606380295863,0.0267288990864684,0.9732711009135316,-0.0026575728580834,-0.0029600746923808,0.0067324078974935,True,0.2595251856874593,0.7404748143125407,0.4910817012334184,0.1193131418894598,0.8806868581105401,1.0065638422992045,0.7609047843563211,0.2390952156436788,-0.5804458994716903,0.9732711009135316,0.0267288990864684,-2.2028606380295863,1,0,0,0.0,1,1,1,1,,0,1,1,0,1,0,0,1.0,1.0,0.0,0.0,0.0,,-0.4809496286250814,0.4910817012334184,-0.7613737162210803,1.0065638422992045,0.5218095687126423,0.5804458994716903,0.9465422018270633,2.2028606380295863,0.50995404,0.5087867545378166,0.59929353
2026-02-27 10:35:00,2026-02-27 11:00:00,-1,922.95,922.6,pivot,0.3500000000000227,0.1553665,-0.005366499999977264,-169.0447499992838,1.0,2026-02-27,920.7,924.85,920.4,0.0,924.2,925.55,922.1,0.0,2026,0.0,0.0,0.0,0.0,0.0,0.0,0.0,0.0,0.0,0.0,0.0,0.0,0.0,0.0,0.0,1.0,1.0,1.0,0,10,4,2,56.69395258190874,0.0840831126091722,-1.2745968179824163,0.0840831126091722,0.9159168873908278,-0.0001913054173516,-0.000134318806079,0.0021459954588218,True,23.73981279963605,0.0604889148101561,-1.4615639998330152,0.0604889148101561,0.939511085189844,-0.0006182362654769,-0.0005670073135843,0.0037913391927257,True,24.90505037315913,0.0959366376094704,-1.2295799571507895,0.0959366376094704,0.9040633623905296,-0.0012326455795934,-0.0013283527465099,0.005332520621938,True,21.820051754297623,0.107673241225124,-1.1863031181496808,0.107673241225124,0.8923267587748759,-0.0026575728580834,-0.0029600746923808,0.0067324078974935,True,0.9159168873908278,0.0840831126091722,-1.2745968179824163,0.939511085189844,0.0604889148101561,-1.4615639998330152,0.9040633623905296,0.0959366376094704,-1.2295799571507895,0.8923267587748759,0.107673241225124,-1.1863031181496808,1,0,0,0.0,1,1,1,1,,0,1,1,0,1,0,0,1.0,1.0,0.0,0.0,0.0,,0.8318337747816555,1.2745968179824163,0.879022170379688,1.4615639998330152,0.8081267247810593,1.2295799571507895,0.7846535175497519,1.1863031181496808,0.50995404,0.5087867545378166,0.6024023
2026-02-27 11:00:00,2026-02-27 11:30:00,1,922.6,932.0,pivot,9.399999999999975,0.155638,9.044361999999978,284897.4029999993,1.0,2026-02-27,924.2,925.55,922.1,0.0,931.2,932.05,930.35,0.0,2026,0.0,0.0,0.0,0.0,0.0,0.0,0.0,0.0,0.0,0.0,0.0,0.0,0.0,0.0,0.0,1.0,1.0,0.0,1,11,4,2,9.318787455749042,0.9779252629897855,2.410758918204428,0.9779252629897855,0.0220747370102143,-0.0001913054173516,-0.000134318806079,0.0021459954588218,True,24.16998967761759,0.9375928473786612,1.4070481499762195,0.9375928473786612,0.0624071526213388,-0.0006182362654769,-0.0005670073135843,0.0037913391927257,True,86.73425791455087,0.642438038803404,0.309927466360048,0.642438038803404,0.357561961196596,-0.0012326455795934,-0.0013283527465099,0.005332520621938,True,65.43457668103524,0.3998905560747914,-0.1692077992252068,0.3998905560747914,0.6001094439252086,-0.0026575728580834,-0.0029600746923808,0.0067324078974935,True,0.9779252629897855,0.0220747370102143,-2.410758918204428,0.9375928473786612,0.0624071526213388,-1.4070481499762195,0.642438038803404,0.357561961196596,-0.309927466360048,0.3998905560747914,0.6001094439252086,0.1692077992252068,1,0,0,0.0,1,1,1,1,,0,1,1,0,1,0,0,1.0,1.0,0.0,0.0,0.0,,0.9558505259795712,2.410758918204428,0.8751856947573224,1.4070481499762195,0.284876077606808,0.309927466360048,-0.2002188878504172,0.1692077992252068,0.5006344,0.5456247809623225,0.5991248
2026-03-03 10:25:00,2026-03-03 10:30:00,1,917.7,913.45,pivot,-4.25,0.1549345,-4.604934500000001,-145055.43675000002,1.0,2026-03-03,913.55,918.2,912.55,0.0,913.25,914.85,912.8,0.0,2026,0.0,0.0,0.0,0.0,0.0,0.0,0.0,0.0,0.0,0.0,0.0,0.0,0.0,0.0,0.0,1.0,1.0,1.0,0,10,1,3,37.356554069225545,0.0526510662612441,-1.5906944275060158,0.0526510662612441,0.9473489337387558,-0.0001913054173516,-0.000134318806079,0.0021459954588218,True,46.05727816088183,0.1115280485024837,-1.073520744165436,0.1115280485024837,0.8884719514975162,-0.0006182362654769,-0.0005670073135843,0.0037913391927257,True,52.5796831287231,0.201829625529803,-0.7021187311042564,0.201829625529803,0.7981703744701969,-0.0012326455795934,-0.0013283527465099,0.005332520621938,True,31.220153059648812,0.887051198054107,1.0419232919354513,0.887051198054107,0.1129488019458929,-0.0026575728580834,-0.0029600746923808,0.0067324078974935,True,0.0526510662612441,0.9473489337387558,1.5906944275060158,0.1115280485024837,0.8884719514975162,1.073520744165436,0.201829625529803,0.7981703744701969,0.7021187311042564,0.887051198054107,0.1129488019458929,-1.0419232919354513,1,0,0,0.0,1,1,1,1,,0,1,1,0,1,0,0,1.0,1.0,0.0,0.0,0.0,,-0.8946978674775118,1.5906944275060158,-0.7769439029950326,1.073520744165436,-0.5963407489403939,0.7021187311042564,0.7741023961082142,1.0419232919354513,0.50995404,0.5183491920167113,0.592656
2026-03-03 10:30:00,2026-03-03 11:10:00,1,913.45,902.35,pivot,-11.100000000000025,0.154474,-11.454474000000024,-360815.93100000074,1.0,2026-03-03,913.25,914.85,912.8,0.0,900.3,903.0,899.65,0.0,2026,0.0,0.0,0.0,0.0,0.0,0.0,0.0,0.0,0.0,0.0,0.0,0.0,0.0,0.0,0.0,1.0,1.0,1.0,0,10,1,3,24.653281306009585,0.9565040762369956,1.7412647054235546,0.9565040762369956,0.0434959237630044,-0.0001913054173516,-0.000134318806079,0.0021459954588218,True,109.07064195491404,0.2864572581599505,-0.4676622278065537,0.2864572581599505,0.7135427418400495,-0.0006182362654769,-0.0005670073135843,0.0037913391927257,True,85.13311763312606,0.3696987547360956,-0.2508771657107789,0.3696987547360956,0.6303012452639044,-0.0012326455795934,-0.0013283527465099,0.005332520621938,True,8.896799767024726,0.956107799870408,1.6014778277967687,0.956107799870408,0.0438922001295919,-0.0026575728580834,-0.0029600746923808,0.0067324078974935,True,0.9565040762369956,0.0434959237630044,-1.7412647054235546,0.2864572581599505,0.7135427418400495,0.4676622278065537,0.3696987547360956,0.6303012452639044,0.2508771657107789,0.956107799870408,0.0438922001295919,-1.6014778277967687,1,0,0,0.0,1,1,1,1,,0,1,1,0,1,0,0,1.0,1.0,0.0,0.0,0.0,,0.9130081524739913,1.7412647054235546,-0.427085483680099,0.4676622278065537,-0.2606024905278088,0.2508771657107789,0.912215599740816,1.6014778277967687,0.50995404,0.5183491920167113,0.5946432
2026-03-03 11:10:00,2026-03-03 11:40:00,1,902.35,898.75,pivot,-3.6000000000000227,0.154033,-3.954033000000023,-124552.03950000073,1.0,2026-03-03,900.3,903.0,899.65,0.0,896.8,900.45,896.7,0.0,2026,0.0,0.0,0.0,0.0,0.0,0.0,0.0,0.0,0.0,0.0,0.0,0.0,0.0,0.0,0.0,1.0,0.0,0.0,0,11,1,3,13.738454241670784,0.0144432979734797,-2.3119880523856144,0.0144432979734797,0.9855567020265202,-0.0001913054173516,-0.000134318806079,0.0021459954588218,True,5.118689372562003,0.0124423709546747,-2.633248066912419,0.0124423709546747,0.9875576290453252,-0.0006182362654769,-0.0005670073135843,0.0037913391927257,True,5.531157785731877,0.0142520611607347,-2.4082802124518503,0.0142520611607347,0.9857479388392651,-0.0012326455795934,-0.0013283527465099,0.005332520621938,True,3.538224119502327,0.0158184621273963,-2.540846841314268,0.0158184621273963,0.9841815378726037,-0.0026575728580834,-0.0029600746923808,0.0067324078974935,True,0.0144432979734797,0.9855567020265202,2.3119880523856144,0.0124423709546747,0.9875576290453252,2.633248066912419,0.0142520611607347,0.9857479388392651,2.4082802124518503,0.0158184621273963,0.9841815378726037,2.540846841314268,1,0,0,0.0,1,1,1,1,,0,1,1,0,0,1,0,1.0,1.0,0.0,0.0,0.0,,-0.9711134040530406,2.3119880523856144,-0.9751152580906505,2.633248066912419,-0.9714958776785304,2.4082802124518503,-0.9683630757452073,2.540846841314268,0.5425894,0.7691226897898039,0.5935149
2026-03-03 11:40:00,2026-03-03 12:15:00,1,898.75,890.4,pivot,-8.350000000000023,0.1536745,-8.703674500000021,-274165.7467500007,1.0,2026-03-03,896.8,900.45,896.7,0.0,889.55,893.65,889.15,0.0,2026,0.0,0.0,0.0,0.0,0.0,0.0,0.0,0.0,0.0,0.0,0.0,0.0,0.0,0.0,0.0,1.0,0.0,0.0,0,11,1,3,199.32633523380565,0.6928230442073587,0.3728501517978618,0.6928230442073587,0.3071769557926412,-0.0001913054173516,-0.000134318806079,0.0021459954588218,True,2.968496800068817,0.9843123364006616,2.545041238334389,0.9843123364006616,0.0156876635993383,-0.0006182362654769,-0.0005670073135843,0.0037913391927257,True,78.05394189497166,0.7117709222364211,0.4676628331979742,0.7117709222364211,0.2882290777635788,-0.0012326455795934,-0.0013283527465099,0.005332520621938,True,14.401310592114717,0.0706201143511706,-1.4920386803273629,0.0706201143511706,0.9293798856488292,-0.0026575728580834,-0.0029600746923808,0.0067324078974935,True,0.6928230442073587,0.3071769557926412,-0.3728501517978618,0.9843123364006616,0.0156876635993383,-2.545041238334389,0.7117709222364211,0.2882290777635788,-0.4676628331979742,0.0706201143511706,0.9293798856488292,1.4920386803273629,1,0,0,0.0,1,1,1,1,,0,1,1,0,0,1,0,1.0,1.0,0.0,0.0,0.0,,0.38564608841471754,0.3728501517978618,0.9686246728013234,2.545041238334389,0.4235418444728423,0.4676628331979742,-0.8587597712976587,1.4920386803273629,0.5425894,0.7691226897898039,0.61155474
2026-03-03 12:15:00,2026-03-03 12:45:00,1,890.4,890.9,pivot,0.5,0.153439,0.14656100000000002,4616.6715,1.0,2026-03-03,889.55,893.65,889.15,0.0,889.55,893.15,887.6,0.0,2026,0.0,0.0,0.0,0.0,0.0,0.0,0.0,0.0,0.0,0.0,0.0,0.0,0.0,0.0,0.0,1.0,1.0,0.0,1,12,1,3,50.5772008701426,0.075061311977791,-1.3524220248331165,0.075061311977791,0.9249386880222088,-0.0001913054173516,-0.000134318806079,0.0021459954588218,True,35.570408204243385,0.085180366334719,-1.2431000500608205,0.085180366334719,0.914819633665281,-0.0006182362654769,-0.0005670073135843,0.0037913391927257,True,9.673093247301136,0.0295215719856896,-2.018398474697911,0.0295215719856896,0.9704784280143104,-0.0012326455795934,-0.0013283527465099,0.005332520621938,True,7.178998339459355,0.0363008721409614,-1.9831409288865836,0.0363008721409614,0.9636991278590386,-0.0026575728580834,-0.0029600746923808,0.0067324078974935,True,0.075061311977791,0.9249386880222088,1.3524220248331165,0.085180366334719,0.914819633665281,1.2431000500608205,0.0295215719856896,0.9704784280143104,2.018398474697911,0.0363008721409614,0.9636991278590386,1.9831409288865836,1,0,0,0.0,1,1,1,1,,0,1,0,1,1,0,0,1.0,1.0,0.0,0.0,0.0,,-0.8498773760444178,1.3524220248331165,-0.8296392673305619,1.2431000500608205,-0.9409568560286208,2.018398474697911,-0.9273982557180771,1.9831409288865836,0.50965536,0.5461026325561957,0.63670266
2026-03-03 12:45:00,2026-03-03 13:10:00,1,890.9,882.65,pivot,-8.25,0.1532065,-8.6032065,-271001.00475,1.0,2026-03-03,889.55,893.15,887.6,0.0,883.5,886.85,881.7,0.0,2026,0.0,0.0,0.0,0.0,0.0,0.0,0.0,0.0,0.0,0.0,0.0,0.0,0.0,0.0,0.0,1.0,1.0,0.0,0,12,1,3,0.6654513804243154,1.0,6.269142702566077,1.0,0.0,-0.0001913054173516,-0.000134318806079,0.0021459954588218,True,2.823643540183107,0.9845939412611352,2.570945330515328,0.9845939412611352,0.0154060587388648,-0.0006182362654769,-0.0005670073135843,0.0037913391927257,True,31.667417769263288,0.8977051924937334,1.1026337763604646,0.8977051924937334,0.1022948075062666,-0.0012326455795934,-0.0013283527465099,0.005332520621938,True,41.72481055146996,0.2137679530243636,-0.6802863119852661,0.2137679530243636,0.7862320469756363,-0.0026575728580834,-0.0029600746923808,0.0067324078974935,True,1.0,0.0,-6.269142702566077,0.9845939412611352,0.0154060587388648,-2.570945330515328,0.8977051924937334,0.1022948075062666,-1.1026337763604646,0.2137679530243636,0.7862320469756363,0.6802863119852661,1,0,0,0.0,1,1,1,1,,0,1,0,1,1,0,0,1.0,1.0,0.0,0.0,0.0,,1.0,6.269142702566077,0.9691878825222704,2.570945330515328,0.7954103849874667,1.1026337763604646,-0.5724640939512727,0.6802863119852661,0.50965536,0.5461026325561957,0.6137495
2026-03-03 13:10:00,2026-03-03 14:10:00,1,882.65,880.45,pivot,-2.199999999999932,0.152893,-2.552892999999932,-80416.12949999786,1.0,2026-03-03,883.5,886.85,881.7,0.0,880.4,881.15,876.4,0.0,2026,0.0,0.0,0.0,0.0,0.0,0.0,0.0,0.0,0.0,0.0,0.0,0.0,0.0,0.0,0.0,1.0,1.0,0.0,0,13,1,3,12.751982622526048,0.0132715328851728,-2.352793148829631,0.0132715328851728,0.9867284671148272,-0.0001913054173516,-0.000134318806079,0.0021459954588218,True,40.57403144566823,0.0975067244712084,-1.1583208920844066,0.0975067244712084,0.9024932755287915,-0.0006182362654769,-0.0005670073135843,0.0037913391927257,True,20.145432319636885,0.9285679525131854,1.3327188738064557,0.9285679525131854,0.0714320474868146,-0.0012326455795934,-0.0013283527465099,0.005332520621938,True,52.56160781355264,0.2855075243598787,-0.4553951443122607,0.2855075243598787,0.7144924756401213,-0.0026575728580834,-0.0029600746923808,0.0067324078974935,True,0.0132715328851728,0.9867284671148272,2.352793148829631,0.0975067244712084,0.9024932755287915,1.1583208920844066,0.9285679525131854,0.0714320474868146,-1.3327188738064557,0.2855075243598787,0.7144924756401213,0.4553951443122607,1,0,0,0.0,1,1,1,1,,0,1,0,1,1,0,0,1.0,1.0,0.0,0.0,0.0,,-0.9734569342296544,2.352793148829631,-0.8049865510575831,1.1583208920844066,0.8571359050263707,1.3327188738064557,-0.4289849512802426,0.4553951443122607,0.50965536,0.5461026325561957,0.55560815
2026-03-09 13:35:00,2026-03-09 14:35:00,1,756.0,774.3,pivot,18.299999999999955,0.145909,17.954090999999956,565553.8664999986,1.0,2026-03-09,753.9,756.95,753.9,0.0,771.75,776.65,769.85,0.0,2026,0.0,0.0,0.0,0.0,0.0,0.0,0.0,0.0,0.0,0.0,0.0,0.0,0.0,0.0,0.0,1.0,1.0,0.0,1,13,0,3,158.0733957084644,0.3024931015028509,-0.3346005226134004,0.3024931015028509,0.6975068984971491,-0.0002398022800673,-0.0001595904201468,0.0034689607584861,True,107.14937267581271,0.5012847189263945,0.0018425517198887,0.5012847189263945,0.4987152810736055,-0.0006723212927408,-0.0006707819655084,0.0056502147665399,True,77.53153373637572,0.5755776844438764,0.1556684501025541,0.5755776844438764,0.4244223155561236,-0.0013000278358457,-0.0014696414462826,0.0073194109531463,True,51.59568393415159,0.3657688460433526,-0.1762282214832241,0.3657688460433526,0.6342311539566474,-0.0032898377304711,-0.0040086591200917,0.0093987896651316,True,0.3024931015028509,0.6975068984971491,0.3346005226134004,0.5012847189263945,0.4987152810736055,-0.0018425517198887,0.5755776844438764,0.4244223155561236,-0.1556684501025541,0.3657688460433526,0.6342311539566474,0.1762282214832241,1,0,0,0.0,1,1,1,1,,0,1,0,1,1,0,0,1.0,1.0,0.0,0.0,0.0,,-0.39501379699429817,0.3346005226134004,0.0025694378527889583,0.0018425517198887,0.15115536888775277,0.1556684501025541,-0.26846230791329484,0.1762282214832241,0.50965536,0.5332233553119531,0.55606663
2026-03-13 13:25:00,2026-03-13 14:00:00,1,810.4,810.55,pivot,0.1499999999999772,0.1486285,-0.19862850000002275,-6256.797750000716,1.0,2026-03-13,809.15,811.35,809.1,0.0,810.5,811.9,810.4,0.0,2026,0.0,0.0,0.0,0.0,0.0,0.0,0.0,0.0,0.0,0.0,0.0,0.0,0.0,0.0,0.0,1.0,1.0,0.0,0,13,4,3,163.37564310546168,0.1968277819485848,-0.5790343954147261,0.1968277819485848,0.8031722180514151,-0.0001869491574187,-0.0002181926754376,0.0019599945813451,True,43.96362276409887,0.1144127836438786,-0.9779153205027638,0.1144127836438786,0.8855872163561214,-0.0005237772878771,-0.0006611697449309,0.0034065750492981,True,107.02732776829669,0.3263305634388347,-0.2157583997558546,0.3263305634388347,0.6736694365611653,-0.0008638784857246,-0.0012664554934785,0.0043880139556173,True,76.54261895338195,0.296210944411062,-0.2555760639677419,0.296210944411062,0.7037890555889379,-0.0014243157358655,-0.002086208472699,0.0052995719104487,True,0.1968277819485848,0.8031722180514151,0.5790343954147261,0.1144127836438786,0.8855872163561214,0.9779153205027638,0.3263305634388347,0.6736694365611653,0.2157583997558546,0.296210944411062,0.7037890555889379,0.2555760639677419,1,0,0,0.0,1,1,1,1,,0,1,0,1,1,0,0,1.0,1.0,0.0,0.0,0.0,,-0.6063444361028303,0.5790343954147261,-0.7711744327122427,0.9779153205027638,-0.3473388731223306,0.2157583997558546,-0.4075781111778759,0.2555760639677419,0.50965536,0.5271136885754908,0.5625359
2026-03-16 10:30:00,2026-03-16 10:35:00,-1,814.4,811.9,pivot,2.5,0.148789,2.151211,67763.1465,1.0,2026-03-16,811.8,815.4,811.55,0.0,812.8,815.75,811.7,0.0,2026,0.0,0.0,0.0,0.0,0.0,0.0,0.0,0.0,0.0,0.0,0.0,0.0,0.0,0.0,0.0,1.0,1.0,1.0,1,10,0,3,257.90620855711575,0.3991293797139411,-0.1994136659838273,0.3991293797139411,0.6008706202860589,0.0002027022495942,0.0001942951910871,0.0018936457923057,True,126.65994888047754,0.2918274300962259,-0.4491205571238572,0.2918274300962259,0.7081725699037741,0.0005388215773781,0.0005757358783641,0.0033220885927755,True,19.26437443220226,0.0541073516937126,-1.425774338859351,0.0541073516937126,0.9458926483062874,0.0010224625683279,0.0012350910229968,0.004628129454764,True,50.14728762306685,0.1516173381328505,-0.8961768296259438,0.1516173381328505,0.8483826618671495,0.0021654637906083,0.0027629145686086,0.0058074153226782,True,0.6008706202860589,0.3991293797139411,-0.1994136659838273,0.7081725699037741,0.2918274300962259,-0.4491205571238572,0.9458926483062874,0.0541073516937126,-1.425774338859351,0.8483826618671495,0.1516173381328505,-0.8961768296259438,1,0,0,0.0,1,1,1,1,,0,1,1,0,1,0,0,1.0,1.0,0.0,0.0,0.0,,0.20174124057211779,0.1994136659838273,0.41634513980754817,0.4491205571238572,0.8917852966125748,1.425774338859351,0.696765323734299,0.8961768296259438,0.50995404,0.5226119967949799,0.5911653
2026-03-16 10:35:00,2026-03-16 11:00:00,-1,811.9,817.2,pivot,-5.300000000000068,0.148873,-5.648873000000068,-177939.49950000216,1.0,2026-03-16,812.8,815.75,811.7,0.0,816.55,817.75,815.2,0.0,2026,0.0,0.0,0.0,0.0,0.0,0.0,0.0,0.0,0.0,0.0,0.0,0.0,0.0,0.0,0.0,1.0,1.0,1.0,0,10,0,3,8.404464162954994,0.0107552150696529,-2.644378496784386,0.0107552150696529,0.9892447849303472,-0.0001213090729217,-0.000113073648394,0.0016480969686111,True,50.041621003025405,0.0996861838651628,-1.1258192884130098,0.0996861838651628,0.9003138161348372,-0.0003738534386905,-0.0002860883744207,0.003174448864628,True,6.70526423835146,0.0320861357189207,-2.056593790297551,0.0320861357189207,0.9679138642810792,-0.0007646103640377,-0.0005993732507386,0.0045202190862106,True,75.43656396774975,0.3064775599183956,-0.4564070654064062,0.3064775599183956,0.6935224400816045,-0.001358316763399,-0.0009733862674131,0.0060565422417836,True,0.9892447849303472,0.0107552150696529,-2.644378496784386,0.9003138161348372,0.0996861838651628,-1.1258192884130098,0.9679138642810792,0.0320861357189207,-2.056593790297551,0.6935224400816045,0.3064775599183956,-0.4564070654064062,1,0,0,0.0,1,1,1,1,,0,1,1,0,1,0,0,1.0,1.0,0.0,0.0,0.0,,0.9784895698606942,2.644378496784386,0.8006276322696744,1.1258192884130098,0.9358277285621585,2.056593790297551,0.38704488016320887,0.4564070654064062,0.50995404,0.5226119967949799,0.58076763
2026-03-16 11:30:00,2026-03-16 12:05:00,-1,811.35,813.1,pivot,-1.75,0.1487335,-2.0987335,-66110.10525,1.0,2026-03-16,809.6,811.45,809.5,0.0,814.3,814.3,812.15,0.0,2026,0.0,0.0,0.0,0.0,0.0,0.0,0.0,0.0,0.0,0.0,0.0,0.0,0.0,0.0,0.0,1.0,1.0,0.0,0,11,0,3,44.90978442296555,0.0906191031692824,-0.9909541025208596,0.0906191031692824,0.9093808968307177,-0.0002136243156193,-0.0001015793620075,0.0036864269377983,True,27.64342452290911,0.1009645192325434,-1.000347011951194,0.1009645192325434,0.8990354807674565,-0.0005453895841161,-0.0004838084801401,0.0060295810805165,True,38.41401889021686,0.1780531608446107,-0.7257280311128885,0.1780531608446107,0.8219468391553892,-0.0013560111220351,-0.0014424792874597,0.0074122680622102,True,33.122424671839816,0.2195524240621446,-0.552984051943101,0.2195524240621446,0.7804475759378553,-0.003201316667036,-0.0038506330164811,0.009355868876144,True,0.9093808968307177,0.0906191031692824,-0.9909541025208596,0.8990354807674565,0.1009645192325434,-1.000347011951194,0.8219468391553892,0.1780531608446107,-0.7257280311128885,0.7804475759378553,0.2195524240621446,-0.552984051943101,1,0,0,0.0,1,1,1,1,,0,1,1,0,1,0,0,1.0,1.0,0.0,0.0,0.0,,0.8187617936614353,0.9909541025208596,0.7980709615349131,1.000347011951194,0.6438936783107785,0.7257280311128885,0.5608951518757107,0.552984051943101,0.50965536,0.5645332104568791,0.5760542
2026-03-17 10:35:00,2026-03-17 10:40:00,1,852.0,851.8,pivot,-0.2000000000000454,0.151114,-0.5511140000000455,-17360.091000001434,1.0,2026-03-17,851.75,853.7,851.1,0.0,850.0,851.95,849.15,0.0,2026,0.0,0.0,0.0,0.0,0.0,0.0,0.0,0.0,0.0,0.0,0.0,0.0,0.0,0.0,0.0,1.0,1.0,1.0,0,10,1,3,223.96199776024605,0.695371558243384,0.4258356151939808,0.695371558243384,0.3046284417566159,0.0002027022495942,0.0001942951910871,0.0018936457923057,True,150.69670631671863,0.4986123334188832,-0.0138739328850609,0.4986123334188832,0.5013876665811168,0.0005388215773781,0.0005757358783641,0.0033220885927755,True,112.86731894920986,0.3747832020978046,-0.2795780059446998,0.3747832020978046,0.6252167979021954,0.0010224625683279,0.0012350910229968,0.004628129454764,True,64.54031729633235,0.2078680776316298,-0.7288408858300008,0.2078680776316298,0.7921319223683702,0.0021654637906083,0.0027629145686086,0.0058074153226782,True,0.695371558243384,0.3046284417566159,-0.4258356151939808,0.4986123334188832,0.5013876665811168,0.0138739328850609,0.3747832020978046,0.6252167979021954,0.2795780059446998,0.2078680776316298,0.7921319223683702,0.7288408858300008,1,0,0,0.0,1,1,1,1,,0,1,1,0,1,0,0,1.0,1.0,0.0,0.0,0.0,,0.3907431164867681,0.4258356151939808,-0.002775333162233551,0.0138739328850609,-0.25043359580439084,0.2795780059446998,-0.5842638447367403,0.7288408858300008,0.50995404,0.5183491920167113,0.5638211
2026-03-17 10:40:00,2026-03-17 12:00:00,1,851.8,850.5,pivot,-1.2999999999999543,0.151069,-1.6510689999999546,-52008.67349999857,1.0,2026-03-17,850.0,851.95,849.15,0.0,851.55,851.65,850.35,0.0,2026,0.0,0.0,0.0,0.0,0.0,0.0,0.0,0.0,0.0,0.0,0.0,0.0,0.0,0.0,0.0,1.0,1.0,1.0,0,10,1,3,80.94299980634176,0.9135808733380872,1.1696963304051846,0.9135808733380872,0.0864191266619128,0.0002027022495942,0.0001942951910871,0.0018936457923057,True,73.03664272432353,0.8569808633715303,0.8886034625711918,0.8569808633715303,0.1430191366284696,0.0005388215773781,0.0005757358783641,0.0033220885927755,True,65.30723089609435,0.7989875544673615,0.6481476461340102,0.7989875544673615,0.2010124455326385,0.0010224625683279,0.0012350910229968,0.004628129454764,True,81.22465663935306,0.3167270173669388,-0.4757563244735321,0.3167270173669388,0.6832729826330611,0.0021654637906083,0.0027629145686086,0.0058074153226782,True,0.9135808733380872,0.0864191266619128,-1.1696963304051846,0.8569808633715303,0.1430191366284696,-0.8886034625711918,0.7989875544673615,0.2010124455326385,-0.6481476461340102,0.3167270173669388,0.6832729826330611,0.4757563244735321,1,0,0,0.0,1,1,1,1,,0,1,1,0,1,0,0,1.0,1.0,0.0,0.0,0.0,,0.8271617466761745,1.1696963304051846,0.7139617267430607,0.8886034625711918,0.5979751089347229,0.6481476461340102,-0.3665459652661223,0.4757563244735321,0.50995404,0.5183491920167113,0.5587565
2026-03-19 14:35:00,2026-03-19 15:05:00,1,861.5,862.8,pivot,1.2999999999999543,0.151729,0.9482709999999546,29870.53649999857,1.0,2026-03-19,861.3,862.15,860.4,0.0,863.1,864.05,862.65,0.0,2026,0.0,0.0,0.0,0.0,0.0,0.0,0.0,0.0,0.0,0.0,0.0,0.0,0.0,0.0,0.0,1.0,1.0,0.0,1,14,3,3,50.5778933589104,0.0829008788665245,-1.1859351332089632,0.0829008788665245,0.9170991211334756,-0.0001869491574187,-0.0002181926754376,0.0019599945813451,True,184.593787009794,0.4789397275765122,0.0073119261098491,0.4789397275765122,0.5210602724234878,-0.0005237772878771,-0.0006611697449309,0.0034065750492981,True,145.82096810960954,0.5332048156184928,0.1436172218160216,0.5332048156184928,0.4667951843815072,-0.0008638784857246,-0.0012664554934785,0.0043880139556173,True,98.6732925021474,0.3756711717013116,-0.0861221708785737,0.3756711717013116,0.6243288282986884,-0.0014243157358655,-0.002086208472699,0.0052995719104487,True,0.0829008788665245,0.9170991211334756,1.1859351332089632,0.4789397275765122,0.5210602724234878,-0.0073119261098491,0.5332048156184928,0.4667951843815072,-0.1436172218160216,0.3756711717013116,0.6243288282986884,0.0861221708785737,1,0,0,0.0,1,1,1,1,,0,1,0,1,1,0,0,1.0,1.0,0.0,0.0,0.0,,-0.834198242266951,1.1859351332089632,-0.04212054484697564,0.0073119261098491,0.06640963123698557,0.1436172218160216,-0.24865765659737682,0.0861221708785737,0.50965536,0.530486349957845,0.5623653
2026-03-20 10:35:00,2026-03-20 12:45:00,1,871.0,866.85,pivot,-4.149999999999977,0.1521355,-4.502135499999977,-141817.2682499993,1.0,2026-03-20,873.25,873.4,870.55,0.0,867.7,867.9,866.5,0.0,2026,0.0,0.0,0.0,0.0,0.0,0.0,0.0,0.0,0.0,0.0,0.0,0.0,0.0,0.0,0.0,1.0,1.0,1.0,0,10,4,3,241.848105919144,0.6231960178257836,0.2625980902672112,0.6231960178257836,0.3768039821742164,0.0002027022495942,0.0001942951910871,0.0018936457923057,True,61.25630626690382,0.1207194363181655,-0.9872590173680932,0.1207194363181655,0.8792805636818344,0.0005388215773781,0.0005757358783641,0.0033220885927755,True,115.45749804391096,0.4147054006589104,-0.2046178523238377,0.4147054006589104,0.5852945993410896,0.0010224625683279,0.0012350910229968,0.004628129454764,True,82.85233019243864,0.3357034320803401,-0.4360712256904244,0.3357034320803401,0.66429656791966,0.0021654637906083,0.0027629145686086,0.0058074153226782,True,0.6231960178257836,0.3768039821742164,-0.2625980902672112,0.1207194363181655,0.8792805636818344,0.9872590173680932,0.4147054006589104,0.5852945993410896,0.2046178523238377,0.3357034320803401,0.66429656791966,0.4360712256904244,1,0,0,0.0,1,1,1,1,,0,1,1,0,1,0,0,1.0,1.0,0.0,0.0,0.0,,0.2463920356515672,0.2625980902672112,-0.7585611273636689,0.9872590173680932,-0.17058919868217925,0.2046178523238377,-0.32859313583931987,0.4360712256904244,0.50995404,0.5087867545378166,0.58392394
2026-03-23 10:35:00,2026-03-23 11:25:00,1,815.15,818.6,pivot,3.450000000000045,0.1490125,3.1009875000000457,97681.10625000144,1.0,2026-03-23,819.65,819.65,812.9,0.0,816.05,820.4,815.8,0.0,2026,0.0,0.0,0.0,0.0,0.0,0.0,0.0,0.0,0.0,0.0,0.0,0.0,0.0,0.0,0.0,1.0,1.0,1.0,1,10,0,3,178.64795685128396,0.4587264727197535,-0.0898444856106575,0.4587264727197535,0.5412735272802465,-0.0002016402167227,-9.89073265086242e-05,0.0036824044259597,True,34.80112731425542,0.869922882277263,0.8356224956541431,0.869922882277263,0.130077117722737,-0.0005011605580802,-0.0004428736338012,0.0060541412428743,True,3.239189924253874,0.98527528482824,2.2397079325727747,0.98527528482824,0.0147247151717598,-0.0013560111220351,-0.0014424792874597,0.0074122680622102,True,57.67315536592234,0.4649138730812122,0.0054166509041366,0.4649138730812122,0.5350861269187878,-0.003201316667036,-0.0038506330164811,0.009355868876144,True,0.4587264727197535,0.5412735272802465,0.0898444856106575,0.869922882277263,0.130077117722737,-0.8356224956541431,0.98527528482824,0.0147247151717598,-2.2397079325727747,0.4649138730812122,0.5350861269187878,-0.0054166509041366,1,0,0,0.0,1,1,1,1,,0,1,1,0,1,0,0,1.0,1.0,0.0,0.0,0.0,,-0.082547054560493,0.0898444856106575,0.739845764554526,0.8356224956541431,0.9705505696564802,2.2397079325727747,-0.07017225383757558,0.0054166509041366,0.50995404,0.5226119967949799,0.5837852
2026-03-24 08:45:00,2026-03-24 10:30:00,1,844.65,821.4,pivot,-23.25,0.1499815,-23.5999815,-743399.4172499999,1.0,2026-03-24,844.4,846.7,841.05,0.0,818.95,821.45,816.6,0.0,2026,0.0,0.0,0.0,0.0,0.0,0.0,0.0,0.0,0.0,0.0,0.0,0.0,0.0,0.0,0.0,2.0,2.0,2.0,0,8,1,3,78.87114678467466,0.9022468554596148,0.9676654705593172,0.9022468554596148,0.0977531445403852,-0.0001869491574187,-0.0002181926754376,0.0019599945813451,True,139.36632828103873,0.766935569913111,0.4859580888029374,0.766935569913111,0.233064430086889,-0.0005237772878771,-0.0006611697449309,0.0034065750492981,True,23.935192101034488,0.946121510174622,1.224759063552225,0.946121510174622,0.0538784898253779,-0.0008638784857246,-0.0012664554934785,0.0043880139556173,True,78.76509836891789,0.3034470332948241,-0.2381733049983973,0.3034470332948241,0.6965529667051759,-0.0014243157358655,-0.002086208472699,0.0052995719104487,True,0.9022468554596148,0.0977531445403852,-0.9676654705593172,0.766935569913111,0.233064430086889,-0.4859580888029374,0.946121510174622,0.0538784898253779,-1.224759063552225,0.3034470332948241,0.6965529667051759,0.2381733049983973,1,0,0,0.0,1,1,1,1,,0,1,0,0,0,0,0,1.0,1.0,0.0,0.0,0.0,,0.8044937109192296,0.9676654705593172,0.5338711398262219,0.4859580888029374,0.8922430203492441,1.224759063552225,-0.39310593341035177,0.2381733049983973,0.5264262,0.6145432976387111,0.58204377
2026-03-24 12:30:00,2026-03-24 13:25:00,-1,825.85,823.65,pivot,2.200000000000045,0.149485,1.8505150000000457,58291.22250000144,1.0,2026-03-24,821.45,826.05,821.0,0.0,823.1,824.55,822.2,0.0,2026,0.0,0.0,0.0,0.0,0.0,0.0,0.0,0.0,0.0,0.0,0.0,0.0,0.0,0.0,0.0,1.0,1.0,2.0,1,12,1,3,24.06093972422326,0.9714839933635584,1.8936011364172995,0.9714839933635584,0.0285160066364417,0.000226234264838,0.0001939716266073,0.0019841988496299,True,23.68676155825942,0.9593788481064696,1.581073090416132,0.9593788481064696,0.0406211518935305,0.0005388353508961,0.0005743261383498,0.0034856129081876,True,30.99832386044962,0.9060034155230272,1.166264599895953,0.9060034155230272,0.0939965844769729,0.0010321349772819,0.0012250383026418,0.0048480568337904,True,22.180742212127207,0.91760570180241,1.355675905679785,0.91760570180241,0.0823942981975899,0.0020091738415126,0.0025236872763528,0.0059213583470146,True,0.0285160066364417,0.9714839933635584,1.8936011364172995,0.0406211518935305,0.9593788481064696,1.581073090416132,0.0939965844769729,0.9060034155230272,1.166264599895953,0.0823942981975899,0.91760570180241,1.355675905679785,1,0,0,0.0,1,1,1,1,,0,1,0,1,1,0,0,1.0,1.0,0.0,0.0,0.0,,-0.9429679867271167,1.8936011364172995,-0.918757696212939,1.581073090416132,-0.8120068310460543,1.166264599895953,-0.83521140360482,1.355675905679785,0.50914,0.5140584518218951,0.6006563
2026-03-25 10:30:00,2026-03-25 10:35:00,-1,857.05,857.45,pivot,-0.4000000000000909,0.151435,-0.7514350000000909,-23670.202500002863,1.0,2026-03-25,857.4,858.7,855.8,0.0,858.25,859.95,856.75,0.0,2026,0.0,0.0,0.0,0.0,0.0,0.0,0.0,0.0,0.0,0.0,0.0,0.0,0.0,0.0,0.0,1.0,1.0,2.0,0,10,2,3,156.4464733778795,0.8200840012176324,0.7619963718971039,0.8200840012176324,0.1799159987823676,0.000211744088476,0.0001589213970691,0.0020860133170378,True,129.9244828741931,0.3616573502932816,-0.2776583732084731,0.3616573502932816,0.6383426497067184,0.0004860312862148,0.0004882112176103,0.003645315716772,True,108.5530825912131,0.4455253594781834,-0.1212767409308106,0.4455253594781834,0.5544746405218166,0.0010236052036409,0.0011312838670171,0.0050056423837838,True,39.16992672343356,0.8239995555314299,0.838000324559643,0.8239995555314299,0.1760004444685701,0.0021027385012016,0.0025084546215659,0.0062144644844141,True,0.1799159987823676,0.8200840012176324,0.7619963718971039,0.6383426497067184,0.3616573502932816,-0.2776583732084731,0.5544746405218166,0.4455253594781834,-0.1212767409308106,0.1760004444685701,0.8239995555314299,0.838000324559643,1,0,0,0.0,1,1,1,1,,0,1,1,0,1,0,0,1.0,1.0,0.0,0.0,0.0,,-0.6401680024352647,0.7619963718971039,0.2766852994134368,0.2776583732084731,0.10894928104363322,0.1212767409308106,-0.6479991110628598,0.838000324559643,0.5197103,0.5492052433992036,0.6085428
2026-03-25 10:35:00,2026-03-25 11:05:00,-1,857.45,852.8,pivot,4.650000000000091,0.1513075,4.298692500000091,135408.81375000288,1.0,2026-03-25,858.25,859.95,856.75,0.0,850.25,853.25,850.15,0.0,2026,0.0,0.0,0.0,0.0,0.0,0.0,0.0,0.0,0.0,0.0,0.0,0.0,0.0,0.0,0.0,1.0,1.0,2.0,1,10,2,3,89.29688722049791,0.106290394482115,-1.0683148595351304,0.106290394482115,0.8937096055178849,0.0001609389557473,0.0001961025287541,0.0018748153092802,True,120.97141144833448,0.2196177113894675,-0.621361599350693,0.2196177113894675,0.7803822886105325,0.0005224223020409,0.0006986373222937,0.0030947338910443,True,91.19816472216878,0.1856340443669935,-0.7692346776594475,0.1856340443669935,0.8143659556330065,0.0011904652545072,0.001430432601586,0.0036026288401122,True,85.67834703071337,0.6617779785400184,0.2990384098667011,0.6617779785400184,0.3382220214599816,0.002492140254095,0.0027374256308781,0.0051171154377763,True,0.8937096055178849,0.106290394482115,-1.0683148595351304,0.7803822886105325,0.2196177113894675,-0.621361599350693,0.8143659556330065,0.1856340443669935,-0.7692346776594475,0.3382220214599816,0.6617779785400184,0.2990384098667011,1,0,0,0.0,1,1,1,1,,0,1,1,0,1,0,0,1.0,1.0,0.0,0.0,0.0,,0.78741921103577,1.0683148595351304,0.560764577221065,0.621361599350693,0.628731911266013,0.7692346776594475,-0.3235559570800368,0.2990384098667011,0.5197103,0.5492052433992036,0.60263073
2026-03-25 12:15:00,2026-03-25 12:50:00,1,843.0,842.6,pivot,-0.3999999999999772,0.150568,-0.7505679999999773,-23642.891999999283,1.0,2026-03-25,843.75,844.55,841.2,0.0,845.25,845.95,842.55,0.0,2026,0.0,0.0,0.0,0.0,0.0,0.0,0.0,0.0,0.0,0.0,0.0,0.0,0.0,0.0,0.0,1.0,1.0,0.0,0,12,2,3,263.0457625217311,0.3555602060596491,-0.2938093430508633,0.3555602060596491,0.6444397939403508,0.0001609389557473,0.0001961025287541,0.0018748153092802,True,167.7153326607742,0.3566026569942349,-0.321274526338283,0.3566026569942349,0.6433973430057651,0.0005224223020409,0.0006986373222937,0.0030947338910443,True,17.465364244371127,0.0380392817181928,-1.6417124088275998,0.0380392817181928,0.9619607182818072,0.0011904652545072,0.001430432601586,0.0036026288401122,True,11.63162640337623,0.0363648768360636,-1.6182058863396902,0.0363648768360636,0.9636351231639364,0.002492140254095,0.0027374256308781,0.0051171154377763,True,0.3555602060596491,0.6444397939403508,0.2938093430508633,0.3566026569942349,0.6433973430057651,0.321274526338283,0.0380392817181928,0.9619607182818072,1.6417124088275998,0.0363648768360636,0.9636351231639364,1.6182058863396902,1,0,0,0.0,1,1,1,1,,0,1,0,1,1,0,0,1.0,1.0,0.0,0.0,0.0,,-0.28887958788070167,0.2938093430508633,-0.28679468601153024,0.321274526338283,-0.9239214365636144,1.6417124088275998,-0.9272702463278728,1.6182058863396902,0.50965536,0.5449201879556334,0.59872377
2026-03-26 10:30:00,2026-03-26 10:45:00,-1,824.9,823.8,pivot,1.1000000000000227,0.149461,0.7505390000000229,23641.97850000072,1.0,2026-03-26,825.85,826.95,824.5,0.0,823.5,824.7,823.5,0.0,2026,0.0,0.0,0.0,0.0,0.0,0.0,0.0,0.0,0.0,0.0,0.0,0.0,0.0,0.0,0.0,1.0,1.0,1.0,1,10,3,3,145.88727725369182,0.6974482812083075,0.2949790531047934,0.6974482812083075,0.3025517187916925,-0.0002045534260019,-0.0001232857359842,0.0037088795862597,True,78.06579330614888,0.3153238086857842,-0.3323450723966328,0.3153238086857842,0.6846761913142158,-0.0005137952708327,-0.0005196129947836,0.0060904982541132,True,73.38575340489761,0.5255408405084739,0.0680941533644219,0.5255408405084739,0.474459159491526,-0.0012576616288854,-0.0014200286520153,0.0075013770364811,True,42.49049888713028,0.2957655897228595,-0.3459839573452206,0.2957655897228595,0.7042344102771405,-0.0031103305327064,-0.0037781012578016,0.0095150521445194,True,0.3025517187916925,0.6974482812083075,0.2949790531047934,0.6846761913142158,0.3153238086857842,-0.3323450723966328,0.474459159491526,0.5255408405084739,0.0680941533644219,0.7042344102771405,0.2957655897228595,-0.3459839573452206,1,0,0,0.0,1,1,1,1,,0,1,1,0,1,0,0,1.0,1.0,0.0,0.0,0.0,,-0.39489656241661497,0.2949790531047934,0.36935238262843156,0.3323450723966328,-0.05108168101694793,0.0680941533644219,0.408468820554281,0.3459839573452206,0.50995404,0.514750732550002,0.6076709
2026-03-26 10:45:00,2026-03-26 11:10:00,1,823.8,820.7,pivot,-3.099999999999909,0.149335,-3.4493349999999086,-108654.05249999712,1.0,2026-03-26,823.5,824.7,823.5,0.0,817.95,820.75,817.65,0.0,2026,0.0,0.0,0.0,0.0,0.0,0.0,0.0,0.0,0.0,0.0,0.0,0.0,0.0,0.0,0.0,1.0,1.0,1.0,0,10,3,3,173.64098322306103,0.4284666219502948,-0.1300485568072938,0.4284666219502948,0.5715333780497052,-0.0002045534260019,-0.0001232857359842,0.0037088795862597,True,89.98416143193128,0.6478041246324223,0.2544963850261725,0.6478041246324223,0.3521958753675777,-0.0005137952708327,-0.0005196129947836,0.0060904982541132,True,71.61607019731727,0.4814785350743825,-0.0124423331360092,0.4814785350743825,0.5185214649256175,-0.0012576616288854,-0.0014200286520153,0.0075013770364811,True,57.58799448812093,0.5328370322746211,0.1300000848772869,0.5328370322746211,0.4671629677253789,-0.0031103305327064,-0.0037781012578016,0.0095150521445194,True,0.4284666219502948,0.5715333780497052,0.1300485568072938,0.6478041246324223,0.3521958753675777,-0.2544963850261725,0.4814785350743825,0.5185214649256175,0.0124423331360092,0.5328370322746211,0.4671629677253789,-0.1300000848772869,1,0,0,0.0,1,1,1,1,,0,1,1,0,1,0,0,1.0,1.0,0.0,0.0,0.0,,-0.14306675609941039,0.1300485568072938,0.29560824926484464,0.2544963850261725,-0.037042929851234974,0.0124423331360092,0.06567406454924218,0.1300000848772869,0.50995404,0.514750732550002,0.59870315
2026-03-26 11:10:00,2026-03-26 12:10:00,1,820.7,811.15,pivot,-9.550000000000068,0.1489555,-9.898955500000067,-311817.09825000213,1.0,2026-03-26,817.95,820.75,817.65,0.0,814.1,814.55,810.85,0.0,2026,0.0,0.0,0.0,0.0,0.0,0.0,0.0,0.0,0.0,0.0,0.0,0.0,0.0,0.0,0.0,1.0,1.0,0.0,0,11,3,3,176.17229738266423,0.4496302893072534,-0.097707925470095,0.4496302893072534,0.5503697106927465,-0.0002045534260019,-0.0001232857359842,0.0037088795862597,True,97.89379900113792,0.5385802664687057,0.0653760490981087,0.5385802664687057,0.4614197335312943,-0.0005137952708327,-0.0005196129947836,0.0060904982541132,True,63.63213008502586,0.3818513296852054,-0.2067648342080045,0.3818513296852054,0.6181486703147946,-0.0012576616288854,-0.0014200286520153,0.0075013770364811,True,44.00499003289508,0.3085187495567272,-0.3152840884237315,0.3085187495567272,0.6914812504432728,-0.0031103305327064,-0.0037781012578016,0.0095150521445194,True,0.4496302893072534,0.5503697106927465,0.097707925470095,0.5385802664687057,0.4614197335312943,-0.0653760490981087,0.3818513296852054,0.6181486703147946,0.2067648342080045,0.3085187495567272,0.6914812504432728,0.3152840884237315,1,0,0,0.0,1,1,1,1,,0,1,1,0,1,0,0,1.0,1.0,0.0,0.0,0.0,,-0.10073942138549313,0.097707925470095,0.07716053293741143,0.0653760490981087,-0.23629734062958918,0.2067648342080045,-0.3829625008865456,0.3152840884237315,0.50965536,0.5613898272367289,0.59446406
2026-03-26 12:10:00,2026-03-26 12:35:00,1,811.15,819.55,pivot,8.399999999999977,0.148921,8.051078999999978,253608.9884999993,1.0,2026-03-26,814.1,814.55,810.85,0.0,821.6,821.75,818.75,0.0,2026,0.0,0.0,0.0,0.0,0.0,0.0,0.0,0.0,0.0,0.0,0.0,0.0,0.0,0.0,0.0,1.0,1.0,0.0,1,12,3,3,119.12898147361214,0.7647347789474636,0.4318459737886636,0.7647347789474636,0.2352652210525364,-0.0002045534260019,-0.0001232857359842,0.0037088795862597,True,97.89739924965716,0.5384175809732094,0.0651035972622382,0.5384175809732094,0.4615824190267906,-0.0005137952708327,-0.0005196129947836,0.0060904982541132,True,45.72232033364767,0.8065848441705282,0.6496121402157319,0.8065848441705282,0.1934151558294717,-0.0012576616288854,-0.0014200286520153,0.0075013770364811,True,16.490072443195295,0.113278993485789,-1.029345701141108,0.113278993485789,0.8867210065142109,-0.0031103305327064,-0.0037781012578016,0.0095150521445194,True,0.7647347789474636,0.2352652210525364,-0.4318459737886636,0.5384175809732094,0.4615824190267906,-0.0651035972622382,0.8065848441705282,0.1934151558294717,-0.6496121402157319,0.113278993485789,0.8867210065142109,1.029345701141108,1,0,0,0.0,1,1,1,1,,0,1,0,1,1,0,0,1.0,1.0,0.0,0.0,0.0,,0.5294695578949271,0.4318459737886636,0.07683516194641876,0.0651035972622382,0.6131696883410566,0.6496121402157319,-0.773442013028422,1.029345701141108,0.50965536,0.5302043622935598,0.5871894
2026-03-27 10:25:00,2026-03-27 11:00:00,1,785.5,787.45,pivot,1.9500000000000453,0.1471885,1.6028115000000458,50488.56225000144,1.0,2026-03-27,787.6,787.6,784.35,0.0,789.75,790.6,787.25,0.0,2026,0.0,0.0,0.0,0.0,0.0,0.0,0.0,0.0,0.0,0.0,0.0,0.0,0.0,0.0,0.0,1.0,1.0,1.0,1,10,4,3,154.26312765077506,0.6412739830067934,0.2020653151602628,0.6412739830067934,0.3587260169932066,-0.000216969445712,-0.0001197779237324,0.0037497567603181,True,9.680077670604346,0.9598684936716706,1.6950929713056484,0.9598684936716706,0.0401315063283294,-0.0004818587307686,-0.0004703248652701,0.0061377608525285,True,8.051830172757057,0.9649603919570484,1.7282091331558058,0.9649603919570484,0.0350396080429517,-0.0011980121137506,-0.001361285430485,0.0076174907142992,True,17.6214976727845,0.9065191674322516,1.082919564696181,0.9065191674322516,0.0934808325677483,-0.0031103305327064,-0.0037781012578016,0.0095150521445194,True,0.6412739830067934,0.3587260169932066,-0.2020653151602628,0.9598684936716706,0.0401315063283294,-1.6950929713056484,0.9649603919570484,0.0350396080429517,-1.7282091331558058,0.9065191674322516,0.0934808325677483,-1.082919564696181,1,0,0,0.0,1,1,1,1,,0,1,1,0,1,0,0,1.0,1.0,0.0,0.0,0.0,,0.2825479660135868,0.2020653151602628,0.9197369873433412,1.6950929713056484,0.9299207839140967,1.7282091331558058,0.8130383348645033,1.082919564696181,0.50995404,0.5087867545378166,0.5872706
2026-03-27 11:00:00,2026-03-27 11:05:00,-1,787.45,789.85,pivot,-2.3999999999999773,0.147319,-2.747318999999977,-86540.54849999928,1.0,2026-03-27,789.75,790.6,787.25,0.0,785.55,789.85,785.4,0.0,2026,0.0,0.0,0.0,0.0,0.0,0.0,0.0,0.0,0.0,0.0,0.0,0.0,0.0,0.0,0.0,1.0,1.0,2.0,0,11,4,3,166.8864180365245,0.4394728806494095,-0.120801969674827,0.4394728806494095,0.5605271193505905,-0.000216969445712,-0.0001197779237324,0.0037497567603181,True,90.16323112210895,0.4203933043069844,-0.1410279266187043,0.4203933043069844,0.5796066956930156,-0.0004818587307686,-0.0004703248652701,0.0061377608525285,True,71.33538640524088,0.59492209472191,0.1954198755501036,0.59492209472191,0.4050779052780899,-0.0011980121137506,-0.001361285430485,0.0076174907142992,True,4.10682992630309,0.9785338138933204,2.035494004088705,0.9785338138933204,0.0214661861066796,-0.0031103305327064,-0.0037781012578016,0.0095150521445194,True,0.5605271193505905,0.4394728806494095,-0.120801969674827,0.5796066956930156,0.4203933043069844,-0.1410279266187043,0.4050779052780899,0.59492209472191,0.1954198755501036,0.0214661861066796,0.9785338138933204,2.035494004088705,1,0,0,0.0,1,1,1,1,,0,1,1,0,1,0,0,1.0,1.0,0.0,0.0,0.0,,0.12105423870118104,0.120801969674827,0.1592133913860312,0.1410279266187043,-0.18984418944382014,0.1954198755501036,-0.9570676277866408,2.035494004088705,0.50914,0.515184384336952,0.57834595
2026-03-27 11:40:00,2026-03-27 12:25:00,-1,786.8,784.4,pivot,2.3999999999999773,0.147136,2.052863999999977,64665.21599999927,1.0,2026-03-27,787.85,788.15,786.3,0.0,786.1,786.75,783.85,0.0,2026,0.0,0.0,0.0,0.0,0.0,0.0,0.0,0.0,0.0,0.0,0.0,0.0,0.0,0.0,0.0,1.0,1.0,2.0,1,11,4,3,34.81257705234665,0.9194653164032142,1.0507291339001394,0.9194653164032142,0.0805346835967858,-0.000216969445712,-0.0001197779237324,0.0037497567603181,True,39.73682973269487,0.854431124215568,0.7822054758724242,0.854431124215568,0.145568875784432,-0.0004818587307686,-0.0004703248652701,0.0061377608525285,True,57.02183628688088,0.3356187867165416,-0.3125790140230822,0.3356187867165416,0.6643812132834583,-0.0011980121137506,-0.001361285430485,0.0076174907142992,True,56.33758800777667,0.6057429329401394,0.2635757742373131,0.6057429329401394,0.3942570670598606,-0.0031103305327064,-0.0037781012578016,0.0095150521445194,True,0.0805346835967858,0.9194653164032142,1.0507291339001394,0.145568875784432,0.854431124215568,0.7822054758724242,0.6643812132834583,0.3356187867165416,-0.3125790140230822,0.3942570670598606,0.6057429329401394,0.2635757742373131,1,0,0,0.0,1,1,1,1,,0,1,1,0,1,0,0,1.0,1.0,0.0,0.0,0.0,,-0.8389306328064283,1.0507291339001394,-0.708862248431136,0.7822054758724242,0.32876242656691673,0.3125790140230822,-0.2114858658802788,0.2635757742373131,0.50914,0.515184384336952,0.5681963
2026-03-27 14:05:00,2026-03-27 14:30:00,1,806.9,807.6,pivot,0.7000000000000455,0.148435,0.35156500000004554,11074.297500001434,1.0,2026-03-27,809.0,809.9,805.9,0.0,808.45,809.1,806.3,0.0,2026,0.0,0.0,0.0,0.0,0.0,0.0,0.0,0.0,0.0,0.0,0.0,0.0,0.0,0.0,0.0,1.0,2.0,2.0,1,14,4,3,8.85668864530873,0.9876136027205048,2.519242331663694,0.9876136027205048,0.0123863972794951,0.0001609389557473,0.0001961025287541,0.0018748153092802,True,94.5278767912918,0.7981543856335873,0.6183502161053772,0.7981543856335873,0.2018456143664126,0.0005224223020409,0.0006986373222937,0.0030947338910443,True,9.601353288778402,0.9640393051055874,2.062138943530367,0.9640393051055874,0.0359606948944125,0.0011904652545072,0.001430432601586,0.0036026288401122,True,13.455742671586025,0.9421886134749594,1.576423063367832,0.9421886134749594,0.0578113865250405,0.002492140254095,0.0027374256308781,0.0051171154377763,True,0.9876136027205048,0.0123863972794951,-2.519242331663694,0.7981543856335873,0.2018456143664126,-0.6183502161053772,0.9640393051055874,0.0359606948944125,-2.062138943530367,0.9421886134749594,0.0578113865250405,-1.576423063367832,1,0,0,0.0,1,1,1,1,,0,1,0,1,0,0,0,1.0,1.0,0.0,0.0,0.0,,0.9752272054410097,2.519242331663694,0.5963087712671747,0.6183502161053772,0.928078610211175,2.062138943530367,0.8843772269499189,1.576423063367832,0.50914,0.5449449279669586,0.5686476
2026-03-30 10:30:00,2026-03-30 10:35:00,-1,770.95,777.0,pivot,-6.0499999999999545,0.1464385,-6.396438499999955,-201487.8127499986,1.0,2026-03-30,777.15,777.7,769.75,0.0,777.65,778.0,775.55,0.0,2026,0.0,0.0,0.0,0.0,0.0,0.0,0.0,0.0,0.0,0.0,0.0,0.0,0.0,0.0,0.0,1.0,1.0,2.0,0,10,0,3,125.449516849843,0.2714041147507635,-0.418361391358553,0.2714041147507635,0.7285958852492365,-0.000216969445712,-0.0001197779237324,0.0037497567603181,True,64.33922441718232,0.2549125421473175,-0.4836729484440287,0.2549125421473175,0.7450874578526825,-0.0004818587307686,-0.0004703248652701,0.0061377608525285,True,70.36564407574589,0.502028236350283,0.0252049617611252,0.502028236350283,0.4979717636497169,-0.0011980121137506,-0.001361285430485,0.0076174907142992,True,32.0556049994034,0.2186620380676853,-0.5617339632510936,0.2186620380676853,0.7813379619323146,-0.0031103305327064,-0.0037781012578016,0.0095150521445194,True,0.7285958852492365,0.2714041147507635,-0.418361391358553,0.7450874578526825,0.2549125421473175,-0.4836729484440287,0.4979717636497169,0.502028236350283,0.0252049617611252,0.7813379619323146,0.2186620380676853,-0.5617339632510936,1,0,0,0.0,1,1,1,1,,0,1,1,0,1,0,0,1.0,1.0,0.0,0.0,0.0,,0.457191770498473,0.418361391358553,0.490174915705365,0.4836729484440287,-0.004056472700566138,0.0252049617611252,0.5626759238646293,0.5617339632510936,0.5197103,0.5484349352759543,0.5793371
2026-03-30 10:35:00,2026-03-30 12:00:00,1,777.0,778.3,pivot,1.2999999999999543,0.146659,0.9533409999999544,30030.241499998563,1.0,2026-03-30,777.65,778.0,775.55,0.0,778.5,779.2,777.65,0.0,2026,0.0,0.0,0.0,0.0,0.0,0.0,0.0,0.0,0.0,0.0,0.0,0.0,0.0,0.0,0.0,1.0,1.0,2.0,1,10,0,3,78.42333983899232,0.8403336538054524,0.6552387747514026,0.8403336538054524,0.1596663461945475,-0.000216969445712,-0.0001197779237324,0.0037497567603181,True,86.89720054049218,0.3893277283214213,-0.1978356636075698,0.3893277283214213,0.6106722716785786,-0.0004818587307686,-0.0004703248652701,0.0061377608525285,True,70.91630570187417,0.5160143137572649,0.0510743820011222,0.5160143137572649,0.4839856862427351,-0.0011980121137506,-0.001361285430485,0.0076174907142992,True,55.501192017730624,0.4487902880991576,-0.0246272640254307,0.4487902880991576,0.5512097119008423,-0.0031103305327064,-0.0037781012578016,0.0095150521445194,True,0.8403336538054524,0.1596663461945475,-0.6552387747514026,0.3893277283214213,0.6106722716785786,0.1978356636075698,0.5160143137572649,0.4839856862427351,-0.0510743820011222,0.4487902880991576,0.5512097119008423,0.0246272640254307,1,0,0,0.0,1,1,1,1,,0,1,1,0,1,0,0,1.0,1.0,0.0,0.0,0.0,,0.6806673076109049,0.6552387747514026,-0.2213445433571573,0.1978356636075698,0.03202862751452984,0.0510743820011222,-0.10241942380168473,0.0246272640254307,0.5197103,0.5484349352759543,0.5779235
2026-03-30 12:00:00,2026-03-30 12:50:00,1,778.3,785.35,pivot,7.050000000000068,0.1469095,6.7030905000000685,211147.35075000217,1.0,2026-03-30,778.5,779.2,777.65,0.0,782.9,785.85,782.9,0.0,2026,0.0,0.0,0.0,0.0,0.0,0.0,0.0,0.0,0.0,0.0,0.0,0.0,0.0,0.0,0.0,1.0,1.0,2.0,1,12,0,3,102.57937749990614,0.2203860016194753,-0.5538120891043363,0.2203860016194753,0.7796139983805247,-0.0001976424911654,-7.373980277211574e-05,0.0038091024282693,True,28.12721252694587,0.8792904354432998,0.9403046052025248,0.8792904354432998,0.1207095645567002,-0.000461574077839,-0.0003647028355373,0.0062835537669102,True,26.083721665489414,0.8652065057585571,0.8973715477813118,0.8652065057585571,0.1347934942414429,-0.0011573367820002,-0.001199860902249,0.0078030232028402,True,52.67765473883172,0.623364090707704,0.29609023837989,0.623364090707704,0.3766359092922959,-0.0029825850285503,-0.0036134975106598,0.0098166855022052,True,0.2203860016194753,0.7796139983805247,0.5538120891043363,0.8792904354432998,0.1207095645567002,-0.9403046052025248,0.8652065057585571,0.1347934942414429,-0.8973715477813118,0.623364090707704,0.3766359092922959,-0.29609023837989,1,0,0,0.0,1,1,1,1,,0,1,0,1,1,0,0,1.0,1.0,0.0,0.0,0.0,,-0.5592279967610494,0.5538120891043363,0.7585808708865995,0.9403046052025248,0.7304130115171141,0.8973715477813118,0.24672818141540814,0.29609023837989,0.50914,0.5159271543131166,0.5861941
2026-03-31 10:25:00,2026-03-31 10:30:00,1,760.6,763.05,pivot,2.449999999999932,0.1457095,2.1042904999999315,66285.15074999785,1.0,2026-03-31,763.2,763.35,759.6,0.0,767.55,767.85,762.0,0.0,2026,0.0,0.0,0.0,0.0,0.0,0.0,0.0,0.0,0.0,0.0,0.0,0.0,0.0,0.0,0.0,1.0,1.0,2.0,1,10,1,3,53.18606377164974,0.8818311594649111,0.8528953165185452,0.8818311594649111,0.1181688405350889,-0.0001976424911654,-7.373980277211574e-05,0.0038091024282693,True,89.267887830583,0.4702909839547089,-0.0680317235098143,0.4702909839547089,0.5297090160452911,-0.000461574077839,-0.0003647028355373,0.0062835537669102,True,30.516274047661785,0.1454117983367466,-0.8830456381276737,0.1454117983367466,0.8545882016632533,-0.0011573367820002,-0.001199860902249,0.0078030232028402,True,11.971379656798232,0.9212914805843327,1.2668039548382697,0.9212914805843327,0.0787085194156672,-0.0029825850285503,-0.0036134975106598,0.0098166855022052,True,0.8818311594649111,0.1181688405350889,-0.8528953165185452,0.4702909839547089,0.5297090160452911,0.0680317235098143,0.1454117983367466,0.8545882016632533,0.8830456381276737,0.9212914805843327,0.0787085194156672,-1.2668039548382697,1,0,0,0.0,1,1,1,1,,0,1,1,0,1,0,0,1.0,1.0,0.0,0.0,0.0,,0.7636623189298222,0.8528953165185452,-0.05941803209058216,0.0680317235098143,-0.7091764033265067,0.8830456381276737,0.8425829611686655,1.2668039548382697,0.5197103,0.5492052433992036,0.60228944
2026-03-31 10:30:00,2026-03-31 11:00:00,1,763.05,771.9,pivot,8.850000000000023,0.1460485,8.503951500000024,267874.47225000075,1.0,2026-03-31,767.55,767.85,762.0,0.0,769.1,772.05,768.25,0.0,2026,0.0,0.0,0.0,0.0,0.0,0.0,0.0,0.0,0.0,0.0,0.0,0.0,0.0,0.0,0.0,1.0,2.0,2.0,1,10,1,3,26.198491631453805,0.9360958405588238,1.2302085007988286,0.9360958405588238,0.0639041594411762,-0.0001976424911654,-7.373980277211574e-05,0.0038091024282693,True,13.922238908846504,0.9366918354264469,1.4133739353363308,0.9366918354264469,0.0633081645735532,-0.000461574077839,-0.0003647028355373,0.0062835537669102,True,59.45933553379052,0.3713355989861654,-0.2499768150553002,0.3713355989861654,0.6286644010138346,-0.0011573367820002,-0.001199860902249,0.0078030232028402,True,4.194956749428619,0.9808773087939954,2.049327175742914,0.9808773087939954,0.0191226912060046,-0.0029825850285503,-0.0036134975106598,0.0098166855022052,True,0.9360958405588238,0.0639041594411762,-1.2302085007988286,0.9366918354264469,0.0633081645735532,-1.4133739353363308,0.3713355989861654,0.6286644010138346,0.2499768150553002,0.9808773087939954,0.0191226912060046,-2.049327175742914,1,0,0,0.0,1,1,1,1,,0,1,1,0,0,0,0,1.0,1.0,0.0,0.0,0.0,,0.8721916811176476,1.2302085007988286,0.8733836708528937,1.4133739353363308,-0.25732880202766917,0.2499768150553002,0.9617546175879907,2.049327175742914,0.5197103,0.5838853056321048,0.5956634
2026-03-31 11:00:00,2026-03-31 11:30:00,1,771.9,766.25,pivot,-5.649999999999977,0.1461445,-5.996144499999978,-188878.5517499993,1.0,2026-03-31,769.1,772.05,768.25,0.0,765.05,766.7,764.5,0.0,2026,0.0,0.0,0.0,0.0,0.0,0.0,0.0,0.0,0.0,0.0,0.0,0.0,0.0,0.0,0.0,1.0,1.0,2.0,0,11,1,3,0.6785805448420104,0.999512837710173,4.667533782674926,0.999512837710173,0.000487162289827,-0.0001213090729217,-0.000113073648394,0.0016480969686111,True,11.818214936738489,0.9670827144399018,2.047885363753738,0.9670827144399018,0.0329172855600982,-0.0003738534386905,-0.0002860883744207,0.003174448864628,True,0.6615102442225886,0.9988052029883964,4.210453976112846,0.9988052029883964,0.0011947970116036,-0.0007646103640377,-0.0005993732507386,0.0045202190862106,True,1.615575084128156,0.98645130768513,2.6839987243326022,0.98645130768513,0.0135486923148699,-0.001358316763399,-0.0009733862674131,0.0060565422417836,True,0.999512837710173,0.000487162289827,-4.667533782674926,0.9670827144399018,0.0329172855600982,-2.047885363753738,0.9988052029883964,0.0011947970116036,-4.210453976112846,0.98645130768513,0.0135486923148699,-2.6839987243326022,1,0,0,0.0,1,1,1,1,,0,1,1,0,1,0,0,1.0,1.0,0.0,0.0,0.0,,0.9990256754203459,4.667533782674926,0.9341654288798036,2.047885363753738,0.9976104059767927,4.210453976112846,0.9729026153702601,2.6839987243326022,0.50914,0.5126744110500857,0.59782994
2026-03-31 12:40:00,2026-03-31 13:30:00,-1,758.7,754.2,pivot,4.5,0.145387,4.1546129999999994,130870.30949999997,1.0,2026-03-31,756.6,759.45,756.2,0.0,756.55,757.25,754.2,0.0,2026,0.0,0.0,0.0,0.0,0.0,0.0,0.0,0.0,0.0,0.0,0.0,0.0,0.0,0.0,0.0,1.0,0.0,0.0,1,12,1,3,33.38855371682863,0.0695100396592509,-1.1699222339009223,0.0695100396592509,0.930489960340749,-0.0001976424911654,-7.373980277211574e-05,0.0038091024282693,True,15.989807457357651,0.0662474303899072,-1.3183171027496798,0.0662474303899072,0.9337525696100928,-0.000461574077839,-0.0003647028355373,0.0062835537669102,True,24.967342150915712,0.1170320878700125,-1.0130823251619547,0.1170320878700125,0.8829679121299874,-0.0011573367820002,-0.001199860902249,0.0078030232028402,True,41.00154166679974,0.3116891476178965,-0.3266528480338878,0.3116891476178965,0.6883108523821034,-0.0029825850285503,-0.0036134975106598,0.0098166855022052,True,0.930489960340749,0.0695100396592509,-1.1699222339009223,0.9337525696100928,0.0662474303899072,-1.3183171027496798,0.8829679121299874,0.1170320878700125,-1.0130823251619547,0.6883108523821034,0.3116891476178965,-0.3266528480338878,1,0,0,0.0,1,1,1,1,,0,1,0,1,0,1,0,1.0,1.0,0.0,0.0,0.0,,0.8609799206814981,1.1699222339009223,0.8675051392201856,1.3183171027496798,0.7659358242599749,1.0130823251619547,0.3766217047642069,0.3266528480338878,0.5425894,0.7806436716173284,0.58769673
2026-03-31 13:30:00,2026-03-31 13:55:00,1,754.2,752.6,pivot,-1.6000000000000227,0.145204,-1.9452040000000228,-61273.92600000072,1.0,2026-03-31,756.55,757.25,754.2,0.0,752.5,752.95,751.15,0.0,2026,0.0,0.0,0.0,0.0,0.0,0.0,0.0,0.0,0.0,0.0,0.0,0.0,0.0,0.0,0.0,1.0,1.0,0.0,0,13,1,3,154.9642802414142,0.4042484375152327,-0.1893979448933567,0.4042484375152327,0.5957515624847673,-0.0001976424911654,-7.373980277211574e-05,0.0038091024282693,True,72.83932787962907,0.7059899905695255,0.3748537213556357,0.7059899905695255,0.2940100094304745,-0.000461574077839,-0.0003647028355373,0.0062835537669102,True,65.6983824526154,0.4530729101085354,-0.0838863422156431,0.4530729101085354,0.5469270898914645,-0.0011573367820002,-0.001199860902249,0.0078030232028402,True,20.06026952405409,0.1388578272014286,-0.9202759179635496,0.1388578272014286,0.8611421727985713,-0.0029825850285503,-0.0036134975106598,0.0098166855022052,True,0.4042484375152327,0.5957515624847673,0.1893979448933567,0.7059899905695255,0.2940100094304745,-0.3748537213556357,0.4530729101085354,0.5469270898914645,0.0838863422156431,0.1388578272014286,0.8611421727985713,0.9202759179635496,1,0,0,0.0,1,1,1,1,,0,1,0,1,1,0,0,1.0,1.0,0.0,0.0,0.0,,-0.19150312496953464,0.1893979448933567,0.411979981139051,0.3748537213556357,-0.09385417978292915,0.0838863422156431,-0.7222843455971427,0.9202759179635496,0.50965536,0.5461026325561957,0.61019635
2026-03-31 13:55:00,2026-03-31 14:10:00,-1,752.6,753.1,pivot,-0.5,0.145171,-0.845171,-26622.8865,1.0,2026-03-31,752.5,752.95,751.15,0.0,750.0,753.95,750.0,0.0,2026,0.0,0.0,0.0,0.0,0.0,0.0,0.0,0.0,0.0,0.0,0.0,0.0,0.0,0.0,0.0,1.0,1.0,0.0,0,13,1,3,125.6450264885856,0.174364893195815,-0.6961555026000268,0.174364893195815,0.825635106804185,-0.0002273522072461,-0.0002499822096176,0.0021159260715514,True,61.15252378251429,0.1586618811399953,-0.7970753802024116,0.1586618811399953,0.8413381188600046,-0.0006070643165827,-0.0006967107668046,0.0036113333535864,True,117.39829823299796,0.463452854736781,0.0151265635534006,0.463452854736781,0.536547145263219,-0.0010201313810906,-0.0013960369480056,0.0046535459914358,True,100.88773293465236,0.4991138325072778,0.1203732048729488,0.4991138325072778,0.5008861674927222,-0.0016480158403851,-0.0023576223022717,0.0058222319374076,True,0.825635106804185,0.174364893195815,-0.6961555026000268,0.8413381188600046,0.1586618811399953,-0.7970753802024116,0.536547145263219,0.463452854736781,0.0151265635534006,0.5008861674927222,0.4991138325072778,0.1203732048729488,1,0,0,0.0,1,1,1,1,,0,1,0,1,1,0,0,1.0,1.0,0.0,0.0,0.0,,0.6512702136083699,0.6961555026000268,0.6826762377200093,0.7970753802024116,0.07309429052643801,0.0151265635534006,0.0017723349854443793,0.1203732048729488,0.50965536,0.5461026325561957,0.6279036
2026-03-31 14:10:00,2026-03-31 14:40:00,-1,753.1,755.0,pivot,-1.8999999999999773,0.145243,-2.2452429999999772,-70725.15449999928,1.0,2026-03-31,750.0,753.95,750.0,0.0,755.55,755.8,753.7,0.0,2026,0.0,0.0,0.0,0.0,0.0,0.0,0.0,0.0,0.0,0.0,0.0,0.0,0.0,0.0,0.0,1.0,1.0,0.0,0,14,1,3,52.875366524266674,0.9209695973981348,1.1846209773320702,0.9209695973981348,0.0790304026018653,-0.0002273522072461,-0.0002499822096176,0.0021159260715514,True,148.37186105909896,0.6723083398081671,0.3214564407300959,0.6723083398081671,0.3276916601918329,-0.0006070643165827,-0.0006967107668046,0.0036113333535864,True,83.71994456517048,0.2791155930669768,-0.368536838031337,0.2791155930669768,0.7208844069330231,-0.0010201313810906,-0.0013960369480056,0.0046535459914358,True,97.61115960839535,0.6542806927106809,0.3821627669361119,0.6542806927106809,0.3457193072893191,-0.0016480158403851,-0.0023576223022717,0.0058222319374076,True,0.0790304026018653,0.9209695973981348,1.1846209773320702,0.3276916601918329,0.6723083398081671,0.3214564407300959,0.7208844069330231,0.2791155930669768,-0.368536838031337,0.3457193072893191,0.6542806927106809,0.3821627669361119,1,0,0,0.0,1,1,1,1,,0,1,0,1,1,0,0,1.0,1.0,0.0,0.0,0.0,,-0.8419391947962694,1.1846209773320702,-0.3446166796163342,0.3214564407300959,0.44176881386604633,0.368536838031337,-0.3085613854213618,0.3821627669361119,0.50965536,0.542246242569371,0.6302203
2026-03-31 15:10:00,2026-03-31 15:20:00,1,747.85,747.2,pivot,-0.6499999999999773,0.1448515,-0.9948514999999772,-31337.822249999284,1.0,2026-03-31,746.55,748.25,746.2,0.0,749.4,749.4,746.2,0.0,2026,0.0,0.0,0.0,0.0,0.0,0.0,0.0,0.0,0.0,0.0,0.0,0.0,0.0,0.0,0.0,1.0,1.0,0.0,0,15,1,3,10.06392812962452,0.0186291439089003,-2.5179147634480405,0.0186291439089003,0.9813708560910996,-0.0002273522072461,-0.0002499822096176,0.0021159260715514,True,10.020126936354163,0.0249343824481242,-2.0840355901079644,0.0249343824481242,0.9750656175518758,-0.0006070643165827,-0.0006967107668046,0.0036113333535864,True,35.62634224374221,0.1324293512959341,-0.9128266844948392,0.1324293512959341,0.8675706487040659,-0.0010201313810906,-0.0013960369480056,0.0046535459914358,True,59.41588993425092,0.2744680004273693,-0.3482299293369454,0.2744680004273693,0.7255319995726306,-0.0016480158403851,-0.0023576223022717,0.0058222319374076,True,0.0186291439089003,0.9813708560910996,2.5179147634480405,0.0249343824481242,0.9750656175518758,2.0840355901079644,0.1324293512959341,0.8675706487040659,0.9128266844948392,0.2744680004273693,0.7255319995726306,0.3482299293369454,1,0,0,0.0,1,1,1,1,,0,1,0,0,1,0,0,1.0,1.0,0.0,0.0,0.0,,-0.9627417121821994,2.5179147634480405,-0.9501312351037516,2.0840355901079644,-0.7351412974081317,0.9128266844948392,-0.4510639991452613,0.3482299293369454,0.5053966,0.5537654049174157,0.6262825
2026-04-01 10:30:00,2026-04-01 11:40:00,1,799.6,801.85,pivot,2.25,0.1480435,1.9019565000000003,59911.62975000001,1.0,2026-04-01,799.2,800.85,798.5,0.0,802.9,803.3,801.5,0.0,2026,0.0,0.0,0.0,0.0,0.0,0.0,0.0,0.0,0.0,0.0,0.0,0.0,0.0,0.0,0.0,1.0,1.0,1.0,1,10,2,4,126.9276655459171,0.8569468830927764,0.8872795913748501,0.8569468830927764,0.1430531169072235,0.000211744088476,0.0001589213970691,0.0020860133170378,True,1.7266950026102308,0.996357790620064,2.825224562914164,0.996357790620064,0.0036422093799359,0.0004860312862148,0.0004882112176103,0.003645315716772,True,60.86513383781933,0.7942059841308874,0.6533444073132972,0.7942059841308874,0.2057940158691126,0.0010236052036409,0.0011312838670171,0.0050056423837838,True,11.538701622560188,0.9537818641786387,1.6795209179939623,0.9537818641786387,0.0462181358213612,0.0021027385012016,0.0025084546215659,0.0062144644844141,True,0.8569468830927764,0.1430531169072235,-0.8872795913748501,0.996357790620064,0.0036422093799359,-2.825224562914164,0.7942059841308874,0.2057940158691126,-0.6533444073132972,0.9537818641786387,0.0462181358213612,-1.6795209179939623,1,0,0,0.0,1,1,1,1,,0,1,1,0,1,0,0,1.0,1.0,0.0,0.0,0.0,,0.7138937661855529,0.8872795913748501,0.9927155812401282,2.825224562914164,0.5884119682617748,0.6533444073132972,0.9075637283572775,1.6795209179939623,0.50995404,0.5183491920167113,0.61698043
2026-04-01 11:40:00,2026-04-01 11:50:00,-1,801.85,802.35,pivot,-0.5,0.148126,-0.848126,-26715.969,1.0,2026-04-01,802.9,803.3,801.5,0.0,803.15,803.35,802.2,0.0,2026,0.0,0.0,0.0,0.0,0.0,0.0,0.0,0.0,0.0,0.0,0.0,0.0,0.0,0.0,0.0,1.0,1.0,2.0,0,11,2,4,164.53576519226783,0.2293708880351654,-0.5848455847460735,0.2293708880351654,0.7706291119648345,0.000211744088476,0.0001589213970691,0.0020860133170378,True,99.8889358788924,0.2329678133570147,-0.5789828361919386,0.2329678133570147,0.7670321866429852,0.0004860312862148,0.0004882112176103,0.003645315716772,True,108.7465489480668,0.4564992557167919,-0.1012050305814387,0.4564992557167919,0.543500744283208,0.0010236052036409,0.0011312838670171,0.0050056423837838,True,80.40388098581788,0.4768335226949462,-0.1119620506592323,0.4768335226949462,0.5231664773050537,0.0021027385012016,0.0025084546215659,0.0062144644844141,True,0.7706291119648345,0.2293708880351654,-0.5848455847460735,0.7670321866429852,0.2329678133570147,-0.5789828361919386,0.543500744283208,0.4564992557167919,-0.1012050305814387,0.5231664773050537,0.4768335226949462,-0.1119620506592323,1,0,0,0.0,1,1,1,1,,0,1,1,0,1,0,0,1.0,1.0,0.0,0.0,0.0,,0.5412582239296692,0.5848455847460735,0.5340643732859706,0.5789828361919386,0.08700148856641615,0.1012050305814387,0.0463329546101075,0.1119620506592323,0.50914,0.5032499880173319,0.57403034
2026-04-06 11:20:00,2026-04-06 11:50:00,-1,821.45,816.35,pivot,5.100000000000023,0.149134,4.7508660000000225,149652.2790000007,1.0,2026-04-06,822.6,824.45,821.3,0.0,815.05,817.15,814.3,0.0,2026,0.0,0.0,0.0,0.0,0.0,0.0,0.0,0.0,0.0,0.0,0.0,0.0,0.0,0.0,0.0,1.0,1.0,2.0,1,11,0,4,215.24519014900196,0.6118182380034036,0.2611289322755746,0.6118182380034036,0.3881817619965964,0.0002227640992562,0.0001549707133592,0.0022134201078772,True,2.0834849887498814,0.996775972979104,2.805288422941337,0.996775972979104,0.0032240270208959,0.0005221425944855,0.0004949028479754,0.0038290235288769,True,84.02264573442729,0.6741006314646909,0.3365311712914672,0.6741006314646909,0.3258993685353091,0.0010452787968498,0.0011440808744898,0.0051399336122786,True,72.24885959620609,0.5819315203472325,0.1080683941392977,0.5819315203472325,0.4180684796527675,0.0021027385012016,0.0025084546215659,0.0062144644844141,True,0.3881817619965964,0.6118182380034036,0.2611289322755746,0.0032240270208959,0.996775972979104,2.805288422941337,0.3258993685353091,0.6741006314646909,0.3365311712914672,0.4180684796527675,0.5819315203472325,0.1080683941392977,1,0,0,0.0,1,1,1,1,,0,1,1,0,1,0,0,1.0,1.0,0.0,0.0,0.0,,-0.22363647600680725,0.2611289322755746,-0.9935519459582082,2.805288422941337,-0.3482012629293818,0.3365311712914672,-0.163863040694465,0.1080683941392977,0.50914,0.5027347576082652,0.5540503
2026-04-06 13:10:00,2026-04-06 13:15:00,1,810.6,810.4,pivot,-0.2000000000000454,0.14863,-0.5486300000000456,-17281.845000001435,1.0,2026-04-06,810.25,810.8,808.9,0.0,809.25,810.8,808.95,0.0,2026,0.0,0.0,0.0,0.0,0.0,0.0,0.0,0.0,0.0,0.0,0.0,0.0,0.0,0.0,0.0,1.0,1.0,0.0,0,13,0,4,34.4721407984962,0.9518142810911496,1.545710352367905,0.9518142810911496,0.0481857189088504,0.0002227640992562,0.0001549707133592,0.0022134201078772,True,66.86686051609747,0.8455273372296518,0.8692780538766931,0.8455273372296518,0.1544726627703482,0.0005221425944855,0.0004949028479754,0.0038290235288769,True,103.452369627475,0.4937804457278152,-0.0308950390780549,0.4937804457278152,0.5062195542721848,0.0010452787968498,0.0011440808744898,0.0051399336122786,True,69.6872475002025,0.2636414645745748,-0.5521434820657689,0.2636414645745748,0.7363585354254252,0.0021027385012016,0.0025084546215659,0.0062144644844141,True,0.9518142810911496,0.0481857189088504,-1.545710352367905,0.8455273372296518,0.1544726627703482,-0.8692780538766931,0.4937804457278152,0.5062195542721848,0.0308950390780549,0.2636414645745748,0.7363585354254252,0.5521434820657689,1,0,0,0.0,1,1,1,1,,0,1,0,1,1,0,0,1.0,1.0,0.0,0.0,0.0,,0.9036285621822993,1.545710352367905,0.6910546744593036,0.8692780538766931,-0.012439108544369581,0.0308950390780549,-0.47271707085085035,0.5521434820657689,0.50965536,0.5323586107871957,0.55332434
2026-04-07 10:40:00,2026-04-07 11:15:00,-1,821.1,813.9,pivot,7.2000000000000455,0.14905,6.850950000000045,215804.92500000144,1.0,2026-04-07,821.4,822.3,820.55,0.0,816.9,817.0,813.6,0.0,2026,0.0,0.0,0.0,0.0,0.0,0.0,0.0,0.0,0.0,0.0,0.0,0.0,0.0,0.0,0.0,1.0,0.0,0.0,1,10,1,4,197.54105688739253,0.3076907832643162,-0.370979161867296,0.3076907832643162,0.6923092167356838,0.0002227640992562,0.0001549707133592,0.0022134201078772,True,47.803445527818376,0.1266838927133931,-0.9664392009548528,0.1266838927133931,0.8733161072866069,0.0005221425944855,0.0004949028479754,0.0038290235288769,True,18.53244650143353,0.06523640612912,-1.397652435926543,0.06523640612912,0.93476359387088,0.0010452787968498,0.0011440808744898,0.0051399336122786,True,1.941018285739588,0.0128691113137809,-2.8896538654335737,0.0128691113137809,0.9871308886862192,0.0021027385012016,0.0025084546215659,0.0062144644844141,True,0.6923092167356838,0.3076907832643162,-0.370979161867296,0.8733161072866069,0.1266838927133931,-0.9664392009548528,0.93476359387088,0.06523640612912,-1.397652435926543,0.9871308886862192,0.0128691113137809,-2.8896538654335737,1,0,0,0.0,1,1,1,1,,0,1,1,0,0,1,0,1.0,1.0,0.0,0.0,0.0,,0.3846184334713676,0.370979161867296,0.7466322145732138,0.9664392009548528,0.8695271877417601,1.397652435926543,0.9742617773724384,2.8896538654335737,0.5299424,0.7763436742449398,0.5632454
2026-04-15 10:25:00,2026-04-15 15:45:00,1,932.1,924.75,eod,-7.350000000000023,0.1557055,-7.705705500000023,-242729.7232500007,1.0,2026-04-15,931.65,932.3,930.05,0.0,924.75,924.75,924.75,0.0,2026,0.0,0.0,0.0,0.0,0.0,0.0,0.0,0.0,0.0,0.0,0.0,0.0,0.0,0.0,0.0,1.0,1.0,1.0,0,10,2,4,170.78572099154636,0.2723489658283986,-0.4696875443395926,0.2723489658283986,0.7276510341716014,0.0001738397272187,0.0001278386152136,0.0023180541784888,True,39.87006782106309,0.922707615178003,1.25739493034751,0.922707615178003,0.0772923848219969,0.0004368425424793,0.0004023937797858,0.0040244672683751,True,57.102467549837016,0.7843289516705091,0.6532036906760154,0.7843289516705091,0.2156710483294909,0.0008687542797029,0.0009249455846197,0.0054678339034383,True,80.75183303379008,0.4643006607872351,-0.1369972974928704,0.4643006607872351,0.5356993392127649,0.0021027385012016,0.0025084546215659,0.0062144644844141,True,0.2723489658283986,0.7276510341716014,0.4696875443395926,0.922707615178003,0.0772923848219969,-1.25739493034751,0.7843289516705091,0.2156710483294909,-0.6532036906760154,0.4643006607872351,0.5356993392127649,0.1369972974928704,1,0,0,0.0,1,1,1,1,,0,1,1,0,1,0,0,1.0,1.0,0.0,0.0,0.0,,-0.45530206834320275,0.4696875443395926,0.8454152303560061,1.25739493034751,0.5686579033410182,0.6532036906760154,-0.07139867842552983,0.1369972974928704,0.50995404,0.5183491920167113,0.5654972
2026-04-16 10:40:00,2026-04-16 14:20:00,-1,936.85,937.95,pivot,-1.1000000000000227,0.156244,-1.456244000000023,-45871.68600000072,1.0,2026-04-16,937.55,938.7,936.7,0.0,937.6,938.55,937.35,0.0,2026,0.0,0.0,0.0,0.0,0.0,0.0,0.0,0.0,0.0,0.0,0.0,0.0,0.0,0.0,0.0,1.0,1.0,1.0,0,10,3,4,40.75083354829047,0.0595261020253871,-1.4427890931623195,0.0595261020253871,0.9404738979746128,0.0001485704400883,0.000114520776005,0.0022967115667551,True,79.4831959440407,0.219788909991768,-0.6363785154806069,0.219788909991768,0.780211090008232,0.000433832803254,0.0004048242776565,0.0039893355913189,True,85.83434861221704,0.6292495546001111,0.252555191884761,0.6292495546001111,0.3707504453998889,0.0009439329384002,0.0009781349895774,0.0054420970126334,True,56.40221916825111,0.6786472621390012,0.3715017726134602,0.6786472621390012,0.3213527378609988,0.0020217551142355,0.0022562221581728,0.0066068463935332,True,0.9404738979746128,0.0595261020253871,-1.4427890931623195,0.780211090008232,0.219788909991768,-0.6363785154806069,0.3707504453998889,0.6292495546001111,0.252555191884761,0.3213527378609988,0.6786472621390012,0.3715017726134602,1,0,0,0.0,1,1,1,1,,0,1,1,0,1,0,0,1.0,1.0,0.0,0.0,0.0,,0.8809477959492257,1.4427890931623195,0.5604221800164639,0.6363785154806069,-0.25849910920022223,0.252555191884761,-0.35729452427800235,0.3715017726134602,0.50995404,0.514750732550002,0.55272233
2026-05-12 11:25:00,2026-05-12 12:10:00,1,1201.4,1199.3,pivot,-2.1000000000001364,0.172021,-2.472021000000136,-77868.6615000043,1.0,2026-05-12,1199.6,1203.0,1197.85,0.0,1200.95,1201.7,1196.85,0.0,2026,0.0,0.0,0.0,0.0,0.0,0.0,0.0,0.0,0.0,0.0,0.0,0.0,0.0,0.0,0.0,1.0,1.0,0.0,0,11,1,5,34.31271566050797,0.0714105220047759,-1.168328681328528,0.0714105220047759,0.928589477995224,-0.0002661648747661,-0.0001463516317855,0.0038440551305893,True,11.948143694773952,0.950010253799628,1.5683494862302103,0.950010253799628,0.0499897462003718,-0.0005817526714248,-0.0004967132661988,0.0063528523425207,True,49.8796524557382,0.7249051409172758,0.4542584326178304,0.7249051409172758,0.2750948590827242,-0.0013770214074746,-0.0013519652801901,0.008144654226047,True,25.72789907386384,0.215551582403884,-0.599085586744764,0.215551582403884,0.7844484175961159,-0.0030123610274504,-0.0037396713415324,0.0108651208129153,True,0.0714105220047759,0.928589477995224,1.168328681328528,0.950010253799628,0.0499897462003718,-1.5683494862302103,0.7249051409172758,0.2750948590827242,-0.4542584326178304,0.215551582403884,0.7844484175961159,0.599085586744764,1,0,0,0.0,1,1,1,1,,0,1,1,0,1,0,0,1.0,1.0,0.0,0.0,0.0,,-0.857178955990448,1.168328681328528,0.9000205075992562,1.5683494862302103,0.4498102818345516,0.4542584326178304,-0.5688968351922319,0.599085586744764,0.50965536,0.5754700979075468,0.5555051
2026-05-14 10:25:00,2026-05-14 10:30:00,1,1242.35,1245.45,pivot,3.1000000000001364,0.174634,2.7253660000001356,85849.02900000427,1.0,2026-05-14,1245.35,1245.45,1241.15,0.0,1245.9,1247.7,1244.4,0.0,2026,0.0,0.0,0.0,0.0,0.0,0.0,0.0,0.0,0.0,0.0,0.0,0.0,0.0,0.0,0.0,1.0,1.0,2.0,1,10,3,5,0.4807584501014721,0.0045938047569673,-3.657431022210672,0.0045938047569673,0.9954061952430326,0.0001220711722234,0.0001614303509715,0.0015637920331067,True,44.828575624919374,0.0857607910016086,-1.2053601747853198,0.0857607910016086,0.9142392089983914,0.0004206669325156,0.0004862525566535,0.0027121599464148,True,71.76376472801087,0.1514336174190204,-0.8622399097211907,0.1514336174190204,0.8485663825809795,0.0009687718909271,0.0011629432216122,0.0033611399442397,True,61.81265838631003,0.76916809642601,0.5827384998648865,0.76916809642601,0.2308319035739899,0.002157609543261,0.0024258856656373,0.0046617046181543,True,0.0045938047569673,0.9954061952430326,3.657431022210672,0.0857607910016086,0.9142392089983914,1.2053601747853198,0.1514336174190204,0.8485663825809795,0.8622399097211907,0.76916809642601,0.2308319035739899,-0.5827384998648865,1,0,0,0.0,1,1,1,1,,0,1,1,0,1,0,0,1.0,1.0,0.0,0.0,0.0,,-0.9908123904860654,3.657431022210672,-0.8284784179967828,1.2053601747853198,-0.6971327651619591,0.8622399097211907,0.5383361928520202,0.5827384998648865,0.5173392,0.5345218315289454,0.5708879
2026-05-14 10:30:00,2026-05-14 10:50:00,1,1245.45,1241.35,pivot,-4.100000000000136,0.174604,-4.474604000000137,-140950.02600000432,1.0,2026-05-14,1245.9,1247.7,1244.4,0.0,1236.85,1242.55,1236.75,0.0,2026,0.0,0.0,0.0,0.0,0.0,0.0,0.0,0.0,0.0,0.0,0.0,0.0,0.0,0.0,0.0,1.0,1.0,2.0,0,10,3,5,26.50510318223937,0.9742670130295804,1.9765610715367283,0.9742670130295804,0.0257329869704197,0.0001300778662668,0.0001739972010288,0.0016458282436628,True,158.03494508421653,0.2768005154479581,-0.4494261643209692,0.2768005154479581,0.723199484552042,0.0004593933437559,0.0005290086209425,0.0027885295792093,True,66.87624009005181,0.153846802755712,-0.8459458075908729,0.153846802755712,0.846153197244288,0.0009864865853135,0.0011599168042025,0.003510281749461,True,41.7817879091516,0.8375715030669658,0.7929490199143727,0.8375715030669658,0.1624284969330341,0.0021790733647819,0.0026093807385957,0.0048570242325007,True,0.9742670130295804,0.0257329869704197,-1.9765610715367283,0.2768005154479581,0.723199484552042,0.4494261643209692,0.153846802755712,0.846153197244288,0.8459458075908729,0.8375715030669658,0.1624284969330341,-0.7929490199143727,1,0,0,0.0,1,1,1,1,,0,1,1,0,1,0,0,1.0,1.0,0.0,0.0,0.0,,0.9485340260591607,1.9765610715367283,-0.4463989691040839,0.4494261643209692,-0.6923063944885759,0.8459458075908729,0.6751430061339317,0.7929490199143727,0.5173392,0.5345218315289454,0.58854234
2026-05-14 10:50:00,2026-05-14 11:15:00,-1,1241.35,1234.3,pivot,7.0499999999999545,0.1742695,6.675730499999954,210285.51074999856,1.0,2026-05-14,1236.85,1242.55,1236.75,0.0,1232.75,1235.65,1232.55,0.0,2026,0.0,0.0,0.0,0.0,0.0,0.0,0.0,0.0,0.0,0.0,0.0,0.0,0.0,0.0,0.0,1.0,1.0,1.0,1,10,3,5,15.18664120658208,0.0278050300752399,-2.0565865368751624,0.0278050300752399,0.97219496992476,0.0001300778662668,0.0001739972010288,0.0016458282436628,True,118.48335527164244,0.2039851655763525,-0.636325988110681,0.2039851655763525,0.7960148344236475,0.0004593933437559,0.0005290086209425,0.0027885295792093,True,111.06344984234622,0.23604339360647,-0.582264521207712,0.23604339360647,0.7639566063935299,0.0009864865853135,0.0011599168042025,0.003510281749461,True,103.32007094640048,0.5895185269480833,0.0844400902212051,0.5895185269480833,0.4104814730519167,0.0021790733647819,0.0026093807385957,0.0048570242325007,True,0.97219496992476,0.0278050300752399,-2.0565865368751624,0.7960148344236475,0.2039851655763525,-0.636325988110681,0.7639566063935299,0.23604339360647,-0.582264521207712,0.4104814730519167,0.5895185269480833,0.0844400902212051,1,0,0,0.0,1,1,1,1,,0,1,1,0,1,0,0,1.0,1.0,0.0,0.0,0.0,,0.94438993984952,2.0565865368751624,0.592029668847295,0.636325988110681,0.5279132127870599,0.582264521207712,-0.1790370538961666,0.0844400902212051,0.5075804,0.5106550274582811,0.5905235
2026-05-14 11:50:00,2026-05-14 11:55:00,1,1226.75,1226.7,pivot,-0.0499999999999545,0.1736035,-0.42360349999995456,-13343.510249998568,1.0,2026-05-14,1226.55,1229.5,1225.75,0.0,1224.75,1226.8,1223.6,0.0,2026,0.0,0.0,0.0,0.0,0.0,0.0,0.0,0.0,0.0,0.0,0.0,0.0,0.0,0.0,0.0,1.0,1.0,0.0,0,11,3,5,165.1421806376979,0.2328714776503139,-0.5280041623679403,0.2328714776503139,0.7671285223496861,0.0001563413261212,0.0001342007848141,0.0022508428428869,True,81.53087819064653,0.2030017159560247,-0.6641198237371689,0.2030017159560247,0.7969982840439753,0.0004022673686253,0.0004032378048513,0.0038413521400987,True,75.84735559313029,0.2657459224848582,-0.4874585650936083,0.2657459224848582,0.7342540775151418,0.0009088040518724,0.0009711022264064,0.0051523554686756,True,5.868818722264813,0.0360595846867932,-1.759567755175241,0.0360595846867932,0.9639404153132068,0.0020333377015545,0.0022241274420573,0.0064739075467352,True,0.2328714776503139,0.7671285223496861,0.5280041623679403,0.2030017159560247,0.7969982840439753,0.6641198237371689,0.2657459224848582,0.7342540775151418,0.4874585650936083,0.0360595846867932,0.9639404153132068,1.759567755175241,1,0,0,0.0,1,1,1,1,,0,1,1,0,1,0,0,1.0,1.0,0.0,0.0,0.0,,-0.5342570446993722,0.5280041623679403,-0.5939965680879506,0.6641198237371689,-0.46850815503028365,0.4874585650936083,-0.9278808306264137,1.759567755175241,0.50965536,0.5650935309404326,0.56949
2026-05-14 11:55:00,2026-05-14 12:25:00,1,1226.7,1230.35,pivot,3.649999999999864,0.1737115,3.2762884999998634,103203.0877499957,1.0,2026-05-14,1224.75,1226.8,1223.6,0.0,1231.7,1233.85,1230.35,0.0,2026,0.0,0.0,0.0,0.0,0.0,0.0,0.0,0.0,0.0,0.0,0.0,0.0,0.0,0.0,0.0,1.0,1.0,0.0,1,11,3,5,12.027983551649587,0.0162348263988869,-2.1826425465004458,0.0162348263988869,0.983765173601113,-0.000110413105679,-8.032602477331566e-05,0.0020123849599327,True,17.045659765633935,0.0460998530403799,-1.690902952228966,0.0460998530403799,0.95390014695962,-0.0002438509837386,-0.0002531376731421,0.0038374916548573,True,48.70375220651015,0.1712203709634598,-0.7593996055144635,0.1712203709634598,0.8287796290365401,-0.0004756162747039,-0.0004235749381016,0.0056524339104191,True,10.69553524940225,0.0617266376314679,-1.4101243430739792,0.0617266376314679,0.938273362368532,-0.0013271035036923,-0.0008623558110632,0.0076343952782248,True,0.0162348263988869,0.983765173601113,2.1826425465004458,0.0460998530403799,0.95390014695962,1.690902952228966,0.1712203709634598,0.8287796290365401,0.7593996055144635,0.0617266376314679,0.938273362368532,1.4101243430739792,1,0,0,0.0,1,1,1,1,,0,1,1,0,1,0,0,1.0,1.0,0.0,0.0,0.0,,-0.9675303472022262,2.1826425465004458,-0.9078002939192401,1.690902952228966,-0.6575592580730804,0.7593996055144635,-0.8765467247370641,1.4101243430739792,0.50965536,0.5650935309404326,0.56163764
2026-05-15 10:30:00,2026-05-15 10:35:00,-1,1228.1,1227.95,pivot,0.1499999999998635,0.1736815,-0.22368150000013645,-7045.967250004298,1.0,2026-05-15,1227.95,1228.6,1225.2,0.0,1231.8,1234.75,1227.95,0.0,2026,0.0,0.0,0.0,0.0,0.0,0.0,0.0,0.0,0.0,0.0,0.0,0.0,0.0,0.0,0.0,1.0,0.0,0.0,0,10,4,5,107.28866742783372,0.1390352589391001,-0.8854153446040687,0.1390352589391001,0.8609647410608998,-0.000110413105679,-8.032602477331566e-05,0.0020123849599327,True,67.338744441595,0.1733842617720852,-0.7563097617725699,0.1733842617720852,0.8266157382279147,-0.0002438509837386,-0.0002531376731421,0.0038374916548573,True,20.18735201574481,0.0797382590508793,-1.2533776896352578,0.0797382590508793,0.9202617409491206,-0.0004756162747039,-0.0004235749381016,0.0056524339104191,True,4.139834014278703,0.0292388528280053,-2.1026067616783672,0.0292388528280053,0.9707611471719946,-0.0013271035036923,-0.0008623558110632,0.0076343952782248,True,0.8609647410608998,0.1390352589391001,-0.8854153446040687,0.8266157382279147,0.1733842617720852,-0.7563097617725699,0.9202617409491206,0.0797382590508793,-1.2533776896352578,0.9707611471719946,0.0292388528280053,-2.1026067616783672,1,0,0,0.0,1,1,1,1,,0,1,1,0,0,1,0,1.0,1.0,0.0,0.0,0.0,,0.7219294821217997,0.8854153446040687,0.6532314764558295,0.7563097617725699,0.8405234818982413,1.2533776896352578,0.9415222943439893,2.1026067616783672,0.51653606,0.7687970036496027,0.5525001
2026-05-15 11:50:00,2026-05-15 12:25:00,1,1205.7,1196.9,pivot,-8.799999999999955,0.172078,-9.172077999999955,-288920.4569999986,1.0,2026-05-15,1205.7,1211.3,1204.4,0.0,1196.8,1199.45,1196.4,0.0,2026,0.0,0.0,0.0,0.0,0.0,0.0,0.0,0.0,0.0,0.0,0.0,0.0,0.0,0.0,0.0,1.0,1.0,0.0,0,11,4,5,30.55578356663334,0.9328979534034942,1.2156515107320844,0.9328979534034942,0.0671020465965057,-0.0002661648747661,-0.0001463516317855,0.0038440551305893,True,11.633676357508556,0.9517828998770766,1.5920996270049343,0.9517828998770766,0.0482171001229233,-0.0005817526714248,-0.0004967132661988,0.0063528523425207,True,12.952217522841371,0.9287542474400752,1.372535431680627,0.9287542474400752,0.0712457525599247,-0.0013770214074746,-0.0013519652801901,0.008144654226047,True,8.550365621282129,0.0700321829434072,-1.4234940153879148,0.0700321829434072,0.9299678170565928,-0.0030123610274504,-0.0037396713415324,0.0108651208129153,True,0.9328979534034942,0.0671020465965057,-1.2156515107320844,0.9517828998770766,0.0482171001229233,-1.5920996270049343,0.9287542474400752,0.0712457525599247,-1.372535431680627,0.0700321829434072,0.9299678170565928,1.4234940153879148,1,0,0,0.0,1,1,1,1,,0,1,1,0,1,0,0,1.0,1.0,0.0,0.0,0.0,,0.8657959068069885,1.2156515107320844,0.9035657997541533,1.5920996270049343,0.8575084948801505,1.372535431680627,-0.8599356341131856,1.4234940153879148,0.50965536,0.5609885637174096,0.58278143
2026-05-15 12:25:00,2026-05-15 12:50:00,-1,1196.9,1203.55,pivot,-6.649999999999864,0.1720134999999999,-7.022013499999863,-221193.4252499957,1.0,2026-05-15,1196.8,1199.45,1196.4,0.0,1201.75,1204.15,1200.0,0.0,2026,0.0,0.0,0.0,0.0,0.0,0.0,0.0,0.0,0.0,0.0,0.0,0.0,0.0,0.0,0.0,1.0,1.0,0.0,0,12,4,5,152.03115400061992,0.6094172265371158,0.1523947868202397,0.6094172265371158,0.3905827734628841,-0.0002269615933968,-0.000155681224693,0.0040312993911495,True,94.07695140346404,0.602004936665103,0.1690126622447177,0.602004936665103,0.397995063334897,-0.0004650223181095,-0.0005211663351293,0.0065377459996741,True,45.89899093380891,0.2574303122768744,-0.4500875848432677,0.2574303122768744,0.7425696877231256,-0.0012053369340164,-0.0014128033611818,0.0085928716626048,True,22.82755703753424,0.8493380299336378,0.8378094445852411,0.8493380299336378,0.1506619700663621,-0.0031352397907084,-0.00425845309321,0.0116189703312919,True,0.3905827734628841,0.6094172265371158,0.1523947868202397,0.397995063334897,0.602004936665103,0.1690126622447177,0.7425696877231256,0.2574303122768744,-0.4500875848432677,0.1506619700663621,0.8493380299336378,0.8378094445852411,1,0,0,0.0,1,1,1,1,,0,1,0,1,1,0,0,1.0,1.0,0.0,0.0,0.0,,-0.21883445307423172,0.1523947868202397,-0.20400987333020604,0.1690126622447177,0.4851393754462512,0.4500875848432677,-0.6986760598672758,0.8378094445852411,0.50965536,0.5189918327426458,0.5998879
2026-05-15 13:25:00,2026-05-15 13:50:00,1,1185.3,1178.65,pivot,-6.649999999999864,0.1709185,-7.020918499999864,-221158.9327499957,1.0,2026-05-15,1185.35,1189.5,1181.65,0.0,1176.5,1179.6,1174.7,0.0,2026,0.0,0.0,0.0,0.0,0.0,0.0,0.0,0.0,0.0,0.0,0.0,0.0,0.0,0.0,0.0,1.0,1.0,0.0,0,13,4,5,40.448985371548375,0.0936614161997948,-0.9822878880284058,0.0936614161997948,0.9063385838002052,-0.0002269615933968,-0.000155681224693,0.0040312993911495,True,35.79067825500842,0.150584134547806,-0.7675912378654445,0.150584134547806,0.8494158654521939,-0.0004650223181095,-0.0005211663351293,0.0065377459996741,True,10.076292176406248,0.0650828692603464,-1.3342738450017528,0.0650828692603464,0.9349171307396535,-0.0012053369340164,-0.0014128033611818,0.0085928716626048,True,27.78354970426601,0.2469682673414767,-0.4445749421434833,0.2469682673414767,0.7530317326585233,-0.0031352397907084,-0.00425845309321,0.0116189703312919,True,0.0936614161997948,0.9063385838002052,0.9822878880284058,0.150584134547806,0.8494158654521939,0.7675912378654445,0.0650828692603464,0.9349171307396535,1.3342738450017528,0.2469682673414767,0.7530317326585233,0.4445749421434833,1,0,0,0.0,1,1,1,1,,0,1,0,1,1,0,0,1.0,1.0,0.0,0.0,0.0,,-0.8126771676004103,0.9822878880284058,-0.6988317309043879,0.7675912378654445,-0.8698342614793071,1.3342738450017528,-0.5060634653170466,0.4445749421434833,0.50965536,0.5189918327426458,0.5705787
2026-05-27 10:25:00,2026-05-27 10:30:00,1,1330.65,1328.25,pivot,-2.400000000000091,0.179767,-2.779767000000091,-87562.66050000286,1.0,2026-05-27,1328.3,1331.15,1325.35,0.0,1327.8,1331.6,1325.6,0.0,2026,0.0,0.0,0.0,0.0,0.0,0.0,0.0,0.0,0.0,0.0,0.0,0.0,0.0,0.0,0.0,1.0,1.0,1.0,0,10,2,5,111.8350389349592,0.8478925353240395,0.8848671691214194,0.8478925353240395,0.1521074646759604,0.0001507468076022,0.0001427803269932,0.0021918419283438,True,132.45994980620253,0.4980756057208952,0.0176987628424643,0.4980756057208952,0.5019243942791047,0.0004306230187282,0.0003502708448158,0.0037198243993486,True,25.559894513211205,0.0907650702338282,-1.2845812762841853,0.0907650702338282,0.9092349297661716,0.0008413025514226,0.0008498514036118,0.0047139453684341,True,41.12141135755538,0.1575893866971253,-0.8294887297822384,0.1575893866971253,0.8424106133028746,0.0018180138572274,0.0019881764003557,0.0067205762948667,True,0.8478925353240395,0.1521074646759604,-0.8848671691214194,0.4980756057208952,0.5019243942791047,-0.0176987628424643,0.0907650702338282,0.9092349297661716,1.2845812762841853,0.1575893866971253,0.8424106133028746,0.8294887297822384,1,0,0,0.0,1,1,1,1,,0,1,1,0,1,0,0,1.0,1.0,0.0,0.0,0.0,,0.6957850706480792,0.8848671691214194,-0.003848788558209526,0.0176987628424643,-0.8184698595323434,1.2845812762841853,-0.6848212266057493,0.8294887297822384,0.5075804,0.5142534869249903,0.5702305
2026-05-27 10:30:00,2026-05-27 11:20:00,1,1328.25,1334.25,pivot,6.0,0.179875,5.620125,177033.9375,1.0,2026-05-27,1327.8,1331.6,1325.6,0.0,1338.25,1338.4,1333.15,0.0,2026,0.0,0.0,0.0,0.0,0.0,0.0,0.0,0.0,0.0,0.0,0.0,0.0,0.0,0.0,0.0,1.0,1.0,1.0,1,10,2,5,3.873508880477516,0.9928911164902312,2.8930928123473243,0.9928911164902312,0.0071088835097689,0.0001507468076022,0.0001427803269932,0.0021918419283438,True,15.700637510257438,0.967238488916632,1.8421705354643427,0.967238488916632,0.0327615110833678,0.0004306230187282,0.0003502708448158,0.0037198243993486,True,72.26333177350645,0.741641712812636,0.5463341948733959,0.741641712812636,0.258358287187364,0.0008413025514226,0.0008498514036118,0.0047139453684341,True,15.356061507420778,0.9372869852371484,1.4985121944800406,0.9372869852371484,0.0627130147628516,0.0018180138572274,0.0019881764003557,0.0067205762948667,True,0.9928911164902312,0.0071088835097689,-2.8930928123473243,0.967238488916632,0.0327615110833678,-1.8421705354643427,0.741641712812636,0.258358287187364,-0.5463341948733959,0.9372869852371484,0.0627130147628516,-1.4985121944800406,1,0,0,0.0,1,1,1,1,,0,1,1,0,1,0,0,1.0,1.0,0.0,0.0,0.0,,0.9857822329804623,2.8930928123473243,0.9344769778332642,1.8421705354643427,0.48328342562527205,0.5463341948733959,0.8745739704742967,1.4985121944800406,0.5075804,0.5142534869249903,0.57014155
2026-05-27 13:45:00,2026-05-27 14:15:00,-1,1325.55,1315.45,pivot,10.099999999999907,0.17923,9.720769999999908,306204.2549999971,1.0,2026-05-27,1327.1,1328.4,1324.15,0.0,1314.5,1315.55,1310.55,0.0,2026,0.0,0.0,0.0,0.0,0.0,0.0,0.0,0.0,0.0,0.0,0.0,0.0,0.0,0.0,0.0,1.0,1.0,0.0,1,13,2,5,62.59947635684739,0.9128975647695488,1.1866106911669625,0.9128975647695488,0.0871024352304512,-0.000110413105679,-8.032602477331566e-05,0.0020123849599327,True,69.04160357671569,0.1776419263254688,-0.7401980839839191,0.1776419263254688,0.8223580736745312,-0.0002438509837386,-0.0002531376731421,0.0038374916548573,True,13.21392216818668,0.0527871113375649,-1.542073005312439,0.0527871113375649,0.947212888662435,-0.0004756162747039,-0.0004235749381016,0.0056524339104191,True,6.380642388880597,0.0460031088246249,-1.656821127905902,0.0460031088246249,0.9539968911753752,-0.0013271035036923,-0.0008623558110632,0.0076343952782248,True,0.0871024352304512,0.9128975647695488,1.1866106911669625,0.8223580736745312,0.1776419263254688,-0.7401980839839191,0.947212888662435,0.0527871113375649,-1.542073005312439,0.9539968911753752,0.0460031088246249,-1.656821127905902,1,0,0,0.0,1,1,1,1,,0,1,0,1,1,0,0,1.0,1.0,0.0,0.0,0.0,,-0.8257951295390975,1.1866106911669625,0.6447161473490624,0.7401980839839191,0.8944257773248702,1.542073005312439,0.9079937823507503,1.656821127905902,0.50965536,0.5356435457181505,0.55762994
2026-05-27 14:15:00,2026-05-27 14:35:00,-1,1315.45,1317.35,pivot,-1.899999999999864,0.178984,-2.2789839999998636,-71787.9959999957,1.0,2026-05-27,1314.5,1315.55,1310.55,0.0,1315.65,1322.7,1315.45,0.0,2026,0.0,0.0,0.0,0.0,0.0,0.0,0.0,0.0,0.0,0.0,0.0,0.0,0.0,0.0,0.0,1.0,0.0,0.0,0,14,2,5,315.30878345786846,0.5339038032361382,0.0679161216569648,0.5339038032361382,0.4660961967638618,-0.0001069985148417,-0.0001322486631791,0.0019472352064969,True,27.498754635343914,0.0666490648042673,-1.4600432470218407,0.0666490648042673,0.9333509351957326,-0.0003358895109858,-0.0003619471569104,0.0034729063478068,True,117.11772172598307,0.4254179256017046,-0.1654064902428245,0.4254179256017046,0.5745820743982955,-0.0005060348867784,-0.0002971528837183,0.0050606402299578,True,9.340584731354786,0.0483800719039581,-1.5240307084153193,0.0483800719039581,0.951619928096042,-0.0006224315571759,-0.0002556998663851,0.0065737234732237,True,0.4660961967638618,0.5339038032361382,0.0679161216569648,0.9333509351957326,0.0666490648042673,-1.4600432470218407,0.5745820743982955,0.4254179256017046,-0.1654064902428245,0.951619928096042,0.0483800719039581,-1.5240307084153193,1,0,0,0.0,1,1,1,1,,0,1,0,1,0,1,0,1.0,1.0,0.0,0.0,0.0,,-0.06780760647227635,0.0679161216569648,0.8667018703914653,1.4600432470218407,0.14916414879659085,0.1654064902428245,0.9032398561920839,1.5240307084153193,0.5425894,0.7825921160981738,0.56700957
2026-05-27 14:35:00,2026-05-27 14:45:00,1,1317.35,1324.1,pivot,6.75,0.1792435,6.3707565,200678.82975,1.0,2026-05-27,1315.65,1322.7,1315.45,0.0,1310.25,1325.0,1310.25,0.0,2026,0.0,0.0,0.0,0.0,0.0,0.0,0.0,0.0,0.0,0.0,0.0,0.0,0.0,0.0,0.0,1.0,1.0,0.0,1,14,2,5,31.698381681222678,0.969135017043181,1.8685637600752212,0.969135017043181,0.030864982956819,0.0001300778662668,0.0001739972010288,0.0016458282436628,True,4.1069696008040735,0.9864558492306412,2.4851441757351425,0.9864558492306412,0.0135441507693588,0.0004593933437559,0.0005290086209425,0.0027885295792093,True,146.8829672670326,0.4773298267791782,-0.0939231582376996,0.4773298267791782,0.5226701732208218,0.0009864865853135,0.0011599168042025,0.003510281749461,True,35.585638426575755,0.8569504042986739,0.8967621635438932,0.8569504042986739,0.1430495957013261,0.0021790733647819,0.0026093807385957,0.0048570242325007,True,0.969135017043181,0.030864982956819,-1.8685637600752212,0.9864558492306412,0.0135441507693588,-2.4851441757351425,0.4773298267791782,0.5226701732208218,0.0939231582376996,0.8569504042986739,0.1430495957013261,-0.8967621635438932,1,0,0,0.0,1,1,1,1,,0,1,0,1,1,0,0,1.0,1.0,0.0,0.0,0.0,,0.9382700340863619,1.8685637600752212,0.9729116984612824,2.4851441757351425,-0.045340346441643586,0.0939231582376996,0.7139008085973477,0.8967621635438932,0.50965536,0.5359255333824358,0.5801532
2026-05-27 14:45:00,2026-05-27 15:10:00,1,1324.1,1309.95,pivot,-14.149999999999864,0.1790215,-14.529021499999864,-457664.1772499957,1.0,2026-05-27,1310.25,1325.0,1310.25,0.0,1313.3,1314.45,1306.7,0.0,2026,0.0,0.0,0.0,0.0,0.0,0.0,0.0,0.0,0.0,0.0,0.0,0.0,0.0,0.0,0.0,1.0,1.0,0.0,0,14,2,5,149.84811876403316,0.1972175546802915,-0.6147220807837365,0.1972175546802915,0.8027824453197084,-0.0001069985148417,-0.0001322486631791,0.0019472352064969,True,40.21852942077615,0.106774884488964,-1.10789837354919,0.106774884488964,0.8932251155110359,-0.0003358895109858,-0.0003619471569104,0.0034729063478068,True,42.40817648360006,0.1434380656605909,-0.8553508982354436,0.1434380656605909,0.8565619343394091,-0.0005060348867784,-0.0002971528837183,0.0050606402299578,True,34.95670608420087,0.1362218558530729,-0.8373172112626145,0.1362218558530729,0.863778144146927,-0.0006224315571759,-0.0002556998663851,0.0065737234732237,True,0.1972175546802915,0.8027824453197084,0.6147220807837365,0.106774884488964,0.8932251155110359,1.10789837354919,0.1434380656605909,0.8565619343394091,0.8553508982354436,0.1362218558530729,0.863778144146927,0.8373172112626145,1,0,0,0.0,1,1,1,1,,0,1,0,1,1,0,0,1.0,1.0,0.0,0.0,0.0,,-0.6055648906394169,0.6147220807837365,-0.7864502310220719,1.10789837354919,-0.7131238686788182,0.8553508982354436,-0.7275562882938541,0.8373172112626145,0.50965536,0.5359255333824358,0.58691734
2026-05-28 10:30:00,2026-05-28 11:00:00,-1,1295.0,1300.7,pivot,-5.7000000000000455,0.177871,-6.077871000000044,-191452.9365000014,1.0,2026-05-28,1292.4,1296.95,1291.95,0.0,1297.0,1301.85,1295.8,0.0,2026,0.0,0.0,0.0,0.0,0.0,0.0,0.0,0.0,0.0,0.0,0.0,0.0,0.0,0.0,0.0,1.0,1.0,1.0,0,10,3,5,129.59789278679798,0.3067843897018115,-0.3333202030280177,0.3067843897018115,0.6932156102981886,-0.0002269615933968,-0.000155681224693,0.0040312993911495,True,97.73129414893025,0.4852085198772595,-0.0144150551630462,0.4852085198772595,0.5147914801227405,-0.0004650223181095,-0.0005211663351293,0.0065377459996741,True,66.83793385371148,0.4564790597274977,-0.0503075747844636,0.4564790597274977,0.5435209402725023,-0.0012053369340164,-0.0014128033611818,0.0085928716626048,True,37.67016656860295,0.7537226020484832,0.5621023072180357,0.7537226020484832,0.2462773979515168,-0.0031352397907084,-0.00425845309321,0.0116189703312919,True,0.6932156102981886,0.3067843897018115,-0.3333202030280177,0.5147914801227405,0.4852085198772595,-0.0144150551630462,0.5435209402725023,0.4564790597274977,-0.0503075747844636,0.2462773979515168,0.7537226020484832,0.5621023072180357,1,0,0,0.0,1,1,1,1,,0,1,1,0,1,0,0,1.0,1.0,0.0,0.0,0.0,,0.3864312205963771,0.3333202030280177,0.02958296024548096,0.0144150551630462,0.08704188054500461,0.0503075747844636,-0.5074452040969664,0.5621023072180357,0.5075804,0.5106550274582811,0.5724486
2026-06-01 14:25:00,2026-06-01 14:55:00,-1,1408.4,1411.95,pivot,-3.5499999999999545,0.1846105,-3.9346104999999545,-123940.23074999856,1.0,2026-06-01,1400.2,1409.35,1399.7,0.0,1412.15,1414.95,1410.0,0.0,2026,0.0,0.0,0.0,0.0,0.0,0.0,0.0,0.0,0.0,0.0,0.0,0.0,0.0,0.0,0.0,1.0,0.0,0.0,0,14,0,6,346.8253232098528,0.3781160324686327,-0.2306242034820725,0.3781160324686327,0.6218839675313672,0.0001219411028181,0.0001808324372378,0.001704316115822,True,36.41633681015532,0.0608799125815096,-1.3338251751573815,0.0608799125815096,0.9391200874184904,0.0004629071894288,0.0005724347317072,0.0028387067311563,True,37.04657496795296,0.091713316406118,-1.174644305151763,0.091713316406118,0.908286683593882,0.0009860338393875,0.001141855140021,0.0035280219931739,True,45.9188170769165,0.121959337802569,-0.9664966511918208,0.121959337802569,0.878040662197431,0.0021790733647819,0.0026093807385957,0.0048570242325007,True,0.6218839675313672,0.3781160324686327,-0.2306242034820725,0.9391200874184904,0.0608799125815096,-1.3338251751573815,0.908286683593882,0.091713316406118,-1.174644305151763,0.878040662197431,0.121959337802569,-0.9664966511918208,1,0,0,0.0,1,1,1,1,,0,1,0,1,0,1,0,1.0,1.0,0.0,0.0,0.0,,0.24376793506273453,0.2306242034820725,0.8782401748369808,1.3338251751573815,0.816573367187764,1.174644305151763,0.7560813243948621,0.9664966511918208,0.5425894,0.770594096297213,0.5553721
2026-06-02 11:00:00,2026-06-02 11:25:00,-1,1365.5,1374.25,pivot,-8.75,0.1821925,-9.132192499999999,-287664.06375,1.0,2026-06-02,1368.35,1372.35,1364.75,0.0,1376.5,1380.4,1372.3,0.0,2026,0.0,0.0,0.0,0.0,0.0,0.0,0.0,0.0,0.0,0.0,0.0,0.0,0.0,0.0,0.0,1.0,0.0,0.0,0,11,1,6,147.55899270703046,0.6395886710509069,0.2192086083847918,0.6395886710509069,0.3604113289490931,-0.0002368728646149,-0.0001343774102278,0.0034359990673319,True,5.373580356211744,0.02687656540026,-1.9014070428296277,0.02687656540026,0.97312343459974,-0.0003355570957819,-0.0003429751611654,0.005984227714857,True,8.75344173047994,0.0511040842301161,-1.5157598457392607,0.0511040842301161,0.948895915769884,-0.0010986407657697,-0.0012155155742496,0.0077847771010622,True,48.56378571848568,0.4832005996471964,0.0613872699441689,0.4832005996471964,0.5167994003528036,-0.003143995545695,-0.0042340060672795,0.0121628508246582,True,0.3604113289490931,0.6395886710509069,0.2192086083847918,0.97312343459974,0.02687656540026,-1.9014070428296277,0.948895915769884,0.0511040842301161,-1.5157598457392607,0.5167994003528036,0.4832005996471964,0.0613872699441689,1,0,0,0.0,1,1,1,1,,0,1,1,0,0,1,0,1.0,1.0,0.0,0.0,0.0,,-0.2791773421018138,0.2192086083847918,0.9462468691994801,1.9014070428296277,0.8977918315397678,1.5157598457392607,0.03359880070560717,0.0613872699441689,0.5425894,0.7706462954867644,0.5992646
2026-06-02 11:25:00,2026-06-02 12:00:00,-1,1374.25,1385.25,pivot,-11.0,0.182785,-11.382785000000002,-358557.72750000004,1.0,2026-06-02,1376.5,1380.4,1372.3,0.0,1381.35,1388.9,1380.65,0.0,2026,0.0,0.0,0.0,0.0,0.0,0.0,0.0,0.0,0.0,0.0,0.0,0.0,0.0,0.0,0.0,1.0,1.0,0.0,0,11,1,6,6.597476420971639,0.9833335659985252,2.3939718885811367,0.9833335659985252,0.0166664340014747,-0.0002368728646149,-0.0001343774102278,0.0034359990673319,True,23.36109500631272,0.904908958799421,1.1588805088984302,0.904908958799421,0.0950910412005789,-0.0003355570957819,-0.0003429751611654,0.005984227714857,True,46.24924514182543,0.7567365569950038,0.5531062752841949,0.7567365569950038,0.2432634430049962,-0.0010986407657697,-0.0012155155742496,0.0077847771010622,True,35.042883505011275,0.3147194581380286,-0.2614517561222507,0.3147194581380286,0.6852805418619714,-0.003143995545695,-0.0042340060672795,0.0121628508246582,True,0.0166664340014747,0.9833335659985252,2.3939718885811367,0.0950910412005789,0.904908958799421,1.1588805088984302,0.2432634430049962,0.7567365569950038,0.5531062752841949,0.6852805418619714,0.3147194581380286,-0.2614517561222507,1,0,0,0.0,1,1,1,1,,0,1,1,0,1,0,0,1.0,1.0,0.0,0.0,0.0,,-0.9666671319970505,2.3939718885811367,-0.8098179175988421,1.1588805088984302,-0.5134731139900075,0.5531062752841949,0.3705610837239428,0.2614517561222507,0.50965536,0.5754700979075468,0.57052994
2026-06-05 13:45:00,2026-06-05 14:20:00,-1,1303.0,1314.0,pivot,-11.0,0.17851,-11.37851,-358423.065,1.0,2026-06-05,1308.3,1309.65,1301.95,0.0,1317.6,1318.2,1314.0,0.0,2026,0.0,0.0,0.0,0.0,0.0,0.0,0.0,0.0,0.0,0.0,0.0,0.0,0.0,0.0,0.0,1.0,1.0,0.0,0,13,4,6,14.066565302454595,0.9615126139024668,1.8159319674815289,0.9615126139024668,0.0384873860975333,-0.0002676823756094,-0.0001736198312604,0.0034763668100598,True,74.95002968477358,0.7005393281045954,0.378381874809592,0.7005393281045954,0.2994606718954046,-0.000346305150695,-0.0004022342343981,0.0060213546851835,True,68.81204963863024,0.495296239697944,-0.0009269850152256,0.495296239697944,0.5047037603020559,-0.0011169861866417,-0.0011776369659953,0.0080818144971217,True,36.58290356645965,0.2855913514707595,-0.378318357547677,0.2855913514707595,0.7144086485292405,-0.0026583133401271,-0.0031032861280957,0.0111397645887832,True,0.0384873860975333,0.9615126139024668,1.8159319674815289,0.2994606718954046,0.7005393281045954,0.378381874809592,0.5047037603020559,0.495296239697944,-0.0009269850152256,0.7144086485292405,0.2855913514707595,-0.378318357547677,1,0,0,0.0,1,1,1,1,,0,1,0,1,1,0,0,1.0,1.0,0.0,0.0,0.0,,-0.9230252278049335,1.8159319674815289,-0.4010786562091908,0.378381874809592,0.009407520604111874,0.0009269850152256,0.428817297058481,0.378318357547677,0.50965536,0.5189918327426458,0.5590879
2026-06-08 10:50:00,2026-06-08 10:55:00,1,1206.5,1214.15,pivot,7.650000000000091,0.1726195,7.277380500000091,229237.48575000287,1.0,2026-06-08,1214.05,1214.75,1202.35,0.0,1216.85,1219.8,1212.35,0.0,2026,0.0,0.0,0.0,0.0,0.0,0.0,0.0,0.0,0.0,0.0,0.0,0.0,0.0,0.0,0.0,1.0,1.0,2.0,1,10,0,6,2.133519308278691,0.9953944303520326,3.324099446502854,0.9953944303520326,0.0046055696479674,-0.0002676823756094,-0.0001736198312604,0.0034763668100598,True,1.3337788943708755,0.991668010892372,2.9941422102830506,0.991668010892372,0.0083319891076278,-0.000346305150695,-0.0004022342343981,0.0060213546851835,True,27.941855153872652,0.8409315368071648,0.822197466360336,0.8409315368071648,0.1590684631928351,-0.0011169861866417,-0.0011776369659953,0.0080818144971217,True,49.44269569687911,0.5976721582271664,0.2118597696165284,0.5976721582271664,0.4023278417728336,-0.0026583133401271,-0.0031032861280957,0.0111397645887832,True,0.9953944303520326,0.0046055696479674,-3.324099446502854,0.991668010892372,0.0083319891076278,-2.9941422102830506,0.8409315368071648,0.1590684631928351,-0.822197466360336,0.5976721582271664,0.4023278417728336,-0.2118597696165284,1,0,0,0.0,1,1,1,1,,0,1,1,0,1,0,0,1.0,1.0,0.0,0.0,0.0,,0.9907888607040651,3.324099446502854,0.9833360217847442,2.9941422102830506,0.6818630736143297,0.822197466360336,0.19534431645433276,0.2118597696165284,0.5173392,0.5373499828724052,0.57034916
2026-06-08 12:25:00,2026-06-08 13:00:00,-1,1238.85,1234.8,pivot,4.0499999999999545,0.1742095,3.6757904999999544,115787.40074999856,1.0,2026-06-08,1236.9,1238.95,1234.0,0.0,1234.9,1239.15,1231.3,0.0,2026,0.0,0.0,0.0,0.0,0.0,0.0,0.0,0.0,0.0,0.0,0.0,0.0,0.0,0.0,0.0,1.0,1.0,2.0,1,12,0,6,34.96678677821029,0.0777568369073082,-1.199293418755926,0.0777568369073082,0.9222431630926918,-0.0002676823756094,-0.0001736198312604,0.0034763668100598,True,81.8267040834284,0.3311179935016149,-0.2908367855809392,0.3311179935016149,0.668882006498385,-0.000346305150695,-0.0004022342343981,0.0060213546851835,True,31.13254859470155,0.161012261430941,-0.7868871867534255,0.161012261430941,0.838987738569059,-0.0011169861866417,-0.0011776369659953,0.0080818144971217,True,14.838672878484214,0.8841472021517591,1.0412897058649389,0.8841472021517591,0.1158527978482408,-0.0026583133401271,-0.0031032861280957,0.0111397645887832,True,0.9222431630926918,0.0777568369073082,-1.199293418755926,0.668882006498385,0.3311179935016149,-0.2908367855809392,0.838987738569059,0.161012261430941,-0.7868871867534255,0.1158527978482408,0.8841472021517591,1.0412897058649389,1,0,0,0.0,1,1,1,1,,0,1,0,1,1,0,0,1.0,1.0,0.0,0.0,0.0,,0.8444863261853837,1.199293418755926,0.3377640129967701,0.2908367855809392,0.6779754771381179,0.7868871867534255,-0.7682944043035184,1.0412897058649389,0.50914,0.5059815301303544,0.586048
2026-06-08 13:50:00,2026-06-08 14:20:00,-1,1218.3,1208.15,pivot,10.149999999999864,0.1727935,9.777206499999863,307982.0047499957,1.0,2026-06-08,1216.55,1224.45,1215.95,0.0,1212.65,1213.2,1207.55,0.0,2026,0.0,0.0,0.0,0.0,0.0,0.0,0.0,0.0,0.0,0.0,0.0,0.0,0.0,0.0,0.0,1.0,0.0,0.0,1,13,0,6,13.272013579535038,0.031469805504234,-1.844128490818613,0.031469805504234,0.968530194495766,-0.0002676823756094,-0.0001736198312604,0.0034763668100598,True,22.97023310589608,0.0892953589709251,-1.175589056090442,0.0892953589709251,0.9107046410290748,-0.000346305150695,-0.0004022342343981,0.0060213546851835,True,16.599106983016956,0.0859265069740213,-1.1824157437901253,0.0859265069740213,0.9140734930259788,-0.0011169861866417,-0.0011776369659953,0.0080818144971217,True,14.15208117910989,0.1124995187188934,-1.019602749466263,0.1124995187188934,0.8875004812811066,-0.0026583133401271,-0.0031032861280957,0.0111397645887832,True,0.968530194495766,0.031469805504234,-1.844128490818613,0.9107046410290748,0.0892953589709251,-1.175589056090442,0.9140734930259788,0.0859265069740213,-1.1824157437901253,0.8875004812811066,0.1124995187188934,-1.019602749466263,1,0,0,0.0,1,1,1,1,,0,1,0,1,0,1,0,1.0,1.0,0.0,0.0,0.0,,0.9370603889915321,1.844128490818613,0.8214092820581497,1.175589056090442,0.8281469860519576,1.1824157437901253,0.7750009625622132,1.019602749466263,0.5425894,0.770594096297213,0.6209183
2026-06-08 14:20:00,2026-06-08 14:45:00,-1,1208.15,1193.6,pivot,14.550000000000182,0.1720525,14.177947500000183,446605.34625000576,1.0,2026-06-08,1212.65,1213.2,1207.55,0.0,1188.9,1194.05,1186.25,0.0,2026,0.0,0.0,0.0,0.0,0.0,0.0,0.0,0.0,0.0,0.0,0.0,0.0,0.0,0.0,0.0,1.0,1.0,0.0,1,14,0,6,4.4883415908368205,0.008611536709472,-3.037878971902304,0.008611536709472,0.991388463290528,-0.0002489959705932,-0.0002785510829892,0.0021534007647523,True,38.40570748377067,0.1083418408183391,-1.090092683586223,0.1083418408183391,0.8916581591816608,-0.0006915793247465,-0.0008407914987825,0.0036317580719136,True,10.817462446830296,0.0366040764242996,-1.9293205844836023,0.0366040764242996,0.9633959235757004,-0.0012071125204979,-0.0016017462979116,0.0047506165829724,True,1.9937471859501013,0.0103048247067815,-3.1626986440922717,0.0103048247067815,0.9896951752932184,-0.0022007238582214,-0.0027994441102209,0.0059131356858564,True,0.991388463290528,0.008611536709472,-3.037878971902304,0.8916581591816608,0.1083418408183391,-1.090092683586223,0.9633959235757004,0.0366040764242996,-1.9293205844836023,0.9896951752932184,0.0103048247067815,-3.1626986440922717,1,0,0,0.0,1,1,1,1,,0,1,0,1,1,0,0,1.0,1.0,0.0,0.0,0.0,,0.982776926581056,3.037878971902304,0.7833163183633217,1.090092683586223,0.9267918471514007,1.9293205844836023,0.9793903505864369,3.1626986440922717,0.50965536,0.518645878643201,0.633353
2026-06-08 14:45:00,2026-06-08 15:10:00,-1,1193.6,1193.65,pivot,-0.0500000000001819,0.1716175,-0.4216175000001819,-13280.95125000573,1.0,2026-06-08,1188.9,1194.05,1186.25,0.0,1186.0,1194.15,1185.65,0.0,2026,0.0,0.0,0.0,0.0,0.0,0.0,0.0,0.0,0.0,0.0,0.0,0.0,0.0,0.0,0.0,1.0,0.0,0.0,0,14,0,6,35.37353623055867,0.0710615884414415,-1.3782547093744333,0.0710615884414415,0.9289384115585584,-0.0002489959705932,-0.0002785510829892,0.0021534007647523,True,3.412104066128533,0.0126082265311224,-2.805118745434014,0.0126082265311224,0.9873917734688776,-0.0006915793247465,-0.0008407914987825,0.0036317580719136,True,6.970978616888883,0.0263054337271266,-2.175138905046833,0.0263054337271266,0.9736945662728732,-0.0012071125204979,-0.0016017462979116,0.0047506165829724,True,1.501793880492144,0.0086122180745646,-3.325972507896996,0.0086122180745646,0.9913877819254354,-0.0022007238582214,-0.0027994441102209,0.0059131356858564,True,0.9289384115585584,0.0710615884414415,-1.3782547093744333,0.9873917734688776,0.0126082265311224,-2.805118745434014,0.9736945662728732,0.0263054337271266,-2.175138905046833,0.9913877819254354,0.0086122180745646,-3.325972507896996,1,0,0,0.0,1,1,1,1,,0,1,0,1,0,1,0,1.0,1.0,0.0,0.0,0.0,,0.8578768231171169,1.3782547093744333,0.9747835469377553,2.805118745434014,0.9473891325457466,2.175138905046833,0.9827755638508708,3.325972507896996,0.5425894,0.770594096297213,0.6400038
2026-06-08 15:10:00,2026-06-08 15:45:00,-1,1193.65,1178.25,eod,15.400000000000093,0.171157,15.028843000000089,473408.5545000028,1.0,2026-06-08,1186.0,1194.15,1185.65,0.0,1178.25,1178.25,1178.25,0.0,2026,0.0,0.0,0.0,0.0,0.0,0.0,0.0,0.0,0.0,0.0,0.0,0.0,0.0,0.0,0.0,1.0,0.0,0.0,1,15,0,6,18.42823069974804,0.9732043375007564,2.077675513960442,0.9732043375007564,0.0267956624992434,-0.0002489959705932,-0.0002785510829892,0.0021534007647523,True,18.837687520804412,0.9506521846076608,1.467789097952171,0.9506521846076608,0.0493478153923393,-0.0006915793247465,-0.0008407914987825,0.0036317580719136,True,22.462095142456285,0.0927770383381481,-1.2432301180451182,0.0927770383381481,0.9072229616618518,-0.0012071125204979,-0.0016017462979116,0.0047506165829724,True,1.5321844147414905,0.008717691606129,-3.314324046990304,0.008717691606129,0.991282308393871,-0.0022007238582214,-0.0027994441102209,0.0059131356858564,True,0.0267956624992434,0.9732043375007564,2.077675513960442,0.0493478153923393,0.9506521846076608,1.467789097952171,0.9072229616618518,0.0927770383381481,-1.2432301180451182,0.991282308393871,0.008717691606129,-3.314324046990304,1,0,0,0.0,1,1,1,1,,0,1,0,0,0,1,0,1.0,1.0,0.0,0.0,0.0,,-0.946408675001513,2.077675513960442,-0.9013043692153214,1.467789097952171,0.8144459233237037,1.2432301180451182,0.982564616787742,3.314324046990304,0.5425894,0.79165590756882,0.63047415
2026-06-09 10:50:00,2026-06-09 11:45:00,1,1230.55,1233.8,pivot,3.25,0.1739305,2.8760695,90596.18925,1.0,2026-06-09,1230.55,1236.2,1230.15,0.0,1233.85,1235.75,1232.9,0.0,2026,0.0,0.0,0.0,0.0,0.0,0.0,0.0,0.0,0.0,0.0,0.0,0.0,0.0,0.0,0.0,1.0,1.0,1.0,1,10,1,6,14.882998117959046,0.0278930972705968,-2.012902417722697,0.0278930972705968,0.9721069027294033,0.0001219411028181,0.0001808324372378,0.001704316115822,True,19.014152022899584,0.9674369365697338,1.7386958081724564,0.9674369365697338,0.0325630634302661,0.0004629071894288,0.0005724347317072,0.0028387067311563,True,1.0642630847460286,0.9952440441704672,3.4612418739299344,0.9952440441704672,0.0047559558295329,0.0009860338393875,0.001141855140021,0.0035280219931739,True,64.84835840255256,0.165736859054526,-0.8051358194884735,0.165736859054526,0.8342631409454739,0.0021790733647819,0.0026093807385957,0.0048570242325007,True,0.0278930972705968,0.9721069027294033,2.012902417722697,0.9674369365697338,0.0325630634302661,-1.7386958081724564,0.9952440441704672,0.0047559558295329,-3.4612418739299344,0.165736859054526,0.8342631409454739,0.8051358194884735,1,0,0,0.0,1,1,1,1,,0,1,1,0,1,0,0,1.0,1.0,0.0,0.0,0.0,,-0.9442138054588065,2.012902417722697,0.9348738731394678,1.7386958081724564,0.9904880883409343,3.4612418739299344,-0.6685262818909479,0.8051358194884735,0.5075804,0.5142534869249903,0.6046761
2026-06-10 13:35:00,2026-06-10 14:30:00,1,1210.3,1214.95,pivot,4.650000000000091,0.1727575,4.277242500000091,134733.13875000286,1.0,2026-06-10,1206.65,1211.9,1204.8,0.0,1205.3,1215.7,1204.75,0.0,2026,0.0,0.0,0.0,0.0,0.0,0.0,0.0,0.0,0.0,0.0,0.0,0.0,0.0,0.0,0.0,1.0,0.0,0.0,1,13,2,6,31.91148531906875,0.0630707789155648,-1.5784420587037402,0.0630707789155648,0.9369292210844352,-0.0002958583576998,-0.0003283903004793,0.002611734884801,True,8.004010582128421,0.0227274359248084,-2.242667978428453,0.0227274359248084,0.9772725640751916,-0.0009090521934108,-0.0009928337208306,0.0043566680718318,True,3.450756685959995,0.0148794403249834,-2.6649181897840277,0.0148794403249834,0.9851205596750164,-0.0016378405620452,-0.0020344178394564,0.0057969784651748,True,2.146894289792761,0.0101725009297777,-2.9960307618842448,0.0101725009297777,0.9898274990702224,-0.0030022698702621,-0.0038743159896148,0.0072541335523488,True,0.0630707789155648,0.9369292210844352,1.5784420587037402,0.0227274359248084,0.9772725640751916,2.242667978428453,0.0148794403249834,0.9851205596750164,2.6649181897840277,0.0101725009297777,0.9898274990702224,2.9960307618842448,1,0,0,0.0,1,1,1,1,,0,1,0,1,0,1,0,1.0,1.0,0.0,0.0,0.0,,-0.8738584421688704,1.5784420587037402,-0.9545451281503832,2.242667978428453,-0.970241119350033,2.6649181897840277,-0.9796549981404447,2.9960307618842448,0.5425894,0.7825921160981738,0.60538447
2026-06-10 14:30:00,2026-06-10 15:30:00,1,1214.95,1229.95,pivot,15.0,0.173347,14.626653,460739.5695,1.0,2026-06-10,1205.3,1215.7,1204.75,0.0,1231.4,1233.0,1229.85,0.0,2026,0.0,0.0,0.0,0.0,0.0,0.0,0.0,0.0,0.0,0.0,0.0,0.0,0.0,0.0,0.0,1.0,1.0,0.0,1,14,2,6,167.23990296125473,0.7225935041806477,0.428950307406837,0.7225935041806477,0.2774064958193523,-0.0002958583576998,-0.0003283903004793,0.002611734884801,True,26.073486276720967,0.0815485219894104,-1.3256257469573154,0.0815485219894104,0.9184514780105896,-0.0009090521934108,-0.0009928337208306,0.0043566680718318,True,11.87277420837326,0.0498940538979166,-1.6995051769902794,0.0498940538979166,0.9501059461020832,-0.0016378405620452,-0.0020344178394564,0.0057969784651748,True,15.534734352440545,0.1071941888976292,-1.2746472843293384,0.1071941888976292,0.8928058111023708,-0.0030022698702621,-0.0038743159896148,0.0072541335523488,True,0.7225935041806477,0.2774064958193523,-0.428950307406837,0.0815485219894104,0.9184514780105896,1.3256257469573154,0.0498940538979166,0.9501059461020832,1.6995051769902794,0.1071941888976292,0.8928058111023708,1.2746472843293384,1,0,0,0.0,1,1,1,1,,0,1,0,1,1,0,0,1.0,1.0,0.0,0.0,0.0,,0.44518700836129543,0.428950307406837,-0.8369029560211791,1.3256257469573154,-0.9002118922041666,1.6995051769902794,-0.7856116222047416,1.2746472843293384,0.50965536,0.5359255333824358,0.6411302
2026-06-11 10:25:00,2026-06-11 10:40:00,1,1226.65,1230.2,pivot,3.5499999999999545,0.1737055,3.1762944999999543,100053.27674999856,1.0,2026-06-11,1233.4,1235.0,1224.3,0.0,1230.35,1235.5,1227.0,0.0,2026,0.0,0.0,0.0,0.0,0.0,0.0,0.0,0.0,0.0,0.0,0.0,0.0,0.0,0.0,0.0,1.0,2.0,2.0,1,10,3,6,1.1265080704739745,0.0022559191756999,-3.3667078318972923,0.0022559191756999,0.9977440808243,-0.0001291244206015,-0.000132275943533,0.002593159772166,True,24.026007495952744,0.9270873844916308,1.3612099332310132,0.9270873844916308,0.0729126155083692,-0.0003839896813603,-0.0003963719999669,0.0046340243162027,True,0.0445863651710315,0.9999677156986954,4.317922757726936,0.9999677156986954,3.228430130464144e-05,-0.0007304577361633,-0.0006046941328746,0.0066800860624975,True,1.4412124333001877,0.9869837031931435,2.891790001394916,0.9869837031931435,0.0130162968068563,-0.0016747684028478,-0.0010248287920061,0.0087632611860598,True,0.0022559191756999,0.9977440808243,3.3667078318972923,0.9270873844916308,0.0729126155083692,-1.3612099332310132,0.9999677156986954,3.228430130464144e-05,-4.317922757726936,0.9869837031931435,0.0130162968068563,-2.891790001394916,1,0,0,0.0,1,1,1,1,,0,1,1,0,0,0,0,1.0,1.0,0.0,0.0,0.0,,-0.9954881616486001,3.3667078318972923,0.8541747689832615,1.3612099332310132,0.9999354313973907,4.317922757726936,0.9739674063862872,2.891790001394916,0.5173392,0.560478054402042,0.6293099
2026-06-11 10:40:00,2026-06-11 11:00:00,1,1230.2,1219.7,pivot,-10.5,0.173497,-10.873497,-342515.1555,1.0,2026-06-11,1230.35,1235.5,1227.0,0.0,1221.75,1224.4,1218.0,0.0,2026,0.0,0.0,0.0,0.0,0.0,0.0,0.0,0.0,0.0,0.0,0.0,0.0,0.0,0.0,0.0,1.0,2.0,2.0,0,10,3,6,2.8083186048969617,0.0049408594194113,-2.8519577196434587,0.0049408594194113,0.9950591405805886,-0.0001291244206015,-0.000132275943533,0.002593159772166,True,40.37515847195507,0.1215779950913381,-0.9520280996385164,0.1215779950913381,0.8784220049086618,-0.0003839896813603,-0.0003963719999669,0.0046340243162027,True,66.94598643062731,0.6346265988822369,0.2557016007842099,0.6346265988822369,0.365373401117763,-0.0007304577361633,-0.0006046941328746,0.0066800860624975,True,1.336447407336001,0.9887627252775324,3.0391403576034417,0.9887627252775324,0.0112372747224677,-0.0016747684028478,-0.0010248287920061,0.0087632611860598,True,0.0049408594194113,0.9950591405805886,2.8519577196434587,0.1215779950913381,0.8784220049086618,0.9520280996385164,0.6346265988822369,0.365373401117763,-0.2557016007842099,0.9887627252775324,0.0112372747224677,-3.0391403576034417,1,0,0,0.0,1,1,1,1,,0,1,1,0,0,0,0,1.0,1.0,0.0,0.0,0.0,,-0.9901182811611774,2.8519577196434587,-0.7568440098173237,0.9520280996385164,0.26925319776447393,0.2557016007842099,0.9775254505550647,3.0391403576034417,0.5173392,0.560478054402042,0.5768566
2026-06-18 10:30:00,2026-06-18 12:20:00,-1,1439.6,1447.65,pivot,-8.050000000000182,0.1866175,-8.436617500000182,-265753.45125000575,1.0,2026-06-18,1445.6,1447.1,1439.6,0.0,1451.15,1451.25,1447.2,0.0,2026,0.0,0.0,0.0,0.0,0.0,0.0,0.0,0.0,0.0,0.0,0.0,0.0,0.0,0.0,0.0,1.0,1.0,2.0,0,10,3,6,27.9071897130665,0.0481914570333597,-1.7006988315116065,0.0481914570333597,0.9518085429666402,0.0001829185158822,0.0001844431043243,0.0022057036614979,True,132.31066481579717,0.503241666067287,0.0040714245474341,0.503241666067287,0.4967583339327129,0.0006001594120175,0.0006099390255174,0.0036086359081798,True,87.92553296415109,0.3494726399182171,-0.3713786964831639,0.3494726399182171,0.6505273600817829,0.001007136530095,0.0011768367224561,0.0047563532224351,True,72.16793494138876,0.3864323613351969,-0.3196792714423144,0.3864323613351969,0.613567638664803,0.0018311956887695,0.0023178628642561,0.0064908714195455,True,0.9518085429666402,0.0481914570333597,-1.7006988315116065,0.4967583339327129,0.503241666067287,0.0040714245474341,0.6505273600817829,0.3494726399182171,-0.3713786964831639,0.613567638664803,0.3864323613351969,-0.3196792714423144,1,0,0,0.0,1,1,1,1,,0,1,1,0,1,0,0,1.0,1.0,0.0,0.0,0.0,,0.9036170859332805,1.7006988315116065,-0.006483332134574138,0.0040714245474341,0.3010547201635658,0.3713786964831639,0.22713527732960614,0.3196792714423144,0.5173392,0.5345218315289454,0.5628915
2026-06-19 10:40:00,2026-06-19 10:45:00,-1,1527.3,1526.95,pivot,0.349999999999909,0.1916275,-0.04162750000009093,-1311.2662500028644,1.0,2026-06-19,1526.9,1527.5,1522.15,0.0,1528.55,1529.15,1525.35,0.0,2026,0.0,0.0,0.0,0.0,0.0,0.0,0.0,0.0,0.0,0.0,0.0,0.0,0.0,0.0,0.0,1.0,1.0,1.0,0,10,4,6,104.51616245515171,0.1637820380728098,-0.838288421391272,0.1637820380728098,0.8362179619271901,0.0001829185158822,0.0001844431043243,0.0022057036614979,True,115.722649109767,0.3193079911524954,-0.3952330770374214,0.3193079911524954,0.6806920088475046,0.0006001594120175,0.0006099390255174,0.0036086359081798,True,95.54993463934863,0.4339713704016796,-0.1787345701773245,0.4339713704016796,0.5660286295983203,0.001007136530095,0.0011768367224561,0.0047563532224351,True,50.85700021282448,0.752624037957416,0.546380871028512,0.752624037957416,0.247375962042584,0.0018311956887695,0.0023178628642561,0.0064908714195455,True,0.8362179619271901,0.1637820380728098,-0.838288421391272,0.6806920088475046,0.3193079911524954,-0.3952330770374214,0.5660286295983203,0.4339713704016796,-0.1787345701773245,0.247375962042584,0.752624037957416,0.546380871028512,1,0,0,0.0,1,1,1,1,,0,1,1,0,1,0,0,1.0,1.0,0.0,0.0,0.0,,0.6724359238543803,0.838288421391272,0.36138401769500916,0.3952330770374214,0.13205725919664074,0.1787345701773245,-0.5052480759148319,0.546380871028512,0.5075804,0.5046910494460957,0.5619663
2026-06-19 10:45:00,2026-06-19 11:15:00,-1,1526.95,1515.3,pivot,11.650000000000093,0.1912675,11.258732500000088,354650.0737500028,1.0,2026-06-19,1528.55,1529.15,1525.35,0.0,1507.6,1516.2,1507.25,0.0,2026,0.0,0.0,0.0,0.0,0.0,0.0,0.0,0.0,0.0,0.0,0.0,0.0,0.0,0.0,0.0,1.0,1.0,1.0,1,10,4,6,77.21201258036884,0.1189355256962333,-1.0621178920402643,0.1189355256962333,0.8810644743037667,0.0001829185158822,0.0001844431043243,0.0022057036614979,True,35.04412893279456,0.0859568060550687,-1.2916350574899769,0.0859568060550687,0.9140431939449312,0.0006001594120175,0.0006099390255174,0.0036086359081798,True,79.17451536201523,0.2809040442313092,-0.5431711316243499,0.2809040442313092,0.7190959557686907,0.001007136530095,0.0011768367224561,0.0047563532224351,True,66.9785344362572,0.5766515385960153,0.0974854413253478,0.5766515385960153,0.4233484614039847,0.0018311956887695,0.0023178628642561,0.0064908714195455,True,0.8810644743037667,0.1189355256962333,-1.0621178920402643,0.9140431939449312,0.0859568060550687,-1.2916350574899769,0.7190959557686907,0.2809040442313092,-0.5431711316243499,0.4233484614039847,0.5766515385960153,0.0974854413253478,1,0,0,0.0,1,1,1,1,,0,1,1,0,1,0,0,1.0,1.0,0.0,0.0,0.0,,0.7621289486075333,1.0621178920402643,0.8280863878898624,1.2916350574899769,0.43819191153738146,0.5431711316243499,-0.15330307719203057,0.0974854413253478,0.5075804,0.5046910494460957,0.55920553
