entry_time,exit_time,direction,entry_px,exit_px,exit_reason,gross_pts,cost_pts,net_pts,net_krw,size_factor,exit_date,entry_close,entry_high,entry_low,entry_volume,exit_close,exit_high,exit_low,exit_volume,year,entry_rsi,entry_macd,entry_macd_signal,entry_macd_hist,entry_atr,entry_supertrend,entry_supertrend_dir,entry_ma5,entry_ma10,entry_ma20,entry_ma60,entry_bb_upper,entry_bb_lower,entry_bb_middle,atr_normalized,volatility_regime,trend_regime,momentum_regime,is_win,entry_hour,entry_dayofweek,entry_month,ret_log_5m_kde_pdf,ret_log_5m_kde_cdf,ret_log_5m_kde_zscore,ret_log_5m_kde_left_tail,ret_log_5m_kde_right_tail,ret_log_5m_kde_median,ret_log_5m_kde_mean,ret_log_5m_kde_std,ret_log_5m_kde_ready,kde_aligned_tail_5m,kde_opposite_tail_5m,kde_aligned_zscore_5m,rsi_oversold,rsi_overbought,macd_bullish,macd_strength,price_above_ma20,price_above_ma60,price_above_ma5,price_above_ma10,bb_position,bb_lower_touch,price_above_st,is_morning,is_afternoon,is_bull,is_neutral,is_bear,kde_tail_spread_5m,kde_zscore_abs_5m,filter_score,entry_score,exit_score
2025-04-07 10:25:00,2025-04-07 10:30:00,1,313.75,314.3,pivot,0.5500000000000114,0.1188415,0.23115850000001137,7281.492750000358,1.0,2025-04-07,314.3,314.75,313.7,0.0,314.65,314.8,313.55,0.0,2025,0.0,0.0,0.0,0.0,0.0,0.0,0.0,0.0,0.0,0.0,0.0,0.0,0.0,0.0,0.0,1.0,1.0,2.0,1,10,0,4,8.107404227993158,0.9952771643489252,3.290639510203592,0.9952771643489252,0.0047228356510746,-2.10324740871684e-05,6.809664114516955e-07,0.0011157075944726,True,0.9952771643489252,0.0047228356510746,-3.290639510203592,1,0,0,0.0,1,1,1,1,,0,1,1,0,1,0,0,0.9905543286978507,3.290639510203592,0.5197103,0.5414456879641263,0.51557577
2025-04-07 10:30:00,2025-04-07 10:55:00,1,314.3,314.3,pivot,0.0,0.118858,-0.318858,-10044.027,1.0,2025-04-07,314.65,314.8,313.55,0.0,314.7,315.0,314.2,0.0,2025,0.0,0.0,0.0,0.0,0.0,0.0,0.0,0.0,0.0,0.0,0.0,0.0,0.0,0.0,0.0,1.0,1.0,2.0,0,10,0,4,46.22695046509296,0.9592211037981913,1.5692036155266245,0.9592211037981913,0.0407788962018087,-2.10324740871684e-05,6.809664114516955e-07,0.0011157075944726,True,0.9592211037981913,0.0407788962018087,-1.5692036155266245,1,0,0,0.0,1,1,1,1,,0,1,1,0,1,0,0,0.9184422075963825,1.5692036155266245,0.5197103,0.5414456879641263,0.5256026
2025-09-15 10:35:00,2025-09-15 10:40:00,1,465.9,465.3,pivot,-0.5999999999999659,0.127936,-0.9279359999999659,-29229.983999998927,1.0,2025-09-15,465.3,465.95,465.3,0.0,465.25,465.6,464.9,0.0,2025,0.0,0.0,0.0,0.0,0.0,0.0,0.0,0.0,0.0,0.0,0.0,0.0,0.0,0.0,0.0,1.0,1.0,1.0,0,10,0,9,22.6951803363202,0.9854114458476912,2.294067628572716,0.9854114458476912,0.0145885541523087,3.1380185351383995e-05,4.835027264025811e-05,0.0008218897630147,True,0.9854114458476912,0.0145885541523087,-2.294067628572716,1,0,0,0.0,1,1,1,1,,0,1,1,0,1,0,0,0.9708228916953825,2.294067628572716,0.5047069,0.5349722774194401,0.5059575
2025-09-15 10:40:00,2025-09-15 13:45:00,1,465.3,467.0,pivot,1.6999999999999886,0.127969,1.3720309999999887,43218.97649999964,1.0,2025-09-15,465.25,465.6,464.9,0.0,467.25,467.25,466.95,0.0,2025,0.0,0.0,0.0,0.0,0.0,0.0,0.0,0.0,0.0,0.0,0.0,0.0,0.0,0.0,0.0,1.0,1.0,1.0,1,10,0,9,97.12453080928668,0.0514335166700791,-1.4961681892237575,0.0514335166700791,0.9485664833299208,3.1380185351383995e-05,4.835027264025811e-05,0.0008218897630147,True,0.0514335166700791,0.9485664833299208,1.4961681892237575,1,0,0,0.0,1,1,1,1,,0,1,1,0,1,0,0,-0.8971329666598417,1.4961681892237575,0.5047069,0.5349722774194401,0.5068196
2025-09-22 10:55:00,2025-09-22 11:05:00,1,480.95,480.9,pivot,-0.0500000000000113,0.1288555,-0.37885550000001134,-11933.948250000358,1.0,2025-09-22,481.05,481.35,480.8,0.0,480.2,480.95,480.15,0.0,2025,0.0,0.0,0.0,0.0,0.0,0.0,0.0,0.0,0.0,0.0,0.0,0.0,0.0,0.0,0.0,1.0,1.0,1.0,0,10,0,9,485.7846795900666,0.715835280057668,0.4173065721274679,0.715835280057668,0.2841647199423319,4.625231676189236e-05,6.412414343965325e-05,0.0008430396494892,True,0.715835280057668,0.2841647199423319,-0.4173065721274679,1,0,0,0.0,1,1,1,1,,0,1,1,0,1,0,0,0.43167056011533617,0.4173065721274679,0.5047069,0.5349722774194401,0.50296235
2025-09-23 10:45:00,2025-09-23 10:50:00,1,481.0,480.55,pivot,-0.4499999999999886,0.1288465,-0.7788464999999886,-24533.66474999964,1.0,2025-09-23,480.6,481.1,480.5,0.0,480.3,480.7,480.25,0.0,2025,0.0,0.0,0.0,0.0,0.0,0.0,0.0,0.0,0.0,0.0,0.0,0.0,0.0,0.0,0.0,1.0,1.0,1.0,0,10,1,9,191.4184292584112,0.1033497593406359,-1.062187014968094,0.1033497593406359,0.896650240659364,4.625231676189236e-05,6.412414343965325e-05,0.0008430396494892,True,0.1033497593406359,0.896650240659364,1.062187014968094,1,0,0,0.0,1,1,1,1,,0,1,1,0,1,0,0,-0.7933004813187281,1.062187014968094,0.5047069,0.5307094726411713,0.50519943
2025-09-23 10:50:00,2025-09-23 15:45:00,1,480.55,482.85,eod,2.300000000000012,0.128902,1.9710980000000111,62089.58700000035,1.0,2025-09-23,480.3,480.7,480.25,0.0,482.85,482.85,482.85,0.0,2025,0.0,0.0,0.0,0.0,0.0,0.0,0.0,0.0,0.0,0.0,0.0,0.0,0.0,0.0,0.0,1.0,1.0,1.0,1,10,1,9,243.28806388814183,0.1260299413950749,-0.9395945258037528,0.1260299413950749,0.873970058604925,4.625231676189236e-05,6.412414343965325e-05,0.0008430396494892,True,0.1260299413950749,0.873970058604925,0.9395945258037528,1,0,0,0.0,1,1,1,1,,0,1,1,0,1,0,0,-0.7479401172098501,0.9395945258037528,0.5047069,0.5307094726411713,0.5000788
2025-09-29 10:50:00,2025-09-29 11:50:00,-1,476.55,476.85,pivot,-0.3000000000000113,0.128602,-0.6286020000000114,-19800.96300000036,1.0,2025-09-29,476.35,476.9,476.35,0.0,477.05,477.15,476.85,0.0,2025,0.0,0.0,0.0,0.0,0.0,0.0,0.0,0.0,0.0,0.0,0.0,0.0,0.0,0.0,0.0,1.0,1.0,1.0,0,10,0,9,539.9482647319674,0.6130903958119913,0.2156480666821417,0.6130903958119913,0.3869096041880087,9.773988589113792e-06,1.440999844439926e-05,0.0009062523719658,True,0.3869096041880087,0.6130903958119913,0.2156480666821417,1,0,0,0.0,1,1,1,1,,0,1,1,0,1,0,0,-0.22618079162398264,0.2156480666821417,0.5047069,0.5349722774194401,0.50626254
2025-09-30 10:40:00,2025-09-30 11:10:00,1,477.0,476.05,pivot,-0.9499999999999886,0.1285915,-1.2785914999999886,-40275.63224999964,1.0,2025-09-30,476.55,477.0,476.3,0.0,476.15,476.25,475.95,0.0,2025,0.0,0.0,0.0,0.0,0.0,0.0,0.0,0.0,0.0,0.0,0.0,0.0,0.0,0.0,0.0,1.0,1.0,1.0,0,10,1,9,378.4256000796867,0.758345761977045,0.5625766344339781,0.758345761977045,0.241654238022955,9.773988589113792e-06,1.440999844439926e-05,0.0009062523719658,True,0.758345761977045,0.241654238022955,-0.5625766344339781,1,0,0,0.0,1,1,1,1,,0,1,1,0,1,0,0,0.5166915239540899,0.5625766344339781,0.5047069,0.5307094726411713,0.5008613
2025-10-10 10:45:00,2025-10-10 10:50:00,-1,508.0,507.4,pivot,0.6000000000000227,0.130462,0.26953800000002276,8490.447000000717,1.0,2025-10-10,507.4,508.05,506.9,0.0,507.3,507.9,507.2,0.0,2025,0.0,0.0,0.0,0.0,0.0,0.0,0.0,0.0,0.0,0.0,0.0,0.0,0.0,0.0,0.0,1.0,1.0,2.0,1,10,4,10,209.4395842967094,0.1240645777605547,-1.0018103388811537,0.1240645777605547,0.8759354222394452,4.381735731732696e-06,4.993240323236881e-06,0.0008887318911499,True,0.8759354222394452,0.1240645777605547,-1.0018103388811537,1,0,0,0.0,1,1,1,1,,0,1,1,0,1,0,0,0.7518708444788905,1.0018103388811537,0.51110506,0.5367531962546326,0.50250983
2025-10-10 10:50:00,2025-10-10 11:45:00,-1,507.4,506.4,pivot,1.0,0.130414,0.669586,21091.959,1.0,2025-10-10,507.3,507.9,507.2,0.0,506.4,506.65,506.25,0.0,2025,0.0,0.0,0.0,0.0,0.0,0.0,0.0,0.0,0.0,0.0,0.0,0.0,0.0,0.0,0.0,1.0,1.0,1.0,1,10,4,10,102.65617410601664,0.0624114465029647,-1.4461211753853154,0.0624114465029647,0.9375885534970352,4.381735731732696e-06,4.993240323236881e-06,0.0008887318911499,True,0.9375885534970352,0.0624114465029647,-1.4461211753853154,1,0,0,0.0,1,1,1,1,,0,1,1,0,1,0,0,0.8751771069940705,1.4461211753853154,0.5047069,0.5223156418797965,0.5059228
2025-10-13 10:40:00,2025-10-13 10:45:00,-1,499.55,500.6,pivot,-1.0500000000000114,0.1300045,-1.3800045000000114,-43470.14175000036,1.0,2025-10-13,500.6,500.7,499.5,0.0,501.65,501.7,500.6,0.0,2025,0.0,0.0,0.0,0.0,0.0,0.0,0.0,0.0,0.0,0.0,0.0,0.0,0.0,0.0,0.0,1.0,1.0,2.0,0,10,0,10,6.04928824433958,0.0030064991030174,-3.1987350167336026,0.0030064991030174,0.9969935008969826,6.092895318406701e-06,6.837883110764416e-06,0.0009395404319662,True,0.9969935008969826,0.0030064991030174,-3.1987350167336026,1,0,0,0.0,1,1,1,1,,0,1,1,0,1,0,0,0.9939870017939652,3.1987350167336026,0.51110506,0.5443767188927582,0.5132225
2025-10-13 10:45:00,2025-10-13 12:20:00,-1,500.6,499.25,pivot,1.3500000000000227,0.1299955,1.0200045000000229,32130.141750000723,1.0,2025-10-13,501.65,501.7,500.6,0.0,499.3,499.6,499.1,0.0,2025,0.0,0.0,0.0,0.0,0.0,0.0,0.0,0.0,0.0,0.0,0.0,0.0,0.0,0.0,0.0,1.0,1.0,2.0,1,10,0,10,22.918329121971443,0.980082569111914,2.334059239330203,0.980082569111914,0.019917430888086,6.092895318406701e-06,6.837883110764416e-06,0.0009395404319662,True,0.019917430888086,0.980082569111914,2.334059239330203,1,0,0,0.0,1,1,1,1,,0,1,1,0,1,0,0,-0.9601651382238281,2.334059239330203,0.51110506,0.5443767188927582,0.51736724
2025-10-14 10:50:00,2025-10-14 11:00:00,-1,504.95,506.65,pivot,-1.6999999999999886,0.130348,-2.0303479999999885,-63955.96199999964,1.0,2025-10-14,506.1,506.1,504.75,0.0,506.5,506.9,506.05,0.0,2025,0.0,0.0,0.0,0.0,0.0,0.0,0.0,0.0,0.0,0.0,0.0,0.0,0.0,0.0,0.0,1.0,1.0,1.0,0,10,1,10,119.60907557831707,0.0737113631311432,-1.2964332967907022,0.0737113631311432,0.9262886368688568,1.2281338628282953e-05,2.4102351724504235e-05,0.0010108739994958,True,0.9262886368688568,0.0737113631311432,-1.2964332967907022,1,0,0,0.0,1,1,1,1,,0,1,1,0,1,0,0,0.8525772737377135,1.2964332967907022,0.5047069,0.5307094726411713,0.51823986
2025-10-14 13:25:00,2025-10-14 13:40:00,1,498.0,495.45,pivot,-2.550000000000012,0.1298035,-2.8798035000000115,-90713.81025000036,1.0,2025-10-14,495.3,499.05,494.75,0.0,494.7,495.8,494.3,0.0,2025,0.0,0.0,0.0,0.0,0.0,0.0,0.0,0.0,0.0,0.0,0.0,0.0,0.0,0.0,0.0,1.0,0.0,0.0,0,13,1,10,535.603458442168,0.4383761093417238,-0.1231596799486497,0.4383761093417238,0.5616238906582762,1.2281338628282953e-05,2.4102351724504235e-05,0.0010108739994958,True,0.4383761093417238,0.5616238906582762,0.1231596799486497,1,0,0,0.0,1,1,1,1,,0,1,0,1,0,1,0,-0.12324778131655245,0.1231596799486497,0.5237105,0.7739312139455318,0.524896
2025-10-14 13:40:00,2025-10-14 14:05:00,1,495.45,496.75,pivot,1.3000000000000114,0.129766,0.9702340000000115,30562.371000000363,1.0,2025-10-14,494.7,495.8,494.3,0.0,497.6,497.7,496.3,0.0,2025,0.0,0.0,0.0,0.0,0.0,0.0,0.0,0.0,0.0,0.0,0.0,0.0,0.0,0.0,0.0,1.0,0.0,0.0,1,13,1,10,1.6137046926187906,0.0027208379259187,-3.6113101956510136,0.0027208379259187,0.9972791620740812,1.2281338628282953e-05,2.4102351724504235e-05,0.0010108739994958,True,0.0027208379259187,0.9972791620740812,3.6113101956510136,1,0,0,0.0,1,1,1,1,,0,1,0,1,0,1,0,-0.9945583241481625,3.6113101956510136,0.5237105,0.7739312139455318,0.5438744
2025-10-15 10:55:00,2025-10-15 11:10:00,-1,504.25,505.4,pivot,-1.1499999999999773,0.1302895,-1.4802894999999772,-46629.11924999928,1.0,2025-10-15,504.7,504.85,504.2,0.0,505.9,506.1,505.25,0.0,2025,0.0,0.0,0.0,0.0,0.0,0.0,0.0,0.0,0.0,0.0,0.0,0.0,0.0,0.0,0.0,1.0,1.0,1.0,0,10,2,10,467.35540808002537,0.6503999810618187,0.2668879101305572,0.6503999810618187,0.3496000189381812,-2.7334345426574103e-06,4.677867900853751e-06,0.0010972317093414,True,0.3496000189381812,0.6503999810618187,0.2668879101305572,1,0,0,0.0,1,1,1,1,,0,1,1,0,1,0,0,-0.3007999621236375,0.2668879101305572,0.5047069,0.5369970543405178,0.5586306
2025-10-16 10:40:00,2025-10-16 10:50:00,1,521.6,520.8,pivot,-0.8000000000000682,0.131272,-1.1312720000000684,-35635.06800000215,1.0,2025-10-16,520.9,521.9,520.6,0.0,521.1,521.3,520.5,0.0,2025,0.0,0.0,0.0,0.0,0.0,0.0,0.0,0.0,0.0,0.0,0.0,0.0,0.0,0.0,0.0,1.0,1.0,1.0,0,10,3,10,264.4231423831433,0.1908699738246975,-0.7029769497741868,0.1908699738246975,0.8091300261753025,-2.7334345426574103e-06,4.677867900853751e-06,0.0010972317093414,True,0.1908699738246975,0.8091300261753025,0.7029769497741868,1,0,0,0.0,1,1,1,1,,0,1,1,0,1,0,0,-0.618260052350605,0.7029769497741868,0.5047069,0.5259430545181314,0.54081416
2025-10-16 10:50:00,2025-10-16 12:30:00,-1,520.8,521.75,pivot,-0.9500000000000456,0.1312765,-1.281276500000046,-40360.20975000144,1.0,2025-10-16,521.1,521.3,520.5,0.0,522.2,522.35,521.75,0.0,2025,0.0,0.0,0.0,0.0,0.0,0.0,0.0,0.0,0.0,0.0,0.0,0.0,0.0,0.0,0.0,1.0,1.0,1.0,0,10,3,10,480.2258890267898,0.4047879921751787,-0.1792435663432223,0.4047879921751787,0.5952120078248213,-2.7334345426574103e-06,4.677867900853751e-06,0.0010972317093414,True,0.5952120078248213,0.4047879921751787,-0.1792435663432223,1,0,0,0.0,1,1,1,1,,0,1,1,0,1,0,0,0.19042401564964262,0.1792435663432223,0.5047069,0.5259430545181314,0.517658
2025-10-17 10:40:00,2025-10-17 10:45:00,1,532.1,532.65,pivot,0.5499999999999545,0.1319425,0.21805749999995452,6868.811249998567,1.0,2025-10-17,532.65,532.7,531.6,0.0,533.25,533.3,531.9,0.0,2025,0.0,0.0,0.0,0.0,0.0,0.0,0.0,0.0,0.0,0.0,0.0,0.0,0.0,0.0,0.0,1.0,2.0,2.0,1,10,4,10,28.229663239823616,0.9736190791760664,2.118698947952016,0.9736190791760664,0.0263809208239335,2.160315726021765e-05,4.3908515481310205e-05,0.0011337148745515,True,0.9736190791760664,0.0263809208239335,-2.118698947952016,1,0,0,0.0,1,1,1,1,,0,1,1,0,0,0,0,0.9472381583521329,2.118698947952016,0.51110506,0.5627094191277292,0.50470793
2025-10-20 10:55:00,2025-10-20 11:05:00,1,530.4,531.9,pivot,1.5,0.131869,1.168131,36796.1265,1.0,2025-10-20,531.05,531.15,530.3,0.0,532.25,532.4,531.75,0.0,2025,0.0,0.0,0.0,0.0,0.0,0.0,0.0,0.0,0.0,0.0,0.0,0.0,0.0,0.0,0.0,1.0,1.0,2.0,1,10,0,10,353.4348334481318,0.7305532232050763,0.4235157078244095,0.7305532232050763,0.2694467767949237,3.753585753952514e-05,6.487663289815662e-05,0.0011825792794043,True,0.7305532232050763,0.2694467767949237,-0.4235157078244095,1,0,0,0.0,1,1,1,1,,0,1,1,0,1,0,0,0.46110644641015264,0.4235157078244095,0.51110506,0.5443767188927582,0.50643015
2025-10-21 08:45:00,2025-10-21 10:45:00,1,541.65,546.7,pivot,5.050000000000068,0.1326505,4.717349500000068,148596.50925000213,1.0,2025-10-21,539.2,541.65,539.0,0.0,546.55,546.85,546.15,0.0,2025,0.0,0.0,0.0,0.0,0.0,0.0,0.0,0.0,0.0,0.0,0.0,0.0,0.0,0.0,0.0,1.0,1.0,1.0,1,8,1,10,238.99334072039804,0.8028646490766348,0.6427635793719735,0.8028646490766348,0.1971353509233652,3.006070512849113e-05,5.602904106580989e-05,0.001219174146332,True,0.8028646490766348,0.1971353509233652,-0.6427635793719735,1,0,0,0.0,1,1,1,1,,0,1,0,0,1,0,0,0.6057292981532696,0.6427635793719735,0.5047069,0.5332880014315792,0.5248498
2025-10-21 10:45:00,2025-10-21 11:05:00,1,546.7,545.95,pivot,-0.75,0.1327795,-1.0827795,-34107.55425,1.0,2025-10-21,546.55,546.85,546.15,0.0,545.95,546.55,545.6,0.0,2025,0.0,0.0,0.0,0.0,0.0,0.0,0.0,0.0,0.0,0.0,0.0,0.0,0.0,0.0,0.0,1.0,1.0,1.0,0,10,1,10,238.58070806885576,0.1857330610696843,-0.7208248363927707,0.1857330610696843,0.8142669389303157,3.006070512849113e-05,5.602904106580989e-05,0.001219174146332,True,0.1857330610696843,0.8142669389303157,0.7208248363927707,1,0,0,0.0,1,1,1,1,,0,1,1,0,1,0,0,-0.6285338778606313,0.7208248363927707,0.5047069,0.5307094726411713,0.5373095
2025-10-22 10:40:00,2025-10-22 11:10:00,-1,533.65,535.85,pivot,-2.200000000000045,0.132085,-2.5320850000000457,-79760.67750000143,1.0,2025-10-22,534.15,534.55,533.65,0.0,536.5,536.7,535.75,0.0,2025,0.0,0.0,0.0,0.0,0.0,0.0,0.0,0.0,0.0,0.0,0.0,0.0,0.0,0.0,0.0,1.0,1.0,1.0,0,10,2,10,396.2679094585269,0.3625899198568372,-0.2731226192030602,0.3625899198568372,0.6374100801431628,3.937627670809858e-05,6.579267523099304e-05,0.0012699886141376,True,0.6374100801431628,0.3625899198568372,-0.2731226192030602,1,0,0,0.0,1,1,1,1,,0,1,1,0,1,0,0,0.2748201602863256,0.2731226192030602,0.5047069,0.5369970543405178,0.54960203
2025-10-23 10:45:00,2025-10-23 10:55:00,1,542.85,542.6,pivot,-0.25,0.1325635,-0.5825634999999999,-18350.750249999997,1.0,2025-10-23,541.75,543.05,541.7,0.0,543.55,543.6,542.55,0.0,2025,0.0,0.0,0.0,0.0,0.0,0.0,0.0,0.0,0.0,0.0,0.0,0.0,0.0,0.0,0.0,1.0,1.0,2.0,0,10,3,10,400.16420759606416,0.6416789501314096,0.2383227404133645,0.6416789501314096,0.3583210498685903,3.937627670809858e-05,6.579267523099304e-05,0.0012699886141376,True,0.6416789501314096,0.3583210498685903,-0.2383227404133645,1,0,0,0.0,1,1,1,1,,0,1,1,0,1,0,0,0.2833579002628193,0.2383227404133645,0.51110506,0.5403806088929675,0.550988
2025-10-23 10:55:00,2025-10-23 12:30:00,-1,542.6,543.0,pivot,-0.3999999999999772,0.132568,-0.7325679999999772,-23075.891999999283,1.0,2025-10-23,543.55,543.6,542.55,0.0,542.65,543.4,542.35,0.0,2025,0.0,0.0,0.0,0.0,0.0,0.0,0.0,0.0,0.0,0.0,0.0,0.0,0.0,0.0,0.0,1.0,1.0,2.0,0,10,3,10,94.93090945910625,0.917218983535031,1.2552173953205537,0.917218983535031,0.082781016464969,3.937627670809858e-05,6.579267523099304e-05,0.0012699886141376,True,0.082781016464969,0.917218983535031,1.2552173953205537,1,0,0,0.0,1,1,1,1,,0,1,1,0,1,0,0,-0.8344379670700619,1.2552173953205537,0.51110506,0.5403806088929675,0.5366694
2025-10-24 10:25:00,2025-10-24 10:55:00,1,545.1,548.25,pivot,3.1499999999999773,0.1328005,2.8171994999999774,88741.78424999928,1.0,2025-10-24,544.1,545.45,544.1,0.0,548.85,548.95,547.95,0.0,2025,0.0,0.0,0.0,0.0,0.0,0.0,0.0,0.0,0.0,0.0,0.0,0.0,0.0,0.0,0.0,1.0,1.0,1.0,1,10,4,10,17.852915176107153,0.0158414631202859,-2.497186480645448,0.0158414631202859,0.984158536879714,6.624640556167933e-05,9.42970217847439e-05,0.0012847009329133,True,0.0158414631202859,0.984158536879714,2.497186480645448,1,0,0,0.0,1,1,1,1,,0,1,1,0,1,0,0,-0.9683170737594281,2.497186480645448,0.5047069,0.5223156418797965,0.533944
2025-10-24 10:55:00,2025-10-24 13:15:00,-1,548.25,549.7,pivot,-1.4500000000000457,0.1329385,-1.7829385000000457,-56162.56275000144,1.0,2025-10-24,548.85,548.95,547.95,0.0,550.2,550.35,549.5,0.0,2025,0.0,0.0,0.0,0.0,0.0,0.0,0.0,0.0,0.0,0.0,0.0,0.0,0.0,0.0,0.0,1.0,1.0,1.0,0,10,4,10,130.4385477283519,0.8855881343189016,1.063248980197399,0.8855881343189016,0.1144118656810984,6.624640556167933e-05,9.42970217847439e-05,0.0012847009329133,True,0.1144118656810984,0.8855881343189016,1.063248980197399,1,0,0,0.0,1,1,1,1,,0,1,1,0,1,0,0,-0.7711762686378032,1.063248980197399,0.5047069,0.5223156418797965,0.53423405
2025-10-27 10:25:00,2025-10-27 10:40:00,1,562.8,564.8,pivot,2.0,0.133828,1.666172,52484.418,1.0,2025-10-27,562.65,563.35,561.95,0.0,564.4,565.0,564.25,0.0,2025,0.0,0.0,0.0,0.0,0.0,0.0,0.0,0.0,0.0,0.0,0.0,0.0,0.0,0.0,0.0,1.0,1.0,1.0,1,10,0,10,89.15105967597835,0.9306723590609292,1.413911267463644,0.9306723590609292,0.0693276409390707,6.534488591859538e-05,8.957819196023745e-05,0.0013204658243174,True,0.9306723590609292,0.0693276409390707,-1.413911267463644,1,0,0,0.0,1,1,1,1,,0,1,1,0,1,0,0,0.8613447181218584,1.413911267463644,0.5047069,0.5349722774194401,0.5357957
2025-10-27 10:40:00,2025-10-27 12:05:00,1,564.8,563.95,pivot,-0.849999999999909,0.1338625,-1.183862499999909,-37291.66874999713,1.0,2025-10-27,564.4,565.0,564.25,0.0,564.15,564.25,563.15,0.0,2025,0.0,0.0,0.0,0.0,0.0,0.0,0.0,0.0,0.0,0.0,0.0,0.0,0.0,0.0,0.0,1.0,1.0,1.0,0,10,0,10,151.4521926654752,0.8558810127831887,0.938462710144936,0.8558810127831887,0.1441189872168112,6.534488591859538e-05,8.957819196023745e-05,0.0013204658243174,True,0.8558810127831887,0.1441189872168112,-0.938462710144936,1,0,0,0.0,1,1,1,1,,0,1,1,0,1,0,0,0.7117620255663775,0.938462710144936,0.5047069,0.5349722774194401,0.5368803
2025-10-28 10:40:00,2025-10-28 10:55:00,1,557.4,557.95,pivot,0.5500000000000682,0.1334605,0.21653950000006825,6820.99425000215,1.0,2025-10-28,557.1,558.05,556.85,0.0,559.15,559.3,557.85,0.0,2025,0.0,0.0,0.0,0.0,0.0,0.0,0.0,0.0,0.0,0.0,0.0,0.0,0.0,0.0,0.0,1.0,1.0,1.0,1,10,1,10,252.84762307326216,0.748209082458441,0.5319185987628637,0.748209082458441,0.251790917541559,6.593372401923132e-05,8.987713511342902e-05,0.0013493956090366,True,0.748209082458441,0.251790917541559,-0.5319185987628637,1,0,0,0.0,1,1,1,1,,0,1,1,0,1,0,0,0.49641816491688195,0.5319185987628637,0.5047069,0.5307094726411713,0.53104055
2025-10-28 10:55:00,2025-10-28 11:50:00,1,557.95,557.25,pivot,-0.7000000000000455,0.133456,-1.0334560000000454,-32553.864000001435,1.0,2025-10-28,559.15,559.3,557.85,0.0,558.6,558.6,557.05,0.0,2025,0.0,0.0,0.0,0.0,0.0,0.0,0.0,0.0,0.0,0.0,0.0,0.0,0.0,0.0,0.0,1.0,1.0,1.0,0,10,1,10,132.84698856837414,0.8784481673367566,1.0631291101938185,0.8784481673367566,0.1215518326632434,6.593372401923132e-05,8.987713511342902e-05,0.0013493956090366,True,0.8784481673367566,0.1215518326632434,-1.0631291101938185,1,0,0,0.0,1,1,1,1,,0,1,1,0,1,0,0,0.7568963346735131,1.0631291101938185,0.5047069,0.5307094726411713,0.5287355
2025-10-29 10:35:00,2025-10-29 11:30:00,1,567.75,570.05,pivot,2.2999999999999545,0.134134,1.9658659999999546,61924.77899999857,1.0,2025-10-29,568.5,568.55,567.3,0.0,569.2,570.2,568.9,0.0,2025,0.0,0.0,0.0,0.0,0.0,0.0,0.0,0.0,0.0,0.0,0.0,0.0,0.0,0.0,0.0,1.0,1.0,1.0,1,10,2,10,10.62801099342071,0.9824052943375976,2.3078392824391667,0.9824052943375976,0.0175947056624022,7.177080562273271e-05,9.286569452969412e-05,0.0013739826541598,True,0.9824052943375976,0.0175947056624022,-2.3078392824391667,1,0,0,0.0,1,1,1,1,,0,1,1,0,1,0,0,0.9648105886751954,2.3078392824391667,0.5047069,0.5369970543405178,0.5236644
2025-10-30 10:40:00,2025-10-30 10:45:00,1,576.2,577.15,pivot,0.9499999999999318,0.1346005,0.6153994999999317,19385.08424999785,1.0,2025-10-30,577.15,577.3,575.4,0.0,576.9,577.9,576.8,0.0,2025,0.0,0.0,0.0,0.0,0.0,0.0,0.0,0.0,0.0,0.0,0.0,0.0,0.0,0.0,0.0,1.0,1.0,1.0,1,10,3,10,24.921869606522428,0.972426333313735,1.933414188376414,0.972426333313735,0.027573666686265,7.263203461977239e-05,9.571564126575296e-05,0.0014335945919227,True,0.972426333313735,0.027573666686265,-1.933414188376414,1,0,0,0.0,1,1,1,1,,0,1,1,0,1,0,0,0.9448526666274699,1.933414188376414,0.5047069,0.5259430545181314,0.52160084
2025-10-30 10:45:00,2025-10-30 11:45:00,1,577.15,581.6,pivot,4.4500000000000455,0.1347625,4.115237500000045,129629.98125000144,1.0,2025-10-30,576.9,577.9,576.8,0.0,580.85,581.85,580.3,0.0,2025,0.0,0.0,0.0,0.0,0.0,0.0,0.0,0.0,0.0,0.0,0.0,0.0,0.0,0.0,0.0,1.0,1.0,1.0,1,10,3,10,139.97141535473838,0.8722431809079252,1.0218287073978976,0.8722431809079252,0.1277568190920748,7.263203461977239e-05,9.571564126575296e-05,0.0014335945919227,True,0.8722431809079252,0.1277568190920748,-1.0218287073978976,1,0,0,0.0,1,1,1,1,,0,1,1,0,1,0,0,0.7444863618158504,1.0218287073978976,0.5047069,0.5259430545181314,0.5186519
2025-10-31 10:35:00,2025-10-31 11:35:00,1,580.05,579.9,pivot,-0.1499999999999772,0.1347985,-0.48479849999997726,-15271.152749999284,1.0,2025-10-31,580.0,580.3,579.45,0.0,579.9,580.3,579.3,0.0,2025,0.0,0.0,0.0,0.0,0.0,0.0,0.0,0.0,0.0,0.0,0.0,0.0,0.0,0.0,0.0,1.0,1.0,1.0,0,10,4,10,1.5499148781582366,0.9994274964209424,3.973850947366351,0.9994274964209424,0.0005725035790574,7.263203461977239e-05,9.571564126575296e-05,0.0014335945919227,True,0.9994274964209424,0.0005725035790574,-3.973850947366351,1,0,0,0.0,1,1,1,1,,0,1,1,0,1,0,0,0.9988549928418851,3.973850947366351,0.5047069,0.5223156418797965,0.5112332
2025-11-03 10:55:00,2025-11-03 11:05:00,1,594.85,593.85,pivot,-1.0,0.135661,-1.335661,-42073.3215,1.0,2025-11-03,594.0,595.05,594.0,0.0,593.4,594.15,593.25,0.0,2025,0.0,0.0,0.0,0.0,0.0,0.0,0.0,0.0,0.0,0.0,0.0,0.0,0.0,0.0,0.0,1.0,1.0,2.0,0,10,0,11,256.97934135014776,0.7072676545060042,0.4314248487595238,0.7072676545060042,0.2927323454939958,9.14726817870988e-05,0.0001121822156566,0.0014941126019571,True,0.7072676545060042,0.2927323454939958,-0.4314248487595238,1,0,0,0.0,1,1,1,1,,0,1,1,0,1,0,0,0.41453530901200836,0.4314248487595238,0.51110506,0.5563772113655034,0.5119888
2025-11-04 10:30:00,2025-11-04 10:35:00,-1,590.3,591.45,pivot,-1.150000000000091,0.1354525,-1.4854525000000909,-46791.75375000286,1.0,2025-11-04,591.35,591.75,589.25,0.0,590.35,592.1,590.1,0.0,2025,0.0,0.0,0.0,0.0,0.0,0.0,0.0,0.0,0.0,0.0,0.0,0.0,0.0,0.0,0.0,1.0,1.0,0.0,0,10,1,11,81.83161142734458,0.0766602346088769,-1.330317634127831,0.0766602346088769,0.9233397653911232,9.103655926298832e-05,0.0001031549040525,0.0014768822815521,True,0.9233397653911232,0.0766602346088769,-1.330317634127831,1,0,0,0.0,1,1,1,1,,0,1,1,0,1,0,0,0.8466795307822462,1.330317634127831,0.5104952,0.6086024944643529,0.5070704
2025-11-04 10:35:00,2025-11-04 11:10:00,-1,591.45,588.6,pivot,2.8500000000000227,0.1354015,2.5145985000000226,79209.85275000072,1.0,2025-11-04,590.35,592.1,590.1,0.0,588.4,588.85,587.8,0.0,2025,0.0,0.0,0.0,0.0,0.0,0.0,0.0,0.0,0.0,0.0,0.0,0.0,0.0,0.0,0.0,1.0,1.0,0.0,1,10,1,11,133.89264099924577,0.8817780720241972,1.0761334601998678,0.8817780720241972,0.1182219279758027,9.103655926298832e-05,0.0001031549040525,0.0014768822815521,True,0.1182219279758027,0.8817780720241972,1.0761334601998678,1,0,0,0.0,1,1,1,1,,0,1,1,0,1,0,0,-0.7635561440483946,1.0761334601998678,0.5104952,0.6086024944643529,0.50803804
2025-11-05 10:30:00,2025-11-05 10:35:00,-1,547.3,545.4,pivot,1.8999999999999773,0.132781,1.5672189999999773,49367.39849999928,1.0,2025-11-05,545.3,547.9,544.4,0.0,545.3,548.8,544.85,0.0,2025,0.0,0.0,0.0,0.0,0.0,0.0,0.0,0.0,0.0,0.0,0.0,0.0,0.0,0.0,0.0,1.0,0.0,0.0,1,10,2,11,4.783625941089308,0.0088483026305483,-2.828670400724909,0.0088483026305483,0.9911516973694516,6.867270142078106e-05,6.200286777091867e-05,0.0015043333931682,True,0.9911516973694516,0.0088483026305483,-2.828670400724909,1,0,0,0.0,1,1,1,1,,0,1,1,0,0,1,0,0.9823033947389034,2.828670400724909,0.5403868,0.7847587339761687,0.51172054
2025-11-10 08:45:00,2025-11-10 10:25:00,-1,561.9,572.75,pivot,-10.850000000000025,0.1340395,-11.184039500000024,-352297.24425000075,1.0,2025-11-10,565.85,566.35,561.7,0.0,572.6,573.6,572.4,0.0,2025,0.0,0.0,0.0,0.0,0.0,0.0,0.0,0.0,0.0,0.0,0.0,0.0,0.0,0.0,0.0,1.0,2.0,2.0,0,8,0,11,234.43583997952325,0.6751932611420953,0.3477316340820674,0.6751932611420953,0.3248067388579047,5.4531853141248806e-05,3.03555986348292e-05,0.0019723501773546,True,0.3248067388579047,0.6751932611420953,0.3477316340820674,1,0,0,0.0,1,1,1,1,,0,1,0,0,0,0,0,-0.35038652228419065,0.3477316340820674,0.51110506,0.6097995058685632,0.51076233
2025-11-10 10:25:00,2025-11-10 10:55:00,1,572.75,574.35,pivot,1.6000000000000227,0.134413,1.2655870000000229,39865.99050000072,1.0,2025-11-10,572.6,573.6,572.4,0.0,574.9,575.1,574.25,0.0,2025,0.0,0.0,0.0,0.0,0.0,0.0,0.0,0.0,0.0,0.0,0.0,0.0,0.0,0.0,0.0,1.0,1.0,2.0,1,10,0,11,30.11445862682847,0.9569161258646074,1.6250591378958836,0.9569161258646074,0.0430838741353926,5.4531853141248806e-05,3.03555986348292e-05,0.0019723501773546,True,0.9569161258646074,0.0430838741353926,-1.6250591378958836,1,0,0,0.0,1,1,1,1,,0,1,1,0,1,0,0,0.9138322517292148,1.6250591378958836,0.51110506,0.5563772113655034,0.5321293
2025-11-10 10:55:00,2025-11-10 11:35:00,1,574.35,574.65,pivot,0.2999999999999545,0.13447,-0.03447000000004547,-1085.8050000014323,1.0,2025-11-10,574.9,575.1,574.25,0.0,574.7,574.75,573.75,0.0,2025,0.0,0.0,0.0,0.0,0.0,0.0,0.0,0.0,0.0,0.0,0.0,0.0,0.0,0.0,0.0,1.0,1.0,2.0,0,10,0,11,145.886636530608,0.1900574759403598,-0.6770236554651958,0.1900574759403598,0.8099425240596402,5.4531853141248806e-05,3.03555986348292e-05,0.0019723501773546,True,0.1900574759403598,0.8099425240596402,0.6770236554651958,1,0,0,0.0,1,1,1,1,,0,1,1,0,1,0,0,-0.6198850481192804,0.6770236554651958,0.51110506,0.5563772113655034,0.53810924
2025-11-11 10:35:00,2025-11-11 11:00:00,1,591.95,589.55,pivot,-2.400000000000091,0.135445,-2.7354450000000905,-86166.51750000285,1.0,2025-11-11,591.0,592.1,590.25,0.0,588.5,590.15,588.45,0.0,2025,0.0,0.0,0.0,0.0,0.0,0.0,0.0,0.0,0.0,0.0,0.0,0.0,0.0,0.0,0.0,1.0,1.0,2.0,0,10,1,11,56.06145167901994,0.9191116827192394,1.235156072083489,0.9191116827192394,0.0808883172807606,1.7372283088309348e-05,1.0590917007783737e-05,0.0020454162730376,True,0.9191116827192394,0.0808883172807606,-1.235156072083489,1,0,0,0.0,1,1,1,1,,0,1,1,0,1,0,0,0.8382233654384788,1.235156072083489,0.51110506,0.5571475194887526,0.5554869
2025-11-11 12:10:00,2025-11-11 12:25:00,-1,586.2,585.85,pivot,0.3500000000000227,0.1351615,0.014838500000022707,467.4127500007153,1.0,2025-11-11,585.8,587.1,585.4,0.0,585.5,585.85,585.0,0.0,2025,0.0,0.0,0.0,0.0,0.0,0.0,0.0,0.0,0.0,0.0,0.0,0.0,0.0,0.0,0.0,1.0,1.0,0.0,1,12,1,11,200.39297667763609,0.722929186327471,0.4537442358969965,0.722929186327471,0.2770708136725289,1.7372283088309348e-05,1.0590917007783737e-05,0.0020454162730376,True,0.2770708136725289,0.722929186327471,0.4537442358969965,1,0,0,0.0,1,1,1,1,,0,1,0,1,1,0,0,-0.44585837265494216,0.4537442358969965,0.50468594,0.5414646231966171,0.55964315
2025-11-11 14:35:00,2025-11-11 14:45:00,1,578.1,579.15,pivot,1.0499999999999543,0.1347175,0.7152824999999545,22531.398749998567,1.0,2025-11-11,579.2,579.55,576.95,0.0,581.1,581.4,578.6,0.0,2025,0.0,0.0,0.0,0.0,0.0,0.0,0.0,0.0,0.0,0.0,0.0,0.0,0.0,0.0,0.0,1.0,1.0,0.0,1,14,1,11,46.33132419000337,0.0649230605797943,-1.3886594628811455,0.0649230605797943,0.9350769394202056,1.1615112250060588e-05,1.0418624092721228e-05,0.0020599223551671,True,0.0649230605797943,0.9350769394202056,1.3886594628811455,1,0,0,0.0,1,1,1,1,,0,1,0,1,1,0,0,-0.8701538788404113,1.3886594628811455,0.50468594,0.5376082332097923,0.56445265
2025-11-12 10:30:00,2025-11-12 11:00:00,-1,583.05,586.15,pivot,-3.1000000000000227,0.135076,-3.4350760000000227,-108204.89400000071,1.0,2025-11-12,583.3,584.0,582.6,0.0,586.0,586.65,585.25,0.0,2025,0.0,0.0,0.0,0.0,0.0,0.0,0.0,0.0,0.0,0.0,0.0,0.0,0.0,0.0,0.0,1.0,1.0,1.0,0,10,2,11,264.26791611912944,0.4510410719530291,-0.0882976914721847,0.4510410719530291,0.5489589280469709,1.1615112250060588e-05,1.0418624092721228e-05,0.0020599223551671,True,0.5489589280469709,0.4510410719530291,-0.0882976914721847,1,0,0,0.0,1,1,1,1,,0,1,1,0,1,0,0,0.09791785609394177,0.0882976914721847,0.5047069,0.548997546813263,0.570941
2025-11-14 10:30:00,2025-11-14 10:35:00,-1,573.1,575.2,pivot,-2.1000000000000227,0.134449,-2.434449000000023,-76685.14350000072,1.0,2025-11-14,575.25,575.55,573.05,0.0,573.6,575.45,573.55,0.0,2025,0.0,0.0,0.0,0.0,0.0,0.0,0.0,0.0,0.0,0.0,0.0,0.0,0.0,0.0,0.0,1.0,1.0,1.0,0,10,4,11,206.426670299286,0.31128880739834,-0.3871038953313196,0.31128880739834,0.68871119260166,1.1272820570898165e-05,1.833269266674829e-05,0.0020749671391552,True,0.68871119260166,0.31128880739834,-0.3871038953313196,1,0,0,0.0,1,1,1,1,,0,1,1,0,1,0,0,0.37742238520332005,0.3871038953313196,0.5047069,0.5343161343525417,0.5658597
2025-11-14 10:35:00,2025-11-14 10:55:00,1,575.2,572.6,pivot,-2.6000000000000227,0.134434,-2.9344340000000226,-92434.67100000072,1.0,2025-11-14,573.6,575.45,573.55,0.0,573.0,573.5,572.4,0.0,2025,0.0,0.0,0.0,0.0,0.0,0.0,0.0,0.0,0.0,0.0,0.0,0.0,0.0,0.0,0.0,1.0,1.0,1.0,0,10,4,11,26.658131367977862,0.9575388571255838,1.795775265450078,0.9575388571255838,0.0424611428744161,1.1272820570898165e-05,1.833269266674829e-05,0.0020749671391552,True,0.9575388571255838,0.0424611428744161,-1.795775265450078,1,0,0,0.0,1,1,1,1,,0,1,1,0,1,0,0,0.9150777142511677,1.795775265450078,0.5047069,0.5343161343525417,0.55844486
2025-11-14 10:55:00,2025-11-14 11:20:00,1,572.6,572.35,pivot,-0.25,0.1343485,-0.5843484999999999,-18406.97775,1.0,2025-11-14,573.0,573.5,572.4,0.0,571.9,572.65,571.75,0.0,2025,0.0,0.0,0.0,0.0,0.0,0.0,0.0,0.0,0.0,0.0,0.0,0.0,0.0,0.0,0.0,1.0,1.0,1.0,0,10,4,11,184.71926917996907,0.7582781662648311,0.5386033466853057,0.7582781662648311,0.2417218337351688,1.1272820570898165e-05,1.833269266674829e-05,0.0020749671391552,True,0.7582781662648311,0.2417218337351688,-0.5386033466853057,1,0,0,0.0,1,1,1,1,,0,1,1,0,1,0,0,0.5165563325296623,0.5386033466853057,0.5047069,0.5343161343525417,0.5552844
2025-11-14 14:35:00,2025-11-14 15:10:00,1,565.4,565.7,pivot,0.3000000000000682,0.133933,-0.03393299999993178,-1068.889499997851,1.0,2025-11-14,566.35,566.45,565.15,0.0,565.35,566.0,565.0,0.0,2025,0.0,0.0,0.0,0.0,0.0,0.0,0.0,0.0,0.0,0.0,0.0,0.0,0.0,0.0,0.0,1.0,1.0,0.0,0,14,4,11,161.6265578195024,0.2273102274162785,-0.6051317402078246,0.2273102274162785,0.7726897725837215,1.1272820570898165e-05,1.833269266674829e-05,0.0020749671391552,True,0.2273102274162785,0.7726897725837215,0.6051317402078246,1,0,0,0.0,1,1,1,1,,0,1,0,1,1,0,0,-0.545379545167443,0.6051317402078246,0.50468594,0.5191909662274218,0.5547726
2025-11-18 10:30:00,2025-11-18 11:05:00,-1,566.85,564.4,pivot,2.450000000000045,0.1339375,2.1160625000000453,66655.96875000143,1.0,2025-11-18,566.8,567.55,566.25,0.0,564.95,565.0,563.65,0.0,2025,0.0,0.0,0.0,0.0,0.0,0.0,0.0,0.0,0.0,0.0,0.0,0.0,0.0,0.0,0.0,1.0,1.0,1.0,1,10,1,11,77.19637271259859,0.1026941974185825,-1.125901432388402,0.1026941974185825,0.8973058025814175,-5.392896784437481e-05,-1.825790179101496e-05,0.002096722304273,True,0.8973058025814175,0.1026941974185825,-1.125901432388402,1,0,0,0.0,1,1,1,1,,0,1,1,0,1,0,0,0.7946116051628349,1.125901432388402,0.5047069,0.5427099651139164,0.5773406
2025-11-19 10:30:00,2025-11-19 10:35:00,-1,552.95,553.95,pivot,-1.0,0.133207,-1.3332070000000003,-41996.020500000006,1.0,2025-11-19,553.95,554.05,551.55,0.0,554.4,554.8,552.35,0.0,2025,0.0,0.0,0.0,0.0,0.0,0.0,0.0,0.0,0.0,0.0,0.0,0.0,0.0,0.0,0.0,1.0,1.0,1.0,0,10,2,11,98.09595291542752,0.1318618701733956,-0.9623439310484648,0.1318618701733956,0.8681381298266043,-4.899369039607013e-05,-2.3012593159925843e-05,0.0020412050249698,True,0.8681381298266043,0.1318618701733956,-0.9623439310484648,1,0,0,0.0,1,1,1,1,,0,1,1,0,1,0,0,0.7362762596532088,0.9623439310484648,0.5047069,0.548997546813263,0.5812472
2025-11-19 10:35:00,2025-11-19 11:25:00,-1,553.95,555.5,pivot,-1.5499999999999543,0.1332835,-1.8832834999999546,-59323.43024999857,1.0,2025-11-19,554.4,554.8,552.35,0.0,556.2,556.35,555.2,0.0,2025,0.0,0.0,0.0,0.0,0.0,0.0,0.0,0.0,0.0,0.0,0.0,0.0,0.0,0.0,0.0,1.0,1.0,1.0,0,10,2,11,98.2100334860976,0.8618233033595214,0.8964611668540682,0.8618233033595214,0.1381766966404786,-4.899369039607013e-05,-2.3012593159925843e-05,0.0020412050249698,True,0.1381766966404786,0.8618233033595214,0.8964611668540682,1,0,0,0.0,1,1,1,1,,0,1,1,0,1,0,0,-0.7236466067190428,0.8964611668540682,0.5047069,0.548997546813263,0.57853925
2025-11-20 10:30:00,2025-11-20 10:35:00,1,569.3,568.6,pivot,-0.6999999999999318,0.134137,-1.0341369999999317,-32575.31549999785,1.0,2025-11-20,568.55,569.35,568.4,0.0,569.1,569.45,568.45,0.0,2025,0.0,0.0,0.0,0.0,0.0,0.0,0.0,0.0,0.0,0.0,0.0,0.0,0.0,0.0,0.0,1.0,1.0,1.0,0,10,3,11,136.50106284068593,0.8125380933829311,0.7035837914880564,0.8125380933829311,0.1874619066170688,-0.0001048137542114,-7.650652792868775e-05,0.0021073954691851,True,0.8125380933829311,0.1874619066170688,-0.7035837914880564,1,0,0,0.0,1,1,1,1,,0,1,1,0,1,0,0,0.6250761867658623,0.7035837914880564,0.5047069,0.5379435469908765,0.56929076
2025-11-20 10:35:00,2025-11-20 13:05:00,1,568.6,572.55,pivot,3.949999999999932,0.1342345,3.615765499999932,113896.61324999786,1.0,2025-11-20,569.1,569.45,568.45,0.0,572.25,572.75,571.9,0.0,2025,0.0,0.0,0.0,0.0,0.0,0.0,0.0,0.0,0.0,0.0,0.0,0.0,0.0,0.0,0.0,1.0,1.0,1.0,1,10,3,11,165.96961081181695,0.23259330113204,-0.5892436310759745,0.23259330113204,0.76740669886796,-0.0001048137542114,-7.650652792868775e-05,0.0021073954691851,True,0.23259330113204,0.76740669886796,0.5892436310759745,1,0,0,0.0,1,1,1,1,,0,1,1,0,1,0,0,-0.53481339773592,0.5892436310759745,0.5047069,0.5379435469908765,0.5699455
2025-11-21 10:30:00,2025-11-21 10:40:00,1,545.1,542.55,pivot,-2.550000000000068,0.1326295,-2.882629500000068,-90802.82925000215,1.0,2025-11-21,543.4,545.2,543.05,0.0,544.15,544.35,542.35,0.0,2025,0.0,0.0,0.0,0.0,0.0,0.0,0.0,0.0,0.0,0.0,0.0,0.0,0.0,0.0,0.0,1.0,1.0,1.0,0,10,4,11,90.55476135088776,0.8668133480033784,0.9393569478860364,0.8668133480033784,0.1331866519966216,-8.432861814798933e-05,-5.32854285231805e-05,0.0021096870887421,True,0.8668133480033784,0.1331866519966216,-0.9393569478860364,1,0,0,0.0,1,1,1,1,,0,1,1,0,1,0,0,0.7336266960067568,0.9393569478860364,0.5047069,0.5343161343525417,0.5624
2025-11-21 10:40:00,2025-11-21 12:50:00,-1,542.55,541.65,pivot,0.8999999999999773,0.132526,0.5674739999999773,17875.430999999284,1.0,2025-11-21,544.15,544.35,542.35,0.0,540.95,541.85,540.8,0.0,2025,0.0,0.0,0.0,0.0,0.0,0.0,0.0,0.0,0.0,0.0,0.0,0.0,0.0,0.0,0.0,1.0,1.0,1.0,1,10,4,11,134.28714877756374,0.1893696993964383,-0.7167719353153679,0.1893696993964383,0.8106303006035617,-8.432861814798933e-05,-5.32854285231805e-05,0.0021096870887421,True,0.8106303006035617,0.1893696993964383,-0.7167719353153679,1,0,0,0.0,1,1,1,1,,0,1,1,0,1,0,0,0.6212606012071233,0.7167719353153679,0.5047069,0.5343161343525417,0.56325746
2025-11-24 10:35:00,2025-11-24 10:45:00,1,551.05,547.65,pivot,-3.3999999999999773,0.132961,-3.732960999999977,-117588.27149999927,1.0,2025-11-24,549.6,551.25,549.55,0.0,548.7,548.8,547.4,0.0,2025,0.0,0.0,0.0,0.0,0.0,0.0,0.0,0.0,0.0,0.0,0.0,0.0,0.0,0.0,0.0,1.0,1.0,1.0,0,10,0,11,179.99851840268667,0.7435413117080023,0.498637485454087,0.7435413117080023,0.2564586882919977,-8.432861814798933e-05,-5.32854285231805e-05,0.0021096870887421,True,0.7435413117080023,0.2564586882919977,-0.498637485454087,1,0,0,0.0,1,1,1,1,,0,1,1,0,1,0,0,0.4870826234160046,0.498637485454087,0.5047069,0.5469727698921852,0.5627291
2025-11-24 10:45:00,2025-11-24 11:15:00,-1,547.65,548.65,pivot,-1.0,0.132889,-1.332889,-41986.0035,1.0,2025-11-24,548.7,548.8,547.4,0.0,550.25,550.4,548.6,0.0,2025,0.0,0.0,0.0,0.0,0.0,0.0,0.0,0.0,0.0,0.0,0.0,0.0,0.0,0.0,0.0,1.0,1.0,1.0,0,10,0,11,32.01982943803936,0.0425471054338916,-1.659515635538284,0.0425471054338916,0.9574528945661084,-8.432861814798933e-05,-5.32854285231805e-05,0.0021096870887421,True,0.9574528945661084,0.0425471054338916,-1.659515635538284,1,0,0,0.0,1,1,1,1,,0,1,1,0,1,0,0,0.9149057891322168,1.659515635538284,0.5047069,0.5469727698921852,0.5549507
2025-11-25 10:55:00,2025-11-25 11:05:00,-1,547.9,548.25,pivot,-0.3500000000000227,0.1328845,-0.6828845000000229,-21510.86175000072,1.0,2025-11-25,547.95,548.95,547.6,0.0,547.7,548.25,546.9,0.0,2025,0.0,0.0,0.0,0.0,0.0,0.0,0.0,0.0,0.0,0.0,0.0,0.0,0.0,0.0,0.0,1.0,1.0,1.0,0,10,1,11,237.5092377928181,0.6695746047319722,0.3205410343248621,0.6695746047319722,0.3304253952680278,-0.0001013920544767,-4.933681287544818e-05,0.0018622638205198,True,0.3304253952680278,0.6695746047319722,0.3205410343248621,1,0,0,0.0,1,1,1,1,,0,1,1,0,1,0,0,-0.3391492094639444,0.3205410343248621,0.5047069,0.5427099651139164,0.5417969
2025-11-25 13:35:00,2025-11-25 13:50:00,1,543.45,543.95,pivot,0.5,0.132622,0.16737799999999997,5272.406999999999,1.0,2025-11-25,544.05,544.25,543.45,0.0,544.7,544.95,543.8,0.0,2025,0.0,0.0,0.0,0.0,0.0,0.0,0.0,0.0,0.0,0.0,0.0,0.0,0.0,0.0,0.0,1.0,1.0,0.0,1,13,1,11,147.6718414817087,0.8129605075601802,0.7186060583493101,0.8129605075601802,0.1870394924398197,-0.0001013920544767,-4.933681287544818e-05,0.0018622638205198,True,0.8129605075601802,0.1870394924398197,-0.7186060583493101,1,0,0,0.0,1,1,1,1,,0,1,0,1,1,0,0,0.6259210151203605,0.7186060583493101,0.50468594,0.5414646231966171,0.52688664
2025-11-26 10:50:00,2025-11-26 11:15:00,1,555.55,555.5,pivot,-0.0499999999999545,0.1333315,-0.3833314999999545,-12074.942249998567,1.0,2025-11-26,555.7,556.3,555.5,0.0,555.05,555.65,554.95,0.0,2025,0.0,0.0,0.0,0.0,0.0,0.0,0.0,0.0,0.0,0.0,0.0,0.0,0.0,0.0,0.0,1.0,1.0,2.0,0,10,2,11,275.63961402653,0.4782991792317049,-0.0701645954718369,0.4782991792317049,0.521700820768295,-0.0001013920544767,-4.933681287544818e-05,0.0018622638205198,True,0.4782991792317049,0.521700820768295,0.0701645954718369,1,0,0,0.0,1,1,1,1,,0,1,1,0,1,0,0,-0.04340164153659015,0.0701645954718369,0.51110506,0.5634351011880991,0.535517
2025-11-27 10:40:00,2025-11-27 10:50:00,-1,567.45,567.2,pivot,0.25,0.1340395,-0.0840395,-2647.24425,1.0,2025-11-27,567.9,568.35,567.35,0.0,568.45,568.45,566.8,0.0,2025,0.0,0.0,0.0,0.0,0.0,0.0,0.0,0.0,0.0,0.0,0.0,0.0,0.0,0.0,0.0,1.0,1.0,1.0,0,10,3,11,98.79315273259924,0.1198636490000673,-1.0480141438335742,0.1198636490000673,0.8801363509999327,-7.262816232074565e-05,-5.970725067919544e-05,0.0017070057720973,True,0.8801363509999327,0.1198636490000673,-1.0480141438335742,1,0,0,0.0,1,1,1,1,,0,1,1,0,1,0,0,0.7602727019998654,1.0480141438335742,0.5047069,0.5379435469908765,0.5306728
2025-11-27 10:50:00,2025-11-27 11:30:00,-1,567.2,567.85,pivot,-0.6499999999999773,0.1340515,-0.9840514999999772,-30997.622249999284,1.0,2025-11-27,568.45,568.45,566.8,0.0,566.55,567.9,566.55,0.0,2025,0.0,0.0,0.0,0.0,0.0,0.0,0.0,0.0,0.0,0.0,0.0,0.0,0.0,0.0,0.0,1.0,1.0,1.0,0,10,3,11,191.92068766208337,0.2205469886764385,-0.6359181617896787,0.2205469886764385,0.7794530113235615,-7.262816232074565e-05,-5.970725067919544e-05,0.0017070057720973,True,0.7794530113235615,0.2205469886764385,-0.6359181617896787,1,0,0,0.0,1,1,1,1,,0,1,1,0,1,0,0,0.558906022647123,0.6359181617896787,0.5047069,0.5379435469908765,0.5316483
2025-11-28 10:35:00,2025-11-28 10:50:00,-1,557.75,559.3,pivot,-1.5499999999999543,0.1335115,-1.8835114999999545,-59330.612249998565,1.0,2025-11-28,557.4,557.95,557.2,0.0,559.65,560.1,558.8,0.0,2025,0.0,0.0,0.0,0.0,0.0,0.0,0.0,0.0,0.0,0.0,0.0,0.0,0.0,0.0,0.0,1.0,1.0,0.0,0,10,4,11,232.15228241972815,0.2706286899338554,-0.4930231510452924,0.2706286899338554,0.7293713100661445,-7.221986307307969e-05,-6.402672292966401e-05,0.0016876097662587,True,0.7293713100661445,0.2706286899338554,-0.4930231510452924,1,0,0,0.0,1,1,1,1,,0,1,1,0,1,0,0,0.4587426201322891,0.4930231510452924,0.5104952,0.5889775183652091,0.5319947
2025-11-28 10:50:00,2025-11-28 11:20:00,1,559.3,558.3,pivot,-1.0,0.133528,-1.3335280000000003,-42006.132000000005,1.0,2025-11-28,559.65,560.1,558.8,0.0,558.35,558.7,558.2,0.0,2025,0.0,0.0,0.0,0.0,0.0,0.0,0.0,0.0,0.0,0.0,0.0,0.0,0.0,0.0,0.0,1.0,1.0,1.0,0,10,4,11,59.24277634529337,0.9345049549869856,1.4700627427547532,0.9345049549869856,0.0654950450130144,-7.221986307307969e-05,-6.402672292966401e-05,0.0016876097662587,True,0.9345049549869856,0.0654950450130144,-1.4700627427547532,1,0,0,0.0,1,1,1,1,,0,1,1,0,1,0,0,0.8690099099739712,1.4700627427547532,0.5047069,0.5343161343525417,0.5383687
2025-12-01 10:30:00,2025-12-01 10:50:00,1,553.55,555.65,pivot,2.1000000000000227,0.133276,1.7667240000000228,55651.80600000072,1.0,2025-12-01,553.05,554.0,552.5,0.0,556.3,556.55,555.5,0.0,2025,0.0,0.0,0.0,0.0,0.0,0.0,0.0,0.0,0.0,0.0,0.0,0.0,0.0,0.0,0.0,1.0,1.0,0.0,1,10,0,12,115.31741675311324,0.8696999393133544,0.9661235521013328,0.8696999393133544,0.1303000606866455,-7.922539940394125e-05,-8.272083439980948e-05,0.0016762289845185,True,0.8696999393133544,0.1303000606866455,-0.9661235521013328,1,0,0,0.0,1,1,1,1,,0,1,1,0,1,0,0,0.7393998786267089,0.9661235521013328,0.5124545,0.6020801279419863,0.5395664
2025-12-01 10:50:00,2025-12-01 11:25:00,1,555.65,554.4,pivot,-1.25,0.1333015,-1.5833015,-49873.99725,1.0,2025-12-01,556.3,556.55,555.5,0.0,554.2,554.75,554.1,0.0,2025,0.0,0.0,0.0,0.0,0.0,0.0,0.0,0.0,0.0,0.0,0.0,0.0,0.0,0.0,0.0,1.0,1.0,1.0,0,10,0,12,182.0218472358266,0.8028966685552222,0.6938912870148651,0.8028966685552222,0.1971033314447777,-7.922539940394125e-05,-8.272083439980948e-05,0.0016762289845185,True,0.8028966685552222,0.1971033314447777,-0.6938912870148651,1,0,0,0.0,1,1,1,1,,0,1,1,0,1,0,0,0.6057933371104445,0.6938912870148651,0.5101736,0.5475130349278632,0.53237635
2025-12-02 10:50:00,2025-12-02 11:20:00,-1,563.1,565.05,pivot,-1.949999999999932,0.1338445,-2.283844499999932,-71941.10174999785,1.0,2025-12-02,564.1,564.15,563.1,0.0,564.4,565.35,564.4,0.0,2025,0.0,0.0,0.0,0.0,0.0,0.0,0.0,0.0,0.0,0.0,0.0,0.0,0.0,0.0,0.0,1.0,1.0,1.0,0,10,1,12,237.52068736628183,0.2762812762417376,-0.4544330652360134,0.2762812762417376,0.7237187237582624,-9.30782960141348e-05,-0.0001081667670991,0.0017152356146203,True,0.7237187237582624,0.2762812762417376,-0.4544330652360134,1,0,0,0.0,1,1,1,1,,0,1,1,0,1,0,0,0.4474374475165248,0.4544330652360134,0.5101736,0.5432502301495944,0.52691114
2025-12-03 10:45:00,2025-12-03 11:00:00,1,573.95,573.65,pivot,-0.3000000000000682,0.134428,-0.6344280000000683,-19984.48200000215,1.0,2025-12-03,574.1,574.65,573.7,0.0,572.7,573.65,572.6,0.0,2025,0.0,0.0,0.0,0.0,0.0,0.0,0.0,0.0,0.0,0.0,0.0,0.0,0.0,0.0,0.0,1.0,1.0,2.0,0,10,2,12,229.01761688367577,0.7341136924392389,0.5046492079629271,0.7341136924392389,0.2658863075607611,-4.92087495029544e-05,-7.02780355330796e-05,0.0016936405047941,True,0.7341136924392389,0.2658863075607611,-0.5046492079629271,1,0,0,0.0,1,1,1,1,,0,1,1,0,1,0,0,0.46822738487847776,0.5046492079629271,0.52486205,0.570086477334888,0.5215454
2025-12-03 11:00:00,2025-12-03 11:10:00,1,573.65,573.3,pivot,-0.3500000000000227,0.1344085,-0.684408500000023,-21558.86775000072,1.0,2025-12-03,572.7,573.65,572.6,0.0,573.45,573.5,572.85,0.0,2025,0.0,0.0,0.0,0.0,0.0,0.0,0.0,0.0,0.0,0.0,0.0,0.0,0.0,0.0,0.0,1.0,1.0,2.0,0,11,2,12,249.07859998707744,0.2849160545570652,-0.4215376385107925,0.2849160545570652,0.7150839454429347,-4.92087495029544e-05,-7.02780355330796e-05,0.0016936405047941,True,0.2849160545570652,0.7150839454429347,0.4215376385107925,1,0,0,0.0,1,1,1,1,,0,1,1,0,1,0,0,-0.43016789088586954,0.4215376385107925,0.51327443,0.5353982047433862,0.5193336
2025-12-03 11:10:00,2025-12-03 12:30:00,-1,573.3,572.25,pivot,1.0499999999999543,0.1343665,0.7156334999999546,22542.45524999857,1.0,2025-12-03,573.45,573.5,572.85,0.0,572.7,572.85,572.1,0.0,2025,0.0,0.0,0.0,0.0,0.0,0.0,0.0,0.0,0.0,0.0,0.0,0.0,0.0,0.0,0.0,1.0,1.0,2.0,1,11,2,12,190.42154330240808,0.7889796186398393,0.659761352480279,0.7889796186398393,0.2110203813601606,-4.92087495029544e-05,-7.02780355330796e-05,0.0016936405047941,True,0.2110203813601606,0.7889796186398393,0.659761352480279,1,0,0,0.0,1,1,1,1,,0,1,1,0,1,0,0,-0.5779592372796787,0.659761352480279,0.51327443,0.5353982047433862,0.5192114
2025-12-04 10:35:00,2025-12-04 10:55:00,1,566.7,565.4,pivot,-1.3000000000000682,0.133963,-1.6339630000000682,-51469.83450000215,1.0,2025-12-04,567.45,567.5,566.2,0.0,564.6,565.45,564.5,0.0,2025,0.0,0.0,0.0,0.0,0.0,0.0,0.0,0.0,0.0,0.0,0.0,0.0,0.0,0.0,0.0,1.0,1.0,1.0,0,10,3,12,128.2546265907108,0.8605940560709479,0.9278523645222032,0.8605940560709479,0.1394059439290521,-4.92087495029544e-05,-7.02780355330796e-05,0.0016936405047941,True,0.8605940560709479,0.1394059439290521,-0.9278523645222032,1,0,0,0.0,1,1,1,1,,0,1,1,0,1,0,0,0.7211881121418957,0.9278523645222032,0.5101736,0.5445949231376656,0.51752186
2025-12-04 10:55:00,2025-12-04 11:00:00,1,565.4,564.6,pivot,-0.7999999999999545,0.1339,-1.1338999999999544,-35717.849999998565,1.0,2025-12-04,564.6,565.45,564.5,0.0,564.3,564.6,564.05,0.0,2025,0.0,0.0,0.0,0.0,0.0,0.0,0.0,0.0,0.0,0.0,0.0,0.0,0.0,0.0,0.0,1.0,1.0,1.0,0,10,3,12,171.78833207609404,0.188531390178617,-0.6890587136336204,0.188531390178617,0.811468609821383,-4.92087495029544e-05,-7.02780355330796e-05,0.0016936405047941,True,0.188531390178617,0.811468609821383,0.6890587136336204,1,0,0,0.0,1,1,1,1,,0,1,1,0,1,0,0,-0.622937219642766,0.6890587136336204,0.5101736,0.5445949231376656,0.5224419
2025-12-05 11:00:00,2025-12-05 15:45:00,-1,574.05,580.4,eod,-6.350000000000023,0.1346335,-6.6846335000000225,-210565.9552500007,1.0,2025-12-05,573.9,574.7,573.6,0.0,580.4,580.4,580.4,0.0,2025,0.0,0.0,0.0,0.0,0.0,0.0,0.0,0.0,0.0,0.0,0.0,0.0,0.0,0.0,0.0,1.0,1.0,2.0,0,11,4,12,297.18616838743856,0.6270489005963703,0.264428464276261,0.6270489005963703,0.3729510994036297,-5.513106979489274e-05,-7.636406840217173e-05,0.0016065837795046,True,0.3729510994036297,0.6270489005963703,0.264428464276261,1,0,0,0.0,1,1,1,1,,0,1,1,0,1,0,0,-0.2540978011927406,0.264428464276261,0.51327443,0.5352243787693516,0.526449
2025-12-08 10:40:00,2025-12-08 11:05:00,1,582.05,580.05,pivot,-2.0,0.134863,-2.334863,-73548.1845,1.0,2025-12-08,581.65,582.5,581.15,0.0,580.05,580.25,579.45,0.0,2025,0.0,0.0,0.0,0.0,0.0,0.0,0.0,0.0,0.0,0.0,0.0,0.0,0.0,0.0,0.0,1.0,1.0,1.0,0,10,0,12,110.4740448175665,0.8964487472435733,1.101990712928963,0.8964487472435733,0.1035512527564267,-8.11162115225378e-06,-2.3845087899366367e-05,0.0015040790553026,True,0.8964487472435733,0.1035512527564267,-1.101990712928963,1,0,0,0.0,1,1,1,1,,0,1,1,0,1,0,0,0.7928974944871465,1.101990712928963,0.5101736,0.5475130349278632,0.5283157
2025-12-09 10:35:00,2025-12-09 13:05:00,1,585.9,584.5,pivot,-1.3999999999999773,0.135112,-1.7351119999999771,-54656.02799999928,1.0,2025-12-09,585.2,586.4,584.7,0.0,585.35,585.45,584.3,0.0,2025,0.0,0.0,0.0,0.0,0.0,0.0,0.0,0.0,0.0,0.0,0.0,0.0,0.0,0.0,0.0,1.0,1.0,1.0,0,10,1,12,280.7624087824414,0.7241880533849201,0.4739158713197882,0.7241880533849201,0.2758119466150799,4.545853898624211e-06,-1.409798034988472e-05,0.0014709357545664,True,0.7241880533849201,0.2758119466150799,-0.4739158713197882,1,0,0,0.0,1,1,1,1,,0,1,1,0,1,0,0,0.4483761067698402,0.4739158713197882,0.5101736,0.5432502301495944,0.53573394
2025-12-10 10:45:00,2025-12-10 11:15:00,-1,585.35,586.7,pivot,-1.3500000000000227,0.1351615,-1.6851615000000228,-53082.58725000072,1.0,2025-12-10,585.1,585.45,584.6,0.0,586.5,586.8,586.2,0.0,2025,0.0,0.0,0.0,0.0,0.0,0.0,0.0,0.0,0.0,0.0,0.0,0.0,0.0,0.0,0.0,1.0,1.0,1.0,0,10,2,12,279.1532138535484,0.2552000537250343,-0.4822214027375048,0.2552000537250343,0.7447999462749657,3.193706529389133e-05,9.085301939718544e-06,0.0014355690074545,True,0.7447999462749657,0.2552000537250343,-0.4822214027375048,1,0,0,0.0,1,1,1,1,,0,1,1,0,1,0,0,0.4895998925499314,0.4822214027375048,0.5101736,0.5556489229600519,0.54249525
2025-12-11 10:55:00,2025-12-11 11:00:00,-1,589.05,588.15,pivot,0.8999999999999773,0.135316,0.5646839999999773,17787.545999999285,1.0,2025-12-11,588.15,589.15,588.1,0.0,588.0,588.55,587.85,0.0,2025,0.0,0.0,0.0,0.0,0.0,0.0,0.0,0.0,0.0,0.0,0.0,0.0,0.0,0.0,0.0,1.0,1.0,1.0,1,10,3,12,389.00571940300256,0.4258102947193751,-0.1472486063944035,0.4258102947193751,0.5741897052806249,1.879297337713244e-05,2.4579237031746576e-05,0.0013197388349647,True,0.5741897052806249,0.4258102947193751,-0.1472486063944035,1,0,0,0.0,1,1,1,1,,0,1,1,0,1,0,0,0.14837941056124976,0.1472486063944035,0.5101736,0.5445949231376656,0.5447161
2025-12-15 10:45:00,2025-12-15 10:50:00,-1,576.6,576.3,pivot,0.3000000000000682,0.134587,-0.0345869999999318,-1089.4904999978517,1.0,2025-12-15,576.25,576.75,575.55,0.0,577.4,577.45,576.15,0.0,2025,0.0,0.0,0.0,0.0,0.0,0.0,0.0,0.0,0.0,0.0,0.0,0.0,0.0,0.0,0.0,1.0,1.0,1.0,0,10,0,12,368.0723040717857,0.3582060606354414,-0.2814041639375238,0.3582060606354414,0.6417939393645585,1.879297337713244e-05,2.4579237031746576e-05,0.0013197388349647,True,0.6417939393645585,0.3582060606354414,-0.2814041639375238,1,0,0,0.0,1,1,1,1,,0,1,1,0,1,0,0,0.2835878787291171,0.2814041639375238,0.5101736,0.5475130349278632,0.5448487
2025-12-15 10:50:00,2025-12-15 12:05:00,-1,576.3,577.5,pivot,-1.2000000000000457,0.134614,-1.5346140000000457,-48340.34100000144,1.0,2025-12-15,577.4,577.45,576.15,0.0,576.1,577.55,575.85,0.0,2025,0.0,0.0,0.0,0.0,0.0,0.0,0.0,0.0,0.0,0.0,0.0,0.0,0.0,0.0,0.0,1.0,1.0,1.0,0,10,0,12,316.51472674644134,0.2681045611997661,-0.4787084487758948,0.2681045611997661,0.7318954388002339,1.879297337713244e-05,2.4579237031746576e-05,0.0013197388349647,True,0.7318954388002339,0.2681045611997661,-0.4787084487758948,1,0,0,0.0,1,1,1,1,,0,1,1,0,1,0,0,0.4637908776004678,0.4787084487758948,0.5101736,0.5475130349278632,0.54543597
2025-12-16 10:40:00,2025-12-16 10:50:00,-1,565.55,564.75,pivot,0.7999999999999545,0.133909,0.4660909999999545,14681.866499998567,1.0,2025-12-16,565.5,566.1,565.3,0.0,566.05,566.15,564.75,0.0,2025,0.0,0.0,0.0,0.0,0.0,0.0,0.0,0.0,0.0,0.0,0.0,0.0,0.0,0.0,0.0,1.0,1.0,0.0,1,10,1,12,49.71138953067323,0.0383537747278327,-1.5989149918021262,0.0383537747278327,0.9616462252721673,-1.2984951448130942e-05,7.934097031869975e-06,0.0012753078886382,True,0.9616462252721673,0.0383537747278327,-1.5989149918021262,1,0,0,0.0,1,1,1,1,,0,1,1,0,1,0,0,0.9232924505443345,1.5989149918021262,0.5124545,0.6052691611310195,0.54132646
2025-12-16 10:50:00,2025-12-16 11:40:00,-1,564.75,564.3,pivot,0.4500000000000455,0.1338715,0.11612850000004543,3658.0477500014313,1.0,2025-12-16,566.05,566.15,564.75,0.0,564.7,564.85,563.95,0.0,2025,0.0,0.0,0.0,0.0,0.0,0.0,0.0,0.0,0.0,0.0,0.0,0.0,0.0,0.0,0.0,1.0,1.0,1.0,1,10,1,12,161.95399796588669,0.1142747690176855,-0.9774451215117018,0.1142747690176855,0.8857252309823145,-1.2984951448130942e-05,7.934097031869975e-06,0.0012753078886382,True,0.8857252309823145,0.1142747690176855,-0.9774451215117018,1,0,0,0.0,1,1,1,1,,0,1,1,0,1,0,0,0.771450461964629,0.9774451215117018,0.5101736,0.5432502301495944,0.53417236
2025-12-17 10:55:00,2025-12-17 14:40:00,-1,566.35,568.7,pivot,-2.3500000000000227,0.1340515,-2.6840515000000225,-84547.62225000071,1.0,2025-12-17,567.55,567.7,566.15,0.0,569.95,570.1,568.65,0.0,2025,0.0,0.0,0.0,0.0,0.0,0.0,0.0,0.0,0.0,0.0,0.0,0.0,0.0,0.0,0.0,1.0,1.0,1.0,0,10,2,12,79.81497726946674,0.0536984891242472,-1.3657974582000978,0.0536984891242472,0.9463015108757528,-3.150693046227788e-05,-9.934866619720067e-06,0.0012843783777192,True,0.9463015108757528,0.0536984891242472,-1.3657974582000978,1,0,0,0.0,1,1,1,1,,0,1,1,0,1,0,0,0.8926030217515055,1.3657974582000978,0.5101736,0.5556489229600519,0.52261883
2025-12-18 10:55:00,2025-12-18 11:25:00,1,566.1,567.7,pivot,1.6000000000000227,0.134014,1.265986000000023,39878.55900000072,1.0,2025-12-18,566.9,567.6,566.1,0.0,567.8,568.0,566.8,0.0,2025,0.0,0.0,0.0,0.0,0.0,0.0,0.0,0.0,0.0,0.0,0.0,0.0,0.0,0.0,0.0,1.0,1.0,1.0,1,10,3,12,104.03806242495833,0.0679244961324773,-1.274682551229834,0.0679244961324773,0.9320755038675228,-1.802635160759388e-05,1.553141125448012e-05,0.0012584263390478,True,0.0679244961324773,0.9320755038675228,1.274682551229834,1,0,0,0.0,1,1,1,1,,0,1,1,0,1,0,0,-0.8641510077350455,1.274682551229834,0.5101736,0.5445949231376656,0.5128614
2025-12-24 10:50:00,2025-12-24 15:45:00,-1,587.35,584.8,eod,2.550000000000068,0.1351645,2.2148355000000683,69767.31825000215,1.0,2025-12-24,587.3,587.7,587.0,0.0,584.8,584.8,584.8,0.0,2025,0.0,0.0,0.0,0.0,0.0,0.0,0.0,0.0,0.0,0.0,0.0,0.0,0.0,0.0,0.0,1.0,1.0,1.0,1,10,2,12,376.97146979689,0.5790392395664777,0.131913735515591,0.5790392395664777,0.4209607604335222,-3.153416212632978e-05,1.0533676266570067e-05,0.0012110304607547,True,0.4209607604335222,0.5790392395664777,0.131913735515591,1,0,0,0.0,1,1,1,1,,0,1,1,0,1,0,0,-0.15807847913295553,0.131913735515591,0.5101736,0.5556489229600519,0.5042962
2025-12-26 10:50:00,2025-12-26 13:00:00,1,591.4,590.35,pivot,-1.0499999999999543,0.1354525,-1.3854524999999547,-43641.75374999857,1.0,2025-12-26,591.2,591.7,591.1,0.0,590.0,590.6,589.95,0.0,2025,0.0,0.0,0.0,0.0,0.0,0.0,0.0,0.0,0.0,0.0,0.0,0.0,0.0,0.0,0.0,1.0,1.0,1.0,0,10,4,12,429.4122284967477,0.4879660559241241,-0.0551732977820188,0.4879660559241241,0.5120339440758759,-5.653974266141753e-05,-1.935658255935889e-05,0.0011814590287366,True,0.4879660559241241,0.5120339440758759,0.0551732977820188,1,0,0,0.0,1,1,1,1,,0,1,1,0,1,0,0,-0.02406788815175176,0.0551732977820188,0.5101736,0.5409675104993306,0.51336575
2025-12-29 08:45:00,2025-12-29 10:40:00,1,595.6,603.45,pivot,7.850000000000023,0.1359715,7.514028500000022,236691.8977500007,1.0,2025-12-29,594.95,596.25,594.55,0.0,603.6,604.2,603.45,0.0,2025,0.0,0.0,0.0,0.0,0.0,0.0,0.0,0.0,0.0,0.0,0.0,0.0,0.0,0.0,0.0,2.0,1.0,1.0,1,8,0,12,167.3219343272729,0.1062535187753979,-1.1029572834426211,0.1062535187753979,0.8937464812246021,-7.51582538711194e-05,-2.907196167433749e-05,0.0011255329868371,True,0.1062535187753979,0.8937464812246021,1.1029572834426211,1,0,0,0.0,1,1,1,1,,0,1,0,0,1,0,0,-0.7874929624492042,1.1029572834426211,0.5101736,0.5652759212046221,0.52292526
2025-12-29 10:40:00,2025-12-29 10:55:00,1,603.45,603.6,pivot,0.1499999999999772,0.1362115,-0.18621150000002273,-5865.662250000716,1.0,2025-12-29,603.6,604.2,603.45,0.0,603.25,603.75,602.95,0.0,2025,0.0,0.0,0.0,0.0,0.0,0.0,0.0,0.0,0.0,0.0,0.0,0.0,0.0,0.0,0.0,1.0,1.0,1.0,0,10,0,12,336.84247199760983,0.2568846766010414,-0.5628522859868181,0.2568846766010414,0.7431153233989586,-7.51582538711194e-05,-2.907196167433749e-05,0.0011255329868371,True,0.2568846766010414,0.7431153233989586,0.5628522859868181,1,0,0,0.0,1,1,1,1,,0,1,1,0,1,0,0,-0.48623064679791717,0.5628522859868181,0.5101736,0.5475130349278632,0.52578527
2025-12-29 10:55:00,2025-12-29 12:40:00,1,603.6,603.95,pivot,0.3500000000000227,0.1362265,0.013773500000022733,433.86525000071606,1.0,2025-12-29,603.25,603.75,602.95,0.0,603.65,603.95,603.55,0.0,2025,0.0,0.0,0.0,0.0,0.0,0.0,0.0,0.0,0.0,0.0,0.0,0.0,0.0,0.0,0.0,1.0,1.0,1.0,1,10,0,12,406.0446868614774,0.6035815922492146,0.1730365258590308,0.6035815922492146,0.3964184077507854,-7.51582538711194e-05,-2.907196167433749e-05,0.0011255329868371,True,0.6035815922492146,0.3964184077507854,-0.1730365258590308,1,0,0,0.0,1,1,1,1,,0,1,1,0,1,0,0,0.2071631844984292,0.1730365258590308,0.5101736,0.5475130349278632,0.52890676
2025-12-30 10:55:00,2025-12-30 12:10:00,-1,608.55,607.95,pivot,0.599999999999909,0.136495,0.263504999999909,8300.407499997134,1.0,2025-12-30,609.35,609.55,608.5,0.0,608.55,608.7,607.9,0.0,2025,0.0,0.0,0.0,0.0,0.0,0.0,0.0,0.0,0.0,0.0,0.0,0.0,0.0,0.0,0.0,1.0,1.0,1.0,1,10,1,12,444.1390237567986,0.4177849229993405,-0.209255118896596,0.4177849229993405,0.5822150770006596,-6.41175631536027e-05,-1.0356140868700768e-05,0.0011283895390461,True,0.5822150770006596,0.4177849229993405,-0.209255118896596,1,0,0,0.0,1,1,1,1,,0,1,1,0,1,0,0,0.16443015400131905,0.209255118896596,0.5101736,0.5432502301495944,0.52995473
2026-01-05 10:25:00,2026-01-05 10:40:00,1,640.6,642.6,pivot,2.0,0.138496,1.6615039999999999,52337.376,1.0,2026-01-05,641.55,641.55,639.95,0.0,643.3,643.4,642.35,0.0,2026,0.0,0.0,0.0,0.0,0.0,0.0,0.0,0.0,0.0,0.0,0.0,0.0,0.0,0.0,0.0,1.0,1.0,1.0,1,10,0,1,97.67528910018368,0.917313810464096,1.3816173734539394,0.917313810464096,0.0826861895359039,-3.580610282131079e-05,1.9444745716138344e-05,0.0011166705769525,True,0.917313810464096,0.0826861895359039,-1.3816173734539394,1,0,0,0.0,1,1,1,1,,0,1,1,0,1,0,0,0.8346276209281921,1.3816173734539394,0.50995404,0.5300891209779864,0.5345881
2026-01-05 10:40:00,2026-01-05 12:50:00,1,642.6,645.2,pivot,2.6000000000000227,0.138634,2.2613660000000224,71233.02900000071,1.0,2026-01-05,643.3,643.4,642.35,0.0,644.35,645.35,643.7,0.0,2026,0.0,0.0,0.0,0.0,0.0,0.0,0.0,0.0,0.0,0.0,0.0,0.0,0.0,0.0,0.0,1.0,1.0,1.0,1,10,0,1,244.73090517148404,0.7881137882856523,0.6796517717073931,0.7881137882856523,0.2118862117143477,-3.580610282131079e-05,1.9444745716138344e-05,0.0011166705769525,True,0.7881137882856523,0.2118862117143477,-0.6796517717073931,1,0,0,0.0,1,1,1,1,,0,1,1,0,1,0,0,0.5762275765713045,0.6796517717073931,0.50995404,0.5300891209779864,0.52134347
2026-01-06 10:25:00,2026-01-06 10:35:00,1,645.65,646.65,pivot,1.0,0.138769,0.661231,20828.7765,1.0,2026-01-06,645.6,646.3,645.25,0.0,646.7,646.8,645.8,0.0,2026,0.0,0.0,0.0,0.0,0.0,0.0,0.0,0.0,0.0,0.0,0.0,0.0,0.0,0.0,0.0,1.0,1.0,1.0,1,10,1,1,12.61694456975607,0.9940865665042322,2.832204773771174,0.9940865665042322,0.0059134334957677,-2.9832719061407026e-06,5.763482270483342e-05,0.0011573666791789,True,0.9940865665042322,0.0059134334957677,-2.832204773771174,1,0,0,0.0,1,1,1,1,,0,1,1,0,1,0,0,0.9881731330084645,2.832204773771174,0.50995404,0.5258263161997178,0.50380945
2026-01-08 11:00:00,2026-01-08 11:10:00,-1,676.1,674.5,pivot,1.6000000000000227,0.140518,1.2594820000000229,39673.68300000072,1.0,2026-01-08,674.45,676.35,673.15,0.0,673.2,674.7,672.5,0.0,2026,0.0,0.0,0.0,0.0,0.0,0.0,0.0,0.0,0.0,0.0,0.0,0.0,0.0,0.0,0.0,1.0,1.0,2.0,1,11,3,1,193.26705706244147,0.1437855170964343,-0.8320972150252435,0.1437855170964343,0.8562144829035657,5.4213237143878384e-05,0.0001075968282404,0.0012841422933814,True,0.8562144829035657,0.1437855170964343,-0.8320972150252435,1,0,0,0.0,1,1,1,1,,0,1,1,0,1,0,0,0.7124289658071314,0.8320972150252435,0.50914,0.5192893515599751,0.50309336
2026-01-08 12:20:00,2026-01-08 12:25:00,1,670.45,669.75,pivot,-0.7000000000000455,0.140206,-1.0402060000000455,-32766.489000001435,1.0,2026-01-08,669.7,670.65,668.65,0.0,669.5,670.3,668.9,0.0,2026,0.0,0.0,0.0,0.0,0.0,0.0,0.0,0.0,0.0,0.0,0.0,0.0,0.0,0.0,0.0,1.0,1.0,0.0,0,12,3,1,14.450884780238653,0.0172541469907464,-2.403337533585121,0.0172541469907464,0.9827458530092535,5.4213237143878384e-05,0.0001075968282404,0.0012841422933814,True,0.0172541469907464,0.9827458530092535,2.403337533585121,1,0,0,0.0,1,1,1,1,,0,1,0,1,1,0,0,-0.9654917060185071,2.403337533585121,0.5006344,0.5098808817886125,0.5053997
2026-01-08 12:25:00,2026-01-08 13:15:00,1,669.75,668.7,pivot,-1.0499999999999543,0.1401535,-1.3901534999999545,-43789.83524999857,1.0,2026-01-08,669.5,670.3,668.9,0.0,670.75,670.85,668.7,0.0,2026,0.0,0.0,0.0,0.0,0.0,0.0,0.0,0.0,0.0,0.0,0.0,0.0,0.0,0.0,0.0,1.0,1.0,0.0,0,12,3,1,149.70701757399016,0.1164237703972032,-0.9554039643507748,0.1164237703972032,0.8835762296027968,5.4213237143878384e-05,0.0001075968282404,0.0012841422933814,True,0.1164237703972032,0.8835762296027968,0.9554039643507748,1,0,0,0.0,1,1,1,1,,0,1,0,1,1,0,0,-0.7671524592055936,0.9554039643507748,0.5006344,0.5098808817886125,0.5018977
2026-01-30 10:40:00,2026-01-30 11:10:00,-1,777.8,775.2,pivot,2.599999999999909,0.14659,2.253409999999909,70982.41499999714,1.0,2026-01-30,776.35,779.75,776.25,0.0,772.15,775.35,771.35,0.0,2026,0.0,0.0,0.0,0.0,0.0,0.0,0.0,0.0,0.0,0.0,0.0,0.0,0.0,0.0,0.0,1.0,1.0,2.0,1,10,4,1,3.5514533479531307,0.0024849067769911,-3.671763413368231,0.0024849067769911,0.9975150932230088,9.694288882383252e-05,9.29931068584617e-05,0.0016661966607159,True,0.9975150932230088,0.0024849067769911,-3.671763413368231,1,0,0,0.0,1,1,1,1,,0,1,1,0,1,0,0,0.9950301864460177,3.671763413368231,0.5197103,0.5471199301033155,0.54189324
2026-01-30 11:35:00,2026-01-30 11:50:00,-1,765.85,768.85,pivot,-3.0,0.146041,-3.346041,-105400.2915,1.0,2026-01-30,767.5,770.05,765.6,0.0,770.6,771.4,768.85,0.0,2026,0.0,0.0,0.0,0.0,0.0,0.0,0.0,0.0,0.0,0.0,0.0,0.0,0.0,0.0,0.0,1.0,0.0,0.0,0,11,4,1,242.53138018457403,0.28096836354698,-0.4474903026399641,0.28096836354698,0.7190316364530199,9.694288882383252e-05,9.29931068584617e-05,0.0016661966607159,True,0.7190316364530199,0.28096836354698,-0.4474903026399641,1,0,0,0.0,1,1,1,1,,0,1,1,0,0,1,0,0.4380632729060399,0.4474903026399641,0.51689315,0.7543310383411811,0.5699817
2026-01-30 11:50:00,2026-01-30 12:40:00,1,768.85,769.1,pivot,0.25,0.1461385,-0.09613849999999999,-3028.36275,1.0,2026-01-30,770.6,771.4,768.85,0.0,770.9,771.3,768.7,0.0,2026,0.0,0.0,0.0,0.0,0.0,0.0,0.0,0.0,0.0,0.0,0.0,0.0,0.0,0.0,0.0,1.0,1.0,0.0,0,11,4,1,313.98004135706657,0.5104269169153717,0.0222642717605562,0.5104269169153717,0.4895730830846283,9.694288882383252e-05,9.29931068584617e-05,0.0016661966607159,True,0.5104269169153717,0.4895730830846283,-0.0222642717605562,1,0,0,0.0,1,1,1,1,,0,1,1,0,1,0,0,0.02085383383074335,0.0222642717605562,0.5006344,0.5456247809623225,0.5596783
2026-01-30 15:25:00,2026-01-30 15:30:00,1,771.2,768.5,pivot,-2.700000000000045,0.146191,-3.046191000000045,-95955.01650000142,1.0,2026-01-30,768.5,771.75,768.05,0.0,772.15,772.4,768.4,0.0,2026,0.0,0.0,0.0,0.0,0.0,0.0,0.0,0.0,0.0,0.0,0.0,0.0,0.0,0.0,0.0,1.0,1.0,0.0,0,15,4,1,66.01367654067172,0.0786425298951832,-1.2999278740400162,0.0786425298951832,0.9213574701048168,9.694288882383252e-05,9.29931068584617e-05,0.0016661966607159,True,0.0786425298951832,0.9213574701048168,1.2999278740400162,1,0,0,0.0,1,1,1,1,,0,1,0,0,1,0,0,-0.8427149402096337,1.2999278740400162,0.5033306,0.5252038667227642,0.5307323
2026-02-02 10:25:00,2026-02-02 10:35:00,1,757.15,752.7,pivot,-4.449999999999932,0.1452955,-4.7952954999999315,-151051.80824999785,1.0,2026-02-02,757.05,759.25,756.8,0.0,753.35,754.85,752.7,0.0,2026,0.0,0.0,0.0,0.0,0.0,0.0,0.0,0.0,0.0,0.0,0.0,0.0,0.0,0.0,0.0,1.0,1.0,1.0,0,10,0,2,33.66545969091481,0.050757853804758,-1.684479447687817,0.050757853804758,0.949242146195242,0.0001007121706138,9.737198092581386e-05,0.0017803619361277,True,0.050757853804758,0.949242146195242,1.684479447687817,1,0,0,0.0,1,1,1,1,,0,1,1,0,1,0,0,-0.8984842923904841,1.684479447687817,0.50995404,0.5226119967949799,0.50229114
2026-02-10 08:45:00,2026-02-10 10:30:00,1,783.8,783.3,pivot,-0.5,0.147013,-0.847013,-26680.9095,1.0,2026-02-10,786.6,787.2,783.8,0.0,780.65,783.35,780.45,0.0,2026,0.0,0.0,0.0,0.0,0.0,0.0,0.0,0.0,0.0,0.0,0.0,0.0,0.0,0.0,0.0,1.0,1.0,1.0,0,8,1,2,11.35240933143216,0.9835090730591196,2.54142393680498,0.9835090730591196,0.0164909269408805,1.7025104278082833e-05,4.792926405489832e-05,0.0022467230158929,True,0.9835090730591196,0.0164909269408805,-2.54142393680498,1,0,0,0.0,1,1,1,1,,0,1,0,0,1,0,0,0.9670181461182391,2.54142393680498,0.50995404,0.5127522255285921,0.5020677
2026-02-10 10:30:00,2026-02-10 11:15:00,-1,783.3,786.25,pivot,-2.950000000000045,0.1470865,-3.2970865000000456,-103858.22475000143,1.0,2026-02-10,780.65,783.35,780.45,0.0,785.7,786.5,784.8,0.0,2026,0.0,0.0,0.0,0.0,0.0,0.0,0.0,0.0,0.0,0.0,0.0,0.0,0.0,0.0,0.0,1.0,1.0,1.0,0,10,1,2,40.78849714724216,0.0623188272736533,-1.5812222972100645,0.0623188272736533,0.9376811727263468,1.7025104278082833e-05,4.792926405489832e-05,0.0022467230158929,True,0.9376811727263468,0.0623188272736533,-1.5812222972100645,1,0,0,0.0,1,1,1,1,,0,1,1,0,1,0,0,0.8753623454526934,1.5812222972100645,0.50995404,0.5183491920167113,0.5147264
2026-02-11 11:10:00,2026-02-11 11:15:00,1,785.0,786.55,pivot,1.5499999999999543,0.1471465,1.2028534999999545,37889.885249998566,1.0,2026-02-11,786.5,786.9,784.7,0.0,787.7,787.75,786.55,0.0,2026,0.0,0.0,0.0,0.0,0.0,0.0,0.0,0.0,0.0,0.0,0.0,0.0,0.0,0.0,0.0,1.0,1.0,2.0,1,11,2,2,210.118504719568,0.4318995675382812,-0.1658109928331805,0.4318995675382812,0.5681004324617187,3.294457998021018e-06,6.078897403444141e-05,0.0022868769244645,True,0.4318995675382812,0.5681004324617187,0.1658109928331805,1,0,0,0.0,1,1,1,1,,0,1,1,0,1,0,0,-0.13620086492343753,0.1658109928331805,0.50914,0.5124193333359032,0.52112794
2026-02-25 10:30:00,2026-02-25 10:55:00,1,901.4,904.5,pivot,3.1000000000000227,0.154177,2.7458230000000228,86493.42450000072,1.0,2026-02-25,901.6,902.9,900.45,0.0,904.45,904.9,903.6,0.0,2026,0.0,0.0,0.0,0.0,0.0,0.0,0.0,0.0,0.0,0.0,0.0,0.0,0.0,0.0,0.0,1.0,1.0,1.0,1,10,2,2,64.41025429842529,0.9056054633472388,1.2395904948819616,0.9056054633472388,0.0943945366527613,4.09189468597085e-05,0.0001141613583912,0.0020139260734431,True,0.9056054633472388,0.0943945366527613,-1.2395904948819616,1,0,0,0.0,1,1,1,1,,0,1,1,0,1,0,0,0.8112109266944775,1.2395904948819616,0.50995404,0.5183491920167113,0.51007473
2026-02-25 10:55:00,2026-02-25 12:20:00,1,904.5,908.5,pivot,4.0,0.15439,3.64561,114836.715,1.0,2026-02-25,904.45,904.9,903.6,0.0,906.4,909.05,906.35,0.0,2026,0.0,0.0,0.0,0.0,0.0,0.0,0.0,0.0,0.0,0.0,0.0,0.0,0.0,0.0,0.0,1.0,1.0,2.0,1,10,2,2,243.7146723741542,0.421913470629664,-0.1939092859677799,0.421913470629664,0.578086529370336,4.09189468597085e-05,0.0001141613583912,0.0020139260734431,True,0.421913470629664,0.578086529370336,0.1939092859677799,1,0,0,0.0,1,1,1,1,,0,1,1,0,1,0,0,-0.156173058740672,0.1939092859677799,0.5197103,0.5492052433992036,0.51464784
2026-02-26 08:45:00,2026-02-26 10:25:00,-1,915.75,921.9,pivot,-6.149999999999977,0.1551295,-6.505129499999978,-204911.57924999928,1.0,2026-02-26,910.65,916.5,910.3,0.0,918.2,922.55,918.1,0.0,2026,0.0,0.0,0.0,0.0,0.0,0.0,0.0,0.0,0.0,0.0,0.0,0.0,0.0,0.0,0.0,1.0,1.0,1.0,0,8,3,2,254.65043715002255,0.5448298768895687,0.0663156056658415,0.5448298768895687,0.4551701231104312,4.622988111687064e-05,9.20631171573606e-05,0.0019361270433726,True,0.4551701231104312,0.5448298768895687,0.0663156056658415,1,0,0,0.0,1,1,1,1,,0,1,0,0,1,0,0,-0.08965975377913754,0.0663156056658415,0.50995404,0.510922915540132,0.5137148
2026-02-26 10:25:00,2026-02-26 10:30:00,1,921.9,918.2,pivot,-3.699999999999932,0.155203,-4.055202999999932,-127738.89449999786,1.0,2026-02-26,918.2,922.55,918.1,0.0,921.65,922.3,916.95,0.0,2026,0.0,0.0,0.0,0.0,0.0,0.0,0.0,0.0,0.0,0.0,0.0,0.0,0.0,0.0,0.0,1.0,1.0,1.0,0,10,3,2,41.516490699394105,0.0561673211223527,-1.558015976823096,0.0561673211223527,0.9438326788776472,4.622988111687064e-05,9.20631171573606e-05,0.0019361270433726,True,0.0561673211223527,0.9438326788776472,1.558015976823096,1,0,0,0.0,1,1,1,1,,0,1,1,0,1,0,0,-0.8876653577552945,1.558015976823096,0.50995404,0.514750732550002,0.5296078
2026-02-26 10:30:00,2026-02-26 11:05:00,-1,918.2,926.5,pivot,-8.299999999999955,0.155341,-8.655340999999954,-272643.24149999855,1.0,2026-02-26,921.65,922.3,916.95,0.0,927.7,927.75,926.2,0.0,2026,0.0,0.0,0.0,0.0,0.0,0.0,0.0,0.0,0.0,0.0,0.0,0.0,0.0,0.0,0.0,1.0,1.0,2.0,0,10,3,2,23.29959831444612,0.022741493144077,-2.1246483388913937,0.022741493144077,0.977258506855923,4.622988111687064e-05,9.20631171573606e-05,0.0019361270433726,True,0.977258506855923,0.022741493144077,-2.1246483388913937,1,0,0,0.0,1,1,1,1,,0,1,1,0,1,0,0,0.9545170137118459,2.1246483388913937,0.5197103,0.5456067839324945,0.5211483
2026-02-27 10:30:00,2026-02-27 10:35:00,-1,922.1,922.95,pivot,-0.8500000000000227,0.1553515,-1.205351500000023,-37968.572250000725,1.0,2026-02-27,923.0,924.45,920.95,0.0,920.7,924.85,920.4,0.0,2026,0.0,0.0,0.0,0.0,0.0,0.0,0.0,0.0,0.0,0.0,0.0,0.0,0.0,0.0,0.0,1.0,1.0,1.0,0,10,4,2,44.19984781902467,0.0553916433713359,-1.5661813346502056,0.0553916433713359,0.944608356628664,7.232547731103866e-05,0.0001134584413476,0.0019046684854739,True,0.944608356628664,0.0553916433713359,-1.5661813346502056,1,0,0,0.0,1,1,1,1,,0,1,1,0,1,0,0,0.8892167132573281,1.5661813346502056,0.50995404,0.5087867545378166,0.50685227
2026-03-19 14:35:00,2026-03-19 15:05:00,1,861.5,862.8,pivot,1.2999999999999543,0.151729,0.9482709999999546,29870.53649999857,1.0,2026-03-19,861.3,862.15,860.4,0.0,863.1,864.05,862.65,0.0,2026,0.0,0.0,0.0,0.0,0.0,0.0,0.0,0.0,0.0,0.0,0.0,0.0,0.0,0.0,0.0,1.0,1.0,0.0,1,14,3,3,68.0344135844455,0.1697725405594679,-0.7254031082829386,0.1697725405594679,0.8302274594405321,-4.362876170034171e-05,-5.957654235728298e-05,0.0040717990884096,True,0.1697725405594679,0.8302274594405321,0.7254031082829386,1,0,0,0.0,1,1,1,1,,0,1,0,1,1,0,0,-0.6604549188810642,0.7254031082829386,0.50965536,0.5304863499578449,0.5212137
2026-03-20 10:35:00,2026-03-20 12:45:00,1,871.0,866.85,pivot,-4.149999999999977,0.1521355,-4.502135499999977,-141817.2682499993,1.0,2026-03-20,873.25,873.4,870.55,0.0,867.7,867.9,866.5,0.0,2026,0.0,0.0,0.0,0.0,0.0,0.0,0.0,0.0,0.0,0.0,0.0,0.0,0.0,0.0,0.0,1.0,1.0,1.0,0,10,4,3,46.27469354979954,0.8975043480147182,0.9184777136106888,0.8975043480147182,0.1024956519852817,-4.362876170034171e-05,-5.957654235728298e-05,0.0040717990884096,True,0.8975043480147182,0.1024956519852817,-0.9184777136106888,1,0,0,0.0,1,1,1,1,,0,1,1,0,1,0,0,0.7950086960294366,0.9184777136106888,0.50995404,0.5087867545378166,0.5338489
2026-03-23 10:35:00,2026-03-23 11:25:00,1,815.15,818.6,pivot,3.450000000000045,0.1490125,3.1009875000000457,97681.10625000144,1.0,2026-03-23,819.65,819.65,812.9,0.0,816.05,820.4,815.8,0.0,2026,0.0,0.0,0.0,0.0,0.0,0.0,0.0,0.0,0.0,0.0,0.0,0.0,0.0,0.0,0.0,1.0,1.0,1.0,1,10,0,3,144.1024723262544,0.6791054066853025,0.293565022422866,0.6791054066853025,0.3208945933146975,2.4772389239071956e-05,-9.6282937639635e-07,0.003975271208801,True,0.6791054066853025,0.3208945933146975,-0.293565022422866,1,0,0,0.0,1,1,1,1,,0,1,1,0,1,0,0,0.358210813370605,0.293565022422866,0.50995404,0.5226119967949799,0.51059604
2026-03-24 08:45:00,2026-03-24 10:30:00,1,844.65,821.4,pivot,-23.25,0.1499815,-23.5999815,-743399.4172499999,1.0,2026-03-24,844.4,846.7,841.05,0.0,818.95,821.45,816.6,0.0,2026,0.0,0.0,0.0,0.0,0.0,0.0,0.0,0.0,0.0,0.0,0.0,0.0,0.0,0.0,0.0,2.0,2.0,2.0,0,8,1,3,132.01063448525912,0.7745837196865746,0.5784578176476909,0.7745837196865746,0.2254162803134254,6.234427881300911e-05,2.735530825632224e-05,0.0028542636036473,True,0.7745837196865746,0.2254162803134254,-0.5784578176476909,1,0,0,0.0,1,1,1,1,,0,1,0,0,0,0,0,0.5491674393731492,0.5784578176476909,0.5264262,0.6145432976387112,0.501453
2026-03-24 12:30:00,2026-03-24 13:25:00,-1,825.85,823.65,pivot,2.200000000000045,0.149485,1.8505150000000457,58291.22250000144,1.0,2026-03-24,821.45,826.05,821.0,0.0,823.1,824.55,822.2,0.0,2026,0.0,0.0,0.0,0.0,0.0,0.0,0.0,0.0,0.0,0.0,0.0,0.0,0.0,0.0,0.0,1.0,1.0,2.0,1,12,1,3,103.0158125009643,0.8263161075999301,0.7335669096485622,0.8263161075999301,0.1736838924000698,6.234427881300911e-05,2.735530825632224e-05,0.0028542636036473,True,0.1736838924000698,0.8263161075999301,0.7335669096485622,1,0,0,0.0,1,1,1,1,,0,1,0,1,1,0,0,-0.6526322151998604,0.7335669096485622,0.50914,0.5140584518218951,0.5233538
2026-03-25 10:30:00,2026-03-25 10:35:00,-1,857.05,857.45,pivot,-0.4000000000000909,0.151435,-0.7514350000000909,-23670.202500002863,1.0,2026-03-25,857.4,858.7,855.8,0.0,858.25,859.95,856.75,0.0,2026,0.0,0.0,0.0,0.0,0.0,0.0,0.0,0.0,0.0,0.0,0.0,0.0,0.0,0.0,0.0,1.0,1.0,2.0,0,10,2,3,105.76690741994976,0.2112599246918328,-0.6954805826424477,0.2112599246918328,0.7887400753081671,4.319268734129993e-05,1.4006358858775672e-05,0.0026180412930792,True,0.7887400753081671,0.2112599246918328,-0.6954805826424477,1,0,0,0.0,1,1,1,1,,0,1,1,0,1,0,0,0.5774801506163343,0.6954805826424477,0.5197103,0.5492052433992036,0.53770185
2026-03-25 10:35:00,2026-03-25 11:05:00,-1,857.45,852.8,pivot,4.650000000000091,0.1513075,4.298692500000091,135408.81375000288,1.0,2026-03-25,858.25,859.95,856.75,0.0,850.25,853.25,850.15,0.0,2026,0.0,0.0,0.0,0.0,0.0,0.0,0.0,0.0,0.0,0.0,0.0,0.0,0.0,0.0,0.0,1.0,1.0,2.0,1,10,2,3,191.43045775653505,0.5589519425025122,0.1283210853354179,0.5589519425025122,0.4410480574974877,4.319268734129993e-05,1.4006358858775672e-05,0.0026180412930792,True,0.4410480574974877,0.5589519425025122,0.1283210853354179,1,0,0,0.0,1,1,1,1,,0,1,1,0,1,0,0,-0.11790388500502452,0.1283210853354179,0.5197103,0.5492052433992036,0.54744935
2026-03-25 12:15:00,2026-03-25 12:50:00,1,843.0,842.6,pivot,-0.3999999999999772,0.150568,-0.7505679999999773,-23642.891999999283,1.0,2026-03-25,843.75,844.55,841.2,0.0,845.25,845.95,842.55,0.0,2026,0.0,0.0,0.0,0.0,0.0,0.0,0.0,0.0,0.0,0.0,0.0,0.0,0.0,0.0,0.0,1.0,1.0,0.0,0,12,2,3,65.12418563523933,0.1049361515363836,-1.181671695141053,0.1049361515363836,0.8950638484636164,4.319268734129993e-05,1.4006358858775672e-05,0.0026180412930792,True,0.1049361515363836,0.8950638484636164,1.181671695141053,1,0,0,0.0,1,1,1,1,,0,1,0,1,1,0,0,-0.7901276969272328,1.181671695141053,0.50965536,0.5449201879556332,0.5618914
2026-03-26 10:30:00,2026-03-26 10:45:00,-1,824.9,823.8,pivot,1.1000000000000227,0.149461,0.7505390000000229,23641.97850000072,1.0,2026-03-26,825.85,826.95,824.5,0.0,823.5,824.7,823.5,0.0,2026,0.0,0.0,0.0,0.0,0.0,0.0,0.0,0.0,0.0,0.0,0.0,0.0,0.0,0.0,0.0,1.0,1.0,1.0,1,10,3,3,202.03006800443407,0.5981464006720111,0.2267489509472686,0.5981464006720111,0.4018535993279889,6.456263984986684e-05,1.358357888144736e-05,0.0023464402225266,True,0.4018535993279889,0.5981464006720111,0.2267489509472686,1,0,0,0.0,1,1,1,1,,0,1,1,0,1,0,0,-0.19629280134402216,0.2267489509472686,0.50995404,0.514750732550002,0.54684156
2026-03-26 10:45:00,2026-03-26 11:10:00,1,823.8,820.7,pivot,-3.099999999999909,0.149335,-3.4493349999999086,-108654.05249999712,1.0,2026-03-26,823.5,824.7,823.5,0.0,817.95,820.75,817.65,0.0,2026,0.0,0.0,0.0,0.0,0.0,0.0,0.0,0.0,0.0,0.0,0.0,0.0,0.0,0.0,0.0,1.0,1.0,1.0,0,10,3,3,105.41204903518172,0.1936486859832757,-0.7810332653680802,0.1936486859832757,0.8063513140167242,6.456263984986684e-05,1.358357888144736e-05,0.0023464402225266,True,0.1936486859832757,0.8063513140167242,0.7810332653680802,1,0,0,0.0,1,1,1,1,,0,1,1,0,1,0,0,-0.6127026280334485,0.7810332653680802,0.50995404,0.514750732550002,0.53923845
2026-03-26 11:10:00,2026-03-26 12:10:00,1,820.7,811.15,pivot,-9.550000000000068,0.1489555,-9.898955500000067,-311817.09825000213,1.0,2026-03-26,817.95,820.75,817.65,0.0,814.1,814.55,810.85,0.0,2026,0.0,0.0,0.0,0.0,0.0,0.0,0.0,0.0,0.0,0.0,0.0,0.0,0.0,0.0,0.0,1.0,1.0,0.0,0,11,3,3,60.00708624724722,0.081296123866083,-1.379594716245531,0.081296123866083,0.918703876133917,6.456263984986684e-05,1.358357888144736e-05,0.0023464402225266,True,0.081296123866083,0.918703876133917,1.379594716245531,1,0,0,0.0,1,1,1,1,,0,1,1,0,1,0,0,-0.837407752267834,1.379594716245531,0.50965536,0.561389827236729,0.5334119
2026-03-26 12:10:00,2026-03-26 12:35:00,1,811.15,819.55,pivot,8.399999999999977,0.148921,8.051078999999978,253608.9884999993,1.0,2026-03-26,814.1,814.55,810.85,0.0,821.6,821.75,818.75,0.0,2026,0.0,0.0,0.0,0.0,0.0,0.0,0.0,0.0,0.0,0.0,0.0,0.0,0.0,0.0,0.0,1.0,1.0,0.0,1,12,3,3,134.88724983595975,0.249635298922181,-0.5833009448657724,0.249635298922181,0.7503647010778189,6.456263984986684e-05,1.358357888144736e-05,0.0023464402225266,True,0.249635298922181,0.7503647010778189,0.5833009448657724,1,0,0,0.0,1,1,1,1,,0,1,0,1,1,0,0,-0.5007294021556379,0.5833009448657724,0.50965536,0.5302043622935597,0.5070429
2026-03-27 10:25:00,2026-03-27 11:00:00,1,785.5,787.45,pivot,1.9500000000000453,0.1471885,1.6028115000000458,50488.56225000144,1.0,2026-03-27,787.6,787.6,784.35,0.0,789.75,790.6,787.25,0.0,2026,0.0,0.0,0.0,0.0,0.0,0.0,0.0,0.0,0.0,0.0,0.0,0.0,0.0,0.0,0.0,1.0,1.0,1.0,1,10,4,3,141.11912207870898,0.8066415484192845,0.7644844740186935,0.8066415484192845,0.1933584515807155,3.5517031336000545e-05,-2.8263363767838043e-05,0.0022040314526094,True,0.8066415484192845,0.1933584515807155,-0.7644844740186935,1,0,0,0.0,1,1,1,1,,0,1,1,0,1,0,0,0.613283096838569,0.7644844740186935,0.50995404,0.5087867545378166,0.50693536
2026-03-31 10:25:00,2026-03-31 10:30:00,1,760.6,763.05,pivot,2.449999999999932,0.1457095,2.1042904999999315,66285.15074999785,1.0,2026-03-31,763.2,763.35,759.6,0.0,767.55,767.85,762.0,0.0,2026,0.0,0.0,0.0,0.0,0.0,0.0,0.0,0.0,0.0,0.0,0.0,0.0,0.0,0.0,0.0,1.0,1.0,2.0,1,10,1,3,19.528699419563097,0.975375436895026,2.09652239193368,0.975375436895026,0.0246245631049738,4.394298000155705e-05,2.659727662597992e-05,0.00218726645893,True,0.975375436895026,0.0246245631049738,-2.09652239193368,1,0,0,0.0,1,1,1,1,,0,1,1,0,1,0,0,0.9507508737900522,2.09652239193368,0.5197103,0.5492052433992036,0.5277797
2026-03-31 10:30:00,2026-03-31 11:00:00,1,763.05,771.9,pivot,8.850000000000023,0.1460485,8.503951500000024,267874.47225000075,1.0,2026-03-31,767.55,767.85,762.0,0.0,769.1,772.05,768.25,0.0,2026,0.0,0.0,0.0,0.0,0.0,0.0,0.0,0.0,0.0,0.0,0.0,0.0,0.0,0.0,0.0,1.0,2.0,2.0,1,10,1,3,41.4913245738242,0.9399903060534612,1.5480177778375497,0.9399903060534612,0.0600096939465386,4.394298000155705e-05,2.659727662597992e-05,0.00218726645893,True,0.9399903060534612,0.0600096939465386,-1.5480177778375497,1,0,0,0.0,1,1,1,1,,0,1,1,0,0,0,0,0.8799806121069227,1.5480177778375497,0.5197103,0.583885305632105,0.5384482
2026-03-31 11:00:00,2026-03-31 11:30:00,1,771.9,766.25,pivot,-5.649999999999977,0.1461445,-5.996144499999978,-188878.5517499993,1.0,2026-03-31,769.1,772.05,768.25,0.0,765.05,766.7,764.5,0.0,2026,0.0,0.0,0.0,0.0,0.0,0.0,0.0,0.0,0.0,0.0,0.0,0.0,0.0,0.0,0.0,1.0,1.0,2.0,0,11,1,3,41.46694754009384,0.0459153840365357,-1.6674753282377974,0.0459153840365357,0.9540846159634644,4.394298000155705e-05,2.659727662597992e-05,0.00218726645893,True,0.0459153840365357,0.9540846159634644,1.6674753282377974,1,0,0,0.0,1,1,1,1,,0,1,1,0,1,0,0,-0.9081692319269287,1.6674753282377974,0.50914,0.5126744110500857,0.5702929
2026-03-31 12:40:00,2026-03-31 13:30:00,-1,758.7,754.2,pivot,4.5,0.145387,4.1546129999999994,130870.30949999997,1.0,2026-03-31,756.6,759.45,756.2,0.0,756.55,757.25,754.2,0.0,2026,0.0,0.0,0.0,0.0,0.0,0.0,0.0,0.0,0.0,0.0,0.0,0.0,0.0,0.0,0.0,1.0,0.0,0.0,1,12,1,3,125.2419733482996,0.2098796926358894,-0.727819263384928,0.2098796926358894,0.7901203073641105,2.5167509040002263e-05,2.0819538106345224e-05,0.0022907275841642,True,0.7901203073641105,0.2098796926358894,-0.727819263384928,1,0,0,0.0,1,1,1,1,,0,1,0,1,0,1,0,0.5802406147282211,0.727819263384928,0.5425894,0.7806436716173284,0.578472
2026-03-31 13:30:00,2026-03-31 13:55:00,1,754.2,752.6,pivot,-1.6000000000000227,0.145204,-1.9452040000000228,-61273.92600000072,1.0,2026-03-31,756.55,757.25,754.2,0.0,752.5,752.95,751.15,0.0,2026,0.0,0.0,0.0,0.0,0.0,0.0,0.0,0.0,0.0,0.0,0.0,0.0,0.0,0.0,0.0,1.0,1.0,0.0,0,13,1,3,200.9749072689428,0.4815894614343778,-0.0380284210231819,0.4815894614343778,0.5184105385656221,2.5167509040002263e-05,2.0819538106345224e-05,0.0022907275841642,True,0.4815894614343778,0.5184105385656221,0.0380284210231819,1,0,0,0.0,1,1,1,1,,0,1,0,1,1,0,0,-0.03682107713124433,0.0380284210231819,0.50965536,0.5461026325561957,0.6048156
2026-03-31 13:55:00,2026-03-31 14:10:00,-1,752.6,753.1,pivot,-0.5,0.145171,-0.845171,-26622.8865,1.0,2026-03-31,752.5,752.95,751.15,0.0,750.0,753.95,750.0,0.0,2026,0.0,0.0,0.0,0.0,0.0,0.0,0.0,0.0,0.0,0.0,0.0,0.0,0.0,0.0,0.0,1.0,1.0,0.0,0,13,1,3,128.73544475195254,0.2166966892417068,-0.704543162477237,0.2166966892417068,0.7833033107582932,2.5167509040002263e-05,2.0819538106345224e-05,0.0022907275841642,True,0.7833033107582932,0.2166966892417068,-0.704543162477237,1,0,0,0.0,1,1,1,1,,0,1,0,1,1,0,0,0.5666066215165864,0.704543162477237,0.50965536,0.5461026325561957,0.59265435
2026-03-31 14:10:00,2026-03-31 14:40:00,-1,753.1,755.0,pivot,-1.8999999999999773,0.145243,-2.2452429999999772,-70725.15449999928,1.0,2026-03-31,750.0,753.95,750.0,0.0,755.55,755.8,753.7,0.0,2026,0.0,0.0,0.0,0.0,0.0,0.0,0.0,0.0,0.0,0.0,0.0,0.0,0.0,0.0,0.0,1.0,1.0,0.0,0,14,1,3,133.1870976989779,0.225543773110342,-0.6752342422549188,0.225543773110342,0.774456226889658,2.5167509040002263e-05,2.0819538106345224e-05,0.0022907275841642,True,0.774456226889658,0.225543773110342,-0.6752342422549188,1,0,0,0.0,1,1,1,1,,0,1,0,1,1,0,0,0.548912453779316,0.6752342422549188,0.50965536,0.5422462425693709,0.5721562
2026-03-31 15:10:00,2026-03-31 15:20:00,1,747.85,747.2,pivot,-0.6499999999999773,0.1448515,-0.9948514999999772,-31337.822249999284,1.0,2026-03-31,746.55,748.25,746.2,0.0,749.4,749.4,746.2,0.0,2026,0.0,0.0,0.0,0.0,0.0,0.0,0.0,0.0,0.0,0.0,0.0,0.0,0.0,0.0,0.0,1.0,1.0,0.0,0,15,1,3,28.472457960246132,0.0367146374049111,-1.7858446228565614,0.0367146374049111,0.9632853625950888,2.5167509040002263e-05,2.0819538106345224e-05,0.0022907275841642,True,0.0367146374049111,0.9632853625950888,1.7858446228565614,1,0,0,0.0,1,1,1,1,,0,1,0,0,1,0,0,-0.9265707251901777,1.7858446228565614,0.5053966,0.5537654049174157,0.54871523
2026-04-01 10:30:00,2026-04-01 11:40:00,1,799.6,801.85,pivot,2.25,0.1480435,1.9019565000000003,59911.62975000001,1.0,2026-04-01,799.2,800.85,798.5,0.0,802.9,803.3,801.5,0.0,2026,0.0,0.0,0.0,0.0,0.0,0.0,0.0,0.0,0.0,0.0,0.0,0.0,0.0,0.0,0.0,1.0,1.0,1.0,1,10,2,4,41.73448428914075,0.9363140909230512,1.4947704907129902,0.9363140909230512,0.0636859090769489,2.5167509040002263e-05,2.0819538106345224e-05,0.0022907275841642,True,0.9363140909230512,0.0636859090769489,-1.4947704907129902,1,0,0,0.0,1,1,1,1,,0,1,1,0,1,0,0,0.8726281818461022,1.4947704907129902,0.50995404,0.5183491920167113,0.51771396
2026-04-07 10:40:00,2026-04-07 11:15:00,-1,821.1,813.9,pivot,7.2000000000000455,0.14905,6.850950000000045,215804.92500000144,1.0,2026-04-07,821.4,822.3,820.55,0.0,816.9,817.0,813.6,0.0,2026,0.0,0.0,0.0,0.0,0.0,0.0,0.0,0.0,0.0,0.0,0.0,0.0,0.0,0.0,0.0,1.0,0.0,0.0,1,10,1,4,16.572796369028335,0.0301197591371892,-1.8864992550111943,0.0301197591371892,0.9698802408628108,-2.569941965064035e-05,-5.827751225468719e-05,0.0026411757774519,True,0.9698802408628108,0.0301197591371892,-1.8864992550111943,1,0,0,0.0,1,1,1,1,,0,1,1,0,0,1,0,0.9397604817256215,1.8864992550111943,0.5299424,0.7763436742449398,0.5107567
2026-04-07 11:15:00,2026-04-07 11:40:00,-1,813.9,819.0,pivot,-5.100000000000023,0.148987,-5.448987000000023,-171643.09050000072,1.0,2026-04-07,816.9,817.0,813.6,0.0,819.75,820.2,817.9,0.0,2026,0.0,0.0,0.0,0.0,0.0,0.0,0.0,0.0,0.0,0.0,0.0,0.0,0.0,0.0,0.0,1.0,1.0,0.0,0,11,1,4,60.00127012596111,0.0968675078536857,-1.1799181683435307,0.0968675078536857,0.9031324921463142,-6.604859018916924e-05,-8.353068292402725e-05,0.0026846834085399,True,0.9031324921463142,0.0968675078536857,-1.1799181683435307,1,0,0,0.0,1,1,1,1,,0,1,1,0,1,0,0,0.8062649842926285,1.1799181683435307,0.50965536,0.5754700979075468,0.51115584
2026-05-13 12:00:00,2026-05-13 12:25:00,-1,1200.65,1204.95,pivot,-4.2999999999999545,0.172168,-4.672167999999954,-147173.29199999856,1.0,2026-05-13,1201.75,1203.55,1198.3,0.0,1204.3,1205.45,1203.35,0.0,2026,0.0,0.0,0.0,0.0,0.0,0.0,0.0,0.0,0.0,0.0,0.0,0.0,0.0,0.0,0.0,1.0,1.0,2.0,0,12,2,5,224.8496594568039,0.2894073400090728,-0.2923972459980297,0.2894073400090728,0.7105926599909271,2.838537928552485e-05,5.837513640999434e-06,0.0024398966846901,True,0.7105926599909271,0.2894073400090728,-0.2923972459980297,1,0,0,0.0,1,1,1,1,,0,1,0,1,1,0,0,0.4211853199818543,0.2923972459980297,0.50914,0.5011025591996634,0.52365667
2026-05-13 12:50:00,2026-05-13 13:45:00,1,1209.35,1214.5,pivot,5.150000000000091,0.1727155,4.777284500000091,150484.46175000287,1.0,2026-05-13,1209.25,1209.7,1206.7,0.0,1215.35,1216.0,1212.35,0.0,2026,0.0,0.0,0.0,0.0,0.0,0.0,0.0,0.0,0.0,0.0,0.0,0.0,0.0,0.0,0.0,1.0,1.0,2.0,1,12,2,5,241.79438822675397,0.3101122777884037,-0.2565231696949032,0.3101122777884037,0.6898877222115962,2.838537928552485e-05,5.837513640999434e-06,0.0024398966846901,True,0.3101122777884037,0.6898877222115962,0.2565231696949032,1,0,0,0.0,1,1,1,1,,0,1,0,1,1,0,0,-0.3797754444231925,0.2565231696949032,0.50914,0.5011025591996634,0.5629885
2026-05-14 10:25:00,2026-05-14 10:30:00,1,1242.35,1245.45,pivot,3.1000000000001364,0.174634,2.7253660000001356,85849.02900000427,1.0,2026-05-14,1245.35,1245.45,1241.15,0.0,1245.9,1247.7,1244.4,0.0,2026,0.0,0.0,0.0,0.0,0.0,0.0,0.0,0.0,0.0,0.0,0.0,0.0,0.0,0.0,0.0,1.0,1.0,2.0,1,10,3,5,34.136989523628074,0.945229717514188,1.30299931148633,0.945229717514188,0.0547702824858119,6.91733420361602e-05,7.234849411585421e-05,0.0025746205037867,True,0.945229717514188,0.0547702824858119,-1.30299931148633,1,0,0,0.0,1,1,1,1,,0,1,1,0,1,0,0,0.8904594350283761,1.30299931148633,0.5173392,0.5345218315289455,0.59734654
2026-05-14 10:30:00,2026-05-14 10:50:00,1,1245.45,1241.35,pivot,-4.100000000000136,0.174604,-4.474604000000137,-140950.02600000432,1.0,2026-05-14,1245.9,1247.7,1244.4,0.0,1236.85,1242.55,1236.75,0.0,2026,0.0,0.0,0.0,0.0,0.0,0.0,0.0,0.0,0.0,0.0,0.0,0.0,0.0,0.0,0.0,1.0,1.0,2.0,0,10,3,5,74.75362199105528,0.8959351879687563,0.9399501435676778,0.8959351879687563,0.1040648120312437,6.91733420361602e-05,7.234849411585421e-05,0.0025746205037867,True,0.8959351879687563,0.1040648120312437,-0.9399501435676778,1,0,0,0.0,1,1,1,1,,0,1,1,0,1,0,0,0.7918703759375125,0.9399501435676778,0.5173392,0.5345218315289455,0.5984373
2026-05-14 10:50:00,2026-05-14 11:15:00,-1,1241.35,1234.3,pivot,7.0499999999999545,0.1742695,6.675730499999954,210285.51074999856,1.0,2026-05-14,1236.85,1242.55,1236.75,0.0,1232.75,1235.65,1232.55,0.0,2026,0.0,0.0,0.0,0.0,0.0,0.0,0.0,0.0,0.0,0.0,0.0,0.0,0.0,0.0,0.0,1.0,1.0,1.0,1,10,3,5,73.27006528033003,0.1207915973900355,-0.8095719889347013,0.1207915973900355,0.8792084026099645,6.91733420361602e-05,7.234849411585421e-05,0.0025746205037867,True,0.8792084026099645,0.1207915973900355,-0.8095719889347013,1,0,0,0.0,1,1,1,1,,0,1,1,0,1,0,0,0.7584168052199289,0.8095719889347013,0.5075804,0.5106550274582811,0.5972506
2026-05-14 11:50:00,2026-05-14 11:55:00,1,1226.75,1226.7,pivot,-0.0499999999999545,0.1736035,-0.42360349999995456,-13343.510249998568,1.0,2026-05-14,1226.55,1229.5,1225.75,0.0,1224.75,1226.8,1223.6,0.0,2026,0.0,0.0,0.0,0.0,0.0,0.0,0.0,0.0,0.0,0.0,0.0,0.0,0.0,0.0,0.0,1.0,1.0,0.0,0,11,3,5,16.9023152848524,0.0350085206608582,-1.7653054287773196,0.0350085206608582,0.9649914793391418,6.91733420361602e-05,7.234849411585421e-05,0.0025746205037867,True,0.0350085206608582,0.9649914793391418,1.7653054287773196,1,0,0,0.0,1,1,1,1,,0,1,1,0,1,0,0,-0.9299829586782835,1.7653054287773196,0.50965536,0.5650935309404327,0.584729
2026-05-14 11:55:00,2026-05-14 12:25:00,1,1226.7,1230.35,pivot,3.649999999999864,0.1737115,3.2762884999998634,103203.0877499957,1.0,2026-05-14,1224.75,1226.8,1223.6,0.0,1231.7,1233.85,1230.35,0.0,2026,0.0,0.0,0.0,0.0,0.0,0.0,0.0,0.0,0.0,0.0,0.0,0.0,0.0,0.0,0.0,1.0,1.0,0.0,1,11,3,5,266.1313670264429,0.3892478865473202,-0.1547464186659413,0.3892478865473202,0.6107521134526799,6.91733420361602e-05,7.234849411585421e-05,0.0025746205037867,True,0.3892478865473202,0.6107521134526799,0.1547464186659413,1,0,0,0.0,1,1,1,1,,0,1,1,0,1,0,0,-0.2215042269053597,0.1547464186659413,0.50965536,0.5650935309404327,0.5588174
2026-05-15 10:30:00,2026-05-15 10:35:00,-1,1228.1,1227.95,pivot,0.1499999999998635,0.1736815,-0.22368150000013645,-7045.967250004298,1.0,2026-05-15,1227.95,1228.6,1225.2,0.0,1231.8,1234.75,1227.95,0.0,2026,0.0,0.0,0.0,0.0,0.0,0.0,0.0,0.0,0.0,0.0,0.0,0.0,0.0,0.0,0.0,1.0,0.0,0.0,0,10,4,5,14.426775432480715,0.0299451722337441,-1.8896044430451997,0.0299451722337441,0.9700548277662558,6.91733420361602e-05,7.234849411585421e-05,0.0025746205037867,True,0.9700548277662558,0.0299451722337441,-1.8896044430451997,1,0,0,0.0,1,1,1,1,,0,1,1,0,0,1,0,0.9401096555325117,1.8896044430451997,0.51653606,0.7687970036496027,0.5434998
2026-05-15 10:35:00,2026-05-15 10:55:00,-1,1227.95,1215.55,pivot,12.400000000000093,0.173305,12.02669500000009,378840.89250000287,1.0,2026-05-15,1231.8,1234.75,1227.95,0.0,1206.85,1218.6,1204.8,0.0,2026,0.0,0.0,0.0,0.0,0.0,0.0,0.0,0.0,0.0,0.0,0.0,0.0,0.0,0.0,0.0,1.0,1.0,1.0,1,10,4,5,281.0632929990522,0.4456491835046762,-0.075543500256431,0.4456491835046762,0.5543508164953238,6.91733420361602e-05,7.234849411585421e-05,0.0025746205037867,True,0.5543508164953238,0.4456491835046762,-0.075543500256431,1,0,0,0.0,1,1,1,1,,0,1,1,0,1,0,0,0.10870163299064761,0.075543500256431,0.5075804,0.5046910494460957,0.5282593
2026-05-15 10:55:00,2026-05-15 11:25:00,-1,1215.55,1201.45,pivot,14.099999999999907,0.17251,13.727489999999907,432415.9349999971,1.0,2026-05-15,1206.85,1218.6,1204.8,0.0,1195.15,1206.8,1194.05,0.0,2026,0.0,0.0,0.0,0.0,0.0,0.0,0.0,0.0,0.0,0.0,0.0,0.0,0.0,0.0,0.0,1.0,0.0,0.0,1,10,4,5,7.566883877172195,0.0153472787241518,-2.433399625566505,0.0153472787241518,0.984652721275848,6.91733420361602e-05,7.234849411585421e-05,0.0025746205037867,True,0.984652721275848,0.0153472787241518,-2.433399625566505,1,0,0,0.0,1,1,1,1,,0,1,1,0,0,1,0,0.9693054425516963,2.433399625566505,0.51653606,0.7687970036496027,0.5166968
2026-05-19 10:45:00,2026-05-19 11:25:00,1,1133.05,1119.7,pivot,-13.349999999999907,0.1675825,-13.717582499999912,-432103.8487499972,1.0,2026-05-19,1125.35,1134.55,1124.9,0.0,1121.8,1125.7,1118.9,0.0,2026,0.0,0.0,0.0,0.0,0.0,0.0,0.0,0.0,0.0,0.0,0.0,0.0,0.0,0.0,0.0,1.0,0.0,0.0,0,10,1,5,186.1053844253878,0.3865695422928702,-0.1769540467683061,0.3865695422928702,0.6134304577071297,4.598681834328492e-05,3.284458897958968e-05,0.0031775025647202,True,0.3865695422928702,0.6134304577071297,0.1769540467683061,1,0,0,0.0,1,1,1,1,,0,1,1,0,0,1,0,-0.22686091541425946,0.1769540467683061,0.53326404,0.7763436742449398,0.5401857
2026-05-19 11:25:00,2026-05-19 11:50:00,1,1119.7,1127.25,pivot,7.549999999999954,0.1674085,7.182591499999955,226251.63224999857,1.0,2026-05-19,1121.8,1125.7,1118.9,0.0,1131.65,1132.05,1125.1,0.0,2026,0.0,0.0,0.0,0.0,0.0,0.0,0.0,0.0,0.0,0.0,0.0,0.0,0.0,0.0,0.0,1.0,1.0,0.0,1,11,1,5,70.29555343293094,0.1496237684555863,-0.7684437124149918,0.1496237684555863,0.8503762315444137,4.598681834328492e-05,3.284458897958968e-05,0.0031775025647202,True,0.1496237684555863,0.8503762315444137,0.7684437124149918,1,0,0,0.0,1,1,1,1,,0,1,1,0,1,0,0,-0.7007524630888273,0.7684437124149918,0.50965536,0.5754700979075468,0.52271193
2026-05-19 12:15:00,2026-05-19 13:10:00,1,1136.45,1132.2,pivot,-4.25,0.1680595,-4.6180595,-145468.87425,1.0,2026-05-19,1138.6,1138.8,1134.45,0.0,1131.5,1134.6,1130.95,0.0,2026,0.0,0.0,0.0,0.0,0.0,0.0,0.0,0.0,0.0,0.0,0.0,0.0,0.0,0.0,0.0,1.0,2.0,1.0,0,12,1,5,64.10928960147024,0.8861072181737385,0.904767998450706,0.8861072181737385,0.1138927818262615,4.598681834328492e-05,3.284458897958968e-05,0.0031775025647202,True,0.8861072181737385,0.1138927818262615,-0.904767998450706,1,0,0,0.0,1,1,1,1,,0,1,0,1,0,0,0,0.772214436347477,0.904767998450706,0.50031275,0.5547436320536515,0.51505893
2026-05-20 11:45:00,2026-05-20 12:05:00,-1,1105.2,1111.65,pivot,-6.4500000000000455,0.1665055,-6.816505500000046,-214719.92325000145,1.0,2026-05-20,1112.15,1115.5,1104.6,0.0,1116.8,1117.65,1111.05,0.0,2026,0.0,0.0,0.0,0.0,0.0,0.0,0.0,0.0,0.0,0.0,0.0,0.0,0.0,0.0,0.0,1.0,1.0,0.0,0,11,2,5,8.115370180674372,0.0169091222242323,-2.3003875646209515,0.0169091222242323,0.9830908777757676,3.676225081971122e-05,1.586400633074766e-05,0.0033374182134343,True,0.9830908777757676,0.0169091222242323,-2.3003875646209515,1,0,0,0.0,1,1,1,1,,0,1,1,0,1,0,0,0.9661817555515353,2.3003875646209515,0.50965536,0.5746893095386137,0.53452885
2026-05-20 12:30:00,2026-05-20 12:35:00,1,1110.0,1108.15,pivot,-1.849999999999909,0.1665445,-2.2165444999999093,-69821.15174999714,1.0,2026-05-20,1108.4,1110.6,1105.45,0.0,1111.5,1114.6,1107.8,0.0,2026,0.0,0.0,0.0,0.0,0.0,0.0,0.0,0.0,0.0,0.0,0.0,0.0,0.0,0.0,0.0,1.0,1.0,0.0,0,12,2,5,13.260960881764865,0.9643206323281036,1.809321501716992,0.9643206323281036,0.0356793676718962,3.676225081971122e-05,1.586400633074766e-05,0.0033374182134343,True,0.9643206323281036,0.0356793676718962,-1.809321501716992,1,0,0,0.0,1,1,1,1,,0,1,0,1,1,0,0,0.9286412646562074,1.809321501716992,0.50965536,0.5356435457181504,0.5040772
2026-05-26 10:35:00,2026-05-26 11:15:00,-1,1267.7,1273.2,pivot,-5.5,0.176227,-5.876227,-185101.1505,1.0,2026-05-26,1264.05,1267.75,1260.65,0.0,1272.35,1273.3,1270.45,0.0,2026,0.0,0.0,0.0,0.0,0.0,0.0,0.0,0.0,0.0,0.0,0.0,0.0,0.0,0.0,0.0,1.0,1.0,1.0,0,10,1,5,25.008469111573767,0.0606874546235473,-1.4777722355616218,0.0606874546235473,0.9393125453764526,5.864282593469667e-05,1.7341880241682748e-05,0.0036054465561498,True,0.9393125453764526,0.0606874546235473,-1.4777722355616218,1,0,0,0.0,1,1,1,1,,0,1,1,0,1,0,0,0.8786250907529053,1.4777722355616218,0.5075804,0.5142534869249903,0.50204486
2026-05-27 10:25:00,2026-05-27 10:30:00,1,1330.65,1328.25,pivot,-2.400000000000091,0.179767,-2.779767000000091,-87562.66050000286,1.0,2026-05-27,1328.3,1331.15,1325.35,0.0,1327.8,1331.6,1325.6,0.0,2026,0.0,0.0,0.0,0.0,0.0,0.0,0.0,0.0,0.0,0.0,0.0,0.0,0.0,0.0,0.0,1.0,1.0,1.0,0,10,2,5,14.276017926057907,0.9659778668139672,1.829711240836608,0.9659778668139672,0.0340221331860328,7.253837074597196e-05,4.186641362413897e-05,0.0035208375498183,True,0.9659778668139672,0.0340221331860328,-1.829711240836608,1,0,0,0.0,1,1,1,1,,0,1,1,0,1,0,0,0.9319557336279345,1.829711240836608,0.5075804,0.5142534869249903,0.5378906
2026-05-27 10:30:00,2026-05-27 11:20:00,1,1328.25,1334.25,pivot,6.0,0.179875,5.620125,177033.9375,1.0,2026-05-27,1327.8,1331.6,1325.6,0.0,1338.25,1338.4,1333.15,0.0,2026,0.0,0.0,0.0,0.0,0.0,0.0,0.0,0.0,0.0,0.0,0.0,0.0,0.0,0.0,0.0,1.0,1.0,1.0,1,10,2,5,104.74388976113408,0.2475021087857647,-0.5139350748987583,0.2475021087857647,0.7524978912142353,7.253837074597196e-05,4.186641362413897e-05,0.0035208375498183,True,0.2475021087857647,0.7524978912142353,0.5139350748987583,1,0,0,0.0,1,1,1,1,,0,1,1,0,1,0,0,-0.5049957824284705,0.5139350748987583,0.5075804,0.5142534869249903,0.54160863
2026-05-27 13:40:00,2026-05-27 13:45:00,1,1323.15,1325.55,pivot,2.399999999999864,0.1794609999999999,2.0205389999998635,63646.978499995705,1.0,2026-05-27,1325.35,1325.9,1320.45,0.0,1327.1,1328.4,1324.15,0.0,2026,0.0,0.0,0.0,0.0,0.0,0.0,0.0,0.0,0.0,0.0,0.0,0.0,0.0,0.0,0.0,1.0,1.0,0.0,1,13,2,5,93.5439595951722,0.8083281271017286,0.657687829524219,0.8083281271017286,0.1916718728982713,1.94126588714505e-05,-2.8765044638145337e-06,0.0035130161821023,True,0.8083281271017286,0.1916718728982713,-0.657687829524219,1,0,0,0.0,1,1,1,1,,0,1,0,1,1,0,0,0.6166562542034573,0.657687829524219,0.50965536,0.5356435457181504,0.5386579
2026-05-27 13:45:00,2026-05-27 14:15:00,-1,1325.55,1315.45,pivot,10.099999999999907,0.17923,9.720769999999908,306204.2549999971,1.0,2026-05-27,1327.1,1328.4,1324.15,0.0,1314.5,1315.55,1310.55,0.0,2026,0.0,0.0,0.0,0.0,0.0,0.0,0.0,0.0,0.0,0.0,0.0,0.0,0.0,0.0,0.0,1.0,1.0,0.0,1,13,2,5,123.56351555030784,0.7300620095834641,0.4522097724631339,0.7300620095834641,0.2699379904165359,1.94126588714505e-05,-2.8765044638145337e-06,0.0035130161821023,True,0.2699379904165359,0.7300620095834641,0.4522097724631339,1,0,0,0.0,1,1,1,1,,0,1,0,1,1,0,0,-0.46012401916692824,0.4522097724631339,0.50965536,0.5356435457181504,0.544254
2026-05-27 14:15:00,2026-05-27 14:35:00,-1,1315.45,1317.35,pivot,-1.899999999999864,0.178984,-2.2789839999998636,-71787.9959999957,1.0,2026-05-27,1314.5,1315.55,1310.55,0.0,1315.65,1322.7,1315.45,0.0,2026,0.0,0.0,0.0,0.0,0.0,0.0,0.0,0.0,0.0,0.0,0.0,0.0,0.0,0.0,0.0,1.0,0.0,0.0,0,14,2,5,30.74954288192005,0.0740020417161792,-1.3159346003436037,0.0740020417161792,0.9259979582838208,1.94126588714505e-05,-2.8765044638145337e-06,0.0035130161821023,True,0.9259979582838208,0.0740020417161792,-1.3159346003436037,1,0,0,0.0,1,1,1,1,,0,1,0,1,0,1,0,0.8519959165676416,1.3159346003436037,0.5425894,0.7825921160981738,0.54556704
2026-05-27 14:35:00,2026-05-27 14:45:00,1,1317.35,1324.1,pivot,6.75,0.1792435,6.3707565,200678.82975,1.0,2026-05-27,1315.65,1322.7,1315.45,0.0,1310.25,1325.0,1310.25,0.0,2026,0.0,0.0,0.0,0.0,0.0,0.0,0.0,0.0,0.0,0.0,0.0,0.0,0.0,0.0,0.0,1.0,1.0,0.0,1,14,2,5,16.25808645287799,0.038755004684758,-1.7440207219191504,0.038755004684758,0.961244995315242,1.94126588714505e-05,-2.8765044638145337e-06,0.0035130161821023,True,0.038755004684758,0.961244995315242,1.7440207219191504,1,0,0,0.0,1,1,1,1,,0,1,0,1,1,0,0,-0.922489990630484,1.7440207219191504,0.50965536,0.5359255333824356,0.53375125
2026-05-27 14:45:00,2026-05-27 15:10:00,1,1324.1,1309.95,pivot,-14.149999999999864,0.1790215,-14.529021499999864,-457664.1772499957,1.0,2026-05-27,1310.25,1325.0,1310.25,0.0,1313.3,1314.45,1306.7,0.0,2026,0.0,0.0,0.0,0.0,0.0,0.0,0.0,0.0,0.0,0.0,0.0,0.0,0.0,0.0,0.0,1.0,1.0,0.0,0,14,2,5,14.671580734756663,0.962548005164822,1.801726382065551,0.962548005164822,0.0374519948351781,1.94126588714505e-05,-2.8765044638145337e-06,0.0035130161821023,True,0.962548005164822,0.0374519948351781,-1.801726382065551,1,0,0,0.0,1,1,1,1,,0,1,0,1,1,0,0,0.9250960103296438,1.801726382065551,0.50965536,0.5359255333824356,0.506297
2026-06-01 12:00:00,2026-06-01 13:10:00,-1,1416.6,1414.7,pivot,1.899999999999864,0.184939,1.5150609999998634,47724.4214999957,1.0,2026-06-01,1418.35,1418.65,1415.5,0.0,1416.3,1416.7,1414.2,0.0,2026,0.0,0.0,0.0,0.0,0.0,0.0,0.0,0.0,0.0,0.0,0.0,0.0,0.0,0.0,0.0,1.0,1.0,2.0,1,12,0,6,39.876824777723655,0.903528664383001,1.1922276225009778,0.903528664383001,0.096471335616999,2.885628804079889e-05,3.171645011006794e-05,0.0032957171453179,True,0.096471335616999,0.903528664383001,1.1922276225009778,1,0,0,0.0,1,1,1,1,,0,1,0,1,1,0,0,-0.8070573287660019,1.1922276225009778,0.50914,0.5059815301303544,0.5364445
2026-06-01 14:25:00,2026-06-01 14:55:00,-1,1408.4,1411.95,pivot,-3.5499999999999545,0.1846105,-3.9346104999999545,-123940.23074999856,1.0,2026-06-01,1400.2,1409.35,1399.7,0.0,1412.15,1414.95,1410.0,0.0,2026,0.0,0.0,0.0,0.0,0.0,0.0,0.0,0.0,0.0,0.0,0.0,0.0,0.0,0.0,0.0,1.0,0.0,0.0,0,14,0,6,47.62583789236955,0.1152215271895209,-1.0633298224815038,0.1152215271895209,0.884778472810479,2.885628804079889e-05,3.171645011006794e-05,0.0032957171453179,True,0.884778472810479,0.1152215271895209,-1.0633298224815038,1,0,0,0.0,1,1,1,1,,0,1,0,1,0,1,0,0.7695569456209581,1.0633298224815038,0.5425894,0.770594096297213,0.5884124
2026-06-02 11:00:00,2026-06-02 11:25:00,-1,1365.5,1374.25,pivot,-8.75,0.1821925,-9.132192499999999,-287664.06375,1.0,2026-06-02,1368.35,1372.35,1364.75,0.0,1376.5,1380.4,1372.3,0.0,2026,0.0,0.0,0.0,0.0,0.0,0.0,0.0,0.0,0.0,0.0,0.0,0.0,0.0,0.0,0.0,1.0,0.0,0.0,0,11,1,6,15.950709986054274,0.0404380086331436,-1.7467395477083676,0.0404380086331436,0.9595619913668564,2.5054957347169503e-05,-2.2406581678639285e-05,0.0035398095239603,True,0.9595619913668564,0.0404380086331436,-1.7467395477083676,1,0,0,0.0,1,1,1,1,,0,1,1,0,0,1,0,0.9191239827337128,1.7467395477083676,0.5425894,0.7706462954867644,0.5873945
2026-06-02 11:25:00,2026-06-02 12:00:00,-1,1374.25,1385.25,pivot,-11.0,0.182785,-11.382785000000002,-358557.72750000004,1.0,2026-06-02,1376.5,1380.4,1372.3,0.0,1381.35,1388.9,1380.65,0.0,2026,0.0,0.0,0.0,0.0,0.0,0.0,0.0,0.0,0.0,0.0,0.0,0.0,0.0,0.0,0.0,1.0,1.0,0.0,0,11,1,6,87.93953660726625,0.2044455104169073,-0.6199106073038578,0.2044455104169073,0.7955544895830926,2.5054957347169503e-05,-2.2406581678639285e-05,0.0035398095239603,True,0.7955544895830926,0.2044455104169073,-0.6199106073038578,1,0,0,0.0,1,1,1,1,,0,1,1,0,1,0,0,0.5911089791661853,0.6199106073038578,0.50965536,0.5754700979075468,0.5729813
2026-06-02 14:05:00,2026-06-02 14:30:00,-1,1393.7,1399.25,pivot,-5.5499999999999545,0.1837885,-5.933788499999953,-186914.33774999852,1.0,2026-06-02,1393.85,1395.0,1388.3,0.0,1406.7,1406.7,1399.2,0.0,2026,0.0,0.0,0.0,0.0,0.0,0.0,0.0,0.0,0.0,0.0,0.0,0.0,0.0,0.0,0.0,1.0,2.0,2.0,0,14,1,6,131.94661009112505,0.6906352820079863,0.3714363332016025,0.6906352820079863,0.3093647179920137,2.5054957347169503e-05,-2.2406581678639285e-05,0.0035398095239603,True,0.3093647179920137,0.6906352820079863,0.3714363332016025,1,0,0,0.0,1,1,1,1,,0,1,0,1,0,0,0,-0.3812705640159726,0.3714363332016025,0.50914,0.5487368490738441,0.5295892
2026-06-02 14:30:00,2026-06-02 15:00:00,1,1399.25,1406.75,pivot,7.5,0.18418,7.115819999999999,224148.33,1.0,2026-06-02,1406.7,1406.7,1399.2,0.0,1402.35,1407.6,1401.8,0.0,2026,0.0,0.0,0.0,0.0,0.0,0.0,0.0,0.0,0.0,0.0,0.0,0.0,0.0,0.0,0.0,1.0,2.0,2.0,1,14,1,6,160.21458998641745,0.48449296338037,-0.0138581378794813,0.48449296338037,0.5155070366196299,2.5054957347169503e-05,-2.2406581678639285e-05,0.0035398095239603,True,0.48449296338037,0.5155070366196299,0.0138581378794813,1,0,0,0.0,1,1,1,1,,0,1,0,1,0,0,0,-0.03101407323925992,0.0138581378794813,0.50914,0.5487368490738441,0.51232684
2026-06-04 10:35:00,2026-06-04 11:10:00,1,1393.3,1373.4,pivot,-19.899999999999864,0.183001,-20.283000999999864,-638914.5314999957,1.0,2026-06-04,1393.95,1398.15,1392.2,0.0,1372.5,1376.25,1371.65,0.0,2026,0.0,0.0,0.0,0.0,0.0,0.0,0.0,0.0,0.0,0.0,0.0,0.0,0.0,0.0,0.0,1.0,1.0,2.0,0,10,3,6,4.424467994147806,0.9887365022666742,2.4702248560538407,0.9887365022666742,0.0112634977333258,2.5054957347169503e-05,-2.2406581678639285e-05,0.0035398095239603,True,0.9887365022666742,0.0112634977333258,-2.4702248560538407,1,0,0,0.0,1,1,1,1,,0,1,1,0,1,0,0,0.9774730045333484,2.4702248560538407,0.5173392,0.5345218315289455,0.52113736
2026-06-04 11:10:00,2026-06-04 11:40:00,-1,1373.4,1384.25,pivot,-10.849999999999907,0.1827295,-11.23272949999991,-353830.9792499972,1.0,2026-06-04,1372.5,1376.25,1371.65,0.0,1388.2,1388.8,1384.25,0.0,2026,0.0,0.0,0.0,0.0,0.0,0.0,0.0,0.0,0.0,0.0,0.0,0.0,0.0,0.0,0.0,1.0,1.0,0.0,0,11,3,6,118.0339535835518,0.2796099005896467,-0.4149225494937829,0.2796099005896467,0.7203900994103534,2.5054957347169503e-05,-2.2406581678639285e-05,0.0035398095239603,True,0.7203900994103534,0.2796099005896467,-0.4149225494937829,1,0,0,0.0,1,1,1,1,,0,1,1,0,1,0,0,0.4407801988207067,0.4149225494937829,0.50965536,0.5650935309404327,0.5301454
2026-06-05 11:00:00,2026-06-05 11:25:00,-1,1321.95,1334.8,pivot,-12.849999999999907,0.1797025,-13.229702499999908,-416735.6287499971,1.0,2026-06-05,1322.45,1326.65,1316.8,0.0,1338.6,1339.15,1334.55,0.0,2026,0.0,0.0,0.0,0.0,0.0,0.0,0.0,0.0,0.0,0.0,0.0,0.0,0.0,0.0,0.0,1.0,2.0,2.0,0,11,4,6,57.90650790949512,0.8584826687268672,0.8870790028569775,0.8584826687268672,0.1415173312731328,3.688245590511602e-05,1.0741498317755044e-05,0.003617924845384,True,0.1415173312731328,0.8584826687268672,0.8870790028569775,1,0,0,0.0,1,1,1,1,,0,1,1,0,0,0,0,-0.7169653374537344,0.8870790028569775,0.50914,0.5421227064916109,0.51493776
2026-06-05 11:25:00,2026-06-05 11:55:00,-1,1334.8,1323.2,pivot,11.599999999999907,0.17974,11.220259999999907,353438.1899999971,1.0,2026-06-05,1338.6,1339.15,1334.55,0.0,1321.25,1324.35,1319.6,0.0,2026,0.0,0.0,0.0,0.0,0.0,0.0,0.0,0.0,0.0,0.0,0.0,0.0,0.0,0.0,0.0,1.0,2.0,2.0,1,11,4,6,7.677462854232912,0.9852465081651754,2.316032709551651,0.9852465081651754,0.0147534918348245,3.688245590511602e-05,1.0741498317755044e-05,0.003617924845384,True,0.0147534918348245,0.9852465081651754,2.316032709551651,1,0,0,0.0,1,1,1,1,,0,1,1,0,0,0,0,-0.9704930163303509,2.316032709551651,0.50914,0.5421227064916109,0.5140482
2026-06-05 11:55:00,2026-06-05 12:35:00,1,1323.2,1320.7,pivot,-2.5,0.179317,-2.8793170000000003,-90698.48550000001,1.0,2026-06-05,1321.25,1324.35,1319.6,0.0,1316.7,1320.8,1314.85,0.0,2026,0.0,0.0,0.0,0.0,0.0,0.0,0.0,0.0,0.0,0.0,0.0,0.0,0.0,0.0,0.0,1.0,1.0,2.0,0,11,4,6,112.50025858489856,0.2729424469461921,-0.4412213403148696,0.2729424469461921,0.7270575530538079,3.688245590511602e-05,1.0741498317755044e-05,0.003617924845384,True,0.2729424469461921,0.7270575530538079,0.4412213403148696,1,0,0,0.0,1,1,1,1,,0,1,1,0,1,0,0,-0.45411510610761585,0.4412213403148696,0.50914,0.508195137025124,0.5214385
2026-06-05 13:20:00,2026-06-05 13:40:00,-1,1303.8,1306.9,pivot,-3.1000000000001364,0.178321,-3.4783210000001357,-109567.11150000428,1.0,2026-06-05,1304.65,1305.95,1303.2,0.0,1303.05,1313.85,1301.55,0.0,2026,0.0,0.0,0.0,0.0,0.0,0.0,0.0,0.0,0.0,0.0,0.0,0.0,0.0,0.0,0.0,1.0,1.0,0.0,0,13,4,6,127.90893332063446,0.3210414796712178,-0.3314193263534392,0.3210414796712178,0.6789585203287822,3.688245590511602e-05,1.0741498317755044e-05,0.003617924845384,True,0.6789585203287822,0.3210414796712178,-0.3314193263534392,1,0,0,0.0,1,1,1,1,,0,1,0,1,1,0,0,0.3579170406575644,0.3314193263534392,0.50965536,0.5189918327426457,0.5317997
2026-06-05 13:40:00,2026-06-05 13:45:00,1,1306.9,1303.0,pivot,-3.900000000000091,0.178297,-4.278297000000091,-134766.35550000286,1.0,2026-06-05,1303.05,1313.85,1301.55,0.0,1308.3,1309.65,1301.95,0.0,2026,0.0,0.0,0.0,0.0,0.0,0.0,0.0,0.0,0.0,0.0,0.0,0.0,0.0,0.0,0.0,1.0,1.0,0.0,0,13,4,6,16.33311770841429,0.9643406670141192,1.829428283160959,0.9643406670141192,0.0356593329858807,4.615941097406945e-05,9.216402498539548e-07,0.0033553128078697,True,0.9643406670141192,0.0356593329858807,-1.829428283160959,1,0,0,0.0,1,1,1,1,,0,1,0,1,1,0,0,0.9286813340282385,1.829428283160959,0.50965536,0.5189918327426457,0.56168747
2026-06-05 13:45:00,2026-06-05 14:20:00,-1,1303.0,1314.0,pivot,-11.0,0.17851,-11.37851,-358423.065,1.0,2026-06-05,1308.3,1309.65,1301.95,0.0,1317.6,1318.2,1314.0,0.0,2026,0.0,0.0,0.0,0.0,0.0,0.0,0.0,0.0,0.0,0.0,0.0,0.0,0.0,0.0,0.0,1.0,1.0,0.0,0,13,4,6,59.31161057690874,0.1342047214940769,-0.9251578721470964,0.1342047214940769,0.8657952785059231,4.615941097406945e-05,9.216402498539548e-07,0.0033553128078697,True,0.8657952785059231,0.1342047214940769,-0.9251578721470964,1,0,0,0.0,1,1,1,1,,0,1,0,1,1,0,0,0.7315905570118462,0.9251578721470964,0.50965536,0.5189918327426457,0.56325316
2026-06-08 10:50:00,2026-06-08 10:55:00,1,1206.5,1214.15,pivot,7.650000000000091,0.1726195,7.277380500000091,229237.48575000287,1.0,2026-06-08,1214.05,1214.75,1202.35,0.0,1216.85,1219.8,1212.35,0.0,2026,0.0,0.0,0.0,0.0,0.0,0.0,0.0,0.0,0.0,0.0,0.0,0.0,0.0,0.0,0.0,1.0,1.0,2.0,1,10,0,6,48.683894414265296,0.1117151110530465,-1.0484999660585612,0.1117151110530465,0.8882848889469535,4.615941097406945e-05,9.216402498539548e-07,0.0033553128078697,True,0.1117151110530465,0.8882848889469535,1.0484999660585612,1,0,0,0.0,1,1,1,1,,0,1,1,0,1,0,0,-0.7765697778939069,1.0484999660585612,0.5173392,0.5373499828724053,0.56816286
2026-06-08 10:55:00,2026-06-08 11:20:00,1,1214.15,1219.0,pivot,4.849999999999909,0.1729945,4.477005499999909,141025.67324999714,1.0,2026-06-08,1216.85,1219.8,1212.35,0.0,1231.5,1231.75,1218.25,0.0,2026,0.0,0.0,0.0,0.0,0.0,0.0,0.0,0.0,0.0,0.0,0.0,0.0,0.0,0.0,0.0,1.0,1.0,2.0,1,10,0,6,14.587322701918312,0.969047508105618,1.920709933275207,0.969047508105618,0.030952491894382,4.615941097406945e-05,9.216402498539548e-07,0.0033553128078697,True,0.969047508105618,0.030952491894382,-1.920709933275207,1,0,0,0.0,1,1,1,1,,0,1,1,0,1,0,0,0.938095016211236,1.920709933275207,0.5173392,0.5373499828724053,0.56253296
2026-06-08 11:20:00,2026-06-08 11:55:00,-1,1219.0,1243.65,pivot,-24.65000000000009,0.1738795,-25.023879500000092,-788252.2042500029,1.0,2026-06-08,1231.5,1231.75,1218.25,0.0,1237.35,1246.65,1235.55,0.0,2026,0.0,0.0,0.0,0.0,0.0,0.0,0.0,0.0,0.0,0.0,0.0,0.0,0.0,0.0,0.0,1.0,2.0,2.0,0,11,0,6,8.70881626505455,0.0153067102848002,-2.3748725076545174,0.0153067102848002,0.9846932897151998,4.615941097406945e-05,9.216402498539548e-07,0.0033553128078697,True,0.9846932897151998,0.0153067102848002,-2.3748725076545174,1,0,0,0.0,1,1,1,1,,0,1,1,0,0,0,0,0.9693865794303995,2.3748725076545174,0.50914,0.5491819693897732,0.5534092
2026-06-08 11:55:00,2026-06-08 12:05:00,1,1243.65,1232.2,pivot,-11.450000000000044,0.1742755,-11.824275500000049,-372464.6782500015,1.0,2026-06-08,1237.35,1246.65,1235.55,0.0,1237.85,1241.5,1232.2,0.0,2026,0.0,0.0,0.0,0.0,0.0,0.0,0.0,0.0,0.0,0.0,0.0,0.0,0.0,0.0,0.0,1.0,2.0,2.0,0,11,0,6,40.20382076202689,0.910433774841368,1.2124464232544565,0.910433774841368,0.0895662251586318,4.615941097406945e-05,9.216402498539548e-07,0.0033553128078697,True,0.910433774841368,0.0895662251586318,-1.2124464232544565,1,0,0,0.0,1,1,1,1,,0,1,1,0,0,0,0,0.8208675496827362,1.2124464232544565,0.50914,0.5491819693897732,0.55429137
2026-06-08 12:05:00,2026-06-08 12:25:00,-1,1232.2,1238.85,pivot,-6.649999999999864,0.1741315,-7.024131499999863,-221260.1422499957,1.0,2026-06-08,1237.85,1241.5,1232.2,0.0,1236.9,1238.95,1234.0,0.0,2026,0.0,0.0,0.0,0.0,0.0,0.0,0.0,0.0,0.0,0.0,0.0,0.0,0.0,0.0,0.0,1.0,1.0,2.0,0,12,0,6,31.39255969483975,0.0759286743232944,-1.315890618846588,0.0759286743232944,0.9240713256767056,4.615941097406945e-05,9.216402498539548e-07,0.0033553128078697,True,0.9240713256767056,0.0759286743232944,-1.315890618846588,1,0,0,0.0,1,1,1,1,,0,1,0,1,1,0,0,0.8481426513534112,1.315890618846588,0.50914,0.5059815301303544,0.5683872
2026-06-08 12:25:00,2026-06-08 13:00:00,-1,1238.85,1234.8,pivot,4.0499999999999545,0.1742095,3.6757904999999544,115787.40074999856,1.0,2026-06-08,1236.9,1238.95,1234.0,0.0,1234.9,1239.15,1231.3,0.0,2026,0.0,0.0,0.0,0.0,0.0,0.0,0.0,0.0,0.0,0.0,0.0,0.0,0.0,0.0,0.0,1.0,1.0,2.0,1,12,0,6,10.117919716927318,0.9846750986894086,2.3061993351558296,0.9846750986894086,0.0153249013105913,4.615941097406945e-05,9.216402498539548e-07,0.0033553128078697,True,0.0153249013105913,0.9846750986894086,2.3061993351558296,1,0,0,0.0,1,1,1,1,,0,1,0,1,1,0,0,-0.9693501973788173,2.3061993351558296,0.50914,0.5059815301303544,0.58295095
2026-06-08 13:50:00,2026-06-08 14:20:00,-1,1218.3,1208.15,pivot,10.149999999999864,0.1727935,9.777206499999863,307982.0047499957,1.0,2026-06-08,1216.55,1224.45,1215.95,0.0,1212.65,1213.2,1207.55,0.0,2026,0.0,0.0,0.0,0.0,0.0,0.0,0.0,0.0,0.0,0.0,0.0,0.0,0.0,0.0,0.0,1.0,0.0,0.0,1,13,0,6,156.84461443531504,0.4335483383554778,-0.1103566901790907,0.4335483383554778,0.5664516616445222,4.615941097406945e-05,9.216402498539548e-07,0.0033553128078697,True,0.5664516616445222,0.4335483383554778,-0.1103566901790907,1,0,0,0.0,1,1,1,1,,0,1,0,1,0,1,0,0.13290332328904442,0.1103566901790907,0.5425894,0.770594096297213,0.5892193
2026-06-08 14:20:00,2026-06-08 14:45:00,-1,1208.15,1193.6,pivot,14.550000000000182,0.1720525,14.177947500000183,446605.34625000576,1.0,2026-06-08,1212.65,1213.2,1207.55,0.0,1188.9,1194.05,1186.25,0.0,2026,0.0,0.0,0.0,0.0,0.0,0.0,0.0,0.0,0.0,0.0,0.0,0.0,0.0,0.0,0.0,1.0,1.0,0.0,1,14,0,6,92.47517801868996,0.7992266172360649,0.6788313323203535,0.7992266172360649,0.200773382763935,4.615941097406945e-05,9.216402498539548e-07,0.0033553128078697,True,0.200773382763935,0.7992266172360649,0.6788313323203535,1,0,0,0.0,1,1,1,1,,0,1,0,1,1,0,0,-0.59845323447213,0.6788313323203535,0.50965536,0.5186458786432009,0.5818918
2026-06-08 14:45:00,2026-06-08 15:10:00,-1,1193.6,1193.65,pivot,-0.0500000000001819,0.1716175,-0.4216175000001819,-13280.95125000573,1.0,2026-06-08,1188.9,1194.05,1186.25,0.0,1186.0,1194.15,1185.65,0.0,2026,0.0,0.0,0.0,0.0,0.0,0.0,0.0,0.0,0.0,0.0,0.0,0.0,0.0,0.0,0.0,1.0,0.0,0.0,0,14,0,6,25.763900472812296,0.0646668591861381,-1.4325682346273485,0.0646668591861381,0.935333140813862,4.615941097406945e-05,9.216402498539548e-07,0.0033553128078697,True,0.935333140813862,0.0646668591861381,-1.4325682346273485,1,0,0,0.0,1,1,1,1,,0,1,0,1,0,1,0,0.8706662816277239,1.4325682346273485,0.5425894,0.770594096297213,0.57223964
2026-06-08 15:10:00,2026-06-08 15:45:00,-1,1193.65,1178.25,eod,15.400000000000093,0.171157,15.028843000000089,473408.5545000028,1.0,2026-06-08,1186.0,1194.15,1185.65,0.0,1178.25,1178.25,1178.25,0.0,2026,0.0,0.0,0.0,0.0,0.0,0.0,0.0,0.0,0.0,0.0,0.0,0.0,0.0,0.0,0.0,1.0,0.0,0.0,1,15,0,6,154.02348995326616,0.4127584105487346,-0.1500471898118624,0.4127584105487346,0.5872415894512654,4.615941097406945e-05,9.216402498539548e-07,0.0033553128078697,True,0.5872415894512654,0.4127584105487346,-0.1500471898118624,1,0,0,0.0,1,1,1,1,,0,1,0,0,0,1,0,0.1744831789025308,0.1500471898118624,0.5425894,0.7916559075688199,0.5460141
2026-06-10 10:25:00,2026-06-10 10:30:00,1,1255.35,1257.3,pivot,1.9500000000000453,0.1753795,1.5746205000000455,49600.54575000143,1.0,2026-06-10,1257.15,1259.65,1252.6,0.0,1258.5,1258.95,1250.25,0.0,2026,0.0,0.0,0.0,0.0,0.0,0.0,0.0,0.0,0.0,0.0,0.0,0.0,0.0,0.0,0.0,1.0,1.0,1.0,1,10,2,6,7.31905717630196,0.0101826812707549,-2.400563087278679,0.0101826812707549,0.989817318729245,6.898944552385597e-05,6.920317693064041e-05,0.0035320661788983,True,0.0101826812707549,0.989817318729245,2.400563087278679,1,0,0,0.0,1,1,1,1,,0,1,1,0,1,0,0,-0.9796346374584901,2.400563087278679,0.5075804,0.5142534869249903,0.51152015
2026-06-10 10:30:00,2026-06-10 12:00:00,-1,1257.3,1238.45,pivot,18.84999999999991,0.1748725,18.47512749999991,581966.5162499972,1.0,2026-06-10,1258.5,1258.95,1250.25,0.0,1242.55,1243.55,1238.15,0.0,2026,0.0,0.0,0.0,0.0,0.0,0.0,0.0,0.0,0.0,0.0,0.0,0.0,0.0,0.0,0.0,1.0,1.0,2.0,1,10,2,6,118.61074543855152,0.7161592213267906,0.431182096511306,0.7161592213267906,0.2838407786732094,6.898944552385597e-05,6.920317693064041e-05,0.0035320661788983,True,0.2838407786732094,0.7161592213267906,0.431182096511306,1,0,0,0.0,1,1,1,1,,0,1,1,0,1,0,0,-0.43231844265358116,0.431182096511306,0.5173392,0.5381202909956547,0.5452257
2026-06-10 12:00:00,2026-06-10 13:35:00,1,1238.45,1210.3,pivot,-28.15000000000009,0.1734625,-28.523462500000093,-898489.0687500029,1.0,2026-06-10,1242.55,1243.55,1238.15,0.0,1206.65,1211.9,1204.8,0.0,2026,0.0,0.0,0.0,0.0,0.0,0.0,0.0,0.0,0.0,0.0,0.0,0.0,0.0,0.0,0.0,1.0,1.0,0.0,0,12,2,6,137.02196956616714,0.6521817421427902,0.2892096748245854,0.6521817421427902,0.3478182578572097,6.898944552385597e-05,6.920317693064041e-05,0.0035320661788983,True,0.6521817421427902,0.3478182578572097,-0.2892096748245854,1,0,0,0.0,1,1,1,1,,0,1,0,1,1,0,0,0.3043634842855805,0.2892096748245854,0.50965536,0.5356435457181504,0.5663905
2026-06-10 13:35:00,2026-06-10 14:30:00,1,1210.3,1214.95,pivot,4.650000000000091,0.1727575,4.277242500000091,134733.13875000286,1.0,2026-06-10,1206.65,1211.9,1204.8,0.0,1205.3,1215.7,1204.75,0.0,2026,0.0,0.0,0.0,0.0,0.0,0.0,0.0,0.0,0.0,0.0,0.0,0.0,0.0,0.0,0.0,1.0,0.0,0.0,1,13,2,6,151.11018830202076,0.4384763416507892,-0.1131592891691633,0.4384763416507892,0.5615236583492107,6.898944552385597e-05,6.920317693064041e-05,0.0035320661788983,True,0.4384763416507892,0.5615236583492107,0.1131592891691633,1,0,0,0.0,1,1,1,1,,0,1,0,1,0,1,0,-0.1230473166984215,0.1131592891691633,0.5425894,0.7825921160981738,0.5701613
2026-06-10 14:30:00,2026-06-10 15:30:00,1,1214.95,1229.95,pivot,15.0,0.173347,14.626653,460739.5695,1.0,2026-06-10,1205.3,1215.7,1204.75,0.0,1231.4,1233.0,1229.85,0.0,2026,0.0,0.0,0.0,0.0,0.0,0.0,0.0,0.0,0.0,0.0,0.0,0.0,0.0,0.0,0.0,1.0,1.0,0.0,1,14,2,6,1.3715164284222086,0.994875057913258,3.4622323679067217,0.994875057913258,0.0051249420867419,6.898944552385597e-05,6.920317693064041e-05,0.0035320661788983,True,0.994875057913258,0.0051249420867419,-3.4622323679067217,1,0,0,0.0,1,1,1,1,,0,1,0,1,1,0,0,0.9897501158265162,3.4622323679067217,0.50965536,0.5359255333824356,0.55843025
2026-06-11 10:25:00,2026-06-11 10:40:00,1,1226.65,1230.2,pivot,3.5499999999999545,0.1737055,3.1762944999999543,100053.27674999856,1.0,2026-06-11,1233.4,1235.0,1224.3,0.0,1230.35,1235.5,1227.0,0.0,2026,0.0,0.0,0.0,0.0,0.0,0.0,0.0,0.0,0.0,0.0,0.0,0.0,0.0,0.0,0.0,1.0,2.0,2.0,1,10,3,6,52.94826406378857,0.1280755197725896,-0.9879603152451264,0.1280755197725896,0.8719244802274103,6.898944552385597e-05,6.920317693064041e-05,0.0035320661788983,True,0.1280755197725896,0.8719244802274103,0.9879603152451264,1,0,0,0.0,1,1,1,1,,0,1,1,0,0,0,0,-0.7438489604548207,0.9879603152451264,0.5173392,0.560478054402042,0.5596148
2026-06-11 10:40:00,2026-06-11 11:00:00,1,1230.2,1219.7,pivot,-10.5,0.173497,-10.873497,-342515.1555,1.0,2026-06-11,1230.35,1235.5,1227.0,0.0,1221.75,1224.4,1218.0,0.0,2026,0.0,0.0,0.0,0.0,0.0,0.0,0.0,0.0,0.0,0.0,0.0,0.0,0.0,0.0,0.0,1.0,2.0,2.0,0,10,3,6,29.928258821251735,0.9280486882434426,1.353184757126388,0.9280486882434426,0.0719513117565574,6.898944552385597e-05,6.920317693064041e-05,0.0035320661788983,True,0.9280486882434426,0.0719513117565574,-1.353184757126388,1,0,0,0.0,1,1,1,1,,0,1,1,0,0,0,0,0.8560973764868851,1.353184757126388,0.5173392,0.560478054402042,0.53727645
2026-06-11 11:00:00,2026-06-11 11:30:00,-1,1219.7,1203.05,pivot,16.65000000000009,0.1726825,16.27731750000009,512735.5012500028,1.0,2026-06-11,1221.75,1224.4,1218.0,0.0,1199.5,1207.45,1198.1,0.0,2026,0.0,0.0,0.0,0.0,0.0,0.0,0.0,0.0,0.0,0.0,0.0,0.0,0.0,0.0,0.0,1.0,1.0,2.0,1,11,3,6,91.05221830444164,0.2247723901276926,-0.5993776076036381,0.2247723901276926,0.7752276098723074,6.898944552385597e-05,6.920317693064041e-05,0.0035320661788983,True,0.7752276098723074,0.2247723901276926,-0.5993776076036381,1,0,0,0.0,1,1,1,1,,0,1,1,0,1,0,0,0.5504552197446149,0.5993776076036381,0.50914,0.5123001042481471,0.52539873
2026-06-11 11:30:00,2026-06-11 11:35:00,-1,1203.05,1199.4,pivot,3.649999999999864,0.1720735,3.277926499999864,103254.68474999572,1.0,2026-06-11,1199.5,1207.45,1198.1,0.0,1208.0,1209.0,1198.6,0.0,2026,0.0,0.0,0.0,0.0,0.0,0.0,0.0,0.0,0.0,0.0,0.0,0.0,0.0,0.0,0.0,1.0,0.0,1.0,1,11,3,6,61.57713565531967,0.8363125825366702,0.8146897578071058,0.8363125825366702,0.1636874174633298,4.661959944845312e-06,2.9904495651212826e-05,0.0037955197880202,True,0.1636874174633298,0.8363125825366702,0.8146897578071058,1,0,0,0.0,1,1,1,1,,0,1,1,0,0,1,0,-0.6726251650733404,0.8146897578071058,0.5305238,0.7008030368062613,0.52787936
2026-06-11 11:35:00,2026-06-11 11:55:00,1,1199.4,1208.05,pivot,8.649999999999864,0.1722235,8.277776499999865,260749.95974999573,1.0,2026-06-11,1208.0,1209.0,1198.6,0.0,1213.45,1215.1,1207.85,0.0,2026,0.0,0.0,0.0,0.0,0.0,0.0,0.0,0.0,0.0,0.0,0.0,0.0,0.0,0.0,0.0,1.0,0.0,1.0,1,11,3,6,66.76545947417047,0.1816747552698319,-0.7755296652309638,0.1816747552698319,0.8183252447301681,4.661959944845312e-06,2.9904495651212826e-05,0.0037955197880202,True,0.1816747552698319,0.8183252447301681,0.7755296652309638,1,0,0,0.0,1,1,1,1,,0,1,1,0,0,1,0,-0.6366504894603362,0.7755296652309638,0.5305238,0.7008030368062613,0.52120733
2026-06-12 14:40:00,2026-06-12 15:05:00,1,1321.25,1309.25,pivot,-12.0,0.178915,-12.378915000000001,-389935.8225,1.0,2026-06-12,1316.1,1328.75,1312.0,0.0,1309.35,1312.45,1302.25,0.0,2026,0.0,0.0,0.0,0.0,0.0,0.0,0.0,0.0,0.0,0.0,0.0,0.0,0.0,0.0,0.0,2.0,0.0,0.0,0,14,4,6,0.2794250339304262,0.0018372949329423,-3.723465879702211,0.0018372949329423,0.9981627050670576,3.055787888363436e-05,5.2031196358493474e-05,0.0038473955823689,True,0.0018372949329423,0.9981627050670576,3.723465879702211,1,0,0,0.0,1,1,1,1,,0,1,0,1,0,1,0,-0.9963254101341154,3.723465879702211,0.5258985,0.7554231599484329,0.5265367
2026-06-12 15:05:00,2026-06-12 15:10:00,-1,1309.25,1309.15,pivot,0.099999999999909,0.178552,-0.27855200000009095,-8774.388000002866,1.0,2026-06-12,1309.35,1312.45,1302.25,0.0,1312.85,1314.4,1308.55,0.0,2026,0.0,0.0,0.0,0.0,0.0,0.0,0.0,0.0,0.0,0.0,0.0,0.0,0.0,0.0,0.0,2.0,0.0,0.0,0,15,4,6,35.76316750715657,0.901780511956344,1.1808541815606144,0.901780511956344,0.0982194880436558,3.055787888363436e-05,5.2031196358493474e-05,0.0038473955823689,True,0.0982194880436558,0.901780511956344,1.1808541815606144,1,0,0,0.0,1,1,1,1,,0,1,0,0,0,1,0,-0.8035610239126882,1.1808541815606144,0.5258985,0.7720600954649203,0.52176034
2026-06-17 10:50:00,2026-06-17 11:05:00,-1,1396.0,1402.3,pivot,-6.2999999999999545,0.183949,-6.683948999999953,-210544.39349999852,1.0,2026-06-17,1401.1,1401.25,1395.25,0.0,1402.2,1403.5,1401.4,0.0,2026,0.0,0.0,0.0,0.0,0.0,0.0,0.0,0.0,0.0,0.0,0.0,0.0,0.0,0.0,0.0,1.0,1.0,1.0,0,10,2,6,127.6734191888908,0.4024310088005635,-0.1890937137992691,0.4024310088005635,0.5975689911994365,8.609006422132418e-05,7.441946467425957e-05,0.0038019981643457,True,0.5975689911994365,0.4024310088005635,-0.1890937137992691,1,0,0,0.0,1,1,1,1,,0,1,1,0,1,0,0,0.19513798239887303,0.1890937137992691,0.5075804,0.5142534869249903,0.50305176
2026-06-18 10:25:00,2026-06-18 10:30:00,1,1441.1,1439.6,pivot,-1.5,0.186421,-1.8864210000000001,-59422.2615,1.0,2026-06-18,1439.35,1443.15,1438.15,0.0,1445.6,1447.1,1439.6,0.0,2026,0.0,0.0,0.0,0.0,0.0,0.0,0.0,0.0,0.0,0.0,0.0,0.0,0.0,0.0,0.0,1.0,1.0,1.0,0,10,3,6,53.53998520404634,0.1410529764583619,-0.9615979155242336,0.1410529764583619,0.8589470235416381,0.0001289553841658,7.939711171105093e-05,0.0037918048576148,True,0.1410529764583619,0.8589470235416381,0.9615979155242336,1,0,0,0.0,1,1,1,1,,0,1,1,0,1,0,0,-0.7178940470832762,0.9615979155242336,0.5075804,0.5106550274582811,0.5150758
2026-06-18 10:30:00,2026-06-18 12:20:00,-1,1439.6,1447.65,pivot,-8.050000000000182,0.1866175,-8.436617500000182,-265753.45125000575,1.0,2026-06-18,1445.6,1447.1,1439.6,0.0,1451.15,1451.25,1447.2,0.0,2026,0.0,0.0,0.0,0.0,0.0,0.0,0.0,0.0,0.0,0.0,0.0,0.0,0.0,0.0,0.0,1.0,1.0,2.0,0,10,3,6,106.9964055916029,0.3134860845777055,-0.3779884461523318,0.3134860845777055,0.6865139154222946,0.0001289553841658,7.939711171105093e-05,0.0037918048576148,True,0.6865139154222946,0.3134860845777055,-0.3779884461523318,1,0,0,0.0,1,1,1,1,,0,1,1,0,1,0,0,0.37302783084458907,0.3779884461523318,0.5173392,0.5345218315289455,0.53854734
2026-06-19 10:40:00,2026-06-19 10:45:00,-1,1527.3,1526.95,pivot,0.349999999999909,0.1916275,-0.04162750000009093,-1311.2662500028644,1.0,2026-06-19,1526.9,1527.5,1522.15,0.0,1528.55,1529.15,1525.35,0.0,2026,0.0,0.0,0.0,0.0,0.0,0.0,0.0,0.0,0.0,0.0,0.0,0.0,0.0,0.0,0.0,1.0,1.0,1.0,0,10,4,6,83.59219183708427,0.2364584558182402,-0.5901335682685734,0.2364584558182402,0.7635415441817598,0.0001289553841658,7.939711171105093e-05,0.0037918048576148,True,0.7635415441817598,0.2364584558182402,-0.5901335682685734,1,0,0,0.0,1,1,1,1,,0,1,1,0,1,0,0,0.5270830883635196,0.5901335682685734,0.5075804,0.5046910494460957,0.5412128
2026-06-19 10:45:00,2026-06-19 11:15:00,-1,1526.95,1515.3,pivot,11.650000000000093,0.1912675,11.258732500000088,354650.0737500028,1.0,2026-06-19,1528.55,1529.15,1525.35,0.0,1507.6,1516.2,1507.25,0.0,2026,0.0,0.0,0.0,0.0,0.0,0.0,0.0,0.0,0.0,0.0,0.0,0.0,0.0,0.0,0.0,1.0,1.0,1.0,1,10,4,6,132.8902459782755,0.4424413142147734,-0.0986518261014375,0.4424413142147734,0.5575586857852266,0.0001289553841658,7.939711171105093e-05,0.0037918048576148,True,0.5575586857852266,0.4424413142147734,-0.0986518261014375,1,0,0,0.0,1,1,1,1,,0,1,1,0,1,0,0,0.11511737157045321,0.0986518261014375,0.5075804,0.5046910494460957,0.5364413
2026-06-19 11:15:00,2026-06-19 11:55:00,1,1515.3,1521.4,pivot,6.100000000000136,0.191101,5.7088990000001365,179830.3185000043,1.0,2026-06-19,1507.6,1516.2,1507.25,0.0,1517.35,1522.7,1517.0,0.0,2026,0.0,0.0,0.0,0.0,0.0,0.0,0.0,0.0,0.0,0.0,0.0,0.0,0.0,0.0,0.0,1.0,0.0,0.0,1,11,4,6,110.92505683008382,0.3281517312679577,-0.3427108227347604,0.3281517312679577,0.6718482687320423,0.0001289553841658,7.939711171105093e-05,0.0037918048576148,True,0.3281517312679577,0.6718482687320423,0.3427108227347604,1,0,0,0.0,1,1,1,1,,0,1,1,0,0,1,0,-0.3436965374640846,0.3427108227347604,0.5258985,0.7696948210962681,0.52933854
2026-06-19 12:05:00,2026-06-19 12:30:00,-1,1515.8,1486.6,pivot,29.200000000000045,0.190072,28.809928000000042,907512.7320000014,1.0,2026-06-19,1513.95,1518.0,1513.0,0.0,1472.35,1487.05,1472.0,0.0,2026,0.0,0.0,0.0,0.0,0.0,0.0,0.0,0.0,0.0,0.0,0.0,0.0,0.0,0.0,0.0,1.0,1.0,0.0,1,12,4,6,124.30714084642304,0.3729809315288028,-0.2516156967469004,0.3729809315288028,0.6270190684711971,0.0001166426830335,6.164845852882407e-05,0.0035204188091341,True,0.6270190684711971,0.3729809315288028,-0.2516156967469004,1,0,0,0.0,1,1,1,1,,0,1,0,1,1,0,0,0.25403813694239435,0.2516156967469004,0.50965536,0.5189918327426457,0.5273807
2026-06-19 12:30:00,2026-06-19 12:50:00,-1,1486.6,1471.95,pivot,14.649999999999864,0.1887565,14.261243499999864,449229.1702499957,1.0,2026-06-19,1472.35,1487.05,1472.0,0.0,1466.4,1478.8,1465.0,0.0,2026,0.0,0.0,0.0,0.0,0.0,0.0,0.0,0.0,0.0,0.0,0.0,0.0,0.0,0.0,0.0,1.0,0.0,0.0,1,12,4,6,55.40076981184579,0.1469593401041745,-0.9902783019001082,0.1469593401041745,0.8530406598958254,0.0001166426830335,6.164845852882407e-05,0.0035204188091341,True,0.8530406598958254,0.1469593401041745,-0.9902783019001082,1,0,0,0.0,1,1,1,1,,0,1,0,1,0,1,0,0.7060813197916509,0.9902783019001082,0.5258985,0.7709621513619859,0.53736454
2026-06-19 12:50:00,2026-06-19 13:00:00,1,1471.95,1462.4,pivot,-9.549999999999956,0.1880305,-9.938030499999954,-313047.9607499986,1.0,2026-06-19,1466.4,1478.8,1465.0,0.0,1451.95,1467.4,1451.25,0.0,2026,0.0,0.0,0.0,0.0,0.0,0.0,0.0,0.0,0.0,0.0,0.0,0.0,0.0,0.0,0.0,1.0,0.0,0.0,0,12,4,6,102.57045217846463,0.2925882190384677,-0.4515475238260915,0.2925882190384677,0.7074117809615322,0.0001166426830335,6.164845852882407e-05,0.0035204188091341,True,0.2925882190384677,0.7074117809615322,0.4515475238260915,1,0,0,0.0,1,1,1,1,,0,1,0,1,0,1,0,-0.4148235619230645,0.4515475238260915,0.5258985,0.7709621513619859,0.5152992
