entry_time,exit_time,direction,entry_px,exit_px,exit_reason,gross_pts,cost_pts,net_pts,net_krw,size_factor,exit_date,entry_close,entry_volume,exit_close,exit_high,exit_low,exit_volume,year,atr_normalized,volatility_regime,trend_regime,momentum_regime,is_win,entry_hour,entry_dayofweek,entry_month,entry_open,entry_high,entry_low,entry_atr,entry_rsi,entry_macd,entry_macd_signal,entry_macd_hist,entry_bb_middle,entry_bb_upper,entry_bb_lower,entry_ma5,entry_ma10,entry_ma20,entry_ma60,entry_supertrend,entry_supertrend_dir,future_return_1,is_win_h1,future_return_5,is_win_h5,future_return_10,is_win_h10,future_return_20,is_win_h20,future_return_3,is_win_h3,future_return_4,is_win_h4,future_return_6,is_win_h6,future_return_7,is_win_h7,timestamp,ret_log_1m,ret_log_5m,ret_log_1m_kde_pdf,ret_log_1m_kde_cdf,ret_log_1m_kde_zscore,ret_log_1m_kde_left_tail,ret_log_1m_kde_right_tail,ret_log_1m_kde_median,ret_log_1m_kde_mean,ret_log_1m_kde_std,ret_log_1m_kde_ready,ret_log_5m_kde_pdf,ret_log_5m_kde_cdf,ret_log_5m_kde_zscore,ret_log_5m_kde_left_tail,ret_log_5m_kde_right_tail,ret_log_5m_kde_median,ret_log_5m_kde_mean,ret_log_5m_kde_std,ret_log_5m_kde_ready,rsi_oversold,rsi_overbought,macd_bullish,macd_strength,price_above_ma20,price_above_ma60,price_above_ma5,price_above_ma10,bb_position,bb_lower_touch,price_above_st,is_morning,is_afternoon,is_bull,is_neutral,is_bear,price_ma20_ratio,price_ma60_ratio,bb_width,atr_ratio,rsi_macd_interaction,rsi_bb_interaction,pnl_per_contract,_has_kde,filter_score,entry_score,exit_score
2023-01-03 14:10:00,2023-01-03 15:10:00,-1,291.45,291.35,pivot,0.0999999999999659,0.117484,-0.11748400000003412,-3700.7460000010747,1.0,2023-01-03,291.9,0.0,290.9,291.35,290.9,0.0,2023,0.0,1.0,1.0,1.0,0,14,1,1,291.45,292.0,291.45,0.4766281450420607,66.08530431037926,0.5826404043999673,0.644740752907703,-0.0621003485077357,291.175,292.0614476703088,290.28855232969124,291.4,291.415,291.175,288.88416666666666,290.3313360426938,1.0,-0.0010293360782295,0,-0.0017155601303825,0,-0.0,0,0.0044604563389947,1,-0.0008577800651912,0,-0.0010293360782295,0,-0.0022302281694974,0,-0.0008577800651912,0,2023-01-03 14:10:00,0.0015428133685102,0.0027444271084914,61.33254859802655,0.9689193585040772,1.351897343677474,0.9689193585040772,0.0310806414959229,-1.3613272966881417e-05,-3.096265548689042e-05,0.0011641239117432,True,46.53473023412524,0.9358805724268052,1.190995587278093,0.9358805724268052,0.0641194275731946,-9.650888665307157e-05,-0.0001554229893005,0.0024348117900413,True,0,0,0,0.062100348507735714,1,1,1,1,0.6551134992007982,1,1,0,1,1,0,0,0.0009435580717103354,0.008803682735746544,0.0060830171234089484,0.0016353684853047201,-4.1039204289143205,43.29337495252215,-27.0200720535228,True,0.7203842,0.6033391569860143,32.732468
2023-01-03 15:10:00,2023-01-03 15:20:00,-1,291.35,291.25,pivot,0.1000000000000227,0.117478,-0.11747799999997727,-3700.556999999284,1.0,2023-01-03,290.9,0.0,291.1,291.25,290.95,0.0,2023,0.0,1.0,1.0,1.0,1,15,1,1,291.35,291.35,290.9,0.4784268175950993,45.29940293491909,0.2589977956927782,0.426241327469758,-0.1672435317769797,291.5725,292.2961421030323,290.8488578969677,291.51,291.675,291.5725,289.66,290.62865698286527,1.0,0.000343229792346,1,0.001372919169384,1,-0.0037755277158056,0,-0.0056632915737085,0,0.0012013042732109,1,0.0008580744808649,1,0.0036039128196327,1,0.0075510554316116,1,2023-01-03 15:10:00,-0.001374098464233,-0.0027463113725198,98.35487853393612,0.0490309919121124,-1.1537739197667636,0.0490309919121124,0.9509690080878876,-1.3613272966881417e-05,-3.096265548689042e-05,0.0011641239117432,True,52.953066945799456,0.0769054548805897,-1.0641021182073596,0.0769054548805897,0.9230945451194104,-9.650888665307157e-05,-0.0001554229893005,0.0024348117900413,True,0,0,0,0.16724353177697981,0,1,0,0,0.34626378214616466,1,1,0,0,1,0,0,-0.0007636862879696865,0.00580058349064698,0.004967510575131756,0.0016421033725591188,-7.576032134224348,15.685542589208154,37.84108460614335,True,0.6430419,0.5339325415119156,64.49691
2023-01-05 11:10:00,2023-01-05 12:05:00,-1,298.7,297.85,pivot,0.8499999999999659,0.1178965,0.6321034999999661,19911.26024999893,1.0,2023-01-05,298.2,0.0,298.05,298.1,297.55,0.0,2023,0.0,1.0,1.0,1.0,1,11,3,1,298.7,298.7,298.15,0.5947384364845926,41.65351800352727,0.1000357675365535,0.285324094598247,-0.1852883270616935,299.1975,300.103314550097,298.29168544990296,298.96,299.27,299.1975,298.205,298.4001509714493,-1.0,0.0010043521928356,1,0.0008369601606963,1,0.0028456645463674,1,0.0035152326749247,1,0.001339136257114,1,0.0010043521928356,1,0.001841312353532,1,0.0015065282892533,1,2023-01-05 11:10:00,-0.0015079168476769,-0.005851391768464,76.05944217515965,0.0404283577270248,-1.2659142798130258,0.0404283577270248,0.9595716422729752,-1.1816083513723243e-05,-3.756428117006391e-05,0.0011614945734904,True,8.36046195811523,0.0196052374445802,-2.339826116775635,0.0196052374445802,0.9803947625554198,-0.0001239355787399,-0.0001844237096588,0.0024219611953962,True,0,0,0,0.1852883270616935,0,1,0,0,0.22538528998749893,1,1,1,0,1,0,0,-0.0016655507197857458,0.00165718111817879,0.006065045531282451,0.0019910895094897643,-7.717910667107698,9.388090234224501,42.182792099090996,True,0.6838584,0.5206988242673571,43.493137
2023-01-05 12:40:00,2023-01-05 12:55:00,1,298.15,297.65,pivot,-0.5,0.117874,-0.7178740000000001,-22613.031000000003,1.0,2023-01-05,297.75,0.0,297.6,297.75,297.45,0.0,2023,0.0,1.0,1.0,1.0,0,12,3,1,298.15,298.15,297.7,0.4687059027927772,40.92218832482149,-0.2250696876255347,-0.1793569039614663,-0.0457127836640683,298.2525,298.79779084381966,297.70720915618034,298.02,298.12,298.2525,298.5433333333333,298.4001509714493,-1.0,-0.0020124098608082,0,-0.0023478115042763,0,0.0008385041086701,1,0.0016770082173402,1,-0.0018447090390741,0,-0.0021801106825422,0,-0.0018447090390741,0,-0.000503102465202,0,2023-01-05 12:40:00,-0.0011747924486163,-0.0023482063792493,145.55777858320232,0.0768814072577123,-0.9791076027405216,0.0768814072577123,0.9231185927422876,-1.1816083513723243e-05,-3.756428117006391e-05,0.0011614945734904,True,84.87243744836285,0.1134125875686422,-0.8934010477556458,0.1134125875686422,0.8865874124313577,-0.0001239355787399,-0.0001844237096588,0.0024219611953962,True,0,0,0,0.04571278366406839,0,0,1,1,0.4060134594576834,1,0,0,1,1,0,0,-0.000343786684554823,-0.0013192464643076193,0.0036578289037038896,0.0015720473009987496,-1.8706671419528265,16.614959250339595,-58.10833473083415,True,0.6354141,0.4867423578340828,31.907633
2023-01-05 15:10:00,2023-01-05 15:45:00,1,299.45,298.45,eod,-1.0,0.117937,-1.217937,-38365.0155,1.0,2023-01-05,299.95,0.0,298.45,298.45,298.45,0.0,2023,0.0,1.0,1.0,1.0,1,15,3,1,299.45,300.0,299.35,0.4081260390923338,68.83705227681475,0.2714386926264751,0.1932552315986859,0.0781834610277892,299.01750000000004,299.7539745318033,298.2810254681968,299.37,299.075,299.01750000000004,298.6508333333333,298.46595070705564,1.0,0.0006678911337451,1,-0.0033394556687259,0,-0.0011688094840539,0,0.0048422107196526,1,0.0006678911337451,1,-0.0020036734012354,0,-0.0003339455668724,0,0.0041743195859074,1,2023-01-05 15:10:00,0.0016683353886306,0.0038413408404396,49.20131144468445,0.9731962056340396,1.4687108392373,0.9731962056340396,0.0268037943659603,-1.1816083513723243e-05,-3.756428117006391e-05,0.0011614945734904,True,20.56230539862561,0.9654369954585302,1.6621920110656094,0.9654369954585302,0.0345630045414697,-0.0001239355787399,-0.0001844237096588,0.0024219611953962,True,0,0,1,0.07818346102778917,1,1,1,1,0.7936286194045123,1,1,0,0,1,0,0,0.0014443145767238195,0.0026687816552569002,0.004918848100205399,0.0013629188148015824,5.381918993952233,54.63105476232473,21.03857071297065,True,0.6924387,0.5632669210469224,46.74541
2023-01-06 14:20:00,2023-01-06 14:25:00,-1,303.15,302.5,pivot,0.6499999999999773,0.1181695,0.43183049999997725,13602.660749999282,1.0,2023-01-06,302.5,0.0,302.1,302.55,301.85,0.0,2023,0.0,1.0,1.0,1.0,1,14,4,1,303.15,303.3,302.45,0.4117708342011236,34.45841985378789,0.0693503962964428,0.287736363460616,-0.2183859671641732,303.77250000000004,304.58650568959786,302.9584943104022,303.35,303.725,303.77250000000004,302.53000000000003,303.2989531804057,-1.0,0.003463631865413,1,0.0065973940293584,1,0.0014844136566056,1,-0.016493485073396,0,0.003463631865413,1,0.0049480455220188,1,0.0064324591786244,1,0.0031337621639452,1,2023-01-06 14:20:00,-0.0023113762973204,-0.0059327794320292,17.2780208963045,0.0114730459734272,-1.957660473020822,0.0114730459734272,0.9885269540265728,-1.1816083513723243e-05,-3.756428117006391e-05,0.0011614945734904,True,7.983199849178772,0.018934514239079,-2.3734301496230503,0.018934514239079,0.981065485760921,-0.0001239355787399,-0.0001844237096588,0.0024219611953962,True,0,0,0,0.2183859671641732,0,1,0,0,0.11763166526045996,1,0,0,1,1,0,0,-0.002053438891637998,0.002045192149100933,0.005370316276416431,0.001358307221511211,-7.525235346718615,4.053401309645165,109.1044037605095,True,0.68268627,0.5538486590621557,52.482197
2023-01-06 14:25:00,2023-01-06 15:10:00,-1,302.5,302.75,pivot,-0.25,0.1181575,-0.4681575,-14746.96125,1.0,2023-01-06,302.1,0.0,302.7,302.8,302.5,0.0,2023,0.0,1.0,1.0,1.0,1,14,4,1,302.5,302.55,301.85,0.4323586317581853,30.53551020650528,-0.0520374970414536,0.2197815913602021,-0.2718190884016558,303.6825,304.7843047393903,302.58069526060973,302.97,303.545,303.6825,302.5725,303.2989531804057,-1.0,0.0004958677685949,1,0.004297520661157,1,-0.0008264462809917,0,-0.0198347107438016,0,0.0028099173553719,1,0.0044628099173554,1,0.0009917355371901,1,-0.0008264462809917,0,2023-01-06 14:25:00,-0.0013231890782697,-0.0062696130135953,110.78263017965531,0.0577559173444662,-1.1068711179909216,0.0577559173444662,0.9422440826555336,-1.1816083513723243e-05,-3.756428117006391e-05,0.0011614945734904,True,6.316273998937026,0.0165040542785456,-2.512504872292584,0.0165040542785456,0.9834959457214544,-0.0001239355787399,-0.0001844237096588,0.0024219611953962,True,0,0,0,0.2718190884016557,0,0,0,0,-0.03661958318240014,1,0,0,1,1,0,0,-0.0039090909090909245,-0.00023966942148757325,0.0072846594339852876,0.0014292847330849101,-8.300134548211721,-1.1181976560241487,88.51239669421486,True,0.7111627,0.6216227519916376,55.38068
2023-01-16 10:55:00,2023-01-16 12:20:00,1,318.2,318.6,pivot,0.4000000000000341,0.119104,0.18089600000003414,5698.224000001075,1.0,2023-01-16,318.6,0.0,318.9,318.9,318.5,0.0,2023,0.0,1.0,1.0,1.0,1,10,0,1,318.2,318.65,318.05,0.5264306746988142,73.47069391378173,0.8143526776095769,0.8797454756819225,-0.0653927980723456,317.45500000000004,318.50826559885763,316.40173440114245,317.73,317.635,317.45500000000004,314.6058333333333,316.7658959135904,1.0,0.0012570710245129,1,0.0025141420490258,1,0.0018856065367693,1,0.0018856065367693,1,0.0023570081709616,1,0.0017284726587052,1,0.0012570710245129,1,0.0017284726587052,1,2023-01-16 10:55:00,0.0014134277971471,0.0031436681029675,88.15906879252469,0.945029834387316,1.230033558699325,0.945029834387316,0.0549701656126838,1.7268993125074014e-05,2.7362051223676787e-06,0.0011468724426644,True,46.488158036551255,0.9310746190041184,1.257414298060513,0.9310746190041184,0.0689253809958817,2.0226188306165754e-05,2.011788076889258e-05,0.0024841058567701,True,0,1,0,0.06539279807234566,1,1,1,1,0.853661982698381,1,1,1,0,1,0,0,0.002341294783155084,0.011295306934841907,0.006620148327200456,0.0016544018689466193,-4.80445425133904,62.71913823666478,74.2457573852904,True,0.78650886,0.6188390236292454,37.598797
2023-01-18 11:40:00,2023-01-18 11:50:00,-1,311.4,312.6,pivot,-1.2000000000000457,0.11872,-1.4187200000000457,-44689.68000000144,1.0,2023-01-18,313.05,0.0,312.25,312.75,312.2,0.0,2023,0.0,1.0,1.0,1.0,0,11,2,1,311.4,313.25,311.4,0.5140308560250095,54.55241189579279,-0.4172994614585832,-0.5110285501674402,0.0937290887088569,312.34250000000003,313.35727246621144,311.3277275337886,312.01,312.15,312.34250000000003,313.95416666666665,312.737085946151,1.0,-0.0038535645472063,0,-0.004014129736673,0,-0.0035324341682723,0,-0.0020873474630701,0,-0.004014129736673,0,-0.0028901734104047,0,-0.0048169556840077,0,-0.0051380860629416,0,2023-01-18 11:40:00,0.0052846627914217,0.0022385682517404,0.8556674695919279,0.99976666267909,4.605504840649925,0.99976666267909,0.0002333373209099,1.7268993125074014e-05,2.7362051223676787e-06,0.0011468724426644,True,83.7930853171354,0.8733898030067051,0.8930579044872271,0.8733898030067051,0.1266101969932949,2.0226188306165754e-05,2.011788076889258e-05,0.0024841058567701,True,0,0,1,0.09372908870885699,0,0,0,0,0.03561018288226909,1,0,1,0,1,0,0,-0.0030266538214516773,-0.008202205095268703,0.006517485332122104,0.0016507092357900114,5.113147853862863,1.942621364278053,-126.44508670519951,True,0.5998947,0.48208713151228827,31.35837
2023-01-27 11:10:00,2023-01-27 11:15:00,1,330.15,330.8,pivot,0.6500000000000341,0.1198285,0.43017150000003407,13550.402250001072,1.0,2023-01-27,330.85,0.0,330.85,331.15,330.7,0.0,2023,0.0,1.0,1.0,1.0,1,11,4,1,330.15,330.85,330.15,0.4730678878697044,83.31818749168393,0.8283172261352547,0.7390462369352291,0.0892709892000256,328.98,330.48416964381056,327.4758303561895,329.98999999999995,329.56,328.98,326.89083333333326,329.06602890434,1.0,0.0021202483719522,1,0.0013630168105408,1,0.0003028926245646,1,-0.0004543389368468,0,0.0018173557473876,1,0.0004543389368469,1,0.0009086778736938,1,0.0009086778736938,1,2023-01-27 11:10:00,0.0019665689720408,0.0040887465155067,34.75215893214168,0.9757029892528052,1.6445500916517315,0.9757029892528052,0.0242970107471947,1.498540140790906e-05,2.239535844998999e-05,0.0011821917881736,True,24.621916307662904,0.9616134078231624,1.5407997415507555,0.9616134078231624,0.0383865921768374,5.851390418369391e-05,0.0001086878180273,0.0025831122566736,True,0,1,1,0.08927098920002563,1,1,1,1,0.8889188978165972,1,1,1,0,1,0,0,0.0035438437074056008,0.009871775455601138,0.009112037824083246,0.0014328877415408282,7.437897015735825,74.06311139318427,57.2467060427094,True,0.78247964,0.5571834156007702,53.493732
2023-01-27 11:15:00,2023-01-27 12:05:00,1,330.8,330.25,pivot,-0.5500000000000114,0.1198315,-0.7698315000000114,-24249.69225000036,1.0,2023-01-27,330.85,0.0,330.2,330.4,330.05,0.0,2023,0.0,1.0,1.0,1.0,0,11,4,1,330.8,331.15,330.7,0.4714201815932962,83.31818749168393,0.873128025767528,0.7658625947016888,0.1072654310658391,329.12,330.7735130071277,327.4664869928723,330.22,329.745,329.12,327.0075,329.4994260139059,1.0,0.0007557436517533,1,-0.0010580411124547,0,-0.001813784764208,0,-0.0052902055622732,0,-0.0015114873035066,0,-0.0006045949214026,0,-0.0010580411124547,0,-0.001813784764208,0,2023-01-27 11:15:00,0.0,0.0034819503803833,497.5933888370353,0.4924957975941182,-0.0189439299731465,0.4924957975941182,0.5075042024058818,1.498540140790906e-05,2.239535844998999e-05,0.0011821917881736,True,38.138326843216745,0.942882292922286,1.305890812000482,0.942882292922286,0.057117707077714,5.851390418369391e-05,0.0001086878180273,0.0025831122566736,True,0,1,1,0.10726543106583919,1,1,1,1,1.0080093088951056,0,1,1,0,1,0,0,0.005078597339782366,0.011464631197097999,0.009997055665826392,0.0014250912381901335,8.93716129691988,83.98550859188515,-47.6118500604579,True,0.6036216,0.4830629731404869,37.841244
2023-02-06 15:10:00,2023-02-06 15:30:00,1,321.3,319.4,pivot,-1.900000000000034,0.119221,-2.119221000000034,-66755.46150000108,1.0,2023-02-06,320.7,0.0,318.95,319.6,318.95,0.0,2023,0.0,1.0,1.0,1.0,0,15,0,2,321.3,321.35,320.7,0.3808962779501202,33.06719132055292,-0.2970071190548538,-0.3212099165885707,0.0242027975337169,321.44500000000005,322.10106482422003,320.78893517578007,321.38,321.285,321.44500000000005,322.5125,321.9717068259389,-1.0,-0.002489884842826,0,-0.0077808901338313,0,-0.0059134765017119,0,-0.0010893246187364,0,-0.0060690943043883,0,-0.0073140367258015,0,-0.0060690943043883,0,-0.0051353874883287,0,2023-02-06 15:10:00,-0.0017135295103204,-0.0023359038885864,53.27449130587809,0.0378467557090424,-1.483494260707921,0.0378467557090424,0.9621532442909576,1.8096692775343992e-05,4.018129139850726e-05,0.0011821486932359,True,75.1796322063704,0.114565724934692,-0.9878711599757692,0.114565724934692,0.8854342750653079,7.563893519620459e-05,0.0002021615768078,0.0025692272112251,True,0,0,1,0.024202797533716902,0,0,0,1,0.3894926273692282,1,0,0,0,1,0,0,-0.0004512916277623363,-0.0037737317149081147,0.004083814654341623,0.0011854848364460636,0.800318536540023,12.879427227163095,-191.17647058823144,True,0.71102643,0.6171807075624531,60.03207
2023-02-06 15:30:00,2023-02-06 15:45:00,1,319.4,318.8,eod,-0.5999999999999659,0.119146,-0.8191459999999658,-25803.098999998925,1.0,2023-02-06,318.95,0.0,318.8,318.8,318.8,0.0,2023,0.0,1.0,1.0,1.0,1,15,0,2,319.4,319.6,318.95,0.4569691949847366,19.63014529920084,-0.639738914601935,-0.4367660908097687,-0.2029728237921663,321.025,322.6570797196944,319.39292028030553,319.84,320.685,321.025,322.2808333333333,320.7502968892225,-1.0,-0.0018785222291796,0,0.0012523481527865,1,0.0034439574201628,1,0.0043832185347527,1,0.0007827175954915,1,0.0031308703819661,1,0.0,0,0.0012523481527865,1,2023-02-06 15:30:00,-0.0012533293196339,-0.0071852855214653,129.60265803079338,0.0789551254927838,-1.094202969925642,0.0789551254927838,0.9210448745072162,1.8096692775343992e-05,4.018129139850726e-05,0.0011821486932359,True,3.4559896987197627,0.0051165228650645,-2.8753576429506658,0.0051165228650645,0.9948834771349354,7.563893519620459e-05,0.0002021615768078,0.0025692272112251,True,1,0,0,0.2029728237921663,0,0,0,0,0.0021689258217640495,1,0,0,0,1,0,0,-0.005087664370695053,-0.00901951575871424,0.01021966011079803,0.001430711318048643,-3.9843860228293138,0.042576329024416874,24.65560425798225,True,0.71350175,0.5393834906095962,73.07924
2023-02-07 10:55:00,2023-02-07 13:35:00,1,321.45,321.6,pivot,0.1500000000000341,0.1192915,-0.0692914999999659,-2182.6822499989257,1.0,2023-02-07,321.8,0.0,321.25,321.7,321.2,0.0,2023,0.0,1.0,1.0,1.0,1,10,1,2,321.45,321.95,321.45,0.6222585360369184,62.583861782304695,0.1231924739852274,-0.0132459563080598,0.1364384302932872,320.6025,321.65405273703743,319.5509472629626,320.82,320.835,320.6025,321.0225,320.17276720030026,1.0,0.0013999066728884,1,0.0001555451858765,1,0.001244361487012,1,0.000311090371753,1,0.0015554518587649,1,0.0004666355576295,1,0.0006221807435059,1,0.0006221807435059,1,2023-02-07 10:55:00,0.0010882239705871,0.0031123585659233,169.94626789312872,0.901983967113909,0.8865574061752103,0.901983967113909,0.0980160328860909,1.8096692775343992e-05,4.018129139850726e-05,0.0011821486932359,True,50.61778179438938,0.925114076166149,1.1327129715895077,0.925114076166149,0.0748859238338509,7.563893519620459e-05,0.0002021615768078,0.0025692272112251,True,0,0,1,0.1364384302932872,1,1,1,1,0.9029755095249284,1,1,1,0,1,0,0,0.0026364909006065273,0.0013299113392440788,0.00654255863765694,0.0019357863930219892,8.5388438632697,56.51169448091428,48.996733551094344,True,0.7439436,0.5061482060912694,37.815266
2023-02-10 12:25:00,2023-02-10 12:50:00,-1,323.0,322.7,pivot,0.3000000000000113,0.119371,0.08062900000001136,2539.8135000003576,1.0,2023-02-10,322.5,0.0,323.05,323.1,322.7,0.0,2023,0.0,1.0,1.0,1.0,1,12,4,2,323.0,323.0,322.5,0.4672344673082614,37.91408517408004,-0.1477982205010448,-0.0487093104019853,-0.0990889100990595,323.495,324.3073390535778,322.68266094642223,322.9,323.26,323.495,323.85,324.0581253115776,-1.0,0.0009287925696594,1,-0.0001547987616099,0,0.0004643962848296,1,-0.001547987616099,0,0.0009287925696594,1,0.0009287925696594,1,-0.0006191950464395,0,0.001702786377709,1,2023-02-10 12:25:00,-0.0015491869868293,-0.0027868109071791,76.46832021446012,0.0485637836709971,-1.3444740812403424,0.0485637836709971,0.9514362163290028,1.8096692775343992e-05,4.018129139850726e-05,0.0011821486932359,True,57.757547003132096,0.0844691152236814,-1.1633741348090725,0.0844691152236814,0.9155308847763186,7.563893519620459e-05,0.0002021615768078,0.0025692272112251,True,0,0,0,0.0990889100990595,0,0,1,0,0.19532426280634713,1,0,0,1,1,0,0,-0.0015325077399380945,-0.0026315789473684912,0.00502996318004813,0.00144654633841567,-3.756865377302502,7.405540736604239,29.256965944271098,True,0.67710996,0.6403557356210808,69.51246
2023-02-10 12:50:00,2023-02-10 13:05:00,-1,322.7,322.5,pivot,0.1999999999999886,0.119356,-0.019356000000011375,-609.7140000003583,1.0,2023-02-10,323.05,0.0,322.5,322.7,322.35,0.0,2023,0.0,1.0,1.0,1.0,1,12,4,2,322.7,323.1,322.7,0.429178201549738,48.2667858842864,-0.1923201433735926,-0.1513391996845593,-0.0409809436890332,323.265,324.24431232642337,322.2856876735766,322.75,322.825,323.265,323.59833333333336,323.79733601692607,-1.0,-0.0015494267121165,0,-0.000464828013635,0,-0.0027889680818098,0,-0.0018593120545398,0,0.0006197706848465,1,-0.000464828013635,0,-0.0015494267121165,0,-0.0015494267121165,0,2023-02-10 12:50:00,0.0010840109462583,0.0017039737683473,171.37877981922523,0.9012644681032506,0.8829935361197865,0.9012644681032506,0.0987355318967494,1.8096692775343992e-05,4.018129139850726e-05,0.0011821486932359,True,128.31344674701808,0.8055047227980225,0.5845384888412957,0.8055047227980225,0.1944952772019774,7.563893519620459e-05,0.0002021615768078,0.0025692272112251,True,0,0,0,0.040980943689033295,0,0,0,0,0.2115322738438946,1,0,0,1,1,0,0,-0.0017508521846916572,-0.002783803326102786,0.006069490712261437,0.001329960339478581,-1.9780184343745633,10.209982969239498,19.52277657266475,True,0.6855582,0.5222967518555227,44.207855
2023-02-14 12:15:00,2023-02-14 12:50:00,-1,324.75,325.2,pivot,-0.4499999999999886,0.1194985,-0.6694984999999886,-21089.20274999964,1.0,2023-02-14,324.6,0.0,325.0,325.2,324.85,0.0,2023,0.0,1.0,1.0,1.0,1,12,1,2,324.75,324.8,324.5,0.3848006283454818,52.73154760697783,0.162040032554728,0.2137650837491686,-0.0517250511944406,324.605,325.2365394734221,323.9734605265778,324.59000000000003,324.65500000000003,324.605,323.7116666666667,324.1056828370734,1.0,0.0004618937644341,1,-0.0015396458814472,0,-0.0006158583525788,0,0.0010777521170131,1,0.0003079291762895,1,-0.0006158583525788,0,-0.0012317167051577,0,-0.0007698229407236,0,2023-02-14 12:15:00,-0.0004620004702179,-0.0004620004702179,389.3967233235472,0.2772843113612805,-0.4315732803786669,0.2772843113612805,0.7227156886387194,2.699721089435665e-05,5.3368726096035295e-05,0.0011941638181627,True,210.541754206276,0.3574943211375488,-0.2775827869860835,0.3574943211375488,0.6425056788624512,0.0001730870309913,0.0002671795835133,0.0026268921846652,True,0,0,0,0.051725051194440624,1,1,1,1,0.614798841641933,1,1,0,1,1,0,0,0.00044649730561965146,0.003197331280472051,0.0038893885969031646,0.001184913405220883,-2.7275419995330097,32.41929438675641,9.69976905311925,True,0.5826009,0.5006295770271126,29.680847
2023-02-22 11:40:00,2023-02-22 11:50:00,-1,316.65,317.1,pivot,-0.4500000000000455,0.1190125,-0.6690125000000455,-21073.893750001433,1.0,2023-02-22,317.35,0.0,317.2,317.2,317.0,0.0,2023,0.0,1.0,1.0,1.0,0,11,2,2,316.65,317.35,316.55,0.5017941419597557,52.44099623453168,-0.4954553183130201,-0.6906518233468819,0.1951965050338617,316.705,317.65140594410457,315.7585940558954,316.58,316.435,316.705,319.1516666666667,317.5134944881125,-1.0,-0.0012632243802306,0,-0.0011053213327017,0,-0.0012632243802306,0,0.0001579030475286,1,-0.0012632243802306,0,-0.0015790304752881,0,-0.0015790304752881,0,-0.0015790304752881,0,2023-02-22 11:40:00,0.0022082027900399,0.0044212925330148,22.720896150335,0.9894491487741904,1.8701652764043848,0.9894491487741904,0.0105508512258095,6.8530246627432114e-06,1.611004800873861e-05,0.0011721385107982,True,12.80886125022581,0.97013889423178,1.6521648293768698,0.97013889423178,0.02986110576822,5.165208702030085e-05,7.3600984553007e-05,0.0026315119842501,True,0,0,1,0.19519650503386182,0,0,1,1,0.47094270152115136,1,0,1,0,1,0,0,-0.00017369335228172058,-0.007900415811358669,0.00597761531094005,0.001584696484951068,10.236299185474486,24.696704437150878,-39.791567977263895,True,0.6982156,0.4587826076637718,37.54172
2023-03-03 11:40:00,2023-03-03 12:55:00,-1,315.75,316.5,pivot,-0.75,0.1189675,-0.9689675,-30522.47625,1.0,2023-03-03,315.3,0.0,316.45,316.5,316.3,0.0,2023,0.0,1.0,1.0,1.0,1,11,4,3,315.75,315.8,315.25,0.5368066532973537,41.56254754357472,-0.2644617519724761,-0.2326684290583469,-0.0317933229141292,315.915,317.0152870440894,314.8147129559105,315.47,315.61,315.915,316.2975,316.3690188404692,-1.0,0.0007917656373713,1,-0.0009501187648456,0,-0.0031670625494853,0,-0.002375296912114,0,0.0001583531274743,1,-0.000633412509897,0,-0.0020585906571654,0,-0.0031670625494853,0,2023-03-03 11:40:00,-0.0012678290129307,-0.0025340526705569,121.944685394674,0.0740159842003302,-1.0725417784020363,0.0740159842003302,0.9259840157996696,6.104265124208584e-06,-7.039065106225429e-06,0.0011755159316058,True,63.8081014090554,0.105313766216923,-0.9104269800770668,0.105313766216923,0.8946862337830769,8.391691094463586e-06,-3.216012655389016e-05,0.0027480430597424,True,0,0,0,0.03179332291412923,0,0,1,1,0.42501956608218006,1,0,1,0,1,0,0,-0.000522565320665148,-0.0017339667458432736,0.006969355782039216,0.0017001002479726166,-1.3214114951867186,17.664895922240106,4.988123515440449,True,0.6726743,0.46107526955260986,32.88397
2023-03-06 11:35:00,2023-03-06 15:45:00,1,319.05,321.0,eod,1.9499999999999889,0.1192015,1.7307984999999888,54520.152749999645,1.0,2023-03-06,319.4,0.0,321.0,321.0,321.0,0.0,2023,0.0,1.0,1.0,1.0,1,11,0,3,319.05,319.4,318.95,0.4673280539895735,67.38896983718234,0.2869431671575171,0.2417288996795354,0.0452142674779816,318.5125,319.16934653389234,317.85565346610764,318.95,318.62,318.5125,317.605,317.8164483445829,1.0,0.0028208744710859,1,0.0042313117066289,1,0.0051716031969909,1,0.0054850336937784,1,0.0036044507130543,1,0.0040745964582354,1,0.0040745964582354,1,0.00470145745181,1,2023-03-06 11:35:00,0.0010964054665561,0.003135781810684,171.7690633726243,0.9010698788798857,0.9386895591920892,0.9010698788798857,0.0989301211201144,6.104265124208584e-06,-7.039065106225429e-06,0.0011755159316058,True,44.950559798859445,0.9298493753516348,1.152799235079983,0.9298493753516348,0.0701506246483651,8.391691094463586e-06,-3.216012655389016e-05,0.0027480430597424,True,0,0,1,0.04521426747798171,1,1,1,1,0.9091518888094751,1,1,1,0,1,0,0,0.0016846889202320097,0.004529070678577004,0.004117514708618391,0.0014647486412461166,3.046942907283997,61.266809212399075,113.54019746121045,True,0.7708131,0.5061482060912694,36.896233
2023-03-07 11:05:00,2023-03-07 11:10:00,1,321.2,321.65,pivot,0.4499999999999886,0.1192855,0.23071449999998864,7267.506749999642,1.0,2023-03-07,321.65,0.0,321.45,321.8,321.25,0.0,2023,0.0,1.0,1.0,1.0,1,11,1,3,321.2,322.05,321.2,0.4483212717319977,69.34754612881868,0.1274252777283777,0.0093934040920385,0.1180318736363392,320.4625,321.1864329721736,319.7385670278264,320.81,320.635,320.4625,320.5816666666667,320.306877461592,1.0,0.0007783312577833,1,0.0012453300124534,1,-0.0004669987546699,0,0.0,0,0.0010896637608967,1,0.0012453300124534,1,0.0006226650062266,1,0.00093399750934,1,2023-03-07 11:05:00,0.0014000157844028,0.0042059412418967,106.17135664943665,0.942374891974606,1.196967911431759,0.942374891974606,0.0576251080253941,6.104265124208584e-06,-7.039065106225429e-06,0.0011755159316058,True,15.657896345506083,0.9601794548180512,1.5422252404035677,0.9601794548180512,0.0398205451819486,8.391691094463586e-06,-3.216012655389016e-05,0.0027480430597424,True,0,0,1,0.1180318736363392,1,1,1,1,1.0093703618621463,1,1,1,0,1,0,0,0.0022960772104608077,0.0019250726442505684,0.004507677286261519,0.0013957698372727202,8.18522080166693,69.9973577302976,34.324408468246055,True,0.77548623,0.5994083531266124,39.10118
2023-03-10 10:55:00,2023-03-10 11:00:00,-1,311.45,311.1,pivot,0.3499999999999659,0.1186765,0.13132349999996587,4136.690249998925,1.0,2023-03-10,311.1,0.0,311.0,311.4,311.0,0.0,2023,0.0,1.0,1.0,1.0,1,10,4,3,311.45,311.6,310.95,0.5964867599674725,40.70694160132564,-0.4086197677327732,-0.5643611996817104,0.1557414319489372,311.39500000000004,312.846641539069,309.94335846093105,311.76,311.41,311.39500000000004,313.4316666666666,312.0440883671772,-1.0,0.0014448547118317,1,0.0014448547118317,1,0.0016053941242575,1,0.0009632364745545,1,0.0003210788248513,1,0.002568630598812,1,0.0024080911863862,1,0.0016053941242575,1,2023-03-10 10:55:00,-0.001124407796563,-0.0049699501097154,155.90636196801196,0.0940677799437596,-0.9505347408863888,0.0940677799437596,0.9059322200562404,6.104265124208584e-06,-7.039065106225429e-06,0.0011755159316058,True,10.553716794287032,0.0294387757945888,-1.7968386505647864,0.0294387757945888,0.9705612242054112,8.391691094463586e-06,-3.216012655389016e-05,0.0027480430597424,True,0,0,1,0.1557414319489372,1,0,0,1,0.5189440707363694,1,0,1,0,1,0,0,0.00017659335366816497,-0.006362712045807117,0.009321827189397894,0.0019151926792983544,6.339757375252217,21.12462598181959,10.11398298281595,True,0.7804985,0.5222048870044095,31.289604
2023-03-16 11:00:00,2023-03-16 11:25:00,-1,309.55,310.1,pivot,-0.5500000000000114,0.1185895,-0.7685895000000115,-24210.56925000036,1.0,2023-03-16,308.9,0.0,309.85,310.2,309.8,0.0,2023,0.0,1.0,1.0,1.0,0,11,3,3,309.55,309.7,308.75,0.6981467884613436,48.412476032754206,0.0914283282950805,-0.0396477018644183,0.1310760301594988,308.725,310.379499447224,307.0705005527761,309.4,309.225,308.725,309.6,308.59954872611047,1.0,0.0008076239702794,1,-0.0009691487643353,0,-0.0016152479405588,0,0.0025843967048942,1,-0.0017767727346148,0,-0.0016152479405588,0,-0.0001615247940559,0,-0.0016152479405588,0,2023-03-16 11:00:00,-0.0019404922001148,-0.0032320648691664,35.16766992072592,0.0237423525604592,-1.6595066922381916,0.0237423525604592,0.9762576474395408,-3.3293520089339074e-06,-2.2690132251633745e-05,0.0011556458776774,True,37.520376138385565,0.0656346031011764,-1.1516640061186547,0.0656346031011764,0.9343653968988236,-4.071636657116286e-05,-0.0001106089500284,0.0027103876673701,True,0,0,1,0.1310760301594988,1,0,1,1,0.7493201195637148,1,1,1,0,1,0,0,0.002665159101922108,-0.0001615247940559243,0.01068970729913726,0.0022553603245399566,6.345715168565304,36.27644232923886,-55.9683411403662,True,0.6661354,0.46222807259221166,54.065975
2023-03-16 13:45:00,2023-03-16 15:20:00,1,309.1,309.15,pivot,0.0499999999999545,0.1185475,-0.16854750000004548,-5309.246250001433,1.0,2023-03-16,309.65,0.0,309.25,309.45,309.15,0.0,2023,0.0,1.0,1.0,1.0,1,13,3,3,309.1,309.7,309.05,0.4508283151473721,59.8483100272617,-0.0531867382775885,-0.1260918526547779,0.0729051143771893,308.96,309.5970986867636,308.32290131323634,309.03000000000003,308.935,308.96,308.9025,308.59954872611047,1.0,0.0014558395341313,1,0.0011323196376576,1,0.0021028793270785,1,0.0021028793270785,1,0.0019411193788416,1,0.0014558395341313,1,0.0004852798447103,1,0.000808799741184,1,2023-03-16 13:45:00,0.0016160313794921,0.0040449856948954,68.68987162132902,0.9649490704380764,1.4180135484386205,0.9649490704380764,0.0350509295619236,-3.3293520089339074e-06,-2.2690132251633745e-05,0.0011556458776774,True,17.380247233053638,0.9557544214863845,1.533210431464239,0.9557544214863845,0.0442455785136156,-4.071636657116286e-05,-0.0001106089500284,0.0027103876673701,True,0,0,1,0.07290511437718941,1,1,1,1,0.6098730878815822,1,1,0,1,1,0,0,0.0004529278550632261,0.0006389517955355798,0.004122282023705183,0.0014585192984386025,4.363247887818999,36.499873640820354,61.1452604335104,True,0.72860265,0.5528687400822121,36.40023
2023-03-23 11:20:00,2023-03-23 12:35:00,1,315.15,315.55,pivot,0.4000000000000341,0.118921,0.1810790000000341,5703.9885000010745,1.0,2023-03-23,315.45,0.0,315.55,315.75,315.55,0.0,2023,0.0,1.0,1.0,1.0,1,11,3,3,315.15,315.5,315.05,0.3930639116366206,67.02122053938571,0.1473374167523502,0.0442716196085547,0.1030657971437955,314.535,315.2429250631571,313.82707493684296,314.82000000000005,314.635,314.535,314.61333333333334,314.29088903375634,1.0,0.0004759638267492,1,0.0028557829604951,1,0.0011105822624147,1,0.0014278914802476,1,0.0014278914802476,1,0.0019038553069967,1,0.0023798191337458,1,0.0025384737426622,1,2023-03-23 11:20:00,0.0011101420535894,0.0036522470132965,164.30842303331414,0.907856344348737,0.8866413939725976,0.907856344348737,0.092143655651263,-1.4934656734536092e-05,-1.620402937942876e-05,0.0012703513400409,True,27.01931875291649,0.9357774341614318,1.2951614095419173,0.9357774341614318,0.0642225658385682,-8.853153871885354e-05,-8.883213299574608e-05,0.0028885041808151,True,0,0,1,0.10306579714379552,1,1,1,1,0.9343680087107652,1,1,1,0,1,0,0,0.0019514516896714336,0.0017028928023691365,0.004492622961491754,0.0012472280235970826,6.907595520441908,62.62248437675086,44.9785816277994,True,0.74971515,0.5269920859993006,36.896233
2023-04-17 14:25:00,2023-04-17 15:45:00,1,334.75,335.4,eod,0.6499999999999773,0.1201045,0.4298954999999772,13541.708249999283,1.0,2023-04-17,335.3,0.0,335.4,335.4,335.4,0.0,2023,0.0,1.0,1.0,1.0,1,14,0,4,334.75,335.35,334.75,0.3053879961323829,66.77911943769351,0.1491267926513728,0.068930990951745,0.0801958016996278,334.475,335.0076201390654,333.94237986093464,334.78000000000003,334.625,334.475,334.3816666666667,334.977764948894,1.0,0.0020911127707243,1,0.0020911127707243,1,0.0014936519790888,1,-0.0023898431665422,0,0.0020911127707243,1,0.0026885735623599,1,0.0019417475728154,1,0.0014936519790888,1,2023-04-17 14:25:00,0.001641668900901,0.0014923148568625,48.98631309960061,0.9738071989265285,1.4830797899609984,0.9738071989265285,0.0261928010734715,1.2411456021607522e-05,3.914941698889244e-05,0.0010805349076696,True,140.62035244296564,0.7951126688248084,0.5538676195231328,0.7951126688248084,0.2048873311751916,9.69553788133166e-05,0.0001938322112391,0.0023443916919017,True,0,0,1,0.0801958016996278,1,1,0,1,0.7581577186346471,1,0,0,1,1,0,0,0.0008215085884988118,0.0011003236245953176,0.0031821964992704193,0.0009122867696262371,5.355405020101029,50.62910484531233,65.87005227781545,True,0.6281745,0.4983731480729497,82.4632
2023-04-19 14:25:00,2023-04-19 15:25:00,1,335.8,334.9,pivot,-0.9000000000000341,0.120121,-1.1201210000000343,-35283.81150000108,1.0,2023-04-19,335.55,0.0,335.05,335.1,334.8,0.0,2023,0.0,1.0,1.0,1.0,0,14,2,4,335.8,335.85,335.55,0.2480010229392859,51.9907907327064,0.1780016190472224,0.1906336638590045,-0.012632044811782,335.545,336.11152217125283,334.9784778287472,335.72,335.785,335.545,335.22166666666664,335.1036318463442,1.0,-0.0005955926146515,0,-0.0010422870756403,0,-0.0028290649195949,0,-0.0038713519952352,0,-0.0010422870756403,0,-0.0014889815366289,0,-0.0010422870756403,0,-0.0017867778439548,0,2023-04-19 14:25:00,-0.0008936551086252,-0.0011913627619106,205.827101563927,0.1024271873362113,-0.8632803243959442,0.1024271873362113,0.8975728126637886,1.2411456021607522e-05,3.914941698889244e-05,0.0010805349076696,True,173.54930240478745,0.1946687148424877,-0.5908547526143542,0.1946687148424877,0.8053312851575123,9.69553788133166e-05,0.0001938322112391,0.0023443916919017,True,0,0,0,0.012632044811782095,1,1,1,1,0.7250573878124535,1,1,0,1,1,0,0,0.0007593805836807487,0.0017222553107009402,0.003374164212345525,0.0007385378884433766,-0.6567499983355276,37.69630691896002,-32.83204288266945,True,0.6326421,0.5404173498826504,31.873627
2023-04-25 11:00:00,2023-04-25 11:05:00,-1,327.75,326.85,pivot,0.8999999999999773,0.119638,0.6803619999999772,21431.40299999928,1.0,2023-04-25,326.9,0.0,327.35,327.35,326.65,0.0,2023,0.0,1.0,1.0,1.0,1,11,1,4,327.75,327.85,326.85,0.4719119526902102,14.010396548316209,-0.5799160008397166,-0.2224354780745147,-0.3574805227652018,329.83750000000003,331.9812485618367,327.69375143816336,328.24,329.13500000000005,329.83750000000003,329.95416666666665,328.9053126606355,-1.0,0.0012204424103736,1,0.0022883295194508,1,0.007627765064836,1,0.0090007627765064,1,0.0019832189168572,1,0.0016781083142639,1,0.0024408848207475,1,0.0032036613272311,1,2023-04-25 11:00:00,-0.0025968089136443,-0.0088320963953336,7.139445533485834,0.0043923988840783,-3.0297780195541524,0.0043923988840783,0.9956076011159216,1.826725080315073e-05,2.6696870602540424e-05,0.0008659069302486,True,0.8871171008874719,0.0002820922671455,-4.820193749422185,0.0002820922671455,0.9997179077328544,7.53774143935296e-05,0.0001385365204902,0.0018610523522834,True,1,0,0,0.3574805227652019,0,0,0,0,0.013119206897204425,1,0,1,0,1,0,0,-0.006369183829138167,-0.006725146198830363,0.013081608310216162,0.0014398534025635704,-5.008443882239857,0.18380529102923907,62.471395881001804,True,0.7161215,0.5170472884200088,103.39828
2023-04-26 12:55:00,2023-04-26 15:45:00,1,325.4,325.25,eod,-0.1499999999999772,0.1195195,-0.36951949999997724,-11639.864249999284,1.0,2023-04-26,325.0,0.0,325.25,325.25,325.25,0.0,2023,0.0,1.0,1.0,1.0,0,12,2,4,325.4,325.4,325.0,0.3651559055648087,37.912167892659,-0.1391942409173907,-0.1188636239317084,-0.0203306169856822,325.5675,326.20184591362806,324.9331540863719,325.51,325.435,325.5675,325.81583333333333,325.19049009806207,-1.0,-0.0015365703749231,0,-0.0023048555623847,0,-0.0016902274124153,0,-0.0012292562999384,0,-0.0013829133374308,0,-0.0013829133374308,0,-0.0015365703749231,0,-0.0007682851874615,0,2023-04-26 12:55:00,-0.0012300124551998,-0.0015372793188864,80.06417730707132,0.0443877621136093,-1.4513214779809167,0.0443877621136093,0.9556122378863908,1.826725080315073e-05,2.6696870602540424e-05,0.0008659069302486,True,120.6208560114538,0.1239410127514304,-0.9004667909103071,0.1239410127514304,0.8760589872485696,7.53774143935296e-05,0.0001385365204902,0.0018610523522834,True,0,0,0,0.02033061698568228,0,0,0,0,0.36797424212759444,1,1,0,1,1,0,0,-0.0005147510755993184,-0.001277914361811165,0.0038988685533378436,0.0011221754934382566,-0.7707777645225283,13.950701247715315,-43.561770129070204,True,0.6142506,0.546168987832111,53.41809
2023-04-27 11:25:00,2023-04-27 11:40:00,1,324.85,324.75,pivot,-0.1000000000000227,0.119488,-0.31948800000002275,-10063.872000000716,1.0,2023-04-27,325.05,0.0,325.1,325.1,324.7,0.0,2023,0.0,1.0,1.0,1.0,1,11,3,4,324.85,325.1,324.75,0.4292115238496642,67.75624721141546,0.1884897890217871,-0.0181519747996156,0.2066417638214027,323.7575,324.810952969545,322.704047030455,324.48,324.135,323.7575,324.2966666666667,323.9012670524504,1.0,-0.0006156687702017,0,0.0004617515776511,1,0.0009235031553023,1,-0.0016930891180545,0,0.000769585962752,1,0.0010774203478527,1,0.0003078343851007,1,0.000769585962752,1,2023-04-27 11:25:00,0.0007694083629548,0.0044708314661409,292.70534843392926,0.8696438897078212,0.8577266983405267,0.8696438897078212,0.1303561102921787,1.826725080315073e-05,2.6696870602540424e-05,0.0008659069302486,True,13.082909049702506,0.9823370179723316,2.327873764719884,0.9823370179723316,0.0176629820276683,7.53774143935296e-05,0.0001385365204902,0.0018610523522834,True,0,0,1,0.2066417638214027,1,1,1,1,1.0185328778710943,1,1,1,0,1,0,0,0.003363090657226503,0.0017033502642245393,0.006485780942250219,0.0013212606552244549,14.001270433685889,69.01196546598828,24.241957826688,True,0.6708995,0.5230821674152291,37.886456
2023-04-27 11:40:00,2023-04-27 12:55:00,1,324.75,324.65,pivot,-0.1000000000000227,0.119482,-0.3194820000000228,-10063.683000000718,1.0,2023-04-27,325.1,0.0,324.55,324.65,324.4,0.0,2023,0.0,1.0,1.0,1.0,1,11,3,4,324.75,325.1,324.7,0.4267047076886783,65.09497667291033,0.2848657445749722,0.1134218525883566,0.1714438919866155,323.98,325.2224085272303,322.7375914727696,324.87,324.425,323.98,324.2958333333333,323.9012670524504,1.0,0.0013856812933025,1,0.0012317167051577,1,0.0010777521170131,1,0.0009237875288683,1,0.0006158583525788,1,0.0010777521170131,1,0.0010777521170131,1,0.0012317167051577,1,2023-04-27 11:40:00,0.0010771717591507,0.0021555050686019,144.57987982857222,0.934919569431924,1.2131498800299392,0.934919569431924,0.065080430568076,1.826725080315073e-05,2.6696870602540424e-05,0.0008659069302486,True,78.25207807161867,0.9016982182286456,1.083778511462638,0.9016982182286456,0.0983017817713545,7.53774143935296e-05,0.0001385365204902,0.0018610523522834,True,0,0,1,0.1714438919866156,1,1,0,1,0.8098819684200714,1,1,1,0,1,0,0,0.002371054657428735,0.0013985116756480627,0.007651476688100623,0.001313948291574067,11.160136149581694,52.71924784211525,19.3995381062322,True,0.72332096,0.5855148883417441,39.754932
2023-04-28 11:15:00,2023-04-28 14:40:00,-1,328.2,326.45,pivot,1.75,0.1196395,1.5303605,48206.35575,1.0,2023-04-28,327.95,0.0,326.7,326.75,326.4,0.0,2023,0.0,1.0,1.0,1.0,1,11,4,4,328.2,328.2,327.7,0.4623591895598118,50.69958514798225,0.4021563272797266,0.5315866066428475,-0.1294302793631209,328.2675,329.27759379524275,327.2574062047572,328.34000000000003,328.61,328.2675,326.58833333333337,327.8099236301149,1.0,0.0009140767824497,1,0.003199268738574,1,0.00533211456429,1,0.0060938452163315,1,0.0015234613040828,1,0.0024375380865326,1,0.003199268738574,1,0.003199268738574,1,2023-04-28 11:15:00,-0.000762020916246,-0.0041080316425742,258.3086491495824,0.1166971574819418,-0.9108574597296444,0.1166971574819418,0.8833028425180581,1.826725080315073e-05,2.6696870602540424e-05,0.0008659069302486,True,11.44510835355706,0.0186077911968892,-2.28181015856656,0.0186077911968892,0.9813922088031108,7.53774143935296e-05,0.0001385365204902,0.0018610523522834,True,0,0,0,0.1294302793631209,0,1,0,0,0.46658726134251105,1,1,1,0,1,0,0,-0.00020566727605117444,0.0049106236034936685,0.006155355242186271,0.0014087726677629855,-6.562061469297678,23.655780585398485,47.9890310786082,True,0.8014905,0.5247188635968948,33.245327
2023-05-30 13:05:00,2023-05-30 13:40:00,-1,340.85,341.15,pivot,-0.2999999999999545,0.12046,-0.5204599999999545,-16394.48999999857,1.0,2023-05-30,340.45,0.0,341.1,341.25,341.05,0.0,2023,0.0,1.0,1.0,1.0,1,13,1,5,340.85,340.85,340.4,0.2400496495309551,34.31329115566484,-0.0909054963883591,-0.00390346513611,-0.087002031252249,341.0725,341.69866207949445,340.4463379205055,340.76,340.8,341.0725,340.48999999999995,340.78849635821115,-1.0,0.0013202288396656,1,-0.0002933841865922,0,-0.0014669209329617,0,-0.0019069972128501,0,0.0007334604664808,1,0.0002933841865924,1,-0.0008801525597768,0,-0.0007334604664808,0,2023-05-30 13:05:00,-0.0011742258798186,-0.001027523026185,105.88196177979148,0.0516673832632276,-1.311351030846735,0.0516673832632276,0.9483326167367724,1.1971794136023969e-05,2.030503402273906e-05,0.0009109162121679,True,199.8684960943724,0.2205359228933052,-0.5748896237842713,0.2205359228933052,0.7794640771066947,1.3913276494743664e-05,9.926733071389705e-05,0.0019600116444644,True,0,0,0,0.08700203125224909,0,1,1,1,0.3223303460187135,1,1,0,1,1,0,0,-0.000652779815167869,0.0010561830717326403,0.0036741210473490585,0.0007042677116941619,-2.985326029492672,11.060215011246312,23.1040046941452,True,0.61385995,0.555924964437278,49.743507
2023-06-15 15:05:00,2023-06-15 15:45:00,-1,345.15,345.15,eod,-0.0,0.120709,-0.22070900000000002,-6952.333500000001,1.0,2023-06-15,344.85,0.0,345.15,345.15,345.15,0.0,2023,0.0,1.0,1.0,1.0,0,15,3,6,345.15,345.4,344.75,0.3653941317978059,35.27133294430875,-0.0459388372962052,0.0473421375333111,-0.0932809748295164,345.685,346.5019906284362,344.8680093715638,345.5,345.82000000000005,345.685,345.6233333333333,346.0633357440513,-1.0,0.0002897291032883,1,-0.0001448645516442,0,-0.0021729682746631,0,-0.0030421555845284,0,-0.0002897291032884,0,-0.0004345936549327,0,-0.0,0,-0.0044908011009706,0,2023-06-15 15:05:00,-0.0010144193319725,-0.0041959115310759,143.26775239464644,0.0565736468705364,-1.2051146849404548,0.0565736468705364,0.9434263531294635,1.2767039045727926e-05,2.303258002184788e-05,0.0008608740105474,True,6.712604495634413,0.017131680397896,-2.2848370839018086,0.017131680397896,0.982868319602104,7.591285550784654e-06,0.0001159097844978,0.0018871460665416,True,0,0,0,0.0932809748295163,0,0,0,0,0.17257886358863966,1,0,0,0,1,0,0,-0.001550050702593148,-0.0013713844222317856,0.004734119243437355,0.00105865314152631,-3.2901443205815575,6.087086556785352,-9.1264667535846,True,0.7636882,0.6340333563314385,55.705433
2023-06-22 15:00:00,2023-06-22 15:45:00,-1,342.2,342.25,eod,-0.0500000000000113,0.1205335,-0.27053350000001136,-8521.805250000358,1.0,2023-06-22,341.8,0.0,342.25,342.25,342.25,0.0,2023,0.0,1.0,1.0,1.0,1,15,3,6,342.2,342.2,341.75,0.260590802871217,34.3080274325915,-0.1528970078252314,-0.104661075387914,-0.0482359324373174,342.3725,343.0401549711024,341.70484502889764,342.06000000000006,342.09,342.3725,342.4633333333333,342.2424892449283,-1.0,0.0008766803039158,1,0.0013150204558737,1,-0.000438340151958,0,0.0027761542957334,1,0.0010227936879017,1,0.0011689070718877,1,-0.000146113383986,0,-0.000146113383986,0,2023-06-22 15:00:00,-0.0010234667170161,-0.0010234667170161,132.1092786821779,0.0491688826009542,-1.272259014071505,0.0491688826009542,0.9508311173990458,4.635152215385362e-06,2.835311216962553e-05,0.000826734035721,True,228.11370781729843,0.2060532598930797,-0.6636521483375816,0.2060532598930797,0.7939467401069202,-1.1325876002855762e-05,0.0001433236308089,0.0017581354189056,True,0,0,0,0.048235932437317414,0,0,1,1,0.3708165089258454,1,0,0,0,1,0,0,-0.0005040911747516471,-0.0007695304889927564,0.0039021330865131143,0.0007615160808627031,-1.6548796932961156,12.721982960685715,32.21800116890355,True,0.5724223,0.647870787027793,71.2047
2023-06-27 10:55:00,2023-06-27 11:00:00,1,341.1,341.65,pivot,0.5499999999999545,0.1204825,0.32951749999995456,10379.801249998569,1.0,2023-06-27,341.65,0.0,341.4,341.75,341.3,0.0,2023,0.0,1.0,1.0,1.0,1,10,1,6,341.1,341.75,341.05,0.4157848995153224,64.10892774053167,-0.0392456131281733,-0.1989330116578058,0.1596873985296325,340.575,341.37795507006143,339.77204492993855,340.89,340.56000000000006,340.575,341.25083333333333,341.2233732414622,1.0,0.0008795074758134,1,0.0,0,-0.0016124303723248,0,-0.0016124303723248,0,0.0004397537379067,1,0.0,0,-0.0005863383172091,0,-0.0008795074758135,0,2023-06-27 10:55:00,0.0017577271260589,0.0045471292136374,17.864345346624116,0.9922948317774276,2.09181422218951,0.9922948317774276,0.0077051682225723,4.635152215385362e-06,2.835311216962553e-05,0.000826734035721,True,6.713002856188543,0.9807487556880998,2.504815917746352,0.9807487556880998,0.0192512443119001,-1.1325876002855762e-05,0.0001433236308089,0.0017581354189056,True,0,0,1,0.1596873985296325,1,0,1,1,0.8269174201489631,1,0,1,0,1,0,0,0.0015391380826738027,-0.0004421968142284076,0.004708033245742853,0.001218953091513698,10.237387893409695,53.01278913571674,13.852242744061051,True,0.6865592,0.47210660414160366,47.729843
2023-06-29 11:05:00,2023-06-29 15:45:00,-1,341.35,339.2,eod,2.150000000000034,0.1204165,1.929583500000034,60781.88025000107,1.0,2023-06-29,340.4,0.0,339.2,339.2,339.2,0.0,2023,0.0,1.0,1.0,1.0,1,11,3,6,341.35,341.4,340.4,0.3888462008191982,31.008844764913448,0.1701466947107519,0.4069780173778296,-0.2368313226670776,341.95750000000004,342.8396475007285,341.0753524992716,341.57,341.94,341.95750000000004,340.4741666666667,341.4148897370184,-1.0,0.0026365900102535,1,0.0027830672330453,1,0.0043943166837556,1,0.0049802255749232,1,0.0027830672330453,1,0.0032224989014208,1,0.003076021678629,1,0.0024901127874616,1,2023-06-29 11:05:00,-0.0029334136611211,-0.005273964758874,2.0750439923411466,0.0010020742066512,-4.019496146001695,0.0010020742066512,0.9989979257933488,-5.804593394360714e-06,9.48457603364709e-06,0.0007321560042002,True,2.2296494222860974,0.0017288989902504,-3.328728159552208,0.0017288989902504,0.9982711010097496,-4.9282259986814426e-05,4.771650416353382e-05,0.0015987130843851,True,0,0,0,0.23683132266707774,0,1,0,0,0.15566982874270496,1,0,1,0,1,0,0,-0.0017796982569210952,0.0025657926859040062,0.005168580639979203,0.0011391422317832084,-7.343865720052537,4.8271415540632,87.66661784092695,True,0.67058134,0.5170472884200088,43.376263
2023-07-07 12:15:00,2023-07-07 12:25:00,1,333.4,333.45,pivot,0.0500000000000113,0.1200055,-0.17000549999998862,-5355.1732499996415,1.0,2023-07-07,333.7,0.0,333.4,333.5,333.35,0.0,2023,0.0,1.0,1.0,1.0,1,12,4,7,333.4,333.9,333.35,0.4320411307098331,55.09312614947829,-0.2840127111190327,-0.5212835860136642,0.2372708748946315,332.81499999999994,333.5033236706943,332.1266763293056,333.22,332.91,332.81499999999994,335.1233333333333,333.76056827011,-1.0,0.0001499700059988,1,-0.0004499100179963,0,-0.0010497900419914,0,-0.0004499100179963,0,0.0004499100179965,1,-0.0002999400119974,0,0.0001499700059988,1,0.0005998800239953,1,2023-07-07 12:15:00,0.000749456679013,0.0033018189985008,236.3249338585248,0.9168885406273918,1.0251385112790226,0.9168885406273918,0.0831114593726082,-1.3061031743907091e-05,-2.196354087590259e-07,0.0007312927045209,True,15.529241555426257,0.978023824619393,2.043804525512929,0.978023824619393,0.021976175380607,-9.895192576595984e-05,-7.319039650829918e-08,0.0016155616389334,True,0,0,1,0.2372708748946315,1,0,1,1,0.9249454325825603,1,0,0,1,1,0,0,0.001754649070186072,-0.005168966206758551,0.0041291162009258,0.0012958642192856422,13.071994242167014,50.95813539865476,14.172165566889749,True,0.7283623,0.5553873298794016,33.79508
2023-07-10 13:45:00,2023-07-10 15:20:00,1,334.4,332.65,pivot,-1.75,0.1200115,-1.9700115,-62055.36225,1.0,2023-07-10,334.55,0.0,332.85,332.9,332.6,0.0,2023,0.0,1.0,1.0,1.0,0,13,0,7,334.4,334.6,334.35,0.3722497028335392,62.33272887476163,0.1110311966564268,-0.0861097044831031,0.1971409011395299,333.4525,334.7398779970378,332.16512200296216,334.29,333.8,333.4525,333.9325,333.6518857716634,1.0,-0.0002990430622008,0,-0.0005980861244018,0,-0.0035885167464114,0,-0.0055322966507176,0,-0.0007476076555023,0,-0.0004485645933013,0,-0.0013456937799042,0,-0.0019437799043061,0,2023-07-10 13:45:00,0.0004484640182794,0.0029935660733016,496.11207523591406,0.8086559464336087,0.6135486528367716,0.8086559464336087,0.1913440535663912,-1.3061031743907091e-05,-2.196354087590259e-07,0.0007312927045209,True,20.23750539008949,0.972491848907655,1.8530021953692548,0.972491848907655,0.0275081510923449,-9.895192576595984e-05,-7.319039650829918e-08,0.0016155616389334,True,0,0,1,0.1971409011395299,1,1,1,1,0.8679960361992088,1,1,0,1,1,0,0,0.00283343301435404,0.0013980263157893922,0.007699629168886497,0.001113186910387378,12.288330340856502,54.104561588773066,-23.54964114832245,True,0.63651353,0.5271552744648375,32.901478
2023-07-13 10:50:00,2023-07-13 10:55:00,1,344.35,344.7,pivot,0.3499999999999659,0.1206715,0.1293284999999659,4073.847749998926,1.0,2023-07-13,344.75,0.0,344.65,344.9,344.6,0.0,2023,0.0,1.0,1.0,1.0,1,10,3,7,344.35,344.8,344.3,0.3940343528802655,73.74384098509096,0.5512928787970282,0.6147328033866027,-0.0634399245895745,343.9275,344.5636686324248,343.2913313675752,343.96000000000004,343.85,343.9275,341.68,343.3334507294677,1.0,0.0008712066211701,1,0.001161608828227,1,0.0002904022070566,1,0.0008712066211701,1,0.0014520110352838,1,0.0013068099317554,1,0.0010164077246986,1,0.0008712066211701,1,2023-07-13 10:50:00,0.0013061463289331,0.0042148162097648,48.36478097479184,0.9828936561906044,1.786379046674208,0.9828936561906044,0.0171063438093955,-1.3061031743907091e-05,-2.196354087590259e-07,0.0007312927045209,True,6.719024670135861,0.9870357635762452,2.608931345351706,0.9870357635762452,0.0129642364237548,-9.895192576595984e-05,-7.319039650829918e-08,0.0016155616389334,True,0,1,0,0.06343992458957459,1,1,1,1,0.8320660422926055,1,1,1,0,1,0,0,0.0012269493248149082,0.007753738928415902,0.0036948954983290986,0.0011442844573261667,-4.678303711039743,61.359745911919866,45.7383476114397,True,0.6795198,0.5216178379693887,56.114315
2023-07-18 10:40:00,2023-07-18 10:45:00,1,346.0,345.45,pivot,-0.5500000000000114,0.1207435,-0.7707435000000115,-24278.42025000036,1.0,2023-07-18,345.45,0.0,345.45,345.75,345.35,0.0,2023,0.0,1.0,1.0,1.0,0,10,1,7,346.0,346.0,345.4,0.4630869678335965,29.52452854928171,-0.2608932732921403,-0.1801333247689927,-0.0807599485231475,346.695,347.5940638421134,345.79593615788656,346.47,346.6,346.695,347.15416666666664,347.1735658776687,-1.0,-0.0015895953757225,0,-0.0023121387283237,0,-0.0021676300578034,0,-0.0021676300578034,0,-0.0017341040462428,0,-0.0023121387283237,0,-0.002601156069364,0,-0.0021676300578034,0,2023-07-18 10:40:00,-0.0017353583530685,-0.0046209468507888,20.85580312744014,0.0126117285567047,-2.1770895493180697,0.0126117285567047,0.9873882714432952,-1.343809916006947e-05,1.589826458691138e-06,0.0007978303786683,True,6.908341826880372,0.0112797331730627,-2.565886488616319,0.0112797331730627,0.9887202668269373,-7.806058146713399e-05,6.506907587568652e-07,0.0018011699122511,True,1,0,0,0.0807599485231476,0,0,0,0,0.11348684740437766,1,0,1,0,1,0,0,-0.0020086705202311942,-0.0033357418111752603,0.005196900821464942,0.001338401641137562,-2.3843994058101896,3.3506456661585253,-54.6242774566482,True,0.76048535,0.6175206949694904,63.71654
2023-07-24 10:45:00,2023-07-24 11:05:00,1,345.85,346.2,pivot,0.3499999999999659,0.1207615,0.12923849999996587,4071.012749998925,1.0,2023-07-24,345.7,0.0,346.15,346.35,346.0,0.0,2023,0.0,1.0,1.0,1.0,1,10,0,7,345.85,345.9,345.65,0.6354710960392559,62.78208730845535,0.4427194325197092,0.3512526251851396,0.0914668073345695,344.4725,346.0716691930057,342.87333080699426,345.08,344.81,344.4725,343.62416666666667,343.75713979400246,1.0,-0.0014457134595923,0,0.0004337140378776,1,0.0030359982651437,1,0.0011565707676737,1,0.0010119994217145,1,0.0008674280757552,1,0.0002891426919183,1,0.0011565707676737,1,2023-07-24 10:45:00,-0.0002892263216112,0.0050750489555556,620.5409284554396,0.3132079115918537,-0.3645087425166577,0.3132079115918537,0.6867920884081463,-1.343809916006947e-05,1.589826458691138e-06,0.0007978303786683,True,6.276225708479903,0.9877301763804092,2.817279053065369,0.9877301763804092,0.0122698236195908,-7.806058146713399e-05,6.506907587568652e-07,0.0018011699122511,True,0,0,1,0.09146680733456958,1,1,1,1,0.9306923889056993,1,1,1,0,1,0,0,0.003982940581176804,0.0064358344176184915,0.009247761705974886,0.0018374182334516577,5.742477083904606,58.430810817592494,31.877981784006753,True,0.5864979,0.5911030155881838,44.05741
2023-07-24 14:10:00,2023-07-24 14:15:00,1,346.2,346.45,pivot,0.25,0.1207795,0.029220499999999996,920.4457499999999,1.0,2023-07-24,346.5,0.0,346.25,346.45,346.1,0.0,2023,0.0,1.0,1.0,1.0,0,14,0,7,346.2,346.6,346.1,0.3846992606490677,61.25514375848609,0.0271205972411507,-0.0392623813459233,0.0663829785870741,345.8475,346.5812538684833,345.1137461315166,346.09,345.705,345.8475,345.6375,345.5892186590568,1.0,0.0001444251877527,1,-0.0002888503755053,0,0.0004332755632583,1,-0.0010109763142691,0,0.0,0,0.0,0,0.0002888503755055,1,0.0007221259387637,1,2023-07-24 14:10:00,0.000866175887849,0.0037588594206851,190.7910947755445,0.9186867157005324,1.0465497023121704,0.9186867157005324,0.0813132842994676,-1.7412083867375256e-06,2.315824084944274e-06,0.0008254362519577,True,12.55593926014658,0.9780700585612818,1.9658540322848013,0.9780700585612818,0.0219299414387181,-1.5798157456959784e-05,1.2237005256437816e-05,0.0019058497497264,True,0,0,1,0.06638297858707401,1,1,1,1,0.7402031629002719,1,1,0,1,1,0,0,0.0010181975736567408,0.0016247833622183708,0.00423890160880039,0.0011112052589516686,4.066298896467728,45.34125115394225,0.0,True,0.74189645,0.5364548761703742,33.79508
2023-07-26 13:40:00,2023-07-26 15:30:00,1,343.65,342.35,pivot,-1.2999999999999543,0.12058,-1.5205799999999543,-47898.26999999856,1.0,2023-07-26,343.2,0.0,342.45,342.5,342.1,0.0,2023,0.0,1.0,1.0,1.0,0,13,2,7,343.65,343.7,343.1,0.4651618970182924,37.67659910208895,-0.1802642724785528,-0.0503396878204789,-0.1299245846580738,344.30499999999995,345.4104410896078,343.1995589103921,343.67999999999995,343.9,344.30499999999995,344.1266666666667,343.9065150477562,-1.0,-0.0014549687181725,0,-0.0040739124108831,0,-0.0023279499490759,0,-0.0030554343081622,0,-0.0029099374363451,0,-0.0029099374363451,0,-0.0043649061545176,0,-0.0032009311799795,0,2023-07-26 13:40:00,-0.001455816241981,-0.0024736280346816,41.05389972252646,0.0223389786521032,-1.766498700060154,0.0223389786521032,0.9776610213478968,-1.7412083867375256e-06,2.315824084944274e-06,0.0008254362519577,True,37.010967173352505,0.0524294089900993,-1.3043342164275855,0.0524294089900993,0.9475705910099006,-1.5798157456959784e-05,1.2237005256437816e-05,0.0019058497497264,True,0,0,0,0.1299245846580739,0,0,0,0,0.2037381701487418,1,0,0,1,1,0,0,-0.0019060090208059734,-0.0013870701779914005,0.006433528820647965,0.001353592018094842,-4.895116489667663,7.676161358487331,-91.66302924487064,True,0.7606143,0.5778410319223986,55.07069
2023-07-27 11:05:00,2023-07-27 11:35:00,1,346.3,346.15,pivot,-0.1500000000000341,0.1207735,-0.3707735000000341,-11679.365250001074,1.0,2023-07-27,346.4,0.0,346.25,346.35,346.05,0.0,2023,0.0,1.0,1.0,1.0,1,11,3,7,346.3,346.55,346.3,0.5060697858034617,74.60815135541685,0.7075585310022916,0.5522403390105027,0.1553181919917888,344.64750000000004,346.3419103158341,342.95308968416595,345.72,345.315,344.64750000000004,343.53916666666663,344.9264100724363,1.0,0.0007219174126479,1,-0.0004331504475888,0,-0.0015882183078256,0,-0.0014438348252959,0,0.0005775339301183,1,0.0,0,-0.0001443834825296,0,0.000288766965059,1,2023-07-27 11:05:00,0.0004331191867317,0.0039048426216691,507.906059593856,0.771742966357909,0.521909913242818,0.771742966357909,0.228257033642091,-1.7412083867375256e-06,2.315824084944274e-06,0.0008254362519577,True,9.952860917754892,0.9797029697122986,2.0424514665814795,0.9797029697122986,0.0202970302877013,-1.5798157456959784e-05,1.2237005256437816e-05,0.0019058497497264,True,0,1,1,0.15531819199178887,1,1,1,1,0.9876327724629423,1,1,1,0,1,0,0,0.004771874097603161,0.007972374627009473,0.009785794489368125,0.0014613623615462366,11.588003176373073,73.68545537148518,18.192318798726447,True,0.62389296,0.5271552744648375,31.002829
2023-07-27 12:55:00,2023-07-27 15:15:00,1,345.85,345.75,pivot,-0.1000000000000227,0.120748,-0.32074800000002274,-10103.562000000717,1.0,2023-07-27,346.2,0.0,345.85,346.05,345.7,0.0,2023,0.0,1.0,1.0,1.0,1,12,3,7,345.85,346.2,345.85,0.3935214467138804,61.30977423543836,0.2057640040684987,0.2598506867142567,-0.054086682645758,345.9275,346.53315319462337,345.32184680537665,345.88,345.76,345.9275,344.52916666666664,345.147177942806,1.0,0.0005782853838368,1,0.0020239988434291,1,0.0015902848055514,1,-0.0002891426919185,0,0.0015902848055514,1,0.0017348561515106,1,0.0021685701893884,1,0.002602284227266,1,2023-07-27 12:55:00,0.0008669267989858,0.0011560694929187,190.4267170182152,0.9188303695153212,1.0474594165814666,0.9188303695153212,0.0811696304846787,-1.7412083867375256e-06,2.315824084944274e-06,0.0008254362519577,True,177.90260295941704,0.8081756921342559,0.6001692881752859,0.8081756921342559,0.1918243078657441,-1.5798157456959784e-05,1.2237005256437816e-05,0.0019058497497264,True,0,0,0,0.054086682645758,0,1,0,1,0.4360194904542839,1,1,0,1,1,0,0,-0.0002240855862367684,0.0038190930557564914,0.003502403901248273,0.0011378385043049888,-3.3160423021552248,26.732256522003016,50.0939713748691,True,0.62925553,0.5191508494381954,36.150967
2023-07-31 10:50:00,2023-07-31 10:55:00,-1,347.55,347.05,pivot,0.5,0.120838,0.27916199999999997,8793.603,1.0,2023-07-31,347.1,0.0,347.0,347.3,346.95,0.0,2023,0.0,1.0,1.0,1.0,1,10,0,7,347.55,347.7,346.95,0.5771729299708084,47.65971009497024,0.3499161060755682,0.4859539397398085,-0.1360378336642402,347.7,348.3382542000081,347.06174579999185,347.77,347.78000000000003,347.7,345.81083333333333,346.67529992298245,1.0,0.0015825061142282,1,0.0008631851532153,1,0.0015825061142282,1,0.0025895554596461,1,0.0004315925766077,1,0.0007193209610128,1,0.0008631851532153,1,0.0014386419220256,1,2023-07-31 10:50:00,-0.0012956166787542,-0.0024458684231183,57.5454033693484,0.0302105132410471,-1.5724200382049671,0.0302105132410471,0.9697894867589528,-1.7412083867375256e-06,2.315824084944274e-06,0.0008254362519577,True,38.24164785053274,0.0534858295846458,-1.2897687389720252,0.0534858295846458,0.946514170415354,-1.5798157456959784e-05,1.2237005256437816e-05,0.0019058497497264,True,0,0,0,0.13603783366424027,0,1,0,0,0.38249196010142544,1,1,1,0,1,0,0,-0.0004315925766076169,0.005004076152112434,0.0036728769961624766,0.0016606903466287106,-6.48352371438547,18.229455932090858,13.59516616314255,True,0.75436586,0.49483946496847203,45.071327
2023-08-02 10:50:00,2023-08-02 14:35:00,-1,349.45,345.5,pivot,3.9499999999999886,0.1208485,3.729151499999989,117468.27224999965,1.0,2023-08-02,348.95,0.0,345.95,345.95,345.5,0.0,2023,0.0,1.0,1.0,1.0,1,10,2,8,349.45,349.45,348.95,0.4452855409030102,30.590231923893786,-0.4245921988641612,-0.3419029067535047,-0.0826892921106565,350.15500000000003,351.0440562724201,349.26594372757995,349.52000000000004,349.925,350.15500000000003,351.09,350.53221377510994,-1.0,0.0022893117756474,1,0.0037201316354271,1,0.0048647875232507,1,0.0074402632708541,1,0.0025754757476033,1,0.0030047217055373,1,0.0038632136214049,1,0.0047217055372727,1,2023-08-02 10:50:00,-0.0012887522367955,-0.003147355960046,72.98454104557662,0.0391070313536959,-1.4517827846797742,0.0391070313536959,0.960892968646304,1.5444302822730948e-05,1.6177032037436e-05,0.0008988460826258,True,22.74423185993107,0.0387191642538239,-1.5761692973618433,0.0387191642538239,0.961280835746176,3.981666497226597e-05,8.030731160047569e-05,0.0020477897120879,True,0,0,0,0.08268929211065651,0,0,0,0,0.10351216122632025,1,0,1,0,1,0,0,-0.002017456002289429,-0.004693089140077225,0.0050883174841612686,0.0012742467903935047,-2.529484623287583,3.166461018856622,81.12748604950394,True,0.76455855,0.651550214290088,38.8824
2023-08-02 14:35:00,2023-08-02 14:40:00,1,345.5,345.9,pivot,0.3999999999999772,0.120742,0.17925799999997727,5646.626999999284,1.0,2023-08-02,345.95,0.0,345.5,346.05,345.45,0.0,2023,0.0,1.0,1.0,1.0,0,14,2,8,345.5,345.95,345.5,0.3789606060305652,48.94360222532927,-0.4402807092160401,-0.5838556236293562,0.143574914413316,345.67,346.9483212686285,344.3916787313714,345.48999999999995,345.345,345.67,347.49666666666667,345.9462608039293,1.0,0.0,0,-0.0005788712011577,0,-0.0021707670043415,0,-0.0008683068017366,0,-0.0005788712011577,0,-0.0008683068017366,0,-0.0013024602026048,0,-0.0011577424023154,0,2023-08-02 14:35:00,0.0013016127370953,0.0024600258408621,78.93741462869575,0.960946588301414,1.430095463399924,0.960946588301414,0.039053411698586,1.5444302822730948e-05,1.6177032037436e-05,0.0008988460826258,True,63.82639810200726,0.924314326218258,1.162091261233689,0.924314326218258,0.075685673781742,3.981666497226597e-05,8.030731160047569e-05,0.0020477897120879,True,0,0,1,0.14357491441331605,0,0,1,1,0.433506543240751,1,0,0,1,1,0,0,-0.0004920405209841272,-0.0057790641582248035,0.007399833682364868,0.0010968469060218965,7.027073500581032,21.21737181445282,-18.23444283646755,True,0.77999085,0.4965417322892342,33.609756
2023-08-03 10:55:00,2023-08-03 12:30:00,-1,343.75,342.5,pivot,1.25,0.1205875,1.0294124999999998,32426.493749999994,1.0,2023-08-03,343.15,0.0,341.8,342.55,341.7,0.0,2023,0.0,1.0,1.0,1.0,1,10,3,8,343.75,343.75,343.05,0.580135782004422,32.34025056282248,-0.3302823175259846,-0.1713623932590038,-0.1589199242669807,344.815,346.0324606888696,343.5975393111304,344.0,344.5,344.815,345.15583333333336,345.1426865300246,-1.0,0.0007272727272727,1,0.0016,1,0.0068363636363637,1,0.0052363636363636,1,0.0013090909090908,1,0.0021818181818181,1,0.0032,1,0.0047999999999999,1,2023-08-03 10:55:00,-0.0017469796261374,-0.0055216647119672,27.495552390885752,0.0168801424768456,-1.9615779522831671,0.0168801424768456,0.9831198575231545,1.5444302822730948e-05,1.6177032037436e-05,0.0008988460826258,True,7.762142759192674,0.010068903428573,-2.735618794498091,0.010068903428573,0.989931096571427,3.981666497226597e-05,8.030731160047569e-05,0.0020477897120879,True,0,0,0,0.1589199242669808,0,0,0,0,0.06261421426722497,1,0,1,0,1,0,0,-0.0030981818181818116,-0.004089696969697054,0.007083407644332262,0.0016876677294674093,-5.139510170218929,2.02495937819631,41.2363636363602,True,0.7850391,0.6175206949694904,114.12506
2023-08-16 08:45:00,2023-08-16 10:35:00,1,335.05,333.05,pivot,-2.0,0.120043,-2.220043,-69931.3545,1.0,2023-08-16,334.65,0.0,333.3,333.35,333.0,0.0,2023,0.0,2.0,1.0,1.0,0,8,2,8,335.05,335.5,334.5,0.4308608124460242,26.26518933288132,-0.0208248165534996,0.0689489138503745,-0.0897737304038742,336.5725,337.63203068166166,335.5129693183383,336.56000000000006,336.645,336.5725,336.4975,336.479713394386,-1.0,-0.0008953887479481,0,-0.0028353977018355,0,-0.0064169526936279,0,-0.0067154156096105,0,-0.0028353977018355,0,-0.004775406655723,0,-0.0025369347858529,0,-0.0037307864497836,0,2023-08-16 08:45:00,-0.007739285541214,-0.0061071166203775,0.350171228901983,0.0,-8.132629545557068,0.0,1.0,8.482135647191687e-06,1.243326904109339e-06,0.0009517867283585,True,7.149585550638727,0.0097429395868293,-2.8393010533142067,0.0097429395868293,0.9902570604131706,2.814791667419811e-05,4.022677105521489e-06,0.0021523393196891,True,1,0,0,0.0897737304038741,0,0,0,0,-0.21847848597089772,1,0,0,0,1,0,0,-0.004544097895836381,-0.004320250708849398,0.006324612336437366,0.001285959744653109,-2.3579240261768,-5.738378799186884,-89.31502760781824,True,0.711374,0.5337065995835144,82.163315
2023-08-17 08:45:00,2023-08-17 10:30:00,1,329.95,327.05,pivot,-2.8999999999999773,0.11971,-3.119709999999977,-98270.86499999928,1.0,2023-08-17,329.5,0.0,327.0,327.3,326.9,0.0,2023,0.0,2.0,1.0,1.0,0,8,3,8,329.95,330.0,329.2,0.5044263283221386,25.80503388630852,-0.2802721272680628,-0.2011179365876882,-0.0791541906803746,331.76,332.9461481232988,330.5738518767012,331.53,331.555,331.76,332.39083333333326,331.3643804362738,-1.0,-0.0027276860130322,0,-0.0048492195787239,0,-0.0087892104864372,0,-0.0087892104864372,0,-0.0018184573420214,0,-0.0034853765722078,0,-0.0077284437035914,0,-0.0083345961509319,0,2023-08-17 08:45:00,-0.0086122765450289,-0.0069560238137822,0.1817605328037735,0.0,-9.049842380958134,0.0,1.0,8.482135647191687e-06,1.243326904109339e-06,0.0009517867283585,True,3.9263124793156825,0.0052403276174958,-3.233712466811599,0.0052403276174958,0.9947596723825042,2.814791667419811e-05,4.022677105521489e-06,0.0021523393196891,True,1,0,0,0.07915419068037458,0,0,0,0,-0.26297384974408755,1,0,0,0,1,0,0,-0.005485679648431587,-0.007397585492751246,0.007189865878459203,0.00152879626707725,-2.042576572750393,-6.786049103859185,-57.2814062736741,True,0.6564364,0.5170472884200088,46.269737
2023-08-17 10:45:00,2023-08-17 13:05:00,1,328.0,329.55,pivot,1.5500000000000114,0.1197265,1.3302735000000114,41903.61525000036,1.0,2023-08-17,328.5,0.0,329.85,330.05,329.55,0.0,2023,0.0,1.0,1.0,1.0,1,10,3,8,328.0,328.65,328.0,0.5848682426897193,51.26420162714144,-0.5760720147944767,-0.8165681104234814,0.2404960956290047,327.50750000000005,328.4890535493217,326.5259464506784,327.63,327.665,327.50750000000005,330.3058333333333,328.7226503182032,-1.0,0.0013719512195121,1,0.0013719512195121,1,0.0045731707317073,1,0.0064024390243903,1,0.0021341463414633,1,0.0009146341463414,1,0.003810975609756,1,0.0035060975609755,1,2023-08-17 10:45:00,0.0015232295405214,0.0044237735174434,61.45058694737957,0.9671596940650046,1.599083248662284,0.9671596940650046,0.0328403059349954,8.482135647191687e-06,1.243326904109339e-06,0.0009517867283585,True,10.305806784828093,0.9775585769514096,2.0534637823631656,0.9775585769514096,0.0224414230485904,2.814791667419811e-05,4.022677105521489e-06,0.0021523393196891,True,0,0,1,0.24049609562900476,1,0,1,1,0.7508778050572611,1,0,1,0,1,0,0,0.00150152439024375,-0.007029979674796593,0.005985082617814827,0.0017831348862491442,12.328840336865586,38.493151195800834,67.22560975609395,True,0.75609684,0.5391096027036245,36.467278
2023-08-22 15:15:00,2023-08-22 15:45:00,1,329.85,330.0,eod,0.1499999999999772,0.1197955,-0.06979550000002274,-2198.5582500007163,1.0,2023-08-22,330.35,0.0,330.0,330.0,330.0,0.0,2023,0.0,1.0,1.0,1.0,1,15,1,8,329.85,330.4,329.85,0.3467287638913049,63.14429669250416,-0.146552717901784,-0.2786418384759602,0.1320891205741762,329.52750000000003,330.2183994913403,328.8366005086598,329.68,329.40500000000003,329.52750000000003,330.345,330.0580985451565,1.0,0.0013642564802182,1,-0.0048506897074428,0,-0.0021221767470063,0,-0.0006063362134304,0,0.0004547521600726,1,0.0004547521600726,1,-0.0042443534940125,0,-0.0048506897074428,0,2023-08-22 15:15:00,0.0015146928070147,0.0031835090935761,63.63976173455715,0.9674400194966338,1.5842273445109314,0.9674400194966338,0.0325599805033661,9.404514972766522e-06,-2.431933024758943e-05,0.0009714591422719,True,33.00576559516737,0.95784968324701,1.5279080712056352,0.95784968324701,0.0421503167529899,1.4235832203421428e-06,-0.0001173927592936,0.0021604060578495,True,0,0,1,0.13208912057417618,1,0,1,1,0.7333914006611778,1,0,0,0,1,0,0,0.0009777171441564072,-0.0015006821282401229,0.00418917381440198,0.0010511710289261933,8.34067461938774,46.30948419508061,14.3246930422869,True,0.7491441,0.5077834919187783,32.78131
2023-09-12 11:15:00,2023-09-12 12:50:00,-1,336.15,336.2,pivot,-0.0500000000000113,0.1201705,-0.27017050000001136,-8510.370750000358,1.0,2023-09-12,336.45,0.0,336.3,336.35,336.2,0.0,2023,0.0,1.0,1.0,1.0,0,11,1,9,336.15,336.55,336.15,0.3599880064792819,47.540144819058696,-0.3150018112276598,-0.3544995676660786,0.0394977564384188,336.3975,337.3892952898537,335.40570471014627,336.17,336.025,336.3975,337.08,336.9601923298092,-1.0,-0.0005949724825228,0,-0.0004462293618921,0,-0.0001487431206307,0,-0.0005949724825228,0,-0.0002974862412614,0,-0.0004462293618921,0,-0.0004462293618921,0,-0.000892458723784,0,2023-09-12 11:15:00,0.0008920607192812,0.0019338049908863,195.50857034514075,0.903310659209186,0.9066272958630848,0.903310659209186,0.0966893407908139,-1.1991984864925486e-05,-2.0304413964879225e-05,0.0010063287719322,True,85.78725420841494,0.8960438805967381,0.9317920817510515,0.8960438805967381,0.1039561194032618,-6.161735739579005e-05,-0.0001016078686107,0.002184406692609,True,0,0,1,0.039497756438418796,0,0,0,1,0.3752262676925457,1,0,1,0,1,0,0,-0.0007362784471218275,-0.002766622043730498,0.005900909057585675,0.001070914789466851,1.8777290611103379,17.83831110601851,-9.3708165997341,True,0.620872,0.49921874463785737,32.45234
2023-09-13 11:10:00,2023-09-13 11:55:00,-1,335.75,335.55,pivot,0.1999999999999886,0.120139,-0.020139000000011384,-634.3785000003586,1.0,2023-09-13,335.15,0.0,335.55,335.7,335.55,0.0,2023,0.0,1.0,1.0,1.0,1,11,2,9,335.75,335.8,335.0,0.416127976290486,31.964861908298843,-0.2630793176093107,-0.1191937160119119,-0.1438856015973987,336.44,337.80327778461714,335.07672221538286,335.66,335.855,336.44,336.2866666666667,336.0989580902062,-1.0,0.0016381236038719,1,0.0013402829486224,1,0.000446760982874,1,0.0010424422933731,1,0.0016381236038719,1,0.0016381236038719,1,0.0008935219657483,1,0.0001489203276247,1,2023-09-13 11:10:00,-0.0019375518394738,-0.0017886425993803,22.31484651492464,0.0135457481833757,-1.9051899130615724,0.0135457481833757,0.9864542518166244,-1.1991984864925486e-05,-2.0304413964879225e-05,0.0010063287719322,True,112.59648555548088,0.1320390385830811,-0.7723079848078033,0.1320390385830811,0.8679609614169188,-6.161735739579005e-05,-0.0001016078686107,0.002184406692609,True,0,0,0,0.1438856015973988,0,0,1,0,0.24693345414053813,1,0,1,0,1,0,0,-0.00205510052122114,-0.0015984115165054063,0.008120790973147517,0.0012393982912598243,-4.599283385653353,7.893193762141546,51.60089352196485,True,0.5637753,0.6243292849447676,66.1361
2023-09-22 10:30:00,2023-09-22 13:40:00,1,331.55,332.8,pivot,1.25,0.1199305,1.0300695000000002,32447.189250000003,1.0,2023-09-22,332.0,0.0,332.6,332.85,332.55,0.0,2023,0.0,1.0,1.0,1.0,1,10,4,9,331.55,332.05,331.5,0.573763333899877,52.6120391596209,-0.4215789294167962,-0.6556736347378889,0.2340947053210926,331.0075,331.8518465251277,330.1631534748723,331.35,331.15,331.0075,333.2525,332.07670124758766,-1.0,0.0018096817976171,1,0.0021112954305534,1,0.0037701704117026,1,0.0039209772281707,1,0.0027145226964258,1,0.0022621022470215,1,0.0028653295128939,1,0.0039209772281707,1,2023-09-22 10:30:00,0.0013563411016118,0.0033187539889221,59.08263582816153,0.9723462991028322,1.4579473510266594,0.9723462991028322,0.0276537008971677,3.450453583122124e-06,-3.665705568652616e-06,0.0009328229899542,True,21.98737289253036,0.9669275361155224,1.640136756052663,0.9669275361155224,0.0330724638844777,-9.240564807967384e-06,-1.8484473487597333e-05,0.0020347318295832,True,0,0,1,0.23409470532109267,1,0,1,1,0.8212543569821393,1,0,1,0,1,0,0,0.0016362539586789872,-0.005134972100738912,0.005093328458016703,0.0017305484358313284,12.31619980341324,43.207866389553594,85.50746493741269,True,0.7564244,0.5185114612674373,48.287445
2023-10-20 14:50:00,2023-10-20 15:45:00,-1,320.05,318.85,eod,1.1999999999999886,0.119167,0.9808329999999885,30896.23949999964,1.0,2023-10-20,319.1,0.0,318.85,318.85,318.85,0.0,2023,0.0,1.0,1.0,1.0,1,14,4,10,320.05,320.05,319.1,0.3910525825844421,32.01219077762252,-0.0567564376398763,0.1163852222074397,-0.1731416598473161,320.44,321.3157553137861,319.5642446862139,319.92,320.2,320.44,319.575,319.9620663552655,-1.0,0.002343383846274,1,0.0026558350257772,1,0.0074988283080769,1,0.0035931885642869,1,0.0020309326667709,1,0.002343383846274,1,0.0032807373847836,1,0.0037494141540383,1,2023-10-20 14:50:00,-0.0031289136916195,-0.004845652310674,0.60858531681901,0.0014672969310407,-2.964850255321597,0.0014672969310407,0.9985327030689592,-1.5203521767979496e-05,-1.3274120420844868e-05,0.001050858998901,True,4.233198879222242,0.0180851424368448,-2.036083940616664,0.0180851424368448,0.9819148575631552,-7.95774460975402e-05,-6.668511320300932e-05,0.002347136629359,True,0,0,0,0.173141659847316,0,1,1,0,0.2773350650229443,1,1,0,1,1,0,0,-0.0012185596000624476,0.0014841431026402835,0.005472615614973291,0.0012218484067628248,-5.542643846586508,8.87810301083884,63.974379003283346,True,0.7567,0.5008033236568363,34.932034
2023-10-23 10:55:00,2023-10-23 13:15:00,-1,318.55,317.7,pivot,0.8500000000000227,0.1190875,0.6309125000000226,19873.743750000714,1.0,2023-10-23,318.25,0.0,317.6,317.8,317.55,0.0,2023,0.0,1.0,1.0,1.0,1,10,0,10,318.55,318.55,318.2,0.5628260206778865,45.27315120027817,-0.1365553966028301,-0.1563765234563271,0.019821126853497,318.46,319.144874172866,317.77512582713393,318.42,318.535,318.46,319.325,318.9746576766581,-1.0,0.0021974572280646,1,0.0028253021503689,1,0.0040809919949772,1,0.0042379532255533,1,0.0028253021503689,1,0.0026683409197928,1,0.0037670695338251,1,0.0036101083032492,1,2023-10-23 10:55:00,-0.0010991600384323,-0.0014129839857747,138.73594723877818,0.061628723509882,-1.0333317021094803,0.061628723509882,0.938371276490118,-1.5203521767979496e-05,-1.3274120420844868e-05,0.001050858998901,True,154.1986343240268,0.1835035017724944,-0.5735920336854905,0.1835035017724944,0.8164964982275056,-7.95774460975402e-05,-6.668511320300932e-05,0.002347136629359,True,0,0,1,0.019821126853497018,1,0,1,1,0.5657055000507626,1,0,1,0,1,0,0,0.0002825302150369858,-0.002432899073928668,0.004299947718512294,0.0017668372961164227,0.8973648729982636,25.611270638627147,88.99701773662035,True,0.5664872,0.5417830061688985,34.15363
2023-10-24 11:15:00,2023-10-24 11:25:00,1,315.05,316.5,pivot,1.4499999999999886,0.1189465,1.2310534999999885,38778.18524999964,1.0,2023-10-24,315.95,0.0,317.0,317.1,316.35,0.0,2023,0.0,1.0,1.0,1.0,1,11,1,10,315.05,316.0,314.95,0.6545098000100613,57.13219762557699,-0.5708478616366506,-0.775084268710527,0.2042364070738764,314.925,317.62616933758926,312.2238306624108,314.67,313.97,314.925,316.3866666666666,315.21571346654514,1.0,0.0046024440564989,1,0.0073004285034121,1,0.0033328043167751,1,0.0031740993493096,1,0.0068243136010156,1,0.0068243136010156,1,0.0069830185684811,1,0.0061894937311537,1,2023-10-24 11:15:00,0.0026939244562351,0.0085823794432865,5.308447479156797,0.9974960978273713,2.576176803440907,0.9974960978273713,0.0025039021726287,-1.5203521767979496e-05,-1.3274120420844868e-05,0.001050858998901,True,2.490173119724963,0.9957845612409694,3.684942942095173,0.9957845612409694,0.0042154387590306,-7.95774460975402e-05,-6.668511320300932e-05,0.002347136629359,True,0,0,1,0.20423640707387647,1,0,1,1,0.5231381273029578,1,0,1,0,1,0,0,0.0003967624186637042,-0.004242712796910293,0.01714755967363416,0.0020774791303287137,11.668474771282499,29.888030874546843,214.9658784319914,True,0.6579902,0.4842721197569871,51.944008
2023-10-24 11:25:00,2023-10-24 12:10:00,1,316.5,316.1,pivot,-0.3999999999999772,0.118978,-0.6189779999999773,-19497.806999999284,1.0,2023-10-24,317.0,0.0,315.7,316.1,315.65,0.0,2023,0.0,1.0,1.0,1.0,1,11,1,10,316.5,317.1,316.35,0.6709803887841863,64.95594501792408,-0.187321185301073,-0.5944140913476905,0.4070929060466175,314.9325,317.6569072268479,312.2080927731521,315.79,314.675,314.9325,316.36,315.21571346654514,1.0,0.002211690363349,1,0.0015797788309636,1,-0.0014218009478672,0,-0.0023696682464454,0,0.0026856240126383,1,0.0023696682464454,1,0.0,0,-0.0003159557661928,0,2023-10-24 11:25:00,0.0015785322930497,0.0095087879690273,47.07276587832165,0.9784854382615004,1.5147668860763523,0.9784854382615004,0.0215145617384995,-1.5203521767979496e-05,-1.3274120420844868e-05,0.001050858998901,True,2.156876395985871,0.9981296529631498,4.079640257178115,0.9981296529631498,0.0018703470368501,-7.95774460975402e-05,-6.668511320300932e-05,0.002347136629359,True,0,0,1,0.4070929060466175,1,1,1,1,0.7876772577449006,0,1,1,0,1,0,0,0.004952606635071076,0.00044233807266978313,0.017215843455595046,0.0021200012283860547,26.44310442235102,51.16432064594698,84.59715639810645,True,0.7549522,0.4778378939512832,64.93228
2023-10-24 12:10:00,2023-10-24 12:20:00,-1,316.1,316.05,pivot,0.0500000000000113,0.1189645,-0.16896449999998864,-5322.381749999642,1.0,2023-10-24,315.7,0.0,316.3,316.35,315.9,0.0,2023,0.0,1.0,1.0,1.0,1,12,1,10,316.1,316.1,315.65,0.5704645843106411,45.93756206037452,0.1970879356838395,0.1417653932787285,0.055322542405111,315.5375,318.6390912725486,312.4359087274514,316.34000000000003,316.77,315.5375,316.33916666666664,315.38357717231213,1.0,0.000158177791838,1,-0.0,0,0.0006327111673522,1,-0.0049035115469786,0,0.0014236001265423,1,0.0009490667510281,1,-0.000474533375514,0,0.000158177791838,1,2023-10-24 12:10:00,-0.0012662236576261,-0.004897711030551,92.8494762274069,0.0422479265603071,-1.1923098517647075,0.0422479265603071,0.9577520734396928,-1.5203521767979496e-05,-1.3274120420844868e-05,0.001050858998901,True,4.040061773243936,0.0178671982829569,-2.0582636123178726,0.0178671982829569,0.982132801717043,-7.95774460975402e-05,-6.668511320300932e-05,0.002347136629359,True,0,0,1,0.055322542405111,1,0,0,0,0.5906792595430843,0,1,0,1,1,0,0,0.0017795001581777917,-0.000756617104291742,0.019624114347033237,0.0018046965653610914,2.5413827250724874,27.134365143036504,44.84340398608245,True,0.79195684,0.5218812253427267,89.778076
2023-10-24 13:45:00,2023-10-24 15:45:00,1,317.05,319.55,eod,2.5,0.119098,2.280902,71848.413,1.0,2023-10-24,317.35,0.0,319.55,319.55,319.55,0.0,2023,0.0,1.0,1.0,1.0,1,13,1,10,317.05,317.4,317.05,0.4439720875114755,64.71947064658283,0.2756161457872963,0.1561252229517903,0.1194909228355059,316.2725,317.269587865471,315.2754121345289,316.94,316.56000000000006,316.2725,316.15916666666664,315.9586631023872,1.0,0.0018924459864373,1,0.0063081532881249,1,0.0074120801135466,1,0.0080428954423592,1,0.0037848919728749,1,0.0048888187982968,1,0.0061504494559217,1,0.0055196341271092,1,2023-10-24 13:45:00,0.0009457756064384,0.0023661183055674,184.2193869575308,0.913516320540538,0.9126340716140002,0.913516320540538,0.0864836794594621,-1.5203521767979496e-05,-1.3274120420844868e-05,0.001050858998901,True,54.86282266633903,0.9332853235385944,1.0364984246506477,0.9332853235385944,0.0667146764614056,-7.95774460975402e-05,-6.668511320300932e-05,0.002347136629359,True,0,0,1,0.11949092283550602,1,1,1,1,0.8898853987320076,1,1,0,1,1,0,0,0.002452294590758656,0.0028097566104191003,0.006289783097120699,0.0014003219918355952,7.733389272985619,57.59291194205883,119.22409714555934,True,0.7516563,0.5256628970930364,31.056042
2023-10-26 10:40:00,2023-10-26 15:00:00,1,312.35,310.05,pivot,-2.300000000000012,0.118672,-2.518672000000011,-79338.16800000035,1.0,2023-10-26,312.8,0.0,309.6,310.15,309.5,0.0,2023,0.0,1.0,1.0,1.0,0,10,3,10,312.35,312.85,312.35,0.5860396015827698,44.9388835511767,-0.8823836620619545,-1.1552294313960192,0.2728457693340647,312.2675,313.3318876424103,311.20311235758965,312.12,311.95,312.2675,315.8575,313.46702993240604,-1.0,-0.0004802305106452,0,-0.003201536737634,0,-0.005922842964623,0,-0.0067232271490316,0,-0.0025612293901072,0,-0.003201536737634,0,-0.0040019209220425,0,-0.004802305106451,0,2023-10-26 10:40:00,0.0014396547315771,0.0027210901143608,79.2510397066361,0.9597864805592132,1.2754224872601956,0.9597864805592132,0.0402135194407868,-2.610138796762905e-05,-3.197991580397975e-05,0.0011538409131725,True,42.02733811464394,0.9374119500664908,1.0966027493624346,0.9374119500664908,0.062588049933509,-0.0001135406041799,-0.0001584178789313,0.0026258442220451,True,0,0,1,0.2728457693340647,1,0,1,1,0.5387546776723257,1,0,1,0,1,0,0,0.00026412678085493404,-0.011229390107251458,0.006815352280520814,0.0018762273141756675,12.261384255534752,24.21103372256838,-80.6787257883768,True,0.7066601,0.5313449637113554,35.63437
2023-10-27 14:20:00,2023-10-27 15:15:00,-1,309.55,309.55,pivot,-0.0,0.118573,-0.21857300000000005,-6885.049500000001,1.0,2023-10-27,309.15,0.0,309.75,309.75,309.45,0.0,2023,0.0,1.0,1.0,1.0,1,14,4,10,309.55,309.55,309.1,0.4233114218762186,42.95358975963403,-0.162401356062162,-0.1876820837900009,0.0252807277278389,309.365,310.00662622376336,308.72337377623666,309.38,309.57,309.365,309.9866666666666,309.9420260879519,-1.0,0.0008076239702794,1,0.0011306735583912,1,-0.0,0,0.0027459214989501,1,0.0004845743821677,1,0.0008076239702794,1,0.0001615247940559,1,0.0003230495881118,1,2023-10-27 14:20:00,-0.0012930339606635,-0.0022617134035389,105.63838162939236,0.0527404533286436,-1.0929184694900242,0.0527404533286436,0.9472595466713564,-2.610138796762905e-05,-3.197991580397975e-05,0.0011538409131725,True,79.90670134123357,0.1107645661858529,-0.8009978303166376,0.1107645661858529,0.889235433814147,-0.0001135406041799,-0.0001584178789313,0.0026258442220451,True,0,0,1,0.025280727727838903,1,0,1,0,0.644164930568856,1,0,0,1,1,0,0,0.0005976417380067914,-0.0014106498680879036,0.004145541746169298,0.001367505804801223,1.085898007646597,27.66919616519778,15.26409303828255,True,0.6718847,0.6315074255658744,58.039295
2023-10-31 14:25:00,2023-10-31 15:45:00,-1,306.55,307.1,eod,-0.5500000000000114,0.1184095,-0.7684095000000114,-24204.89925000036,1.0,2023-10-31,306.45,0.0,307.1,307.1,307.1,0.0,2023,0.0,1.0,1.0,1.0,0,14,1,10,306.55,306.6,306.3,0.3834678895776709,34.59593767909682,-0.3311509687698049,-0.3357692826627423,0.0046183138929374,306.95750000000004,307.648247116746,306.26675288325407,306.55,306.7,306.95750000000004,307.9241666666666,307.532520184393,-1.0,-0.0003262110585547,0,-0.0011417387049419,0,0.0001631055292774,1,-0.0153319197520795,0,-0.0006524221171097,0,-0.0008155276463872,0,-0.0,0,0.0003262110585549,1,2023-10-31 14:25:00,-0.0003262642769562,-0.0003262642769562,502.7487667539507,0.3357640002259252,-0.2550476047370044,0.3357640002259252,0.6642359997740748,-2.610138796762905e-05,-3.197991580397975e-05,0.0011538409131725,True,261.83884701299644,0.4431700960841164,-0.0639209274547676,0.4431700960841164,0.5568299039158836,-0.0001135406041799,-0.0001584178789313,0.0026258442220451,True,0,0,1,0.004618313892937431,0,0,0,0,0.2050295324288039,1,0,0,1,1,0,0,-0.0013293100636112454,-0.0044826836296415285,0.004506586962948736,0.0012509146618093978,0.15977489962256933,7.09318892628126,-20.55129668895555,True,0.57350326,0.5203734238623122,34.645504
2023-11-01 10:50:00,2023-11-01 11:10:00,1,309.15,308.75,pivot,-0.3999999999999772,0.118537,-0.6185369999999772,-19483.915499999282,1.0,2023-11-01,308.7,0.0,309.05,309.2,308.7,0.0,2023,0.0,1.0,1.0,1.0,0,10,2,11,309.15,309.3,308.7,0.5840913138643983,42.66991888755476,0.1263552362246969,0.3604052043555361,-0.2340499681308392,309.975,311.46196087107813,308.4880391289219,309.2,309.40500000000003,309.975,308.1325,309.5401584601306,-1.0,-0.0012938702895034,0,-0.0009704027171274,0,0.0040433446546983,1,0.0059841500889536,1,-0.0012938702895034,0,-0.0003234675723757,0,-0.0003234675723757,0,0.0008086689309396,1,2023-11-01 10:50:00,-0.001456664496464,-0.001456664496464,71.98386477602453,0.0381671129088301,-1.2347322446235618,0.0381671129088301,0.9618328870911698,-2.610138796762905e-05,-3.197991580397975e-05,0.0011538409131725,True,149.4050525187919,0.2014112344260482,-0.4944111332398768,0.2014112344260482,0.7985887655739518,-0.0001135406041799,-0.0001584178789313,0.0026258442220451,True,0,0,0,0.23404996813083917,0,1,0,0,0.22258853072512766,1,0,1,0,1,0,0,-0.002668607472101069,0.003291282548924419,0.00961967246371089,0.0018893459934154887,-9.986893155777684,9.497834551341187,-40.7569141193571,True,0.5794747,0.6224247242296518,54.443073
2023-11-01 14:05:00,2023-11-01 15:45:00,1,310.35,311.05,eod,0.6999999999999886,0.118642,0.48135799999998863,15162.776999999642,1.0,2023-11-01,309.75,0.0,311.05,311.05,311.05,0.0,2023,0.0,1.0,1.0,1.0,1,14,2,11,310.35,310.35,309.7,0.3595465644300706,41.222569074728646,0.0525014151385789,0.1255599264136102,-0.0730585112750312,310.44,311.0015767281689,309.8784232718311,310.35,310.345,310.44,310.1083333333333,309.8813992463891,-1.0,-0.0006444337038828,0,0.0004833252779119,1,0.0001611084259705,1,0.0196552279684226,1,0.0011277589817946,1,0.0008055421298533,1,0.0003222168519412,1,0.0011277589817946,1,2023-11-01 14:05:00,-0.00193517235041,-0.0024183808642816,27.45450318357971,0.0163892155951464,-1.6494409349492238,0.0163892155951464,0.9836107844048536,-2.610138796762905e-05,-3.197991580397975e-05,0.0011538409131725,True,70.92150720628209,0.0988215544099505,-0.8606614841721829,0.0988215544099505,0.9011784455900496,-0.0001135406041799,-0.0001584178789313,0.0026258442220451,True,0,0,0,0.0730585112750313,0,1,0,1,0.4198684743459455,1,1,0,1,1,0,0,-0.00028999516674714027,0.0007786907255251525,0.0036189897094822997,0.0011585196211698747,-3.0116595275318154,17.30805718602667,35.5244079265299,True,0.63648444,0.4992981784123175,63.012962
2023-11-06 15:30:00,2023-11-06 15:45:00,-1,334.55,335.3,eod,-0.75,0.1200955,-0.9700955,-30558.00825,1.0,2023-11-06,334.4,0.0,335.3,335.3,335.3,0.0,2023,0.0,2.0,2.0,2.0,1,15,0,11,334.55,334.85,333.1,0.7165621035862679,81.89142116657575,0.9659686962647244,0.5763951390550827,0.3895735572096416,330.915,333.8699423365564,327.96005766344365,332.96000000000004,331.925,330.915,329.8,331.52523463547664,1.0,-0.0022418173666118,0,0.0162905395307128,1,0.0115079958152743,1,0.0180839934240024,1,0.0058287251531908,1,0.0070243610820505,1,0.015692721566283,1,0.0158421760573905,1,2023-11-06 15:30:00,-0.0005979073421771,0.0093135719046962,365.7033102917434,0.2399599665504746,-0.4440603571205381,0.2399599665504746,0.7600400334495254,-3.000966884780277e-05,-2.5883782602535496e-05,0.0012881662377696,True,2.1399009565183302,0.9939381491041694,3.217342140417916,0.9939381491041694,0.0060618508958305,-0.0001268054143969,-0.0001278337239271,0.002934535780331,True,0,1,1,0.3895735572096417,1,1,1,1,1.115071224069324,0,1,0,0,0,0,0,0.010865341503512153,0.014198176655208488,0.017665176126476587,0.0021418684907675025,31.902732248815855,91.31476724099016,183.60484232551022,True,0.60530365,0.5499191513657035,60.42666
2023-11-08 14:25:00,2023-11-08 15:25:00,-1,325.95,325.2,pivot,0.75,0.1195345,0.5304655,16709.66325,1.0,2023-11-08,325.45,0.0,325.0,325.2,324.95,0.0,2023,0.0,1.0,1.0,1.0,1,14,2,11,325.95,326.15,325.35,0.4457487991038594,31.5839813784807,-0.2188656767886527,-0.1121636963139147,-0.106701980474738,326.5625,327.3735259918567,325.7514740081433,326.17,326.53000000000003,326.5625,326.97,327.10503810506566,-1.0,0.001994170885105,1,0.0024543641662832,1,0.001994170885105,1,0.0029145574474612,1,0.0023009664058904,1,0.0033747507286392,1,0.0032213529682466,1,0.0042951372909954,1,2023-11-08 14:25:00,-0.0015351553521519,-0.0035273405179685,82.3094639377378,0.0456916342165943,-1.1716434768252906,0.0456916342165943,0.9543083657834056,-3.000966884780277e-05,-2.5883782602535496e-05,0.0012881662377696,True,34.77370743002835,0.0540350161930795,-1.158447893812297,0.0540350161930795,0.9459649838069204,-0.0001268054143969,-0.0001278337239271,0.002934535780331,True,0,0,0,0.10670198047473801,0,0,0,0,0.12239188006921646,1,0,0,1,1,0,0,-0.0018791225648105887,-0.0031293143120111632,0.004976382830843352,0.0013675373496053365,-3.3700733643611365,3.865622860983376,72.4804417855476,True,0.68655264,0.6403557356210808,67.541664
2023-11-09 10:30:00,2023-11-09 10:35:00,1,326.1,327.0,pivot,0.8999999999999773,0.119593,0.6804069999999772,21432.82049999928,1.0,2023-11-09,327.0,0.0,327.25,327.3,326.65,0.0,2023,0.0,1.0,1.0,1.0,1,10,3,11,326.1,327.0,325.9,0.604894459454761,68.8070543791348,0.1162936202256901,-0.0885429478570877,0.2048365680827778,325.28000000000003,326.5417448242375,324.01825517576253,325.7,325.255,325.28000000000003,325.7125,326.0093170100348,1.0,0.0035265256056423,1,0.0,0,0.0013799448022078,1,0.0004599816007359,1,0.0036798528058877,1,0.0021465808034344,1,0.0012266176019625,1,0.0026065624041703,1,2023-11-09 10:30:00,0.0027560881019797,0.0073665158167624,7.257824757312448,0.9937872446540148,2.159637322430509,0.9937872446540148,0.006212755345985,-3.000966884780277e-05,-2.5883782602535496e-05,0.0012881662377696,True,3.614130518126041,0.9880222809775538,2.553845003670063,0.9880222809775538,0.0119777190224461,-0.0001268054143969,-0.0001278337239271,0.002934535780331,True,0,0,1,0.2048365680827778,1,1,1,1,0.824946845133896,1,1,1,0,1,0,0,0.0025145660840232846,0.0011882858019013967,0.007738392052974524,0.0018549354782421371,14.09420087890704,56.762162433023676,115.91536338546254,True,0.5900962,0.4866430904946411,44.59682
2023-11-09 10:35:00,2023-11-09 11:10:00,1,327.0,326.9,pivot,-0.1000000000000227,0.119617,-0.31961700000002274,-10067.935500000716,1.0,2023-11-09,327.25,0.0,326.7,326.95,326.6,0.0,2023,0.0,1.0,1.0,1.0,0,10,3,11,327.0,327.3,326.65,0.6081162837794233,70.53209515155635,0.2468028946662457,-0.021473779352421,0.2682766740186667,325.395,326.92157166688264,323.8684283331173,326.21,325.48,325.395,325.7308333333333,326.0093170100348,1.0,0.0,0,-0.0015290519877675,0,-0.0016819571865443,0,-0.0010703363914373,0,-0.0006116207951069,0,-0.0027522935779815,0,-0.0001529051987767,0,-0.0009174311926605,0,2023-11-09 10:35:00,0.0007642338927558,0.007822725681209,279.9978353689271,0.8312342812579052,0.6133662350337897,0.8312342812579052,0.1687657187420947,-3.000966884780277e-05,-2.5883782602535496e-05,0.0012881662377696,True,3.3180671306043648,0.9896103091698484,2.709307365895949,0.9896103091698484,0.0103896908301516,-0.0001268054143969,-0.0001278337239271,0.002934535780331,True,0,1,1,0.26827667401866667,1,1,1,1,1.0256877337693269,1,1,1,0,1,0,0,0.004908256880734,0.0038812436289501714,0.00933682976686642,0.0018596828250135268,18.922115898827666,72.34390483400236,-19.26605504586735,True,0.6358042,0.5206959443212967,40.4229
2023-11-22 11:35:00,2023-11-22 12:45:00,1,335.8,336.15,pivot,0.3499999999999659,0.1201585,0.12984149999996586,4090.0072499989246,1.0,2023-11-22,336.15,0.0,336.1,336.15,336.05,0.0,2023,0.0,1.0,1.0,1.0,1,11,2,11,335.8,336.3,335.7,0.4225888217844252,65.14311314191619,0.0267202538050241,-0.1695937102948076,0.1963139640998318,335.015,335.7917001738304,334.2382998261696,335.51,335.145,335.015,336.09333333333336,335.8674183160009,1.0,0.0,0,0.0017867778439546,1,0.001191185229303,1,0.0017867778439546,1,0.0004466944609886,1,0.001191185229303,1,0.0010422870756401,1,0.0016378796902918,1,2023-11-22 11:35:00,0.0011906535116985,0.0029792961110789,148.09835480613236,0.9072713404921252,0.8379471799975684,0.9072713404921252,0.0927286595078749,-1.230436264370625e-05,1.2681703289930342e-05,0.0014057828900529,True,45.260052423299214,0.9142558879323932,0.9263816292472165,0.9142558879323932,0.0857441120676066,-3.9706817783290415e-05,6.638872922996842e-05,0.0031443924295174,True,0,0,1,0.1963139640998317,1,0,1,1,1.0053430052221266,1,0,1,0,1,0,0,0.0023377010125075195,-0.0008735358348223668,0.004625968873319784,0.0012584539064455782,12.788502774693415,65.49117313561904,14.0708755211409,True,0.69506437,0.5202731035399393,32.45234
2023-11-27 11:05:00,2023-11-27 13:50:00,-1,335.8,334.0,pivot,1.8000000000000114,0.120094,1.5799060000000114,49767.03900000036,1.0,2023-11-27,335.25,0.0,333.8,334.05,333.75,0.0,2023,0.0,1.0,1.0,1.0,1,11,0,11,335.8,335.8,335.25,0.352884223686925,37.70493807685256,0.0869900750807914,0.191592895976592,-0.1046028208958005,336.09000000000003,336.72709868862574,335.4529013113743,335.95,336.165,336.09000000000003,335.5675,335.4160999200514,-1.0,0.0023823704586063,1,0.0031268612269208,1,0.0040202501488982,1,0.0069982132221561,1,0.0031268612269208,1,0.0034246575342466,1,0.0031268612269208,1,0.0037224538415723,1,2023-11-27 11:05:00,-0.0016392224816525,-0.0028296988127273,78.48554027241673,0.0448363123108518,-1.175077742538395,0.0448363123108518,0.9551636876891482,-1.230436264370625e-05,1.2681703289930342e-05,0.0014057828900529,True,57.9609609050262,0.0922309491835894,-0.9210324750723928,0.0922309491835894,0.9077690508164106,-3.9706817783290415e-05,6.638872922996842e-05,0.0031443924295174,True,0,0,0,0.10460282089580059,0,1,0,0,0.2724057471962623,1,1,1,0,1,0,0,-0.0008636092912448495,0.0006923764145325071,0.0037945127374968005,0.0010508761872749404,-3.9440428845402566,10.271041829813823,98.49612864800521,True,0.6949231,0.5552516891683333,63.050095
2023-12-20 15:05:00,2023-12-20 15:45:00,1,351.1,351.65,eod,0.5499999999999545,0.1210825,0.3289174999999545,10360.901249998567,1.0,2023-12-20,351.4,0.0,351.65,351.65,351.65,0.0,2023,0.0,1.0,1.0,1.0,1,15,2,12,351.1,351.45,351.1,0.2872109784381784,69.14172012775988,0.2385404041588117,0.2417723351871719,-0.0032319310283602,350.82000000000005,351.3344235435052,350.3055764564949,351.02,350.85,350.82000000000005,349.9158333333333,350.4421917014655,1.0,0.0001424095699229,1,0.0014240956992309,1,-0.0049843349473084,0,-0.0041298775277699,0,0.0012816861293078,1,0.0012816861293078,1,0.0015665052691539,1,-0.0071204784961549,0,2023-12-20 15:05:00,0.0009965122897388,0.0028498166907604,163.01716449404134,0.9282529045659662,0.914962990216567,0.9282529045659662,0.0717470954340337,3.940697638012527e-06,2.8536384402154275e-05,0.0010579399556998,True,33.2407222962437,0.9486212634722756,1.1833791364921868,0.9486212634722756,0.0513787365277245,-1.0047916024453483e-05,0.0001412823482994,0.0022888136683647,True,0,0,0,0.0032319310283601965,1,1,1,1,0.7721492858706803,1,1,0,0,1,0,0,0.0007974935915692757,0.003372733314345561,0.0029303534235552912,0.0008180318383314678,-0.22346127063510413,53.387729820520235,40.3731130731957,True,0.7796832,0.5751119481586621,34.379166
2023-12-21 10:55:00,2023-12-21 11:10:00,-1,348.05,348.5,pivot,-0.4499999999999886,0.1208965,-0.6708964999999886,-21133.23974999964,1.0,2023-12-21,347.65,0.0,348.55,348.65,348.4,0.0,2023,0.0,1.0,1.0,1.0,0,10,3,12,348.05,348.1,347.6,0.4476303343237583,25.46295953337104,-0.53932608893723,-0.4113761280074761,-0.1279499609297539,349.17749999999995,350.53763737808896,347.81736262191095,348.23999999999995,348.67,349.17749999999995,350.13916666666665,349.1956112566568,-1.0,-0.0002873150409422,0,-0.0017238902456542,0,-0.0022985203275391,0,-0.0027294928889527,0,-0.0014365752047119,0,-0.0015802327251831,0,-0.0031604654503662,0,-0.0033041229708374,0,2023-12-21 10:55:00,-0.0010062532294475,-0.0041621875659635,160.1334653328388,0.0729587425864014,-0.9781175276296497,0.0729587425864014,0.9270412574135986,3.940697638012527e-06,2.8536384402154275e-05,0.0010579399556998,True,8.688980346439605,0.0191505276646861,-1.880218548912143,0.0191505276646861,0.9808494723353138,-1.0047916024453483e-05,0.0001412823482994,0.0022888136683647,True,1,0,0,0.12794996092975391,0,0,0,0,0.08551980918865774,1,0,1,0,1,0,0,-0.0032394770866253147,-0.006002490063688097,0.007815758529458452,0.0012861092783328784,-3.257984677450729,2.177587440672405,-45.25211894842485,True,0.78051746,0.48356819742463486,32.367764
2023-12-21 11:25:00,2023-12-21 13:50:00,1,348.65,348.5,pivot,-0.1499999999999772,0.1209145,-0.3709144999999773,-11683.806749999285,1.0,2023-12-21,349.15,0.0,348.2,348.55,348.15,0.0,2023,0.0,1.0,1.0,1.0,1,11,3,12,348.65,349.2,348.55,0.4304398805433578,52.01316657031862,-0.3230342713605409,-0.4172044493424464,0.0941701779819054,348.8,349.8592947022426,347.7407052977574,348.69,348.415,348.8,349.9458333333333,349.1956112566568,-1.0,0.0015775132654524,1,0.000430230890578,1,0.0011472823748746,1,0.0002868205937186,1,0.0012906926717339,1,0.0005736411874373,1,0.0012906926717339,1,0.0005736411874373,1,2023-12-21 11:25:00,0.0014330756250245,0.0028682079034885,56.28612588553868,0.9725295930425024,1.3276171611207352,0.9725295930425024,0.0274704069574974,3.940697638012527e-06,2.8536384402154275e-05,0.0010579399556998,True,32.59714530034275,0.94922604034402,1.191414396409742,0.94922604034402,0.0507739596559798,-1.0047916024453483e-05,0.0001412823482994,0.0022888136683647,True,0,0,1,0.09417017798190547,0,0,0,1,0.42919817323617576,1,0,1,0,1,0,0,-0.00043023089057804136,-0.003716716860270611,0.006076550708404395,0.0012345902209762163,4.898089153329396,22.323956076209676,40.656819159617854,True,0.82174027,0.5087959553039562,55.12437
2023-12-28 11:00:00,2023-12-28 11:05:00,1,358.35,358.65,pivot,0.2999999999999545,0.12151,0.07848999999995451,2472.434999998567,1.0,2023-12-28,358.65,0.0,358.65,359.0,358.45,0.0,2023,0.0,1.0,1.0,1.0,1,11,3,12,358.35,358.8,358.3,0.4591142327564505,74.44871562201428,0.6848991644819762,0.5664561992213727,0.1184429652606035,357.0325,358.6677289404766,355.39727105952346,358.12,357.67,357.0325,355.56666666666666,357.18454194297243,1.0,0.0008371703641689,1,0.0027905678805636,1,0.0013952839402818,1,0.0026510394865354,1,0.0012557555462536,1,0.0018138691223663,1,0.0037672666387608,1,0.0025115110925072,1,2023-12-28 11:00:00,0.0009763582615351,0.0026523363074713,161.45005830670857,0.9347353202343058,1.0369076067488718,0.9347353202343058,0.0652646797656941,8.175067033199716e-06,2.1961643026590588e-05,0.0009204259013017,True,40.25082792621197,0.9491902289850636,1.2579922129100636,0.9491902289850636,0.0508097710149363,2.5571523575803057e-05,0.000105028275937,0.0020248996817251,True,0,1,1,0.1184429652606035,1,1,1,1,0.9028487899731116,1,1,1,0,1,0,0,0.0036765731826426547,0.007767080600902357,0.009126434717324211,0.001281189431439795,8.817926638114786,67.21593281438788,39.5562997069884,True,0.78359693,0.6053682332512385,39.846855
2024-01-03 10:40:00,2024-01-03 10:45:00,1,355.7,356.05,pivot,0.3500000000000227,0.1213525,0.12864750000002276,4052.3962500007165,1.0,2024-01-03,356.05,0.0,356.1,356.25,355.8,0.0,2024,0.0,1.0,1.0,1.0,1,10,2,1,355.7,356.3,355.7,0.6868406483937116,37.24088597377892,-1.563263358734048,-1.7242995353690405,0.1610361766349926,356.515,359.4818519561732,353.5481480438268,355.24,355.2,356.515,360.8033333333333,356.56388344092,-1.0,0.0011245431543436,1,0.0009839752600506,1,0.0009839752600506,1,-0.0026707899915658,0,0.0009839752600506,1,0.0022490863086871,1,0.0002811357885859,1,0.0008434073657576,1,2024-01-03 10:40:00,0.0009834914737243,0.0039397827800381,158.89403015220822,0.935878997188846,1.044657510547887,0.935878997188846,0.0641210028111539,8.175067033199716e-06,2.1961643026590588e-05,0.0009204259013017,True,9.252188209659208,0.9757370528755596,1.89379974658002,0.9757370528755596,0.0242629471244405,2.5571523575803057e-05,0.000105028275937,0.0020248996817251,True,0,0,1,0.16103617663499237,0,0,1,1,0.36264902798667864,1,0,1,0,1,0,0,-0.002291256676974973,-0.014347296410832995,0.016681765286326686,0.0019309548731900805,5.997129891717081,13.50537109975366,30.9952206915939,True,0.7365936,0.6054222879716386,43.53282
2024-01-03 10:45:00,2024-01-03 11:35:00,1,356.05,356.05,pivot,0.0,0.121363,-0.22136299999999998,-6972.934499999999,1.0,2024-01-03,356.1,0.0,356.45,356.45,356.0,0.0,2024,0.0,1.0,1.0,1.0,1,10,2,1,356.05,356.25,355.8,0.6699234592227314,37.78077562584166,-1.4282953116887145,-1.6650986906329752,0.2368033789442609,356.4075,359.26338496807807,353.55161503192187,355.59000000000003,355.2,356.4075,360.7216666666666,356.56388344092,-1.0,0.0005617188597106,1,-0.0007021485746383,0,0.0011234377194213,1,-0.0036511725881196,0,0.001263867434349,1,0.0,0,-0.0001404297149277,0,-0.0009830080044938,0,2024-01-03 10:45:00,0.0001404198555982,0.004926465027467,666.8077161979741,0.5904870672145978,0.128699347121957,0.5904870672145978,0.4095129327854022,8.175067033199716e-06,2.1961643026590588e-05,0.0009204259013017,True,5.728561495989201,0.9831221244876808,2.3810743786686115,0.9831221244876808,0.0168778755123193,2.5571523575803057e-05,0.000105028275937,0.0020248996817251,True,0,0,1,0.23680337894426073,0,0,1,1,0.43740994402856803,1,0,1,0,1,0,0,-0.0010040724617329474,-0.0131208163647425,0.016042044477338018,0.001881543208040251,8.946615327334278,16.52568695185529,39.8118241819935,True,0.58851844,0.5368226210529392,32.085266
2024-01-08 08:45:00,2024-01-08 10:40:00,-1,350.35,350.45,pivot,-0.0999999999999659,0.121024,-0.3210239999999659,-10112.255999998926,1.0,2024-01-08,350.9,0.0,350.25,350.5,350.1,0.0,2024,0.0,1.0,1.0,1.0,1,8,0,1,350.35,351.1,350.2,0.4682809008709825,69.73359616119038,0.0363445782477356,-0.0693758808941314,0.105720459141867,349.23,350.12877109251616,348.3312289074839,349.35,349.33,349.23,349.5625,349.6433552544428,1.0,-0.0008562865705721,0,-0.0012844298558583,0,0.0018552875695733,1,-0.002426145283288,0,0.0007135721421435,1,0.0007135721421435,1,-0.0002854288568573,0,0.0012844298558585,1,2024-01-08 08:45:00,0.0062893289075639,0.0047132844520981,0.9626905819924828,1.0,6.809203495548243,1.0,0.0,8.175067033199716e-06,2.1961643026590588e-05,0.0009204259013017,True,6.732403294371552,0.9817900573050992,2.2757948049233563,0.9817900573050992,0.0182099426949008,2.5571523575803057e-05,0.000105028275937,0.0020248996817251,True,0,0,1,0.105720459141867,1,1,1,1,1.1230729989682489,1,1,0,0,1,0,0,0.0031968031968032094,0.0022477522477523126,0.005130704110267688,0.0013366088222377121,7.37226780377458,78.31591896958884,22.47752247752025,True,0.5723284,0.5019785381349889,46.465935
2024-01-08 13:05:00,2024-01-08 14:00:00,-1,348.1,348.1,pivot,-0.0,0.120886,-0.220886,-6957.909,1.0,2024-01-08,347.65,0.0,348.0,348.15,347.9,0.0,2024,0.0,1.0,1.0,1.0,1,13,0,1,348.1,348.1,347.55,0.4094734890607985,37.06337425664114,-0.381288752327805,-0.394687302907441,0.0133985505796359,348.285,348.90323177636867,347.66676822363127,347.98,348.085,348.285,349.4158333333333,349.03228756240094,-1.0,0.0010054582016662,1,0.0001436368859523,1,-0.0,0,0.000430910657857,1,0.0007181844297615,1,0.000430910657857,1,0.000430910657857,1,0.0002872737719046,1,2024-01-08 13:05:00,-0.0012935682723665,-0.0008625647458322,76.34096380929022,0.0357009293155422,-1.2950550253487154,0.0357009293155422,0.9642990706844576,1.2827479885975653e-05,2.0283365598471445e-05,0.0010145141420621,True,213.8265580472853,0.2656716308550543,-0.4236607642992666,0.2656716308550543,0.7343283691449457,6.401141218688619e-05,0.0001005609562657,0.0022733417471192,True,0,0,1,0.01339855057963596,0,0,1,1,0.3503797385775147,1,0,0,1,1,0,0,-0.0005314564780235629,-0.003780044048644853,0.003552035486174676,0.0011763099369744283,0.49659549462958147,12.986255382842511,22.62280953748725,True,0.5599985,0.6311491968026816,57.953144
2024-01-09 15:05:00,2024-01-09 15:15:00,1,346.05,346.6,pivot,0.5500000000000114,0.1207795,0.3292205000000113,10370.445750000355,1.0,2024-01-09,346.6,0.0,346.65,346.8,346.55,0.0,2024,0.0,1.0,1.0,1.0,1,15,1,1,346.05,346.65,345.9,0.5172962293450288,44.48418334221038,-0.4582102830032681,-0.4789783716474078,0.0207680886441397,346.8125,347.8924000941867,345.7325999058133,346.26,346.4,346.8125,348.07916666666665,347.0074774624889,-1.0,0.0015893656985985,1,0.0008669267446901,1,0.0007224389539083,1,-0.0037566825603236,0,0.0011559023262533,1,0.0014448779078167,1,0.0007224389539083,1,-0.0001444877907817,0,2024-01-09 15:05:00,0.0014436266402071,0.0028893403516052,55.424553249124685,0.9724396654300396,1.402980220379651,0.9724396654300396,0.0275603345699604,1.2827479885975653e-05,2.0283365598471445e-05,0.0010145141420621,True,42.89694290664664,0.9428829436545584,1.2267312641724355,0.9428829436545584,0.0571170563454417,6.401141218688619e-05,0.0001005609562657,0.0022733417471192,True,0,0,1,0.020768088644139704,0,0,0,0,0.14695808246306427,1,0,0,0,1,0,0,-0.002203438809420571,-0.005863796175889727,0.0062412951549586015,0.0014948597871551187,0.9238514629131878,6.537310283906623,36.410923276978956,True,0.7926654,0.5333508379131051,55.794327
2024-01-11 14:15:00,2024-01-11 15:00:00,1,343.55,343.75,pivot,0.1999999999999886,0.120619,-0.020619000000011368,-649.498500000358,1.0,2024-01-11,344.0,0.0,343.75,343.85,343.6,0.0,2024,0.0,1.0,1.0,1.0,1,14,3,1,343.55,344.05,343.55,0.3338769511680997,70.1146627852298,0.1552624929776129,0.0530126567901425,0.1022498361874704,343.0925,343.72017323255045,342.4648267674495,343.45,343.15500000000003,343.0925,343.0433333333333,343.50816056991675,1.0,0.0023286275651288,1,0.0017464706738465,1,0.0010187745597437,1,-0.0046572551302576,0,0.0040750982389753,1,0.0020375491194876,1,0.0013098530053849,1,0.000291078445641,1,2024-01-11 14:15:00,0.0014545457109943,0.0026197075089941,54.01755405203849,0.9730378946482396,1.4137430775291928,0.9730378946482396,0.0269621053517604,1.2827479885975653e-05,2.0283365598471445e-05,0.0010145141420621,True,57.5636540444241,0.9294188269158729,1.1081248808810835,0.9294188269158729,0.0705811730841272,6.401141218688619e-05,0.0001005609562657,0.0022733417471192,True,0,1,1,0.10224983618747041,1,1,1,1,0.8644412221794451,1,1,0,1,1,0,0,0.0013316838888081462,0.0014747974579150558,0.0036540429780263606,0.0009718438398139999,7.169212784129473,60.6100047907637,128.36559452772195,True,0.7909818,0.5617134539863429,51.899426
2024-01-11 15:25:00,2024-01-11 15:45:00,1,343.3,343.55,eod,0.25,0.1206055,0.029394500000000004,925.9267500000001,1.0,2024-01-11,342.85,0.0,343.55,343.55,343.55,0.0,2024,0.0,1.0,1.0,1.0,0,15,3,1,343.3,343.4,342.7,0.477685538403342,39.52558748886717,0.0891041198611333,0.2168632365081405,-0.1277591166470071,343.82,344.9213866869911,342.71861331300886,343.71,343.79,343.82,343.27166666666665,343.6645042902365,-1.0,0.0007282260413632,1,-0.0046606466647247,0,-0.0049519370812699,0,-0.0065540343722691,0,-0.0042237110399067,0,-0.0037867754150888,0,-0.0039324206233615,0,-0.0056801631226332,0,2024-01-11 15:25:00,-0.0014573013363119,-0.0026216152504075,50.92311452394678,0.0252560547947831,-1.4564456429429022,0.0252560547947831,0.9747439452052168,1.2827479885975653e-05,2.0283365598471445e-05,0.0010145141420621,True,42.52320416842559,0.058558031712353,-1.1974337822823204,0.058558031712353,0.9414419682876468,6.401141218688619e-05,0.0001005609562657,0.0022733417471192,True,0,0,0,0.12775911664700718,0,1,0,0,0.2639339542860446,1,0,0,0,1,0,0,-0.0015147101660354845,8.253228468792428e-05,0.006416467736621812,0.0013914521945917332,-5.049754142531665,10.432144601415724,-133.04689775706106,True,0.7606213,0.5870320530438772,62.126205
2024-01-17 10:50:00,2024-01-17 10:55:00,-1,330.9,330.5,pivot,0.3999999999999772,0.119842,0.18015799999997728,5674.976999999284,1.0,2024-01-17,330.55,0.0,330.65,330.8,330.5,0.0,2024,0.0,1.0,1.0,0.0,0,10,2,1,330.9,331.05,330.5,0.6407982252914232,25.48417738860085,-1.1998454151776627,-1.1619974675672866,-0.0378479476103761,332.21750000000003,334.08361755757915,330.3513824424209,331.09000000000003,331.445,332.21750000000003,335.4316666666667,332.68802456819253,-1.0,0.0007555152614082,1,0.0033242671501963,1,0.0054397098821394,1,0.0057419159867028,1,-0.0001511030522816,0,0.001662133575098,1,0.0031731640979146,1,0.0037775763070414,1,2024-01-17 10:50:00,-0.0012093727853445,-0.0036237394327297,114.18718276611015,0.0564809132590499,-1.130023598205877,0.0564809132590499,0.94351908674095,-3.829830701341588e-07,6.498933655379731e-06,0.0010759702017996,True,23.52318423079644,0.0425631580147454,-1.536042351651889,0.0425631580147454,0.9574368419852546,9.40566050227364e-06,2.8021383935523004e-05,0.002377382897508,True,1,0,0,0.03784794761037613,0,0,0,0,0.14699437217952563,1,0,1,0,1,0,0,-0.003981565427621796,-0.013694973305127516,0.011279042354663744,0.0019365313547640471,-0.964523810697296,3.7460306557490446,-4.7597461468704,True,0.74073964,0.6340333563314385,37.70446
2024-01-17 13:55:00,2024-01-17 14:00:00,1,328.9,329.2,pivot,0.3000000000000113,0.119743,0.08025700000001139,2528.0955000003587,1.0,2024-01-17,329.25,0.0,328.75,329.35,328.7,0.0,2024,0.0,1.0,1.0,1.0,0,13,2,1,328.9,329.3,328.9,0.4475274239582152,53.87872416366816,-0.311880247778447,-0.5297662348650142,0.2178859870865671,328.5975,329.5503212962819,327.64467870371817,328.78,328.425,328.5975,330.45666666666665,328.8571730106462,1.0,-0.0004560656734569,0,-0.0009121313469138,0,-0.0034965034965034,0,-0.0048647005168743,0,-0.0006080875646092,0,-0.0015202189115232,0,-0.0015202189115232,0,-0.0019762845849801,0,2024-01-17 13:55:00,0.0009115770913835,0.0042611539137618,212.98273934625792,0.900131897505858,0.8411739992560575,0.900131897505858,0.099868102494142,-3.829830701341588e-07,6.498933655379731e-06,0.0010759702017996,True,13.740804365268064,0.9767861731956696,1.7805850855003016,0.9767861731956696,0.0232138268043304,9.40566050227364e-06,2.8021383935523004e-05,0.002377382897508,True,0,0,1,0.2178859870865672,1,0,1,1,0.6587391052133188,1,1,0,1,1,0,0,0.0009197324414714268,-0.004732948211209097,0.005793987815639127,0.0013606793066531324,11.73941899736571,35.492022545609984,-19.1547582851898,True,0.68791264,0.5301382787276527,39.248314
2024-01-23 11:00:00,2024-01-23 11:55:00,1,335.9,335.9,pivot,0.0,0.120154,-0.22015400000000002,-6934.851000000001,1.0,2024-01-23,336.4,0.0,335.8,335.95,335.75,0.0,2024,0.0,1.0,1.0,1.0,1,11,1,1,335.9,336.4,335.7,0.574087252180243,62.98884362731363,0.1065903308353313,-0.0226178423608448,0.1292081731961761,335.115,336.2566055185531,333.9733944814469,335.51,335.16,335.115,335.30749999999995,335.46167276830494,1.0,0.0016373920809765,1,0.0010419767788032,1,0.0001488538255433,1,-0.0008931229532597,0,0.00044656147663,1,0.0007442691277165,1,0.0007442691277165,1,0.0002977076510867,1,2024-01-23 11:00:00,0.001487431480546,0.0055145828699669,58.05598854433707,0.9701439248265512,1.376369479762208,0.9701439248265512,0.0298560751734489,-3.829830701341588e-07,6.498933655379731e-06,0.0010759702017996,True,2.6621628601448046,0.9858882534131362,2.307815662248739,0.9858882534131362,0.0141117465868637,9.40566050227364e-06,2.8021383935523004e-05,0.002377382897508,True,0,0,1,0.1292081731961761,1,1,1,1,0.8438140352522571,1,1,1,0,1,0,0,0.0023370050610299737,0.0017639178326883881,0.006797293947919573,0.0017091016736535964,8.138673416824794,53.15087031703693,14.066686513845,True,0.7633194,0.58584285971895,41.588947
2024-01-30 15:15:00,2024-01-30 15:45:00,-1,339.15,338.7,eod,0.4499999999999886,0.1203355,0.22966449999998856,7234.43174999964,1.0,2024-01-30,338.85,0.0,338.7,338.7,338.7,0.0,2024,0.0,1.0,1.0,1.0,1,15,1,1,339.15,339.2,338.75,0.3656766281811227,46.731579310089096,0.0416467707934771,0.0479152895181525,-0.0062685187246754,338.95500000000004,339.6229899166272,338.2870100833729,339.01,339.165,338.95500000000004,339.11999999999995,339.2568825085466,-1.0,0.0013268465280848,1,0.0088456435205661,1,0.007518796992481,1,0.0042753943682735,1,0.002063983488132,1,0.0013268465280848,1,0.0103199174406604,1,0.0097302078726226,1,2024-01-30 15:15:00,-0.0008849558099664,-0.0011797671328564,247.1589490421321,0.1368346715565124,-0.7560535749896605,0.1368346715565124,0.8631653284434876,-1.4533805996573256e-05,-1.3578166151040652e-05,0.0011525342550326,True,168.1803794297777,0.2574310101266767,-0.4411325287161166,0.2574310101266767,0.7425689898733233,-3.107214701930607e-05,-7.305319548854714e-05,0.0025088014719497,True,0,0,0,0.006268518724675397,1,1,1,0,0.6459602870837756,1,0,0,0,1,0,0,0.0005749668288366102,8.845643520574837e-05,0.003939200451877718,0.0010782150322309382,-0.29293777993894704,30.18674438702338,65.015479876158,True,0.5678017,0.5035838075729461,35.982605
2024-01-31 11:15:00,2024-01-31 11:55:00,1,336.8,336.5,pivot,-0.3000000000000113,0.120199,-0.5201990000000114,-16386.26850000036,1.0,2024-01-31,337.15,0.0,336.5,336.6,336.35,0.0,2024,0.0,1.0,1.0,1.0,1,11,2,1,336.8,337.3,336.8,0.556289496993014,50.56570761657333,-0.2010560911244852,-0.2557587548501899,0.0547026637257047,337.015,337.7648069942091,336.2651930057909,336.79,336.85,337.015,337.8475,337.76549365627005,-1.0,0.0011876484560569,1,-0.0007422802850356,0,0.0002969121140141,1,0.0016330166270784,1,0.0005938242280284,1,0.0001484560570071,1,-0.0002969121140143,0,-0.0010391923990499,0,2024-01-31 11:15:00,0.0010386528124192,0.001335609013562,184.90175284115085,0.9041150187854384,0.9129715442084538,0.9041150187854384,0.0958849812145614,-1.4533805996573256e-05,-1.3578166151040652e-05,0.0011525342550326,True,152.97455536354343,0.7775430428199454,0.5614881148629977,0.7775430428199454,0.2224569571800546,-3.107214701930607e-05,-7.305319548854714e-05,0.0025088014719497,True,0,0,1,0.0547026637257047,0,0,1,0,0.35662977162092535,1,0,1,0,1,0,0,-0.0006383610451305671,-0.003110154394299328,0.004452535595065969,0.0016516909055612054,2.7660788998017156,18.03323675914903,18.7054631828946,True,0.5684906,0.5222967518555227,44.207855
2024-02-05 10:40:00,2024-02-05 10:45:00,1,346.2,346.8,pivot,0.6000000000000227,0.12079,0.37921000000002275,11945.115000000716,1.0,2024-02-05,346.8,0.0,346.3,347.25,346.05,0.0,2024,0.0,1.0,1.0,1.0,1,10,0,2,346.2,346.8,346.05,0.7195959082343625,40.954134164616256,-1.4286259050665535,-1.5903020547442088,0.1616761496776553,346.74249999999995,349.05772989716183,344.42727010283807,345.72,345.86,346.74249999999995,350.71583333333336,347.1199750809285,-1.0,0.0002888503755055,1,0.0027440785673021,1,0.0031773541305604,1,0.0041883304448295,1,0.0054881571346043,1,0.0037550548815713,1,0.0041883304448295,1,0.0020219526285383,1,2024-02-05 10:40:00,0.0018760377823523,0.0036108943689833,42.51460542806109,0.9724615450592936,1.6129635353589111,0.9724615450592936,0.0275384549407063,-2.9501788767991048e-05,-1.8196954096289943e-05,0.0011743816242114,True,33.554116404418025,0.9553263547525502,1.4391854095160177,0.9553263547525502,0.0446736452474497,-9.54084393425842e-05,-8.739778724381037e-05,0.0025697120966998,True,0,0,1,0.1616761496776553,0,0,1,1,0.38284100843182295,1,0,1,0,1,0,0,-0.0015670132871171616,-0.01304400154053546,0.013375100503534864,0.002078555483057084,6.621306725117275,15.678922023033861,172.87694974003546,True,0.7634864,0.5185114612674373,55.12437
2024-02-07 12:35:00,2024-02-07 13:35:00,1,352.95,352.0,pivot,-0.9499999999999886,0.1211485,-1.1711484999999888,-36891.177749999646,1.0,2024-02-07,352.05,0.0,351.7,352.0,351.55,0.0,2024,0.0,1.0,1.0,1.0,0,12,2,2,352.95,352.95,352.05,0.5225032810872192,37.25408044240389,-0.1216628465552958,0.0350390808943614,-0.1567019274496572,353.3125,354.50452393271166,352.12047606728834,352.98999999999995,353.015,353.3125,352.0866666666667,353.4361422259152,-1.0,-0.0028332625017707,0,-0.003683241252302,0,-0.003683241252302,0,-0.0041082306275676,0,-0.0033999150021249,0,-0.0028332625017707,0,-0.0042498937526561,0,-0.0059498512537185,0,2024-02-07 12:35:00,-0.0026948459681545,-0.0028364789972136,8.49014240596001,0.010003762214605,-2.279198651337423,0.010003762214605,0.989996237785395,-2.9501788767991048e-05,-1.8196954096289943e-05,0.0011743816242114,True,58.29438355836456,0.0932689304272934,-1.0698012487470383,0.0932689304272934,0.9067310695727064,-9.54084393425842e-05,-8.739778724381037e-05,0.0025697120966998,True,0,0,0,0.1567019274496572,0,1,0,0,0.34794768374516527,1,0,0,1,1,0,0,-0.0010270576568919432,0.002446049959861984,0.006754633419530604,0.0014803889533566207,-5.837786210689267,12.962470999990495,-107.09732256693435,True,0.6262304,0.5477441218185191,48.93942
2024-02-08 11:45:00,2024-02-08 12:15:00,-1,354.8,354.05,pivot,0.75,0.1212655,0.5287345,16655.13675,1.0,2024-02-08,354.55,0.0,354.05,354.15,353.75,0.0,2024,0.0,1.0,1.0,1.0,1,11,3,2,354.8,354.9,354.55,0.4450977451465523,50.36161355676008,0.1972138211743299,0.2697490463522857,-0.0725352251779558,354.6475,355.45109390336194,353.843906096638,354.69,354.895,354.6475,353.6708333333333,353.76618220245496,1.0,0.0004227733934612,1,0.0019729425028184,1,0.0022547914317925,1,0.0025366403607667,1,0.0015501691093574,1,0.0012683201803832,1,0.0021138669673055,1,0.0011273957158963,1,2024-02-08 11:45:00,-0.0008457852209862,-0.00126840972541,281.68296794966966,0.1630515361614903,-0.7047013081847379,0.1630515361614903,0.8369484638385096,-2.9501788767991048e-05,-1.8196954096289943e-05,0.0011743816242114,True,167.8633122556466,0.2636179953231255,-0.4595892044416196,0.2636179953231255,0.7363820046768745,-9.54084393425842e-05,-8.739778724381037e-05,0.0025697120966998,True,0,0,0,0.0725352251779558,1,1,1,0,0.594886235051078,1,1,1,0,1,0,0,0.0004298196166855463,0.0031825441563323553,0.004529841619853196,0.0012545032275832928,-3.6529909796647835,29.95943067987833,48.8303269447581,True,0.5861693,0.48908821004742475,36.697445
2024-02-26 10:40:00,2024-02-26 12:10:00,1,354.75,355.95,pivot,1.1999999999999886,0.121321,0.9786789999999888,30828.388499999644,1.0,2024-02-26,355.3,0.0,356.05,356.15,355.95,0.0,2024,0.0,1.0,1.0,1.0,1,10,0,2,354.75,355.5,354.75,0.7997614238595995,48.21768001027488,-0.8601058640035717,-1.0310585262104826,0.1709526622069108,354.9875,357.4528119805719,352.52218801942814,354.39,353.98,354.9875,357.5075,355.5967466992785,-1.0,0.0012684989429175,1,0.0023960535588443,1,0.004369274136716,1,0.0031007751937985,1,0.0019732205778717,1,0.0018322762508808,1,0.0045102184637069,1,0.0054968287526426,1,2024-02-26 10:40:00,0.0014082525915569,0.0066360991855002,102.83449075209964,0.9414937113391952,1.086084202676772,0.9414937113391952,0.0585062886608048,1.18889695157728e-05,2.9119050294226097e-05,0.0012698219326491,True,6.587712240273715,0.9748394881245892,2.27325244212252,0.9748394881245892,0.0251605118754106,5.976329660764444e-05,0.0001499004698595,0.0028532681172816,True,0,0,1,0.17095266220691085,0,0,1,1,0.4518316541939411,1,0,1,0,1,0,0,-0.0006694855532065155,-0.007773079633544731,0.01389886951696614,0.0022544367127825212,8.242940763197437,21.786274120436627,62.15644820295855,True,0.76957285,0.5912193894209139,46.674747
2024-03-08 12:00:00,2024-03-08 13:30:00,-1,361.8,361.0,pivot,0.8000000000000114,0.121684,0.5783160000000115,18216.95400000036,1.0,2024-03-08,361.0,0.0,361.05,361.2,360.85,0.0,2024,0.0,1.0,1.0,1.0,1,12,4,3,361.8,361.8,360.95,0.4452238228129307,33.62334479615734,0.0874314851442932,0.368539085691716,-0.2811076005474228,362.49,363.4461986161995,361.5338013838005,361.91,362.37,362.49,360.53333333333336,361.69986832463707,-1.0,0.0024875621890548,1,0.0016583747927032,1,0.0015201768933112,1,0.0023493642896628,1,0.0023493642896628,1,0.0024875621890548,1,0.0017965726920951,1,0.0017965726920951,1,2024-03-08 12:00:00,-0.0022136146283138,-0.0045602234765404,23.236355919150583,0.0227404367608323,-1.834336480869891,0.0227404367608323,0.9772595632391676,2.0701687318946763e-05,3.7737454786444894e-05,0.0012273386625514,True,15.219757575286986,0.030599584422898,-1.7106191634569132,0.030599584422898,0.969400415577102,0.0001157861616501,0.0001971652827625,0.0027810917011411,True,0,0,0,0.2811076005474228,0,1,0,0,0.13919629859826832,1,1,0,1,1,0,0,-0.0019071310116086171,0.0035010134512621655,0.005285785606409701,0.0012305799414398305,-9.451777778026464,4.680245142118449,74.00497512437819,True,0.7954839,0.4886883439039847,44.65756
2024-03-13 11:20:00,2024-03-13 12:00:00,-1,362.45,362.85,pivot,-0.4000000000000341,0.121759,-0.6217590000000341,-19585.408500001075,1.0,2024-03-13,363.0,0.0,362.45,362.9,362.4,0.0,2024,0.0,1.0,1.0,1.0,0,11,2,3,362.45,363.05,362.35,0.4812156069435428,52.033989655783856,-0.0030918741118171,0.0891216124597832,-0.0922134865716003,363.09,364.033453903135,362.14654609686505,362.82,362.685,363.09,362.0733333333334,362.3887535139252,1.0,-0.00055180024831,0,-0.0012415505586977,0,-0.0004138501862326,0,-0.0017933508070079,0,-0.0011036004966203,0,-0.0015174506828528,0,-0.0020692509311629,0,-0.0011036004966203,0,2024-03-13 11:20:00,0.001516300517964,0.0012404384472491,66.75872176641728,0.9609286877836196,1.227462072478101,0.9609286877836196,0.0390713122163804,2.324118762207872e-05,2.8583292471421536e-05,0.0012120270425049,True,170.811422580184,0.747900273821516,0.3959326850274273,0.747900273821516,0.252099726178484,8.542163113951312e-05,0.0001404241573045,0.0027782861368677,True,0,0,0,0.0922134865716003,0,1,0,0,0.1608207365121906,1,1,1,0,1,0,0,-0.00176576079459232,0.0010392238009838829,0.005205980980190261,0.0013276744570107403,-4.7982356063904135,8.368144540110865,-34.763415643539446,True,0.57148516,0.555447720971777,46.867844
2024-03-13 12:00:00,2024-03-13 13:35:00,1,362.85,361.7,pivot,-1.150000000000034,0.1217365,-1.3717365000000339,-43209.69975000107,1.0,2024-03-13,362.45,0.0,361.95,362.1,361.65,0.0,2024,0.0,1.0,1.0,1.0,0,12,2,3,362.85,362.9,362.4,0.4183765814621288,44.07349385887496,-0.0177337128256453,0.0147916871706422,-0.0325253999962876,362.795,363.3089117310593,362.2810882689406,362.88,362.815,362.795,362.45333333333326,362.3887535139252,1.0,-0.0004133939644482,0,0.0009645859170455,1,0.0008267879288961,1,-0.0017913738459419,0,-0.0002755959762988,0,0.0002755959762986,1,0.0005511919525974,1,0.0002755959762986,1,2024-03-13 12:00:00,-0.0011029919772593,-0.0011029919772593,140.92718116535914,0.0895504178855261,-0.9336221305690522,0.0895504178855261,0.9104495821144738,2.324118762207872e-05,2.8583292471421536e-05,0.0012120270425049,True,164.33814161024912,0.2467037433316734,-0.4475479030268996,0.2467037433316734,0.7532962566683266,8.542163113951312e-05,0.0001404241573045,0.0027782861368677,True,0,0,0,0.0325253999962875,1,1,0,1,0.5535111349634785,1,1,0,1,1,0,0,0.0001515777869643291,0.0010931973726519516,0.002832640105053614,0.0011530290242858724,-1.433508016993833,24.39516960763178,-8.6812732534122,True,0.65039515,0.548929827108994,42.31616
2024-03-21 11:25:00,2024-03-21 15:30:00,1,373.15,375.25,pivot,2.1000000000000227,0.122452,1.8775480000000229,59142.76200000072,1.0,2024-03-21,373.55,0.0,375.25,375.4,375.1,0.0,2024,0.0,1.0,1.0,1.0,1,11,3,3,373.15,373.6,373.1,0.4236932877702742,80.61914570959397,1.0139015418412782,1.0396808798915975,-0.0257793380503192,372.0775,373.8118207390468,370.3431792609532,373.18,372.815,372.0775,368.6616666666667,372.1539602837536,1.0,0.0021439099557818,1,0.0038858367948547,1,0.0034838536781455,1,0.0038858367948547,1,0.0029478761892001,1,0.0032158649336729,1,0.0036178480503819,1,0.0033498593059091,1,2024-03-21 11:25:00,0.0010713808444139,0.0017415772370351,156.84730504538177,0.9232690366954684,0.9453358099093614,0.9232690366954684,0.0767309633045316,5.724344911840242e-06,7.197356110324219e-06,0.0011257200638634,True,118.83954082371928,0.8509403843697785,0.6695279862452229,0.8509403843697785,0.1490596156302215,3.0052821687786825e-05,3.620803052247151e-05,0.0025471216163443,True,0,1,0,0.02577933805031929,1,1,0,1,0.8091988626594566,1,1,1,0,1,0,0,0.002874179284470028,0.012028228147751004,0.0092955687474035,0.001135450322310798,-2.0783082105755635,65.23692101678044,92.85809995980314,True,0.6327843,0.5073403919218556,38.550297
2024-03-26 08:45:00,2024-03-26 10:35:00,-1,375.05,378.35,pivot,-3.300000000000012,0.122602,-3.5226020000000116,-110961.96300000037,1.0,2024-03-26,375.45,0.0,378.15,378.5,378.0,0.0,2024,0.0,2.0,1.0,1.0,0,8,1,3,375.05,375.5,374.25,0.5079767529946856,78.08337435079713,0.2910449516007816,0.1397945038645985,0.151250447736183,372.865,374.15222467864703,371.5777753213529,373.18,373.06,372.865,372.6783333333333,373.1373373520098,1.0,-0.0019997333688841,0,-0.0079989334755365,0,-0.0065324623383548,0,-0.0110651913078255,0,-0.0041327822956939,0,-0.006132515664578,0,-0.0073323556859085,0,-0.0071990401279829,0,2024-03-26 08:45:00,0.0076198483784046,0.0066809441447205,1.244810436044984,1.0,6.762472542390085,1.0,0.0,5.724344911840242e-06,7.197356110324219e-06,0.0011257200638634,True,4.173075907009477,0.98356757289298,2.6087235378005817,0.98356757289298,0.01643242710702,3.0052821687786825e-05,3.620803052247151e-05,0.0025471216163443,True,0,1,1,0.1512504477361831,1,1,1,1,1.3487251822644422,1,1,0,0,1,0,0,0.005825889881349159,0.006323601297604923,0.006864283048377966,0.001354424084774525,11.810145331310055,105.31301330310153,-130.18264231435785,True,0.57051325,0.4866430904946411,46.69445
2024-03-26 10:40:00,2024-03-26 11:05:00,-1,378.15,378.75,pivot,-0.6000000000000227,0.122707,-0.8227070000000227,-25915.270500000715,1.0,2024-03-26,378.0,0.0,379.0,379.0,378.7,0.0,2024,0.0,1.0,1.0,1.0,0,10,1,3,378.15,378.15,377.6,0.662159904141046,57.96708301211828,0.9975087758915606,1.1882426947154414,-0.1907339188238808,378.165,379.4881143503895,376.84188564961056,378.6,378.54,378.165,374.525,377.5129611639721,1.0,0.0006611133148221,1,-0.0022477852703954,0,-0.0018511172815021,0,0.0002644453259287,1,-0.0010577813037155,0,-0.0015866719555732,0,-0.0034377892370752,0,-0.0027766759222531,0,2024-03-26 10:40:00,-0.0003967466824508,-0.005013864573992,466.91362761761445,0.2841324845944014,-0.3588316949551288,0.2841324845944014,0.7158675154055986,5.724344911840242e-06,7.197356110324219e-06,0.0011257200638634,True,11.7640313416779,0.0263058183430532,-1.982658610452416,0.0263058183430532,0.9736941816569468,3.0052821687786825e-05,3.620803052247151e-05,0.0025471216163443,True,0,0,0,0.1907339188238808,0,1,0,0,0.49433155569825543,1,1,1,0,1,0,0,-3.966679888944388e-05,0.009586143064921329,0.006997828112597964,0.001751050916676044,-11.056288905690527,28.654958324670343,-33.320111067038255,True,0.6422565,0.4937953746056408,30.227148
2024-04-02 12:35:00,2024-04-02 13:10:00,-1,379.2,379.3,pivot,-0.1000000000000227,0.122755,-0.3227550000000227,-10166.782500000716,1.0,2024-04-02,378.7,0.0,379.1,379.4,379.05,0.0,2024,0.0,1.0,1.0,1.0,0,12,1,4,379.2,379.3,378.7,0.3803830478275378,42.00167025372862,0.2134396030344305,0.345555937034504,-0.1321163340000735,379.3825000000001,380.1008863533641,378.66411364663605,379.32,379.49,379.3825000000001,378.235,378.8406333720673,-1.0,0.0013185654008438,1,-0.0001318565400844,0,0.0013185654008438,1,0.0031645569620252,1,-0.0003955696202532,0,-0.0003955696202532,0,-0.0002637130801688,0,0.0002637130801686,1,2024-04-02 12:35:00,-0.0014512833208925,-0.0023737318280237,66.99025237186137,0.0408722293651296,-1.389608434099908,0.0408722293651296,0.9591277706348704,2.347969913501745e-06,2.672027313829021e-05,0.0010636115597471,True,62.748257707544,0.090848690258231,-1.0338300761234138,0.090848690258231,0.9091513097417688,4.844744985826536e-05,0.0001323414016969,0.00242406686321,True,0,0,0,0.1321163340000735,0,1,0,0,0.37297921296424436,1,1,0,1,1,0,0,-0.0004812763713083287,0.002544831223628626,0.0037889575599368403,0.0010031198518658697,-5.549106695802562,15.665749914419415,-12.4604430379758,True,0.71835,0.5401083817715049,50.848827
2024-04-05 10:30:00,2024-04-05 10:55:00,-1,374.75,373.0,pivot,1.75,0.1224325,1.5275675,48118.37625,1.0,2024-04-05,374.25,0.0,372.85,373.0,372.4,0.0,2024,0.0,1.0,1.0,1.0,1,10,4,4,374.75,374.75,374.15,0.6191372275652338,32.37856837874601,-0.3703965472297454,-0.2967153504422621,-0.0736811967874833,375.3850000000001,376.79664331443615,373.973356685564,375.17,375.675,375.3850000000001,376.5541666666667,375.7313376697708,-1.0,0.0008005336891261,1,0.0050700466977984,1,0.0041360907271514,1,0.0024016010673781,1,0.0020013342228152,1,0.0046697798532354,1,0.0049366244162775,1,0.0046697798532354,1,2024-04-05 10:30:00,-0.0013351136829693,-0.004532132524298,84.11930849496663,0.0496959034266709,-1.2803865693518093,0.0496959034266709,0.950304096573329,2.347969913501745e-06,2.672027313829021e-05,0.0010636115597471,True,13.448570212422942,0.0269325695476708,-1.9242348454935176,0.0269325695476708,0.9730674304523292,4.844744985826536e-05,0.0001323414016969,0.00242406686321,True,0,0,0,0.0736811967874833,0,0,0,0,0.2750848271988077,1,0,1,0,1,0,0,-0.001694462975317157,-0.004814320658216609,0.007533786868237902,0.0016521340295269748,-2.385691668411369,8.906852887412127,63.0420280186788,True,0.79809445,0.6606329156263104,63.559284
2024-04-09 10:30:00,2024-04-09 10:40:00,-1,375.75,374.55,pivot,1.1999999999999886,0.122509,0.9774909999999888,30790.966499999646,1.0,2024-04-09,375.25,0.0,374.9,374.95,374.4,0.0,2024,0.0,1.0,1.0,1.0,1,10,1,4,375.75,376.0,375.25,0.543752362300182,33.214928696858,-0.0567215070259976,0.2138705980384477,-0.2705921050644454,377.0675,378.37949927990417,375.7555007200958,376.23,376.705,377.0675,375.96583333333336,376.291884666479,-1.0,0.003193612774451,1,0.0030605455755155,1,0.0037258815701928,1,0.0069194943446441,1,0.0018629407850964,1,0.0027944111776447,1,0.0045242847638056,1,0.0033266799733865,1,2024-04-09 10:30:00,-0.0013315581195125,-0.0039893669930334,90.40423973417126,0.0465015216184441,-1.238285332087895,0.0465015216184441,0.953498478381556,7.660730757500851e-06,1.8520635840173254e-05,0.0010902808265332,True,17.853093917742335,0.0325221631106261,-1.6896606256514315,0.0325221631106261,0.967477836889374,7.787832396891278e-06,8.666129724114206e-05,0.0024123354882008,True,0,0,0,0.2705921050644453,0,0,0,0,-0.0020963121626965137,1,0,1,0,1,0,0,-0.0035063206919494225,-0.0005744067420714955,0.006983362767287671,0.0014471120753165188,-8.987697475648265,-0.0696288590103209,58.6826347305366,True,0.7687481,0.6606329156263104,50.559715
2024-04-11 15:10:00,2024-04-11 15:45:00,-1,372.5,372.8,eod,-0.3000000000000113,0.122359,-0.5223590000000113,-16454.308500000356,1.0,2024-04-11,372.15,0.0,372.8,372.8,372.8,0.0,2024,0.0,1.0,1.0,1.0,1,15,3,4,372.5,372.55,372.1,0.4673626894507345,40.5595216819796,0.1238446969837809,0.3002452963515303,-0.1764005993677493,372.975,374.0053295357776,371.9446704642225,372.78,373.21,372.975,372.0191666666667,372.6475654212006,-1.0,0.0018791946308724,1,-0.0008053691275168,0,0.0173154362416107,1,0.0229530201342282,1,0.0002684563758389,1,-0.0009395973154363,0,0.0167785234899328,1,0.0177181208053691,1,2024-04-11 15:10:00,-0.0009400390136946,-0.0048250998317569,197.95654680226173,0.1013365154210643,-0.8791860098858589,0.1013365154210643,0.8986634845789356,7.660730757500851e-06,1.8520635840173254e-05,0.0010902808265332,True,10.781527551927644,0.0206580878180786,-2.0361020069647475,0.0206580878180786,0.9793419121819212,7.787832396891278e-06,8.666129724114206e-05,0.0024123354882008,True,0,0,0,0.1764005993677494,0,1,0,0,0.26949122416374044,1,0,0,0,1,0,0,-0.0012751677852349604,0.0012908277404920642,0.005531970661892907,0.0012546649381227771,-7.1547239347704235,10.930435149572455,8.45637583892535,True,0.7801959,0.5153968099460863,36.560497
2024-04-15 11:30:00,2024-04-15 11:40:00,-1,364.1,364.05,pivot,0.0500000000000113,0.1218445,-0.17184449999998863,-5413.1017499996415,1.0,2024-04-15,363.65,0.0,363.85,364.1,363.85,0.0,2024,0.0,1.0,1.0,1.0,1,11,0,4,364.1,364.35,363.6,0.6901097251891584,38.52359270104215,-0.5954069117283325,-0.8134288313895863,0.2180219196612538,364.005,365.2180431519684,362.7919568480316,364.2,364.315,364.005,368.02,365.51985021275584,-1.0,-0.0,0,-0.0001373249107386,0,-0.000686624553694,0,-0.0028838231255148,0,0.0002746498214776,1,-0.0001373249107386,0,0.000686624553694,1,0.0002746498214776,1,2024-04-15 11:30:00,-0.0012366885808382,-0.0039794220610416,110.71839917067308,0.0561160335115953,-1.151271476239373,0.0561160335115953,0.9438839664884048,7.660730757500851e-06,1.8520635840173254e-05,0.0010902808265332,True,17.956258475887758,0.0327020744122015,-1.6855380929272428,0.0327020744122015,0.9672979255877984,7.787832396891278e-06,8.666129724114206e-05,0.0024123354882008,True,0,0,1,0.21802191966125384,1,0,0,0,0.539157716626103,1,0,1,0,1,0,0,0.00026091733040381016,-0.010766273001922436,0.00666324170265535,0.0018953851282316899,8.398987632929474,20.770292276927893,8.6514693765444,True,0.7591332,0.6340333563314385,37.70446
2024-04-15 14:35:00,2024-04-15 14:50:00,-1,366.3,366.85,pivot,-0.5500000000000114,0.1219945,-0.7719945000000115,-24317.82675000036,1.0,2024-04-15,365.95,0.0,367.2,367.2,366.8,0.0,2024,0.0,1.0,1.0,1.0,0,14,0,4,366.3,366.4,365.85,0.4468541910462152,51.98832101922455,0.3454522110346829,0.4007635796301532,-0.0553113685954703,366.015,366.9980671681508,365.0319328318492,366.26,366.375,366.015,364.81166666666667,365.4659035605003,1.0,-0.001092001092001,0,-0.002047502047502,0,-0.0025935025935025,0,0.0143325143325143,1,-0.0024570024570023,0,-0.0021840021840022,0,-0.0019110019110018,0,-0.002047502047502,0,2024-04-15 14:35:00,-0.0009559577375326,-0.0023200283350736,192.19601017506727,0.0982017902213797,-0.8937865820050763,0.0982017902213797,0.9017982097786202,7.660730757500851e-06,1.8520635840173254e-05,0.0010902808265332,True,65.99601856171242,0.091359012420073,-0.9976595892596012,0.091359012420073,0.908640987579927,7.787832396891278e-06,8.666129724114206e-05,0.0024123354882008,True,0,0,0,0.05531136859547031,1,1,1,0,0.6449544900050551,1,1,0,1,1,0,0,0.0007780507780508463,0.004063154063154092,0.005367552105655454,0.001219913161469329,-2.875545186553965,33.53010106917306,-77.39557739557245,True,0.734413,0.5190380006505513,32.939945
2024-04-15 14:50:00,2024-04-15 15:45:00,-1,366.85,367.2,eod,-0.3499999999999659,0.1220215,-0.5720214999999659,-18018.677249998924,1.0,2024-04-15,367.2,0.0,367.2,367.2,367.2,0.0,2024,0.0,1.0,1.0,1.0,0,14,0,4,366.85,367.2,366.8,0.4848901813879528,65.51744454573434,0.4211214547224813,0.3967308301333302,0.024390624589151,366.255,367.22665079511046,365.28334920488953,366.6,366.54,366.255,364.945,365.5269986611863,1.0,-0.0006814774430966,0,0.0002725909772387,1,0.0118577075098814,1,0.0164917541229385,1,-0.0004088864658579,0,-0.0005451819544772,0,-0.0005451819544772,0,-0.0010903639089545,0,2024-04-15 14:50:00,0.0009536135863321,0.0030001386201448,194.6262721935108,0.906593864160272,0.8576624734980433,0.906593864160272,0.093406135839728,7.660730757500851e-06,1.8520635840173254e-05,0.0010902808265332,True,36.82390313456665,0.94755563427295,1.2077413515466866,0.94755563427295,0.0524443657270499,7.787832396891278e-06,8.666129724114206e-05,0.0024123354882008,True,0,0,1,0.02439062458915109,1,1,1,1,0.8061799583729997,1,1,0,1,1,0,0,0.001621916314570062,0.005192858116396428,0.005297264795477514,0.0013217668839796996,1.598011393955525,52.81885071658542,-12.87992367452385,True,0.7447603,0.5271120635329869,36.896233
2024-04-18 14:30:00,2024-04-18 15:45:00,1,360.4,360.35,eod,-0.0499999999999545,0.1216225,-0.2716224999999545,-8556.108749998568,1.0,2024-04-18,360.85,0.0,360.35,360.35,360.35,0.0,2024,0.0,1.0,1.0,1.0,1,14,3,4,360.4,360.9,360.35,0.3985058865066685,68.12190660317584,0.2182712678270491,0.1046082357195754,0.1136630321074737,359.715,360.69913734805255,358.7308626519474,360.27,359.82,359.715,359.53,359.4082247205732,1.0,0.0012486126526083,1,0.0019422863485017,1,0.002219755826859,1,-0.0205327413984461,0,0.0016648168701443,1,0.0016648168701443,1,0.0011098779134296,1,0.001803551609323,1,2024-04-18 14:30:00,0.0012478337840995,0.0036091099697791,114.76658188749307,0.9367313772734924,0.9914198954371648,0.9367313772734924,0.0632686227265074,6.12821164683679e-06,-3.62471962466358e-06,0.0012622890759846,True,26.207101767006016,0.959330720909275,1.316856399894786,0.959330720909275,0.040669279090725,4.74799580984329e-05,-1.659434121773268e-05,0.0027533027225189,True,0,0,1,0.1136630321074737,1,1,1,1,0.8480205285143854,1,1,0,1,1,0,0,0.001900665926748064,0.0024139844617092248,0.005461361531923254,0.0011057322045135087,7.7429424574591,57.76877524103278,52.441731409545454,True,0.7790377,0.6188390236292454,39.846855
2024-04-19 10:35:00,2024-04-19 10:55:00,-1,351.05,351.7,pivot,-0.6499999999999773,0.1210825,-0.8710824999999773,-27439.098749999284,1.0,2024-04-19,350.25,0.0,350.95,351.95,350.4,0.0,2024,0.0,1.0,1.0,0.0,0,10,4,4,351.05,351.15,350.2,0.871578997623576,19.32803510606917,-1.6679983411225408,-1.5822023006144108,-0.0857960405081299,353.06,355.50660882456833,350.6133911754317,351.54,352.53000000000003,353.06,357.5225,353.36419874000933,-1.0,0.0027061672126477,1,0.0038456060390258,1,0.0054123344252956,1,0.001709158239567,1,-0.0018515880928641,0,0.0002848597065945,1,0.0031334567725395,1,0.006266913545079,1,2024-04-19 10:35:00,-0.0022814782461414,-0.0068288784370717,13.784731270161055,0.0138202171159997,-1.8045418992000424,0.0138202171159997,0.9861797828840004,6.12821164683679e-06,-3.62471962466358e-06,0.0012622890759846,True,3.8492044437976856,0.0103970369791398,-2.474222699936726,0.0103970369791398,0.98960296302086,4.74799580984329e-05,-1.659434121773268e-05,0.0027533027225189,True,1,0,0,0.08579604050812994,0,0,0,0,0.08922734606856743,1,0,1,0,1,0,0,-0.005725680102549468,-0.018437544509329065,0.013938805438361086,0.002482777375369822,-1.6582688829028673,1.724589277234654,-58.325024925219154,True,0.7788942,0.6175206949694904,64.04129
2024-04-22 08:45:00,2024-04-22 10:40:00,1,355.15,356.0,pivot,0.8500000000000227,0.1213345,0.6286655000000229,19802.96325000072,1.0,2024-04-22,356.55,0.0,356.45,356.6,356.0,0.0,2024,0.0,1.0,1.0,1.0,1,8,0,4,355.15,356.65,354.7,0.7281878863947597,76.590444676148,0.5547885591135469,0.3509981050585465,0.2037904540550003,353.43,355.063659116493,351.796340883507,354.3,353.745,353.43,351.89166666666665,353.4256264686754,1.0,0.0040827819231312,1,0.009854990848937,1,0.0022525693368999,1,0.0056314233422497,1,0.0033788540053499,1,0.0083063494298185,1,0.0097142052653809,1,0.0080247782627059,1,2024-04-22 08:45:00,0.0070363363765296,0.0092984609096757,0.8327980385173716,1.0,5.577138573161466,1.0,0.0,6.12821164683679e-06,-3.62471962466358e-06,0.0012622890759846,True,1.0465842636612328,0.9940539827866028,3.3832295935738053,0.9940539827866028,0.0059460172133971,4.74799580984329e-05,-1.659434121773268e-05,0.0027533027225189,True,0,1,1,0.20379045405500035,1,1,1,1,1.0264256118780541,1,1,0,0,1,0,0,0.0048430240743347055,0.009174527195081869,0.00919982608189775,0.002050367130493481,15.60840149682658,78.61439404072746,106.43390116852184,True,0.5936542,0.4866430904946411,46.69445
2024-05-02 08:45:00,2024-05-02 10:35:00,1,365.1,365.3,pivot,0.1999999999999886,0.121912,-0.021912000000011377,-690.2280000003584,1.0,2024-05-02,363.75,0.0,365.6,365.8,365.25,0.0,2024,0.0,2.0,1.0,0.0,1,8,3,5,365.1,365.15,363.5,0.6191970757366583,20.955991022369204,-0.5857201424024083,-0.4109457748543847,-0.1747743675480235,367.1425,369.0391105513436,365.2458894486564,366.33,366.695,367.1425,368.0525,366.53905442563473,-1.0,-0.003560668310052,0,-0.0005477951246235,0,0.0012325390304025,1,0.0017803341550259,1,0.0010955902492467,1,0.0024650780608051,1,0.0010955902492467,1,-0.0008216926869351,0,2024-05-02 08:45:00,-0.0101204364891779,-0.0083499218966075,4.962918291833177e-16,0.0,-7.160145687444087,0.0,1.0,1.1581716636198422e-05,-5.666174512810287e-06,0.0014126486745098,True,2.000472032940744,0.01207638569957,-2.6766824938824056,0.01207638569957,0.98792361430043,4.381204830707165e-05,-2.681129096171885e-05,0.0031094874437548,True,1,0,0,0.1747743675480236,0,0,0,0,-0.03846057076741744,1,0,0,0,1,0,0,-0.005594357710216273,-0.00808682552725277,0.010389540133353048,0.0016959656963480094,-3.6625700772766363,-0.8059793757171954,34.511092851271044,True,0.75083935,0.5337065995835144,82.163315
2024-05-16 10:50:00,2024-05-16 11:00:00,-1,376.75,376.5,pivot,0.25,0.1225975,0.0274025,863.17875,1.0,2024-05-16,376.15,0.0,376.3,376.5,376.1,0.0,2024,0.0,1.0,1.0,1.0,1,10,3,5,376.75,376.75,376.1,0.6252244848916779,40.12815331434472,0.2498682471003803,0.7371126720204757,-0.4872444249200953,378.2275,380.0672582807416,376.3877417192583,376.85,377.565,378.2275,374.8766666666667,377.1267543154937,-1.0,0.0006635700066357,1,0.0011944260119442,1,0.0022561380225614,1,0.0017252820172527,1,0.00092899800929,1,0.00092899800929,1,0.0017252820172527,1,0.0017252820172527,1,2024-05-16 10:50:00,-0.0015938375003743,-0.0047739117319551,64.3556120758488,0.0430666227881563,-1.0694612805143429,0.0430666227881563,0.9569333772118436,8.625247703594479e-06,-4.333071582042412e-06,0.0014862664574708,True,11.037199743378796,0.0341228404858281,-1.4915225504802585,0.0341228404858281,0.965877159514172,1.2784176201930096e-05,-2.1196697774411952e-05,0.0031864855363067,True,0,0,0,0.4872444249200954,0,1,0,0,0.09845268384813309,1,0,1,0,1,0,0,-0.003921698739217042,0.004972351249723366,0.009766467316478558,0.0016595208623534914,-19.55221898475331,3.950724391666595,29.263437292635,True,0.7699534,0.651550214290088,50.589836
2024-05-22 11:05:00,2024-05-22 11:15:00,1,373.05,372.7,pivot,-0.3500000000000227,0.1223725,-0.5723725000000227,-18029.733750000716,1.0,2024-05-22,372.5,0.0,372.55,372.8,372.5,0.0,2024,0.0,1.0,1.0,1.0,0,11,2,5,373.05,373.05,372.5,0.4609387976692105,51.85422307385392,0.275120012148534,0.2065943683066179,0.068525643841916,372.3175,373.5272302894858,371.1077697105142,372.96,372.8,372.3175,372.27583333333337,371.7796521276316,1.0,-0.0009382120359201,0,-0.0017423937809945,0,-0.0005361211633828,0,0.0,0,-0.0017423937809945,0,-0.0020104543626859,0,-0.0010722423267659,0,-0.001474333199303,0,2024-05-22 11:05:00,-0.0014754210979092,-0.0014754210979092,82.53341660787608,0.0487914677745339,-0.9941289482462252,0.0487914677745339,0.951208532225466,-1.1187490397563493e-06,2.8661012958471483e-06,0.0014870175562365,True,141.73508172271045,0.1996141260773591,-0.4680387201016801,0.1996141260773591,0.8003858739226408,-3.345431535626041e-06,1.67383030593901e-05,0.0031881110192004,True,0,0,1,0.06852564384191609,1,1,1,1,0.8027534345326601,1,1,1,0,1,0,0,0.0019635437608900037,0.0020752356699280114,0.006485620101786764,0.0012355952222737178,3.553344022058177,41.62615566755895,-54.88540410132675,True,0.5710507,0.555924964437278,61.221123
2024-05-27 14:55:00,2024-05-27 15:00:00,1,371.15,371.8,pivot,0.6500000000000341,0.1222885,0.4277115000000341,13472.912250001074,1.0,2024-05-27,371.8,0.0,371.7,372.4,371.55,0.0,2024,0.0,1.0,1.0,1.0,1,14,0,5,371.15,371.95,371.0,0.4539355583301264,88.15498725249469,0.5458060212424698,0.1791367637246254,0.3666692575178444,368.93,371.0726496150989,366.7873503849012,370.45,369.53,368.93,368.8258333333334,369.9395902609684,1.0,0.0014818806412501,1,0.0017513134851139,1,-0.0008082985315908,0,0.0012124477973866,1,0.0020207463289775,1,0.0018860299070457,1,0.000808298531591,1,0.001616597063182,1,2024-05-27 14:55:00,0.0018845072207917,0.0079660179570323,26.04201496277027,0.9825899351614792,1.3643322364193846,0.9825899351614792,0.0174100648385208,-9.972841337770875e-06,1.311867574700612e-05,0.0013716516366688,True,2.592644965336574,0.988462659745944,2.682419416104304,0.988462659745944,0.0115373402540559,-4.948197944370029e-05,6.742878238344944e-05,0.0029445764995692,True,0,1,1,0.3666692575178444,1,1,1,1,1.018050171235653,0,1,0,1,1,0,0,0.0059814091337733275,0.006262068346131212,0.011546003583989554,0.0012230514841172744,32.32372372236727,89.74619986767902,63.653509362791254,True,0.71889466,0.44916041188019423,55.60801
2024-06-21 11:45:00,2024-06-21 12:50:00,1,382.0,382.9,pivot,0.8999999999999773,0.122947,0.6770529999999773,21327.169499999283,1.0,2024-06-21,382.35,0.0,383.05,383.1,382.85,0.0,2024,0.0,1.0,1.0,1.0,1,11,4,6,382.0,382.4,382.0,0.4117711586307984,46.90503364450948,-0.3968473630409903,-0.5329040695244583,0.136056706483468,382.18,382.8977450108272,381.4622549891727,382.08,381.965,382.18,384.37,382.7836710127192,-1.0,0.0009162303664922,1,0.0007853403141361,1,0.0024869109947643,1,0.0011780104712041,1,0.0011780104712041,1,0.0017015706806282,1,0.0014397905759162,1,0.0015706806282723,1,2024-06-21 11:45:00,0.000915810883659,0.0022255687657224,199.5750992739673,0.9147920937522356,0.8229993284464949,0.9147920937522356,0.0852079062477643,-5.9192440160493655e-06,1.4605793257237803e-05,0.0010950253047021,True,70.8510729484331,0.9142582485696424,0.8862519087037304,0.9142582485696424,0.0857417514303575,3.825643416723808e-05,7.412602026068777e-05,0.0024275747384381,True,0,0,1,0.13605670648346807,0,0,0,1,0.374607278849286,1,0,1,0,1,0,0,-0.0004712041884816933,-0.006204188481675405,0.003757827281817956,0.001077934970237692,6.381744395168217,17.570967017903904,37.10732984292915,True,0.629329,0.537443433210269,30.918377
2024-06-27 12:55:00,2024-06-27 13:10:00,-1,383.0,383.2,pivot,-0.1999999999999886,0.122986,-0.4229859999999887,-13324.058999999645,1.0,2024-06-27,382.65,0.0,383.3,383.4,383.2,0.0,2024,0.0,1.0,1.0,1.0,0,12,3,6,383.0,383.0,382.45,0.3378248749276992,43.000279660212485,0.1017279369474977,0.1917007661222765,-0.0899728291747787,383.185,383.6608372185387,382.7091627814613,383.06000000000006,383.11,383.185,382.4725,382.5672015731781,1.0,-0.0,0,-0.0007832898172324,0,-0.0010443864229764,0,-0.0027415143603133,0,-0.0007832898172324,0,-0.0007832898172324,0,-0.0010443864229764,0,-0.0010443864229764,0,2024-06-27 12:55:00,-0.0009142559247159,-0.0023492571493753,177.447346745553,0.0823280098319922,-0.848255938912573,0.0823280098319922,0.9176719901680076,-5.9192440160493655e-06,1.4605793257237803e-05,0.0010950253047021,True,55.99263016213155,0.0739316138779115,-0.9982733512852344,0.0739316138779115,0.9260683861220884,3.825643416723808e-05,7.412602026068777e-05,0.0024275747384381,True,0,0,0,0.08997282917477879,0,1,0,0,0.30560579039178126,1,1,0,1,1,0,0,-0.0004830287206266378,0.0013772845953001957,0.0024847896529435307,0.0008820492817955592,-3.8688568163360086,13.141134452626872,-24.6736292428206,True,0.6497088,0.5350576483470282,32.939945
2024-06-28 10:35:00,2024-06-28 11:15:00,1,384.2,384.95,pivot,0.75,0.1230745,0.5269254999999999,16598.15325,1.0,2024-06-28,384.65,0.0,385.1,385.15,384.9,0.0,2024,0.0,1.0,1.0,1.0,1,10,4,6,384.2,384.7,384.2,0.511668184343421,56.4219906425281,0.0772085531975221,0.0790342112389037,-0.0018256580413816,384.3,385.0108186575412,383.58918134245886,384.31,384.17,384.3,383.8316666666667,383.82537688778046,1.0,0.0009109838625716,1,0.002212389380531,1,0.0018219677251431,1,0.0015616866215513,1,0.0024726704841228,1,0.0024726704841228,1,0.0018219677251431,1,0.001952108276939,1,2024-06-28 10:35:00,0.0011705795704874,0.0016912773172168,102.233724723049,0.9520950025010824,1.055659419253863,0.9520950025010824,0.0479049974989177,-5.9192440160493655e-06,1.4605793257237803e-05,0.0010950253047021,True,121.79175323911544,0.8636627544587119,0.6661592211148967,0.8636627544587119,0.1363372455412881,3.825643416723808e-05,7.412602026068777e-05,0.0024275747384381,True,0,0,0,0.0018256580413816004,0,1,0,1,0.4296585711846924,1,1,1,0,1,0,0,-0.0002602811035919384,0.000958702064896623,0.003700253292770339,0.0013317755969375871,-0.10300726092728882,24.24219188286471,77.8891202498682,True,0.617432,0.5789198937367972,41.485767
2024-07-02 10:35:00,2024-07-02 10:45:00,1,383.7,384.2,pivot,0.5,0.123037,0.276963,8724.3345,1.0,2024-07-02,384.0,0.0,384.15,384.35,384.0,0.0,2024,0.0,1.0,1.0,1.0,1,10,1,7,383.7,384.15,383.65,0.6039604447489193,47.385027297098354,-0.5364803191581018,-0.6557050939529282,0.1192247747948264,383.875,385.50385171231454,382.2461482876855,383.57,383.415,383.875,385.5525,384.9854573811991,-1.0,0.0013031013812874,1,0.0024758926244461,1,0.001563721657545,1,-0.0003909304143861,0,0.0009121709669012,1,0.0009121709669012,1,0.0028668230388324,1,0.0023455824863175,1,2024-07-02 10:35:00,0.0009118739640526,0.0031298930089275,205.68793513314432,0.915026280174387,0.8416779639411318,0.915026280174387,0.0849737198256129,1.5035213597014324e-05,2.505341002708904e-05,0.0010536340405932,True,27.466770383399155,0.9587426058034852,1.2852996106921433,0.9587426058034852,0.0412573941965147,0.0001257639978934,0.000122578888942,0.0023397767298521,True,0,0,1,0.1192247747948264,0,0,1,1,0.44628117505203285,1,0,1,0,1,0,0,-0.0004560854834506421,-0.0048279906176701085,0.008490235664917979,0.001574043379590616,5.649469208143253,21.147045662021707,28.733385457387797,True,0.7552728,0.5469348139586401,35.16808
2024-07-02 11:40:00,2024-07-02 11:55:00,-1,384.05,383.95,pivot,0.1000000000000227,0.12304,-0.12303999999997726,-3875.759999999284,1.0,2024-07-02,383.8,0.0,383.9,383.95,383.65,0.0,2024,0.0,1.0,1.0,1.0,1,11,1,7,384.05,384.15,383.75,0.4692059296444792,42.68418611256149,-0.0709601128912709,-0.104946836212323,0.0339867233210521,384.005,385.1260427503402,382.8839572496598,384.21,384.38,384.005,385.0316666666667,384.9854573811991,-1.0,0.0011717224319749,1,0.0011717224319749,1,0.0022132534826195,1,0.0028642103892722,1,0.0003905741439917,1,0.0005207655253221,1,0.0005207655253221,1,0.0013019138133055,1,2024-07-02 11:40:00,-0.0005209690141272,-0.002212246331344,403.98768282613537,0.1836722798852615,-0.5182277746521334,0.1836722798852615,0.8163277201147384,1.5035213597014324e-05,2.505341002708904e-05,0.0010536340405932,True,56.9402449111284,0.0780968258044121,-0.9978837683515503,0.0780968258044121,0.921903174195588,0.0001257639978934,0.000122578888942,0.0023397767298521,True,0,0,1,0.0339867233210521,1,0,0,0,0.5200705994425097,1,0,1,0,1,0,0,0.00011717224319754177,-0.002556090786789958,0.005838004167895966,0.0012217313621780477,1.4506956235919217,22.1987902582755,12.30308553573855,True,0.6226558,0.48876899275813124,33.364708
2024-07-03 08:45:00,2024-07-03 10:50:00,1,386.0,383.9,pivot,-2.1000000000000227,0.123097,-2.323097000000023,-73177.55550000072,1.0,2024-07-03,386.05,0.0,384.1,384.15,383.7,0.0,2024,0.0,2.0,1.0,1.0,0,8,2,7,386.0,386.55,385.55,0.4740010329149801,77.15490258561384,0.2472342043808453,0.1138743531784495,0.1333598512023957,383.82,385.0113724971732,382.6286275028268,384.24,383.995,383.82,383.7258333333333,384.3895271015708,1.0,-0.0006476683937823,0,-0.0040155440414508,0,-0.005181347150259,0,-0.0085492227979274,0,-0.0020725388601036,0,-0.0028497409326425,0,-0.0036269430051812,0,-0.0023316062176165,0,2024-07-03 08:45:00,0.0066272739475139,0.0062362161311505,0.9947121542506658,1.0,6.266142021920067,1.0,0.0,1.5035213597014324e-05,2.505341002708904e-05,0.0010536340405932,True,3.5563981511620733,0.984612201991964,2.612914798325587,0.984612201991964,0.0153877980080359,0.0001257639978934,0.000122578888942,0.0023397767298521,True,0,1,1,0.1333598512023958,1,1,1,1,1.4149111655559075,1,1,0,0,1,0,0,0.0056476683937824014,0.005891623488773839,0.006172914493125415,0.0012279819505569432,10.289366328352799,109.16733314576338,-65.2849740932634,True,0.6031374,0.4866430904946411,46.69445
2024-07-05 11:30:00,2024-07-05 12:00:00,1,397.85,397.8,pivot,-0.0500000000000113,0.1238695,-0.2738695000000114,-8626.88925000036,1.0,2024-07-05,398.3,0.0,397.75,398.1,397.75,0.0,2024,0.0,1.0,1.0,2.0,1,11,4,7,397.85,398.35,397.8,0.5072789989895725,86.2408780728964,1.130000755537253,1.0386798490203055,0.0913209065169473,396.1875,398.2185419951439,394.1564580048561,397.64,396.9450000000001,396.1875,393.0625,396.5670809154525,1.0,0.0036445896694733,1,-0.0001256755058439,0,-0.001382430564283,0,0.0,0,0.0012567550584391,1,-0.0001256755058439,0,-0.0002513510116878,0,-0.0005027020233757,0,2024-07-05 11:30:00,0.0010047727547157,0.0044033536582699,164.56550030839972,0.9321944099643424,0.9298478474907872,0.9321944099643424,0.0678055900356576,1.5035213597014324e-05,2.505341002708904e-05,0.0010536340405932,True,6.894107408170048,0.978968021427416,1.8295654943104032,0.978968021427416,0.0210319785725838,0.0001257639978934,0.000122578888942,0.0023397767298521,True,0,1,1,0.09132090651694758,1,1,1,1,0.9092726797316296,1,1,1,0,1,0,0,0.004178710569310099,0.012033429684554536,0.010210089205197337,0.001275050896040147,7.875595164434421,78.41647430775124,39.58778434083165,True,0.7315648,0.6333538039972183,39.80613
2024-07-23 08:45:00,2024-07-23 10:45:00,-1,384.5,383.1,pivot,1.3999999999999773,0.123028,1.1769719999999775,37074.61799999929,1.0,2024-07-23,384.7,0.0,382.5,383.2,382.5,0.0,2024,0.0,1.0,1.0,1.0,0,8,1,7,384.5,385.3,384.35,0.613528314591347,73.76146814188914,0.4316110553619978,0.3309589843359439,0.1006520710260538,382.35,383.8917010446496,380.8082989553505,382.88,382.81,382.35,381.5475,382.762499978468,1.0,-0.000260078023407,0,-0.0052015604681404,0,-0.0046814044213264,0,0.000780234070221,1,-0.0042912873862158,0,-0.0044213263979193,0,-0.0033810143042913,0,-0.0024707412223666,0,2024-07-23 08:45:00,0.0065197779520766,0.0044288205776034,0.8145849453414148,1.0,6.529541647020624,1.0,0.0,2.170695780589252e-05,3.6933037256973447e-05,0.0009928483904804,True,8.494550784081852,0.9792740401645744,1.943997566013434,0.9792740401645744,0.0207259598354255,0.0001661424536347,0.000185347173701,0.0021828594223008,True,0,1,1,0.10065207102605389,1,1,1,1,1.1972817484497016,1,1,0,0,1,0,0,0.005591677503250916,0.007678803641092293,0.008019251207539957,0.0015956523136315918,7.4242445304034295,88.313259545138,-135.1755526657977,True,0.5798481,0.5046452048016555,37.69729
2024-07-23 10:45:00,2024-07-23 11:00:00,-1,383.1,383.35,pivot,-0.25,0.1229935,-0.47299349999999996,-14899.29525,1.0,2024-07-23,382.5,0.0,383.5,383.55,383.1,0.0,2024,0.0,1.0,1.0,1.0,0,10,1,7,383.1,383.2,382.5,0.6721395106009652,30.316628008005864,-0.144336157009036,0.3039513981001246,-0.4482875551091607,385.1,387.2235521397606,382.9764478602394,383.5,384.39,385.1,383.1933333333333,384.0512938622855,-1.0,0.0002610284521013,1,-0.0002610284521011,0,-0.0014356564865569,0,-0.0009135995823543,0,-0.001044113808405,0,-0.0011746280344557,0,0.0005220569042026,1,-0.0007830853563037,0,2024-07-23 10:45:00,-0.0016979041498227,-0.0066445427186686,23.8911295635614,0.0148645802631404,-1.7473334334964816,0.0148645802631404,0.9851354197368596,2.170695780589252e-05,3.6933037256973447e-05,0.0009928483904804,True,3.40389563767266,0.0095024016627086,-3.128872992274787,0.0095024016627086,0.9904975983372912,0.0001661424536347,0.000185347173701,0.0021828594223008,True,0,0,0,0.44828755510916063,0,0,0,0,0.029090912685236732,1,0,1,0,1,0,0,-0.0052205690420255805,-0.00024362655529445388,0.011086150559961467,0.0017544753604828117,-13.590567048862853,0.881938378291701,-32.8895849647575,True,0.80622154,0.6008613838059848,76.18312
2024-07-24 15:10:00,2024-07-24 15:45:00,-1,381.2,380.95,eod,0.25,0.1228645,0.02713550000000003,854.768250000001,1.0,2024-07-24,380.55,0.0,380.95,380.95,380.95,0.0,2024,0.0,1.0,1.0,1.0,1,15,2,7,381.2,381.2,380.55,0.4253134177685133,35.924405633116734,-0.2257835326340114,-0.2065143349760709,-0.0192691976579404,381.19,381.9324000945834,380.4475999054166,381.05,381.325,381.19,382.1358333333334,381.823907947212,-1.0,0.0007869884575026,1,0.0006558237145855,1,0.0145592864637985,1,0.0196747114375655,1,0.0003934942287512,1,0.0010493179433367,1,0.0163955928646379,1,0.0154774396642181,1,2024-07-24 15:10:00,-0.0017065970666463,-0.002231118452918,24.87180579096709,0.0170094695471707,-1.6740439688000004,0.0170094695471707,0.9829905304528292,6.134651829750339e-06,-7.413323473287881e-06,0.0010150173919213,True,58.70274980717437,0.0861537385739631,-0.9715114843390328,0.0861537385739631,0.9138462614260368,8.24953877591639e-05,-3.96712923448148e-05,0.0022557089606245,True,0,0,0,0.019269197657940496,1,0,1,0,0.5067349129350547,1,0,0,0,1,0,0,2.623294858339692e-05,-0.0024549667715986143,0.0038950687019065487,0.001115722502016037,-0.6922344728885539,18.204150560740995,12.395068205662799,True,0.6426858,0.6085398112605571,73.0536
2024-07-26 12:50:00,2024-07-26 15:45:00,1,375.95,375.95,eod,0.0,0.122557,-0.222557,-7010.5455,1.0,2024-07-26,375.7,0.0,375.95,375.95,375.95,0.0,2024,0.0,1.0,1.0,1.0,0,12,4,7,375.95,376.05,375.65,0.4277017023487562,45.01924071471692,0.0625835062890018,0.1742190382475902,-0.1116355319585883,376.29,377.0962910568732,375.4837089431269,375.99,375.965,376.29,375.225,375.3249647815056,1.0,-0.0005319856363877,0,-0.0010639712727755,0,-0.0017289533182603,0,0.0018619497273573,1,-0.0001329964090969,0,-0.0010639712727755,0,-0.0011969676818725,0,-0.0009309748636785,0,2024-07-26 12:50:00,-0.0006652032441127,-0.0010641128963675,312.5069541739797,0.1444027769556593,-0.648057782925566,0.1444027769556593,0.8555972230443406,6.134651829750339e-06,-7.413323473287881e-06,0.0010150173919213,True,182.34657502110488,0.2190753561017814,-0.4541550447798576,0.2190753561017814,0.7809246438982186,8.24953877591639e-05,-3.96712923448148e-05,0.0022557089606245,True,0,0,0,0.11163553195858839,0,1,0,0,0.2891580235810894,1,1,0,1,1,0,0,-0.0009043755818593745,0.001928447931905748,0.00428935261004476,0.00113765581154078,-5.025746885559161,13.017674668188855,-4.18938688655235,True,0.6271714,0.5053650131663332,36.697445
2024-07-31 11:25:00,2024-07-31 11:35:00,-1,377.4,378.25,pivot,-0.8500000000000227,0.1226695,-1.0726695000000228,-33789.08925000072,1.0,2024-07-31,377.75,0.0,378.1,378.25,377.9,0.0,2024,0.0,1.0,1.0,1.0,0,11,2,7,377.4,377.75,377.4,0.501838877255949,57.43716928006872,-0.025831843397043,-0.0148022252358246,-0.0110296181612184,377.45,378.8222820045796,376.0777179954204,377.14,376.985,377.45,376.8733333333333,376.7986335417256,1.0,-0.0021197668256492,0,-0.0021197668256492,0,-0.0026497085320614,0,-0.0039745627980922,0,-0.00172231054584,0,-0.0019872813990461,0,-0.0018547959724431,0,-0.0019872813990461,0,2024-07-31 11:25:00,0.0009269682183992,0.002120048495138,185.50552011943105,0.9140571587138168,0.920557174004484,0.9140571587138168,0.0859428412861833,6.134651829750339e-06,-7.413323473287881e-06,0.0010150173919213,True,84.1741473490057,0.9063821518153669,0.9574461179091216,0.9063821518153669,0.0936178481846332,8.24953877591639e-05,-3.96712923448148e-05,0.0022557089606245,True,0,0,0,0.0110296181612184,0,1,1,1,0.48178217019782416,1,1,1,0,1,0,0,-0.00013248542660310378,0.0013955131602191291,0.007272294671857991,0.0013297267547852385,-0.6335100454204216,27.672204065771307,-54.25278219396,True,0.6966922,0.5414078459686569,30.724186
2024-08-01 11:25:00,2024-08-01 11:30:00,1,383.15,383.55,pivot,0.4000000000000341,0.123001,0.1769990000000341,5575.468500001074,1.0,2024-08-01,383.5,0.0,383.15,383.55,383.15,0.0,2024,0.0,1.0,1.0,1.0,1,11,3,8,383.15,383.6,383.1,0.5264938887328476,60.14641581785087,0.1101084574146398,0.0787047039249616,0.0314037534896782,382.6775,383.3475157150754,382.0074842849245,382.9,382.745,382.6775,381.83,383.4748984861943,1.0,0.0,0,0.0005219887772414,1,0.0010439775544826,1,0.0033929270520684,1,0.001174474748793,1,0.0005219887772414,1,0.0009134803601723,1,0.001174474748793,1,2024-08-01 11:25:00,0.0009130633908975,0.0030032013170767,190.90589075775725,0.9114335788735224,0.9068580712971076,0.9114335788735224,0.0885664211264776,6.134651829750339e-06,-7.413323473287881e-06,0.0010150173919213,True,33.03836544350875,0.9539007860585856,1.3489650759639735,0.9539007860585856,0.0460992139414144,8.24953877591639e-05,-3.96712923448148e-05,0.0022557089606245,True,0,0,1,0.03140375348967821,1,1,1,1,0.8526036698607932,1,0,1,0,1,0,0,0.001233198486232463,0.003445125929792492,0.0034974068384469002,0.0013741195060233528,1.8888232156314704,51.28105485527291,36.9959545869795,True,0.7719055,0.5411821088093833,34.25097
2024-08-02 14:00:00,2024-08-02 14:55:00,-1,367.3,366.55,pivot,0.75,0.1220155,0.5279845000000001,16631.51175,1.0,2024-08-02,366.65,0.0,366.6,366.7,366.25,0.0,2024,0.0,1.0,1.0,1.0,1,14,4,8,367.3,367.4,366.65,0.3641211169586628,23.576426333202026,-0.4821193169896105,-0.5011458300439039,0.0190265130542933,367.67,368.3360172309071,367.00398276909294,367.24,367.49,367.67,369.0441666666667,368.0664330227205,-1.0,0.000544514021236,1,0.0029948271167983,1,0.0021780560849442,1,0.0283147291042745,1,0.0010890280424721,1,0.0027225701061802,1,0.0039477266539613,1,0.0057173972229785,1,2024-08-02 14:00:00,-0.0017712382858131,-0.0025876759417236,28.921541856356647,0.0164050787582152,-1.6074923975332018,0.0164050787582152,0.9835949212417848,-7.917723070744808e-06,-3.251409558737959e-06,0.0010998415164933,True,49.11618846555081,0.0691329030235142,-1.0649022849566308,0.0691329030235142,0.9308670969764858,5.201947331688204e-05,-1.476158359289545e-05,0.0024161037068631,True,1,0,1,0.01902651305429337,0,0,1,0,0.22222940876763198,1,0,0,1,1,0,0,-0.001007350939286699,-0.004748616026862706,0.003626557206137071,0.000991345268060612,0.44857718340225267,5.239375284881116,34.30438333787115,True,0.67101014,0.6085398112605571,73.760765
2024-08-05 15:15:00,2024-08-05 15:20:00,-1,330.7,332.4,pivot,-1.6999999999999886,0.119893,-1.9198929999999887,-60476.629499999646,1.0,2024-08-05,332.5,0.0,331.5,332.9,330.75,0.0,2024,0.0,2.0,1.0,0.0,0,15,0,8,330.7,333.1,330.7,2.0933098547781133,41.240730915796526,-3.1404394869085763,-3.170149990702938,0.0297105037943614,334.49,342.3672557338404,326.6127442661596,330.89,331.325,334.49,342.03166666666664,332.147882248666,1.0,-0.002419110976716,0,-0.0535228303598427,0,-0.0521620804354399,0,-0.0642576353190202,0,-0.0096764439068641,0,0.0007559721802237,1,-0.0533716359237981,0,-0.0485334139703659,0,2024-08-05 15:15:00,0.0054282401081616,0.0186694350146823,0.7075135830108313,0.9999483610550156,4.938431070539866,0.9999483610550156,5.163894498438904e-05,-7.917723070744808e-06,-3.251409558737959e-06,0.0010998415164933,True,6.204190784755932e-32,1.0,7.7331931345502,1.0,0.0,5.201947331688204e-05,-1.476158359289545e-05,0.0024161037068631,True,0,0,1,0.029710503794361465,0,0,0,0,0.25943398766918785,0,0,0,0,1,0,0,-0.01146053825219238,-0.03426569902227593,0.047639889530332026,0.006329936059202036,1.2252828923560102,10.69924727587705,-304.80798306621915,True,0.6308905,0.4458944289184382,47.307114
2024-08-06 12:30:00,2024-08-06 12:45:00,1,344.8,345.7,pivot,0.8999999999999773,0.120715,0.6792849999999773,21397.477499999284,1.0,2024-08-06,344.9,0.0,346.5,346.5,345.45,0.0,2024,0.0,1.0,1.0,1.0,1,12,1,8,344.8,345.05,344.45,1.5215336987321135,55.83150426750411,0.1041865365472176,-0.1434163444382259,0.2476028809854436,343.2475,345.239450908886,341.255549091114,344.15,343.725,343.2475,342.21583333333336,344.4897235248244,1.0,0.0008700696055684,1,0.0052204176334107,1,0.0062354988399071,1,-0.0088457076566125,0,0.0049303944315544,1,0.0037703016241299,1,0.0052204176334107,1,0.0037703016241299,1,2024-08-06 12:30:00,0.0002899811532571,0.0063990910622321,539.8141338641216,0.6771794059766965,0.2666134696849933,0.6771794059766965,0.3228205940233035,-7.917723070744808e-06,-3.251409558737959e-06,0.0010998415164933,True,5.724203019467678,0.9861731042476513,2.654626383629966,0.9861731042476513,0.0138268957523488,5.201947331688204e-05,-1.476158359289545e-05,0.0024161037068631,True,0,0,1,0.2476028809854435,1,1,1,1,0.8896933385944357,0,1,0,1,1,0,0,0.004502610208816732,0.007494682907965913,0.011554239610707638,0.00441280075038316,13.824041306385107,49.672917430505215,155.30742459396362,True,0.5705305,0.47633717704630135,40.7895
2024-08-06 13:45:00,2024-08-06 14:30:00,-1,343.85,344.15,pivot,-0.2999999999999545,0.12064,-0.5206399999999546,-16400.15999999857,1.0,2024-08-06,343.35,0.0,344.3,344.7,343.5,0.0,2024,0.0,1.0,1.0,1.0,1,13,1,8,343.85,344.25,343.1,1.2438619084787128,41.6865619696425,0.0298758976548469,0.3910466706393984,-0.3611707729845514,345.2075,347.9469342486236,342.46806575137634,344.0,345.34,345.2075,345.42833333333334,344.4897235248244,-1.0,0.0029082448742184,1,0.0061073142358587,1,-0.0005816489748436,0,0.005671077504726,1,0.0040715428239058,1,0.0043623673113276,1,0.002035771411953,1,0.0004362367311328,1,2024-08-06 13:45:00,-0.001600582371535,-0.0104303422788723,41.09507122439083,0.0223966118944212,-1.452328301871246,0.0223966118944212,0.9776033881055788,-7.917723070744808e-06,-3.251409558737959e-06,0.0010998415164933,True,1.2744696935464723,0.002435354291128,-4.310899679385936,0.002435354291128,0.997564645708872,5.201947331688204e-05,-1.476158359289545e-05,0.0024161037068631,True,0,0,0,0.3611707729845515,0,0,0,0,0.25222986266562125,1,0,0,1,1,0,0,-0.0039479424167513716,-0.00459017982647468,0.01593389122363611,0.003617455019568744,-15.055967809644185,10.514595800604837,128.2535989530327,True,0.7027249,0.5759722860616239,86.9611
2024-08-06 14:30:00,2024-08-06 14:35:00,1,344.15,344.25,pivot,0.1000000000000227,0.120652,-0.12065199999997726,-3800.537999999284,1.0,2024-08-06,344.3,0.0,344.05,344.6,343.65,0.0,2024,0.0,1.0,1.0,1.0,1,14,1,8,344.15,344.7,343.5,1.2327236254595133,52.10596741859935,-0.3221699526895918,-0.3208699760788956,-0.0012999766106961,344.37250000000006,347.8284597649851,340.916540235015,343.42,343.08000000000004,344.37250000000006,344.72583333333336,344.4897235248244,-1.0,-0.0002905709719598,0,0.0024698532616592,1,-0.0065378468690977,0,-0.0002905709719598,0,0.0004358564579399,1,-0.0001452854859798,0,0.0033415661775389,1,0.0015981403457794,1,2024-08-06 14:30:00,0.0002904865670391,0.0056797647774062,539.5712975206293,0.6774531626015268,0.2670730029672065,0.6774531626015268,0.3225468373984732,-7.917723070744808e-06,-3.251409558737959e-06,0.0010998415164933,True,5.358949615347363,0.9820476994300836,2.3569047739231377,0.9820476994300836,0.0179523005699162,5.201947331688204e-05,-1.476158359289545e-05,0.0024161037068631,True,0,0,0,0.0012999766106961963,0,0,1,1,0.46780923171409594,1,0,0,1,1,0,0,-0.0006465204126110181,-0.0016732045135358945,0.020084031759320293,0.00358193702007704,-0.0677365389218722,24.375652585814677,13.72947842510685,True,0.5623872,0.499032467121871,32.085266
2024-08-06 14:35:00,2024-08-06 15:10:00,1,344.25,344.7,pivot,0.4499999999999886,0.1206685,0.22933149999998861,7223.942249999642,1.0,2024-08-06,344.05,0.0,343.9,344.85,343.9,0.0,2024,0.0,1.0,1.0,1.0,0,14,1,8,344.25,344.6,343.65,1.2125290807838371,50.39302752603868,-0.267005654046784,-0.3100971116724734,0.0430914576256893,344.245,347.53931727649854,340.9506827235015,343.88,343.15,344.245,344.665,344.4897235248244,-1.0,0.0008714596949891,1,0.0030501089324619,1,-0.0068264342774147,0,0.0014524328249818,1,-0.0004357298474944,0,0.0021786492374727,1,0.0013071895424836,1,-0.0010167029774873,0,2024-08-06 14:35:00,-0.0007263746959892,0.0067075200444299,298.62392906271083,0.1383644489707793,-0.6574795328113026,0.1383644489707793,0.8616355510292207,-7.917723070744808e-06,-3.251409558737959e-06,0.0010998415164933,True,5.071309330016174,0.9878534392029164,2.782281906578627,0.9878534392029164,0.0121465607970835,5.201947331688204e-05,-1.476158359289545e-05,0.0024161037068631,True,0,0,1,0.04309145762568939,1,0,1,1,0.5007588825817818,1,0,0,1,1,0,0,1.4524328249805236e-05,-0.0012055192447349905,0.019139098193165036,0.0035222340763510157,2.17150901026849,25.2347561538521,-13.7254901960736,True,0.56650925,0.5865905395671002,41.238155
2024-08-07 10:35:00,2024-08-07 10:55:00,1,349.55,353.3,pivot,3.75,0.1210855,3.5289145,111160.80675,1.0,2024-08-07,349.5,0.0,352.6,353.75,351.9,0.0,2024,0.0,1.0,2.0,2.0,1,10,2,8,349.55,349.8,348.95,1.4513081970391424,72.75166568106476,1.368939083708085,0.9419801499916636,0.4269589337164216,345.815,349.51352033037074,342.11647966962926,348.17,346.915,345.815,344.46083333333337,345.1485077038394,1.0,0.0041481905306822,1,0.0025747389500786,1,0.0092976684308396,1,0.006865970533543,1,0.0108711200114433,1,0.008725504219711,1,0.0057216421112859,1,0.0042912315834644,1,2024-08-07 10:35:00,-0.0001430512841292,0.0109322147462861,607.1676735984875,0.4160693150841173,-0.1271091084252195,0.4160693150841173,0.5839306849158827,-7.917723070744808e-06,-3.251409558737959e-06,0.0010998415164933,True,0.7395921132462403,0.9993244761854015,4.530838762749825,0.9993244761854015,0.0006755238145983,5.201947331688204e-05,-1.476158359289545e-05,0.0024161037068631,True,0,1,1,0.42695893371642146,1,1,1,1,1.0049316573076152,0,1,1,0,0,0,0,0.01068516664282653,0.014559195155676276,0.021161609671696415,0.004151933048316814,31.061973605280993,73.11045196476196,342.44028036046393,True,0.6239787,0.5353332318984658,42.647625
2024-08-07 10:55:00,2024-08-07 11:30:00,1,353.3,352.8,pivot,-0.5,0.121183,-0.721183,-22717.2645,1.0,2024-08-07,352.6,0.0,351.95,353.05,351.9,0.0,2024,0.0,1.0,2.0,2.0,0,10,2,8,353.3,353.75,351.9,1.482674235100868,76.0255627374603,2.210673809136153,1.5558284994090896,0.6548453097270639,347.6175,353.0286264517132,342.2063735482868,351.68,349.545,347.6175,344.8858333333334,348.423478404489,1.0,-0.0080667987545995,0,-0.0014152278516841,0,-0.0019813189923577,0,-0.0049532974808944,0,-0.0063685253325785,0,-0.005519388621568,0,-0.0014152278516841,0,-0.0038211151995471,0,2024-08-07 10:55:00,-0.0021247971730935,0.0086876570057758,15.278376987369104,0.0088595282911849,-1.9289558829338969,0.0088595282911849,0.9911404717088153,-7.917723070744808e-06,-3.251409558737959e-06,0.0010998415164933,True,2.3077320353734514,0.994754560410916,3.6018398401727603,0.994754560410916,0.005245439589084,5.201947331688204e-05,-1.476158359289545e-05,0.0024161037068631,True,0,1,1,0.6548453097270635,1,1,1,1,1.0250755134544027,0,1,1,0,0,0,0,0.016084064534390048,0.023815926030757516,0.030631907453796698,0.0041966437449783974,49.78498317798652,77.93194275876203,-200.60854797622275,True,0.613321,0.5533522677654531,81.91118
2024-08-07 11:50:00,2024-08-07 12:25:00,1,352.6,352.55,pivot,-0.0500000000000113,0.1211545,-0.2711545000000114,-8541.36675000036,1.0,2024-08-07,351.75,0.0,352.05,352.55,351.7,0.0,2024,0.0,1.0,1.0,2.0,1,11,2,8,352.6,352.75,351.7,1.2551740058505751,59.57674957997986,1.6602600766959767,1.834565569554776,-0.1743054928587986,351.035,354.8920646055608,347.17793539443915,352.19,352.05,351.035,346.0683333333333,348.81248273537574,1.0,-0.000850822461713,0,-0.0018434486670449,0,-0.0015598411798071,0,-0.0007090187180941,0,0.0005672149744752,1,0.0002836074872375,1,-0.0001418037436188,0,-0.0015598411798071,0,2024-08-07 11:50:00,-0.0024135739692714,-0.0029806281381377,8.959357813309145,0.005363162462416,-2.1915180719833542,0.005363162462416,0.994636837537584,-7.917723070744808e-06,-3.251409558737959e-06,0.0010998415164933,True,33.912342724275945,0.0527767756818098,-1.2275410803435791,0.0527767756818098,0.9472232243181902,5.201947331688204e-05,-1.476158359289545e-05,0.0024161037068631,True,0,0,0,0.17430549285879926,1,1,1,1,0.7028744861758028,0,1,1,0,1,0,0,0.00443845717526942,0.01852429570807344,0.021877848017928657,0.003559767458453134,-10.384554698463612,41.874977249052826,17.8672716959688,True,0.73761326,0.4572128923199053,63.565994
2024-08-09 10:35:00,2024-08-09 10:40:00,1,352.25,352.8,pivot,0.5500000000000114,0.1211515,0.3288485000000113,10358.727750000357,1.0,2024-08-09,352.85,0.0,352.5,352.95,352.45,0.0,2024,0.0,1.0,1.0,1.0,1,10,4,8,352.25,353.35,352.15,1.1755387713633254,60.82211732074261,0.8518745271989587,1.083948199305233,-0.2320736721062739,352.2275,353.5339516036309,350.9210483963691,351.99,352.47,352.2275,348.85083333333336,350.27762453317723,1.0,0.0007097232079489,1,-0.0007097232079489,0,0.0015613910574876,1,0.0028388928317956,1,0.0007097232079489,1,-0.0001419446415898,0,0.0019872249822568,1,0.0021291696238466,1,2024-08-09 10:35:00,0.0015599520996474,0.0025539173926987,47.9069491728409,0.9740323860109744,1.4212988742143315,0.9740323860109744,0.0259676139890255,-7.917723070744808e-06,-3.251409558737959e-06,0.0010998415164933,True,54.08242727276877,0.9212784988541396,1.0631493048063736,0.9212784988541396,0.0787215011458603,5.201947331688204e-05,-1.476158359289545e-05,0.0024161037068631,True,0,0,0,0.23207367210627416,1,1,1,0,0.5086111111722301,1,1,1,0,1,0,0,6.38750887153429e-05,0.00964986988407848,0.0074177521852712815,0.003337228591521151,-14.115212111903343,30.934804674350644,22.356281050390347,True,0.77070194,0.5479790675391786,48.45542
2024-08-09 14:30:00,2024-08-09 15:25:00,1,352.15,352.05,pivot,-0.0999999999999659,0.121126,-0.3211259999999659,-10115.468999998926,1.0,2024-08-09,352.7,0.0,351.9,352.15,351.85,0.0,2024,0.0,1.0,1.0,1.0,1,14,4,8,352.15,352.95,352.1,0.6062193012547883,58.23330837192401,-0.1934672311098779,-0.3219772510253686,0.1285100199154907,351.83250000000004,353.3369757796459,350.32802422035417,351.86,351.385,351.83250000000004,352.4683333333333,351.7231441524927,1.0,0.0002839698991907,1,0.0012778645463582,1,-0.0004259548487859,0,0.0122107056651995,1,0.0021297742439301,1,0.0021297742439301,1,-0.0001419849495952,0,0.0001419849495953,1,2024-08-09 14:30:00,0.0014186411799006,0.0046891737787485,66.70322895863453,0.966010209533106,1.2928158904137363,0.966010209533106,0.0339897904668939,-7.917723070744808e-06,-3.251409558737959e-06,0.0010998415164933,True,9.521946343712816,0.975498139968874,1.9469095424089224,0.975498139968874,0.024501860031126,5.201947331688204e-05,-1.476158359289545e-05,0.0024161037068631,True,0,0,1,0.12851001991549071,1,0,1,1,0.6055184816849204,1,1,0,1,1,0,0,0.0009016044299302532,-0.0009039708457570015,0.008544516709617337,0.0017214803386477022,7.483563618620865,35.26134446885719,67.08788868379816,True,0.7302233,0.5673084044585418,36.467278
2024-08-23 15:00:00,2024-08-23 15:15:00,-1,369.7,369.35,pivot,0.3499999999999659,0.1221715,0.1278284999999659,4026.597749998926,1.0,2024-08-23,369.35,0.0,369.55,369.6,369.35,0.0,2024,0.0,1.0,1.0,1.0,1,15,4,8,369.7,369.8,369.35,0.3736512396981727,46.0237583826363,0.1792188613589473,0.2673868453371149,-0.0881679839781675,369.71,370.2963356363343,369.1236643636657,369.72,369.9,369.71,368.795,369.252419540197,1.0,0.0002704895861508,1,0.0014876927238301,1,-0.0016229375169056,0,0.0014876927238301,1,0.0004057343792263,1,0.0004057343792263,1,0.0021639166892074,1,0.0022991614822828,1,2024-08-23 15:00:00,-0.0010823976161623,-0.0024337491731613,198.55032148350332,0.1585033293618706,-0.4439598139247819,0.1585033293618706,0.8414966706381294,-4.7236861938623e-05,-3.632390012579638e-05,0.0023562351438721,True,80.41809868899445,0.1665319379287023,-0.4528002419100465,0.1665319379287023,0.8334680620712976,-0.0001304051374032,-0.0001803392245715,0.0049766094185027,True,0,0,0,0.08816798397816758,0,1,0,0,0.4914724610101223,1,1,0,0,1,0,0,-2.704895861506872e-05,0.0024479307546658715,0.003171953672352163,0.0010106876919074189,-4.057821991695329,22.61940979724951,12.780632945628449,True,0.71934867,0.48908821004742475,36.697445
2024-08-27 08:45:00,2024-08-27 11:00:00,-1,366.2,365.05,pivot,1.1499999999999773,0.1219375,0.9280624999999773,29233.968749999283,1.0,2024-08-27,365.6,0.0,364.75,365.1,364.55,0.0,2024,0.0,1.0,1.0,1.0,1,8,1,8,366.2,366.85,365.45,0.4433147283320208,31.117007473818845,-0.0847132822387379,0.0342162794529713,-0.1189295616917092,367.0375,367.90739110285045,366.1676088971496,366.8,367.0700000000001,367.0375,366.97333333333336,367.2567795212734,-1.0,0.0004096122337519,1,0.0035499726925177,1,-0.0010922992900055,0,0.0030038230475149,1,0.0002730748225012,1,-0.0002730748225014,0,0.0025942108137629,1,0.0017749863462588,1,2024-08-27 08:45:00,-0.0040944509227936,-0.0051834790728964,5.219969208191819,0.0128394066032254,-1.722292884571325,0.0128394066032254,0.9871605933967746,-4.7236861938623e-05,-3.632390012579638e-05,0.0023562351438721,True,15.042737912087276,0.0606894510756583,-1.005331025119938,0.0606894510756583,0.9393105489243416,-0.0001304051374032,-0.0001803392245715,0.0049766094185027,True,0,0,0,0.1189295616917092,0,0,0,0,0.01861790673813022,1,0,0,0,1,0,0,-0.0022870016384490283,-0.0021117786273439896,0.00475090717012797,0.0012105809075150758,-3.7007320600189146,0.5793335431172603,8.6018569087878,True,0.68306047,0.6085398112605571,63.566845
2024-08-30 08:45:00,2024-08-30 11:00:00,-1,362.6,362.8,pivot,-0.1999999999999886,0.121762,-0.42176199999998865,-13285.502999999642,1.0,2024-08-30,362.7,0.0,363.1,363.2,362.8,0.0,2024,0.0,1.0,1.0,1.0,0,8,4,8,362.6,363.15,361.5,0.4705423891927182,68.71930531608596,0.1402582793035094,0.0148804101027955,0.1253778692007139,361.23,362.09778605400106,360.36221394599886,361.58,361.36,361.23,361.1841666666666,361.7234489688146,1.0,-0.0006894649751792,0,0.0005515719801435,1,0.0005515719801435,1,-0.0026199669056811,0,-0.0006894649751792,0,0.0017926089354661,1,0.0020683949255377,1,0.0022062879205736,1,2024-08-30 08:45:00,0.002899152993567,0.0044211180054444,14.189837378854245,0.9779183697682556,1.2515549235097192,0.9779183697682556,0.0220816302317444,-3.0007372948386592e-05,-1.9914432248426454e-05,0.0023323526366941,True,21.475655398642733,0.9431882507694592,0.9274723450260756,0.9431882507694592,0.0568117492305407,-7.583197737461589e-05,-0.0001033892971574,0.0048783204446647,True,0,0,1,0.1253778692007139,1,1,1,1,1.289365070850933,1,1,0,0,1,0,0,0.003778268063982362,0.003904669976098758,0.004786464721462223,0.0012976899867421902,8.61588007348415,88.60427196770208,-21.718146718144798,True,0.72039026,0.552804468873698,46.81426
2024-09-06 10:25:00,2024-09-06 10:30:00,1,342.05,343.1,pivot,1.0500000000000114,0.1205545,0.8294455000000115,26127.53325000036,1.0,2024-09-06,343.1,0.0,342.7,343.1,342.35,0.0,2024,0.0,1.0,1.0,1.0,1,10,4,9,342.05,343.35,341.95,1.0482686343236352,47.21546998071326,-0.9965923079598724,-1.0315699980549484,0.034977690095076,343.3075,347.0283198024377,339.5866801975623,341.74,342.02,343.3075,345.1725,344.3613361259057,-1.0,0.0019003069726647,1,0.0058470983774302,1,0.0071626955123519,1,0.0092091799444524,1,0.004677678701944,1,0.0052623885396872,1,0.0057009209179944,1,0.0086244701067095,1,2024-09-06 10:25:00,0.0030650246573971,0.0037961791829134,13.685628992344183,0.9797271222409006,1.2769288734428592,0.9797271222409006,0.0202728777590993,-4.165703573276111e-05,-5.040926901165967e-05,0.0024397865779391,True,31.92489557659844,0.9257082000517224,0.7917367397875096,0.9257082000517224,0.0742917999482777,-0.0001485185496086,-0.0002555005715999,0.0051174583051442,True,0,0,1,0.03497769009507601,0,0,1,1,0.3310184224487109,1,0,1,0,1,0,0,-0.0036763631048092184,-0.009128782341762906,0.021755999429543565,0.003064664915432349,1.6514880766787525,15.62919038819017,147.34687911123598,True,0.70784515,0.5071975528348546,46.410225
2024-09-06 10:50:00,2024-09-06 11:25:00,1,343.85,343.95,pivot,0.0999999999999659,0.120634,-0.12063400000003412,-3799.9710000010746,1.0,2024-09-06,344.05,0.0,343.8,344.15,343.7,0.0,2024,0.0,1.0,1.0,1.0,1,10,4,9,343.85,344.45,343.85,0.938346291805352,53.91492660663113,-0.3874988304866065,-0.73684325186403,0.3493444213774235,342.6975,344.9777296749611,340.4172703250389,343.46,342.6,342.6975,344.8766666666667,344.3613361259057,-1.0,0.0004362367311326,1,0.0018903591682418,1,-0.0001454122437109,0,-0.0001454122437109,0,0.0021811836556638,1,0.0005816489748436,1,0.0002908244874217,1,-0.0001454122437109,0,2024-09-06 10:50:00,0.0005814798826436,0.0027650457840848,312.36755990264805,0.7318261690401408,0.2589936174618435,0.7318261690401408,0.2681738309598592,-4.165703573276111e-05,-5.040926901165967e-05,0.0024397865779391,True,60.108478709350784,0.8799164566793863,0.5902434715781639,0.8799164566793863,0.1200835433206136,-0.0001485185496086,-0.0002555005715999,0.0051174583051442,True,0,0,1,0.3493444213774235,1,0,1,1,0.7527157708399901,0,0,1,0,1,0,0,0.003351752217536809,-0.002985798070864328,0.01326293252849269,0.0027289407933847663,18.834878838999806,40.58261554049184,68.7072851534097,True,0.6050598,0.44610946535085183,39.149937
2024-09-09 15:30:00,2024-09-09 15:45:00,1,340.8,341.5,eod,0.6999999999999886,0.120469,0.4795309999999886,15105.22649999964,1.0,2024-09-09,341.3,0.0,341.5,341.5,341.5,0.0,2024,0.0,1.0,1.0,1.0,1,15,0,9,340.8,341.45,340.65,0.502172188157939,67.38154152331083,0.2878328137049379,0.2613113720168252,0.0265214416881127,340.385,341.13970454436884,339.63029545563114,340.58000000000004,340.285,340.385,339.19499999999994,339.61270600145696,1.0,0.0020539906103286,1,-0.0022007042253521,0,-0.0038145539906103,0,-0.0001467136150235,0,0.0004401408450703,1,-0.0001467136150235,0,-0.0041079812206573,0,-0.0086561032863849,0,2024-09-09 15:30:00,0.0016127853360193,0.0033751591215916,88.43929701347528,0.926279545017746,0.6816967599009917,0.926279545017746,0.0737204549822538,-4.165703573276111e-05,-5.040926901165967e-05,0.0024397865779391,True,41.0035107726436,0.91042031796139,0.7094654175378331,0.91042031796139,0.0895796820386098,-0.0001485185496086,-0.0002555005715999,0.0051174583051442,True,0,0,1,0.026521441688112712,1,1,1,1,0.7749420306903547,1,1,0,0,1,0,0,0.0012177230046948957,0.004709507042253741,0.004429017279159912,0.0014735099417779898,1.7870556243656326,52.216788619120955,13.86443661971445,True,0.59749824,0.5804950199994234,55.76968
2024-09-19 11:05:00,2024-09-19 12:05:00,-1,341.6,343.35,pivot,-1.75,0.1205485,-1.9705485,-62072.27775,1.0,2024-09-19,342.1,0.0,343.5,343.6,343.3,0.0,2024,0.0,1.0,1.0,1.0,0,11,3,9,341.6,342.2,341.4,0.7307437190502585,49.61190534247971,-0.4580410786808784,-0.4712313410737403,0.0131902623928619,341.9475,343.51240288986713,340.38259711013285,341.38,341.345,341.9475,342.53333333333336,343.01315883293853,-1.0,-0.0016100702576111,0,-0.0026346604215456,0,-0.0070257611241217,0,-0.0068793911007024,0,-0.001463700234192,0,-0.0013173302107728,0,-0.0043911007025761,0,-0.0054156908665104,0,2024-09-19 11:05:00,0.0014626300691441,0.0029274025589589,110.44379012182397,0.9114400326344594,0.6201523329281693,0.9114400326344594,0.0885599673655406,-4.165703573276111e-05,-5.040926901165967e-05,0.0024397865779391,True,54.243746611650096,0.8892094816175492,0.6219695287716009,0.8892094816175492,0.1107905183824508,-0.0001485185496086,-0.0002555005715999,0.0051174583051442,True,0,0,1,0.013190262392861918,0,0,1,1,0.3889707462839849,1,0,1,0,1,0,0,-0.0010172716627633728,-0.002732240437158481,0.009162194905545326,0.0021391795054164476,0.6543940492771345,19.29757984563475,-46.106557377048,True,0.61865073,0.5120111371874405,42.909405
2024-09-19 15:20:00,2024-09-19 15:45:00,1,344.95,345.75,eod,0.8000000000000114,0.120721,0.5792790000000114,18247.28850000036,1.0,2024-09-19,345.5,0.0,345.75,345.75,345.75,0.0,2024,0.0,1.0,1.0,1.0,1,15,3,9,344.95,345.5,344.9,0.4368834026775267,65.29008219735681,0.2426335628514948,0.199396237170963,0.0432373256805318,344.67749999999995,345.4134025981304,343.9415974018695,345.03000000000003,344.635,344.67749999999995,343.62416666666667,343.90333073231074,1.0,0.0014494854326714,1,0.0129004203507754,1,0.0131903174373097,1,0.0108711407450355,1,0.0023191766922742,1,0.0131903174373097,1,0.0115958834613712,1,0.0162342368459197,1,2024-09-19 15:20:00,0.0015931642156069,0.0031888706541489,91.07684496120284,0.9245217117087564,0.6736546136781146,0.9245217117087564,0.0754782882912437,-4.165703573276111e-05,-5.040926901165967e-05,0.0024397865779391,True,46.0131743224709,0.9023091142962008,0.673062880118937,0.9023091142962008,0.0976908857037991,-0.0001485185496086,-0.0002555005715999,0.0051174583051442,True,0,0,1,0.04323732568053179,1,1,0,1,0.6851467848410362,1,1,0,0,1,0,0,0.0007899695608060194,0.0038435522056336317,0.004266720383420503,0.001266512255913978,2.8229685476758077,44.73328989952599,73.0540658066373,True,0.5828083,0.5147718493533131,38.550297
2024-09-24 15:10:00,2024-09-24 15:45:00,1,350.5,352.0,eod,1.5,0.121075,1.2789249999999999,40286.1375,1.0,2024-09-24,351.0,0.0,352.0,352.0,352.0,0.0,2024,0.0,1.0,1.0,1.0,1,15,1,9,350.5,351.05,350.35,0.4818886916779056,73.03487103162422,0.6048300328039886,0.5506342403679032,0.0541957924360854,349.6675,351.2000503349564,348.1349496650437,350.28000000000003,349.805,349.6675,348.02666666666664,349.21361194063263,1.0,0.0009985734664765,1,0.0042796005706134,1,0.0134094151212553,1,0.007132667617689,1,0.0028530670470756,1,0.0038516405135521,1,0.0095577746077033,1,0.0112696148359486,1,2024-09-24 15:10:00,0.0014255169912209,0.0048550716530793,101.2560899949366,0.9375695503400104,0.8636254427866771,0.9375695503400104,0.0624304496599895,-1.030890114202882e-05,-4.344447245594431e-06,0.0016556499700295,True,13.251399777787649,0.9674969361374632,1.3639880959373265,0.9674969361374632,0.0325030638625368,-1.0706856977050005e-05,-1.958442601378824e-05,0.0035738259693119,True,0,1,1,0.05419579243608541,1,1,1,1,0.7716060872557423,1,1,0,0,1,0,0,0.0023751783166903904,0.007056585829767069,0.008744937717297398,0.0013748607465846093,3.9581827110261725,56.35415106993933,89.87161198288139,True,0.6769671,0.6235681618105086,39.846855
2024-09-25 14:55:00,2024-09-25 15:30:00,1,348.65,346.25,pivot,-2.3999999999999773,0.120847,-2.620846999999977,-82556.68049999927,1.0,2024-09-25,347.4,0.0,346.4,346.6,346.0,0.0,2024,0.0,1.0,1.0,0.0,0,14,2,9,348.65,348.8,347.4,0.6725857606283031,24.69951642337349,-0.7813591167232516,-0.4555813175392636,-0.325777799183988,350.425,352.7962088861774,348.0537911138226,348.74,349.72,350.425,351.4441666666667,350.3334647917973,-1.0,-0.0025813853434675,0,-0.0034418471246235,0,0.0088914384052775,1,0.018213107701133,1,-0.0012906926717337,0,-0.0030116162340454,0,-0.0070271045461063,0,-0.0064534633586691,0,2024-09-25 14:55:00,-0.0034482792789161,-0.0087411891393292,5.379872153072404,0.0070102537588332,-2.0801104665915826,0.0070102537588332,0.9929897462411668,-1.030890114202882e-05,-4.344447245594431e-06,0.0016556499700295,True,1.614328419586136,0.0072834306347967,-2.440411141506868,0.0072834306347967,0.9927165693652032,-1.0706856977050005e-05,-1.958442601378824e-05,0.0035738259693119,True,1,0,0,0.325777799183988,0,0,0,0,0.12571833920935083,1,0,0,1,1,0,0,-0.005091065538505763,-0.008014245422821569,0.013602230811285731,0.001929114471901056,-8.046554101315383,3.1051821840205998,-40.65681915961155,True,0.7120834,0.551114006990922,49.79083
2024-09-26 13:55:00,2024-09-26 14:35:00,1,355.5,356.85,pivot,1.3500000000000227,0.1213705,1.128629500000023,35551.82925000072,1.0,2024-09-26,356.25,0.0,356.65,356.85,356.5,0.0,2024,0.0,1.0,1.0,1.0,1,13,3,9,355.5,356.25,355.4,0.4286085001507899,62.99237746176729,0.1421033097893769,0.0937832795824528,0.048320030206924,355.44750000000005,356.11357649575194,354.7814235042481,355.71,355.395,355.44750000000005,355.195,354.5739525059489,1.0,0.0004219409282699,1,0.0018284106891701,1,0.0037974683544304,1,0.0084388185654008,1,0.0018284106891701,1,0.00126582278481,1,0.0033755274261603,1,0.0037974683544304,1,2024-09-26 13:55:00,0.0021074823395647,0.0026702285558788,29.176963810678743,0.9771959991336064,1.2755273306788806,0.9771959991336064,0.0228040008663935,-1.030890114202882e-05,-4.344447245594431e-06,0.0016556499700295,True,61.47408252442271,0.9017084776260408,0.7526424076017717,0.9017084776260408,0.0982915223739591,-1.0706856977050005e-05,-1.958442601378824e-05,0.0035738259693119,True,0,0,1,0.0483200302069241,1,1,0,1,0.5394098878543329,1,1,0,1,1,0,0,0.00014767932489438045,0.000857946554149105,0.003747265798885645,0.0012056497894536986,3.0437935817585537,33.978711262329696,57.59493670885815,True,0.7071526,0.5682653927188916,52.476646
2024-10-02 13:15:00,2024-10-02 13:20:00,-1,345.8,345.2,pivot,0.6000000000000227,0.12073,0.3792700000000227,11947.005000000716,1.0,2024-10-02,345.2,0.0,345.1,345.45,344.95,0.0,2024,0.0,1.0,1.0,1.0,1,13,2,10,345.8,345.85,345.15,0.5664987894105089,44.205918718755726,0.2356679632449072,0.3307623165753092,-0.0950943533304019,345.73,347.25191015792444,344.2080898420756,345.92,346.24,345.73,344.7308333333333,345.17427473626407,1.0,0.0020242914979756,1,0.0033256217466744,1,0.0023134759976865,1,0.0059282822440717,1,0.0044823597455176,1,0.0047715442452285,1,0.0033256217466744,1,0.0036148062463851,1,2024-10-02 13:15:00,-0.0018811958373208,-0.0039031491547209,47.82539910902607,0.0381720423150815,-1.1592029179496328,0.0381720423150815,0.9618279576849184,-6.875210995159331e-06,-2.142099032483759e-05,0.0016043565955523,True,27.881972071804697,0.0507680845993864,-1.095572523121214,0.0507680845993864,0.9492319154006136,-2.5007155890082943e-05,-0.0001013481224459,0.0034701500375748,True,0,0,0,0.09509435333040198,1,1,0,0,0.5229974153321438,1,1,0,1,1,0,0,0.0002024291497975511,0.003091864276074949,0.008802256552483654,0.0016382266900246065,-4.2037332539363845,23.11958123229208,141.1943319838044,True,0.75604385,0.5259549426180657,47.608135
2024-10-07 10:45:00,2024-10-07 10:50:00,1,345.9,345.3,pivot,-0.5999999999999659,0.120736,-0.8207359999999658,-25853.183999998924,1.0,2024-10-07,345.3,0.0,345.45,345.55,345.1,0.0,2024,0.0,1.0,1.0,1.0,0,10,0,10,345.9,346.1,345.15,0.7882986375337708,51.51311159460436,0.4266169069568946,0.4015086497072556,0.0251082572496389,345.1725,346.8126139248946,343.5323860751054,345.87,345.80499999999995,345.1725,344.5258333333333,344.4464492490602,1.0,-0.0013009540329574,0,0.0001445504481064,1,0.0005782017924256,1,0.0030355594102342,1,-0.0001445504481062,0,0.0004336513443192,1,0.0010118531367447,1,0.0005782017924256,1,2024-10-07 10:45:00,-0.0017361115471762,-0.0026030383461622,61.36978757005903,0.0461385189747448,-1.068771469886997,0.0461385189747448,0.9538614810252553,-6.875210995159331e-06,-2.142099032483759e-05,0.0016043565955523,True,68.72454240755873,0.1111262861024282,-0.720917019906332,0.1111262861024282,0.8888737138975717,-2.5007155890082943e-05,-0.0001013481224459,0.0034701500375748,True,0,0,1,0.025108257249639,1,1,1,1,0.7217833739954128,1,1,1,0,1,0,0,0.0021032090199478567,0.003972728148790597,0.00948316811156168,0.002278978425943252,1.2934044576466828,37.18130749175575,-4.5533391153453,True,0.6619107,0.555924964437278,63.01056
2024-11-04 10:50:00,2024-11-04 11:25:00,-1,342.8,343.5,pivot,-0.6999999999999886,0.120589,-0.9205889999999888,-28998.553499999645,1.0,2024-11-04,342.6,0.0,343.45,343.7,343.45,0.0,2024,0.0,1.0,1.0,1.0,0,10,0,11,342.8,343.0,342.55,0.6220576307095342,59.318254673379606,0.8583855228627044,0.8930409773694626,-0.0346554545067582,341.89,344.88606759848284,338.89393240151713,342.8,343.03000000000003,341.89,340.245,341.5406512785329,1.0,0.0008751458576429,1,-0.0016044340723454,0,-0.0030630105017503,0,-0.0027712952158692,0,-0.0001458576429405,0,-0.0,0,-0.0020420070011668,0,-0.0018961493582263,0,2024-11-04 10:50:00,-0.0005836008336051,-0.0024779547698709,348.7245423486598,0.2473682876610874,-0.4561692145818575,0.2473682876610874,0.7526317123389126,1.0767702665325575e-06,-3.805575921278019e-06,0.0012710091763104,True,74.41704253567627,0.1167969523873891,-0.8847514033938688,0.1167969523873891,0.8832030476126108,-3.0410661878427742e-05,-2.00932025009394e-05,0.0027780250564641,True,0,0,0,0.03465545450675822,1,1,0,0,0.6518657323454301,0,1,1,0,1,0,0,0.0026546091015169923,0.0074533255542590625,0.017479974320203342,0.0018146371957687695,-2.055701076253604,38.66753752411533,-4.59451575262575,True,0.5601059,0.4631980028357746,54.935123
2024-11-06 10:45:00,2024-11-06 11:50:00,-1,343.95,343.85,pivot,0.0999999999999659,0.120634,-0.12063400000003412,-3799.9710000010746,1.0,2024-11-06,343.55,0.0,344.0,344.1,343.65,0.0,2024,0.0,1.0,1.0,1.0,1,10,2,11,343.95,344.05,343.55,0.5959910623964149,51.653020938776585,0.2880238588119255,0.2620600967571474,0.025963762054778,343.3625,344.70800910032665,342.0169908996734,343.96000000000004,343.9,343.3625,343.00166666666667,342.9930066091486,1.0,0.0008722197993894,1,0.0018898095653437,1,0.001453699665649,1,0.0053786887629014,1,0.001599069632214,1,0.0011629597325191,1,0.0026166593981682,1,0.001599069632214,1,2024-11-06 10:45:00,-0.0011636364949381,-0.0020354761316792,163.49693693481208,0.0950341198399453,-0.94403268498134,0.0950341198399453,0.9049658801600546,5.741967967223662e-06,-1.4977830775122945e-05,0.0012167573034674,True,107.56655666658844,0.1510656942690316,-0.7481723502144189,0.1510656942690316,0.8489343057309684,8.324675630715213e-06,-8.681697054878426e-05,0.0026045591775371,True,0,0,1,0.025963762054778072,1,1,0,1,0.7183188504103596,1,1,1,0,1,0,0,0.0017080971071375994,0.002757183699181054,0.007823864517090494,0.001732784016271013,1.341106745064861,37.10333862096423,50.370693414741,True,0.6338556,0.532910179412517,30.777168
2024-11-06 12:25:00,2024-11-06 13:05:00,-1,343.0,339.1,pivot,3.899999999999977,0.120463,3.679536999999977,115905.41549999928,1.0,2024-11-06,342.1,0.0,339.0,339.25,338.7,0.0,2024,0.0,1.0,1.0,1.0,1,12,2,11,343.0,343.15,342.1,0.5488411799137218,35.20398709597433,-0.1615965255189166,-0.0116488613784155,-0.1499476641405011,343.345,344.2768346375251,342.41316536247496,342.79,343.325,343.345,343.1808333333333,342.9930066091486,-1.0,0.0075801749271137,1,0.0094752186588921,1,0.0094752186588921,1,0.0093294460641399,1,0.0072886297376093,1,0.0093294460641399,1,0.0093294460641399,1,0.0113702623906704,1,2024-11-06 12:25:00,-0.0026273551823808,-0.0042295694935259,14.336041496570656,0.0115988731044423,-2.146999524195261,0.0115988731044423,0.9884011268955576,5.741967967223662e-06,-1.4977830775122945e-05,0.0012167573034674,True,18.41810746052421,0.0363490341864709,-1.5905772303835888,0.0363490341864709,0.963650965813529,8.324675630715213e-06,-8.681697054878426e-05,0.0026045591775371,True,0,0,0,0.1499476641405011,0,0,1,0,0.31488131793622826,1,1,0,1,1,0,0,-0.001005830903790167,-0.0005272108843535935,0.005433438119679715,0.001600120058057498,-5.2787556334736925,11.085077853390368,229.59183673469295,True,0.77378845,0.5152970183679223,30.68411
2024-11-06 13:45:00,2024-11-06 13:55:00,1,339.8,340.15,pivot,0.3499999999999659,0.1203985,0.12960149999996587,4082.447249998925,1.0,2024-11-06,340.25,0.0,339.9,340.5,339.85,0.0,2024,0.0,1.0,1.0,1.0,0,13,2,11,339.8,340.35,339.65,0.643774911488359,43.48981988424539,-0.8082539616574991,-0.9111164490508972,0.1028624873933981,340.3775,342.9741527039717,337.7808472960283,339.72,339.555,340.3775,342.4266666666667,341.066223814968,-1.0,0.0008828722778105,1,-0.0011771630370807,0,0.0005885815185402,1,0.0055915244261329,1,-0.0002942907592702,0,0.0,0,-0.0014714537963507,0,-0.0005885815185402,0,2024-11-06 13:45:00,0.0013234322937436,0.0029433428165969,127.55596068781522,0.9273189128869344,1.0999811718447916,0.9273189128869344,0.0726810871130656,5.741967967223662e-06,-1.4977830775122945e-05,0.0012167573034674,True,58.48471093289117,0.920555683310716,1.163406004854553,0.920555683310716,0.079444316689284,8.324675630715213e-06,-8.681697054878426e-05,0.0026045591775371,True,0,0,1,0.1028624873933981,0,0,1,1,0.388799145315684,1,0,0,1,1,0,0,-0.0016995291347851275,-0.007730037276829503,0.015283417916254852,0.0018945700750098852,4.4734710495843455,16.908804800927648,-9.2701589170113,True,0.7537236,0.5711274542170954,31.49748
2024-11-06 14:10:00,2024-11-06 14:35:00,-1,339.8,339.85,pivot,-0.0500000000000113,0.1203895,-0.27038950000001133,-8517.269250000358,1.0,2024-11-06,339.4,0.0,340.0,340.1,339.75,0.0,2024,0.0,1.0,1.0,1.0,1,14,2,11,339.8,339.85,339.15,0.6360085608140332,36.01820660556685,-0.6167199825211469,-0.7370480687800696,0.1203280862589226,339.75750000000005,340.65385225789726,338.86114774210284,339.78000000000003,339.75,339.75750000000005,342.1066666666666,341.066223814968,-1.0,0.0014714537963507,1,-0.0005885815185402,0,-0.0010300176574454,0,-0.0007357268981753,0,0.0007357268981753,1,-0.0001471453796351,0,0.0004414361389053,1,-0.0005885815185402,0,2024-11-06 14:10:00,-0.0011778564377057,-0.0025012887314496,158.8780668877271,0.0927174984423381,-0.9557194385575216,0.0927174984423381,0.9072825015576618,5.741967967223662e-06,-1.4977830775122945e-05,0.0012167573034674,True,76.7035887325007,0.1078792655038949,-0.9270174322489204,0.1078792655038949,0.8921207344961051,8.324675630715213e-06,-8.681697054878426e-05,0.0026045591775371,True,0,0,1,0.12032808625892266,1,0,1,1,0.5237071974915666,1,0,0,1,1,0,0,0.00012507357268970378,-0.006788306847164847,0.005275763731001801,0.0018717144226428287,4.334001871326344,18.862994040073648,23.17539729252195,True,0.6681055,0.510836811213887,31.61997
2024-11-15 10:35:00,2024-11-15 11:30:00,1,319.15,319.4,pivot,0.25,0.1191565,0.030843499999999992,971.5702499999998,1.0,2024-11-15,319.5,0.0,319.5,319.65,319.25,0.0,2024,0.0,1.0,1.0,1.0,1,10,4,11,319.15,319.9,318.85,1.3393390412642987,39.74215227800828,-2.2432275827467265,-3.1952766314154464,0.95204904866872,318.0775,319.4472771618345,316.70772283816547,318.53000000000003,318.075,318.0775,330.1025,321.0566813127975,-1.0,0.0006266645777848,1,0.0003133322888924,1,0.0007833307222309,1,0.0037599874667085,1,0.0025066583111389,1,0.0026633244555852,1,0.0020366598778005,1,0.0015666614444618,1,2024-11-15 10:35:00,0.0010960621155231,0.0064369482011305,185.89290457664893,0.8921074000406821,0.9131154940530508,0.8921074000406821,0.1078925999593178,5.741967967223662e-06,-1.4977830775122945e-05,0.0012167573034674,True,2.785001792138952,0.9902708796272034,2.5047482998056663,0.9902708796272034,0.0097291203727966,8.324675630715213e-06,-8.681697054878426e-05,0.0026045591775371,True,0,0,1,0.9520490486687199,1,0,1,1,0.8914870352209732,1,0,1,0,1,0,0,0.003360488798370644,-0.034317718940937,0.0085839082678021,0.004196581674022556,37.83647826832518,35.429613507622044,78.95973680087535,True,0.74119884,0.5087516458553882,40.4229
2024-11-15 13:50:00,2024-11-15 15:45:00,1,321.5,320.5,eod,-1.0,0.11926,-1.2192599999999998,-38406.689999999995,1.0,2024-11-15,322.1,0.0,320.5,320.5,320.5,0.0,2024,0.0,1.0,1.0,1.0,1,13,4,11,321.5,322.3,321.4,0.6206434255163226,64.3152519823968,0.2848498234187673,0.2684442952592011,0.0164055281595661,321.3275,322.4322624177901,320.22273758220985,321.38,321.22,321.3275,319.6325,321.0566813127975,1.0,0.0020217729393467,1,0.0034214618973562,1,0.0007776049766718,1,-0.0034214618973562,0,0.0027993779160185,1,0.0031104199066874,1,0.0017107309486781,1,0.0020217729393467,1,2024-11-15 13:50:00,0.001864512659479,0.0038883321406288,47.18936808001769,0.9720677832654075,1.5446716324596252,0.9720677832654075,0.0279322167345924,5.741967967223662e-06,-1.4977830775122945e-05,0.0012167573034674,True,28.00182422749925,0.9597086848861304,1.5262272193548407,0.9597086848861304,0.0402913151138696,8.324675630715213e-06,-8.681697054878426e-05,0.0026045591775371,True,0,0,1,0.016405528159566196,1,1,1,1,0.5780710844350887,1,1,0,1,1,0,0,0.0005365474339036194,0.005808709175738746,0.006872550032909121,0.00193046166568063,1.0551256774868,37.17878745918011,88.18040435458275,True,0.8037742,0.5571834156007702,51.99135
2024-11-27 15:30:00,2024-11-27 15:45:00,1,333.15,333.5,eod,0.3500000000000227,0.1199995,0.13000050000002275,4095.0157500007163,1.0,2024-11-27,333.5,0.0,333.5,333.5,333.5,0.0,2024,0.0,1.0,1.0,1.0,0,15,2,11,333.15,333.5,333.0,0.3480358487315295,59.61122159724685,-0.1714497036325042,-0.3196261568967691,0.1481764532642648,332.74750000000006,333.4542159043277,332.0407840956724,332.94,332.625,332.74750000000006,333.8641666666667,333.1867765315179,1.0,0.0010505778177998,1,-0.0049527239981989,0,-0.0016509079993995,0,0.0010505778177998,1,-0.0025514032717993,0,-0.003902146180399,0,-0.004352393816599,0,-0.004352393816599,0,2024-11-27 15:30:00,0.0012001201560444,0.0033038023743852,154.8473774241845,0.9036183623374702,0.8619842558128393,0.9036183623374702,0.0963816376625298,1.1897660928294285e-05,-2.8608792843847467e-05,0.0014254656516081,True,44.091686429262325,0.9291471771388582,0.9188982511996124,0.9291471771388582,0.0708528228611418,7.1014419916625134e-06,-0.0001487819835998,0.0037573086611905,True,0,0,1,0.1481764532642649,1,0,1,1,0.7847678943795926,1,0,0,0,1,0,0,0.0012081644904695127,-0.0021436790234630027,0.004242628871845512,0.0010446821213613373,8.83297939103018,46.78097285426671,-80.36920306167795,True,0.65564454,0.49921874463785737,32.45234
2024-11-29 10:30:00,2024-11-29 10:55:00,1,325.25,325.6,pivot,0.3500000000000227,0.1195255,0.13047450000002273,4109.946750000716,1.0,2024-11-29,325.85,0.0,325.55,325.95,325.45,0.0,2024,0.0,1.0,1.0,0.0,1,10,4,11,325.25,326.1,325.25,0.8190159340372974,39.881055156887896,-1.3816184174321506,-1.5302755235148298,0.1486571060826791,326.2875,329.48138807770096,323.0936119222991,325.35,325.11,326.2875,330.06416666666667,326.67074155851867,-1.0,0.0029208301306686,1,0.0009223674096848,1,0.0021521906225979,1,0.0044581091468101,1,0.0007686395080707,1,0.0009223674096848,1,0.0018447348193697,1,0.0016910069177556,1,2024-11-29 10:30:00,0.0016893192990836,0.0024581361279117,64.0962744326809,0.9589749609368792,1.2300470258664908,0.9589749609368792,0.0410250390631209,1.2866847037248737e-05,-2.550711037966476e-05,0.0013941145122117,True,81.87829663464952,0.8755298538731293,0.6982208731661491,0.8755298538731293,0.1244701461268706,1.0645304592970851e-05,-0.0001204403509756,0.0036930670193152,True,0,0,1,0.14865710608267912,0,0,0,1,0.33758040752216184,1,0,1,0,1,0,0,-0.0031898539584935366,-0.014801434793748394,0.01963958848701573,0.002518112018562021,5.92860224714666,13.46306285227603,24.212144504227048,True,0.6248561,0.5092819068331281,50.06221
2024-11-29 14:25:00,2024-11-29 14:55:00,-1,327.25,325.6,pivot,1.6499999999999773,0.1195855,1.4304144999999775,45058.05674999929,1.0,2024-11-29,326.8,0.0,325.3,325.7,325.2,0.0,2024,0.0,1.0,1.0,1.0,1,14,4,11,327.25,327.25,326.8,0.4003584261215653,43.17124844739974,0.1509152172566814,0.2674484301599591,-0.1165332129032777,327.4075,328.249349467955,326.5656505320449,327.25,327.525,327.4075,326.37416666666667,326.7067133174993,1.0,0.0022918258212375,1,0.0050420168067226,1,0.0044308632543926,1,-0.0035141329258975,0,0.0039724980901451,1,0.0044308632543926,1,0.0059587471352176,1,0.0051948051948051,1,2024-11-29 14:25:00,-0.0015288185212869,-0.0030553033238814,77.3780064250921,0.0518764039947905,-1.078327065487879,0.0518764039947905,0.9481235960052096,1.2866847037248737e-05,-2.550711037966476e-05,0.0013941145122117,True,52.66718467982632,0.0783248406011212,-0.7946952918958894,0.0783248406011212,0.9216751593988788,1.0645304592970851e-05,-0.0001204403509756,0.0036930670193152,True,0,0,0,0.11653321290327773,0,1,0,0,0.40645596036156273,1,1,0,1,1,0,0,-0.00048128342245997645,0.0026763432645785564,0.005144992928678733,0.0012234023716472583,-5.030884286621131,17.547211247695486,125.13368983957066,True,0.60104144,0.5622870194294701,49.783043
2024-12-06 10:40:00,2024-12-06 15:05:00,1,322.6,323.05,pivot,0.4499999999999886,0.1193695,0.23063049999998855,7264.86074999964,1.0,2024-12-06,321.85,0.0,322.75,323.25,322.75,0.0,2024,0.0,1.0,1.0,0.0,0,10,4,12,322.6,322.7,321.35,0.8745729296300777,32.12548590172864,-0.5867731842939747,-0.3239689357964267,-0.2628042484975479,324.4275,326.89592694422583,321.9590730557742,322.95,323.52000000000004,324.4275,324.6875,324.88572857597467,-1.0,-0.0068195908245506,0,-0.0038747675139491,0,0.0012399256044636,1,-0.000154990700558,0,-0.0083694978301303,0,-0.005269683818971,0,-0.0027898326100435,0,0.0009299442033476,1,2024-12-06 10:40:00,-0.0023275671924836,-0.0029473378971688,24.52809789421561,0.0209174071473587,-1.4812435845812613,0.0209174071473587,0.9790825928526412,-6.416194741864383e-06,-3.330343684358282e-05,0.0015488767543176,True,62.11518740148199,0.0936716392868363,-0.7079447521673443,0.0936716392868363,0.9063283607131636,-3.562900430598344e-05,-0.0001658693527143,0.0039289344767922,True,0,0,0,0.262804248497548,0,0,0,0,0.12982497734541087,1,0,1,0,1,0,0,-0.0056649101053936335,-0.0064708617482950315,0.01530332885446885,0.0027110134210479777,-8.442714180022366,4.170690479402237,-263.63918164910444,True,0.67252606,0.6065673801828628,67.93615
2024-12-13 14:05:00,2024-12-13 14:35:00,-1,330.9,329.95,pivot,0.9499999999999886,0.1198255,0.7301744999999885,23000.49674999964,1.0,2024-12-13,330.3,0.0,329.95,330.0,329.8,0.0,2024,0.0,1.0,1.0,1.0,1,14,4,12,330.9,330.95,330.3,0.3550730568650358,47.06782176449761,0.2535225218189794,0.3633790801897731,-0.1098565583707937,330.7225,331.2735516269275,330.17144837307256,330.73999999999995,330.84000000000003,330.7225,329.4466666666667,330.25076832666565,1.0,0.0012088244182531,1,0.0028709579933514,1,0.0018132366273797,1,-0.0037775763070414,0,0.0030220610456331,1,0.0021154427319431,1,0.0028709579933514,1,0.0027198549410697,1,2024-12-13 14:05:00,-0.0018148825308223,-0.0015126307527923,51.47329049379196,0.0391863789183398,-1.1502394164109284,0.0391863789183398,0.96081362108166,-6.416194741864383e-06,-3.330343684358282e-05,0.0015488767543176,True,140.7274288391416,0.2388995114525308,-0.342780315638526,0.2388995114525308,0.7611004885474693,-3.562900430598344e-05,-0.0001658693527143,0.0039289344767922,True,0,0,0,0.10985655837079372,1,1,1,1,0.661055689999186,1,1,0,1,1,0,0,0.0005364158355997349,0.004392062052986589,0.0033306233117404676,0.001073052453505699,-5.1707089090576455,31.114451393288668,95.19492293744266,True,0.5870756,0.5468422631010557,51.040836
