entry_time,exit_time,direction,entry_px,exit_px,exit_reason,gross_pts,cost_pts,net_pts,net_krw,size_factor,exit_date,entry_close,entry_high,entry_low,entry_volume,exit_close,exit_high,exit_low,exit_volume,year,entry_rsi,entry_macd,entry_macd_signal,entry_macd_hist,entry_atr,entry_supertrend,entry_supertrend_dir,entry_ma5,entry_ma10,entry_ma20,entry_ma60,entry_bb_upper,entry_bb_lower,entry_bb_middle,atr_normalized,volatility_regime,trend_regime,momentum_regime,is_win,entry_hour,entry_dayofweek,entry_month,ret_log_5m_kde_pdf,ret_log_5m_kde_cdf,ret_log_5m_kde_zscore,ret_log_5m_kde_left_tail,ret_log_5m_kde_right_tail,ret_log_5m_kde_median,ret_log_5m_kde_mean,ret_log_5m_kde_std,ret_log_5m_kde_ready,kde_aligned_tail_5m,kde_opposite_tail_5m,kde_aligned_zscore_5m,rsi_oversold,rsi_overbought,macd_bullish,macd_strength,price_above_ma20,price_above_ma60,price_above_ma5,price_above_ma10,bb_position,bb_lower_touch,price_above_st,is_morning,is_afternoon,is_bull,is_neutral,is_bear,kde_tail_spread_5m,kde_zscore_abs_5m,filter_score,entry_score,exit_score
2025-02-12 12:10:00,2025-02-12 12:50:00,-1,335.25,335.65,pivot,-0.3999999999999772,0.120127,-0.7201269999999772,-22684.00049999928,1.0,2025-02-12,335.45,335.45,335.2,0.0,335.65,335.8,335.5,0.0,2025,0.0,0.0,0.0,0.0,0.0,0.0,0.0,0.0,0.0,0.0,0.0,0.0,0.0,0.0,0.0,1.0,1.0,1.0,0,12,2,2,287.86508532014057,0.1697863087516459,-0.8102866450532242,0.1697863087516459,0.8302136912483541,1.3759661211709878e-05,-1.0588878083215525e-05,0.0009068955737474,True,0.8302136912483541,0.1697863087516459,-0.8102866450532242,1,0,0,0.0,1,1,1,1,,0,1,0,1,1,0,0,0.6604273824967082,0.8102866450532242,0.5040365,0.5379885160833788,0.4952081
2025-02-14 10:55:00,2025-02-14 11:15:00,1,341.65,341.65,pivot,0.0,0.120499,-0.320499,-10095.718499999999,1.0,2025-02-14,341.85,341.9,341.5,0.0,341.5,341.75,341.45,0.0,2025,0.0,0.0,0.0,0.0,0.0,0.0,0.0,0.0,0.0,0.0,0.0,0.0,0.0,0.0,0.0,1.0,1.0,1.0,0,10,4,2,532.4919469290955,0.4107076356734165,-0.1590324937939967,0.4107076356734165,0.5892923643265835,1.5454045063586754e-05,-6.559954262369443e-06,0.0008787922846223,True,0.4107076356734165,0.5892923643265835,0.1590324937939967,1,0,0,0.0,1,1,1,1,,0,1,1,0,1,0,0,-0.178584728653167,0.1590324937939967,0.53477275,0.5153720314587531,0.49518442
2025-02-14 11:15:00,2025-02-14 13:30:00,1,341.65,342.4,pivot,0.75,0.1205215,0.4294785000000001,13528.572750000003,1.0,2025-02-14,341.5,341.75,341.45,0.0,342.5,342.55,342.3,0.0,2025,0.0,0.0,0.0,0.0,0.0,0.0,0.0,0.0,0.0,0.0,0.0,0.0,0.0,0.0,0.0,1.0,1.0,1.0,1,11,4,2,560.546745845207,0.491301787838459,0.0074647381152063,0.491301787838459,0.508698212161541,1.5454045063586754e-05,-6.559954262369443e-06,0.0008787922846223,True,0.491301787838459,0.508698212161541,-0.0074647381152063,1,0,0,0.0,1,1,1,1,,0,1,1,0,1,0,0,-0.01739642432308197,0.0074647381152063,0.50166076,0.5133790629902651,0.49392757
2025-02-14 13:30:00,2025-02-14 14:40:00,-1,342.4,341.65,pivot,0.75,0.1205215,0.4294785000000001,13528.572750000003,1.0,2025-02-14,342.5,342.55,342.3,0.0,341.8,341.85,341.6,0.0,2025,0.0,0.0,0.0,0.0,0.0,0.0,0.0,0.0,0.0,0.0,0.0,0.0,0.0,0.0,0.0,1.0,1.0,1.0,1,13,4,2,462.2765966914617,0.7255055157161301,0.5060081543934183,0.7255055157161301,0.2744944842838699,1.5454045063586754e-05,-6.559954262369443e-06,0.0008787922846223,True,0.2744944842838699,0.7255055157161301,0.5060081543934183,1,0,0,0.0,1,1,1,1,,0,1,0,1,1,0,0,-0.4510110314322602,0.5060081543934183,0.5021535,0.5217250637066647,0.49409664
2025-02-28 08:45:00,2025-02-28 10:35:00,1,342.0,336.8,pivot,-5.199999999999989,0.120364,-5.520363999999989,-173891.46599999967,1.0,2025-02-28,340.5,342.05,340.2,0.0,337.2,337.35,336.7,0.0,2025,0.0,0.0,0.0,0.0,0.0,0.0,0.0,0.0,0.0,0.0,0.0,0.0,0.0,0.0,0.0,2.0,0.0,0.0,0,8,4,2,475.2670967329197,0.747143632048069,0.5164711169485728,0.747143632048069,0.252856367951931,1.1762666547147013e-05,3.190928356896543e-05,0.0007764662514218,True,0.747143632048069,0.252856367951931,-0.5164711169485728,1,0,0,0.0,1,1,1,1,,0,1,0,0,0,1,0,0.494287264096138,0.5164711169485728,0.50592387,0.6600036485148251,0.49672815
2025-02-28 13:25:00,2025-02-28 13:35:00,1,335.9,335.7,pivot,-0.1999999999999886,0.120148,-0.5201479999999887,-16384.661999999644,1.0,2025-02-28,335.8,336.0,335.6,0.0,335.7,336.1,335.6,0.0,2025,0.0,0.0,0.0,0.0,0.0,0.0,0.0,0.0,0.0,0.0,0.0,0.0,0.0,0.0,0.0,1.0,1.0,1.0,0,13,4,2,22.58628646815821,0.9879423572867416,2.589352724900602,0.9879423572867416,0.0120576427132582,1.1554875055237245e-05,2.6629442435870508e-05,0.0007953719661589,True,0.9879423572867416,0.0120576427132582,-2.589352724900602,1,0,0,0.0,1,1,1,1,,0,1,0,1,1,0,0,0.9758847145734835,2.589352724900602,0.51088554,0.5041920768515543,0.50359994
2025-03-04 10:50:00,2025-03-04 11:00:00,-1,333.65,333.05,pivot,0.5999999999999659,0.120001,0.27999899999996586,8819.968499998924,1.0,2025-03-04,334.1,334.15,333.55,0.0,333.3,333.75,333.05,0.0,2025,0.0,0.0,0.0,0.0,0.0,0.0,0.0,0.0,0.0,0.0,0.0,0.0,0.0,0.0,0.0,1.0,1.0,1.0,1,10,1,3,462.6838633254707,0.751827254555583,0.5317979226884175,0.751827254555583,0.248172745444417,1.1554875055237245e-05,2.6629442435870508e-05,0.0007953719661589,True,0.248172745444417,0.751827254555583,0.5317979226884175,1,0,0,0.0,1,1,1,1,,0,1,1,0,1,0,0,-0.5036545091111659,0.5317979226884175,0.502046,0.5338113098236973,0.50707966
2025-03-04 11:00:00,2025-03-04 11:45:00,1,333.05,334.55,pivot,1.5,0.120028,1.179972,37169.118,1.0,2025-03-04,333.3,333.75,333.05,0.0,334.6,334.75,334.55,0.0,2025,0.0,0.0,0.0,0.0,0.0,0.0,0.0,0.0,0.0,0.0,0.0,0.0,0.0,0.0,0.0,1.0,1.0,1.0,1,11,1,3,5.2575631510472975,0.0028553996393231,-3.991025684860293,0.0028553996393231,0.9971446003606768,1.1554875055237245e-05,2.6629442435870508e-05,0.0007953719661589,True,0.0028553996393231,0.9971446003606768,3.991025684860293,1,0,0,0.0,1,1,1,1,,0,1,1,0,1,0,0,-0.9942892007213536,3.991025684860293,0.52598834,0.6936646356398067,0.50546086
2025-03-17 11:25:00,2025-03-17 11:45:00,-1,345.75,346.25,pivot,-0.5,0.12076,-0.8207599999999999,-25853.94,1.0,2025-03-17,346.2,346.2,345.75,0.0,346.4,346.45,346.25,0.0,2025,0.0,0.0,0.0,0.0,0.0,0.0,0.0,0.0,0.0,0.0,0.0,0.0,0.0,0.0,0.0,1.0,1.0,1.0,0,11,0,3,279.3447836507433,0.1600100451074939,-0.8254628156604523,0.1600100451074939,0.839989954892506,2.104315921482268e-05,4.86844279280868e-05,0.0009346138022794,True,0.839989954892506,0.1600100451074939,-0.8254628156604523,1,0,0,0.0,1,1,1,1,,0,1,1,0,1,0,0,0.6799799097850121,0.8254628156604523,0.5040365,0.5103128500960085,0.5067532
2025-03-19 10:45:00,2025-03-19 11:40:00,-1,350.5,351.95,pivot,-1.4499999999999886,0.1210735,-1.7710734999999886,-55788.81524999964,1.0,2025-03-19,350.85,350.9,350.35,0.0,351.85,352.0,351.7,0.0,2025,0.0,0.0,0.0,0.0,0.0,0.0,0.0,0.0,0.0,0.0,0.0,0.0,0.0,0.0,0.0,1.0,1.0,1.0,0,10,2,3,3.555442682380613,0.0008021858136948,-3.976688259999917,0.0008021858136948,0.9991978141863052,1.53508539795896e-05,3.940648498385976e-05,0.000940866386594,True,0.9991978141863052,0.0008021858136948,-3.976688259999917,1,0,0,0.0,1,1,1,1,,0,1,1,0,1,0,0,0.9983956283726103,3.976688259999917,0.51390827,0.6202044577781952,0.5053952
2025-04-01 08:45:00,2025-04-01 10:45:00,1,335.45,337.9,pivot,2.4499999999999886,0.1202005,2.1297994999999887,67088.68424999964,1.0,2025-04-01,336.15,336.45,335.3,0.0,338.8,339.0,337.9,0.0,2025,0.0,0.0,0.0,0.0,0.0,0.0,0.0,0.0,0.0,0.0,0.0,0.0,0.0,0.0,0.0,1.0,1.0,1.0,1,8,1,4,597.3619756960873,0.5040860106404667,-0.0262846164839722,0.5040860106404667,0.4959139893595333,-6.815052758602078e-06,2.4140835937839084e-05,0.0009184397250977,True,0.5040860106404667,0.4959139893595333,0.0262846164839722,1,0,0,0.0,1,1,1,1,,0,1,0,0,1,0,0,0.008172021280933361,0.0262846164839722,0.5273273,0.5019334048189938,0.50335443
2025-04-01 10:45:00,2025-04-01 10:50:00,1,337.9,338.8,pivot,0.9000000000000341,0.120301,0.5796990000000342,18260.518500001075,1.0,2025-04-01,338.8,339.0,337.9,0.0,339.2,339.25,338.6,0.0,2025,0.0,0.0,0.0,0.0,0.0,0.0,0.0,0.0,0.0,0.0,0.0,0.0,0.0,0.0,0.0,1.0,1.0,1.0,1,10,1,4,0.0362687855387144,0.9999924069677096,4.739407075397491,0.9999924069677096,7.593032290365009e-06,-5.933065646308245e-06,1.7868894823852113e-05,0.0009037444845793,True,0.9999924069677096,7.593032290365009e-06,-4.739407075397491,1,0,0,0.0,1,1,1,1,,0,1,1,0,1,0,0,0.9999848139354193,4.739407075397491,0.53152275,0.5075652719148823,0.50146914
2025-04-04 08:45:00,2025-04-04 10:30:00,1,327.0,331.7,pivot,4.699999999999989,0.119761,4.380238999999989,137977.52849999964,1.0,2025-04-04,327.45,327.75,326.15,0.0,331.4,331.75,331.25,0.0,2025,0.0,0.0,0.0,0.0,0.0,0.0,0.0,0.0,0.0,0.0,0.0,0.0,0.0,0.0,0.0,2.0,0.0,0.0,1,8,4,4,547.083361711909,0.5899684182236451,0.1410822712845946,0.5899684182236451,0.4100315817763549,-8.834556089255883e-06,1.2982662619368288e-05,0.0009742530357013,True,0.5899684182236451,0.4100315817763549,-0.1410822712845946,1,0,0,0.0,1,1,1,1,,0,1,0,0,0,1,0,0.1799368364472902,0.1410822712845946,0.5118503,0.6172225787086225,0.49936193
2025-04-04 10:30:00,2025-04-04 10:35:00,-1,331.7,331.35,pivot,0.3499999999999659,0.1198915,0.03010849999996586,948.4177499989246,1.0,2025-04-04,331.4,331.75,331.25,0.0,331.2,331.4,331.0,0.0,2025,0.0,0.0,0.0,0.0,0.0,0.0,0.0,0.0,0.0,0.0,0.0,0.0,0.0,0.0,0.0,1.0,1.0,2.0,1,10,4,4,1.6089538020679206,0.0003246686496614,-4.799263448407946,0.0003246686496614,0.9996753313503384,-8.834556089255883e-06,1.2982662619368288e-05,0.0009742530357013,True,0.9996753313503384,0.0003246686496614,-4.799263448407946,1,0,0,0.0,1,1,1,1,,0,1,1,0,1,0,0,0.999350662700677,4.799263448407946,0.5146332,0.6161655206611472,0.5035074
2025-04-04 10:35:00,2025-04-04 10:55:00,-1,331.35,332.75,pivot,-1.3999999999999773,0.119923,-1.7199229999999772,-54177.57449999928,1.0,2025-04-04,331.2,331.4,331.0,0.0,332.9,333.05,332.1,0.0,2025,0.0,0.0,0.0,0.0,0.0,0.0,0.0,0.0,0.0,0.0,0.0,0.0,0.0,0.0,0.0,1.0,1.0,1.0,0,10,4,4,283.7586447182096,0.1562380788476612,-0.7873453955107239,0.1562380788476612,0.8437619211523387,-8.834556089255883e-06,1.2982662619368288e-05,0.0009742530357013,True,0.8437619211523387,0.1562380788476612,-0.7873453955107239,1,0,0,0.0,1,1,1,1,,0,1,1,0,1,0,0,0.6875238423046776,0.7873453955107239,0.5384628,0.5405066895790737,0.5018295
2025-04-04 12:00:00,2025-04-04 13:05:00,-1,328.95,326.95,pivot,2.0,0.119677,1.680323,52930.1745,1.0,2025-04-04,327.75,328.95,327.65,0.0,326.9,327.0,326.3,0.0,2025,0.0,0.0,0.0,0.0,0.0,0.0,0.0,0.0,0.0,0.0,0.0,0.0,0.0,0.0,0.0,1.0,0.0,0.0,1,12,4,4,61.00708532833107,0.0358888924438926,-1.5722984012450234,0.0358888924438926,0.9641111075561074,-8.834556089255883e-06,1.2982662619368288e-05,0.0009742530357013,True,0.9641111075561074,0.0358888924438926,-1.5722984012450234,1,0,0,0.0,1,1,1,1,,0,1,0,1,0,1,0,0.9282222151122148,1.5722984012450234,0.5812161,0.7140857325390655,0.49997935
2025-04-07 10:55:00,2025-04-07 11:30:00,-1,314.3,313.35,pivot,0.9499999999999886,0.1188295,0.6311704999999886,19881.87074999964,1.0,2025-04-07,314.7,315.0,314.2,0.0,313.7,314.1,313.15,0.0,2025,0.0,0.0,0.0,0.0,0.0,0.0,0.0,0.0,0.0,0.0,0.0,0.0,0.0,0.0,0.0,1.0,1.0,1.0,1,10,0,4,22.24605974587393,0.9783238881206234,2.0335193020765123,0.9783238881206234,0.0216761118793765,-1.7330655411996104e-05,6.467290942436962e-06,0.0010932711747837,True,0.0216761118793765,0.9783238881206234,2.0335193020765123,1,0,0,0.0,1,1,1,1,,0,1,1,0,1,0,0,-0.956647776241247,2.0335193020765123,0.5256232,0.5159013894393245,0.5020478
2025-04-08 10:25:00,2025-04-08 10:30:00,1,314.15,314.5,pivot,0.3500000000000227,0.1188595,0.031140500000022733,980.9257500007161,1.0,2025-04-08,314.5,314.85,313.95,0.0,314.75,314.75,313.8,0.0,2025,0.0,0.0,0.0,0.0,0.0,0.0,0.0,0.0,0.0,0.0,0.0,0.0,0.0,0.0,0.0,1.0,1.0,0.0,1,10,1,4,0.7765588184849429,0.9999157748709276,4.881122134878812,0.9999157748709276,8.422512907246826e-05,-1.0450983936509742e-05,1.94625446211023e-05,0.0012060448094991,True,0.9999157748709276,8.422512907246826e-05,-4.881122134878812,1,0,0,0.0,1,1,1,1,,0,1,1,0,1,0,0,0.9998315497418552,4.881122134878812,0.5134685,0.5088434339530209,0.5027939
2025-04-08 10:50:00,2025-04-08 11:20:00,-1,314.35,315.0,pivot,-0.6499999999999773,0.1188805,-0.9688804999999773,-30519.735749999283,1.0,2025-04-08,314.8,315.0,313.95,0.0,314.45,315.0,314.15,0.0,2025,0.0,0.0,0.0,0.0,0.0,0.0,0.0,0.0,0.0,0.0,0.0,0.0,0.0,0.0,0.0,1.0,1.0,1.0,0,10,1,4,27.35571592449816,0.0280707776943425,-1.729135428975629,0.0280707776943425,0.9719292223056574,-1.0450983936509742e-05,1.94625446211023e-05,0.0012060448094991,True,0.9719292223056574,0.0280707776943425,-1.729135428975629,1,0,0,0.0,1,1,1,1,,0,1,1,0,1,0,0,0.9438584446113149,1.729135428975629,0.5046158,0.6319093356467479,0.50128603
2025-04-09 13:10:00,2025-04-09 13:45:00,1,304.95,304.2,pivot,-0.75,0.1182745,-1.0682745,-33650.64675,1.0,2025-04-09,305.3,305.7,304.9,0.0,304.95,305.4,304.2,0.0,2025,0.0,0.0,0.0,0.0,0.0,0.0,0.0,0.0,0.0,0.0,0.0,0.0,0.0,0.0,0.0,1.0,1.0,0.0,0,13,2,4,127.16380394385132,0.0943899217573405,-0.9885027020933748,0.0943899217573405,0.9056100782426596,-2.05230078272672e-05,-1.6276968968529408e-05,0.0013096109448851,True,0.0943899217573405,0.9056100782426596,0.9885027020933748,1,0,0,0.0,1,1,1,1,,0,1,0,1,1,0,0,-0.8112201564853191,0.9885027020933748,0.5066322,0.6390978800174515,0.49983293
2025-04-11 14:00:00,2025-04-11 14:05:00,-1,321.15,321.05,pivot,0.0999999999999659,0.119266,-0.21926600000003413,-6906.879000001075,1.0,2025-04-11,321.05,321.25,320.95,0.0,320.75,321.05,320.5,0.0,2025,0.0,0.0,0.0,0.0,0.0,0.0,0.0,0.0,0.0,0.0,0.0,0.0,0.0,0.0,0.0,1.0,1.0,1.0,0,14,4,4,388.47013027630527,0.6429965073590058,0.2427209846310543,0.6429965073590058,0.3570034926409942,-2.760459712632693e-05,-2.094084965164755e-05,0.0013691516095944,True,0.3570034926409942,0.6429965073590058,0.2427209846310543,1,0,0,0.0,1,1,1,1,,0,1,0,1,1,0,0,-0.28599301471801164,0.2427209846310543,0.5204881,0.5051420111210673,0.50130045
2025-04-11 14:35:00,2025-04-11 15:45:00,1,321.8,322.35,eod,0.5500000000000114,0.1193245,0.23067550000001136,7266.278250000358,1.0,2025-04-11,321.95,322.05,321.7,0.0,322.35,322.35,322.35,0.0,2025,0.0,0.0,0.0,0.0,0.0,0.0,0.0,0.0,0.0,0.0,0.0,0.0,0.0,0.0,0.0,1.0,1.0,1.0,1,14,4,4,437.1066167602695,0.5121327213139116,0.0152947631985407,0.5121327213139116,0.4878672786860883,-2.760459712632693e-05,-2.094084965164755e-05,0.0013691516095944,True,0.5121327213139116,0.4878672786860883,-0.0152947631985407,1,0,0,0.0,1,1,1,1,,0,1,0,1,1,0,0,0.02426544262782332,0.0152947631985407,0.51069105,0.5008935389465682,0.503988
2025-04-14 12:15:00,2025-04-14 15:25:00,-1,325.5,325.25,pivot,0.25,0.1195225,-0.06952249999999999,-2189.95875,1.0,2025-04-14,325.55,325.7,325.45,0.0,325.4,325.55,325.2,0.0,2025,0.0,0.0,0.0,0.0,0.0,0.0,0.0,0.0,0.0,0.0,0.0,0.0,0.0,0.0,0.0,1.0,1.0,1.0,0,12,0,4,437.1066167602695,0.5121327213139116,0.0152947631985407,0.5121327213139116,0.4878672786860883,-2.760459712632693e-05,-2.094084965164755e-05,0.0013691516095944,True,0.4878672786860883,0.5121327213139116,0.0152947631985407,1,0,0,0.0,1,1,1,1,,0,1,0,1,1,0,0,-0.02426544262782332,0.0152947631985407,0.5155322,0.5069242407009541,0.50659245
2025-04-16 10:50:00,2025-04-16 10:55:00,-1,326.15,326.05,pivot,0.0999999999999659,0.119566,-0.21956600000003412,-6916.329000001075,1.0,2025-04-16,326.0,326.3,326.0,0.0,325.85,326.1,325.75,0.0,2025,0.0,0.0,0.0,0.0,0.0,0.0,0.0,0.0,0.0,0.0,0.0,0.0,0.0,0.0,0.0,1.0,1.0,1.0,0,10,2,4,150.24579842641788,0.1181371442768936,-0.8958721032294568,0.1181371442768936,0.8818628557231063,-1.0807023848438071e-05,-7.851878467404786e-06,0.0013591655177057,True,0.8818628557231063,0.1181371442768936,-0.8958721032294568,1,0,0,0.0,1,1,1,1,,0,1,1,0,1,0,0,0.7637257114462127,0.8958721032294568,0.51866937,0.5165330457418,0.4683027
2025-04-17 13:55:00,2025-04-17 14:50:00,-1,325.35,326.8,pivot,-1.4499999999999886,0.1195645,-1.7695644999999887,-55741.281749999645,1.0,2025-04-17,325.3,325.4,325.25,0.0,326.6,326.9,326.5,0.0,2025,0.0,0.0,0.0,0.0,0.0,0.0,0.0,0.0,0.0,0.0,0.0,0.0,0.0,0.0,0.0,1.0,1.0,1.0,0,13,3,4,398.8319922447122,0.6376973616769122,0.2369797527969533,0.6376973616769122,0.3623026383230878,-1.499772031724443e-05,-1.6811495084549548e-05,0.0013681339423997,True,0.3623026383230878,0.6376973616769122,0.2369797527969533,1,0,0,0.0,1,1,1,1,,0,1,0,1,1,0,0,-0.27539472335382437,0.2369797527969533,0.52532244,0.5051420111210673,0.470021
2025-05-13 10:35:00,2025-05-13 11:15:00,1,348.75,349.0,pivot,0.25,0.1209325,-0.07093250000000001,-2234.37375,1.0,2025-05-13,348.55,348.8,348.4,0.0,349.1,349.15,348.8,0.0,2025,0.0,0.0,0.0,0.0,0.0,0.0,0.0,0.0,0.0,0.0,0.0,0.0,0.0,0.0,0.0,1.0,1.0,1.0,0,10,1,5,22.05108164172102,0.9872112931641752,2.730378370611624,0.9872112931641752,0.0127887068358248,2.3898052421294225e-05,1.848218215882426e-05,0.0007290943116778,True,0.9872112931641752,0.0127887068358248,-2.730378370611624,1,0,0,0.0,1,1,1,1,,0,1,1,0,1,0,0,0.9744225863283504,2.730378370611624,0.5156184,0.5602955640852112,0.45054936
2025-05-14 11:25:00,2025-05-14 13:45:00,1,351.8,352.4,pivot,0.5999999999999659,0.121126,0.2788739999999659,8784.530999998926,1.0,2025-05-14,351.9,352.2,351.8,0.0,352.25,352.45,352.2,0.0,2025,0.0,0.0,0.0,0.0,0.0,0.0,0.0,0.0,0.0,0.0,0.0,0.0,0.0,0.0,0.0,1.0,1.0,1.0,1,11,2,5,18.73362557266398,0.9926499160447118,2.999751319518882,0.9926499160447118,0.0073500839552882,2.151654359441649e-05,1.1981549950895778e-05,0.0007075556446532,True,0.9926499160447118,0.0073500839552882,-2.999751319518882,1,0,0,0.0,1,1,1,1,,0,1,1,0,1,0,0,0.9852998320894235,2.999751319518882,0.51088554,0.5412811927472616,0.45441273
2025-05-21 10:35:00,2025-05-21 10:50:00,-1,349.6,350.05,pivot,-0.4499999999999886,0.1209895,-0.7709894999999886,-24286.16924999964,1.0,2025-05-21,349.95,350.0,349.6,0.0,349.75,350.25,349.75,0.0,2025,0.0,0.0,0.0,0.0,0.0,0.0,0.0,0.0,0.0,0.0,0.0,0.0,0.0,0.0,0.0,1.0,1.0,1.0,0,10,2,5,301.8491602662646,0.12811429167045,-1.0068310350804677,0.12811429167045,0.8718857083295499,3.878590353740245e-06,-1.33694702593424e-06,0.0007086695171671,True,0.8718857083295499,0.12811429167045,-1.0068310350804677,1,0,0,0.0,1,1,1,1,,0,1,1,0,1,0,0,0.7437714166591,1.0068310350804677,0.5062774,0.5431388821874948,0.47014365
2025-05-22 08:45:00,2025-05-22 11:15:00,-1,347.5,344.55,pivot,2.9499999999999886,0.1207615,2.629238499999989,82821.01274999965,1.0,2025-05-22,347.2,347.65,347.2,0.0,344.4,344.55,344.4,0.0,2025,0.0,0.0,0.0,0.0,0.0,0.0,0.0,0.0,0.0,0.0,0.0,0.0,0.0,0.0,0.0,1.0,1.0,1.0,1,8,3,5,412.1909948990071,0.1757740305058378,-0.8234680935917997,0.1757740305058378,0.8242259694941622,4.914255526647434e-07,1.3243787592193237e-07,0.0006958790575557,True,0.8242259694941622,0.1757740305058378,-0.8234680935917997,1,0,0,0.0,1,1,1,1,,0,1,0,0,1,0,0,0.6484519389883243,0.8234680935917997,0.53034353,0.5704229979903815,0.49904376
2025-05-28 10:55:00,2025-05-28 11:00:00,1,358.95,358.15,pivot,-0.8000000000000114,0.121513,-1.1215130000000113,-35327.65950000036,1.0,2025-05-28,358.15,359.05,358.1,0.0,357.95,358.3,357.85,0.0,2025,0.0,0.0,0.0,0.0,0.0,0.0,0.0,0.0,0.0,0.0,0.0,0.0,0.0,0.0,0.0,1.0,1.0,1.0,0,10,2,5,330.19614507003644,0.1341645763160088,-1.002033222162542,0.1341645763160088,0.8658354236839911,-5.76011532416043e-06,-7.231255474466206e-06,0.0006877008631384,True,0.1341645763160088,0.8658354236839911,1.002033222162542,1,0,0,0.0,1,1,1,1,,0,1,1,0,1,0,0,-0.7316708473679823,1.002033222162542,0.5181792,0.5853484057596027,0.49856645
2025-05-29 10:35:00,2025-05-29 11:05:00,-1,360.7,362.05,pivot,-1.3500000000000227,0.1216825,-1.6716825000000226,-52657.99875000071,1.0,2025-05-29,360.65,360.85,360.55,0.0,362.1,362.25,361.65,0.0,2025,0.0,0.0,0.0,0.0,0.0,0.0,0.0,0.0,0.0,0.0,0.0,0.0,0.0,0.0,0.0,1.0,1.0,1.0,0,10,3,5,439.184396705395,0.1865950846124964,-0.8266777219302782,0.1865950846124964,0.8134049153875036,-1.7709848855171883e-06,1.0486031806904422e-05,0.0006831355775234,True,0.8134049153875036,0.1865950846124964,-0.8266777219302782,1,0,0,0.0,1,1,1,1,,0,1,1,0,1,0,0,0.6268098307750072,0.8266777219302782,0.5188265,0.5876696166139957,0.49758947
2025-05-29 12:30:00,2025-05-29 14:25:00,-1,363.2,363.6,pivot,-0.4000000000000341,0.121804,-0.7218040000000342,-22736.826000001078,1.0,2025-05-29,363.35,363.4,363.1,0.0,363.25,363.7,363.2,0.0,2025,0.0,0.0,0.0,0.0,0.0,0.0,0.0,0.0,0.0,0.0,0.0,0.0,0.0,0.0,0.0,1.0,1.0,1.0,0,12,3,5,41.419299561456185,0.9748789204465628,2.203045684380743,0.9748789204465628,0.0251210795534372,-1.7709848855171883e-06,1.0486031806904422e-05,0.0006831355775234,True,0.0251210795534372,0.9748789204465628,2.203045684380743,1,0,0,0.0,1,1,1,1,,0,1,0,1,1,0,0,-0.9497578408931255,2.203045684380743,0.510164,0.5641895809932779,0.49632448
2025-06-04 08:45:00,2025-06-04 11:05:00,-1,364.9,369.65,pivot,-4.75,0.1220365,-5.0720365,-159769.14975,1.0,2025-06-04,364.25,365.8,364.2,0.0,369.65,369.8,369.5,0.0,2025,0.0,0.0,0.0,0.0,0.0,0.0,0.0,0.0,0.0,0.0,0.0,0.0,0.0,0.0,0.0,2.0,2.0,2.0,0,8,2,6,412.1997110158805,0.8004762517343558,0.7205441687731123,0.8004762517343558,0.1995237482656442,-1.0257919013017165e-06,2.3438753758255924e-05,0.0007405330133597,True,0.1995237482656442,0.8004762517343558,0.7205441687731123,1,0,0,0.0,1,1,1,1,,0,1,0,0,0,0,0,-0.6009525034687115,0.7205441687731123,0.50323963,0.5246401896284594,0.4994232
2025-06-09 11:00:00,2025-06-09 11:15:00,-1,384.7,383.95,pivot,0.75,0.1230595,0.4269405,13448.62575,1.0,2025-06-09,384.7,385.05,384.5,0.0,383.8,384.3,383.55,0.0,2025,0.0,0.0,0.0,0.0,0.0,0.0,0.0,0.0,0.0,0.0,0.0,0.0,0.0,0.0,0.0,1.0,1.0,1.0,1,11,0,6,43.72227546668204,0.9737672408908103,2.078930303148816,0.9737672408908103,0.0262327591091895,1.1637638854155504e-05,3.474608445500228e-05,0.0007967132070732,True,0.0262327591091895,0.9737672408908103,2.078930303148816,1,0,0,0.0,1,1,1,1,,0,1,1,0,1,0,0,-0.9475344817816208,2.078930303148816,0.50533366,0.5312770657641332,0.5014348
2025-06-19 10:40:00,2025-06-19 11:05:00,1,397.6,397.65,pivot,0.0499999999999545,0.1238575,-0.2738575000000455,-8626.511250001433,1.0,2025-06-19,397.1,398.0,397.1,0.0,397.5,397.7,397.2,0.0,2025,0.0,0.0,0.0,0.0,0.0,0.0,0.0,0.0,0.0,0.0,0.0,0.0,0.0,0.0,0.0,1.0,1.0,0.0,0,10,3,6,137.0028821543871,0.1098480450316067,-1.0571959755611176,0.1098480450316067,0.8901519549683932,5.397510070309575e-05,6.444456080843252e-05,0.0011307772556562,True,0.1098480450316067,0.8901519549683932,1.0571959755611176,1,0,0,0.0,1,1,1,1,,0,1,1,0,1,0,0,-0.7803039099367864,1.0571959755611176,0.52847487,0.5751214759395646,0.499522
2025-06-26 10:35:00,2025-06-26 10:55:00,-1,413.4,412.45,pivot,0.9499999999999886,0.1247755,0.6252244999999885,19694.57174999964,1.0,2025-06-26,413.6,413.7,412.9,0.0,411.7,412.75,411.65,0.0,2025,0.0,0.0,0.0,0.0,0.0,0.0,0.0,0.0,0.0,0.0,0.0,0.0,0.0,0.0,0.0,1.0,1.0,0.0,1,10,3,6,20.28457450734284,0.0228334794321334,-2.2662144784669573,0.0228334794321334,0.9771665205678666,8.554592588609899e-05,6.296684046042736e-05,0.0012003692474785,True,0.9771665205678666,0.0228334794321334,-2.2662144784669573,1,0,0,0.0,1,1,1,1,,0,1,1,0,1,0,0,0.9543330411357331,2.2662144784669573,0.52205426,0.6141263497663086,0.5059422
2025-06-26 11:20:00,2025-06-26 11:55:00,1,412.85,411.2,pivot,-1.650000000000034,0.1247215,-1.974721500000034,-62203.72725000107,1.0,2025-06-26,412.5,413.05,412.25,0.0,410.9,411.45,410.65,0.0,2025,0.0,0.0,0.0,0.0,0.0,0.0,0.0,0.0,0.0,0.0,0.0,0.0,0.0,0.0,0.0,1.0,1.0,0.0,0,11,3,6,20.21457152265324,0.0227614744918578,-2.269159733606348,0.0227614744918578,0.9772385255081422,8.554592588609899e-05,6.296684046042736e-05,0.0012003692474785,True,0.0227614744918578,0.9772385255081422,2.269159733606348,1,0,0,0.0,1,1,1,1,,0,1,1,0,1,0,0,-0.9544770510162843,2.269159733606348,0.52589244,0.6708785430477168,0.5115332
2025-06-26 11:55:00,2025-06-26 12:40:00,-1,411.2,412.7,pivot,-1.5,0.124717,-1.824717,-57478.5855,1.0,2025-06-26,410.9,411.45,410.65,0.0,412.95,413.1,412.45,0.0,2025,0.0,0.0,0.0,0.0,0.0,0.0,0.0,0.0,0.0,0.0,0.0,0.0,0.0,0.0,0.0,1.0,1.0,0.0,0,11,3,6,110.87081951109128,0.916760454522626,1.265463230491716,0.916760454522626,0.0832395454773741,8.554592588609899e-05,6.296684046042736e-05,0.0012003692474785,True,0.0832395454773741,0.916760454522626,1.265463230491716,1,0,0,0.0,1,1,1,1,,0,1,1,0,1,0,0,-0.8335209090452519,1.265463230491716,0.5086349,0.5317024960097019,0.49586114
2025-06-27 11:25:00,2025-06-27 13:30:00,1,415.0,412.6,pivot,-2.3999999999999773,0.124828,-2.7248279999999774,-85832.08199999928,1.0,2025-06-27,414.65,415.1,414.4,0.0,413.0,413.25,412.55,0.0,2025,0.0,0.0,0.0,0.0,0.0,0.0,0.0,0.0,0.0,0.0,0.0,0.0,0.0,0.0,0.0,1.0,1.0,1.0,0,11,4,6,25.217892913154675,0.0264410063435993,-2.166329346789185,0.0264410063435993,0.9735589936564006,6.376922947393324e-05,3.478183432522116e-05,0.0012379823947349,True,0.0264410063435993,0.9735589936564006,2.166329346789185,1,0,0,0.0,1,1,1,1,,0,1,1,0,1,0,0,-0.9471179873128014,2.166329346789185,0.5114945,0.6724070185174423,0.47941706
2025-07-03 10:45:00,2025-07-03 11:55:00,-1,419.85,419.75,pivot,0.1000000000000227,0.125188,-0.2251879999999773,-7093.421999999285,1.0,2025-07-03,419.9,420.0,419.5,0.0,419.55,419.8,419.45,0.0,2025,0.0,0.0,0.0,0.0,0.0,0.0,0.0,0.0,0.0,0.0,0.0,0.0,0.0,0.0,0.0,1.0,1.0,1.0,0,10,3,7,111.7460787800249,0.1089873427615187,-1.1249139272050663,0.1089873427615187,0.8910126572384813,4.831965921538067e-05,1.572349249913982e-05,0.0012834627671657,True,0.8910126572384813,0.1089873427615187,-1.1249139272050663,1,0,0,0.0,1,1,1,1,,0,1,1,0,1,0,0,0.7820253144769627,1.1249139272050663,0.5285841,0.5679105248276597,0.4686252
2025-07-04 10:25:00,2025-07-04 10:35:00,1,419.55,418.8,pivot,-0.75,0.1251505,-1.0751505,-33867.24075,1.0,2025-07-04,419.05,419.65,418.95,0.0,419.45,419.65,418.7,0.0,2025,0.0,0.0,0.0,0.0,0.0,0.0,0.0,0.0,0.0,0.0,0.0,0.0,0.0,0.0,0.0,1.0,1.0,0.0,0,10,4,7,71.0776627531242,0.951406807617889,1.5954415533118909,0.951406807617889,0.048593192382111,6.202293981038373e-05,3.746992883523164e-05,0.0012476579652908,True,0.951406807617889,0.048593192382111,-1.5954415533118909,1,0,0,0.0,1,1,1,1,,0,1,1,0,1,0,0,0.902813615235778,1.5954415533118909,0.5216234,0.5161243794805357,0.46895066
2025-07-04 12:05:00,2025-07-04 14:00:00,1,415.1,415.7,pivot,0.5999999999999659,0.124924,0.27507599999996585,8664.893999998923,1.0,2025-07-04,415.35,415.4,415.1,0.0,415.65,416.3,415.6,0.0,2025,0.0,0.0,0.0,0.0,0.0,0.0,0.0,0.0,0.0,0.0,0.0,0.0,0.0,0.0,0.0,1.0,1.0,1.0,1,12,4,7,217.77720303156812,0.1970575750236997,-0.7055499225921241,0.1970575750236997,0.8029424249763002,6.202293981038373e-05,3.746992883523164e-05,0.0012476579652908,True,0.1970575750236997,0.8029424249763002,0.7055499225921241,1,0,0,0.0,1,1,1,1,,0,1,0,1,1,0,0,-0.6058848499526005,0.7055499225921241,0.50902647,0.547972023484935,0.46712765
2025-07-07 10:40:00,2025-07-07 15:45:00,-1,413.6,413.75,eod,-0.1499999999999772,0.1248205,-0.4748204999999773,-14956.845749999284,1.0,2025-07-07,413.35,413.9,413.05,0.0,413.75,413.75,413.75,0.0,2025,0.0,0.0,0.0,0.0,0.0,0.0,0.0,0.0,0.0,0.0,0.0,0.0,0.0,0.0,0.0,1.0,1.0,1.0,0,10,0,7,193.76539392800464,0.1714769180567763,-0.7921051049328572,0.1714769180567763,0.8285230819432237,4.367119393834488e-05,1.7432521629171086e-05,0.0012422169217427,True,0.8285230819432237,0.1714769180567763,-0.7921051049328572,1,0,0,0.0,1,1,1,1,,0,1,1,0,1,0,0,0.6570461638864473,0.7921051049328572,0.5291576,0.5179670607169926,0.46602744
2025-07-10 12:10:00,2025-07-10 12:20:00,-1,426.2,425.75,pivot,0.4499999999999886,0.1255585,0.12444149999998863,3919.907249999642,1.0,2025-07-10,425.8,426.25,425.55,0.0,425.8,425.95,425.7,0.0,2025,0.0,0.0,0.0,0.0,0.0,0.0,0.0,0.0,0.0,0.0,0.0,0.0,0.0,0.0,0.0,1.0,1.0,1.0,1,12,3,7,232.72181622639704,0.1992518195453282,-0.6665339102929217,0.1992518195453282,0.8007481804546718,4.213777495819768e-05,1.4001138973539842e-05,0.0012527061106821,True,0.8007481804546718,0.1992518195453282,-0.6665339102929217,1,0,0,0.0,1,1,1,1,,0,1,0,1,1,0,0,0.6014963609093436,0.6665339102929217,0.5074034,0.531032514807477,0.45965347
2025-07-11 11:10:00,2025-07-11 12:00:00,-1,429.85,429.45,pivot,0.4000000000000341,0.125779,0.0742210000000341,2337.9615000010745,1.0,2025-07-11,429.7,430.15,429.5,0.0,429.35,429.75,429.35,0.0,2025,0.0,0.0,0.0,0.0,0.0,0.0,0.0,0.0,0.0,0.0,0.0,0.0,0.0,0.0,0.0,1.0,1.0,1.0,1,11,4,7,205.34480812795368,0.1708179713476533,-0.768666989158058,0.1708179713476533,0.8291820286523467,4.12283293746789e-05,2.3291120189725866e-05,0.0012403493383132,True,0.8291820286523467,0.1708179713476533,-0.768666989158058,1,0,0,0.0,1,1,1,1,,0,1,1,0,1,0,0,0.6583640573046934,0.768666989158058,0.50454515,0.5221421598412407,0.45448524
2025-07-15 10:35:00,2025-07-15 10:45:00,1,431.3,433.75,pivot,2.4499999999999886,0.1259515,2.1240484999999882,66907.52774999963,1.0,2025-07-15,432.4,432.6,431.3,0.0,433.55,434.15,433.2,0.0,2025,0.0,0.0,0.0,0.0,0.0,0.0,0.0,0.0,0.0,0.0,0.0,0.0,0.0,0.0,0.0,1.0,1.0,1.0,1,10,1,7,182.819523753485,0.1448769469899023,-0.8653566031836064,0.1448769469899023,0.8551230530100977,2.282900190704432e-05,1.367805251828618e-05,0.0012208740554147,True,0.1448769469899023,0.8551230530100977,0.8653566031836064,1,0,0,0.0,1,1,1,1,,0,1,1,0,1,0,0,-0.7102461060201954,0.8653566031836064,0.5254058,0.5443771660907498,0.4579513
2025-07-18 11:00:00,2025-07-18 11:25:00,-1,429.4,430.85,pivot,-1.4500000000000457,0.1258075,-1.7758075000000455,-55937.93625000143,1.0,2025-07-18,429.65,429.7,429.25,0.0,430.9,431.0,430.5,0.0,2025,0.0,0.0,0.0,0.0,0.0,0.0,0.0,0.0,0.0,0.0,0.0,0.0,0.0,0.0,0.0,1.0,1.0,1.0,0,11,4,7,145.13671611058183,0.1129670670645408,-0.9789199714879137,0.1129670670645408,0.8870329329354592,1.6818188754254798e-05,1.5293497170465117e-05,0.0012044207790894,True,0.8870329329354592,0.1129670670645408,-0.9789199714879137,1,0,0,0.0,1,1,1,1,,0,1,1,0,1,0,0,0.7740658658709183,0.9789199714879137,0.5056127,0.5037199293768845,0.4570635
2025-07-23 10:30:00,2025-07-23 12:10:00,-1,427.35,428.5,pivot,-1.1499999999999773,0.1256755,-1.4756754999999773,-46483.77824999928,1.0,2025-07-23,427.6,427.9,426.8,0.0,429.1,429.2,428.4,0.0,2025,0.0,0.0,0.0,0.0,0.0,0.0,0.0,0.0,0.0,0.0,0.0,0.0,0.0,0.0,0.0,1.0,1.0,1.0,0,10,2,7,3.6726523652340783,0.0057809554714762,-3.43751855739005,0.0057809554714762,0.9942190445285238,2.4812467284309543e-05,2.285101159505672e-05,0.0010936456027219,True,0.9942190445285238,0.0057809554714762,-3.43751855739005,1,0,0,0.0,1,1,1,1,,0,1,1,0,1,0,0,0.9884380890570477,3.43751855739005,0.50136817,0.6330761808194969,0.4662643
2025-07-24 12:35:00,2025-07-24 14:00:00,-1,430.95,430.8,pivot,0.1499999999999772,0.1258525,-0.17585250000002275,-5539.353750000717,1.0,2025-07-24,431.1,431.2,430.7,0.0,430.65,430.95,430.5,0.0,2025,0.0,0.0,0.0,0.0,0.0,0.0,0.0,0.0,0.0,0.0,0.0,0.0,0.0,0.0,0.0,1.0,1.0,1.0,0,12,3,7,72.32928744047827,0.9546737797382504,1.5196761806868824,0.9546737797382504,0.0453262202617497,1.7462810528364745e-05,6.333511112262315e-06,0.0011420352379819,True,0.0453262202617497,0.9546737797382504,1.5196761806868824,1,0,0,0.0,1,1,1,1,,0,1,0,1,1,0,0,-0.9093475594765007,1.5196761806868824,0.5047351,0.5310188164148824,0.47288162
2025-07-31 11:00:00,2025-07-31 11:50:00,-1,439.15,439.9,pivot,-0.75,0.1263715,-1.0763715,-33905.70225,1.0,2025-07-31,439.05,439.25,438.8,0.0,439.75,439.95,439.45,0.0,2025,0.0,0.0,0.0,0.0,0.0,0.0,0.0,0.0,0.0,0.0,0.0,0.0,0.0,0.0,0.0,1.0,1.0,1.0,0,11,3,7,215.27315679605863,0.1373973951758746,-0.8287627063580651,0.1373973951758746,0.8626026048241254,2.0555919240407625e-05,7.586953858875084e-06,0.0011077029418399,True,0.8626026048241254,0.1373973951758746,-0.8287627063580651,1,0,0,0.0,1,1,1,1,,0,1,1,0,1,0,0,0.7252052096482509,0.8287627063580651,0.50954944,0.5261848483972701,0.48197544
2025-07-31 13:45:00,2025-07-31 15:05:00,-1,437.35,437.7,pivot,-0.3499999999999659,0.1262515,-0.6762514999999659,-21301.922249998926,1.0,2025-07-31,437.35,437.5,437.25,0.0,437.6,437.8,437.6,0.0,2025,0.0,0.0,0.0,0.0,0.0,0.0,0.0,0.0,0.0,0.0,0.0,0.0,0.0,0.0,0.0,1.0,1.0,1.0,0,13,3,7,254.99910480674404,0.1636013001784469,-0.7290233277733665,0.1636013001784469,0.836398699821553,2.0555919240407625e-05,7.586953858875084e-06,0.0011077029418399,True,0.836398699821553,0.1636013001784469,-0.7290233277733665,1,0,0,0.0,1,1,1,1,,0,1,0,1,1,0,0,0.6727973996431061,0.7290233277733665,0.5125087,0.5051256836177771,0.47769666
2025-08-01 11:00:00,2025-08-01 11:25:00,-1,425.15,425.3,pivot,-0.1500000000000341,0.1255135,-0.475513500000034,-14978.675250001072,1.0,2025-08-01,425.7,426.05,425.05,0.0,425.55,425.75,425.2,0.0,2025,0.0,0.0,0.0,0.0,0.0,0.0,0.0,0.0,0.0,0.0,0.0,0.0,0.0,0.0,0.0,1.0,1.0,0.0,0,11,4,8,145.0547039805094,0.1006916777075308,-1.037174156260565,0.1006916777075308,0.8993083222924692,7.432705007039159e-06,-1.3668300127735554e-05,0.0011200589516472,True,0.8993083222924692,0.1006916777075308,-1.037174156260565,1,0,0,0.0,1,1,1,1,,0,1,1,0,1,0,0,0.7986166445849383,1.037174156260565,0.50722414,0.5751072253319992,0.47392693
2025-08-01 11:25:00,2025-08-01 11:45:00,1,425.3,426.2,pivot,0.8999999999999773,0.125545,0.5744549999999773,18095.332499999284,1.0,2025-08-01,425.55,425.75,425.2,0.0,426.0,426.4,425.7,0.0,2025,0.0,0.0,0.0,0.0,0.0,0.0,0.0,0.0,0.0,0.0,0.0,0.0,0.0,0.0,0.0,1.0,1.0,1.0,1,11,4,8,242.10406868859013,0.1681559187923705,-0.7222314228734804,0.1681559187923705,0.8318440812076294,7.432705007039159e-06,-1.3668300127735554e-05,0.0011200589516472,True,0.1681559187923705,0.8318440812076294,0.7222314228734804,1,0,0,0.0,1,1,1,1,,0,1,1,0,1,0,0,-0.663688162415259,0.7222314228734804,0.5044932,0.541410017987141,0.48211643
2025-08-18 11:00:00,2025-08-18 11:25:00,-1,430.55,430.3,pivot,0.25,0.1258255,-0.0758255,-2388.50325,1.0,2025-08-18,430.5,430.65,430.25,0.0,430.25,430.5,430.25,0.0,2025,0.0,0.0,0.0,0.0,0.0,0.0,0.0,0.0,0.0,0.0,0.0,0.0,0.0,0.0,0.0,1.0,1.0,1.0,0,11,0,8,296.73028985287425,0.1799958701549718,-0.6685822015666169,0.1799958701549718,0.8200041298450282,-4.649126768387958e-07,-5.228627112465925e-06,0.0010338759584047,True,0.8200041298450282,0.1799958701549718,-0.6685822015666169,1,0,0,0.0,1,1,1,1,,0,1,1,0,1,0,0,0.6400082596900565,0.6685822015666169,0.5040365,0.5486188616314023,0.47658357
2025-08-20 10:55:00,2025-08-20 11:25:00,1,418.75,419.55,pivot,0.8000000000000114,0.125149,0.4748510000000114,14957.806500000359,1.0,2025-08-20,418.35,419.3,418.15,0.0,419.85,419.9,419.0,0.0,2025,0.0,0.0,0.0,0.0,0.0,0.0,0.0,0.0,0.0,0.0,0.0,0.0,0.0,0.0,0.0,1.0,1.0,1.0,1,10,2,8,232.45537403563725,0.1431300993752892,-0.8010822255051155,0.1431300993752892,0.8568699006247108,-1.2981376191966113e-05,-1.908583611820604e-05,0.0010191038193572,True,0.1431300993752892,0.8568699006247108,0.8010822255051155,1,0,0,0.0,1,1,1,1,,0,1,1,0,1,0,0,-0.7137398012494216,0.8010822255051155,0.52664065,0.5739892367140176,0.48212948
2025-08-20 14:15:00,2025-08-20 15:45:00,-1,422.4,424.0,eod,-1.6000000000000227,0.125392,-1.9253920000000226,-60649.84800000071,1.0,2025-08-20,422.65,422.8,422.35,0.0,424.0,424.0,424.0,0.0,2025,0.0,0.0,0.0,0.0,0.0,0.0,0.0,0.0,0.0,0.0,0.0,0.0,0.0,0.0,0.0,1.0,1.0,1.0,0,14,2,8,40.78660143977001,0.9759382081591416,1.852690185688337,0.9759382081591416,0.0240617918408584,-3.254788283445415e-05,-3.955440686581918e-05,0.0010447047361929,True,0.0240617918408584,0.9759382081591416,1.852690185688337,1,0,0,0.0,1,1,1,1,,0,1,0,1,1,0,0,-0.9518764163182831,1.852690185688337,0.53802794,0.5206776628891663,0.48786324
2025-08-27 13:00:00,2025-08-27 15:45:00,-1,429.45,430.6,eod,-1.150000000000034,0.1258015,-1.4758015000000342,-46487.74725000108,1.0,2025-08-27,429.55,429.55,429.35,0.0,430.6,430.6,430.6,0.0,2025,0.0,0.0,0.0,0.0,0.0,0.0,0.0,0.0,0.0,0.0,0.0,0.0,0.0,0.0,0.0,1.0,1.0,1.0,0,13,2,8,420.8031497031053,0.7508698284772912,0.5262115935484866,0.7508698284772912,0.2491301715227087,-1.5903500352055856e-05,-2.0450660144393552e-05,0.0009242011279191,True,0.2491301715227087,0.7508698284772912,0.5262115935484866,1,0,0,0.0,1,1,1,1,,0,1,0,1,1,0,0,-0.5017396569545826,0.5262115935484866,0.50022024,0.5127195659745019,0.48382476
2025-09-11 10:40:00,2025-09-11 11:40:00,1,451.3,451.15,pivot,-0.1500000000000341,0.1270735,-0.4770735000000342,-15027.815250001076,1.0,2025-09-11,450.55,451.55,450.4,0.0,451.25,451.55,451.1,0.0,2025,0.0,0.0,0.0,0.0,0.0,0.0,0.0,0.0,0.0,0.0,0.0,0.0,0.0,0.0,0.0,1.0,1.0,1.0,0,10,3,9,6.139931821521867,0.004285557007533,-3.1830855699631986,0.004285557007533,0.9957144429924668,2.0349599210604727e-05,3.050948557386231e-05,0.0008091087698249,True,0.004285557007533,0.9957144429924668,3.1830855699631986,1,0,0,0.0,1,1,1,1,,0,1,1,0,1,0,0,-0.9914288859849338,3.1830855699631986,0.52671254,0.7376061507803514,0.461346
2025-10-13 10:40:00,2025-10-13 10:45:00,-1,499.55,500.6,pivot,-1.0500000000000114,0.1300045,-1.3800045000000114,-43470.14175000036,1.0,2025-10-13,500.6,500.7,499.5,0.0,501.65,501.7,500.6,0.0,2025,0.0,0.0,0.0,0.0,0.0,0.0,0.0,0.0,0.0,0.0,0.0,0.0,0.0,0.0,0.0,1.0,1.0,2.0,0,10,0,10,4.870808106765463,0.0029414001268118,-3.2888745458990307,0.0029414001268118,0.997058599873188,1.5783657179762074e-05,1.6886637694042588e-05,0.0009168454411587,True,0.997058599873188,0.0029414001268118,-3.2888745458990307,1,0,0,0.0,1,1,1,1,,0,1,1,0,1,0,0,0.9941171997463762,3.2888745458990307,0.51390827,0.6699672296552828,0.4603573
2025-10-13 10:45:00,2025-10-13 12:20:00,-1,500.6,499.25,pivot,1.3500000000000227,0.1299955,1.0200045000000229,32130.141750000723,1.0,2025-10-13,501.65,501.7,500.6,0.0,499.3,499.6,499.1,0.0,2025,0.0,0.0,0.0,0.0,0.0,0.0,0.0,0.0,0.0,0.0,0.0,0.0,0.0,0.0,0.0,1.0,1.0,2.0,1,10,0,10,20.634003070242983,0.9826193868070492,2.38087487091923,0.9826193868070492,0.0173806131929509,1.5783657179762074e-05,1.6886637694042588e-05,0.0009168454411587,True,0.0173806131929509,0.9826193868070492,2.38087487091923,1,0,0,0.0,1,1,1,1,,0,1,1,0,1,0,0,-0.9652387736140983,2.38087487091923,0.5225513,0.5309573506838022,0.46332097
2025-10-14 13:25:00,2025-10-14 13:40:00,1,498.0,495.45,pivot,-2.550000000000012,0.1298035,-2.8798035000000115,-90713.81025000036,1.0,2025-10-14,495.3,499.05,494.75,0.0,494.7,495.8,494.3,0.0,2025,0.0,0.0,0.0,0.0,0.0,0.0,0.0,0.0,0.0,0.0,0.0,0.0,0.0,0.0,0.0,1.0,0.0,0.0,0,13,1,10,562.3313007162906,0.4336763343411892,-0.124126236869055,0.4336763343411892,0.5663236656588109,1.526363514603271e-05,2.002898842598171e-05,0.000970186142635,True,0.4336763343411892,0.5663236656588109,0.124126236869055,1,0,0,0.0,1,1,1,1,,0,1,0,1,0,1,0,-0.1326473313176217,0.124126236869055,0.53045404,0.6461340913805821,0.47614056
2025-10-14 13:40:00,2025-10-14 14:05:00,1,495.45,496.75,pivot,1.3000000000000114,0.129766,0.9702340000000115,30562.371000000363,1.0,2025-10-14,494.7,495.8,494.3,0.0,497.6,497.7,496.3,0.0,2025,0.0,0.0,0.0,0.0,0.0,0.0,0.0,0.0,0.0,0.0,0.0,0.0,0.0,0.0,0.0,1.0,0.0,0.0,1,13,1,10,1.320006661264836,0.0030523583409474,-3.7585634934912737,0.0030523583409474,0.9969476416590526,1.526363514603271e-05,2.002898842598171e-05,0.000970186142635,True,0.0030523583409474,0.9969476416590526,3.7585634934912737,1,0,0,0.0,1,1,1,1,,0,1,0,1,0,1,0,-0.9938952833181052,3.7585634934912737,0.5962947,0.7655145302305459,0.47944096
2025-10-14 14:50:00,2025-10-14 15:00:00,-1,496.75,496.5,pivot,0.25,0.1297975,-0.07979750000000001,-2513.62125,1.0,2025-10-14,496.85,497.1,496.35,0.0,496.4,497.55,496.25,0.0,2025,0.0,0.0,0.0,0.0,0.0,0.0,0.0,0.0,0.0,0.0,0.0,0.0,0.0,0.0,0.0,1.0,1.0,1.0,0,14,1,10,47.58129079701787,0.9644473185637792,1.8485017797669343,0.9644473185637792,0.0355526814362207,1.526363514603271e-05,2.002898842598171e-05,0.000970186142635,True,0.0355526814362207,0.9644473185637792,1.8485017797669343,1,0,0,0.0,1,1,1,1,,0,1,0,1,1,0,0,-0.9288946371275585,1.8485017797669343,0.51280236,0.5408798331396681,0.46510983
2025-10-29 13:30:00,2025-10-29 13:55:00,1,568.3,565.75,pivot,-2.5499999999999545,0.1340215,-2.884021499999955,-90846.67724999858,1.0,2025-10-29,568.4,568.5,567.7,0.0,566.1,566.8,565.5,0.0,2025,0.0,0.0,0.0,0.0,0.0,0.0,0.0,0.0,0.0,0.0,0.0,0.0,0.0,0.0,0.0,1.0,1.0,1.0,0,13,2,10,40.37355824698994,0.0382194659790811,-1.7151510458196928,0.0382194659790811,0.9617805340209188,6.733446192160905e-05,8.477701665813022e-05,0.0013304391266676,True,0.0382194659790811,0.9617805340209188,1.7151510458196928,1,0,0,0.0,1,1,1,1,,0,1,0,1,1,0,0,-0.9235610680418377,1.7151510458196928,0.50420785,0.6566046948754507,0.45523244
2025-10-30 13:25:00,2025-10-30 13:50:00,1,574.35,575.95,pivot,1.6000000000000227,0.134509,1.265491000000023,39862.96650000072,1.0,2025-10-30,574.8,575.75,574.0,0.0,576.55,576.85,575.8,0.0,2025,0.0,0.0,0.0,0.0,0.0,0.0,0.0,0.0,0.0,0.0,0.0,0.0,0.0,0.0,0.0,1.0,1.0,0.0,1,13,3,10,21.563364627338373,0.0281155719045087,-1.991393297018573,0.0281155719045087,0.9718844280954912,7.02589247022912e-05,8.950528879175663e-05,0.0013984216666927,True,0.0281155719045087,0.9718844280954912,1.991393297018573,1,0,0,0.0,1,1,1,1,,0,1,0,1,1,0,0,-0.9437688561909825,1.991393297018573,0.5097879,0.6703519793260084,0.45636564
2025-11-19 15:25:00,2025-11-19 15:45:00,-1,553.45,553.45,eod,-0.0,0.133207,-0.333207,-10496.020499999999,1.0,2025-11-19,553.15,553.55,552.95,0.0,553.45,553.45,553.45,0.0,2025,0.0,0.0,0.0,0.0,0.0,0.0,0.0,0.0,0.0,0.0,0.0,0.0,0.0,0.0,0.0,1.0,1.0,1.0,0,15,2,11,254.88835571501977,0.5162932126905542,0.0184087127729213,0.5162932126905542,0.4837067873094458,-6.370545383502747e-05,-3.8150289981640993e-05,0.0020724039997929,True,0.4837067873094458,0.5162932126905542,0.0184087127729213,1,0,0,0.0,1,1,1,1,,0,1,0,0,1,0,0,-0.0325864253811084,0.0184087127729213,0.50661623,0.5090043520890664,0.45038316
2025-11-20 13:15:00,2025-11-20 13:50:00,-1,572.3,572.15,pivot,0.1499999999999772,0.1343335,-0.18433350000002272,-5806.505250000716,1.0,2025-11-20,571.95,572.35,571.7,0.0,572.1,572.35,571.85,0.0,2025,0.0,0.0,0.0,0.0,0.0,0.0,0.0,0.0,0.0,0.0,0.0,0.0,0.0,0.0,0.0,1.0,1.0,1.0,0,13,3,11,254.88835571501977,0.5162932126905542,0.0184087127729213,0.5162932126905542,0.4837067873094458,-6.370545383502747e-05,-3.8150289981640993e-05,0.0020724039997929,True,0.4837067873094458,0.5162932126905542,0.0184087127729213,1,0,0,0.0,1,1,1,1,,0,1,0,1,1,0,0,-0.0325864253811084,0.0184087127729213,0.5306445,0.5191593692616274,0.47170585
2025-11-21 10:40:00,2025-11-21 12:50:00,-1,542.55,541.65,pivot,0.8999999999999773,0.132526,0.5674739999999773,17875.430999999284,1.0,2025-11-21,544.15,544.35,542.35,0.0,540.95,541.85,540.8,0.0,2025,0.0,0.0,0.0,0.0,0.0,0.0,0.0,0.0,0.0,0.0,0.0,0.0,0.0,0.0,0.0,1.0,1.0,1.0,1,10,4,11,131.13287272399498,0.1766663215472808,-0.7576484677521692,0.1766663215472808,0.8233336784527192,-5.524186847029784e-05,-3.8946851517839546e-05,0.0020147906839194,True,0.8233336784527192,0.1766663215472808,-0.7576484677521692,1,0,0,0.0,1,1,1,1,,0,1,1,0,1,0,0,0.6466673569054384,0.7576484677521692,0.5440194,0.5423177284237323,0.48970485
2025-11-21 12:50:00,2025-11-21 15:45:00,1,541.65,541.3,eod,-0.3500000000000227,0.1324885,-0.6824885000000227,-21498.387750000715,1.0,2025-11-21,540.95,541.85,540.8,0.0,541.3,541.3,541.3,0.0,2025,0.0,0.0,0.0,0.0,0.0,0.0,0.0,0.0,0.0,0.0,0.0,0.0,0.0,0.0,0.0,1.0,1.0,1.0,0,12,4,11,130.85225668635383,0.1763039803506276,-0.7590102689485245,0.1763039803506276,0.8236960196493723,-5.524186847029784e-05,-3.8946851517839546e-05,0.0020147906839194,True,0.1763039803506276,0.8236960196493723,0.7590102689485245,1,0,0,0.0,1,1,1,1,,0,1,0,1,1,0,0,-0.6473920392987447,0.7590102689485245,0.5052163,0.538232910894434,0.48927173
2025-11-24 10:45:00,2025-11-24 11:15:00,-1,547.65,548.65,pivot,-1.0,0.132889,-1.332889,-41986.0035,1.0,2025-11-24,548.7,548.8,547.4,0.0,550.25,550.4,548.6,0.0,2025,0.0,0.0,0.0,0.0,0.0,0.0,0.0,0.0,0.0,0.0,0.0,0.0,0.0,0.0,0.0,1.0,1.0,1.0,0,10,0,11,29.82223307483812,0.0372252295572646,-1.7447952856460465,0.0372252295572646,0.9627747704427352,-5.524186847029784e-05,-3.8946851517839546e-05,0.0020147906839194,True,0.9627747704427352,0.0372252295572646,-1.7447952856460465,1,0,0,0.0,1,1,1,1,,0,1,1,0,1,0,0,0.9255495408854706,1.7447952856460465,0.51532483,0.6079696751977636,0.48774472
2025-11-25 11:25:00,2025-11-25 11:50:00,1,547.45,548.6,pivot,1.1499999999999773,0.1328815,0.8171184999999772,25739.232749999283,1.0,2025-11-25,546.75,547.7,546.5,0.0,549.25,549.25,548.2,0.0,2025,0.0,0.0,0.0,0.0,0.0,0.0,0.0,0.0,0.0,0.0,0.0,0.0,0.0,0.0,0.0,1.0,1.0,1.0,1,11,1,11,127.85946684760265,0.1770620331771973,-0.7544488079082675,0.1770620331771973,0.8229379668228027,-0.0001016515008907,-8.069411424989269e-05,0.0020703084903329,True,0.1770620331771973,0.8229379668228027,0.7544488079082675,1,0,0,0.0,1,1,1,1,,0,1,1,0,1,0,0,-0.6458759336456055,0.7544488079082675,0.5052163,0.5418144657917783,0.52759486
2025-11-25 11:50:00,2025-11-25 11:55:00,-1,548.6,549.2,pivot,-0.6000000000000227,0.132934,-0.9329340000000227,-29387.421000000715,1.0,2025-11-25,549.25,549.25,548.2,0.0,549.55,549.65,549.1,0.0,2025,0.0,0.0,0.0,0.0,0.0,0.0,0.0,0.0,0.0,0.0,0.0,0.0,0.0,0.0,0.0,1.0,1.0,1.0,0,11,1,11,128.22009249148738,0.1775255818190643,-0.7527148592240449,0.1775255818190643,0.8224744181809357,-0.0001016515008907,-8.069411424989269e-05,0.0020703084903329,True,0.8224744181809357,0.1775255818190643,-0.7527148592240449,1,0,0,0.0,1,1,1,1,,0,1,1,0,1,0,0,0.6449488363618714,0.7527148592240449,0.5133314,0.5427288215402797,0.5178128
2025-11-25 13:35:00,2025-11-25 13:50:00,1,543.45,543.95,pivot,0.5,0.132622,0.16737799999999997,5272.406999999999,1.0,2025-11-25,544.05,544.25,543.45,0.0,544.7,544.95,543.8,0.0,2025,0.0,0.0,0.0,0.0,0.0,0.0,0.0,0.0,0.0,0.0,0.0,0.0,0.0,0.0,0.0,1.0,1.0,0.0,1,13,1,11,148.66268924599115,0.7995202810697438,0.6615397518968369,0.7995202810697438,0.2004797189302561,-0.0001016515008907,-8.069411424989269e-05,0.0020703084903329,True,0.7995202810697438,0.2004797189302561,-0.6615397518968369,1,0,0,0.0,1,1,1,1,,0,1,0,1,1,0,0,0.5990405621394878,0.6615397518968369,0.51889884,0.5249842897214487,0.52119255
2025-11-25 14:40:00,2025-11-25 15:10:00,-1,545.25,546.0,pivot,-0.75,0.1327375,-1.0827375,-34106.23125,1.0,2025-11-25,545.5,545.75,544.9,0.0,545.5,546.1,545.4,0.0,2025,0.0,0.0,0.0,0.0,0.0,0.0,0.0,0.0,0.0,0.0,0.0,0.0,0.0,0.0,0.0,1.0,1.0,1.0,0,14,1,11,259.27495648005737,0.502585124788574,-0.0053186011467885,0.502585124788574,0.497414875211426,-0.0001016515008907,-8.069411424989269e-05,0.0020703084903329,True,0.497414875211426,0.502585124788574,-0.0053186011467885,1,0,0,0.0,1,1,1,1,,0,1,0,1,1,0,0,-0.005170249577147956,0.0053186011467885,0.5258154,0.5131286675072414,0.5245021
2025-11-27 11:30:00,2025-11-27 11:40:00,1,567.85,566.25,pivot,-1.6000000000000227,0.134023,-1.9340230000000227,-60921.72450000072,1.0,2025-11-27,566.55,567.9,566.55,0.0,565.0,566.3,564.85,0.0,2025,0.0,0.0,0.0,0.0,0.0,0.0,0.0,0.0,0.0,0.0,0.0,0.0,0.0,0.0,0.0,1.0,1.0,1.0,0,11,3,11,275.70709905046414,0.5221886192904441,0.0291682873594944,0.5221886192904441,0.4778113807095558,-8.008692842718327e-05,-5.5442089700404895e-05,0.0019007660277441,True,0.5221886192904441,0.4778113807095558,-0.0291682873594944,1,0,0,0.0,1,1,1,1,,0,1,1,0,1,0,0,0.04437723858088832,0.0291682873594944,0.5306445,0.5113069836680137,0.47155952
2025-11-27 14:25:00,2025-11-27 14:55:00,1,563.35,562.9,pivot,-0.4500000000000455,0.1337875,-0.7837875000000455,-24689.30625000143,1.0,2025-11-27,563.2,563.45,562.95,0.0,563.55,563.65,562.7,0.0,2025,0.0,0.0,0.0,0.0,0.0,0.0,0.0,0.0,0.0,0.0,0.0,0.0,0.0,0.0,0.0,1.0,1.0,1.0,0,14,3,11,286.3953742905931,0.5185167305381775,0.0206193108136024,0.5185167305381775,0.4814832694618225,-6.453110277468196e-05,-3.728907102643808e-05,0.0018084538015615,True,0.5185167305381775,0.4814832694618225,-0.0206193108136024,1,0,0,0.0,1,1,1,1,,0,1,0,1,1,0,0,0.03703346107635497,0.0206193108136024,0.53162783,0.5004101627428281,0.46570954
2025-11-28 13:20:00,2025-11-28 14:35:00,1,555.2,555.35,pivot,0.1499999999999772,0.1333165,-0.18331650000002275,-5774.469750000717,1.0,2025-11-28,554.95,555.3,554.9,0.0,555.45,555.65,555.3,0.0,2025,0.0,0.0,0.0,0.0,0.0,0.0,0.0,0.0,0.0,0.0,0.0,0.0,0.0,0.0,0.0,1.0,1.0,1.0,0,13,4,11,116.7504114690742,0.1416060107857841,-0.9248218675938394,0.1416060107857841,0.8583939892142158,-6.453110277468196e-05,-3.728907102643808e-05,0.0018084538015615,True,0.1416060107857841,0.8583939892142158,0.9248218675938394,1,0,0,0.0,1,1,1,1,,0,1,0,1,1,0,0,-0.7167879784284317,0.9248218675938394,0.50457674,0.5364361307475812,0.46747294
2025-12-16 13:55:00,2025-12-16 15:10:00,1,566.25,562.45,pivot,-3.7999999999999545,0.133861,-4.133860999999954,-130216.62149999855,1.0,2025-12-16,565.75,566.4,565.75,0.0,562.45,562.7,562.2,0.0,2025,0.0,0.0,0.0,0.0,0.0,0.0,0.0,0.0,0.0,0.0,0.0,0.0,0.0,0.0,0.0,1.0,1.0,1.0,0,13,1,12,394.580434323313,0.4709875129914034,-0.0590589560266937,0.4709875129914034,0.5290124870085966,-1.488325557842554e-05,-9.788011270908093e-06,0.0013291890167676,True,0.4709875129914034,0.5290124870085966,0.0590589560266937,1,0,0,0.0,1,1,1,1,,0,1,0,1,1,0,0,-0.0580249740171932,0.0590589560266937,0.5130362,0.5001520934044922,0.4542285
2025-12-17 10:55:00,2025-12-17 14:40:00,-1,566.35,568.7,pivot,-2.3500000000000227,0.1340515,-2.6840515000000225,-84547.62225000071,1.0,2025-12-17,567.55,567.7,566.15,0.0,569.95,570.1,568.65,0.0,2025,0.0,0.0,0.0,0.0,0.0,0.0,0.0,0.0,0.0,0.0,0.0,0.0,0.0,0.0,0.0,1.0,1.0,1.0,0,10,2,12,82.37738967252247,0.0610177476925089,-1.3198631322362593,0.0610177476925089,0.938982252307491,-1.488325557842554e-05,-9.788011270908093e-06,0.0013291890167676,True,0.938982252307491,0.0610177476925089,-1.3198631322362593,1,0,0,0.0,1,1,1,1,,0,1,1,0,1,0,0,0.8779645046149821,1.3198631322362593,0.50990164,0.5865654645633168,0.48475245
2025-12-18 10:55:00,2025-12-18 11:25:00,1,566.1,567.7,pivot,1.6000000000000227,0.134014,1.265986000000023,39878.55900000072,1.0,2025-12-18,566.9,567.6,566.1,0.0,567.8,568.0,566.8,0.0,2025,0.0,0.0,0.0,0.0,0.0,0.0,0.0,0.0,0.0,0.0,0.0,0.0,0.0,0.0,0.0,1.0,1.0,1.0,1,10,3,12,106.68816661627176,0.0716607424304676,-1.2272663820019998,0.0716607424304676,0.9283392575695324,-1.5451244810120165e-05,2.4474703422479546e-06,0.0012963853478042,True,0.0716607424304676,0.9283392575695324,1.2272663820019998,1,0,0,0.0,1,1,1,1,,0,1,1,0,1,0,0,-0.8566785151390648,1.2272663820019998,0.5148495,0.6252439174942261,0.49510115
2025-12-19 13:00:00,2025-12-19 13:40:00,1,571.9,571.0,pivot,-0.8999999999999773,0.134287,-1.2342869999999775,-38880.04049999929,1.0,2025-12-19,572.4,572.5,571.65,0.0,570.6,571.2,570.35,0.0,2025,0.0,0.0,0.0,0.0,0.0,0.0,0.0,0.0,0.0,0.0,0.0,0.0,0.0,0.0,0.0,1.0,1.0,1.0,0,13,4,12,264.22129558903873,0.2028547668737864,-0.6634148193302922,0.2028547668737864,0.7971452331262135,-3.0262634704310027e-05,-1.1078367102776435e-05,0.0013006866066512,True,0.2028547668737864,0.7971452331262135,0.6634148193302922,1,0,0,0.0,1,1,1,1,,0,1,0,1,1,0,0,-0.5942904662524271,0.6634148193302922,0.52045393,0.5255313097785453,0.49560517
2025-12-23 13:35:00,2025-12-23 15:05:00,1,586.75,585.75,pivot,-1.0,0.135175,-1.335175,-42058.0125,1.0,2025-12-23,586.95,587.1,586.45,0.0,584.8,585.75,584.7,0.0,2025,0.0,0.0,0.0,0.0,0.0,0.0,0.0,0.0,0.0,0.0,0.0,0.0,0.0,0.0,0.0,1.0,1.0,1.0,0,13,1,12,268.0263846088667,0.1961778258297926,-0.7312350836383928,0.1961778258297926,0.8038221741702073,-2.2082508870436724e-05,2.1001277122752888e-05,0.0011935834378586,True,0.1961778258297926,0.8038221741702073,0.7312350836383928,1,0,0,0.0,1,1,1,1,,0,1,0,1,1,0,0,-0.6076443483404147,0.7312350836383928,0.51210415,0.5511572008929103,0.49696422
2025-12-29 08:45:00,2025-12-29 10:40:00,1,595.6,603.45,pivot,7.850000000000023,0.1359715,7.514028500000022,236691.8977500007,1.0,2025-12-29,594.95,596.25,594.55,0.0,603.6,604.2,603.45,0.0,2025,0.0,0.0,0.0,0.0,0.0,0.0,0.0,0.0,0.0,0.0,0.0,0.0,0.0,0.0,0.0,2.0,1.0,1.0,1,8,0,12,156.97497786011576,0.0996669056273589,-1.1148954888876983,0.0996669056273589,0.9003330943726411,-3.4091437789669685e-05,4.6460900872780365e-06,0.0011437241158996,True,0.0996669056273589,0.9003330943726411,1.1148954888876983,1,0,0,0.0,1,1,1,1,,0,1,0,0,1,0,0,-0.8006661887452822,1.1148954888876983,0.5189341,0.5857105284820056,0.48904023
2025-12-30 14:45:00,2025-12-30 15:30:00,-1,607.9,607.65,pivot,0.25,0.1364665,-0.08646649999999999,-2723.6947499999997,1.0,2025-12-30,607.95,608.15,607.7,0.0,607.4,607.8,607.15,0.0,2025,0.0,0.0,0.0,0.0,0.0,0.0,0.0,0.0,0.0,0.0,0.0,0.0,0.0,0.0,0.0,1.0,1.0,1.0,0,14,1,12,445.8955628993407,0.514413890174717,-0.0065864331801282,0.514413890174717,0.485586109825283,-3.2116885869126754e-05,7.460528763580341e-06,0.001132711523756,True,0.485586109825283,0.514413890174717,-0.0065864331801282,1,0,0,0.0,1,1,1,1,,0,1,0,1,1,0,0,-0.02882778034943395,0.0065864331801282,0.5158181,0.5016641577128397,0.4877758
2026-01-05 15:00:00,2026-01-05 15:25:00,-1,647.5,648.75,pivot,-1.25,0.1388875,-1.5888875,-50049.95625,1.0,2026-01-05,647.85,648.15,647.25,0.0,649.0,649.3,648.55,0.0,2026,0.0,0.0,0.0,0.0,0.0,0.0,0.0,0.0,0.0,0.0,0.0,0.0,0.0,0.0,0.0,1.0,1.0,1.0,0,15,0,1,406.88141854049707,0.5812720921948297,0.1066147384986637,0.5812720921948297,0.4187279078051703,-3.4746710022980374e-05,3.1135617367196284e-05,0.00115654307384,True,0.4187279078051703,0.5812720921948297,0.1066147384986637,1,0,0,0.0,1,1,1,1,,0,1,0,0,1,0,0,-0.1625441843896594,0.1066147384986637,0.50523233,0.5066277544534143,0.46057495
2026-01-08 12:20:00,2026-01-08 12:25:00,1,670.45,669.75,pivot,-0.7000000000000455,0.140206,-1.0402060000000455,-32766.489000001435,1.0,2026-01-08,669.7,670.65,668.65,0.0,669.5,670.3,668.9,0.0,2026,0.0,0.0,0.0,0.0,0.0,0.0,0.0,0.0,0.0,0.0,0.0,0.0,0.0,0.0,0.0,1.0,1.0,0.0,0,12,3,1,12.506860251307163,0.0150749805274121,-2.3363780412718573,0.0150749805274121,0.9849250194725878,2.7867210116342785e-05,7.263949846256751e-05,0.0013059830166477,True,0.0150749805274121,0.9849250194725878,2.3363780412718573,1,0,0,0.0,1,1,1,1,,0,1,0,1,1,0,0,-0.9698500389451757,2.3363780412718573,0.50500154,0.659167406612114,0.4561429
2026-01-08 13:15:00,2026-01-08 13:55:00,-1,668.7,672.1,pivot,-3.3999999999999773,0.140224,-3.7402239999999773,-117817.05599999928,1.0,2026-01-08,670.75,670.85,668.7,0.0,672.8,672.95,671.85,0.0,2026,0.0,0.0,0.0,0.0,0.0,0.0,0.0,0.0,0.0,0.0,0.0,0.0,0.0,0.0,0.0,1.0,1.0,1.0,0,13,3,1,226.5633977036823,0.1722715285479863,-0.7423017817194916,0.1722715285479863,0.8277284714520137,2.7867210116342785e-05,7.263949846256751e-05,0.0013059830166477,True,0.8277284714520137,0.1722715285479863,-0.7423017817194916,1,0,0,0.0,1,1,1,1,,0,1,0,1,1,0,0,0.6554569429040273,0.7423017817194916,0.5118839,0.5173943113428628,0.46776563
2026-01-09 08:45:00,2026-01-09 10:30:00,1,663.9,661.1,pivot,-2.7999999999999545,0.13975,-3.139749999999954,-98902.12499999856,1.0,2026-01-09,664.8,666.2,662.25,0.0,659.65,661.1,659.3,0.0,2026,0.0,0.0,0.0,0.0,0.0,0.0,0.0,0.0,0.0,0.0,0.0,0.0,0.0,0.0,0.0,1.0,1.0,0.0,0,8,4,1,248.24466205020377,0.1888441851106206,-0.6892215342934375,0.1888441851106206,0.8111558148893794,2.7867210116342785e-05,7.263949846256751e-05,0.0013059830166477,True,0.1888441851106206,0.8111558148893794,0.6892215342934375,1,0,0,0.0,1,1,1,1,,0,1,0,0,1,0,0,-0.6223116297787588,0.6892215342934375,0.5333465,0.5926214983569431,0.49160627
2026-01-09 12:45:00,2026-01-09 13:30:00,-1,669.95,668.9,pivot,1.0500000000000682,0.1401655,0.7098345000000682,22359.78675000215,1.0,2026-01-09,668.7,670.25,668.55,0.0,670.7,670.8,668.85,0.0,2026,0.0,0.0,0.0,0.0,0.0,0.0,0.0,0.0,0.0,0.0,0.0,0.0,0.0,0.0,0.0,1.0,1.0,1.0,1,12,4,1,383.2062071826406,0.542031049459649,0.0460896300038452,0.542031049459649,0.457968950540351,4.147837044504242e-05,8.67760275737564e-05,0.0013560530653691,True,0.457968950540351,0.542031049459649,0.0460896300038452,1,0,0,0.0,1,1,1,1,,0,1,0,1,1,0,0,-0.08406209891929795,0.0460896300038452,0.51626694,0.5148268682450656,0.52733654
2026-01-09 13:30:00,2026-01-09 13:55:00,-1,668.9,668.4,pivot,0.5,0.140119,0.15988100000000002,5036.2515,1.0,2026-01-09,670.7,670.8,668.85,0.0,668.6,669.2,668.0,0.0,2026,0.0,0.0,0.0,0.0,0.0,0.0,0.0,0.0,0.0,0.0,0.0,0.0,0.0,0.0,0.0,1.0,1.0,1.0,1,13,4,1,391.8783567793425,0.5131037359571273,-0.0088707681247461,0.5131037359571273,0.4868962640428727,4.147837044504242e-05,8.67760275737564e-05,0.0013560530653691,True,0.4868962640428727,0.5131037359571273,-0.0088707681247461,1,0,0,0.0,1,1,1,1,,0,1,0,1,1,0,0,-0.026207471914254654,0.0088707681247461,0.51626694,0.5003487537669512,0.5374041
2026-01-12 10:35:00,2026-01-12 14:05:00,-1,676.95,674.65,pivot,2.300000000000068,0.140548,1.9594520000000684,61722.73800000215,1.0,2026-01-12,677.75,678.45,676.4,0.0,673.95,674.65,673.35,0.0,2026,0.0,0.0,0.0,0.0,0.0,0.0,0.0,0.0,0.0,0.0,0.0,0.0,0.0,0.0,0.0,1.0,1.0,1.0,1,10,0,1,217.1631445696644,0.788776457599439,0.6444248790619479,0.788776457599439,0.2112235424005609,4.147837044504242e-05,8.67760275737564e-05,0.0013560530653691,True,0.2112235424005609,0.788776457599439,0.6444248790619479,1,0,0,0.0,1,1,1,1,,0,1,1,0,1,0,0,-0.5775529151988781,0.6444248790619479,0.50355226,0.5033529586800213,0.5187793
2026-01-16 10:45:00,2026-01-16 10:55:00,-1,705.9,706.4,pivot,-0.5,0.142369,-0.842369,-26534.6235,1.0,2026-01-16,705.8,706.2,704.15,0.0,707.3,708.25,706.3,0.0,2026,0.0,0.0,0.0,0.0,0.0,0.0,0.0,0.0,0.0,0.0,0.0,0.0,0.0,0.0,0.0,1.0,1.0,2.0,0,10,4,1,217.67848867548892,0.7912818310203826,0.6405281582778594,0.7912818310203826,0.2087181689796173,7.969308676563832e-05,0.0001000603108904,0.0013926058534823,True,0.2087181689796173,0.7912818310203826,0.6405281582778594,1,0,0,0.0,1,1,1,1,,0,1,1,0,1,0,0,-0.5825636620407653,0.6405281582778594,0.50355226,0.5162416235384708,0.4917776
2026-01-16 10:55:00,2026-01-16 12:20:00,-1,706.4,707.5,pivot,-1.1000000000000227,0.142417,-1.4424170000000227,-45436.13550000072,1.0,2026-01-16,707.3,708.25,706.3,0.0,707.6,707.9,707.2,0.0,2026,0.0,0.0,0.0,0.0,0.0,0.0,0.0,0.0,0.0,0.0,0.0,0.0,0.0,0.0,0.0,1.0,1.0,1.0,0,10,4,1,251.10228796892252,0.757999821773477,0.5383272918287879,0.757999821773477,0.2420001782265229,7.969308676563832e-05,0.0001000603108904,0.0013926058534823,True,0.2420001782265229,0.757999821773477,0.5383272918287879,1,0,0,0.0,1,1,1,1,,0,1,1,0,1,0,0,-0.5159996435469542,0.5383272918287879,0.5073334,0.5015602130358747,0.46874738
2026-01-19 15:00:00,2026-01-19 15:45:00,-1,715.6,715.55,eod,0.0500000000000682,0.1429345,-0.2929344999999318,-9227.436749997853,1.0,2026-01-19,715.7,716.15,715.05,0.0,715.55,715.55,715.55,0.0,2026,0.0,0.0,0.0,0.0,0.0,0.0,0.0,0.0,0.0,0.0,0.0,0.0,0.0,0.0,0.0,1.0,1.0,1.0,0,15,0,1,336.8381322458965,0.6106809072349785,0.205096348776947,0.6106809072349785,0.3893190927650215,0.0001077607865721,0.0001269438880869,0.0014253950962017,True,0.3893190927650215,0.6106809072349785,0.205096348776947,1,0,0,0.0,1,1,1,1,,0,1,0,0,1,0,0,-0.22136181446995695,0.205096348776947,0.505763,0.506392757528839,0.46296704
2026-01-21 15:10:00,2026-01-21 15:45:00,-1,715.2,715.45,eod,-0.25,0.1429195,-0.5929195,-18676.96425,1.0,2026-01-21,715.25,715.5,714.8,0.0,715.45,715.45,715.45,0.0,2026,0.0,0.0,0.0,0.0,0.0,0.0,0.0,0.0,0.0,0.0,0.0,0.0,0.0,0.0,0.0,1.0,1.0,1.0,0,15,2,1,325.50993235689674,0.5523151745961971,0.099438859515016,0.5523151745961971,0.4476848254038029,0.0001216007544124,0.0001209882655306,0.0015956875060562,True,0.4476848254038029,0.5523151745961971,0.099438859515016,1,0,0,0.0,1,1,1,1,,0,1,0,0,1,0,0,-0.10463034919239417,0.099438859515016,0.51096904,0.5239199654967249,0.45546973
2026-01-26 10:50:00,2026-01-26 11:05:00,-1,721.65,724.35,pivot,-2.700000000000045,0.14338,-3.0433800000000457,-95866.47000000144,1.0,2026-01-26,724.05,724.45,721.1,0.0,723.55,725.4,723.2,0.0,2026,0.0,0.0,0.0,0.0,0.0,0.0,0.0,0.0,0.0,0.0,0.0,0.0,0.0,0.0,0.0,1.0,1.0,0.0,0,10,0,1,205.55147618962533,0.2483108810341882,-0.5557338762423754,0.2483108810341882,0.7516891189658118,0.0001042916098418,7.974528584579592e-05,0.0016388604390602,True,0.7516891189658118,0.2483108810341882,-0.5557338762423754,1,0,0,0.0,1,1,1,1,,0,1,1,0,1,0,0,0.5033782379316236,0.5557338762423754,0.53147644,0.5264391153726407,0.47699186
2026-01-30 11:35:00,2026-01-30 11:50:00,-1,765.85,768.85,pivot,-3.0,0.146041,-3.346041,-105400.2915,1.0,2026-01-30,767.5,770.05,765.6,0.0,770.6,771.4,768.85,0.0,2026,0.0,0.0,0.0,0.0,0.0,0.0,0.0,0.0,0.0,0.0,0.0,0.0,0.0,0.0,0.0,1.0,0.0,0.0,0,11,4,1,240.82225153986485,0.290245885988581,-0.4407893648539647,0.290245885988581,0.709754114011419,8.37236085530292e-05,7.389613306083635e-05,0.0016482019125042,True,0.709754114011419,0.290245885988581,-0.4407893648539647,1,0,0,0.0,1,1,1,1,,0,1,1,0,0,1,0,0.419508228022838,0.4407893648539647,0.56959355,0.6143332541764297,0.5133375
2026-01-30 11:50:00,2026-01-30 12:40:00,1,768.85,769.1,pivot,0.25,0.1461385,-0.09613849999999999,-3028.36275,1.0,2026-01-30,770.6,771.4,768.85,0.0,770.9,771.3,768.7,0.0,2026,0.0,0.0,0.0,0.0,0.0,0.0,0.0,0.0,0.0,0.0,0.0,0.0,0.0,0.0,0.0,1.0,1.0,0.0,0,11,4,1,306.8616616313157,0.5142565833806612,0.0340938987098711,0.5142565833806612,0.4857434166193388,8.37236085530292e-05,7.389613306083635e-05,0.0016482019125042,True,0.5142565833806612,0.4857434166193388,-0.0340938987098711,1,0,0,0.0,1,1,1,1,,0,1,1,0,1,0,0,0.028513166761322373,0.0340938987098711,0.5277901,0.5378450663809171,0.54564464
2026-02-02 11:45:00,2026-02-02 13:15:00,1,743.6,729.0,pivot,-14.600000000000025,0.144178,-14.944178000000022,-470741.6070000007,1.0,2026-02-02,740.35,743.95,740.25,0.0,736.3,736.7,728.8,0.0,2026,0.0,0.0,0.0,0.0,0.0,0.0,0.0,0.0,0.0,0.0,0.0,0.0,0.0,0.0,0.0,1.0,0.0,0.0,0,11,0,2,48.14172356681056,0.063196909154574,-1.465741504900612,0.063196909154574,0.936803090845426,8.641396874179285e-05,8.177334801203932e-05,0.0017052833241906,True,0.063196909154574,0.936803090845426,1.465741504900612,1,0,0,0.0,1,1,1,1,,0,1,1,0,0,1,0,-0.873606181690852,1.465741504900612,0.5413043,0.7263964757053374,0.53545964
2026-02-02 15:15:00,2026-02-02 15:45:00,1,725.05,722.6,eod,-2.449999999999932,0.1434295,-2.793429499999932,-87993.02924999785,1.0,2026-02-02,725.1,727.0,724.2,0.0,722.6,722.6,722.6,0.0,2026,0.0,0.0,0.0,0.0,0.0,0.0,0.0,0.0,0.0,0.0,0.0,0.0,0.0,0.0,0.0,1.0,1.0,0.0,0,15,0,2,293.1962456735798,0.4541745537349485,-0.0883938082916459,0.4541745537349485,0.5458254462650515,8.641396874179285e-05,8.177334801203932e-05,0.0017052833241906,True,0.4541745537349485,0.5458254462650515,0.0883938082916459,1,0,0,0.0,1,1,1,1,,0,1,0,0,1,0,0,-0.09165089253010295,0.0883938082916459,0.5360047,0.5478930919106912,0.5509101
2026-02-05 12:55:00,2026-02-05 13:20:00,1,755.0,753.15,pivot,-1.8500000000000227,0.1452445,-2.1952445000000225,-69150.2017500007,1.0,2026-02-05,753.3,755.2,753.2,0.0,753.35,754.75,752.75,0.0,2026,0.0,0.0,0.0,0.0,0.0,0.0,0.0,0.0,0.0,0.0,0.0,0.0,0.0,0.0,0.0,1.0,1.0,0.0,0,12,3,2,234.74776899079163,0.4081882956733336,-0.1926177325233647,0.4081882956733336,0.5918117043266664,5.289460424300975e-05,5.752032188535173e-05,0.0020174224592479,True,0.4081882956733336,0.5918117043266664,0.1926177325233647,1,0,0,0.0,1,1,1,1,,0,1,0,1,1,0,0,-0.18362340865333282,0.1926177325233647,0.54644233,0.5508936272589084,0.57344794
2026-02-05 15:30:00,2026-02-05 15:45:00,-1,756.25,759.45,eod,-3.200000000000045,0.145471,-3.545471000000046,-111682.33650000145,1.0,2026-02-05,758.7,759.3,756.15,0.0,759.45,759.45,759.45,0.0,2026,0.0,0.0,0.0,0.0,0.0,0.0,0.0,0.0,0.0,0.0,0.0,0.0,0.0,0.0,0.0,1.0,1.0,1.0,0,15,3,2,225.1305041236689,0.6114755964002191,0.233771173278471,0.6114755964002191,0.3885244035997809,5.289460424300975e-05,5.752032188535173e-05,0.0020174224592479,True,0.3885244035997809,0.6114755964002191,0.233771173278471,1,0,0,0.0,1,1,1,1,,0,1,0,0,1,0,0,-0.22295119280043818,0.233771173278471,0.5168871,0.5021492465953352,0.58842933
2026-02-09 12:05:00,2026-02-09 12:45:00,1,780.05,782.3,pivot,2.25,0.1468705,1.9031295000000004,59948.57925000001,1.0,2026-02-09,782.25,782.55,779.9,0.0,781.5,782.7,781.2,0.0,2026,0.0,0.0,0.0,0.0,0.0,0.0,0.0,0.0,0.0,0.0,0.0,0.0,0.0,0.0,0.0,1.0,1.0,1.0,1,12,0,2,223.74902043814217,0.5049140785078641,0.0020823390503885,0.5049140785078641,0.4950859214921359,4.216743096303528e-05,5.952200045666753e-05,0.0021987337573686,True,0.5049140785078641,0.4950859214921359,-0.0020823390503885,1,0,0,0.0,1,1,1,1,,0,1,0,1,1,0,0,0.009828157015728145,0.0020823390503885,0.52737564,0.5133513464012973,0.6096515
2026-02-09 14:05:00,2026-02-09 14:15:00,1,779.85,781.5,pivot,1.6499999999999773,0.1468405,1.3031594999999774,41049.52424999929,1.0,2026-02-09,780.55,780.6,779.65,0.0,782.6,783.05,781.4,0.0,2026,0.0,0.0,0.0,0.0,0.0,0.0,0.0,0.0,0.0,0.0,0.0,0.0,0.0,0.0,0.0,1.0,1.0,1.0,1,14,0,2,223.74888237936963,0.504917760967234,0.0020898159522665,0.504917760967234,0.495082239032766,4.216743096303528e-05,5.952200045666753e-05,0.0021987337573686,True,0.504917760967234,0.495082239032766,-0.0020898159522665,1,0,0,0.0,1,1,1,1,,0,1,0,1,1,0,0,0.009835521934467961,0.0020898159522665,0.52254325,0.5133513464012973,0.6355257
2026-02-10 11:50:00,2026-02-10 12:20:00,-1,783.8,783.4,pivot,0.3999999999999772,0.147016,0.052983999999977195,1668.9959999992816,1.0,2026-02-10,784.05,785.1,782.55,0.0,783.2,784.35,782.85,0.0,2026,0.0,0.0,0.0,0.0,0.0,0.0,0.0,0.0,0.0,0.0,0.0,0.0,0.0,0.0,0.0,1.0,1.0,1.0,1,11,1,2,221.9422385950228,0.5333157999568566,0.0599706330166285,0.5333157999568566,0.4666842000431433,4.216743096303528e-05,5.952200045666753e-05,0.0021987337573686,True,0.4666842000431433,0.5333157999568566,0.0599706330166285,1,0,0,0.0,1,1,1,1,,0,1,1,0,1,0,0,-0.06663159991371331,0.0599706330166285,0.52737564,0.5199527088140632,0.60053486
2026-02-10 14:30:00,2026-02-10 15:15:00,-1,784.2,782.5,pivot,1.7000000000000457,0.147001,1.3529990000000458,42619.46850000144,1.0,2026-02-10,785.3,785.65,783.8,0.0,781.7,782.5,781.45,0.0,2026,0.0,0.0,0.0,0.0,0.0,0.0,0.0,0.0,0.0,0.0,0.0,0.0,0.0,0.0,0.0,1.0,1.0,1.0,1,14,1,2,223.0291624870443,0.51909690391265,0.0309289929581228,0.51909690391265,0.48090309608735,4.216743096303528e-05,5.952200045666753e-05,0.0021987337573686,True,0.48090309608735,0.51909690391265,0.0309289929581228,1,0,0,0.0,1,1,1,1,,0,1,0,1,1,0,0,-0.038193807825299964,0.0309289929581228,0.52254325,0.5193820481556833,0.5804967
2026-02-11 11:10:00,2026-02-11 11:15:00,1,785.0,786.55,pivot,1.5499999999999543,0.1471465,1.2028534999999545,37889.885249998566,1.0,2026-02-11,786.5,786.9,784.7,0.0,787.7,787.75,786.55,0.0,2026,0.0,0.0,0.0,0.0,0.0,0.0,0.0,0.0,0.0,0.0,0.0,0.0,0.0,0.0,0.0,1.0,1.0,2.0,1,11,2,2,219.52939356581905,0.4271660363285078,-0.1686242659747784,0.4271660363285078,0.5728339636714921,1.0473667811730854e-05,4.8797904566600505e-05,0.0021776122300205,True,0.4271660363285078,0.5728339636714921,0.1686242659747784,1,0,0,0.0,1,1,1,1,,0,1,1,0,1,0,0,-0.14566792734298428,0.1686242659747784,0.51392055,0.5031218354834863,0.5569236
2026-02-11 12:10:00,2026-02-11 13:25:00,1,788.0,791.05,pivot,3.0499999999999545,0.1473715,2.702628499999954,85132.79774999856,1.0,2026-02-11,787.1,788.45,787.1,0.0,790.85,791.6,790.65,0.0,2026,0.0,0.0,0.0,0.0,0.0,0.0,0.0,0.0,0.0,0.0,0.0,0.0,0.0,0.0,0.0,1.0,1.0,1.0,1,12,2,2,218.1795833821547,0.5395706096751788,0.0650141211121486,0.5395706096751788,0.4604293903248212,1.0473667811730854e-05,4.8797904566600505e-05,0.0021776122300205,True,0.5395706096751788,0.4604293903248212,-0.0650141211121486,1,0,0,0.0,1,1,1,1,,0,1,0,1,1,0,0,0.07914121935035756,0.0650141211121486,0.51392055,0.5171136704419542,0.5626337
2026-02-11 13:55:00,2026-02-11 14:40:00,-1,790.65,790.05,pivot,0.6000000000000227,0.147421,0.25257900000002276,7956.238500000716,1.0,2026-02-11,790.95,791.25,790.65,0.0,788.65,790.1,788.65,0.0,2026,0.0,0.0,0.0,0.0,0.0,0.0,0.0,0.0,0.0,0.0,0.0,0.0,0.0,0.0,0.0,1.0,1.0,1.0,1,13,2,2,219.5889711989972,0.5255857657929379,0.0356722416685374,0.5255857657929379,0.4744142342070621,1.0473667811730854e-05,4.8797904566600505e-05,0.0021776122300205,True,0.4744142342070621,0.5255857657929379,0.0356722416685374,1,0,0,0.0,1,1,1,1,,0,1,0,1,1,0,0,-0.05117153158587584,0.0356722416685374,0.51392055,0.5231443721963402,0.57511663
2026-02-11 14:40:00,2026-02-11 15:45:00,-1,790.05,786.1,eod,3.949999999999932,0.1472845,3.6027154999999316,113485.53824999784,1.0,2026-02-11,788.65,790.1,788.65,0.0,786.1,786.1,786.1,0.0,2026,0.0,0.0,0.0,0.0,0.0,0.0,0.0,0.0,0.0,0.0,0.0,0.0,0.0,0.0,0.0,1.0,1.0,1.0,1,14,2,2,220.7865690840231,0.4415569152814072,-0.1386373490406799,0.4415569152814072,0.5584430847185928,1.0473667811730854e-05,4.8797904566600505e-05,0.0021776122300205,True,0.5584430847185928,0.4415569152814072,-0.1386373490406799,1,0,0,0.0,1,1,1,1,,0,1,0,1,1,0,0,0.1168861694371856,0.1386373490406799,0.5090787,0.5030138031133602,0.50913197
2026-02-13 12:20:00,2026-02-13 13:05:00,1,820.35,820.3,pivot,-0.0500000000000682,0.1492195,-0.3992195000000682,-12575.414250002148,1.0,2026-02-13,818.35,820.35,818.15,0.0,821.55,821.55,820.25,0.0,2026,0.0,0.0,0.0,0.0,0.0,0.0,0.0,0.0,0.0,0.0,0.0,0.0,0.0,0.0,0.0,1.0,1.0,1.0,0,12,4,2,223.59339082253427,0.4683372264686181,-0.0840056887337894,0.4683372264686181,0.5316627735313819,1.979171284746047e-05,5.991092923774357e-05,0.0021640827412759,True,0.4683372264686181,0.5316627735313819,0.0840056887337894,1,0,0,0.0,1,1,1,1,,0,1,0,1,1,0,0,-0.06332554706276383,0.0840056887337894,0.52737564,0.5124120867990496,0.45481598
2026-02-19 10:50:00,2026-02-19 12:15:00,-1,834.75,836.3,pivot,-1.5499999999999543,0.1501315,-1.9001314999999546,-59854.14224999857,1.0,2026-02-19,835.7,835.75,833.6,0.0,837.15,837.35,835.9,0.0,2026,0.0,0.0,0.0,0.0,0.0,0.0,0.0,0.0,0.0,0.0,0.0,0.0,0.0,0.0,0.0,1.0,1.0,1.0,0,10,3,2,224.5689203255324,0.5082487663587139,-0.007090749425395,0.5082487663587139,0.4917512336412861,2.322545406793003e-05,7.536549894530197e-05,0.0021805796148874,True,0.4917512336412861,0.5082487663587139,-0.007090749425395,1,0,0,0.0,1,1,1,1,,0,1,1,0,1,0,0,-0.016497532717427765,0.007090749425395,0.5582127,0.5196263066572473,0.4766589
2026-02-20 12:40:00,2026-02-20 12:45:00,1,853.25,853.3,pivot,0.0499999999999545,0.1511965,-0.3011965000000455,-9487.689750001433,1.0,2026-02-20,853.3,853.75,852.75,0.0,854.05,854.35,853.15,0.0,2026,0.0,0.0,0.0,0.0,0.0,0.0,0.0,0.0,0.0,0.0,0.0,0.0,0.0,0.0,0.0,1.0,1.0,1.0,0,12,4,2,221.75926365416052,0.542886185641371,0.0763490091864599,0.542886185641371,0.4571138143586289,4.272751025290762e-05,6.933753699165609e-05,0.0021624585608126,True,0.542886185641371,0.4571138143586289,-0.0763490091864599,1,0,0,0.0,1,1,1,1,,0,1,0,1,1,0,0,0.08577237128274212,0.0763490091864599,0.52737564,0.5133513464012973,0.45225555
2026-02-20 12:45:00,2026-02-20 14:10:00,1,853.3,858.2,pivot,4.900000000000091,0.151345,4.548655000000091,143282.63250000286,1.0,2026-02-20,854.05,854.35,853.15,0.0,857.05,858.5,856.95,0.0,2026,0.0,0.0,0.0,0.0,0.0,0.0,0.0,0.0,0.0,0.0,0.0,0.0,0.0,0.0,0.0,1.0,1.0,1.0,1,12,4,2,224.1924531098976,0.5167333091138774,0.0221328672924466,0.5167333091138774,0.4832666908861226,4.272751025290762e-05,6.933753699165609e-05,0.0021624585608126,True,0.5167333091138774,0.4832666908861226,-0.0221328672924466,1,0,0,0.0,1,1,1,1,,0,1,0,1,1,0,0,0.03346661822775476,0.0221328672924466,0.52737564,0.5133513464012973,0.45645443
2026-02-26 13:45:00,2026-02-26 14:15:00,-1,931.45,930.75,pivot,0.7000000000000455,0.155866,0.34413400000004546,10840.221000001431,1.0,2026-02-26,931.4,931.55,930.7,0.0,933.35,933.35,930.5,0.0,2026,0.0,0.0,0.0,0.0,0.0,0.0,0.0,0.0,0.0,0.0,0.0,0.0,0.0,0.0,0.0,1.0,1.0,1.0,1,13,3,2,231.3894884333829,0.6094407262484747,0.2082081654971183,0.6094407262484747,0.3905592737515253,8.551672248311187e-05,0.0001291728659837,0.001958605028171,True,0.3905592737515253,0.6094407262484747,0.2082081654971183,1,0,0,0.0,1,1,1,1,,0,1,0,1,1,0,0,-0.21888145249694935,0.2082081654971183,0.52737564,0.5105730361377842,0.5150808
2026-02-27 12:35:00,2026-02-27 12:45:00,-1,935.35,936.5,pivot,-1.1499999999999773,0.1561555,-1.5061554999999773,-47443.898249999285,1.0,2026-02-27,935.25,936.0,933.2,0.0,938.25,938.7,935.3,0.0,2026,0.0,0.0,0.0,0.0,0.0,0.0,0.0,0.0,0.0,0.0,0.0,0.0,0.0,0.0,0.0,1.0,1.0,2.0,0,12,4,2,242.20884333898303,0.3853339235063993,-0.25696572085668,0.3853339235063993,0.6146660764936007,8.551672248311187e-05,0.0001291728659837,0.001958605028171,True,0.6146660764936007,0.3853339235063993,-0.25696572085668,1,0,0,0.0,1,1,1,1,,0,1,0,1,1,0,0,0.22933215298720144,0.25696572085668,0.52737564,0.5140532033005907,0.5682583
2026-03-03 11:10:00,2026-03-03 11:40:00,1,902.35,898.75,pivot,-3.6000000000000227,0.154033,-3.954033000000023,-124552.03950000073,1.0,2026-03-03,900.3,903.0,899.65,0.0,896.8,900.45,896.7,0.0,2026,0.0,0.0,0.0,0.0,0.0,0.0,0.0,0.0,0.0,0.0,0.0,0.0,0.0,0.0,0.0,1.0,0.0,0.0,0,11,1,3,90.18800961831982,0.8783239714428421,1.0413826700271454,0.8783239714428421,0.1216760285571578,9.17139810189688e-05,0.0001302569107613,0.0020055209872097,True,0.8783239714428421,0.1216760285571578,-1.0413826700271454,1,0,0,0.0,1,1,1,1,,0,1,1,0,0,1,0,0.7566479428856844,1.0413826700271454,0.5520961,0.6217208029133229,0.60956883
2026-03-03 11:40:00,2026-03-03 12:15:00,1,898.75,890.4,pivot,-8.350000000000023,0.1536745,-8.703674500000021,-274165.7467500007,1.0,2026-03-03,896.8,900.45,896.7,0.0,889.55,893.65,889.15,0.0,2026,0.0,0.0,0.0,0.0,0.0,0.0,0.0,0.0,0.0,0.0,0.0,0.0,0.0,0.0,0.0,1.0,0.0,0.0,0,11,1,3,38.09993462326784,0.0493955726803065,-1.6438812078939595,0.0493955726803065,0.9506044273196936,9.17139810189688e-05,0.0001302569107613,0.0020055209872097,True,0.0493955726803065,0.9506044273196936,1.6438812078939595,1,0,0,0.0,1,1,1,1,,0,1,1,0,0,1,0,-0.9012088546393872,1.6438812078939595,0.5413043,0.7343397381166848,0.5735223
2026-03-03 12:45:00,2026-03-03 13:10:00,1,890.9,882.65,pivot,-8.25,0.1532065,-8.6032065,-271001.00475,1.0,2026-03-03,889.55,893.15,887.6,0.0,883.5,886.85,881.7,0.0,2026,0.0,0.0,0.0,0.0,0.0,0.0,0.0,0.0,0.0,0.0,0.0,0.0,0.0,0.0,0.0,1.0,1.0,0.0,0,12,1,3,187.57726347378912,0.2612340404540729,-0.5404014473926356,0.2612340404540729,0.738765959545927,9.17139810189688e-05,0.0001302569107613,0.0020055209872097,True,0.2612340404540729,0.738765959545927,0.5404014473926356,1,0,0,0.0,1,1,1,1,,0,1,0,1,1,0,0,-0.47753191909185416,0.5404014473926356,0.51007557,0.5198199056505491,0.55665886
2026-03-03 15:10:00,2026-03-03 15:45:00,1,865.2,859.6,eod,-5.600000000000023,0.151744,-5.951744000000023,-187479.93600000071,1.0,2026-03-03,863.4,865.65,862.8,0.0,859.6,859.6,859.6,0.0,2026,0.0,0.0,0.0,0.0,0.0,0.0,0.0,0.0,0.0,0.0,0.0,0.0,0.0,0.0,0.0,1.0,0.0,0.0,0,15,1,3,11.359542589509218,0.0090538755986263,-2.47973499834675,0.0090538755986263,0.9909461244013736,9.17139810189688e-05,0.0001302569107613,0.0020055209872097,True,0.0090538755986263,0.9909461244013736,2.47973499834675,1,0,0,0.0,1,1,1,1,,0,1,0,0,0,1,0,-0.9818922488027474,2.47973499834675,0.56240606,0.7352243550118982,0.54638344
2026-03-04 10:25:00,2026-03-04 10:30:00,1,809.35,807.25,pivot,-2.1000000000000227,0.148498,-2.448498000000023,-77127.68700000072,1.0,2026-03-04,807.4,810.25,806.1,0.0,805.0,808.1,802.5,0.0,2026,0.0,0.0,0.0,0.0,0.0,0.0,0.0,0.0,0.0,0.0,0.0,0.0,0.0,0.0,0.0,1.0,0.0,0.0,0,10,2,3,13.066022598470983,0.016421586423109,-2.077189739926342,0.016421586423109,0.983578413576891,4.32141998336322e-05,6.182190897546455e-05,0.0024026075546275,True,0.016421586423109,0.983578413576891,2.077189739926342,1,0,0,0.0,1,1,1,1,,0,1,1,0,0,1,0,-0.967156827153782,2.077189739926342,0.5543389,0.7081305914697675,0.5486978
2026-03-04 10:30:00,2026-03-04 11:10:00,-1,807.25,796.8,pivot,10.450000000000044,0.1481215,10.101878500000046,318209.1727500014,1.0,2026-03-04,805.0,808.1,802.5,0.0,796.3,802.55,794.6,0.0,2026,0.0,0.0,0.0,0.0,0.0,0.0,0.0,0.0,0.0,0.0,0.0,0.0,0.0,0.0,0.0,1.0,0.0,0.0,1,10,2,3,63.100960414074216,0.0917235100898351,-1.132582480087266,0.0917235100898351,0.9082764899101649,4.32141998336322e-05,6.182190897546455e-05,0.0024026075546275,True,0.9082764899101649,0.0917235100898351,-1.132582480087266,1,0,0,0.0,1,1,1,1,,0,1,1,0,0,1,0,0.8165529798203297,1.132582480087266,0.5232338,0.7057823966573726,0.55493075
2026-03-04 12:00:00,2026-03-04 12:05:00,-1,782.7,769.05,pivot,13.650000000000093,0.1465525,13.303447500000091,419058.59625000285,1.0,2026-03-04,768.85,782.8,768.5,0.0,788.0,788.5,764.55,0.0,2026,0.0,0.0,0.0,0.0,0.0,0.0,0.0,0.0,0.0,0.0,0.0,0.0,0.0,0.0,0.0,1.0,0.0,0.0,1,12,2,3,120.1186672780072,0.186041924905729,-0.6898256067257406,0.186041924905729,0.813958075094271,4.32141998336322e-05,6.182190897546455e-05,0.0024026075546275,True,0.813958075094271,0.186041924905729,-0.6898256067257406,1,0,0,0.0,1,1,1,1,,0,1,0,1,0,1,0,0.627916150188542,0.6898256067257406,0.5474139,0.6673789539241144,0.55418646
2026-03-04 12:05:00,2026-03-04 12:30:00,1,769.05,761.25,pivot,-7.799999999999954,0.145909,-8.145908999999955,-256596.13349999857,1.0,2026-03-04,788.0,788.5,764.55,0.0,754.5,763.5,754.45,0.0,2026,0.0,0.0,0.0,0.0,0.0,0.0,0.0,0.0,0.0,0.0,0.0,0.0,0.0,0.0,0.0,1.0,0.0,0.0,0,12,2,3,0.2447145635819778,0.0,-7.509826327833841,0.0,1.0,4.32141998336322e-05,6.182190897546455e-05,0.0024026075546275,True,0.0,1.0,7.509826327833841,1,0,0,0.0,1,1,1,1,,0,1,0,1,0,1,0,-1.0,7.509826327833841,0.53713113,0.7108670528473254,0.5582173
2026-03-04 12:30:00,2026-03-04 13:00:00,1,761.25,795.0,pivot,33.75,0.1466875,33.4033125,1052204.34375,1.0,2026-03-04,754.5,763.5,754.45,0.0,791.45,797.45,785.9,0.0,2026,0.0,0.0,0.0,0.0,0.0,0.0,0.0,0.0,0.0,0.0,0.0,0.0,0.0,0.0,0.0,1.0,0.0,0.0,1,12,2,3,1.654666110018462,0.0023780560046907,-3.5374211249572807,0.0023780560046907,0.9976219439953092,4.32141998336322e-05,6.182190897546455e-05,0.0024026075546275,True,0.0023780560046907,0.9976219439953092,3.5374211249572807,1,0,0,0.0,1,1,1,1,,0,1,0,1,0,1,0,-0.9952438879906186,3.5374211249572807,0.53713113,0.7108670528473254,0.5565797
2026-03-04 13:00:00,2026-03-04 13:05:00,-1,795.0,791.5,pivot,3.5,0.147595,3.1524050000000003,99300.7575,1.0,2026-03-04,791.45,797.45,785.9,0.0,800.1,800.1,791.5,0.0,2026,0.0,0.0,0.0,0.0,0.0,0.0,0.0,0.0,0.0,0.0,0.0,0.0,0.0,0.0,0.0,1.0,2.0,0.0,1,13,2,3,3.4104249286845056e-20,0.999165973273926,7.797681751630423,0.999165973273926,0.0008340267260741,4.32141998336322e-05,6.182190897546455e-05,0.0024026075546275,True,0.0008340267260741,0.999165973273926,7.797681751630423,1,0,0,0.0,1,1,1,1,,0,1,0,1,0,0,0,-0.9983319465478518,7.797681751630423,0.50000083,0.5223653562880214,0.57449734
2026-03-04 14:30:00,2026-03-04 14:55:00,1,765.1,776.1,pivot,11.0,0.146236,10.653763999999999,335593.566,1.0,2026-03-04,762.7,765.25,759.4,0.0,770.5,777.75,770.1,0.0,2026,0.0,0.0,0.0,0.0,0.0,0.0,0.0,0.0,0.0,0.0,0.0,0.0,0.0,0.0,0.0,1.0,0.0,0.0,1,14,2,3,11.837933348913632,0.0152873604742346,-2.114607202874757,0.0152873604742346,0.9847126395257652,4.32141998336322e-05,6.182190897546455e-05,0.0024026075546275,True,0.0152873604742346,0.9847126395257652,2.114607202874757,1,0,0,0.0,1,1,1,1,,0,1,0,1,0,1,0,-0.9694252790515305,2.114607202874757,0.56240606,0.7153035132654096,0.6012556
2026-03-04 15:00:00,2026-03-04 15:25:00,-1,770.3,749.85,pivot,20.44999999999993,0.1456045,20.10439549999993,633288.4582499978,1.0,2026-03-04,762.95,770.3,762.55,0.0,756.95,757.3,749.5,0.0,2026,0.0,0.0,0.0,0.0,0.0,0.0,0.0,0.0,0.0,0.0,0.0,0.0,0.0,0.0,0.0,1.0,0.0,0.0,1,15,2,3,2.5890336185185165,0.0047383765889883,-3.1202767102160416,0.0047383765889883,0.9952616234110117,4.32141998336322e-05,6.182190897546455e-05,0.0024026075546275,True,0.9952616234110117,0.0047383765889883,-3.1202767102160416,1,0,0,0.0,1,1,1,1,,0,1,0,0,0,1,0,0.9905232468220233,3.1202767102160416,0.51409775,0.70618970883481,0.6518204
2026-03-04 15:25:00,2026-03-04 15:45:00,-1,749.85,761.4,eod,-11.549999999999956,0.1453375,-11.895337499999956,-374703.1312499986,1.0,2026-03-04,756.95,757.3,749.5,0.0,761.4,761.4,761.4,0.0,2026,0.0,0.0,0.0,0.0,0.0,0.0,0.0,0.0,0.0,0.0,0.0,0.0,0.0,0.0,0.0,1.0,0.0,0.0,0,15,2,3,9.692273394503696,0.0134536480363012,-2.1845821147216355,0.0134536480363012,0.9865463519636988,4.32141998336322e-05,6.182190897546455e-05,0.0024026075546275,True,0.9865463519636988,0.0134536480363012,-2.1845821147216355,1,0,0,0.0,1,1,1,1,,0,1,0,0,0,1,0,0.9730927039273976,2.1845821147216355,0.537132,0.7222415081623509,0.6540615
2026-03-05 13:25:00,2026-03-05 15:10:00,1,829.45,829.2,pivot,-0.25,0.1497595,-0.5997595000000001,-18892.424250000004,1.0,2026-03-05,831.4,832.45,828.85,0.0,831.55,834.7,828.75,0.0,2026,0.0,0.0,0.0,0.0,0.0,0.0,0.0,0.0,0.0,0.0,0.0,0.0,0.0,0.0,0.0,1.0,1.0,0.0,0,13,3,3,78.7366247984029,0.8830856181762098,0.7487803162706315,0.8830856181762098,0.1169143818237902,3.294412368800298e-05,-1.942055130268935e-05,0.0032492653733775,True,0.8830856181762098,0.1169143818237902,-0.7487803162706315,1,0,0,0.0,1,1,1,1,,0,1,0,1,1,0,0,0.7661712363524196,0.7487803162706315,0.5234777,0.5169537046933521,0.6425748
2026-03-05 15:10:00,2026-03-05 15:45:00,-1,829.2,820.0,eod,9.200000000000044,0.149476,8.850524000000046,278791.50600000145,1.0,2026-03-05,831.55,834.7,828.75,0.0,820.0,820.0,820.0,0.0,2026,0.0,0.0,0.0,0.0,0.0,0.0,0.0,0.0,0.0,0.0,0.0,0.0,0.0,0.0,0.0,1.0,0.0,1.0,1,15,3,3,10.88893614203969,0.0278462423386844,-1.714763097235349,0.0278462423386844,0.9721537576613156,3.294412368800298e-05,-1.942055130268935e-05,0.0032492653733775,True,0.9721537576613156,0.0278462423386844,-1.714763097235349,1,0,0,0.0,1,1,1,1,,0,1,0,0,0,1,0,0.9443075153226312,1.714763097235349,0.58914834,0.7216970364891467,0.59368646
2026-03-09 10:30:00,2026-03-09 11:05:00,-1,755.2,750.95,pivot,4.25,0.1451845,3.9048155,123001.68825,1.0,2026-03-09,754.9,757.35,754.45,0.0,758.45,761.9,750.85,0.0,2026,0.0,0.0,0.0,0.0,0.0,0.0,0.0,0.0,0.0,0.0,0.0,0.0,0.0,0.0,0.0,1.0,0.0,1.0,1,10,0,3,22.264091658632545,0.0546835971264968,-1.3171961738680351,0.0546835971264968,0.9453164028735032,2.989935927432016e-05,-2.2148976144304302e-05,0.0034435069382985,True,0.9453164028735032,0.0546835971264968,-1.3171961738680351,1,0,0,0.0,1,1,1,1,,0,1,1,0,0,1,0,0.8906328057470063,1.3171961738680351,0.6128101,0.6547290096289972,0.5834965
2026-03-09 12:45:00,2026-03-09 13:10:00,-1,757.5,758.95,pivot,-1.4500000000000457,0.1454935,-1.7954935000000454,-56558.04525000143,1.0,2026-03-09,757.7,758.55,756.25,0.0,757.4,760.0,756.6,0.0,2026,0.0,0.0,0.0,0.0,0.0,0.0,0.0,0.0,0.0,0.0,0.0,0.0,0.0,0.0,0.0,1.0,1.0,1.0,0,12,0,3,76.47086647878022,0.1518419468406437,-0.6636006168163332,0.1518419468406437,0.8481580531593562,2.989935927432016e-05,-2.2148976144304302e-05,0.0034435069382985,True,0.8481580531593562,0.1518419468406437,-0.6636006168163332,1,0,0,0.0,1,1,1,1,,0,1,0,1,1,0,0,0.6963161063187125,0.6636006168163332,0.50869066,0.5029547614293481,0.5552224
2026-03-09 13:35:00,2026-03-09 14:35:00,1,756.0,774.3,pivot,18.299999999999955,0.145909,17.954090999999956,565553.8664999986,1.0,2026-03-09,753.9,756.95,753.9,0.0,771.75,776.65,769.85,0.0,2026,0.0,0.0,0.0,0.0,0.0,0.0,0.0,0.0,0.0,0.0,0.0,0.0,0.0,0.0,0.0,1.0,1.0,0.0,1,13,0,3,151.70400312365302,0.2850850489653516,-0.3198726763256053,0.2850850489653516,0.7149149510346484,2.989935927432016e-05,-2.2148976144304302e-05,0.0034435069382985,True,0.2850850489653516,0.7149149510346484,0.3198726763256053,1,0,0,0.0,1,1,1,1,,0,1,0,1,1,0,0,-0.42982990206929683,0.3198726763256053,0.5157794,0.5235811507625496,0.52473956
2026-03-09 14:35:00,2026-03-09 15:10:00,-1,774.3,768.7,pivot,5.599999999999909,0.14629,5.253709999999909,165491.86499999714,1.0,2026-03-09,771.75,776.65,769.85,0.0,770.3,771.15,767.9,0.0,2026,0.0,0.0,0.0,0.0,0.0,0.0,0.0,0.0,0.0,0.0,0.0,0.0,0.0,0.0,0.0,1.0,2.0,2.0,1,14,0,3,17.17640614408741,0.9592364662474104,1.375807410761285,0.9592364662474104,0.0407635337525896,3.746748150715008e-05,-6.276583710700366e-06,0.0036271551713259,True,0.0407635337525896,0.9592364662474104,1.375807410761285,1,0,0,0.0,1,1,1,1,,0,1,0,1,0,0,0,-0.9184729324948209,1.375807410761285,0.5161522,0.5138166328950219,0.5169308
2026-03-10 11:40:00,2026-03-10 11:45:00,1,826.35,822.85,pivot,-3.5,0.149476,-3.849476,-121258.494,1.0,2026-03-10,822.85,826.95,822.6,0.0,820.1,823.75,819.7,0.0,2026,0.0,0.0,0.0,0.0,0.0,0.0,0.0,0.0,0.0,0.0,0.0,0.0,0.0,0.0,0.0,1.0,1.0,1.0,0,11,1,3,188.6744912984564,0.5158582794402619,0.0350978445012756,0.5158582794402619,0.4841417205597381,3.746748150715008e-05,-6.276583710700366e-06,0.0036271551713259,True,0.5158582794402619,0.4841417205597381,-0.0350978445012756,1,0,0,0.0,1,1,1,1,,0,1,1,0,1,0,0,0.03171655888052377,0.0350978445012756,0.5231263,0.5102472712547125,0.52059186
2026-03-10 11:45:00,2026-03-10 12:30:00,1,822.85,816.85,pivot,-6.0,0.149191,-6.349191,-199999.5165,1.0,2026-03-10,820.1,823.75,819.7,0.0,814.4,817.4,814.3,0.0,2026,0.0,0.0,0.0,0.0,0.0,0.0,0.0,0.0,0.0,0.0,0.0,0.0,0.0,0.0,0.0,1.0,0.0,1.0,0,11,1,3,29.80635041525996,0.0754822479758025,-1.1517850449471834,0.0754822479758025,0.9245177520241976,3.746748150715008e-05,-6.276583710700366e-06,0.0036271551713259,True,0.0754822479758025,0.9245177520241976,1.1517850449471834,1,0,0,0.0,1,1,1,1,,0,1,1,0,0,1,0,-0.8490355040483951,1.1517850449471834,0.61842155,0.677490553935596,0.5169033
2026-03-10 12:30:00,2026-03-10 13:00:00,1,816.85,810.45,pivot,-6.399999999999977,0.148819,-6.748818999999977,-212587.79849999928,1.0,2026-03-10,814.4,817.4,814.3,0.0,807.3,811.9,806.65,0.0,2026,0.0,0.0,0.0,0.0,0.0,0.0,0.0,0.0,0.0,0.0,0.0,0.0,0.0,0.0,0.0,1.0,0.0,0.0,0,12,1,3,59.04090917419265,0.1338815467719076,-0.773413107849927,0.1338815467719076,0.8661184532280923,3.746748150715008e-05,-6.276583710700366e-06,0.0036271551713259,True,0.1338815467719076,0.8661184532280923,0.773413107849927,1,0,0,0.0,1,1,1,1,,0,1,0,1,0,1,0,-0.7322369064561847,0.773413107849927,0.60932034,0.6962132418615411,0.50293136
2026-03-10 13:00:00,2026-03-10 13:10:00,1,810.45,810.5,pivot,0.0499999999999545,0.1486285,-0.2986285000000454,-9406.797750001431,1.0,2026-03-10,807.3,811.9,806.65,0.0,813.85,814.35,810.25,0.0,2026,0.0,0.0,0.0,0.0,0.0,0.0,0.0,0.0,0.0,0.0,0.0,0.0,0.0,0.0,0.0,1.0,0.0,0.0,0,13,1,3,100.62310516947578,0.20982950102468,-0.5080665927307985,0.20982950102468,0.79017049897532,3.746748150715008e-05,-6.276583710700366e-06,0.0036271551713259,True,0.20982950102468,0.79017049897532,0.5080665927307985,1,0,0,0.0,1,1,1,1,,0,1,0,1,0,1,0,-0.58034099795064,0.5080665927307985,0.6307432,0.6500257202365844,0.49700356
2026-03-10 13:30:00,2026-03-10 14:05:00,-1,815.05,820.35,pivot,-5.300000000000068,0.149062,-5.649062000000067,-177945.45300000213,1.0,2026-03-10,815.6,817.55,814.4,0.0,819.4,821.2,817.65,0.0,2026,0.0,0.0,0.0,0.0,0.0,0.0,0.0,0.0,0.0,0.0,0.0,0.0,0.0,0.0,0.0,1.0,1.0,1.0,0,13,1,3,69.70042360183068,0.1533210564935321,-0.6908727514691961,0.1533210564935321,0.8466789435064679,3.746748150715008e-05,-6.276583710700366e-06,0.0036271551713259,True,0.8466789435064679,0.1533210564935321,-0.6908727514691961,1,0,0,0.0,1,1,1,1,,0,1,0,1,1,0,0,0.6933578870129358,0.6908727514691961,0.50869066,0.5029547614293481,0.52950925
2026-03-10 14:05:00,2026-03-10 14:30:00,-1,820.35,816.85,pivot,3.5,0.149116,3.150884,99252.846,1.0,2026-03-10,819.4,821.2,817.65,0.0,818.55,819.2,816.5,0.0,2026,0.0,0.0,0.0,0.0,0.0,0.0,0.0,0.0,0.0,0.0,0.0,0.0,0.0,0.0,0.0,1.0,1.0,1.0,1,14,1,3,16.87684585356288,0.9596807421210964,1.3830035076200682,0.9596807421210964,0.0403192578789036,3.746748150715008e-05,-6.276583710700366e-06,0.0036271551713259,True,0.0403192578789036,0.9596807421210964,1.3830035076200682,1,0,0,0.0,1,1,1,1,,0,1,0,1,1,0,0,-0.9193614842421929,1.3830035076200682,0.5161522,0.5146639471948363,0.58798623
2026-03-11 13:05:00,2026-03-11 13:20:00,-1,851.9,853.7,pivot,-1.8000000000000682,0.151168,-2.151168000000068,-67761.79200000214,1.0,2026-03-11,851.15,852.4,851.0,0.0,854.05,854.15,853.2,0.0,2026,0.0,0.0,0.0,0.0,0.0,0.0,0.0,0.0,0.0,0.0,0.0,0.0,0.0,0.0,0.0,1.0,1.0,1.0,0,13,2,3,70.49833584406483,0.1604007428788332,-0.7055124873795657,0.1604007428788332,0.8395992571211668,2.554170528514081e-05,-3.939324954543832e-06,0.0037330792387524,True,0.8395992571211668,0.1604007428788332,-0.7055124873795657,1,0,0,0.0,1,1,1,1,,0,1,0,1,1,0,0,0.6791985142423336,0.7055124873795657,0.50869066,0.5029547614293481,0.6013705
2026-03-11 13:20:00,2026-03-11 14:15:00,-1,853.7,848.35,pivot,5.350000000000023,0.1510615,4.998938500000023,157466.5627500007,1.0,2026-03-11,854.05,854.15,853.2,0.0,846.7,848.9,846.4,0.0,2026,0.0,0.0,0.0,0.0,0.0,0.0,0.0,0.0,0.0,0.0,0.0,0.0,0.0,0.0,0.0,1.0,1.0,1.0,1,13,2,3,174.41479898861954,0.5573482579874892,0.0952062800131207,0.5573482579874892,0.4426517420125108,2.554170528514081e-05,-3.939324954543832e-06,0.0037330792387524,True,0.4426517420125108,0.5573482579874892,0.0952062800131207,1,0,0,0.0,1,1,1,1,,0,1,0,1,1,0,0,-0.11469651597497843,0.0952062800131207,0.5231263,0.5192413540354335,0.60339904
2026-03-11 14:50:00,2026-03-11 15:05:00,1,838.45,831.65,pivot,-6.800000000000068,0.150103,-7.150103000000067,-225228.24450000213,1.0,2026-03-11,832.5,840.15,832.05,0.0,834.0,834.85,829.0,0.0,2026,0.0,0.0,0.0,0.0,0.0,0.0,0.0,0.0,0.0,0.0,0.0,0.0,0.0,0.0,0.0,2.0,0.0,0.0,0,14,2,3,124.46638031838356,0.7619963410240528,0.4487133942646343,0.7619963410240528,0.2380036589759472,2.554170528514081e-05,-3.939324954543832e-06,0.0037330792387524,True,0.7619963410240528,0.2380036589759472,-0.4487133942646343,1,0,0,0.0,1,1,1,1,,0,1,0,1,0,1,0,0.5239926820481056,0.4487133942646343,0.6453773,0.662824656505856,0.5937701
2026-03-11 15:05:00,2026-03-11 15:20:00,1,831.65,833.15,pivot,1.5,0.149944,1.1500560000000002,36226.764,1.0,2026-03-11,834.0,834.85,829.0,0.0,830.6,834.7,830.35,0.0,2026,0.0,0.0,0.0,0.0,0.0,0.0,0.0,0.0,0.0,0.0,0.0,0.0,0.0,0.0,0.0,2.0,0.0,0.0,1,15,2,3,28.416857690150223,0.939579545624252,1.179240750744883,0.939579545624252,0.060420454375748,2.554170528514081e-05,-3.939324954543832e-06,0.0037330792387524,True,0.939579545624252,0.060420454375748,-1.179240750744883,1,0,0,0.0,1,1,1,1,,0,1,0,0,0,1,0,0.8791590912485041,1.179240750744883,0.62198764,0.6251195945366546,0.5608164
2026-03-11 15:20:00,2026-03-11 15:45:00,-1,833.15,837.5,eod,-4.350000000000023,0.1501195,-4.700119500000023,-148053.7642500007,1.0,2026-03-11,830.6,834.7,830.35,0.0,837.5,837.5,837.5,0.0,2026,0.0,0.0,0.0,0.0,0.0,0.0,0.0,0.0,0.0,0.0,0.0,0.0,0.0,0.0,0.0,2.0,0.0,0.0,0,15,2,3,24.09866886693872,0.0588415901222425,-1.3298658161820152,0.0588415901222425,0.9411584098777576,2.554170528514081e-05,-3.939324954543832e-06,0.0037330792387524,True,0.9411584098777576,0.0588415901222425,-1.3298658161820152,1,0,0,0.0,1,1,1,1,,0,1,0,0,0,1,0,0.882316819755515,1.3298658161820152,0.6156461,0.7481169595743887,0.5342226
2026-03-12 10:55:00,2026-03-12 11:45:00,-1,828.25,823.5,pivot,4.75,0.1495525,4.400447499999999,138614.09624999997,1.0,2026-03-12,829.6,829.9,828.1,0.0,820.8,824.0,820.4,0.0,2026,0.0,0.0,0.0,0.0,0.0,0.0,0.0,0.0,0.0,0.0,0.0,0.0,0.0,0.0,0.0,1.0,1.0,1.0,1,10,3,3,82.51252880365361,0.1965615003916279,-0.6015307559840741,0.1965615003916279,0.8034384996083721,2.788844124525146e-05,-1.486609651883976e-05,0.0037849709640833,True,0.8034384996083721,0.1965615003916279,-0.6015307559840741,1,0,0,0.0,1,1,1,1,,0,1,1,0,1,0,0,0.6068769992167442,0.6015307559840741,0.53212297,0.5757867018592646,0.5569596
2026-03-12 11:45:00,2026-03-12 12:15:00,-1,823.5,820.5,pivot,3.0,0.14932,2.65068,83496.42,1.0,2026-03-12,820.8,824.0,820.4,0.0,822.5,822.75,820.4,0.0,2026,0.0,0.0,0.0,0.0,0.0,0.0,0.0,0.0,0.0,0.0,0.0,0.0,0.0,0.0,0.0,1.0,1.0,0.0,1,11,3,3,140.45957326326277,0.7116036914332484,0.3570971197094703,0.7116036914332484,0.2883963085667516,2.788844124525146e-05,-1.486609651883976e-05,0.0037849709640833,True,0.2883963085667516,0.7116036914332484,0.3570971197094703,1,0,0,0.0,1,1,1,1,,0,1,1,0,1,0,0,-0.42320738286649684,0.3570971197094703,0.5081541,0.6010494374469014,0.54055965
2026-03-12 12:45:00,2026-03-12 13:15:00,1,819.25,821.25,pivot,2.0,0.149215,1.6507849999999997,51999.72749999999,1.0,2026-03-12,819.75,821.05,818.9,0.0,824.65,824.8,821.25,0.0,2026,0.0,0.0,0.0,0.0,0.0,0.0,0.0,0.0,0.0,0.0,0.0,0.0,0.0,0.0,0.0,1.0,1.0,0.0,1,12,3,3,163.16850598036464,0.4442529432454821,-0.076673580523236,0.4442529432454821,0.555747056754518,2.788844124525146e-05,-1.486609651883976e-05,0.0037849709640833,True,0.4442529432454821,0.555747056754518,0.076673580523236,1,0,0,0.0,1,1,1,1,,0,1,0,1,1,0,0,-0.11149411350903587,0.076673580523236,0.5135401,0.5623232963142341,0.5145793
2026-03-12 13:15:00,2026-03-12 13:45:00,1,821.25,821.9,pivot,0.6499999999999773,0.1492945,0.30070549999997725,9472.223249999284,1.0,2026-03-12,824.65,824.8,821.25,0.0,822.1,823.6,821.65,0.0,2026,0.0,0.0,0.0,0.0,0.0,0.0,0.0,0.0,0.0,0.0,0.0,0.0,0.0,0.0,0.0,1.0,1.0,1.0,1,13,3,3,169.63664233140025,0.5471394947971058,0.0843718449337712,0.5471394947971058,0.4528605052028942,2.788844124525146e-05,-1.486609651883976e-05,0.0037849709640833,True,0.5471394947971058,0.4528605052028942,-0.0843718449337712,1,0,0,0.0,1,1,1,1,,0,1,0,1,1,0,0,0.09427898959421155,0.0843718449337712,0.5231263,0.5294719454769539,0.50742114
2026-03-12 14:10:00,2026-03-12 14:15:00,1,825.95,826.55,pivot,0.599999999999909,0.149575,0.250424999999909,7888.387499997134,1.0,2026-03-12,826.6,827.65,825.45,0.0,823.9,827.55,823.5,0.0,2026,0.0,0.0,0.0,0.0,0.0,0.0,0.0,0.0,0.0,0.0,0.0,0.0,0.0,0.0,0.0,1.0,1.0,1.0,1,14,3,3,169.64411281276577,0.5468504094115515,0.0839236743640704,0.5468504094115515,0.4531495905884485,2.788844124525146e-05,-1.486609651883976e-05,0.0037849709640833,True,0.5468504094115515,0.4531495905884485,-0.0839236743640704,1,0,0,0.0,1,1,1,1,,0,1,0,1,1,0,0,0.093700818823103,0.0839236743640704,0.51829016,0.5294719454769539,0.49412864
2026-03-12 15:00:00,2026-03-12 15:15:00,-1,823.85,823.65,eod,0.2000000000000454,0.149425,-0.1494249999999545,-4706.887499998567,1.0,2026-03-12,823.65,824.05,823.1,0.0,823.65,824.2,823.2,0.0,2026,0.0,0.0,0.0,0.0,0.0,0.0,0.0,0.0,0.0,0.0,0.0,0.0,0.0,0.0,0.0,1.0,1.0,1.0,0,15,3,3,168.6556090828751,0.4952677107834363,0.0039276646135223,0.4952677107834363,0.5047322892165637,2.788844124525146e-05,-1.486609651883976e-05,0.0037849709640833,True,0.5047322892165637,0.4952677107834363,0.0039276646135223,1,0,0,0.0,1,1,1,1,,0,1,0,0,1,0,0,0.009464578433127369,0.0039276646135223,0.5050937,0.5181752311172854,0.49685368
2026-03-13 11:05:00,2026-03-13 11:35:00,-1,821.35,817.15,pivot,4.2000000000000455,0.149155,3.850845000000045,121301.61750000142,1.0,2026-03-13,820.25,821.55,818.85,0.0,815.0,817.75,814.7,0.0,2026,0.0,0.0,0.0,0.0,0.0,0.0,0.0,0.0,0.0,0.0,0.0,0.0,0.0,0.0,0.0,1.0,1.0,2.0,1,11,4,3,86.45225353231159,0.829637761261489,0.6318514164769943,0.829637761261489,0.1703622387385109,2.788844124525146e-05,-1.486609651883976e-05,0.0037849709640833,True,0.1703622387385109,0.829637761261489,0.6318514164769943,1,0,0,0.0,1,1,1,1,,0,1,1,0,1,0,0,-0.6592755225229782,0.6318514164769943,0.5042308,0.5040580821619971,0.48179248
2026-03-13 11:35:00,2026-03-13 13:00:00,1,817.15,816.3,pivot,-0.8500000000000227,0.1490035,-1.1990035000000228,-37768.61025000072,1.0,2026-03-13,815.0,817.75,814.7,0.0,815.65,817.3,815.2,0.0,2026,0.0,0.0,0.0,0.0,0.0,0.0,0.0,0.0,0.0,0.0,0.0,0.0,0.0,0.0,0.0,1.0,1.0,1.0,0,11,4,3,157.90291460110993,0.4144740673100795,-0.1253379825787576,0.4144740673100795,0.5855259326899205,2.788844124525146e-05,-1.486609651883976e-05,0.0037849709640833,True,0.4144740673100795,0.5855259326899205,0.1253379825787576,1,0,0,0.0,1,1,1,1,,0,1,1,0,1,0,0,-0.17105186537984096,0.1253379825787576,0.5231263,0.5064440115061762,0.46899754
2026-03-13 13:00:00,2026-03-13 13:25:00,-1,816.3,810.4,pivot,5.899999999999977,0.148801,5.551198999999977,174862.76849999928,1.0,2026-03-13,815.65,817.3,815.2,0.0,809.15,811.35,809.1,0.0,2026,0.0,0.0,0.0,0.0,0.0,0.0,0.0,0.0,0.0,0.0,0.0,0.0,0.0,0.0,0.0,1.0,1.0,1.0,1,13,4,3,163.91104210941654,0.4836452869240659,-0.0162749003987953,0.4836452869240659,0.5163547130759341,3.7648908380406576e-05,7.68320484854443e-07,0.0038104493718268,True,0.5163547130759341,0.4836452869240659,-0.0162749003987953,1,0,0,0.0,1,1,1,1,,0,1,0,1,1,0,0,0.03270942615186817,0.0162749003987953,0.5231263,0.5175859805646731,0.45714924
2026-03-13 13:25:00,2026-03-13 14:00:00,1,810.4,810.55,pivot,0.1499999999999772,0.1486285,-0.19862850000002275,-6256.797750000716,1.0,2026-03-13,809.15,811.35,809.1,0.0,810.5,811.9,810.4,0.0,2026,0.0,0.0,0.0,0.0,0.0,0.0,0.0,0.0,0.0,0.0,0.0,0.0,0.0,0.0,0.0,1.0,1.0,0.0,0,13,4,3,73.78787563559355,0.1768068376956355,-0.6794601652963583,0.1768068376956355,0.8231931623043645,3.7648908380406576e-05,7.68320484854443e-07,0.0038104493718268,True,0.1768068376956355,0.8231931623043645,0.6794601652963583,1,0,0,0.0,1,1,1,1,,0,1,0,1,1,0,0,-0.6463863246087289,0.6794601652963583,0.5022613,0.5864498209471443,0.45507732
2026-03-17 13:30:00,2026-03-17 14:15:00,1,849.2,853.5,pivot,4.2999999999999545,0.151081,3.9489189999999557,124390.9484999986,1.0,2026-03-17,850.8,850.9,849.2,0.0,853.6,854.15,853.35,0.0,2026,0.0,0.0,0.0,0.0,0.0,0.0,0.0,0.0,0.0,0.0,0.0,0.0,0.0,0.0,0.0,1.0,1.0,1.0,1,13,1,3,153.78946752505072,0.4603983546950244,-0.057607321200325,0.4603983546950244,0.5396016453049757,1.7434924413756686e-05,-1.4580447861913866e-05,0.0038344733753614,True,0.4603983546950244,0.5396016453049757,0.057607321200325,1,0,0,0.0,1,1,1,1,,0,1,0,1,1,0,0,-0.0792032906099513,0.057607321200325,0.5231263,0.5261403413770984,0.45254546
2026-03-20 14:45:00,2026-03-20 15:25:00,1,865.45,863.05,pivot,-2.400000000000091,0.151855,-2.751855000000091,-86683.43250000286,1.0,2026-03-20,866.25,866.55,865.45,0.0,861.75,863.25,861.05,0.0,2026,0.0,0.0,0.0,0.0,0.0,0.0,0.0,0.0,0.0,0.0,0.0,0.0,0.0,0.0,0.0,1.0,1.0,1.0,0,14,4,3,158.30797090891204,0.5914977970272289,0.1590314434084222,0.5914977970272289,0.408502202972771,7.370105420965154e-06,-2.9178774131359785e-05,0.0038175673906853,True,0.5914977970272289,0.408502202972771,-0.1590314434084222,1,0,0,0.0,1,1,1,1,,0,1,0,1,1,0,0,0.18299559405445792,0.1590314434084222,0.51829016,0.5030233769379694,0.4539863
2026-03-23 10:25:00,2026-03-23 10:35:00,1,814.6,815.15,pivot,0.5499999999999545,0.1488925,0.20110749999995453,6334.886249998568,1.0,2026-03-23,814.25,816.15,813.65,0.0,819.65,819.65,812.9,0.0,2026,0.0,0.0,0.0,0.0,0.0,0.0,0.0,0.0,0.0,0.0,0.0,0.0,0.0,0.0,0.0,1.0,1.0,0.0,1,10,0,3,131.95142470686352,0.7240329939397264,0.3938058877460905,0.7240329939397264,0.2759670060602736,7.370105420965154e-06,-2.9178774131359785e-05,0.0038175673906853,True,0.7240329939397264,0.2759670060602736,-0.3938058877460905,1,0,0,0.0,1,1,1,1,,0,1,1,0,1,0,0,0.44806598787945284,0.3938058877460905,0.5160908,0.5657280180464181,0.4658353
2026-03-23 14:45:00,2026-03-23 15:30:00,-1,805.25,804.9,pivot,0.3500000000000227,0.1483045,0.001695500000022736,53.40825000071618,1.0,2026-03-23,802.5,805.25,802.4,0.0,803.65,805.9,803.5,0.0,2026,0.0,0.0,0.0,0.0,0.0,0.0,0.0,0.0,0.0,0.0,0.0,0.0,0.0,0.0,0.0,1.0,1.0,1.0,1,14,0,3,67.40996768973012,0.1572363050051049,-0.7615489037869867,0.1572363050051049,0.8427636949948951,-3.738803653299857e-05,-7.876367889264873e-05,0.0038041679968976,True,0.8427636949948951,0.1572363050051049,-0.7615489037869867,1,0,0,0.0,1,1,1,1,,0,1,0,1,1,0,0,0.6855273899897902,0.7615489037869867,0.5259849,0.5550739586936174,0.4582633
2026-03-24 10:30:00,2026-03-24 12:30:00,1,821.4,825.85,pivot,4.4500000000000455,0.1494175,4.100582500000045,129168.34875000143,1.0,2026-03-24,818.95,821.45,816.6,0.0,821.45,826.05,821.0,0.0,2026,0.0,0.0,0.0,0.0,0.0,0.0,0.0,0.0,0.0,0.0,0.0,0.0,0.0,0.0,0.0,1.0,1.0,0.0,1,10,1,3,116.1849940957038,0.7691372756348417,0.4851244147063585,0.7691372756348417,0.2308627243651583,-3.738803653299857e-05,-7.876367889264873e-05,0.0038041679968976,True,0.7691372756348417,0.2308627243651583,-0.4851244147063585,1,0,0,0.0,1,1,1,1,,0,1,1,0,1,0,0,0.5382745512696834,0.4851244147063585,0.52517146,0.5693503678531652,0.4589024
2026-04-07 13:40:00,2026-04-07 13:55:00,1,816.85,818.55,pivot,1.6999999999999318,0.149062,1.3509379999999318,42554.54699999785,1.0,2026-04-07,818.4,818.55,816.8,0.0,817.1,819.2,817.05,0.0,2026,0.0,0.0,0.0,0.0,0.0,0.0,0.0,0.0,0.0,0.0,0.0,0.0,0.0,0.0,0.0,1.0,1.0,1.0,1,13,1,4,98.60799065772378,0.1658622461741584,-0.8444578811788698,0.1658622461741584,0.8341377538258415,3.44200606337748e-06,-4.633399721115786e-05,0.0025515707596449,True,0.1658622461741584,0.8341377538258415,0.8444578811788698,1,0,0,0.0,1,1,1,1,,0,1,0,1,1,0,0,-0.6682755076516831,0.8444578811788698,0.5001133,0.5026595514949774,0.46230265
2026-04-07 14:30:00,2026-04-07 15:00:00,-1,815.25,821.95,pivot,-6.7000000000000455,0.149116,-7.049116000000046,-222047.15400000144,1.0,2026-04-07,816.35,817.0,813.95,0.0,823.25,823.95,820.8,0.0,2026,0.0,0.0,0.0,0.0,0.0,0.0,0.0,0.0,0.0,0.0,0.0,0.0,0.0,0.0,0.0,1.0,1.0,1.0,0,14,1,4,89.43298902100291,0.1481254510796617,-0.9180885654018788,0.1481254510796617,0.8518745489203383,3.44200606337748e-06,-4.633399721115786e-05,0.0025515707596449,True,0.8518745489203383,0.1481254510796617,-0.9180885654018788,1,0,0,0.0,1,1,1,1,,0,1,0,1,1,0,0,0.7037490978406766,0.9180885654018788,0.5129576,0.5080779871930917,0.46626818
2026-04-08 12:10:00,2026-04-08 14:10:00,-1,880.9,890.5,pivot,-9.600000000000025,0.153142,-9.953142000000025,-313523.97300000075,1.0,2026-04-08,881.75,882.75,880.75,0.0,891.1,891.9,890.1,0.0,2026,0.0,0.0,0.0,0.0,0.0,0.0,0.0,0.0,0.0,0.0,0.0,0.0,0.0,0.0,0.0,1.0,1.0,1.0,0,12,2,4,185.8093689761789,0.5099149535309556,0.0404010256746889,0.5099149535309556,0.4900850464690444,3.44200606337748e-06,-4.633399721115786e-05,0.0025515707596449,True,0.4900850464690444,0.5099149535309556,0.0404010256746889,1,0,0,0.0,1,1,1,1,,0,1,0,1,1,0,0,-0.019829907061911234,0.0404010256746889,0.52738434,0.5192413540354335,0.46528807
2026-04-08 14:10:00,2026-04-08 14:45:00,-1,890.5,884.8,pivot,5.7000000000000455,0.153259,5.346741000000046,168422.34150000144,1.0,2026-04-08,891.1,891.9,890.1,0.0,886.0,888.15,884.5,0.0,2026,0.0,0.0,0.0,0.0,0.0,0.0,0.0,0.0,0.0,0.0,0.0,0.0,0.0,0.0,0.0,1.0,1.0,1.0,1,14,2,4,92.86871547723736,0.1492635693601703,-0.91207156126625,0.1492635693601703,0.8507364306398296,-2.269060783992101e-05,-5.545731170078225e-05,0.0025831380097881,True,0.8507364306398296,0.1492635693601703,-0.91207156126625,1,0,0,0.0,1,1,1,1,,0,1,0,1,1,0,0,0.7014728612796594,0.91207156126625,0.516034,0.5105586398127314,0.47692588
2026-04-08 14:45:00,2026-04-08 15:45:00,-1,884.8,884.55,eod,0.25,0.1530805,-0.10308050000000002,-3247.0357500000005,1.0,2026-04-08,886.0,888.15,884.5,0.0,884.55,884.55,884.55,0.0,2026,0.0,0.0,0.0,0.0,0.0,0.0,0.0,0.0,0.0,0.0,0.0,0.0,0.0,0.0,0.0,1.0,1.0,1.0,0,14,2,4,182.01554574130748,0.483481600560567,-0.0222765577008515,0.483481600560567,0.516518399439433,-2.269060783992101e-05,-5.545731170078225e-05,0.0025831380097881,True,0.516518399439433,0.483481600560567,-0.0222765577008515,1,0,0,0.0,1,1,1,1,,0,1,0,1,1,0,0,0.033036798878866014,0.0222765577008515,0.52562386,0.5038053399884065,0.5072081
2026-04-09 10:40:00,2026-04-09 10:55:00,1,870.75,873.1,pivot,2.3500000000000227,0.1523155,1.997684500000023,62927.06175000072,1.0,2026-04-09,869.35,871.1,869.15,0.0,875.15,875.4,872.65,0.0,2026,0.0,0.0,0.0,0.0,0.0,0.0,0.0,0.0,0.0,0.0,0.0,0.0,0.0,0.0,0.0,1.0,1.0,1.0,1,10,3,4,90.25573464347006,0.1442251173560895,-0.9332744187042612,0.1442251173560895,0.8557748826439104,-2.269060783992101e-05,-5.545731170078225e-05,0.0025831380097881,True,0.1442251173560895,0.8557748826439104,0.9332744187042612,1,0,0,0.0,1,1,1,1,,0,1,1,0,1,0,0,-0.7115497652878209,0.9332744187042612,0.5262516,0.5390705943515398,0.5326891
2026-04-09 14:10:00,2026-04-09 14:15:00,1,867.25,868.25,pivot,1.0,0.152065,0.6479349999999999,20409.9525,1.0,2026-04-09,868.2,868.45,866.45,0.0,870.7,870.95,868.15,0.0,2026,0.0,0.0,0.0,0.0,0.0,0.0,0.0,0.0,0.0,0.0,0.0,0.0,0.0,0.0,0.0,1.0,1.0,1.0,1,14,3,4,181.14703069148527,0.4852785627300437,-0.0189944539502878,0.4852785627300437,0.5147214372699562,-3.4434299844844614e-05,-6.647624866274464e-05,0.0025700903179865,True,0.4852785627300437,0.5147214372699562,0.0189944539502878,1,0,0,0.0,1,1,1,1,,0,1,0,1,1,0,0,-0.02944287453991251,0.0189944539502878,0.535555,0.5038053399884065,0.54744774
2026-04-09 14:55:00,2026-04-09 15:00:00,-1,867.2,868.4,pivot,-1.1999999999999318,0.152068,-1.5520679999999318,-48890.14199999785,1.0,2026-04-09,868.5,868.5,866.8,0.0,868.8,870.3,867.85,0.0,2026,0.0,0.0,0.0,0.0,0.0,0.0,0.0,0.0,0.0,0.0,0.0,0.0,0.0,0.0,0.0,1.0,1.0,1.0,0,14,3,4,100.33566262881072,0.1597839305720176,-0.8705040856480604,0.1597839305720176,0.8402160694279823,-3.4434299844844614e-05,-6.647624866274464e-05,0.0025700903179865,True,0.8402160694279823,0.1597839305720176,-0.8705040856480604,1,0,0,0.0,1,1,1,1,,0,1,0,1,1,0,0,0.6804321388559648,0.8705040856480604,0.5259849,0.5106936013838631,0.55349874
2026-04-09 15:00:00,2026-04-09 15:45:00,-1,868.4,867.05,eod,1.3500000000000227,0.1520635,0.997936500000023,31434.999750000723,1.0,2026-04-09,868.8,870.3,867.85,0.0,867.05,867.05,867.05,0.0,2026,0.0,0.0,0.0,0.0,0.0,0.0,0.0,0.0,0.0,0.0,0.0,0.0,0.0,0.0,0.0,1.0,1.0,1.0,1,15,3,4,129.75819553882366,0.7656138283754487,0.6311411400118797,0.7656138283754487,0.2343861716245513,-3.4434299844844614e-05,-6.647624866274464e-05,0.0025700903179865,True,0.2343861716245513,0.7656138283754487,0.6311411400118797,1,0,0,0.0,1,1,1,1,,0,1,0,0,1,0,0,-0.5312276567508973,0.6311411400118797,0.5011524,0.5005223306239869,0.5231111
2026-04-10 10:45:00,2026-04-10 11:00:00,-1,891.5,888.3,pivot,3.200000000000045,0.153394,2.8466060000000457,89668.08900000143,1.0,2026-04-10,891.7,892.75,890.9,0.0,885.9,888.55,885.85,0.0,2026,0.0,0.0,0.0,0.0,0.0,0.0,0.0,0.0,0.0,0.0,0.0,0.0,0.0,0.0,0.0,1.0,1.0,1.0,1,10,4,4,183.0864712539509,0.5165664367087325,0.0476857873294316,0.5165664367087325,0.4834335632912675,-3.4434299844844614e-05,-6.647624866274464e-05,0.0025700903179865,True,0.4834335632912675,0.5165664367087325,0.0476857873294316,1,0,0,0.0,1,1,1,1,,0,1,1,0,1,0,0,-0.03313287341746496,0.0476857873294316,0.557557,0.5219662651566372,0.47352546
2026-04-10 11:00:00,2026-04-10 11:10:00,-1,888.3,887.85,pivot,0.4499999999999318,0.1532845,0.09671549999993173,3046.5382499978496,1.0,2026-04-10,885.9,888.55,885.85,0.0,887.1,888.15,886.5,0.0,2026,0.0,0.0,0.0,0.0,0.0,0.0,0.0,0.0,0.0,0.0,0.0,0.0,0.0,0.0,0.0,1.0,1.0,1.0,1,11,4,4,94.55827691457168,0.1486672448603486,-0.9146826407953692,0.1486672448603486,0.8513327551396513,-3.4434299844844614e-05,-6.647624866274464e-05,0.0025700903179865,True,0.8513327551396513,0.1486672448603486,-0.9146826407953692,1,0,0,0.0,1,1,1,1,,0,1,1,0,1,0,0,0.7026655102793027,0.9146826407953692,0.5259849,0.5198032680202078,0.48259827
2026-04-10 11:50:00,2026-04-10 13:10:00,-1,888.3,885.55,pivot,2.75,0.1532155,2.3967845,75498.71175,1.0,2026-04-10,888.6,889.4,888.3,0.0,885.65,886.15,885.25,0.0,2026,0.0,0.0,0.0,0.0,0.0,0.0,0.0,0.0,0.0,0.0,0.0,0.0,0.0,0.0,0.0,1.0,1.0,1.0,1,11,4,4,180.315615570336,0.4755772827010732,-0.0398355146341313,0.4755772827010732,0.5244227172989269,-3.4434299844844614e-05,-6.647624866274464e-05,0.0025700903179865,True,0.5244227172989269,0.4755772827010732,-0.0398355146341313,1,0,0,0.0,1,1,1,1,,0,1,1,0,1,0,0,0.048845434597853676,0.0398355146341313,0.54037154,0.5019836561491787,0.5378634
2026-04-10 13:55:00,2026-04-10 15:45:00,-1,885.95,883.5,eod,2.450000000000045,0.1530835,2.096916500000045,66052.86975000142,1.0,2026-04-10,885.35,886.15,885.25,0.0,883.5,883.5,883.5,0.0,2026,0.0,0.0,0.0,0.0,0.0,0.0,0.0,0.0,0.0,0.0,0.0,0.0,0.0,0.0,0.0,1.0,1.0,1.0,1,13,4,4,178.27720783393016,0.4552177883922845,-0.0839141376233743,0.4552177883922845,0.5447822116077154,-3.4434299844844614e-05,-6.647624866274464e-05,0.0025700903179865,True,0.5447822116077154,0.4552177883922845,-0.0839141376233743,1,0,0,0.0,1,1,1,1,,0,1,0,1,1,0,0,0.08956442321543095,0.0839141376233743,0.54037154,0.5123597008008318,0.5607114
2026-04-16 10:40:00,2026-04-16 14:20:00,-1,936.85,937.95,pivot,-1.1000000000000227,0.156244,-1.456244000000023,-45871.68600000072,1.0,2026-04-16,937.55,938.7,936.7,0.0,937.6,938.55,937.35,0.0,2026,0.0,0.0,0.0,0.0,0.0,0.0,0.0,0.0,0.0,0.0,0.0,0.0,0.0,0.0,0.0,1.0,1.0,1.0,0,10,3,4,192.5715218548179,0.639249299497082,0.2787145879741523,0.639249299497082,0.360750700502918,-4.103069908987121e-05,-2.026588824924128e-05,0.002371297125656,True,0.360750700502918,0.639249299497082,0.2787145879741523,1,0,0,0.0,1,1,1,1,,0,1,1,0,1,0,0,-0.27849859899416396,0.2787145879741523,0.54965025,0.5011057163443827,0.5741439
2026-04-17 10:55:00,2026-04-17 12:20:00,-1,938.65,934.95,pivot,3.699999999999932,0.156208,3.3437919999999313,105329.44799999784,1.0,2026-04-17,939.0,939.65,938.55,0.0,934.6,935.0,934.35,0.0,2026,0.0,0.0,0.0,0.0,0.0,0.0,0.0,0.0,0.0,0.0,0.0,0.0,0.0,0.0,0.0,1.0,1.0,1.0,1,10,4,4,217.67225439298093,0.4804944876815134,-0.0494330402127085,0.4804944876815134,0.5195055123184866,-1.724060844235978e-05,8.532584723131014e-06,0.0023278811523006,True,0.5195055123184866,0.4804944876815134,-0.0494330402127085,1,0,0,0.0,1,1,1,1,,0,1,1,0,1,0,0,0.0390110246369732,0.0494330402127085,0.57016224,0.5040495984899704,0.54572487
2026-04-17 12:20:00,2026-04-17 13:05:00,-1,934.95,934.45,pivot,0.5,0.156082,0.14391799999999996,4533.416999999999,1.0,2026-04-17,934.6,935.0,934.35,0.0,935.2,935.3,933.75,0.0,2026,0.0,0.0,0.0,0.0,0.0,0.0,0.0,0.0,0.0,0.0,0.0,0.0,0.0,0.0,0.0,1.0,1.0,1.0,1,12,4,4,217.7208352734389,0.5154457794980601,0.0193096203469201,0.5154457794980601,0.4845542205019398,-1.724060844235978e-05,8.532584723131014e-06,0.0023278811523006,True,0.4845542205019398,0.5154457794980601,0.0193096203469201,1,0,0,0.0,1,1,1,1,,0,1,0,1,1,0,0,-0.03089155899612034,0.0193096203469201,0.53947115,0.5217220066550732,0.5322591
2026-04-20 10:50:00,2026-04-20 10:55:00,1,946.35,948.6,pivot,2.25,0.1568485,1.8931515,59634.27225,1.0,2026-04-20,948.6,948.6,946.15,0.0,948.35,949.45,947.9,0.0,2026,0.0,0.0,0.0,0.0,0.0,0.0,0.0,0.0,0.0,0.0,0.0,0.0,0.0,0.0,0.0,1.0,1.0,2.0,1,10,0,4,233.7340466458297,0.4937546010174769,-0.0143990173072211,0.4937546010174769,0.5062453989825231,-2.620230178601243e-05,-2.0863914279959656e-05,0.002220433226731,True,0.4937546010174769,0.5062453989825231,0.0143990173072211,1,0,0,0.0,1,1,1,1,,0,1,1,0,1,0,0,-0.012490797965046152,0.0143990173072211,0.57016224,0.5159355634022512,0.5220332
2026-04-20 11:15:00,2026-04-20 12:05:00,-1,948.2,947.3,pivot,0.900000000000091,0.156865,0.543135000000091,17108.752500002865,1.0,2026-04-20,948.45,948.8,947.8,0.0,946.8,948.25,946.5,0.0,2026,0.0,0.0,0.0,0.0,0.0,0.0,0.0,0.0,0.0,0.0,0.0,0.0,0.0,0.0,0.0,1.0,1.0,2.0,1,11,0,4,230.9925701538202,0.555395809158891,0.1044045143349151,0.555395809158891,0.444604190841109,-2.620230178601243e-05,-2.0863914279959656e-05,0.002220433226731,True,0.444604190841109,0.555395809158891,0.1044045143349151,1,0,0,0.0,1,1,1,1,,0,1,1,0,1,0,0,-0.11079161831778195,0.1044045143349151,0.53947115,0.5142288407398689,0.49859485
2026-04-20 13:40:00,2026-04-20 14:10:00,-1,944.75,946.3,pivot,-1.5499999999999543,0.1567315,-1.9067314999999545,-60062.042249998565,1.0,2026-04-20,945.95,946.2,944.65,0.0,945.4,946.3,945.35,0.0,2026,0.0,0.0,0.0,0.0,0.0,0.0,0.0,0.0,0.0,0.0,0.0,0.0,0.0,0.0,0.0,1.0,1.0,1.0,0,13,0,4,233.73361887444904,0.4937336215834785,-0.0144393174465758,0.4937336215834785,0.5062663784165216,-2.620230178601243e-05,-2.0863914279959656e-05,0.002220433226731,True,0.5062663784165216,0.4937336215834785,-0.0144393174465758,1,0,0,0.0,1,1,1,1,,0,1,0,1,1,0,0,0.012532756833043057,0.0144393174465758,0.53947115,0.5156913049006872,0.47086334
2026-04-21 11:25:00,2026-04-21 11:30:00,1,959.5,961.0,pivot,1.5,0.157615,1.142385,35985.1275,1.0,2026-04-21,961.05,961.5,959.15,0.0,960.15,961.05,959.6,0.0,2026,0.0,0.0,0.0,0.0,0.0,0.0,0.0,0.0,0.0,0.0,0.0,0.0,0.0,0.0,0.0,1.0,1.0,1.0,1,11,1,4,249.8607489031343,0.4817518187367327,-0.0261757645203593,0.4817518187367327,0.5182481812632673,-3.155951715330977e-05,-5.062358801245854e-05,0.0020471799238826,True,0.4817518187367327,0.5182481812632673,0.0261757645203593,1,0,0,0.0,1,1,1,1,,0,1,1,0,1,0,0,-0.036496362526534654,0.0261757645203593,0.5507571,0.5019836561491787,0.45994735
2026-04-21 12:30:00,2026-04-21 13:00:00,-1,960.15,962.55,pivot,-2.3999999999999773,0.157681,-2.757680999999977,-86866.95149999928,1.0,2026-04-21,959.65,960.65,959.45,0.0,962.8,963.8,961.8,0.0,2026,0.0,0.0,0.0,0.0,0.0,0.0,0.0,0.0,0.0,0.0,0.0,0.0,0.0,0.0,0.0,1.0,1.0,1.0,0,12,1,4,249.0677302386421,0.4687222166218273,-0.0515821463427212,0.4687222166218273,0.5312777833781728,-3.155951715330977e-05,-5.062358801245854e-05,0.0020471799238826,True,0.5312777833781728,0.4687222166218273,-0.0515821463427212,1,0,0,0.0,1,1,1,1,,0,1,0,1,1,0,0,0.0625555667563455,0.0515821463427212,0.5507571,0.5123597008008318,0.4624984
2026-04-22 10:45:00,2026-04-22 10:55:00,-1,955.75,958.0,pivot,-2.25,0.1574125,-2.6074124999999997,-82133.49375,1.0,2026-04-22,957.8,957.85,954.8,0.0,957.9,958.45,957.25,0.0,2026,0.0,0.0,0.0,0.0,0.0,0.0,0.0,0.0,0.0,0.0,0.0,0.0,0.0,0.0,0.0,1.0,1.0,1.0,0,10,2,4,134.2472508629973,0.1531485309168171,-0.8170527212068855,0.1531485309168171,0.8468514690831829,-2.5928470521578927e-05,-2.7831569028367345e-05,0.0019493264937529,True,0.8468514690831829,0.1531485309168171,-0.8170527212068855,1,0,0,0.0,1,1,1,1,,0,1,1,0,1,0,0,0.6937029381663657,0.8170527212068855,0.5309634,0.5137291015935284,0.45318767
2026-04-23 10:30:00,2026-04-23 10:40:00,1,987.6,983.65,pivot,-3.9500000000000455,0.1591375,-4.309137500000046,-135737.83125000144,1.0,2026-04-23,986.15,989.05,985.8,0.0,985.45,986.45,982.95,0.0,2026,0.0,0.0,0.0,0.0,0.0,0.0,0.0,0.0,0.0,0.0,0.0,0.0,0.0,0.0,0.0,1.0,1.0,1.0,0,10,3,4,269.593969440463,0.4796004912966502,-0.0376663428880541,0.4796004912966502,0.5203995087033497,-2.5928470521578927e-05,-2.7831569028367345e-05,0.0019493264937529,True,0.4796004912966502,0.5203995087033497,0.0376663428880541,1,0,0,0.0,1,1,1,1,,0,1,1,0,1,0,0,-0.0407990174066995,0.0376663428880541,0.57016224,0.5033017711927186,0.46589804
2026-04-23 13:00:00,2026-04-23 14:40:00,1,962.1,972.3,pivot,10.199999999999932,0.158032,9.84196799999993,310021.9919999978,1.0,2026-04-23,960.2,962.15,959.85,0.0,972.35,972.95,970.4,0.0,2026,0.0,0.0,0.0,0.0,0.0,0.0,0.0,0.0,0.0,0.0,0.0,0.0,0.0,0.0,0.0,1.0,1.0,0.0,1,13,3,4,216.7982517428952,0.2642056315873159,-0.553546350136484,0.2642056315873159,0.7357943684126841,-3.054340042829697e-05,1.4035107715692062e-05,0.0017144933543294,True,0.2642056315873159,0.7357943684126841,0.553546350136484,1,0,0,0.0,1,1,1,1,,0,1,0,1,1,0,0,-0.47158873682536817,0.553546350136484,0.5479626,0.5221022653159787,0.496235
2026-04-24 13:10:00,2026-04-24 13:20:00,-1,968.5,971.05,pivot,-2.5499999999999545,0.1581865,-2.908186499999955,-91607.87474999858,1.0,2026-04-24,970.65,971.3,967.6,0.0,969.65,971.05,969.55,0.0,2026,0.0,0.0,0.0,0.0,0.0,0.0,0.0,0.0,0.0,0.0,0.0,0.0,0.0,0.0,0.0,1.0,1.0,1.0,0,13,4,4,30.02682762198996,0.9674785129406616,1.9016742488187115,0.9674785129406616,0.0325214870593384,-3.960823025503253e-05,1.910220421438245e-06,0.0017120041961939,True,0.0325214870593384,0.9674785129406616,1.9016742488187115,1,0,0,0.0,1,1,1,1,,0,1,0,1,1,0,0,-0.9349570258813231,1.9016742488187115,0.54156345,0.5195130743358544,0.49041247
2026-04-27 10:30:00,2026-04-27 10:35:00,-1,993.55,995.1,pivot,-1.5500000000000682,0.1596595,-1.9096595000000682,-60154.27425000215,1.0,2026-04-27,995.15,995.4,992.45,0.0,995.55,996.05,994.45,0.0,2026,0.0,0.0,0.0,0.0,0.0,0.0,0.0,0.0,0.0,0.0,0.0,0.0,0.0,0.0,0.0,1.0,1.0,2.0,0,10,0,4,284.43715135180213,0.5112986304865906,-0.0011157802216168,0.5112986304865906,0.4887013695134093,-3.960823025503253e-05,1.910220421438245e-06,0.0017120041961939,True,0.4887013695134093,0.5112986304865906,-0.0011157802216168,1,0,0,0.0,1,1,1,1,,0,1,1,0,1,0,0,-0.02259726097318132,0.0011157802216168,0.5789525,0.5016463905978651,0.4585808
2026-04-28 12:00:00,2026-04-28 12:20:00,-1,1002.75,1007.25,pivot,-4.5,0.1603,-4.8603000000000005,-153099.45,1.0,2026-04-28,1002.65,1003.15,1001.6,0.0,1006.3,1007.35,1006.2,0.0,2026,0.0,0.0,0.0,0.0,0.0,0.0,0.0,0.0,0.0,0.0,0.0,0.0,0.0,0.0,0.0,1.0,1.0,1.0,0,12,1,4,375.14325989831593,0.504481065552766,-0.0152323022750721,0.504481065552766,0.495518934447234,-1.19366428607005e-05,2.172184388677709e-05,0.0014260381322871,True,0.495518934447234,0.504481065552766,-0.0152323022750721,1,0,0,0.0,1,1,1,1,,0,1,0,1,1,0,0,-0.008962131105531956,0.0152323022750721,0.52532244,0.5087437804924619,0.45771095
2026-04-28 12:20:00,2026-04-28 13:40:00,1,1007.25,1009.0,pivot,1.75,0.1604875,1.3895125000000002,43769.64375,1.0,2026-04-28,1006.3,1007.35,1006.2,0.0,1009.2,1009.6,1008.4,0.0,2026,0.0,0.0,0.0,0.0,0.0,0.0,0.0,0.0,0.0,0.0,0.0,0.0,0.0,0.0,0.0,1.0,1.0,1.0,1,12,1,4,375.14325989831593,0.504481065552766,-0.0152323022750721,0.504481065552766,0.495518934447234,-1.19366428607005e-05,2.172184388677709e-05,0.0014260381322871,True,0.504481065552766,0.495518934447234,0.0152323022750721,1,0,0,0.0,1,1,1,1,,0,1,0,1,1,0,0,0.008962131105531956,0.0152323022750721,0.52532244,0.5087437804924619,0.4744189
2026-04-28 13:40:00,2026-04-28 14:10:00,1,1009.0,1007.0,pivot,-2.0,0.16048,-2.3604800000000004,-74355.12000000001,1.0,2026-04-28,1009.2,1009.6,1008.4,0.0,1005.9,1007.2,1004.85,0.0,2026,0.0,0.0,0.0,0.0,0.0,0.0,0.0,0.0,0.0,0.0,0.0,0.0,0.0,0.0,0.0,1.0,1.0,1.0,0,13,1,4,415.445241734242,0.5037046044944662,-0.0213880802116148,0.5037046044944662,0.4962953955055338,-8.908848015926262e-06,2.964653594020635e-05,0.0013861242171752,True,0.5037046044944662,0.4962953955055338,0.0213880802116148,1,0,0,0.0,1,1,1,1,,0,1,0,1,1,0,0,0.007409208988932381,0.0213880802116148,0.52532244,0.5008935389465682,0.46101132
2026-04-29 10:40:00,2026-04-29 11:30:00,1,1000.4,999.4,pivot,-1.0,0.159994,-1.3599940000000001,-42839.811,1.0,2026-04-29,1000.55,1001.75,999.95,0.0,999.75,1000.55,999.15,0.0,2026,0.0,0.0,0.0,0.0,0.0,0.0,0.0,0.0,0.0,0.0,0.0,0.0,0.0,0.0,0.0,1.0,1.0,1.0,0,10,2,4,457.6293574361672,0.5053224915437021,-0.0206996858155835,0.5053224915437021,0.4946775084562979,-1.1614176724389049e-05,2.813424772551255e-05,0.0013591630315631,True,0.5053224915437021,0.4946775084562979,0.0206996858155835,1,0,0,0.0,1,1,1,1,,0,1,1,0,1,0,0,0.010644983087404247,0.0206996858155835,0.54647744,0.5068637844241192,0.45461428
2026-04-29 11:30:00,2026-04-29 12:00:00,-1,999.4,999.35,pivot,0.0499999999999545,0.1599625,-0.30996250000004544,-9763.818750001432,1.0,2026-04-29,999.75,1000.55,999.15,0.0,1002.15,1002.55,999.2,0.0,2026,0.0,0.0,0.0,0.0,0.0,0.0,0.0,0.0,0.0,0.0,0.0,0.0,0.0,0.0,0.0,1.0,1.0,1.0,0,11,2,4,457.6293574361672,0.5053224915437021,-0.0206996858155835,0.5053224915437021,0.4946775084562979,-1.1614176724389049e-05,2.813424772551255e-05,0.0013591630315631,True,0.4946775084562979,0.5053224915437021,-0.0206996858155835,1,0,0,0.0,1,1,1,1,,0,1,1,0,1,0,0,-0.010644983087404247,0.0206996858155835,0.5155322,0.5047978420833275,0.50982904
2026-04-29 12:00:00,2026-04-29 13:10:00,1,999.35,1005.7,pivot,6.350000000000023,0.1601515,5.989848500000023,188680.22775000072,1.0,2026-04-29,1002.15,1002.55,999.2,0.0,1006.35,1006.4,1005.0,0.0,2026,0.0,0.0,0.0,0.0,0.0,0.0,0.0,0.0,0.0,0.0,0.0,0.0,0.0,0.0,0.0,1.0,1.0,1.0,1,12,2,4,457.6293574361672,0.5053224915437021,-0.0206996858155835,0.5053224915437021,0.4946775084562979,-1.1614176724389049e-05,2.813424772551255e-05,0.0013591630315631,True,0.5053224915437021,0.4946775084562979,0.0206996858155835,1,0,0,0.0,1,1,1,1,,0,1,0,1,1,0,0,0.010644983087404247,0.0206996858155835,0.5155322,0.5066195259225552,0.5065895
2026-04-29 13:10:00,2026-04-29 14:10:00,1,1005.7,1004.2,pivot,-1.5,0.160297,-1.8602969999999999,-58599.3555,1.0,2026-04-29,1006.35,1006.4,1005.0,0.0,1004.5,1006.2,1004.1,0.0,2026,0.0,0.0,0.0,0.0,0.0,0.0,0.0,0.0,0.0,0.0,0.0,0.0,0.0,0.0,0.0,1.0,1.0,1.0,0,13,2,4,457.6293574361672,0.5053224915437021,-0.0206996858155835,0.5053224915437021,0.4946775084562979,-1.1614176724389049e-05,2.813424772551255e-05,0.0013591630315631,True,0.5053224915437021,0.4946775084562979,0.0206996858155835,1,0,0,0.0,1,1,1,1,,0,1,0,1,1,0,0,0.010644983087404247,0.0206996858155835,0.5155322,0.5066195259225552,0.4926085
2026-04-29 14:10:00,2026-04-29 14:15:00,-1,1004.2,1004.45,pivot,-0.25,0.1602595,-0.6102595,-19223.17425,1.0,2026-04-29,1004.5,1006.2,1004.1,0.0,1005.15,1006.05,1004.45,0.0,2026,0.0,0.0,0.0,0.0,0.0,0.0,0.0,0.0,0.0,0.0,0.0,0.0,0.0,0.0,0.0,1.0,1.0,1.0,0,14,2,4,457.6293574361672,0.5053224915437021,-0.0206996858155835,0.5053224915437021,0.4946775084562979,-1.1614176724389049e-05,2.813424772551255e-05,0.0013591630315631,True,0.4946775084562979,0.5053224915437021,-0.0206996858155835,1,0,0,0.0,1,1,1,1,,0,1,0,1,1,0,0,-0.010644983087404247,0.0206996858155835,0.51069105,0.5066195259225552,0.46867177
2026-05-07 12:10:00,2026-05-07 12:40:00,-1,1126.5,1137.1,pivot,-10.599999999999907,0.167908,-10.967907999999913,-345489.1019999972,1.0,2026-05-07,1126.55,1127.4,1125.2,0.0,1136.1,1138.0,1135.6,0.0,2026,0.0,0.0,0.0,0.0,0.0,0.0,0.0,0.0,0.0,0.0,0.0,0.0,0.0,0.0,0.0,1.0,1.0,2.0,0,12,3,5,51.88930292497735,0.0643128769915825,-1.3649991635319605,0.0643128769915825,0.9356871230084176,2.5575090991598847e-05,2.6070555340052514e-05,0.0015781713651077,True,0.9356871230084176,0.0643128769915825,-1.3649991635319605,1,0,0,0.0,1,1,1,1,,0,1,0,1,1,0,0,0.8713742460168351,1.3649991635319605,0.50375336,0.6157425327527761,0.45411214
2026-05-08 10:30:00,2026-05-08 10:35:00,-1,1140.65,1138.55,pivot,2.1000000000001364,0.168376,1.7316240000001364,54546.156000004295,1.0,2026-05-08,1138.55,1142.25,1137.95,0.0,1136.85,1138.55,1135.8,0.0,2026,0.0,0.0,0.0,0.0,0.0,0.0,0.0,0.0,0.0,0.0,0.0,0.0,0.0,0.0,0.0,1.0,1.0,1.0,1,10,4,5,55.57848430710243,0.0681052144589083,-1.3205726181234898,0.0681052144589083,0.9318947855410916,2.5575090991598847e-05,2.6070555340052514e-05,0.0015781713651077,True,0.9318947855410916,0.0681052144589083,-1.3205726181234898,1,0,0,0.0,1,1,1,1,,0,1,1,0,1,0,0,0.8637895710821833,1.3205726181234898,0.5042871,0.6121775529855911,0.45367125
2026-05-08 10:35:00,2026-05-08 11:00:00,-1,1138.55,1134.85,pivot,3.7000000000000455,0.168202,3.331798000000046,104951.63700000144,1.0,2026-05-08,1136.85,1138.55,1135.8,0.0,1134.55,1135.6,1131.4,0.0,2026,0.0,0.0,0.0,0.0,0.0,0.0,0.0,0.0,0.0,0.0,0.0,0.0,0.0,0.0,0.0,1.0,1.0,2.0,1,10,4,5,66.34853135650627,0.0785983304433839,-1.2119448222202198,0.0785983304433839,0.921401669556616,2.5575090991598847e-05,2.6070555340052514e-05,0.0015781713651077,True,0.921401669556616,0.0785983304433839,-1.2119448222202198,1,0,0,0.0,1,1,1,1,,0,1,1,0,1,0,0,0.842803339113232,1.2119448222202198,0.5103782,0.5959584336943754,0.4749114
2026-05-08 11:00:00,2026-05-08 11:25:00,-1,1134.85,1137.45,pivot,-2.6000000000001364,0.168169,-2.968169000000136,-93497.32350000428,1.0,2026-05-08,1134.55,1135.6,1131.4,0.0,1134.9,1137.65,1134.75,0.0,2026,0.0,0.0,0.0,0.0,0.0,0.0,0.0,0.0,0.0,0.0,0.0,0.0,0.0,0.0,0.0,1.0,1.0,1.0,0,11,4,5,126.5641071641605,0.145371684969685,-0.7699450023449055,0.145371684969685,0.854628315030315,2.5575090991598847e-05,2.6070555340052514e-05,0.0015781713651077,True,0.854628315030315,0.145371684969685,-0.7699450023449055,1,0,0,0.0,1,1,1,1,,0,1,1,0,1,0,0,0.70925663006063,0.7699450023449055,0.50869066,0.5305349624524588,0.4900938
2026-05-08 11:30:00,2026-05-08 11:55:00,-1,1135.0,1138.2,pivot,-3.200000000000045,0.168196,-3.5681960000000457,-112398.17400000144,1.0,2026-05-08,1135.95,1136.75,1133.9,0.0,1137.55,1139.55,1137.05,0.0,2026,0.0,0.0,0.0,0.0,0.0,0.0,0.0,0.0,0.0,0.0,0.0,0.0,0.0,0.0,0.0,1.0,1.0,1.0,0,11,4,5,43.18548117551937,0.0545872969631639,-1.494359993731505,0.0545872969631639,0.945412703036836,2.5575090991598847e-05,2.6070555340052514e-05,0.0015781713651077,True,0.945412703036836,0.0545872969631639,-1.494359993731505,1,0,0,0.0,1,1,1,1,,0,1,1,0,1,0,0,0.8908254060736721,1.494359993731505,0.50375336,0.6246787256619766,0.48238286
2026-05-08 11:55:00,2026-05-08 12:20:00,-1,1138.2,1138.7,pivot,-0.5,0.168307,-0.868307,-27351.6705,1.0,2026-05-08,1137.55,1139.55,1137.05,0.0,1137.75,1139.2,1137.5,0.0,2026,0.0,0.0,0.0,0.0,0.0,0.0,0.0,0.0,0.0,0.0,0.0,0.0,0.0,0.0,0.0,1.0,1.0,1.0,0,11,4,5,76.12760315589514,0.0879626013849154,-1.1291532066819152,0.0879626013849154,0.9120373986150844,2.5575090991598847e-05,2.6070555340052514e-05,0.0015781713651077,True,0.9120373986150844,0.0879626013849154,-1.1291532066819152,1,0,0,0.0,1,1,1,1,,0,1,1,0,1,0,0,0.824074797230169,1.1291532066819152,0.50858855,0.5880914604515033,0.4746059
2026-05-08 14:50:00,2026-05-08 15:45:00,1,1152.55,1153.25,eod,0.7000000000000455,0.169174,0.3308260000000454,10421.01900000143,1.0,2026-05-08,1152.3,1153.25,1151.5,0.0,1153.25,1153.25,1153.25,0.0,2026,0.0,0.0,0.0,0.0,0.0,0.0,0.0,0.0,0.0,0.0,0.0,0.0,0.0,0.0,0.0,1.0,1.0,1.0,1,14,4,5,161.5855288534017,0.1981738942896246,-0.5741423660327931,0.1981738942896246,0.8018261057103754,3.4792607551752426e-05,4.194634888426785e-05,0.0016591607692712,True,0.1981738942896246,0.8018261057103754,0.5741423660327931,1,0,0,0.0,1,1,1,1,,0,1,0,1,1,0,0,-0.6036522114207508,0.5741423660327931,0.50074154,0.5503425350063289,0.46847445
2026-05-11 11:40:00,2026-05-11 12:05:00,-1,1212.05,1207.65,pivot,4.399999999999864,0.172591,4.027408999999864,126863.38349999572,1.0,2026-05-11,1211.8,1212.45,1209.55,0.0,1210.3,1210.6,1205.65,0.0,2026,0.0,0.0,0.0,0.0,0.0,0.0,0.0,0.0,0.0,0.0,0.0,0.0,0.0,0.0,0.0,1.0,1.0,2.0,1,11,0,5,414.6157991300439,0.5748690284837827,0.0990380361468016,0.5748690284837827,0.4251309715162172,3.4792607551752426e-05,4.194634888426785e-05,0.0016591607692712,True,0.4251309715162172,0.5748690284837827,0.0990380361468016,1,0,0,0.0,1,1,1,1,,0,1,1,0,1,0,0,-0.14973805696756554,0.0990380361468016,0.51823854,0.5093304486008732,0.47341248
2026-05-12 10:25:00,2026-05-12 10:30:00,1,1204.25,1199.7,pivot,-4.5499999999999545,0.1721185,-4.9221184999999545,-155046.73274999857,1.0,2026-05-12,1199.9,1208.8,1193.55,0.0,1168.95,1200.35,1166.0,0.0,2026,0.0,0.0,0.0,0.0,0.0,0.0,0.0,0.0,0.0,0.0,0.0,0.0,0.0,0.0,0.0,1.0,0.0,0.0,0,10,1,5,85.47006891370867,0.1054264395616262,-1.0224340609609046,0.1054264395616262,0.8945735604383738,4.348463265837651e-05,5.4104130347715805e-05,0.001716454154223,True,0.1054264395616262,0.8945735604383738,1.0224340609609046,1,0,0,0.0,1,1,1,1,,0,1,1,0,0,1,0,-0.7891471208767475,1.0224340609609046,0.5649234,0.683969311027375,0.47905064
2026-05-12 10:30:00,2026-05-12 11:25:00,-1,1199.7,1201.4,pivot,-1.7000000000000457,0.172033,-2.0720330000000455,-65269.03950000143,1.0,2026-05-12,1168.95,1200.35,1166.0,0.0,1199.6,1203.0,1197.85,0.0,2026,0.0,0.0,0.0,0.0,0.0,0.0,0.0,0.0,0.0,0.0,0.0,0.0,0.0,0.0,0.0,2.0,0.0,0.0,0,10,1,5,16.0585146400272,0.025446702836607,-2.1397895547039143,0.025446702836607,0.974553297163393,4.348463265837651e-05,5.4104130347715805e-05,0.001716454154223,True,0.974553297163393,0.025446702836607,-2.1397895547039143,1,0,0,0.0,1,1,1,1,,0,1,1,0,0,1,0,0.949106594326786,2.1397895547039143,0.5339359,0.6529799312177305,0.47726384
2026-05-12 13:45:00,2026-05-12 14:00:00,1,1180.25,1172.8,pivot,-7.450000000000045,0.1705915,-7.820591500000046,-246348.63225000145,1.0,2026-05-12,1176.1,1183.05,1175.5,0.0,1182.9,1183.1,1172.4,0.0,2026,0.0,0.0,0.0,0.0,0.0,0.0,0.0,0.0,0.0,0.0,0.0,0.0,0.0,0.0,0.0,1.0,0.0,0.0,0,13,1,5,139.8912705674531,0.1769351045227764,-0.6482469398432765,0.1769351045227764,0.8230648954772235,4.348463265837651e-05,5.4104130347715805e-05,0.001716454154223,True,0.1769351045227764,0.8230648954772235,0.6482469398432765,1,0,0,0.0,1,1,1,1,,0,1,0,1,0,1,0,-0.6461297909544471,0.6482469398432765,0.5633573,0.6791776318600283,0.47964373
2026-05-12 14:10:00,2026-05-12 14:40:00,1,1176.4,1172.5,pivot,-3.900000000000091,0.170467,-4.270467000000092,-134519.7105000029,1.0,2026-05-12,1169.25,1176.75,1168.5,0.0,1172.0,1173.7,1169.7,0.0,2026,0.0,0.0,0.0,0.0,0.0,0.0,0.0,0.0,0.0,0.0,0.0,0.0,0.0,0.0,0.0,1.0,0.0,0.0,0,14,1,5,3.577990935343484,0.0090820074586372,-3.340754334786744,0.0090820074586372,0.9909179925413628,4.348463265837651e-05,5.4104130347715805e-05,0.001716454154223,True,0.0090820074586372,0.9909179925413628,3.340754334786744,1,0,0,0.0,1,1,1,1,,0,1,0,1,0,1,0,-0.9818359850827256,3.340754334786744,0.55720294,0.7107886214747764,0.4772912
2026-05-13 11:00:00,2026-05-13 11:25:00,-1,1200.25,1202.2,pivot,-1.9500000000000453,0.1720735,-2.3220735000000454,-73145.31525000143,1.0,2026-05-13,1197.0,1202.15,1196.6,0.0,1202.25,1203.0,1201.0,0.0,2026,0.0,0.0,0.0,0.0,0.0,0.0,0.0,0.0,0.0,0.0,0.0,0.0,0.0,0.0,0.0,1.0,2.0,2.0,0,11,2,5,20.2438976935321,0.9697221932862076,1.5794145680002627,0.9697221932862076,0.0302778067137925,3.4035809740415096e-05,1.6464422453852916e-05,0.0022616646450602,True,0.0302778067137925,0.9697221932862076,1.5794145680002627,1,0,0,0.0,1,1,1,1,,0,1,1,0,0,0,0,-0.939444386572415,1.5794145680002627,0.52099,0.5284013380297831,0.45392004
2026-05-13 12:25:00,2026-05-13 12:50:00,-1,1204.95,1209.35,pivot,-4.399999999999864,0.172429,-4.772428999999863,-150331.5134999957,1.0,2026-05-13,1204.3,1205.45,1203.35,0.0,1209.25,1209.7,1206.7,0.0,2026,0.0,0.0,0.0,0.0,0.0,0.0,0.0,0.0,0.0,0.0,0.0,0.0,0.0,0.0,0.0,1.0,1.0,1.0,0,12,2,5,141.54619341839614,0.1828191544257437,-0.5207918719745463,0.1828191544257437,0.8171808455742562,3.4035809740415096e-05,1.6464422453852916e-05,0.0022616646450602,True,0.8171808455742562,0.1828191544257437,-0.5207918719745463,1,0,0,0.0,1,1,1,1,,0,1,0,1,1,0,0,0.6343616911485125,0.5207918719745463,0.5039624,0.5272274610441803,0.4612505
2026-05-14 11:50:00,2026-05-14 11:55:00,1,1226.75,1226.7,pivot,-0.0499999999999545,0.1736035,-0.42360349999995456,-13343.510249998568,1.0,2026-05-14,1226.55,1229.5,1225.75,0.0,1224.75,1226.8,1223.6,0.0,2026,0.0,0.0,0.0,0.0,0.0,0.0,0.0,0.0,0.0,0.0,0.0,0.0,0.0,0.0,0.0,1.0,1.0,0.0,0,11,3,5,14.557243393716226,0.028801804472569,-1.9006278425766523,0.028801804472569,0.971198195527431,5.870502021725934e-05,6.376990967716056e-05,0.0023867970711127,True,0.028801804472569,0.971198195527431,1.9006278425766523,1,0,0,0.0,1,1,1,1,,0,1,1,0,1,0,0,-0.9423963910548621,1.9006278425766523,0.5009182,0.6775628782397018,0.48363012
2026-05-14 11:55:00,2026-05-14 12:25:00,1,1226.7,1230.35,pivot,3.649999999999864,0.1737115,3.2762884999998634,103203.0877499957,1.0,2026-05-14,1224.75,1226.8,1223.6,0.0,1231.7,1233.85,1230.35,0.0,2026,0.0,0.0,0.0,0.0,0.0,0.0,0.0,0.0,0.0,0.0,0.0,0.0,0.0,0.0,0.0,1.0,1.0,0.0,1,11,3,5,301.0485917974133,0.375794081444429,-0.1633296448467859,0.375794081444429,0.624205918555571,5.870502021725934e-05,6.376990967716056e-05,0.0023867970711127,True,0.375794081444429,0.624205918555571,0.1633296448467859,1,0,0,0.0,1,1,1,1,,0,1,1,0,1,0,0,-0.24841183711114195,0.1633296448467859,0.5181707,0.5124958555260242,0.4876116
2026-05-15 10:30:00,2026-05-15 10:35:00,-1,1228.1,1227.95,pivot,0.1499999999998635,0.1736815,-0.22368150000013645,-7045.967250004298,1.0,2026-05-15,1227.95,1228.6,1225.2,0.0,1231.8,1234.75,1227.95,0.0,2026,0.0,0.0,0.0,0.0,0.0,0.0,0.0,0.0,0.0,0.0,0.0,0.0,0.0,0.0,0.0,1.0,0.0,0.0,0,10,4,5,12.120350348138771,0.0245049392869052,-2.034708278072309,0.0245049392869052,0.9754950607130948,5.870502021725934e-05,6.376990967716056e-05,0.0023867970711127,True,0.9754950607130948,0.0245049392869052,-2.034708278072309,1,0,0,0.0,1,1,1,1,,0,1,1,0,0,1,0,0.9509901214261895,2.034708278072309,0.543268,0.6668953940378869,0.48409504
2026-05-15 10:55:00,2026-05-15 11:25:00,-1,1215.55,1201.45,pivot,14.099999999999907,0.17251,13.727489999999907,432415.9349999971,1.0,2026-05-15,1206.85,1218.6,1204.8,0.0,1195.15,1206.8,1194.05,0.0,2026,0.0,0.0,0.0,0.0,0.0,0.0,0.0,0.0,0.0,0.0,0.0,0.0,0.0,0.0,0.0,1.0,0.0,0.0,1,10,4,5,6.189927939873254,0.012544887505275,-2.621296155074788,0.012544887505275,0.987455112494725,5.870502021725934e-05,6.376990967716056e-05,0.0023867970711127,True,0.987455112494725,0.012544887505275,-2.621296155074788,1,0,0,0.0,1,1,1,1,,0,1,1,0,0,1,0,0.9749102249894499,2.621296155074788,0.543268,0.6626602524273808,0.46813595
2026-05-18 11:50:00,2026-05-18 12:15:00,-1,1182.7,1178.05,pivot,4.650000000000091,0.1708225,4.279177500000092,134794.09125000288,1.0,2026-05-18,1176.5,1183.05,1174.45,0.0,1172.9,1179.5,1172.05,0.0,2026,0.0,0.0,0.0,0.0,0.0,0.0,0.0,0.0,0.0,0.0,0.0,0.0,0.0,0.0,0.0,1.0,1.0,2.0,1,11,0,5,127.70211679493434,0.1974354670566927,-0.5335289517157495,0.1974354670566927,0.8025645329433073,5.688710850897201e-05,4.252585875323537e-05,0.0025339801991026,True,0.8025645329433073,0.1974354670566927,-0.5335289517157495,1,0,0,0.0,1,1,1,1,,0,1,1,0,1,0,0,0.6051290658866146,0.5335289517157495,0.5039624,0.5488306032427496,0.4503217
2026-05-22 10:25:00,2026-05-22 11:10:00,1,1226.1,1227.55,pivot,1.4500000000000457,0.1736095,1.0763905000000458,33906.30075000144,1.0,2026-05-22,1222.75,1228.3,1222.5,0.0,1227.0,1227.9,1226.1,0.0,2026,0.0,0.0,0.0,0.0,0.0,0.0,0.0,0.0,0.0,0.0,0.0,0.0,0.0,0.0,0.0,1.0,1.0,0.0,1,10,4,5,93.56915790408831,0.2031782823332003,-0.5893521946478152,0.2031782823332003,0.7968217176667997,2.990485217679538e-05,-4.6765853105904265e-06,0.0033104067532419,True,0.2031782823332003,0.7968217176667997,0.5893521946478152,1,0,0,0.0,1,1,1,1,,0,1,1,0,1,0,0,-0.5936434353335993,0.5893521946478152,0.5356504,0.5583885190290793,0.4530572
2026-06-05 13:45:00,2026-06-05 14:20:00,-1,1303.0,1314.0,pivot,-11.0,0.17851,-11.37851,-358423.065,1.0,2026-06-05,1308.3,1309.65,1301.95,0.0,1317.6,1318.2,1314.0,0.0,2026,0.0,0.0,0.0,0.0,0.0,0.0,0.0,0.0,0.0,0.0,0.0,0.0,0.0,0.0,0.0,1.0,1.0,0.0,0,13,4,6,62.14784667129389,0.1459940993775554,-0.87468536820467,0.1459940993775554,0.8540059006224446,1.361659843923194e-05,-2.257812518944779e-05,0.0035220599363639,True,0.8540059006224446,0.1459940993775554,-0.87468536820467,1,0,0,0.0,1,1,1,1,,0,1,0,1,1,0,0,0.7080118012448893,0.87468536820467,0.5230941,0.5363901875180023,0.45418787
2026-06-08 10:50:00,2026-06-08 10:55:00,1,1206.5,1214.15,pivot,7.650000000000091,0.1726195,7.277380500000091,229237.48575000287,1.0,2026-06-08,1214.05,1214.75,1202.35,0.0,1216.85,1219.8,1212.35,0.0,2026,0.0,0.0,0.0,0.0,0.0,0.0,0.0,0.0,0.0,0.0,0.0,0.0,0.0,0.0,0.0,1.0,1.0,2.0,1,10,0,6,51.71123629005186,0.1223795232693977,-0.9921879987470286,0.1223795232693977,0.8776204767306023,1.361659843923194e-05,-2.257812518944779e-05,0.0035220599363639,True,0.1223795232693977,0.8776204767306023,0.9921879987470286,1,0,0,0.0,1,1,1,1,,0,1,1,0,1,0,0,-0.7552409534612046,0.9921879987470286,0.5106932,0.5277505392952105,0.45989278
2026-06-08 13:25:00,2026-06-08 13:50:00,1,1225.7,1218.3,pivot,-7.400000000000091,0.17332,-7.7733200000000915,-244859.58000000287,1.0,2026-06-08,1227.7,1230.0,1224.85,0.0,1216.55,1224.45,1215.95,0.0,2026,0.0,0.0,0.0,0.0,0.0,0.0,0.0,0.0,0.0,0.0,0.0,0.0,0.0,0.0,0.0,1.0,1.0,1.0,0,13,0,6,99.45431129276749,0.2380771357075406,-0.5489437299224755,0.2380771357075406,0.7619228642924594,1.361659843923194e-05,-2.257812518944779e-05,0.0035220599363639,True,0.2380771357075406,0.7619228642924594,0.5489437299224755,1,0,0,0.0,1,1,1,1,,0,1,0,1,1,0,0,-0.5238457285849187,0.5489437299224755,0.5055858,0.5014840076025014,0.45630094
2026-06-09 13:30:00,2026-06-09 13:35:00,-1,1280.25,1283.35,pivot,-3.099999999999909,0.176908,-3.4769079999999084,-109522.60199999712,1.0,2026-06-09,1283.4,1285.1,1277.45,0.0,1288.75,1288.8,1282.8,0.0,2026,0.0,0.0,0.0,0.0,0.0,0.0,0.0,0.0,0.0,0.0,0.0,0.0,0.0,0.0,0.0,2.0,2.0,2.0,0,13,1,6,22.54811430605622,0.9385430877657044,1.4871919871453116,0.9385430877657044,0.0614569122342957,-3.1248562821413033e-05,-2.728575431050072e-05,0.0037577613625779,True,0.0614569122342957,0.9385430877657044,1.4871919871453116,1,0,0,0.0,1,1,1,1,,0,1,0,1,0,0,0,-0.8770861755314087,1.4871919871453116,0.50351703,0.5277372873628171,0.4559607
2026-06-09 13:35:00,2026-06-09 14:15:00,-1,1283.35,1284.75,pivot,-1.400000000000091,0.177043,-1.777043000000091,-55976.85450000287,1.0,2026-06-09,1288.75,1288.8,1282.8,0.0,1284.95,1286.3,1283.55,0.0,2026,0.0,0.0,0.0,0.0,0.0,0.0,0.0,0.0,0.0,0.0,0.0,0.0,0.0,0.0,0.0,1.0,2.0,2.0,0,13,1,6,80.46709488439978,0.7998832178679556,0.6612236617285153,0.7998832178679556,0.2001167821320444,-3.1248562821413033e-05,-2.728575431050072e-05,0.0037577613625779,True,0.2001167821320444,0.7998832178679556,0.6612236617285153,1,0,0,0.0,1,1,1,1,,0,1,0,1,0,0,0,-0.5997664357359112,0.6612236617285153,0.52699417,0.5156332537367302,0.46188334
2026-06-11 11:30:00,2026-06-11 11:35:00,-1,1203.05,1199.4,pivot,3.649999999999864,0.1720735,3.277926499999864,103254.68474999572,1.0,2026-06-11,1199.5,1207.45,1198.1,0.0,1208.0,1209.0,1198.6,0.0,2026,0.0,0.0,0.0,0.0,0.0,0.0,0.0,0.0,0.0,0.0,0.0,0.0,0.0,0.0,0.0,1.0,0.0,1.0,1,11,3,6,63.24660213697306,0.8389656250984517,0.824204544975617,0.8389656250984517,0.1610343749015482,5.329045957531772e-05,4.5024306527502594e-05,0.0037333587939254,True,0.1610343749015482,0.8389656250984517,0.824204544975617,1,0,0,0.0,1,1,1,1,,0,1,1,0,0,1,0,-0.6779312501969035,0.824204544975617,0.5803239,0.593335519456397,0.4644622
2026-06-11 11:35:00,2026-06-11 11:55:00,1,1199.4,1208.05,pivot,8.649999999999864,0.1722235,8.277776499999865,260749.95974999573,1.0,2026-06-11,1208.0,1209.0,1198.6,0.0,1213.45,1215.1,1207.85,0.0,2026,0.0,0.0,0.0,0.0,0.0,0.0,0.0,0.0,0.0,0.0,0.0,0.0,0.0,0.0,0.0,1.0,0.0,1.0,1,11,3,6,64.12075911883832,0.1718875464880259,-0.7924922743217725,0.1718875464880259,0.828112453511974,5.329045957531772e-05,4.5024306527502594e-05,0.0037333587939254,True,0.1718875464880259,0.828112453511974,0.7924922743217725,1,0,0,0.0,1,1,1,1,,0,1,1,0,0,1,0,-0.6562249070239481,0.7924922743217725,0.5803239,0.6605743917017306,0.517897
2026-06-11 11:55:00,2026-06-11 12:30:00,-1,1208.05,1213.55,pivot,-5.5,0.172648,-5.872648000000001,-184988.412,1.0,2026-06-11,1213.45,1215.1,1207.85,0.0,1219.8,1221.5,1212.65,0.0,2026,0.0,0.0,0.0,0.0,0.0,0.0,0.0,0.0,0.0,0.0,0.0,0.0,0.0,0.0,0.0,1.0,1.0,0.0,0,11,3,6,100.82422688498043,0.7439107676341413,0.5089624037783068,0.7439107676341413,0.2560892323658587,5.329045957531772e-05,4.5024306527502594e-05,0.0037333587939254,True,0.2560892323658587,0.7439107676341413,0.5089624037783068,1,0,0,0.0,1,1,1,1,,0,1,1,0,1,0,0,-0.48782153526828265,0.5089624037783068,0.53212893,0.5622881423355898,0.54990685
2026-06-11 12:30:00,2026-06-11 13:00:00,1,1213.55,1230.4,pivot,16.850000000000136,0.1733185,16.476681500000137,519015.4672500043,1.0,2026-06-11,1219.8,1221.5,1212.65,0.0,1225.6,1233.5,1223.6,0.0,2026,0.0,0.0,0.0,0.0,0.0,0.0,0.0,0.0,0.0,0.0,0.0,0.0,0.0,0.0,0.0,1.0,1.0,1.0,1,12,3,6,142.74077243511616,0.4445663251285072,-0.1003554610850733,0.4445663251285072,0.5554336748714928,5.329045957531772e-05,4.5024306527502594e-05,0.0037333587939254,True,0.4445663251285072,0.5554336748714928,0.1003554610850733,1,0,0,0.0,1,1,1,1,,0,1,0,1,1,0,0,-0.11086734974298557,0.1003554610850733,0.5231263,0.504192759953147,0.4776692
