entry_time,exit_time,direction,entry_px,exit_px,exit_reason,gross_pts,cost_pts,net_pts,net_krw,size_factor,exit_date,entry_close,entry_volume,exit_close,exit_high,exit_low,exit_volume,year,atr_normalized,volatility_regime,trend_regime,momentum_regime,is_win,entry_hour,entry_dayofweek,entry_month,entry_open,entry_high,entry_low,entry_atr,entry_rsi,entry_macd,entry_macd_signal,entry_macd_hist,entry_bb_middle,entry_bb_upper,entry_bb_lower,entry_ma5,entry_ma10,entry_ma20,entry_ma60,entry_supertrend,entry_supertrend_dir,future_return_1,is_win_h1,future_return_5,is_win_h5,future_return_10,is_win_h10,future_return_20,is_win_h20,timestamp,ret_log_1m,ret_log_5m,ret_log_1m_kde_pdf,ret_log_1m_kde_cdf,ret_log_1m_kde_zscore,ret_log_1m_kde_left_tail,ret_log_1m_kde_right_tail,ret_log_1m_kde_median,ret_log_1m_kde_mean,ret_log_1m_kde_std,ret_log_1m_kde_ready,ret_log_5m_kde_pdf,ret_log_5m_kde_cdf,ret_log_5m_kde_zscore,ret_log_5m_kde_left_tail,ret_log_5m_kde_right_tail,ret_log_5m_kde_median,ret_log_5m_kde_mean,ret_log_5m_kde_std,ret_log_5m_kde_ready,rsi_oversold,rsi_overbought,macd_bullish,macd_strength,price_above_ma20,price_above_ma60,price_above_ma5,price_above_ma10,bb_position,bb_lower_touch,price_above_st,is_morning,is_afternoon,is_bull,is_neutral,is_bear,price_ma20_ratio,price_ma60_ratio,bb_width,atr_ratio,rsi_macd_interaction,rsi_bb_interaction,pnl_per_contract,_has_kde,filter_score,entry_score,exit_score
2025-01-03 10:45:00,2025-01-03 10:50:00,-1,324.15,324.7,pivot,-0.5500000000000114,0.1194655,-0.7694655000000115,-24238.16325000036,1.0,2025-01-03,324.7,0.0,325.1,325.15,324.6,0.0,2025,0.0,1.0,1.0,2.0,0,10,4,1,324.15,324.95,324.15,0.6683743132145189,72.03396601754677,1.3851486251098208,1.547091639233923,-0.161943014124102,323.83500000000004,325.8421189092175,321.82788109078257,324.55,324.615,323.83500000000004,319.42,323.0628918779565,1.0,-0.0029307419404598,0,-0.0026222427888324,0,-0.003239241092087,0,-0.0047817368502236,0,2025-01-03 10:45:00,0.0015410698072245,-0.0006157635662543,80.53904709745625,0.9398368634621316,1.0820310596454408,0.9398368634621316,0.0601631365378684,-4.681387056777516e-06,-9.756781891933756e-06,0.0014332551503878,True,196.8614372155997,0.3734856710649565,-0.181405607315554,0.3734856710649565,0.6265143289350434,-6.101232877103471e-06,-5.002537066031658e-05,0.0031186367608247,True,0,1,0,0.16194301412410206,1,1,0,0,0.5784706871509553,1,1,1,0,1,0,0,0.0009717723276259167,0.014592009871972733,0.012383889614175338,0.0020619290859618046,-11.66539757619466,41.66953782037884,-82.6006478482206,True,0.52356935,0.5141163231208226,21.650927
2025-01-03 10:50:00,2025-01-03 15:45:00,-1,324.7,324.95,eod,-0.25,0.1194895,-0.4694895,-14788.91925,1.0,2025-01-03,325.1,0.0,324.95,324.95,324.95,0.0,2025,0.0,1.0,1.0,2.0,0,10,4,1,324.7,325.15,324.6,0.6599190051277644,74.31951522743017,1.3545631682986825,1.5085859450468748,-0.1540227767481925,324.015,325.7703227323506,322.2596772676493,324.63,324.71,324.015,319.56583333333333,323.0628918779565,1.0,-0.0015398829688943,0,-0.002155836156452,0,-0.0010779180782261,0,-0.002155836156452,0,2025-01-03 10:50:00,0.0012311482010595,0.0012311482010595,141.38878048839445,0.906291954117456,0.8657948883809263,0.906291954117456,0.093708045882544,-4.681387056777516e-06,-9.756781891933756e-06,0.0014332551503878,True,153.7564529583355,0.7367492715955217,0.4108120534630661,0.7367492715955217,0.2632507284044783,-6.101232877103471e-06,-5.002537066031658e-05,0.0031186367608247,True,0,1,0,0.1540227767481923,1,1,1,0,0.6951208137898106,1,1,1,0,1,0,0,0.002109639667385286,0.01581203161893027,0.010811966321839627,0.002032396073691914,-11.44689810190837,51.66104190535548,-67.90883892823801,True,0.54806733,0.5370530733034893,22.09425
2025-01-06 11:10:00,2025-01-06 14:55:00,1,330.4,331.4,pivot,1.0,0.119854,0.7801459999999999,24574.599,1.0,2025-01-06,330.55,0.0,331.3,331.5,331.1,0.0,2025,0.0,1.0,1.0,2.0,1,11,0,1,330.4,330.75,330.4,0.654779580405553,72.05995726257305,1.215565294825808,1.1319360410989203,0.0836292537268874,328.5525,332.2376729946484,324.8673270053516,330.28000000000003,329.93,328.5525,326.305,328.648025170758,1.0,0.000453995157385,1,0.00090799031477,1,0.0013619854721551,1,0.0003026634382567,1,2025-01-06 11:10:00,0.0004538921327643,0.0021199281107071,388.9761367705667,0.7045957990362673,0.3234936323311366,0.7045957990362673,0.2954042009637326,-4.681387056777516e-06,-9.756781891933756e-06,0.0014332551503878,True,89.47225398742361,0.8436230295429579,0.6958019313520764,0.8436230295429579,0.1563769704570421,-6.101232877103471e-06,-5.002537066031658e-05,0.0031186367608247,True,0,1,1,0.08362925372688768,1,1,1,1,0.7506666583472352,0,1,1,0,1,0,0,0.005591707021791671,0.012394067796610082,0.02230734258261733,0.001981778391057969,6.026320449460384,54.093007318940295,28.601694915255,True,0.52356935,0.52855973780623,23.87599
2025-01-08 10:35:00,2025-01-08 11:45:00,1,333.75,335.75,pivot,2.0,0.120085,1.7799150000000001,56067.3225,1.0,2025-01-08,334.65,0.0,335.75,335.85,335.55,0.0,2025,0.0,1.0,1.0,2.0,1,10,2,1,333.75,334.95,333.45,0.8700161578882947,70.13940477199128,0.4149144559120259,0.095260493740375,0.3196539621716509,331.94,333.796879102381,330.083120897619,332.79,332.065,331.94,331.9625,331.4539301912142,1.0,0.0031460674157303,1,0.003445692883895,1,0.004943820224719,1,0.0073408239700374,1,2025-01-08 10:35:00,0.0025431983189164,0.008552831790307,20.89271569249642,0.978346018993198,1.7425107728080296,0.978346018993198,0.0216539810068019,-1.415753805924838e-06,-1.2080948190836065e-06,0.0014601955141059,True,4.4808205070756575,0.9880647072249336,2.6249983034159654,0.9880647072249336,0.0119352927750663,5.794256572581866e-06,-1.093779247657703e-05,0.0032623905210298,True,0,1,1,0.31965396217165093,1,1,1,1,0.9873769104512778,0,1,1,0,1,0,0,0.005423220973782779,0.005355805243445761,0.011127365407526681,0.0026067899861821563,22.42033863972821,69.25402878466036,108.53932584269249,True,0.51760906,0.5179464779472887,21.311012
2025-01-13 11:00:00,2025-01-13 11:25:00,-1,329.3,329.65,pivot,-0.3499999999999659,0.1197685,-0.5697684999999658,-17947.707749998925,1.0,2025-01-13,329.6,0.0,329.6,329.8,329.5,0.0,2025,0.0,1.0,1.0,1.0,0,11,0,1,329.3,329.7,329.25,0.5726164294002474,30.346981746958942,-0.8805903058137687,-0.8629798024030682,-0.0176105034107005,330.67,332.5386893804769,328.801310619523,329.61,329.93,330.67,332.9458333333333,331.13636222393853,-1.0,-0.0010628606134223,0,-0.0009110233829335,0,-0.0001518372304889,0,0.0013665350744002,1,2025-01-13 11:00:00,0.000910608652998,-0.000909780199219,234.64127081648056,0.8350265313875253,0.6244483968130911,0.8350265313875253,0.1649734686124747,-1.415753805924838e-06,-1.2080948190836065e-06,0.0014601955141059,True,173.5396752117991,0.3235186923119635,-0.2755164965531769,0.3235186923119635,0.6764813076880365,5.794256572581866e-06,-1.093779247657703e-05,0.0032623905210298,True,0,0,0,0.017610503410700584,0,0,0,0,0.13343292515252628,1,0,1,0,1,0,0,-0.004160340115396309,-0.011071464723150059,0.01134946480702673,0.0017388898554517077,-0.5344256255592863,4.049286544047054,-28.697236562405248,True,0.50604594,0.5162112981507175,32.89242
2025-02-03 11:00:00,2025-02-03 12:40:00,-1,321.9,321.45,pivot,0.4499999999999886,0.1193005,0.2306994999999886,7267.03424999964,1.0,2025-02-03,321.7,0.0,321.55,321.6,321.35,0.0,2025,0.0,1.0,1.0,1.0,0,11,0,2,321.9,322.0,321.5,0.7005165200406033,30.31715333155596,-1.1391995850482317,-1.3951207055866472,0.2559211205384155,322.17,323.3061986481676,321.0338013518323,322.03,322.48,322.17,327.3383333333333,323.7257490592268,-1.0,0.0001553277415344,1,-0.0009319664492078,0,0.0023299161230195,1,0.0010872941907423,1,2025-02-03 11:00:00,-0.0006215040597817,-0.0031036648129354,326.7483903929769,0.2303164525028997,-0.456617632004745,0.2303164525028997,0.7696835474971002,1.627258868253428e-05,7.872974707582796e-06,0.0013783458858697,True,51.181312583634416,0.0748855768709129,-1.0173944504673682,0.0748855768709129,0.9251144231290872,4.999326941800197e-06,3.608809407918408e-05,0.0030860723739669,True,0,0,1,0.25592112053841554,0,0,0,0,0.3811827489693748,1,0,1,0,1,0,0,-0.0008387698042871658,-0.016894480687584135,0.0070593267981835075,0.002176192979312219,7.758799852146757,11.55637584784854,-29.356943150045698,True,0.5429206,0.5162112981507175,33.868248
2025-02-03 13:55:00,2025-02-03 14:00:00,1,322.2,322.15,pivot,-0.0500000000000113,0.1193305,-0.2693305000000114,-8483.91075000036,1.0,2025-02-03,322.15,0.0,321.9,322.2,321.75,0.0,2025,0.0,1.0,1.0,1.0,1,13,0,2,322.2,322.35,322.05,0.3687528846130987,60.11336872263958,-0.021069567410791,-0.1747879507074505,0.1537183832966595,321.4975,322.06176477511787,320.93323522488214,321.81000000000006,321.525,321.4975,321.8883333333333,322.19699207475225,-1.0,-0.0009310986964618,0,0.0006207324643078,1,0.0007759155803848,1,0.0031036623215394,1,2025-02-03 13:55:00,-0.0001551951582225,0.0023308222812393,461.4086996122126,0.4188602612410637,-0.118307120586983,0.4188602612410637,0.5811397387589363,1.627258868253428e-05,7.872974707582796e-06,0.0013783458858697,True,75.41588988762032,0.8638641636420992,0.743577566915712,0.8638641636420992,0.1361358363579008,4.999326941800197e-06,3.608809407918408e-05,0.0030860723739669,True,0,0,1,0.15371838329665952,1,1,1,1,1.122491453461054,1,1,0,1,1,0,0,0.002180322780881398,0.0009673080902131206,0.0035025746438104464,0.0011444844339326464,9.240529854560133,67.47674262991596,19.5530726256957,True,0.51880836,0.520994958006543,27.530584
2025-02-10 11:05:00,2025-02-10 12:20:00,1,332.35,332.35,pivot,0.0,0.119941,-0.219941,-6928.1415,1.0,2025-02-10,332.25,0.0,332.35,332.45,332.2,0.0,2025,0.0,1.0,1.0,1.0,1,11,0,2,332.35,332.75,332.25,0.5008144328332705,58.6483421216873,0.1709662547776247,0.0678111901456627,0.1031550646319619,331.6375,332.87075628052804,330.40424371947194,332.03000000000003,331.85,331.6375,331.915,331.6073502949116,1.0,0.0003008876184743,1,0.0019557695200841,1,0.0015044380923724,1,-0.0009026628554235,0,2025-02-10 11:05:00,-0.0003009328942362,0.0015060243810378,441.2745694174016,0.3516177773591552,-0.2050040356883929,0.3516177773591552,0.6483822226408448,1.0987338160191738e-05,-9.085405286014188e-07,0.0014635046217512,True,139.2949954183803,0.7904677171025818,0.4593503726607011,0.7904677171025818,0.2095322828974182,-1.2591534013011167e-05,-4.389710459131884e-06,0.0032881525332138,True,0,0,1,0.103155064631962,1,1,1,1,0.7888693985385411,1,1,1,0,1,0,0,0.0021438242816309134,0.0013088611403640807,0.00742143090433611,0.001506888619928601,6.049873522120067,46.26588237481805,61.606739882649144,True,0.50474817,0.5129802422603179,29.800394
2025-02-10 13:15:00,2025-02-10 15:45:00,1,332.65,332.4,eod,-0.25,0.1199515,-0.4699515,-14803.47225,1.0,2025-02-10,332.75,0.0,332.4,332.4,332.4,0.0,2025,0.0,1.0,1.0,1.0,0,13,0,2,332.65,332.8,332.5,0.3309123241630297,60.62203767964888,0.07053331894258,0.0608136831066294,0.0097196358359506,332.49,333.1328554727342,331.8471445272658,332.5,332.325,332.49,331.8841666666667,332.0171385057892,1.0,0.0009018487900195,1,-0.0003006162633397,0,0.0003006162633399,1,0.0028558545017286,1,2025-02-10 13:15:00,0.0003005710873245,0.0021058972884983,455.4067729155238,0.6393435416243736,0.2059984118754409,0.6393435416243736,0.3606564583756264,1.0987338160191738e-05,-9.085405286014188e-07,0.0014635046217512,True,90.72116356294067,0.8591292991672379,0.6417850077334917,0.8591292991672379,0.1408707008327621,-1.2591534013011167e-05,-4.389710459131884e-06,0.0032881525332138,True,0,0,1,0.009719635835950598,1,1,1,1,0.6244447677480718,1,1,0,1,1,0,0,0.000480986021343659,0.0023022195500774453,0.003865056201618503,0.0009947762638299405,0.5892241298794627,37.855114239283196,-9.46941229520055,True,0.51880836,0.5309077012002038,27.332142
2025-02-17 10:35:00,2025-02-17 11:25:00,1,343.85,343.85,pivot,0.0,0.120631,-0.22063100000000002,-6949.8765,1.0,2025-02-17,343.85,0.0,343.85,343.9,343.7,0.0,2025,0.0,1.0,1.0,1.0,0,10,0,2,343.85,343.9,343.6,0.4640770657803869,68.12487243095076,0.3920448794328308,0.3015113937275773,0.0905334857052535,342.9175,344.1052776692873,341.7297223307127,343.54,343.33000000000004,342.9175,342.46,342.3874746179473,1.0,-0.0004362367311328,0,-0.0002908244874219,0,0.0,0,0.0002908244874217,1,2025-02-17 10:35:00,0.0,0.0018921481520379,502.44555950225896,0.4917178712854965,-0.0150256047376215,0.4917178712854965,0.5082821287145034,1.6377231807242532e-05,2.014715729622053e-05,0.0013408550037108,True,108.55778518627346,0.83818225479679,0.5973790270633548,0.83818225479679,0.16181774520321,-1.1737814329842253e-05,0.0001012323556407,0.0029979555947939,True,0,0,1,0.09053348570525349,1,1,1,1,0.8925397926362477,1,1,1,0,1,0,0,0.0027119383452086795,0.004042460375163714,0.006908696636831757,0.0013496497477981295,6.1675821643996995,60.80415951289162,-9.16097135378985,True,0.49724978,0.538868792314356,26.992352
2025-02-19 11:15:00,2025-02-19 11:30:00,1,353.9,353.45,pivot,-0.4499999999999886,0.1212205,-0.6712204999999886,-21143.44574999964,1.0,2025-02-19,353.9,0.0,353.6,353.7,353.4,0.0,2025,0.0,1.0,1.0,1.0,0,11,2,2,353.9,354.0,353.75,0.469195221764679,83.66522792468555,1.0813600335956153,1.141271549537359,-0.059911515941744,352.89,354.03872927654163,351.74127072345834,353.73,353.265,352.89,349.24916666666667,352.5948653965086,1.0,-0.0011302627860977,0,-0.0002825656965243,0,0.0015541113308844,1,0.0008476970895733,1,2025-02-19 11:15:00,0.0,0.0014138274658217,502.44555950225896,0.4917178712854965,-0.0150256047376215,0.4917178712854965,0.5082821287145034,1.6377231807242532e-05,2.014715729622053e-05,0.0013408550037108,True,147.10461151770542,0.7770507681553284,0.4378300707523165,0.7770507681553284,0.2229492318446716,-1.1737814329842253e-05,0.0001012323556407,0.0029979555947939,True,0,1,0,0.05991151594174382,1,1,1,1,0.9396162005379933,1,1,1,0,1,0,0,0.002853913534896838,0.013141659602524189,0.006491829762880159,0.0013257847464387652,-5.012510636579444,78.61320357973825,-8.90081944051545,True,0.5294777,0.5313414921772489,25.066738
2025-02-27 15:25:00,2025-02-27 15:45:00,1,346.45,346.55,eod,0.1000000000000227,0.12079,-0.12078999999997726,-3804.884999999284,1.0,2025-02-27,346.75,0.0,346.55,346.55,346.55,0.0,2025,0.0,1.0,1.0,1.0,0,15,3,2,346.45,346.8,346.35,0.2762464190777958,78.06126251756874,0.2692611978877721,0.1357552208390783,0.1335059770486937,345.65,346.6578638182751,344.6421361817249,346.25,346.07,345.65,345.65333333333336,345.7228873088683,1.0,-0.0001443209698369,0,-0.0167412325010824,0,-0.0203492567470053,0,-0.0235243180834174,0,2025-02-27 15:25:00,0.0008655511215507,0.0021652841372167,250.865431464272,0.8618012207484904,0.6470064211775054,0.8618012207484904,0.1381987792515095,1.9500023189098045e-05,3.085453800337656e-05,0.0012900901076503,True,86.7677097681378,0.8707260753605437,0.715514858933676,0.8707260753605437,0.1292739246394563,3.905491236143483e-05,0.000153664175022,0.0028114300312261,True,0,1,1,0.1335059770486938,1,1,1,1,0.8968790155445635,1,1,0,0,1,0,0,0.0023091355173907096,0.0022995141194014266,0.005818235348680028,0.0007973630223056596,10.421645122062586,70.01150827892278,-527.3488237840955,True,0.5518031,0.5626201769800813,20.900093
2025-03-05 08:45:00,2025-03-05 10:30:00,-1,335.5,334.9,pivot,0.6000000000000227,0.120112,0.37988800000002276,11966.472000000716,1.0,2025-03-05,335.9,0.0,334.25,335.1,333.55,0.0,2025,0.0,1.0,1.0,1.0,0,8,2,3,335.5,336.2,335.0,0.6211589002032538,69.25098138830714,0.0858380271545797,0.0051552802444588,0.0806827469101209,333.90500000000003,335.047435072894,332.7625649271061,333.85,333.93,333.90500000000003,333.835,333.50938039697786,1.0,-0.0014903129657228,0,-0.0067064083457526,0,0.0017883755588674,1,0.0017883755588674,1,2025-03-05 08:45:00,0.0085208677590584,0.0052235026611679,0.0033779184517939,1.0,6.660979627283642,1.0,0.0,1.0367245199290833e-05,7.22795300255602e-06,0.0012781362926233,True,7.962083428301621,0.978832662691962,1.8223657133132083,0.978832662691962,0.0211673373080378,5.494589651008107e-05,3.968373649536738e-05,0.0028445546833999,True,0,0,1,0.0806827469101209,1,1,1,1,1.1980703051944854,1,1,0,0,1,0,0,0.0047540983606556494,0.004962742175856991,0.006810343206521371,0.0018514423254940501,5.587359404630277,82.96754440690677,-211.25186289120688,True,0.5026101,0.5319954308653062,20.820679
2025-03-05 13:10:00,2025-03-05 13:55:00,1,336.65,336.35,pivot,-0.2999999999999545,0.12019,-0.5201899999999545,-16385.984999998567,1.0,2025-03-05,336.9,0.0,336.6,336.6,336.25,0.0,2025,0.0,1.0,1.0,1.0,0,13,2,3,336.65,336.95,336.55,0.4917559913751614,69.35929581527552,0.5040827532951084,0.3850290229921141,0.1190537303029942,335.63,337.07273132823536,334.1872686717646,336.5,336.18999999999994,335.63,335.12083333333334,335.63580353061144,1.0,-0.0002970444081389,0,-0.0007426110203475,0,0.0,0,0.0011881776325561,1,2025-03-05 13:10:00,0.0008908686558014,0.002079929437992,226.22925557326417,0.8795285057810786,0.6913509207889014,0.8795285057810786,0.1204714942189214,1.0367245199290833e-05,7.22795300255602e-06,0.0012781362926233,True,99.19377197611722,0.8698029060923607,0.7172460819273294,0.8698029060923607,0.1301970939076393,5.494589651008107e-05,3.968373649536738e-05,0.0028445546833999,True,0,0,1,0.11905373030299432,1,1,1,1,0.8534961707830809,1,1,0,1,1,0,0,0.0030298529630179176,0.004542304074459053,0.00857110546998585,0.0014607336740685027,8.257482897997406,59.19789338654862,-23.39224714094625,True,0.51760906,0.5312973595761797,20.820679
2025-03-21 13:35:00,2025-03-21 14:10:00,1,355.15,354.25,pivot,-0.8999999999999773,0.121282,-1.1212819999999772,-35320.38299999928,1.0,2025-03-21,355.1,0.0,354.5,354.5,354.2,0.0,2025,0.0,1.0,1.0,1.0,0,13,4,3,355.15,355.3,355.05,0.335585423700397,61.88573646121467,0.208491835177881,0.1706140807510168,0.0378777544268642,354.65500000000003,355.21026191393,354.09973808607003,355.01,354.745,354.65500000000003,353.88,354.23552413686065,1.0,-0.0007039279177812,0,-0.0022525693368997,0,-0.002393354920456,0,-0.0025341405040123,0,2025-03-21 13:35:00,-0.0001407954947766,0.0005633802965914,540.9068805905218,0.4123243363185003,-0.1236011696475811,0.4123243363185003,0.5876756636814997,1.743266971161024e-05,2.3507203171147373e-05,0.0013292972745829,True,219.0614111132484,0.6135032391028615,0.1541978746993528,0.6135032391028615,0.3864967608971384,7.894841024307117e-05,0.0001192762993126,0.0028800915586207,True,0,0,1,0.037877754426864196,1,1,1,1,0.9457355957447803,1,1,0,1,1,0,0,0.0013937772772066668,0.0035759538223285427,0.0031269149031676554,0.0009449117941725948,2.3440927282035253,58.527543840251326,-70.95593411234054,True,0.5113159,0.5142592727996514,23.674023
2025-04-01 10:50:00,2025-04-01 11:45:00,1,338.8,339.75,pivot,0.9499999999999886,0.1203565,0.7296434999999886,22983.77024999964,1.0,2025-04-01,339.2,0.0,339.65,339.85,339.65,0.0,2025,0.0,1.0,1.0,1.0,1,10,1,4,338.8,339.25,338.6,0.7859834460571999,69.05857524682123,0.6417706651120625,0.4508373207475178,0.1909333443645446,336.995,339.2282181172694,334.7617818827306,337.78,337.255,336.995,335.3375,336.60623828718,1.0,0.0007378984651711,1,0.0035419126328216,1,0.0028040141676504,1,0.0044273907910271,1,2025-04-01 10:50:00,0.0011799411398485,0.0069521765110791,132.47488817816955,0.9165523162768852,0.8697760973002989,0.9165523162768852,0.0834476837231148,6.4412760031409e-06,2.8421202982370495e-07,0.0013562765537938,True,4.7482805991177885,0.984693688068493,2.371690394726065,0.984693688068493,0.015306311931507,2.136342535280006e-05,1.9904846420007448e-06,0.002930477789973,True,0,0,1,0.19093334436454468,1,1,1,1,0.9041253261474976,0,1,1,0,1,0,0,0.00532762691853603,0.010219893742621116,0.013183105769004819,0.0023199039139822904,13.185584728926134,62.43760686831376,111.57024793388041,True,0.51328784,0.5296823546494612,23.377937
2025-04-03 12:05:00,2025-04-03 12:50:00,1,332.25,332.1,pivot,-0.1499999999999772,0.1199305,-0.3699304999999773,-11652.810749999284,1.0,2025-04-03,332.7,0.0,332.15,332.15,331.85,0.0,2025,0.0,1.0,1.0,1.0,0,12,3,4,332.25,332.85,332.2,0.6629242140117274,60.45097253086997,0.1181577602261541,-0.0537104223303965,0.1718681825565506,331.4425,332.7830713631362,330.1019286368638,332.0,331.79,331.4425,332.6858333333333,330.7200561463524,1.0,0.0004514672686229,1,-0.0004514672686229,0,-0.000300978179082,0,0.0028592927012791,1,2025-04-03 12:05:00,0.0013534854310763,0.004367805723999,95.6906113783852,0.9361785206499186,0.9977325164703854,0.9361785206499186,0.0638214793500814,6.4412760031409e-06,2.8421202982370495e-07,0.0013562765537938,True,17.738299770796004,0.961414478808636,1.4897963923477435,0.961414478808636,0.038585521191364,2.136342535280006e-05,1.9904846420007448e-06,0.002930477789973,True,0,0,1,0.1718681825565506,1,0,1,1,0.8011775509328022,1,1,0,1,1,0,0,0.0024303987960872975,-0.0013117632304989557,0.008069654556124472,0.0019952572280262674,10.389598782656584,48.4319621237885,-14.22121896162135,True,0.51880836,0.5129221279092625,25.083313
2025-04-10 11:15:00,2025-04-10 12:35:00,1,321.85,321.5,pivot,-0.3500000000000227,0.1193005,-0.5693005000000227,-17932.965750000716,1.0,2025-04-10,322.65,0.0,322.0,322.05,321.45,0.0,2025,0.0,1.0,1.0,1.0,1,11,3,4,321.85,322.7,321.8,0.7811237158050088,76.77418921410859,1.7251125011092654,2.0008822754922835,-0.2757697743830181,320.83,322.34601971917454,319.31398028082543,321.91,321.355,320.83,312.95416666666665,320.2651043644777,1.0,0.0024856299518407,1,0.0007767593599502,1,0.0010874631039302,1,0.0012428149759203,1,2025-04-10 11:15:00,0.0024825458832237,0.0041928782600359,20.797401213073105,0.9758183810746835,1.463352957008864,0.9758183810746835,0.0241816189253164,7.556532870725675e-06,-1.172253647869367e-05,0.0017044885909143,True,28.263357875772265,0.9369366591863054,1.14661266233689,0.9369366591863054,0.0630633408136945,8.806858624153473e-06,-6.148710381591302e-05,0.0037103770990816,True,0,1,0,0.2757697743830181,1,1,0,1,0.8364072337249718,1,1,1,0,1,0,0,0.0031691781885972927,0.027639687224897843,0.009420660053904309,0.002426980630122755,-21.172000838013865,64.21448722205014,24.4679198384313,True,0.532362,0.5547698468260093,22.001822
2025-04-23 08:45:00,2025-04-23 10:40:00,1,333.0,332.5,pivot,-0.5,0.119965,-0.719965,-22678.8975,1.0,2025-04-23,334.55,0.0,332.45,332.6,332.3,0.0,2025,0.0,2.0,2.0,2.0,1,8,2,4,333.0,334.65,332.6,0.6627131370798053,89.7256168039866,0.3625485160452513,-0.0822904743005904,0.4448389903458417,328.6875,331.46766943830136,325.90733056169864,329.63,328.94500000000005,328.6875,329.08916666666664,331.148713381838,1.0,0.0045045045045045,1,0.0015015015015015,1,-0.0027027027027026,0,0.0007507507507507,1,2025-04-23 08:45:00,0.0180973118849489,0.0197727368446822,8.618841489481803e-60,1.0,6.895342470004348,1.0,0.0,-3.545213864440601e-06,-3.412587170777189e-05,0.0026295195395342,True,0.1805025804029874,0.9981840102418128,3.6650027414563047,0.9981840102418128,0.001815989758187,-9.368665117281058e-06,-0.0001709394422788,0.0054416538523614,True,0,1,1,0.4448389903458417,1,1,1,1,1.2755822254191231,0,1,0,0,0,0,0,0.01295045045045045,0.011744244244244317,0.016697714344152292,0.001990129540780196,39.91345278724329,114.4524019599327,47.29729729729725,True,0.52970254,0.5166881349767888,55.844376
2025-04-25 12:25:00,2025-04-25 13:35:00,1,337.85,337.45,pivot,-0.4000000000000341,0.120259,-0.6202590000000341,-19538.158500001075,1.0,2025-04-25,337.8,0.0,337.5,337.65,337.4,0.0,2025,0.0,1.0,1.0,1.0,1,12,4,4,337.85,337.95,337.7,0.3868403602219589,69.83947021257754,0.3440623272821881,0.2236460437865285,0.1204162834956595,336.75750000000005,337.83124161415,335.6837583858501,337.53000000000003,337.165,336.75750000000005,336.12,336.8121881765802,1.0,-0.0004439840165755,0,0.0004439840165753,1,0.0010359627053425,1,-0.0010359627053426,0,2025-04-25 12:25:00,-0.0001480056244839,0.0019260691931087,399.1912065543401,0.4415248353211142,-0.0433081979669718,0.4415248353211142,0.5584751646788857,-3.545213864440601e-06,-3.412587170777189e-05,0.0026295195395342,True,108.497087435272,0.7947199902865446,0.385362371860082,0.7947199902865446,0.2052800097134554,-9.368665117281058e-06,-0.0001709394422788,0.0054416538523614,True,0,0,1,0.12041628349565961,1,1,1,1,1.008735055809912,1,1,0,1,1,0,0,0.003233683587390773,0.0051206156578363715,0.006356321528192534,0.0011450062460321411,8.409809444304404,70.44952188261908,13.98549652212195,True,0.5005828,0.5392558452170085,22.745096
2025-04-29 11:15:00,2025-04-29 11:30:00,1,340.75,341.0,pivot,0.25,0.1204525,0.029547499999999977,930.7462499999992,1.0,2025-04-29,340.65,0.0,340.85,341.0,340.8,0.0,2025,0.0,1.0,1.0,1.0,0,11,1,4,340.75,340.8,340.55,0.367478497402977,81.37499015432078,0.7545245596108998,0.6340622468916066,0.1204623127192932,339.2425,341.1661136502143,337.3188863497857,340.41,340.005,339.2425,337.93916666666667,339.5883403820622,1.0,0.0008804108584006,1,-0.0004402054292002,0,-0.0002934702861335,0,-0.0033749082905355,0,2025-04-29 11:15:00,-0.0002935133569648,0.0019099396094701,382.3023604484232,0.3842373124253472,-0.0986444410689003,0.3842373124253472,0.6157626875746527,-3.545213864440601e-06,-3.412587170777189e-05,0.0026295195395342,True,109.31285143384432,0.7929625403200806,0.3823982760031524,0.7929625403200806,0.2070374596799193,-9.368665117281058e-06,-0.0001709394422788,0.0054416538523614,True,0,1,1,0.1204623127192932,1,1,1,1,0.891840638017945,0,1,1,0,1,0,0,0.004424064563462929,0.008248960626069949,0.011290468966775012,0.0010784401978077094,9.802619511499195,72.57352313793344,-13.8664710198063,True,0.5356686,0.5377699205471631,46.186775
2025-05-14 11:25:00,2025-05-14 13:45:00,1,351.8,352.4,pivot,0.5999999999999659,0.121126,0.3788739999999659,11934.530999998926,1.0,2025-05-14,351.9,0.0,352.25,352.45,352.2,0.0,2025,0.0,1.0,1.0,1.0,1,11,2,5,351.8,352.2,351.8,0.3931585433762603,77.5454185073198,0.5275620770692626,0.4674089302019432,0.0601531468673193,350.61,351.7086115652457,349.51138843475434,351.29999999999995,351.025,350.61,349.00333333333333,350.8291481096014,1.0,0.0012791358726548,1,0.0015633882888004,1,0.0039795338260374,1,0.003695281409892,1,2025-05-14 11:25:00,0.000426348333041,0.0024183808642814,394.52135103004105,0.6784248354390279,0.1642018104107016,0.6784248354390279,0.3215751645609721,1.201575636112223e-05,3.014123066991653e-05,0.0024129277343539,True,86.26232308876405,0.8643145893818976,0.4615387245525666,0.8643145893818976,0.1356854106181023,7.010908781136922e-05,0.0001517288947114,0.0049110764687563,True,0,1,1,0.06015314686731943,1,1,1,1,1.0415926964749753,1,1,1,0,1,0,0,0.0033826037521318864,0.0079495925715369,0.006245659836530279,0.00111756265882962,4.664600948358547,80.77074156231969,49.2467310972126,True,0.55597484,0.5519252194758101,19.932383
2025-05-22 08:45:00,2025-05-22 11:15:00,-1,347.5,344.55,pivot,2.9499999999999886,0.1207615,2.7292384999999886,85971.01274999965,1.0,2025-05-22,347.2,0.0,344.4,344.55,344.4,0.0,2025,0.0,1.0,1.0,1.0,1,8,3,5,347.5,347.65,347.2,0.3743879701710304,14.445771614516616,-0.422235548625963,-0.223058343644439,-0.199177204981524,349.665,351.1690646691813,348.16093533081875,348.77,349.135,349.665,349.8825,348.6708904892668,-1.0,-0.0,0,0.0015827338129496,1,0.0020143884892086,1,0.0061870503597121,1,2025-05-22 08:45:00,-0.005170939416232,-0.0061733022122647,2.516669672750003,0.0,-5.214062257271031,0.0,1.0,1.1889709753695314e-05,3.694420213122399e-05,0.0009988150047692,True,3.22424875366346,0.004019055599701,-2.942585994062244,0.004019055599701,0.9959809444002988,7.412108695241558e-05,0.0001869006361737,0.0021614331276205,True,1,0,0,0.19917720498152403,0,0,0,0,-0.21971639396945597,1,0,0,0,1,0,0,-0.006230215827338188,-0.00685611510791365,0.008656487304640434,0.001077375453729584,-2.877268413980857,-3.1739728472479167,49.8561151079124,True,0.5023872,0.568198361081891,87.55635
2025-05-26 11:30:00,2025-05-26 12:25:00,1,349.4,349.65,pivot,0.25,0.1209715,0.029028500000000002,914.3977500000001,1.0,2025-05-26,349.45,0.0,349.65,349.9,349.55,0.0,2025,0.0,1.0,1.0,1.0,1,11,0,5,349.4,349.7,349.4,0.3838290776848376,80.41548903028645,0.6700220663782943,0.578697870221372,0.0913241961569223,348.065,349.46541347370555,346.66458652629444,348.99,348.61499999999995,348.065,346.5108333333333,348.4100224199108,1.0,0.000858614768174,1,0.0012879221522611,1,0.0007155123068116,1,-0.0001431024613622,0,2025-05-26 11:30:00,0.0001430922231817,0.0028657420386102,625.8582157369369,0.5837674261804462,0.1062739551806101,0.5837674261804462,0.4162325738195538,1.1889709753695314e-05,3.694420213122399e-05,0.0009988150047692,True,42.481884296991566,0.9425212745819116,1.239382041574192,0.9425212745819116,0.0574787254180884,7.412108695241558e-05,0.0001869006361737,0.0021614331276205,True,0,1,1,0.09132419615692233,1,1,1,1,0.9766449427494835,1,1,1,0,1,0,0,0.003820835718374298,0.008268937225720247,0.008016104600489727,0.0010985377151827064,7.343879894256713,78.53738068015583,40.56954779622465,True,0.5486942,0.5436481977268903,29.108751
2025-06-02 12:00:00,2025-06-02 13:50:00,-1,359.0,358.6,pivot,0.3999999999999772,0.121528,0.17847199999997726,5621.867999999284,1.0,2025-06-02,359.0,0.0,358.55,358.7,358.25,0.0,2025,0.0,1.0,1.0,1.0,0,12,0,6,359.0,359.2,358.9,0.5636723823544968,35.07727937041287,-0.3021279446220433,-0.1293312826668862,-0.172796661955157,360.315,361.4229141158696,359.20708588413044,359.65,360.085,360.315,360.3475,359.9614355023847,-1.0,0.0011142061281336,1,-0.0002785515320334,0,0.0002785515320334,1,0.0005571030640668,1,2025-06-02 12:00:00,0.0,-0.0038921372459039,613.8368025417973,0.4942531502753738,-0.0480576175879833,0.4942531502753738,0.5057468497246261,9.313162051157338e-06,4.994023219618413e-05,0.0010391741143795,True,12.60469585568955,0.0181331785761463,-1.8099036046553325,0.0181331785761463,0.9818668214238536,8.055380893689452e-05,0.0002513567641201,0.0022893451338327,True,0,0,0,0.17279666195515708,0,0,0,0,-0.09345755287534004,1,0,0,1,1,0,0,-0.003662952646239548,-0.0037534818941504875,0.006172223486738665,0.0015701180566977627,-6.061236785675835,-3.2782366914834347,-8.7743732590521,True,0.49269873,0.5226535620970215,22.637161
2025-06-02 14:40:00,2025-06-02 15:45:00,1,359.0,359.15,eod,0.1499999999999772,0.1215445,-0.07154450000002274,-2253.651750000716,1.0,2025-06-02,359.5,0.0,359.15,359.15,359.15,0.0,2025,0.0,1.0,1.0,1.0,1,14,0,6,359.0,359.55,359.0,0.4017999617369739,59.60301943148465,-0.0179290919490995,-0.1361730996764354,0.1182440077273358,358.6875,359.3748863569719,358.0001136430281,359.0,358.915,358.6875,359.5516666666667,359.42933715444724,1.0,0.0025069637883007,1,0.0008356545961003,1,-0.0001392757660167,0,0.0225626740947075,1,2025-06-02 14:40:00,0.0015310741386094,0.0019490469764602,44.59759842761041,0.9709064249323616,1.42529907733273,0.9709064249323616,0.0290935750676384,9.313162051157338e-06,4.994023219618413e-05,0.0010391741143795,True,103.73289354713208,0.8684108802426231,0.7415615003832066,0.8684108802426231,0.1315891197573768,8.055380893689452e-05,0.0002513567641201,0.0022893451338327,True,0,0,1,0.1182440077273359,1,0,0,1,0.7273103014268694,1,0,0,1,1,0,0,0.0008704735376044568,-0.0015366759517177618,0.003829450456667962,0.001119219949128061,7.047699890229016,43.34989002866465,26.32311977715945,True,0.5122453,0.5242844583164427,24.881428
2025-06-04 08:45:00,2025-06-04 11:05:00,-1,364.9,369.65,pivot,-4.75,0.1220365,-4.972036500000001,-156619.14975,1.0,2025-06-04,364.25,0.0,369.65,369.8,369.5,0.0,2025,0.0,2.0,2.0,2.0,0,8,2,6,364.9,365.8,364.2,0.838540799074035,81.91964715150056,0.4776721980451839,0.1814482568152099,0.296223941229974,359.5125,361.8588016819649,357.1661983180352,360.29,359.885,359.5125,359.37666666666667,361.9628075768045,1.0,0.0026034530008221,1,-0.0032885722115649,0,-0.0065771444231297,0,-0.0124691696355166,0,2025-06-04 08:45:00,0.0141003165545036,0.0127091087619489,0.1844291306771056,1.0,13.52071431330469,1.0,0.0,9.313162051157338e-06,4.994023219618413e-05,0.0010391741143795,True,0.1913361298265995,1.0,5.441622503188144,1.0,0.0,8.055380893689452e-05,0.0002513567641201,0.0022893451338327,True,0,1,1,0.296223941229974,1,1,1,1,1.6480833946912328,0,1,0,0,0,0,0,0.014764318991504492,0.015136567096007981,0.0128599708520957,0.0022980016417485202,24.266560743386304,135.010410169353,-103.59002466429436,True,0.5429844,0.5306342837594196,46.797947
2025-06-04 11:35:00,2025-06-04 14:05:00,1,369.35,369.5,pivot,0.1499999999999772,0.1221655,-0.07216550000002274,-2273.2132500007165,1.0,2025-06-04,369.3,0.0,369.7,369.75,369.45,0.0,2025,0.0,1.0,1.0,1.0,1,11,2,6,369.35,369.35,369.15,0.4839880090837484,68.6130131752671,0.9395017761380586,1.230672473084219,-0.2911706969461602,369.3,369.6893314170492,368.9106685829508,369.3200000000001,369.39,369.3,364.3958333333333,368.0817486973786,1.0,-0.0001353729524841,0,0.0001353729524839,1,0.0008122377149044,1,0.0005414918099363,1,2025-06-04 11:35:00,-0.0001353821162292,0.0002708192298203,595.7202555928616,0.4115766823208935,-0.1783361862666315,0.4115766823208935,0.5884233176791065,9.313162051157338e-06,4.994023219618413e-05,0.0010391741143795,True,253.7923414808724,0.5485442982244013,0.0085013244235561,0.5485442982244013,0.4514557017755987,8.055380893689452e-05,0.0002513567641201,0.0022893451338327,True,0,0,0,0.29117069694616027,1,1,1,0,0.5642126448194166,1,1,1,0,1,0,0,0.00013537295248412445,0.013413203375299061,0.002108197736830605,0.0013103777151313074,-19.978098865818595,38.71232963264693,4.26424800324285,True,0.52064073,0.5192433971835343,21.702078
2025-06-05 10:55:00,2025-06-05 11:10:00,-1,379.2,379.35,pivot,-0.1500000000000341,0.1227565,-0.3727565000000341,-11741.829750001074,1.0,2025-06-05,379.05,0.0,379.35,379.5,379.15,0.0,2025,0.0,1.0,1.0,2.0,0,10,3,6,379.2,379.35,379.0,0.6614019363094138,85.51656279921943,1.8054639757477275,1.7875948157173145,0.017869160030413,376.8825,380.6540381485229,373.1109618514771,378.89,378.545,376.8825,372.4125,377.16342390640045,1.0,-0.0001318565400844,0,-0.0015822784810127,0,0.0035601265822783,1,0.0054061181434599,1,2025-06-05 10:55:00,-0.0003956478785537,0.0029062107641271,493.0798992780688,0.267313021542523,-0.428790618034193,0.267313021542523,0.732686978457477,9.313162051157338e-06,4.994023219618413e-05,0.0010391741143795,True,42.05889044103856,0.9335516408053935,1.1596565152071483,0.9335516408053935,0.0664483591946064,8.055380893689452e-05,0.0002513567641201,0.0022893451338327,True,0,1,1,0.017869160030413056,1,1,1,1,0.8072353916011209,0,1,1,0,1,0,0,0.006111550632911381,0.017899525316455608,0.01989207884242032,0.0017442034185374837,1.528109145910115,69.03199605960974,-49.84177215190005,True,0.51813495,0.5564709082312439,31.217066
2025-06-05 11:10:00,2025-06-05 14:35:00,1,379.35,375.6,pivot,-3.75,0.1226485,-3.9726485,-125138.42775,1.0,2025-06-05,379.35,0.0,375.95,376.0,375.6,0.0,2025,0.0,1.0,1.0,2.0,0,11,3,6,379.35,379.5,379.15,0.6192237806384061,86.51902895150376,1.6770248406286328,1.7536749187373029,-0.07665007810867,377.625,381.03743854859687,374.21256145140313,379.24,378.8850000000001,377.625,372.8958333333333,377.49301102776593,1.0,0.0006590220113351,1,-0.0018452616317386,0,-0.0052721760906814,0,-0.0085672861473573,0,2025-06-05 11:10:00,0.0,0.0006592392617946,613.8368025417973,0.4942531502753738,-0.0480576175879833,0.4942531502753738,0.5057468497246261,9.313162051157338e-06,4.994023219618413e-05,0.0010391741143795,True,237.79875992565303,0.6450262519222304,0.1781655774162543,0.6450262519222304,0.3549737480777696,8.055380893689452e-05,0.0002513567641201,0.0022893451338327,True,0,1,0,0.07665007810867008,1,1,1,1,0.752751804235319,0,1,1,0,1,0,0,0.004547251878212792,0.017013751592636635,0.01799097692683204,0.001632328405531583,-6.631690327019044,65.12735514393225,-58.1257413997659,True,0.51813495,0.5564709082312439,34.566074
2025-06-18 13:20:00,2025-06-18 13:35:00,1,398.6,397.3,pivot,-1.3000000000000114,0.123877,-1.5238770000000115,-48002.12550000036,1.0,2025-06-18,397.05,0.0,397.8,397.85,397.2,0.0,2025,0.0,1.0,1.0,1.0,1,13,2,6,398.6,398.65,397.0,0.6729695402029613,35.78079138814067,-0.1629222825587817,-0.018141480719803,-0.1447808018389786,398.615,399.8952549120262,397.3347450879737,398.17,398.31,398.615,397.8591666666667,398.2958634140105,-1.0,-0.0038886101354741,0,0.0005017561465127,1,0.0003763171098845,1,0.0010035122930255,1,2025-06-18 13:20:00,-0.0038961904374743,-0.0027666013622338,1.6427694976005185,0.0032457972461016,-3.606601917862992,0.0032457972461016,0.9967542027538984,1.1857629779822364e-05,6.247717099638172e-05,0.0010976170086485,True,51.77538520844416,0.0620409777014485,-1.210623347757668,0.0620409777014485,0.9379590222985515,6.66731998340935e-05,0.0003148160073456,0.0025453146722198,True,0,0,0,0.14478080183897868,0,1,1,1,0.49414179166233807,1,1,0,1,1,0,0,-3.763171098842538e-05,0.0018585883927078315,0.0064237577121236174,0.0016883330160636259,-5.1803716676082265,17.68078436363219,15.80531861515005,True,0.5020473,0.5313218988203029,21.830938
2025-06-19 14:50:00,2025-06-19 15:45:00,1,399.25,399.25,eod,0.0,0.123955,-0.22395500000000002,-7054.5825,1.0,2025-06-19,399.4,0.0,399.25,399.25,399.25,0.0,2025,0.0,1.0,1.0,1.0,1,14,3,6,399.25,399.5,399.2,0.4451613218476171,60.19453402302783,0.250554348022149,0.1923821012958977,0.0581722467262513,398.7925,399.5487198286624,398.0362801713375,399.2,398.835,398.7925,398.095,398.8656672227288,1.0,0.0007514088916719,1,0.001753287413901,1,0.0062617407639323,1,0.0031308703819661,1,2025-06-19 14:50:00,0.0003756338865929,0.0020050132030203,446.0008999960639,0.6750374576324331,0.251730061666516,0.6750374576324331,0.3249625423675669,2.399517466845896e-05,7.01315035741336e-05,0.0012136110442922,True,103.3404197581262,0.8160992139760965,0.586026897551996,0.8160992139760965,0.1839007860239034,0.0001325508842753,0.0003495233733425,0.0028249383033326,True,0,0,1,0.05817224672625129,1,1,1,1,0.8024914070352008,1,1,0,1,1,0,0,0.0011458985597995787,0.002892924232936688,0.003788202022103634,0.0011149939182156972,3.501651284759303,48.30559630396787,55.228553537881496,True,0.50837976,0.5254459187654866,22.43115
2025-06-20 15:15:00,2025-06-20 15:45:00,1,405.45,405.15,eod,-0.3000000000000113,0.124318,-0.5243180000000114,-16516.01700000036,1.0,2025-06-20,405.35,0.0,405.15,405.15,405.15,0.0,2025,0.0,1.0,1.0,1.0,0,15,4,6,405.45,405.5,405.2,0.3856919027061522,61.41552716685864,0.212754060080897,0.1614806663501102,0.0512733937307868,404.84,405.5155894178596,404.1644105821404,405.31000000000006,405.09,404.84,404.4025,404.3796269377612,1.0,0.0004932790726353,1,-0.0099889012208657,0,-0.0138118140337895,0,-0.0117153779750894,0,2025-06-20 15:15:00,-0.00024666995685,0.0009872887387173,484.6561000271752,0.3602650984381514,-0.2610403571342776,0.3602650984381514,0.6397349015618485,2.399517466845896e-05,7.01315035741336e-05,0.0012136110442922,True,179.25492690765915,0.673340202586952,0.225762582008387,0.673340202586952,0.3266597974130479,0.0001325508842753,0.0003495233733425,0.0028249383033326,True,0,0,1,0.05127339373078679,1,1,1,1,0.9514576337893211,1,1,0,0,1,0,0,0.0015045011715378311,0.002583549142927645,0.0033325412152402705,0.0009512687204492594,3.148982505610176,58.43427215610309,-314.65038845726957,True,0.5206551,0.519912081842113,22.414095
2025-06-23 12:45:00,2025-06-23 14:10:00,1,403.35,404.5,pivot,1.1499999999999773,0.1242355,0.9257644999999772,29161.581749999285,1.0,2025-06-23,403.4,0.0,404.45,404.6,404.4,0.0,2025,0.0,1.0,1.0,1.0,1,12,0,6,403.35,403.6,403.2,0.6116904977155894,62.447724875343376,0.2495944862049555,0.1440844397523361,0.1055100464526193,402.5125,403.5587338513874,401.4662661486126,402.84,402.44,402.5125,402.2458333333333,401.6381833945289,1.0,0.000495847279038,1,0.0008677327383165,1,0.0,0,0.0021073509359116,1,2025-06-23 12:45:00,0.0,0.0047210921332949,525.7262839166567,0.4873127865795255,-0.0577874632106971,0.4873127865795255,0.5126872134204745,2.399517466845896e-05,7.01315035741336e-05,0.0012136110442922,True,17.528899949855706,0.9463360398594884,1.547491764614873,0.9463360398594884,0.0536639601405115,0.0001325508842753,0.0003495233733425,0.0028249383033326,True,0,0,1,0.10551004645261941,1,1,1,1,0.900245126311596,1,1,0,1,1,0,0,0.002076360480971945,0.0027374901863561237,0.005187722084479478,0.0015165253445285467,6.588862352457869,56.2182599682753,27.33358125696975,True,0.50837976,0.5444931143462056,24.67998
2025-06-23 14:10:00,2025-06-23 15:45:00,1,404.5,404.55,eod,0.0500000000000113,0.1242715,-0.17427149999998864,-5489.552249999642,1.0,2025-06-23,404.45,0.0,404.55,404.55,404.55,0.0,2025,0.0,1.0,1.0,1.0,0,14,0,6,404.5,404.6,404.4,0.429150737054502,68.31283906904467,0.4175178068907144,0.35646898517615,0.0610488217145643,403.6475,404.4066373277893,402.8883626722106,404.08,403.715,403.6475,402.1816666666667,403.30451942817257,1.0,-0.0002472187886279,0,-0.0008652657601978,0,0.0016069221260815,1,0.0187886279357231,1,2025-06-23 14:10:00,-0.0001236170345847,0.0027234480809781,514.6249804064595,0.4223742469748184,-0.1596463208456657,0.4223742469748184,0.5776257530251816,2.399517466845896e-05,7.01315035741336e-05,0.0012136110442922,True,64.29105867228131,0.8753578057372532,0.8403456828897793,0.8753578057372532,0.1246421942627468,0.0001325508842753,0.0003495233733425,0.0028249383033326,True,0,0,1,0.06104882171456438,1,1,1,1,1.061492610620629,1,1,0,1,1,0,0,0.0021075401730532026,0.005731355583024297,0.00375346021156675,0.0010609412535339975,4.170418333141831,72.51357388230713,-27.255871446230703,True,0.5009967,0.5495300711903506,23.751053
2025-06-25 14:25:00,2025-06-25 15:05:00,1,419.25,419.75,pivot,0.5,0.12517,0.27483,8657.145,1.0,2025-06-25,419.8,0.0,420.1,420.25,419.75,0.0,2025,0.0,1.0,1.0,1.0,1,14,2,6,419.25,420.0,419.1,0.6002012457465478,63.44123790799326,0.2122046700869191,-0.0063566536371945,0.2185613237241137,418.27,419.7401951212671,416.7998048787329,419.2,418.755,418.27,418.8891666666667,419.0855685202313,1.0,0.0023852116875372,1,0.0003577817531305,1,0.001669648181276,1,-0.0031007751937984,0,2025-06-25 14:25:00,0.0014302743797003,0.0022655467867141,95.41402272055076,0.9299989697127616,1.1207403578956447,0.9299989697127616,0.0700010302872384,2.399517466845896e-05,7.01315035741336e-05,0.0012136110442922,True,87.49733108548715,0.8408840924725693,0.6782531891444037,0.8408840924725693,0.1591159075274306,0.0001325508842753,0.0003495233733425,0.0028249383033326,True,0,0,1,0.2185613237241136,1,1,1,1,0.833289094020177,1,1,0,1,1,0,0,0.002337507453786567,0.000860663883919593,0.0070134531724131005,0.0014316070262290943,13.865800935867428,52.86489165987022,11.27012522361075,True,0.5206551,0.5223053163375934,20.976559
2025-06-25 15:05:00,2025-06-25 15:45:00,-1,419.75,419.55,eod,0.1999999999999886,0.125179,-0.025179000000011376,-793.1385000003584,1.0,2025-06-25,420.1,0.0,419.55,419.55,419.55,0.0,2025,0.0,1.0,1.0,1.0,1,15,2,6,419.75,420.25,419.75,0.5847847627878947,60.85918566922184,0.4144070452745723,0.3364176101662208,0.0779894351083514,419.1625,420.8914714039698,417.4335285960303,419.86,419.87,419.1625,418.99750000000006,419.0855685202313,1.0,-0.0001191185229303,0,0.0003573555687908,1,0.0027397260273972,1,0.0065515187611673,1,2025-06-25 15:05:00,0.0007143707888038,0.0,303.52729977909325,0.8031587952641513,0.5308449426689341,0.8031587952641513,0.1968412047358486,2.399517466845896e-05,7.01315035741336e-05,0.0012136110442922,True,215.8220693099624,0.4712837180519192,-0.1237277900654291,0.4712837180519192,0.5287162819480807,0.0001325508842753,0.0003495233733425,0.0028249383033326,True,0,0,1,0.07798943510835149,1,1,0,0,0.6698987035445026,1,1,0,0,1,0,0,0.001399642644431155,0.00179273377010111,0.008238100793185101,0.0013931739435089807,4.746373511496886,40.76948957858588,11.256700416910201,True,0.49451068,0.5408741311162869,22.631004
2025-06-26 10:35:00,2025-06-26 10:55:00,-1,413.4,412.45,pivot,0.9499999999999886,0.1247755,0.7252244999999885,22844.57174999964,1.0,2025-06-26,413.6,0.0,411.7,412.75,411.65,0.0,2025,0.0,1.0,1.0,0.0,1,10,3,6,413.4,413.7,412.9,1.020505057938859,25.88225731929208,-1.263828617486638,-0.9352517443684694,-0.3285768731181686,416.5224999999999,419.629448919623,413.4155510803769,414.4200000000001,415.43,416.5224999999999,418.1775,416.4703985206132,-1.0,0.0007256894049345,1,0.001088534107402,1,0.0030237058538945,1,0.006047411707789,1,2025-06-26 10:35:00,0.0004836759465516,-0.0054252951204771,404.1465484225976,0.7211565597459464,0.3407553391364065,0.7211565597459464,0.2788434402540536,2.399517466845896e-05,7.01315035741336e-05,0.0012136110442922,True,11.984315647160455,0.0181778848288134,-2.0442281826144444,0.0181778848288134,0.9818221151711866,0.0001325508842753,0.0003495233733425,0.0028249383033326,True,1,0,0,0.32857687311816863,0,0,0,0,-0.002502628910098322,1,0,1,0,1,0,0,-0.007553217223028412,-0.011556603773584983,0.015031199417624822,0.0024685656940949662,-8.504311179212824,-0.06477368542586426,34.288824383162996,True,0.54264575,0.5189053330629801,27.15913
2025-06-26 10:55:00,2025-06-26 11:20:00,-1,412.45,412.85,pivot,-0.4000000000000341,0.124759,-0.6247590000000341,-19679.908500001075,1.0,2025-06-26,411.7,0.0,412.5,413.05,412.25,0.0,2025,0.0,1.0,1.0,0.0,0,10,3,6,412.45,412.75,411.65,0.9725750978704654,19.43909501341628,-1.612888203943328,-1.2712701164117095,-0.3416180875316184,415.395,419.3586373525728,411.4313626474272,412.72,413.7950000000001,415.395,417.765,415.1441584693744,-1.0,-0.0012122681537156,0,-0.0001212268153715,0,0.0046066189841192,1,-0.0004849072614862,0,2025-06-26 10:55:00,-0.0019412769988767,-0.0041207184718088,37.54834995477599,0.029575575493449,-1.657374915884939,0.029575575493449,0.9704244245065508,2.399517466845896e-05,7.01315035741336e-05,0.0012136110442922,True,21.86485906929639,0.0398312438017703,-1.5824210531881917,0.0398312438017703,0.9601687561982296,0.0001325508842753,0.0003495233733425,0.0028249383033326,True,1,0,0,0.3416180875316186,0,0,0,0,0.12849779911267525,1,0,1,0,1,0,0,-0.007140259425384879,-0.012886410473996843,0.019219965341606582,0.0023580436364903997,-6.640746461828689,2.4978809259661725,-3.81864468420225,True,0.5407255,0.6037365485105415,29.72438
2025-07-02 13:25:00,2025-07-02 15:10:00,1,413.2,414.8,pivot,1.6000000000000227,0.12484,1.3751600000000228,43317.54000000072,1.0,2025-07-02,413.2,0.0,414.75,414.85,414.6,0.0,2025,0.0,1.0,1.0,1.0,1,13,2,7,413.2,413.6,413.05,0.6221632269861893,55.98473307578638,0.1690945551184768,0.0752873384490119,0.0938072166694648,412.725,413.37348001171137,412.0765199882887,412.9599999999999,412.86,412.725,412.8091666666666,413.5995924143127,-1.0,0.0006050338818973,1,0.00229912875121,1,0.00229912875121,1,0.0038722168441433,1,2025-07-02 13:25:00,0.0,0.0004841442844506,472.37862234023953,0.4736057425480318,-0.0641001559999729,0.4736057425480318,0.5263942574519682,5.556812651880662e-05,8.582745827271393e-05,0.001338958648911,True,191.0028101382874,0.5459234918213184,0.0189428194474066,0.5459234918213184,0.4540765081786816,0.0002469069676662,0.0004251857715126,0.0031124465448104,True,0,0,1,0.09380721666946489,1,1,1,1,0.8662410493936724,1,0,0,1,1,0,0,0.0011495643756049513,0.0009458696353663499,0.0031388190305486076,0.001505719329589035,5.251771985822446,48.49627392959383,72.422555663115,True,0.5031343,0.5164576646718926,22.113556
2025-07-08 10:30:00,2025-07-08 11:30:00,-1,418.25,418.85,pivot,-0.6000000000000227,0.125113,-0.8251130000000229,-25991.05950000072,1.0,2025-07-08,418.65,0.0,419.1,419.15,418.8,0.0,2025,0.0,1.0,1.0,2.0,1,10,1,7,418.25,418.7,417.95,0.897749407667295,50.597482207670105,1.0291468042814813,1.390067171074687,-0.3609203667932057,419.53,423.28308995642766,415.7769100435724,419.72,420.29,419.53,416.0891666666666,418.2987872173882,1.0,-0.0027495517035265,0,0.002510460251046,1,-0.0009563658099222,0,-0.0028690974297668,0,2025-07-08 10:30:00,0.0009559087835075,-0.005360027126084,223.07861910747283,0.8178807776984377,0.6308080011826618,0.8178807776984377,0.1821192223015623,4.3384789001395776e-05,6.489382648514195e-05,0.0014124978683718,True,17.191036913059435,0.037984267487901,-1.735175387951717,0.037984267487901,0.9620157325120988,0.000188800238339,0.0003223101819531,0.0032747913251264,True,0,0,0,0.3609203667932057,0,1,0,0,0.3294738449037344,1,0,1,0,1,0,0,-0.0030603705917512797,0.00516636780235126,0.01794663457945071,0.0021464420984274838,-18.261661837204993,16.67054700540936,79.07949790794899,True,0.5052321,0.5271462444208647,20.898483
2025-07-09 11:30:00,2025-07-09 12:20:00,-1,421.45,422.15,pivot,-0.6999999999999886,0.125308,-0.9253079999999886,-29147.20199999964,1.0,2025-07-09,421.1,0.0,422.2,422.25,421.9,0.0,2025,0.0,1.0,1.0,1.0,1,11,2,7,421.45,421.65,420.95,0.6254790615823349,43.86693903336405,0.0770754458155806,0.1668029318229445,-0.0897274860073638,421.5925,422.8641648889051,420.3208351110949,421.5100000000001,421.945,421.5925,421.4416666666667,421.4825138698757,-1.0,0.0013050183888955,1,0.0004745521414165,1,-0.001779570530312,0,-0.0041523312373947,0,2025-07-09 11:30:00,-0.0009494422740279,-0.0030823972241694,196.9729392750611,0.1665497104124167,-0.718115137180589,0.1665497104124167,0.8334502895875833,4.3384789001395776e-05,6.489382648514195e-05,0.0014124978683718,True,50.32130154351159,0.1076699480242202,-1.0396715601386248,0.1076699480242202,0.8923300519757797,0.000188800238339,0.0003223101819531,0.0032747913251264,True,0,0,0,0.08972748600736391,0,1,0,0,0.4439710881210606,1,0,1,0,1,0,0,-0.00033811840075924566,1.9773005892202896e-05,0.006034712961941495,0.0014841121404255188,-3.9360701583020536,19.475652655182863,14.94839245461975,True,0.5002654,0.520336594101953,32.7206
2025-07-09 12:20:00,2025-07-09 12:25:00,1,422.15,422.25,pivot,0.1000000000000227,0.125332,-0.12533199999997727,-3947.957999999284,1.0,2025-07-09,422.2,0.0,422.55,422.6,422.15,0.0,2025,0.0,1.0,1.0,1.0,0,12,2,7,422.15,422.25,421.9,0.506087748815369,60.79445711166045,0.0987855543467617,0.0193102265062764,0.0794753278404853,421.7,422.8429417308908,420.5570582691092,421.84,421.455,421.7,421.545,421.4825138698757,1.0,0.000947530498638,1,0.0,0,0.0024872675589245,1,0.0014212957479569,1,2025-07-09 12:20:00,0.0001184342987114,0.0022526537476487,432.65843384597673,0.5327070587913304,0.0379048163010614,0.5327070587913304,0.4672929412086696,4.3384789001395776e-05,6.489382648514195e-05,0.0014124978683718,True,95.94877490263548,0.8068009087668004,0.5894554412932234,0.8068009087668004,0.1931990912331995,0.000188800238339,0.0003223101819531,0.0032747913251264,True,0,0,1,0.0794753278404853,1,1,1,1,0.6968604294679387,1,1,0,1,1,0,0,0.0010659718109676387,0.00143313987918977,0.005414860740925318,0.0011988339424739288,4.831659409833538,42.36525149210188,0.0,True,0.52813655,0.5313627231682795,32.160015
2025-07-09 12:25:00,2025-07-09 14:10:00,1,422.25,423.0,pivot,0.75,0.1253575,0.5246425,16526.23875,1.0,2025-07-09,422.55,0.0,422.95,423.1,422.8,0.0,2025,0.0,1.0,1.0,1.0,1,12,2,7,422.25,422.6,422.15,0.5020814810428459,64.97634995776772,0.1615608187943849,0.0477603449638981,0.1138004738304867,421.73,422.9306138825417,420.5293861174584,422.09,421.62,421.73,421.5641666666667,421.4825138698757,1.0,0.0008288928359976,1,0.0008288928359976,1,0.0022498519834221,1,0.0016577856719952,1,2025-07-09 12:25:00,0.000828647576271,0.0029626140055204,259.036625575444,0.7872610144679071,0.5407114353144353,0.7872610144679071,0.2127389855320929,4.3384789001395776e-05,6.489382648514195e-05,0.0014124978683718,True,64.35661652428817,0.8630790604518028,0.8062510130978635,0.8630790604518028,0.1369209395481971,0.000188800238339,0.0003223101819531,0.0032747913251264,True,0,0,1,0.11380047383048678,1,1,1,1,0.7165558834365344,1,1,0,1,1,0,0,0.0012314979277678669,0.0016242352476809425,0.005686744263074766,0.0011890621220671306,7.394339412969492,46.559185846469674,26.1101243339244,True,0.5206551,0.5223053163375934,31.231089
2025-07-15 10:35:00,2025-07-15 10:45:00,1,431.3,433.75,pivot,2.4499999999999886,0.1259515,2.2240484999999883,70057.52774999963,1.0,2025-07-15,432.4,0.0,433.55,434.15,433.2,0.0,2025,0.0,1.0,1.0,1.0,1,10,1,7,431.3,432.6,431.3,0.7911620971350405,58.04360313121149,0.0227717221449097,-0.0790547401686375,0.1018264623135472,431.2575,432.6140726981595,429.9009273018405,431.65,431.56000000000006,431.2575,431.79833333333335,431.74454426296586,1.0,0.0056805008115,1,0.0026663575237653,1,0.0011592858798979,1,0.0009274287039183,1,2025-07-15 10:35:00,0.0025471821112555,0.0024312602424654,23.12349283988508,0.9707265226754428,1.811979433065068,0.9707265226754428,0.0292734773245573,5.462081936694949e-05,5.878999645759295e-05,0.0013733004190829,True,92.32355837897435,0.8230628608127256,0.6868264860067556,0.8230628608127256,0.1769371391872743,0.000265376865556,0.0002981050453921,0.0031058138271218,True,0,0,1,0.10182646231354721,1,0,0,0,0.5156644756516476,1,0,1,0,1,0,0,9.853929979137071e-05,-0.0011554215936316597,0.006290622296125583,0.0018343660958382575,5.910374766782796,29.931024173588508,83.99026199860695,True,0.51115376,0.539322964803697,31.11518
2025-07-15 10:45:00,2025-07-15 11:10:00,1,433.75,432.75,pivot,-1.0,0.125995,-1.2259950000000002,-38618.842500000006,1.0,2025-07-15,433.55,0.0,433.05,433.1,432.6,0.0,2025,0.0,1.0,1.0,1.0,0,10,1,7,433.75,434.15,433.2,0.8594714000807214,64.51224468224717,0.3110286009710989,0.0427446446935477,0.2682839562775512,431.5775,433.4602401674302,429.6947598325699,432.55,431.89,431.5775,431.8683333333334,431.74454426296586,1.0,0.0013832853025937,1,-0.0016138328530259,0,-0.0043804034582132,0,-0.0034582132564841,0,2025-07-15 10:45:00,-0.0004612014378994,0.0042762272617377,339.04658608782574,0.2922471489365061,-0.3786436144134518,0.2922471489365061,0.7077528510634938,5.462081936694949e-05,5.878999645759295e-05,0.0013733004190829,True,33.26252746113362,0.926994650786407,1.28086306449095,0.926994650786407,0.073005349213593,0.000265376865556,0.0002981050453921,0.0031058138271218,True,0,0,1,0.2682839562775512,1,1,1,1,1.0769516255037261,1,1,1,0,1,0,0,0.005008645533141242,0.004338136407300528,0.008681222674029477,0.0019814902595520953,17.307600231698686,69.4765667754402,-50.835734870315854,True,0.49360177,0.5239670086729329,28.82439
2025-07-15 11:35:00,2025-07-15 12:35:00,-1,431.6,431.95,pivot,-0.3499999999999659,0.1259065,-0.5759064999999659,-18141.054749998926,1.0,2025-07-15,431.85,0.0,432.0,432.15,431.85,0.0,2025,0.0,1.0,1.0,1.0,0,11,1,7,431.6,431.95,431.45,0.8212007759359511,47.38817583330516,0.0894705217258433,0.2352175531476114,-0.145747031421768,432.2425,434.22034439045575,430.26465560954415,431.96,432.5950000000001,432.2425,432.0566666666667,431.74454426296586,1.0,-0.0006950880444855,0,-0.0009267840593141,0,-0.0015060240963854,0,-0.0012743280815568,0,2025-07-15 11:35:00,0.000579072342315,-0.0027748890507591,338.30890150620905,0.7113191376952426,0.3788554482528121,0.7113191376952426,0.2886808623047574,5.462081936694949e-05,5.878999645759295e-05,0.0013733004190829,True,55.67408397132648,0.1217188230895248,-0.9894328080183148,0.1217188230895248,0.8782811769104751,0.000265376865556,0.0002981050453921,0.0031058138271218,True,0,0,0,0.1457470314217681,0,0,0,0,0.3375756952618853,1,0,1,0,1,0,0,-0.0014886468952733643,-0.0010580784677169815,0.009165173264392031,0.0019026894715846873,-6.9066859521969945,15.99709640412046,-29.19369786839415,True,0.5002654,0.530549321380707,26.860138
2025-07-16 10:45:00,2025-07-16 11:25:00,1,432.9,432.65,pivot,-0.25,0.1259665,-0.4759665,-14992.94475,1.0,2025-07-16,432.65,0.0,432.15,432.65,432.1,0.0,2025,0.0,1.0,1.0,1.0,0,10,2,7,432.9,433.0,432.5,0.7475309916215644,53.68694666367261,-0.0653958289999536,-0.2513905751581345,0.1859947461581808,431.6975000000001,433.07608623660207,430.318913763398,432.45,432.18,431.6975000000001,432.75,433.1557743596433,-1.0,-0.0002310002310001,0,-0.0015015015015014,0,-0.0025410025410024,0,-0.0009240009240008,0,2025-07-16 10:45:00,-0.000577667395187,0.0010406429799621,304.4202134034277,0.2545501486386391,-0.4634509556690219,0.2545501486386391,0.7454498513613609,5.462081936694949e-05,5.878999645759295e-05,0.0013733004190829,True,169.96130327275924,0.6405682167857201,0.2390799886605464,0.6405682167857201,0.3594317832142799,0.000265376865556,0.0002981050453921,0.0031058138271218,True,0,0,1,0.1859947461581809,1,1,1,1,0.9361352115932523,1,0,1,0,1,0,0,0.002777777777777484,0.00034650034650029397,0.0063690747821762385,0.0017267983174441314,9.985490016717577,50.25824117479281,-47.2972972972941,True,0.5002654,0.537756309998892,31.292023
2025-07-23 12:10:00,2025-07-23 15:45:00,1,428.5,430.4,eod,1.8999999999999773,0.125767,1.6742329999999772,52738.33949999928,1.0,2025-07-23,429.1,0.0,430.4,430.4,430.4,0.0,2025,0.0,1.0,1.0,1.0,1,12,2,7,428.5,429.2,428.4,0.8161633525033452,57.831442983946594,-0.0406450588916982,-0.198746054700754,0.1581009958090558,428.0825,429.37102220975913,426.7939777902408,428.27,427.815,428.0825,428.4175,429.269916360265,-1.0,0.0007001166861143,1,0.0018669778296382,1,0.0014002333722287,1,0.002100350058343,1,2025-07-23 12:10:00,0.0015159468823512,0.0051401982335627,101.6824227716346,0.918907381892386,1.145472541580074,0.918907381892386,0.081092618107614,3.133531280125289e-05,3.918736549278935e-05,0.0012892142441244,True,16.1824160621901,0.9622519476510286,1.7006675167212222,0.9622519476510286,0.0377480523489713,0.0001746534171088,0.0001929760867059,0.0029089884402536,True,0,0,1,0.1581009958090558,1,1,1,1,0.6620072967458108,1,0,0,1,1,0,0,0.0009743290548425162,0.00019253208868140446,0.006014105996542261,0.00190469860560874,9.143208724836589,38.28483723671197,58.8098016336033,True,0.5031343,0.5399433737465414,28.067705
2025-07-28 11:35:00,2025-07-28 15:45:00,1,430.75,432.65,eod,1.8999999999999773,0.125902,1.6740979999999774,52734.08699999929,1.0,2025-07-28,431.0,0.0,432.65,432.65,432.65,0.0,2025,0.0,1.0,1.0,1.0,0,11,0,7,430.75,431.15,430.75,0.729490022053292,54.697661404904125,-0.2060669039709637,-0.3193825509666503,0.1133156469956865,430.405,431.7371529906715,429.0728470093285,430.3,430.055,430.405,430.9891666666667,431.2886547440168,-1.0,0.0004643064422518,1,-0.0015089959373185,0,-0.0010446894950667,0,0.0016250725478815,1,2025-07-28 11:35:00,0.0004641448215143,0.0047677280847736,377.2517220188259,0.6885865609022267,0.3296251635120281,0.6885865609022267,0.3114134390977733,3.133531280125289e-05,3.918736549278935e-05,0.0012892142441244,True,21.25524844965074,0.9553229504245592,1.5726263929975826,0.9553229504245592,0.0446770495754408,0.0001746534171088,0.0001929760867059,0.0029089884402536,True,0,0,1,0.11331564699568661,1,0,1,1,0.629489631602332,1,0,1,0,1,0,0,0.0008009286128845671,-0.0005552331205262368,0.006185272156339023,0.0016935345839890704,6.198100891247702,34.43161072728219,-47.53337202553275,True,0.5031343,0.5536321925442924,34.20597
2025-07-30 15:15:00,2025-07-30 15:45:00,-1,440.3,439.95,eod,0.3500000000000227,0.1264075,0.12359250000002274,3893.1637500007164,1.0,2025-07-30,440.15,0.0,439.95,439.95,439.95,0.0,2025,0.0,1.0,1.0,1.0,0,15,2,7,440.3,440.65,439.9,0.5360718127070485,30.41929559953158,-0.2217260276522665,0.068722017555621,-0.2904480452078876,441.8,443.2153296109231,440.3846703890769,440.79,441.425,441.8,441.01666666666665,441.0377807419762,-1.0,0.0003406768112651,1,-0.0046559164206223,0,-0.0009084714967067,0,0.0021576198046786,1,2025-07-30 15:15:00,-0.0003407348547931,-0.0043074199448983,400.8137615085558,0.3341152355468419,-0.2946928503290888,0.3341152355468419,0.665884764453158,3.133531280125289e-05,3.918736549278935e-05,0.0012892142441244,True,22.38680439419081,0.0520961513482815,-1.5470656291820664,0.0520961513482815,0.9479038486517184,0.0001746534171088,0.0001929760867059,0.0029089884402536,True,0,0,0,0.29044804520788753,0,0,0,0,-0.029911897703349077,1,0,0,0,1,0,0,-0.0034067681126504655,-0.0016276780982662732,0.006428933049843721,0.001217514905080737,-8.835224943484844,-0.9098988581811254,-146.66136724960245,True,0.537842,0.539961886860666,35.481667
2025-08-06 11:25:00,2025-08-06 12:20:00,1,430.15,429.75,pivot,-0.3999999999999772,0.125797,-0.6257969999999772,-19712.60549999928,1.0,2025-08-06,430.35,0.0,429.3,429.9,429.3,0.0,2025,0.0,1.0,1.0,1.0,1,11,2,8,430.15,430.4,430.15,0.6162424173239083,58.40514458006369,0.1832252704094799,0.0355376197456634,0.1476876506638164,429.44,430.8581529911066,428.0218470088933,430.2,430.015,429.44,430.14166666666665,430.7727589957843,-1.0,0.00058119260723,1,0.000232477042892,1,-0.0008136696501219,0,-0.001046146693014,0,2025-08-06 11:25:00,0.0004648460281265,0.0002323960038347,383.85201263348574,0.7006432552216324,0.3507097090373882,0.7006432552216324,0.2993567447783676,1.7726732910847144e-05,2.895976254953476e-05,0.0012428691146685,True,201.78001057082145,0.5233833929016729,0.0293644680316579,0.5233833929016729,0.4766166070983271,0.0001167773437366,0.0001517252954889,0.0027472218552968,True,0,0,1,0.1476876506638165,1,1,0,1,0.7503256011348948,1,0,1,0,1,0,0,0.0016505870045332549,1.9373086907650248e-05,0.006593760274818727,0.0014326221488408888,8.625718589710136,43.82287521640673,7.323026851098,True,0.51409364,0.5379668440026603,29.899824
2025-08-06 12:20:00,2025-08-06 15:45:00,-1,429.75,431.3,eod,-1.5500000000000114,0.1258315,-1.7758315000000118,-55938.69225000037,1.0,2025-08-06,429.3,0.0,431.3,431.3,431.3,0.0,2025,0.0,1.0,1.0,1.0,1,12,2,8,429.75,429.9,429.3,0.5021114459636501,41.94900099353431,0.0135579466364106,0.1054543034678827,-0.0918963568314721,430.0425,430.7732350379715,429.3117649620285,429.72,429.97,430.0425,429.9883333333333,430.7727589957843,-1.0,0.0005817335660267,1,0.0004653868528213,1,0.0004653868528213,1,0.0005817335660267,1,2025-08-06 12:20:00,-0.0011640089778951,-0.0015129476263905,144.6897866676712,0.1099819818803291,-0.9598506603511708,0.1099819818803291,0.8900180181196709,1.7726732910847144e-05,2.895976254953476e-05,0.0012428691146685,True,122.75002973262602,0.217474987559088,-0.6059477572478827,0.217474987559088,0.782525012440912,0.0001167773437366,0.0001517252954889,0.0027472218552968,True,0,0,0,0.0918963568314721,0,0,1,0,0.2998590564289962,1,0,0,1,1,0,0,-0.0006806282722513512,-0.00055458599961207,0.003400744795678878,0.0011683803280131474,-3.8549603640256067,12.578787856060222,14.65968586387095,True,0.5020473,0.5424725504913793,34.761818
2025-08-07 13:05:00,2025-08-07 13:25:00,1,433.9,434.4,pivot,0.5,0.126049,0.273951,8629.4565,1.0,2025-08-07,434.55,0.0,434.05,434.45,434.0,0.0,2025,0.0,1.0,1.0,1.0,1,13,3,8,433.9,434.55,433.8,0.3854183690281287,72.30766385728631,0.3207391219612532,0.2024804416854027,0.1182586802758504,433.2525,434.3317175583033,432.1732824416966,433.95,433.66,433.2525,432.8716666666666,433.0775854672031,1.0,0.0016132749481448,1,0.0006914035492049,1,0.0009218713989399,1,0.0003457017746025,1,2025-08-07 13:05:00,0.0014969200791642,0.0018426816224001,101.7620690849264,0.9201545924531586,1.1811061191316217,0.9201545924531586,0.0798454075468414,1.7726732910847144e-05,2.895976254953476e-05,0.0012428691146685,True,118.36110061002508,0.7953322065416359,0.6155150242601932,0.7953322065416359,0.204667793458364,0.0001167773437366,0.0001517252954889,0.0027472218552968,True,0,1,1,0.11825868027585051,1,1,0,1,0.7999858531851424,1,1,0,1,1,0,0,0.0014922793270338317,0.002369977721441264,0.004974499001167806,0.0008882654275826889,8.551008901592486,57.845108162695674,21.77921179995435,True,0.50573236,0.5334694348397757,26.277206
2025-08-18 15:05:00,2025-08-18 15:45:00,-1,430.25,429.7,eod,0.5500000000000114,0.1257985,0.3242015000000113,10212.347250000355,1.0,2025-08-18,430.0,0.0,429.7,429.7,429.7,0.0,2025,0.0,1.0,1.0,1.0,1,15,0,8,430.25,430.3,429.95,0.330712881651434,36.4935234952457,-0.1478394630045727,-0.1086649065868314,-0.0391745564177413,430.5025,431.0024736950936,430.0025263049063,430.27,430.42,430.5025,430.6325,431.084529704222,-1.0,0.0004648460197559,1,0.0015107495642068,1,0.0004648460197559,1,0.0026728646135966,1,2025-08-18 15:05:00,-0.0006974311569458,-0.0010459644163554,285.89014308505944,0.1974523216277776,-0.5737319538800143,0.1974523216277776,0.8025476783722223,2.60248520085296e-05,2.6106206049655688e-05,0.0012611069648507,True,151.5942121795407,0.2734165206677332,-0.4183065606139878,0.2734165206677332,0.7265834793322667,0.0001518443515104,0.0001281083159704,0.0028067279905976,True,0,0,0,0.03917455641774131,0,0,0,0,0.24748671532341646,1,0,0,0,1,0,0,-0.000586868099941889,-0.0008890180127832497,0.0023241078214695818,0.0007686528335884578,-1.4296175950466703,9.031662260416281,47.5886112725142,True,0.5020473,0.5562988252446879,37.601173
2025-08-19 10:40:00,2025-08-19 11:20:00,-1,428.3,428.25,pivot,0.0500000000000113,0.1256965,-0.17569649999998868,-5534.439749999643,1.0,2025-08-19,428.5,0.0,427.85,428.35,427.75,0.0,2025,0.0,1.0,1.0,1.0,1,10,1,8,428.3,428.65,428.25,0.7375141540358604,45.07639458606861,-0.2052112204328295,-0.2550574122619271,0.0498461918290975,428.35,430.66016062572135,426.0398393742787,428.69,429.065,428.35,429.8258333333333,428.7802059114519,-1.0,0.0003502218071446,1,0.0008171842166706,1,0.001634368433341,1,-0.0017511090357226,0,2025-08-19 10:40:00,0.000466853416509,-0.0024474110462311,403.02484246470107,0.7280939480586741,0.392982215660986,0.7280939480586741,0.2719060519413259,-7.699925569765708e-06,-5.718349176210776e-06,0.0012025271039058,True,74.34293200326925,0.1202691027675553,-0.8902544563334432,0.1202691027675553,0.8797308972324446,-9.10076546663454e-06,-2.81820708944929e-05,0.0027174578662603,True,0,0,1,0.04984619182909758,0,0,0,0,0.4891782416678495,1,0,1,0,1,0,0,-0.00011674060238153483,-0.0035625340493423063,0.010787581721789976,0.0017219569321406966,2.246886611501268,22.050391444339212,25.7413028251239,True,0.5002654,0.5575378564862005,21.869062
2025-08-19 12:15:00,2025-08-19 12:50:00,1,428.55,428.7,pivot,0.1499999999999772,0.1257175,-0.07571750000002274,-2385.1012500007164,1.0,2025-08-19,428.5,0.0,428.95,429.0,428.6,0.0,2025,0.0,1.0,1.0,1.0,1,12,1,8,428.55,428.65,428.4,0.5461540889640701,52.24871306120311,-0.1005944982676396,-0.2001518680208824,0.0995573697532427,428.105,428.6507009117007,427.5592990882994,428.2700000000001,428.16,428.105,428.9633333333333,428.7802059114519,-1.0,0.0011667250029168,1,0.0001166725002917,1,0.0001166725002917,1,-0.0023334500058336,0,2025-08-19 12:15:00,-0.0001166793070572,0.000933924886934,515.5119034240169,0.4430294305470013,-0.0922731450465262,0.4430294305470013,0.5569705694529987,-7.699925569765708e-06,-5.718349176210776e-06,0.0012025271039058,True,177.28328018315864,0.6896021121518179,0.3540466881838322,0.6896021121518179,0.3103978878481821,-9.10076546663454e-06,-2.81820708944929e-05,0.0027174578662603,True,0,0,1,0.0995573697532428,1,0,1,1,0.9077325055341516,1,0,0,1,1,0,0,0.0010383852525959472,-0.000964492669077817,0.0025467315911826553,0.0012744232620792676,5.2017444453652795,47.427855217980856,3.6751837591885503,True,0.5002654,0.556499225334704,25.196394
2025-08-19 12:50:00,2025-08-19 15:45:00,-1,428.7,426.45,eod,2.25,0.1256545,2.0243455,63766.88325,1.0,2025-08-19,428.95,0.0,426.45,426.45,426.45,0.0,2025,0.0,1.0,1.0,1.0,1,12,1,8,428.7,429.0,428.6,0.5132234702679226,55.5808737880824,0.0837573934331885,-0.0006000986872169,0.0843574921204055,428.3475,429.2515697520838,427.4434302479162,428.65,428.68500000000006,428.3475,428.76,428.7802059114519,1.0,-0.000233263354327,0,0.0008164217401445,1,0.0019827385117797,1,0.0050151621180312,1,2025-08-19 12:50:00,0.0005829884150428,-0.0006991377586106,351.767995419409,0.7720504831062751,0.489558000237086,0.7720504831062751,0.2279495168937249,-7.699925569765708e-06,-5.718349176210776e-06,0.0012025271039058,True,198.14979498721965,0.3528566831998751,-0.2469056451791505,0.3528566831998751,0.6471433168001248,-9.10076546663454e-06,-2.81820708944929e-05,0.0027174578662603,True,0,0,1,0.0843574921204054,1,0,1,1,0.6949517718005197,1,0,0,1,1,0,0,0.0008222533240027143,-0.00013995801259622645,0.0042177268583336305,0.0011971622819405706,4.688663122623414,38.626026717248926,25.71728481455175,True,0.5031343,0.5646627583252405,25.196394
2025-08-20 10:30:00,2025-08-20 10:35:00,-1,418.7,417.75,pivot,0.9499999999999886,0.1250935,0.7249064999999887,22834.554749999643,1.0,2025-08-20,417.8,0.0,417.75,418.1,417.6,0.0,2025,0.0,1.0,1.0,0.0,1,10,2,8,418.7,418.7,417.65,1.0543452337025967,30.12864843363917,-1.407351580038778,-1.4115947368749262,0.004243156836148,420.045,422.89952549472827,417.19047450527165,419.02,420.07,420.045,424.7466666666666,421.42127495055286,-1.0,0.0022689276331502,1,0.00083592070695,1,-0.0019106759016002,0,-0.00059708621925,0,2025-08-20 10:30:00,-0.0021518239026321,-0.0084609930958969,32.68855655152819,0.0297741778197289,-1.7846629373137417,0.0297741778197289,0.9702258221802712,-7.699925569765708e-06,-5.718349176210776e-06,0.0012025271039058,True,4.497598568399857,0.0095472843055183,-3.1031984450259085,0.0095472843055183,0.9904527156944816,-9.10076546663454e-06,-2.81820708944929e-05,0.0027174578662603,True,0,0,1,0.004243156836148287,0,0,0,0,0.26440918070553315,1,0,1,0,1,0,0,-0.0032123238595653863,-0.014441525356261344,0.013635182683201848,0.0025181400375032166,0.12784058056509578,7.966291248103578,26.331502268925,True,0.5322131,0.5365588099008236,24.622381
2025-08-20 10:35:00,2025-08-20 10:55:00,-1,417.75,418.75,pivot,-1.0,0.125095,-1.225095,-38590.4925,1.0,2025-08-20,417.75,0.0,418.35,419.3,418.15,0.0,2025,0.0,1.0,1.0,0.0,0,10,2,8,417.75,418.1,417.6,1.0147491455809827,29.95816091864613,-1.4657380139605607,-1.4224233922920533,-0.0433146216685074,419.8125,422.6164211284857,417.0085788715143,418.69,419.795,419.8125,424.5633333333333,420.9216474554976,-1.0,-0.0019150209455416,0,-0.0010771992818671,0,-0.0050269299820467,0,-0.0029922202274087,0,2025-08-20 10:35:00,-0.0001196816469623,-0.0039419509923164,515.1404629022543,0.4414722904685383,-0.0947698371337957,0.4414722904685383,0.5585277095314616,-7.699925569765708e-06,-5.718349176210776e-06,0.0012025271039058,True,25.012001455103377,0.0524907073936097,-1.440231684919546,0.0524907073936097,0.9475092926063904,-9.10076546663454e-06,-2.81820708944929e-05,0.0027174578662603,True,1,0,0,0.043314621668507414,0,0,0,0,0.1322114807284368,1,0,1,0,1,0,0,-0.004937163375224416,-0.01630959505286242,0.013423919226741752,0.00242908233532252,-1.2976264060754212,3.9608128149549913,-33.93177737881365,True,0.5322131,0.5409320558411976,25.63994
2025-08-20 13:10:00,2025-08-20 14:05:00,1,419.5,420.95,pivot,1.4499999999999886,0.1252135,1.2247864999999887,38580.77474999964,1.0,2025-08-20,420.6,0.0,421.55,421.7,420.9,0.0,2025,0.0,1.0,1.0,1.0,1,13,2,8,419.5,420.65,419.45,0.6305081909241034,63.41310508530492,-0.0776173084626634,-0.276949393951037,0.1993320854883735,419.24,420.4010340264187,418.0789659735812,419.44000000000005,419.065,419.24,420.2575,420.0709229950919,1.0,0.003933253873659,1,0.0036948748510131,1,0.003456495828367,1,0.0092967818831942,1,2025-08-20 13:10:00,0.0026187373613386,0.0050053733390694,10.002620482607984,0.98635369822975,2.1824503597387825,0.98635369822975,0.0136463017702499,-7.699925569765708e-06,-5.718349176210776e-06,0.0012025271039058,True,10.636099423048895,0.9678163983188678,1.852303019104741,0.9678163983188678,0.0321836016811322,-9.10076546663454e-06,-2.81820708944929e-05,0.0027174578662603,True,0,0,1,0.1993320854883736,1,0,1,1,0.6119691559781532,1,0,0,1,1,0,0,0.000619785458879597,-0.001805721096543488,0.005535323129529188,0.0015029992632278983,12.640266483947213,38.806864397007985,116.38855780691266,True,0.52813655,0.5377707251625232,22.113556
2025-08-20 14:15:00,2025-08-20 15:45:00,-1,422.4,424.0,eod,-1.6000000000000227,0.125392,-1.8253920000000226,-57499.84800000071,1.0,2025-08-20,422.65,0.0,424.0,424.0,424.0,0.0,2025,0.0,1.0,1.0,1.0,0,14,2,8,422.4,422.8,422.35,0.6475198373180848,68.39237680259124,0.6757378610715818,0.4724902374560279,0.2032476236155539,420.56,423.0579149220896,418.0620850779104,421.83,421.445,420.56,419.7525,420.6393491161875,1.0,-0.001657196969697,0,-0.0015388257575758,0,-0.0035511363636363,0,-0.0097064393939394,0,2025-08-20 14:15:00,0.0007100592014309,0.0022502526224224,293.501381230937,0.8131016231941353,0.595227790111577,0.8131016231941353,0.1868983768058647,-7.699925569765708e-06,-5.718349176210776e-06,0.0012025271039058,True,87.63190607303888,0.8660520963767443,0.8384434296501051,0.8660520963767443,0.1339479036232557,-9.10076546663454e-06,-2.81820708944929e-05,0.0027174578662603,True,0,0,1,0.20324762361555393,1,1,1,1,0.8683071796658214,0,1,0,1,1,0,0,0.004356060606060547,0.006267755681818134,0.011827248684136326,0.0015329541603174358,13.900588058546205,59.38559181210015,-48.4730113636377,True,0.49557564,0.520485185137216,20.597797
2025-08-26 13:30:00,2025-08-26 14:10:00,-1,429.5,430.0,pivot,-0.5,0.125785,-0.725785,-22862.2275,1.0,2025-08-26,429.45,0.0,429.95,430.15,429.95,0.0,2025,0.0,1.0,1.0,1.0,0,13,1,8,429.5,429.6,429.35,0.4370290846420746,45.18920853986489,-0.1030965498503633,-0.0983272828334485,-0.0047692670169147,429.64,430.2316969449564,429.0483030550437,429.52,429.72,429.64,430.2091666666667,430.548332945233,-1.0,0.00023282887078,1,-0.0008149010477299,0,-0.0003492433061699,0,0.00011641443539,1,2025-08-26 13:30:00,-0.0001164212120763,-0.001047303290002,515.5433210698164,0.4431632894875624,-0.0920585178833494,0.4431632894875624,0.5568367105124375,-7.699925569765708e-06,-5.718349176210776e-06,0.0012025271039058,True,171.84484173077573,0.2878735191770984,-0.3750274224159513,0.2878735191770984,0.7121264808229015,-9.10076546663454e-06,-2.81820708944929e-05,0.0027174578662603,True,0,0,0,0.004769267016914797,0,0,0,0,0.38169619499187474,1,0,0,1,1,0,0,-0.00032596041909193566,-0.001651144741948088,0.002755282630763064,0.0010175298827522108,-0.21551940180965773,17.24854895436076,-25.669383003491852,True,0.5002654,0.5660977238634073,23.422512
2025-08-26 14:10:00,2025-08-26 15:20:00,1,430.0,429.4,pivot,-0.6000000000000227,0.125782,-0.8257820000000228,-26012.13300000072,1.0,2025-08-26,429.95,0.0,429.5,429.55,429.05,0.0,2025,0.0,1.0,1.0,1.0,1,14,1,8,430.0,430.15,429.95,0.3720247040936475,54.46984182416735,0.0184425617735541,-0.0478155953590334,0.0662581571325876,429.745,430.27504469617605,429.214955303824,429.92,429.68,429.745,429.8925,430.548332945233,-1.0,-0.0002325581395349,0,0.0003488372093022,1,-0.0012790697674418,0,0.0006976744186046,1,2025-08-26 14:10:00,-0.0001162858307026,0.0009307737728398,515.5597684210296,0.4432335039767572,-0.0919459371579484,0.4432335039767572,0.5567664960232428,-7.699925569765708e-06,-5.718349176210776e-06,0.0012025271039058,True,177.46375507728257,0.6890416269580831,0.3528871066008636,0.6890416269580831,0.3109583730419168,-9.10076546663454e-06,-2.81820708944929e-05,0.0027174578662603,True,0,0,1,0.06625815713258751,1,1,1,1,0.740545751933423,1,0,0,1,1,0,0,0.0005930232558139429,0.00025000000000003703,0.0024653241682605588,0.000865173730450343,3.6090713385728725,40.33740997137262,10.988372093019299,True,0.5002654,0.5597565534190355,27.028513
2025-08-26 15:20:00,2025-08-26 15:45:00,-1,429.4,429.4,eod,-0.0,0.125764,-0.225764,-7111.566,1.0,2025-08-26,429.5,0.0,429.4,429.4,429.4,0.0,2025,0.0,1.0,1.0,1.0,0,15,1,8,429.4,429.55,429.05,0.385722078023574,44.82465214075346,-0.0679448719617994,-0.014411180847022,-0.0535336911147773,429.78,430.31547815420623,429.2445218457938,429.47,429.735,429.78,429.6975000000001,430.43661995238426,-1.0,-0.0005822077317186,0,-0.0037261294829995,0,0.0036096879366556,1,-0.0002328830926875,0,2025-08-26 15:20:00,0.0002328559796293,-0.0003491823349219,486.16331733696575,0.6230309926043304,0.1983941385027326,0.6230309926043304,0.3769690073956696,-7.699925569765708e-06,-5.718349176210776e-06,0.0012025271039058,True,214.8094697669288,0.4258529388939767,-0.1181252037107793,0.4258529388939767,0.5741470611060233,-9.10076546663454e-06,-2.81820708944929e-05,0.0027174578662603,True,0,0,0,0.05353369111477739,0,0,0,0,0.14517693484305874,1,0,0,0,1,0,0,-0.0008849557522123789,-0.0006928272007455224,0.002494076172362379,0.0008982815044796786,-2.3996290820304367,6.507505603200938,-117.37307871448425,True,0.5002654,0.5526316515799955,23.701181
2025-08-27 13:00:00,2025-08-27 15:45:00,-1,429.45,430.6,eod,-1.150000000000034,0.1258015,-1.375801500000034,-43337.74725000108,1.0,2025-08-27,429.55,0.0,430.6,430.6,430.6,0.0,2025,0.0,1.0,1.0,1.0,0,13,2,8,429.45,429.55,429.35,0.4314098757500185,50.54933938347119,0.0693827122826178,0.1105157699938369,-0.041133057711219,429.555,430.2469841882351,428.8630158117649,429.49,429.73,429.555,429.3066666666667,430.09061744724346,-1.0,-0.0001164279892886,0,-0.0010478519035975,0,-0.0011642798928862,0,-0.0011642798928862,0,2025-08-27 13:00:00,0.000349263639385,-0.0018606820114179,446.5180752003947,0.6756420801283756,0.2845023082020065,0.6756420801283756,0.3243579198716244,-7.550496665289486e-06,-3.952589753556943e-06,0.0012415232458774,True,111.73943790323014,0.1728274612504308,-0.6618089089190197,0.1728274612504308,0.8271725387495692,-3.203221913227288e-05,-1.599564220500511e-05,0.0027873398867144,True,0,0,0,0.0411330577112191,0,1,0,0,0.4241312144228177,1,0,0,1,1,0,0,-0.00024449877750615484,0.00033376023596068616,0.003222653106229347,0.0010045636878566037,-2.079248894124316,21.439552700982805,-33.00733496332125,True,0.5002654,0.5424725504913793,35.931618
2025-08-28 12:10:00,2025-08-28 12:20:00,1,433.25,433.5,pivot,0.25,0.1260025,0.023997499999999995,755.9212499999999,1.0,2025-08-28,433.4,0.0,433.25,433.5,433.05,0.0,2025,0.0,1.0,1.0,1.0,0,12,3,8,433.25,433.6,433.2,0.4013063341354337,75.66395872840984,0.500810452385906,0.4926603437546575,0.0081501086312484,432.49750000000006,433.47108534954566,431.52391465045446,433.03,432.89,432.49750000000006,431.0266666666666,432.2835559511508,1.0,0.0005770340450086,1,-0.0004616272360068,0,-0.0003462204270051,0,0.0017311021350259,1,2025-08-28 12:10:00,0.000346160506543,0.0017320020495109,447.547194291952,0.6742509976017624,0.2820028521086511,0.6742509976017624,0.3257490023982375,-7.550496665289486e-06,-3.952589753556943e-06,0.0012415232458774,True,121.74152561427844,0.8094938571365565,0.6271203953445272,0.8094938571365565,0.1905061428634434,-3.203221913227288e-05,-1.599564220500511e-05,0.0027873398867144,True,0,1,1,0.008150108631248543,1,1,1,1,0.8864581571359681,1,1,0,1,1,0,0,0.0017368724754759167,0.00513175610694383,0.004494335139275713,0.0009262696690950576,0.6166694831068358,67.07293341599814,-14.5412579342142,True,0.52919555,0.5532949853898068,28.882866
2025-09-01 11:00:00,2025-09-01 14:30:00,-1,427.2,423.6,pivot,3.599999999999966,0.125524,3.3744759999999654,106295.99399999891,1.0,2025-09-01,427.45,0.0,423.6,423.7,423.45,0.0,2025,0.0,1.0,1.0,1.0,1,11,0,9,427.2,427.5,427.05,0.6397711759746776,47.66668981560386,-0.1833436669342631,-0.2828220438968064,0.0994783769625432,427.3075,428.54943186130765,426.0655681386924,427.42,427.57,427.3075,428.9583333333333,427.4930393886483,-1.0,-0.0010533707865168,0,0.0033941947565542,1,0.0030430711610487,1,0.0052668539325842,1,2025-09-01 11:00:00,0.0005850348262575,-0.0012858731095541,352.6059627888053,0.7705884534850806,0.4744070785359121,0.7705884534850806,0.2294115465149193,-7.550496665289486e-06,-3.952589753556943e-06,0.0012415232458774,True,157.45243184275702,0.2504463611754594,-0.4555875920987758,0.2504463611754594,0.7495536388245406,-3.203221913227288e-05,-1.599564220500511e-05,0.0027873398867144,True,0,0,1,0.09947837696254327,0,0,0,0,0.4567206529805675,1,0,1,0,1,0,0,-0.00025163857677906347,-0.004115948813982504,0.0058142877402042135,0.001497591704060575,4.74180493803326,21.770361698004763,106.9171348314573,True,0.5002654,0.5465894262024127,32.683815
2025-09-02 11:35:00,2025-09-02 12:50:00,-1,427.3,427.7,pivot,-0.3999999999999772,0.12565,-0.6256499999999773,-19707.974999999286,1.0,2025-09-02,427.3,0.0,427.95,428.05,427.6,0.0,2025,0.0,1.0,1.0,1.0,1,11,1,9,427.3,427.45,427.05,0.5752160127282767,55.86372308925439,0.3891524001138577,0.5137485151203267,-0.1245961150064689,427.315,427.95333666313616,426.6766633368637,427.32,427.42,427.315,425.3508333333333,426.0421882909298,1.0,0.0009361104610344,1,0.0012871518839223,1,-0.0003510414228878,0,-0.001989234729698,0,2025-09-02 11:35:00,0.0,-0.0012863242140845,516.3915321775736,0.5039192599449785,0.0031836614954103,0.5039192599449785,0.4960807400550214,-7.550496665289486e-06,-3.952589753556943e-06,0.0012415232458774,True,157.41469211049866,0.2503746999295744,-0.45574943261653,0.2503746999295744,0.7496253000704256,-3.203221913227288e-05,-1.599564220500511e-05,0.0027873398867144,True,0,0,0,0.124596115006469,0,1,0,0,0.48825071403056114,1,1,1,0,1,0,0,-3.510414228875815e-05,0.0045615882674156635,0.0029877681401180205,0.001346164317173594,-6.9604028667182725,27.275502686734,40.54528434355245,True,0.49468037,0.5235418605224257,26.1241
2025-09-02 12:50:00,2025-09-02 15:15:00,1,427.7,427.75,pivot,0.0500000000000113,0.1256635,-0.17566349999998865,-5533.400249999642,1.0,2025-09-02,427.95,0.0,427.85,427.95,427.6,0.0,2025,0.0,1.0,1.0,1.0,1,12,1,9,427.7,428.05,427.6,0.4505155785949807,63.54385234023248,0.2303006279690294,0.1968603538616456,0.0334402741073837,427.27,427.8729750895828,426.6670249104172,427.63,427.415,427.27,426.3258333333333,426.5818320777108,1.0,0.0009352349777882,1,0.0010521393500116,1,0.0012859480944587,1,0.0005845218611176,1,2025-09-02 12:50:00,0.0007012623008281,0.001169043855376,299.72136654200244,0.8085413667907373,0.5680239116934706,0.8085413667907373,0.1914586332092627,-7.550496665289486e-06,-3.952589753556943e-06,0.0012415232458774,True,158.20198024137042,0.7304295971240493,0.4251506977062322,0.7304295971240493,0.2695704028759507,-3.203221913227288e-05,-1.599564220500511e-05,0.0027873398867144,True,0,0,1,0.03344027410738379,1,1,1,1,0.8565653104322484,1,1,0,1,1,0,0,0.001005377601122298,0.0032129218299431083,0.002819616972563941,0.0010533448178512525,2.124923840096489,54.42945960587219,33.142389525365395,True,0.5206551,0.5148856033508927,25.196394
2025-09-02 15:15:00,2025-09-02 15:45:00,-1,427.75,428.1,eod,-0.3500000000000227,0.1256755,-0.5756755000000228,-18133.778250000716,1.0,2025-09-02,427.85,0.0,428.1,428.1,428.1,0.0,2025,0.0,1.0,1.0,1.0,0,15,1,9,427.75,427.95,427.6,0.3147525351364336,52.41608471761267,0.0117885788857279,0.0408094087933387,-0.0290208299076108,427.8375,428.2726345959671,427.4023654040329,427.7,427.81500000000005,427.8375,427.6191666666667,427.3384122315896,1.0,-0.0005844535359438,0,-0.0003506721215662,0,-0.0032729398012857,0,-0.0033898305084745,0,2025-09-02 15:15:00,0.0002337540917609,0.0,480.3490219541264,0.6218483548671271,0.1914637380362089,0.6218483548671271,0.3781516451328729,-7.550496665289486e-06,-3.952589753556943e-06,0.0012415232458774,True,216.14491698547107,0.5069522513038882,0.0057386766074874,0.5069522513038882,0.4930477486961118,-3.203221913227288e-05,-1.599564220500511e-05,0.0027873398867144,True,0,0,0,0.029020829907610797,0,1,1,0,0.39945639715740605,1,1,0,0,1,0,0,-0.0002045587375803092,0.000305864017143958,0.002034527625795906,0.0007358329284311714,-1.5211582790127551,20.93794035439493,-11.0461718293353,True,0.5002654,0.5235418605224257,26.1241
2025-09-04 10:55:00,2025-09-04 12:05:00,1,432.15,431.95,pivot,-0.1999999999999886,0.125923,-0.4259229999999886,-13416.574499999642,1.0,2025-09-04,432.2,0.0,431.7,432.0,431.55,0.0,2025,0.0,1.0,1.0,1.0,1,10,3,9,432.15,432.45,431.95,0.5328583364389312,65.42373859329957,0.3225847162439095,0.2882586109205374,0.0343261053233721,431.4725,432.1932269802924,430.7517730197076,431.78,431.495,431.4725,430.415,430.61712949051406,1.0,0.0005785028346638,1,0.0004628022677312,1,0.0018512090709244,1,-0.0024297119055882,0,2025-09-04 10:55:00,0.0001156938741384,0.0027803539690377,542.053983156223,0.5705364564236282,0.1100141541975295,0.5705364564236282,0.4294635435763718,-1.1420477084108084e-05,-1.0838201751186392e-05,0.0011501436048166,True,47.00973938101602,0.9193005891578095,1.094272246410602,0.9193005891578095,0.0806994108421904,-4.237988454896708e-05,-5.676558896479109e-05,0.002592699912941,True,0,0,1,0.0343261053233721,1,1,1,1,0.9700115428765355,1,1,1,0,1,0,0,0.001567742681939031,0.0040148096725672955,0.0033355408089431795,0.0012330402324168257,2.2457421416023653,63.46178161363766,14.5782714335328,True,0.49360177,0.5210170219332477,31.122736
2025-09-08 15:15:00,2025-09-08 15:45:00,1,434.7,435.15,eod,0.4499999999999886,0.1260955,0.2239044999999886,7052.991749999641,1.0,2025-09-08,435.25,0.0,435.15,435.15,435.15,0.0,2025,0.0,1.0,1.0,1.0,1,15,0,9,434.7,435.3,434.7,0.3456965042658508,77.57050529145052,0.2383003949949511,0.0073710868099183,0.2309293081850328,433.52,434.7721140066267,432.2678859933733,434.42,433.795,433.52,433.8308333333333,433.8746481962023,1.0,0.001610305958132,1,0.0040257648953301,1,0.001610305958132,1,0.0055210489993099,1,2025-09-08 15:15:00,0.001149425413906,0.0042594895460397,131.7998333256074,0.9191243705696784,1.008798910673597,0.9191243705696784,0.0808756294303216,-1.1420477084108084e-05,-1.0838201751186392e-05,0.0011501436048166,True,18.408156731047683,0.9636742642220956,1.6647723531214218,0.9636742642220956,0.0363257357779044,-4.237988454896708e-05,-5.676558896479109e-05,0.002592699912941,True,0,1,1,0.2309293081850328,1,1,1,1,0.9712030988212597,1,1,0,0,1,0,0,0.0027145157579940345,0.0019994632313473015,0.005760818986090168,0.0007952530578924565,17.913303122518094,75.33671511618766,126.81159420289816,True,0.53475565,0.5333678745526701,28.479944
2025-09-09 11:00:00,2025-09-09 11:05:00,1,438.05,438.5,pivot,0.4499999999999886,0.1262965,0.2237034999999886,7046.660249999641,1.0,2025-09-09,438.5,0.0,438.9,438.95,438.45,0.0,2025,0.0,1.0,1.0,1.0,1,11,1,9,438.05,438.55,438.0,0.5152612764065636,72.41791637063486,0.7538751653063969,0.7271821469480771,0.0266930183583197,437.205,438.8368862227047,435.5731137772954,438.15,437.82,437.205,435.20416666666665,436.7432921333158,1.0,0.0019404177605295,1,0.003310124415021,1,0.0049081155119278,1,0.0058212532815888,1,2025-09-09 11:00:00,0.0010267526998648,0.0013692380048851,166.158889677883,0.9009472853025752,0.9021403042809352,0.9009472853025752,0.0990527146974247,-1.1420477084108084e-05,-1.0838201751186392e-05,0.0011501436048166,True,149.31659414710074,0.7877098184455907,0.5500071900848655,0.7877098184455907,0.2122901815544092,-4.237988454896708e-05,-5.676558896479109e-05,0.002592699912941,True,0,1,1,0.02669301835831972,1,1,0,1,0.7589028537171723,1,1,1,0,1,0,0,0.0019290035384089198,0.006496594757067366,0.007450684728705174,0.0011762613318264208,1.9330527711526169,54.95816339392632,104.2689190731615,True,0.5170933,0.5342931369607131,21.074442
2025-09-09 11:05:00,2025-09-09 15:45:00,1,438.5,441.1,eod,2.6000000000000227,0.126388,2.3736120000000227,74768.77800000072,1.0,2025-09-09,438.9,0.0,441.1,441.1,441.1,0.0,2025,0.0,1.0,1.0,1.0,1,11,1,9,438.5,438.95,438.45,0.5141711852346662,75.21392466598476,0.7928320240889093,0.7403121223762436,0.0525199017126657,437.36,439.01866148053983,435.7013385194602,438.28,437.945,437.36,435.285,437.1714629199842,1.0,0.0006841505131129,1,0.0022805017103762,1,0.0043329532497148,1,0.0045610034207525,1,2025-09-09 11:05:00,0.0009117848819505,0.0014820728928443,207.77077445877137,0.8795281459618892,0.8021807710253422,0.8795281459618892,0.1204718540381107,-1.1420477084108084e-05,-1.0838201751186392e-05,0.0011501436048166,True,139.99409865058757,0.8040570154299352,0.5935274167782741,0.8040570154299352,0.1959429845700647,-4.237988454896708e-05,-5.676558896479109e-05,0.002592699912941,True,0,1,1,0.05251990171266574,1,1,1,1,0.8436505921717575,1,1,1,0,1,0,0,0.002599771949828931,0.007331812998859692,0.0075651606866126335,0.0011725682673538569,3.950227930881362,63.454272084020005,71.8358038768503,True,0.52792525,0.5437615446536014,21.517765
2025-09-12 10:55:00,2025-09-12 11:20:00,1,463.3,462.7,pivot,-0.6000000000000227,0.12778,-0.8277800000000228,-26075.07000000072,1.0,2025-09-12,463.4,0.0,463.35,463.6,462.7,0.0,2025,0.0,1.0,1.0,1.0,1,10,4,9,463.3,463.65,463.25,0.7742787501051422,76.94916114206316,1.613925970293792,1.7196156756001726,-0.1056897053063805,461.57,464.1460843427659,458.9939156572341,462.98,462.505,461.57,456.5183333333334,461.2750261464678,1.0,-0.0001079214331966,0,0.0001079214331966,1,-0.0011871357651629,0,-0.0007554500323764,0,2025-09-12 10:55:00,0.000215819575673,0.0018359527809481,559.3113312225244,0.6238065181295197,0.1739636697904717,0.6238065181295197,0.3761934818704803,6.756410549680123e-06,2.9595755658152216e-05,0.0010704753483254,True,113.6755146417304,0.8494328682178341,0.7010175453709573,0.8494328682178341,0.1505671317821658,4.744530500691104e-05,0.0001500573555748,0.0024049261484335,True,0,1,0,0.10568970530638055,1,1,1,1,0.8357809314081965,1,1,1,0,1,0,0,0.003734081588603536,0.014637743722569907,0.011120588572268119,0.0016712254481008897,-8.13273416467784,64.31264157039296,3.3995251456929,True,0.5199495,0.5625189259213698,28.86581
2025-09-12 11:20:00,2025-09-12 11:55:00,1,462.7,462.55,pivot,-0.1499999999999772,0.1277575,-0.37775749999997726,-11899.361249999283,1.0,2025-09-12,463.35,0.0,463.0,463.0,462.4,0.0,2025,0.0,1.0,1.0,1.0,1,11,4,9,462.7,463.6,462.7,0.741996508082181,69.10900827088521,1.2943082812931834,1.507332918402153,-0.2130246371089696,462.405,464.0631219604919,460.74687803950815,463.15,463.065,462.405,457.3541666666667,461.322523531821,1.0,0.0020531661984006,1,0.0001080613788632,1,0.0014047979252215,1,0.0014047979252215,1,2025-09-12 11:20:00,0.0014038121197466,-0.0001079039655753,81.64697056030157,0.9522439275274432,1.283744054674559,0.9522439275274432,0.0477560724725567,6.756410549680123e-06,2.9595755658152216e-05,0.0010704753483254,True,261.79253028028603,0.4591534209904627,-0.1072637183965808,0.4591534209904627,0.5408465790095373,4.744530500691104e-05,0.0001500573555748,0.0024049261484335,True,0,0,0,0.21302463710896968,1,1,0,0,0.5889560620475852,1,1,1,0,1,0,0,0.0006375621352928808,0.011553562423456457,0.007167157814963834,0.0016036233155007154,-14.721921407866102,40.70216936323455,3.4039334341908,True,0.5057518,0.5173967737111081,35.144264
2025-09-16 11:05:00,2025-09-16 15:45:00,1,472.9,473.9,eod,1.0,0.128404,0.7715960000000001,24305.274,1.0,2025-09-16,472.8,0.0,473.9,473.9,473.9,0.0,2025,0.0,1.0,1.0,1.0,1,11,1,9,472.9,472.95,472.55,0.6349263328711271,75.75332343306214,1.0870873917925792,0.983192320826876,0.1038950709657032,470.8325000000001,473.2970433045291,468.3679566954711,472.27,471.735,470.8325000000001,468.5100000000001,470.91580751343656,1.0,-0.0003171917953055,0,0.0031719179530556,1,0.0017974201733982,1,0.0025375343624445,1,2025-09-16 11:05:00,-0.0002114835579416,0.0024352809960263,571.5310497197345,0.3687885277245156,-0.2252077210156013,0.3687885277245156,0.6312114722754845,6.756410549680123e-06,2.9595755658152216e-05,0.0010704753483254,True,65.51187428994174,0.9023011526465856,0.9502261189766752,0.9023011526465856,0.0976988473534145,4.744530500691104e-05,0.0001500573555748,0.0024049261484335,True,0,1,1,0.10389507096570316,1,1,1,1,0.9194489088912562,1,1,1,0,1,0,0,0.004371960245294739,0.009283146542609162,0.010423105538291403,0.001342622822734462,7.870396913965858,69.65131057541541,99.9154155212514,True,0.52792525,0.5437615446536014,23.6801
2025-09-24 10:45:00,2025-09-24 12:45:00,-1,479.25,477.9,pivot,1.3500000000000227,0.1287145,1.1212855000000226,35320.49325000071,1.0,2025-09-24,478.95,0.0,477.7,477.95,477.6,0.0,2025,0.0,1.0,1.0,1.0,1,10,2,9,479.25,479.45,478.95,0.8124947981448798,25.79420503920751,-0.76753391109429,-0.5563326595781168,-0.2112012515161732,481.0475,482.8181600065715,479.2768399934285,479.85,480.49,481.0475,482.3825,481.6980547804022,-1.0,0.0019822639540949,1,0.0033385498174231,1,0.0027125717266562,1,0.0040688575899843,1,2025-09-24 10:45:00,-0.0006261740968531,-0.0038551753920971,320.1869016669393,0.1693260323869157,-0.6395266113112016,0.1693260323869157,0.8306739676130843,3.181527774563726e-05,5.951710439713295e-05,0.0010721855652643,True,14.287921009200396,0.0250606496191815,-1.75497828672945,0.0250606496191815,0.9749393503808184,0.0001759779763702,0.0002924728661059,0.0023633615809188,True,1,0,0,0.2112012515161732,0,0,0,0,-0.007579092917015092,1,0,1,0,1,0,0,-0.0037506520605112437,-0.006536254564423564,0.007389295802071943,0.0016953464750023575,-5.447768386145408,-0.19549667671269266,105.16431924882764,True,0.54264575,0.5512807207199951,41.16973
2025-10-01 10:50:00,2025-10-01 11:10:00,1,480.85,480.1,pivot,-0.75,0.1288285,-0.9788285,-30833.09775,1.0,2025-10-01,480.95,0.0,479.7,480.3,479.55,0.0,2025,0.0,1.0,1.0,1.0,0,10,2,10,480.85,481.0,480.4,0.7357601840089477,72.0207466455714,0.7496111513059986,0.64395522451762,0.1056559267883786,479.25999999999993,480.65909745935,477.8609025406499,480.14,479.64,479.25999999999993,477.33,478.4781713594596,1.0,0.0,0,-0.0018716855568265,0,-0.0018716855568265,0,-0.0041593012373921,0,2025-10-01 10:50:00,0.0003119313776266,0.0037496138088533,529.3570860515692,0.6679229525748315,0.251251898494103,0.6679229525748315,0.3320770474251685,2.681802710255625e-05,5.325765540502146e-05,0.0010295393737203,True,23.71501013718641,0.9529996547333852,1.5107248144001069,0.9529996547333852,0.0470003452666147,0.0001672812930653,0.0002681495172574,0.0023044993094776,True,0,1,1,0.10565592678837865,1,1,1,1,1.0682234605510297,1,1,1,0,1,0,0,0.003306644483726918,0.007320370177810208,0.005819267793906871,0.0015301241218861343,7.609418734828856,76.93425121320125,-58.95809504003475,True,0.5170933,0.5215404926493407,24.822615
2025-10-02 10:45:00,2025-10-02 10:50:00,1,498.95,499.4,pivot,0.4499999999999886,0.1299505,0.22004949999998868,6931.559249999644,1.0,2025-10-02,499.4,0.0,499.45,499.55,498.85,0.0,2025,0.0,1.0,1.0,2.0,1,10,3,10,498.95,499.65,498.9,1.0898533569140885,85.96971006362696,3.081862252122733,3.209088636097285,-0.1272263839745528,495.86500000000007,500.12683800446064,491.6031619955395,498.44,497.485,495.86500000000007,486.5708333333333,496.0367137901522,1.0,0.0010021044192804,1,0.0008016835354244,1,0.0014029461869926,1,-0.0013027357450645,0,2025-10-02 10:45:00,0.0009014875153512,0.003912328810304,210.86806139716109,0.8795813928593751,0.8238925888585119,0.8795813928593751,0.1204186071406249,2.681802710255625e-05,5.325765540502146e-05,0.0010295393737203,True,22.556040784268767,0.9567754906956012,1.5813323432379318,0.9567754906956012,0.0432245093043989,0.0001672812930653,0.0002681495172574,0.0023044993094776,True,0,1,0,0.127226383974552,1,1,1,1,0.8619330435332204,0,1,1,0,1,0,0,0.006182984266960462,0.024810435247352765,0.017083226794109917,0.0021842937306625686,-10.93761534273598,74.10013384681052,25.2530313658686,True,0.5199495,0.5514609778158576,118.43532
2025-10-02 10:50:00,2025-10-02 12:05:00,1,499.4,498.95,pivot,-0.4499999999999886,0.1299505,-0.6799504999999886,-21418.44074999964,1.0,2025-10-02,499.45,0.0,498.6,499.0,498.55,0.0,2025,0.0,1.0,1.0,2.0,0,10,3,10,499.4,499.55,498.85,1.0620066885630814,86.06044354679648,3.0359841898498416,3.174467746847797,-0.1384835569979552,496.2299999999999,500.4016335330657,492.0583664669341,498.81000000000006,497.8200000000001,496.2299999999999,486.905,496.07554241113706,1.0,-0.00100120144173,0,-0.0007008410092109,0,0.000500600720865,1,-0.0028033640368441,0,2025-10-02 10:50:00,0.0001001151324859,0.003710951553189,611.7790172213408,0.545413812422789,0.0455130500852753,0.545413812422789,0.454586187577211,2.681802710255625e-05,5.325765540502146e-05,0.0010295393737203,True,24.03575678180171,0.9520733491650548,1.493947957273159,0.9520733491650548,0.0479266508349451,0.0001672812930653,0.0002681495172574,0.0023044993094776,True,0,1,0,0.13848355699795523,1,1,1,1,0.879947084861789,0,1,1,0,1,0,0,0.006347617140568828,0.02502002402883461,0.016706582030700044,0.0021265652554326823,-11.917956339182096,75.72863642091612,-22.076491790143347,True,0.5199495,0.5514609778158576,118.43532
2025-10-13 12:50:00,2025-10-13 13:50:00,-1,497.6,497.4,pivot,0.2000000000000454,0.12985,-0.02984999999995454,-940.2749999985681,1.0,2025-10-13,497.3,0.0,497.6,497.75,497.4,0.0,2025,0.0,1.0,1.0,1.0,1,12,0,10,497.6,497.65,497.0,0.7936364077558331,31.69309129279077,-0.7581181070900129,-0.6022116791799159,-0.155906427910097,499.225,501.4871601269109,496.96283987308914,497.92,498.575,499.225,500.68000000000006,499.49918946643794,-1.0,0.0007033762057878,1,0.0016077170418006,1,0.0009043408360129,1,-0.005024115755627,0,2025-10-13 12:50:00,-0.0007035529713796,-0.0028112468313839,267.24417762945,0.1496987307974417,-0.7350963412403163,0.1496987307974417,0.8503012692025583,2.681802710255625e-05,5.325765540502146e-05,0.0010295393737203,True,35.67290812568432,0.0519837173723729,-1.3362539689106456,0.0519837173723729,0.948016282627627,0.0001672812930653,0.0002681495172574,0.0023044993094776,True,0,0,0,0.155906427910097,0,0,0,0,0.14083002333282332,1,0,0,1,1,0,0,-0.003265675241157556,-0.006189710610932558,0.009092283468291338,0.001594928472178121,-4.941156652887607,4.463338786253024,50.6430868167189,True,0.52374583,0.5604539815868954,31.778095
2025-10-14 13:25:00,2025-10-14 13:40:00,1,498.0,495.45,pivot,-2.550000000000012,0.1298035,-2.7798035000000114,-87563.81025000036,1.0,2025-10-14,495.3,0.0,494.7,495.8,494.3,0.0,2025,0.0,1.0,0.0,0.0,0,13,1,10,498.0,499.05,494.75,1.3799203259405606,12.369138942183682,-1.943971220171079,-1.227950441268257,-0.7160207789028221,502.3125,507.364636079563,497.260363920437,498.5100000000001,500.7299999999999,502.3125,505.3875,501.1786499371617,-1.0,-0.0015060240963855,0,-0.0054216867469879,0,0.0006024096385542,1,-0.0012048192771084,0,2025-10-14 13:25:00,-0.0054364374304609,-0.0142329755597968,0.896315439601515,0.0,-5.332185660882659,0.0,1.0,2.681802710255625e-05,5.325765540502146e-05,0.0010295393737203,True,0.7614303085196681,0.0,-6.292527412534146,0.0,1.0,0.0001672812930653,0.0002681495172574,0.0023044993094776,True,1,0,0,0.7160207789028221,0,0,0,0,0.0732003322866739,1,0,0,1,0,1,0,-0.008659638554216868,-0.014834337349397568,0.020289703130775154,0.002770924349278234,-8.856560499739588,0.9054250806678836,-170.78313253011885,True,0.5407255,0.5890036857901088,83.08493
2025-10-17 10:40:00,2025-10-17 10:45:00,1,532.1,532.65,pivot,0.5499999999999545,0.1319425,0.31805749999995453,10018.811249998567,1.0,2025-10-17,532.65,0.0,533.25,533.3,531.9,0.0,2025,0.0,1.0,2.0,2.0,0,10,4,10,532.1,532.7,531.6,1.2992709135698255,82.55613969070481,2.099503101440632,1.3396545585156154,0.7598485429250168,526.3625,532.7044136262318,520.0205863737681,530.9,528.8900000000001,526.3625,524.405,528.0995294520274,1.0,0.0021612478857357,1,-0.0036647246758129,0,-0.0121217816199963,0,-0.0067656455553467,0,2025-10-17 10:40:00,0.0009391435701531,0.0077271398425346,206.5032489348709,0.8629991021925371,0.6085881342726955,0.8629991021925371,0.1370008978074629,2.691353702660389e-05,7.819210424437789e-05,0.0014146701478787,True,4.633275460545315,0.9822761572328108,2.30504936601253,0.9822761572328108,0.017723842767189,0.0002123298031992,0.0003914538862031,0.00318244201816,True,0,1,1,0.7598485429250164,1,1,1,1,0.9523476933104399,0,1,1,0,0,0,0,0.010782747603833994,0.014461567374553749,0.023837299854282547,0.002441779578218052,62.7301624534962,78.62214920305718,-115.43882728810634,True,0.5199495,0.5452892470893893,119.32931
2025-10-17 10:45:00,2025-10-17 11:10:00,1,532.65,530.15,pivot,-2.5,0.131884,-2.7318839999999995,-86054.34599999999,1.0,2025-10-17,533.25,0.0,529.5,530.15,528.8,0.0,2025,0.0,1.0,2.0,2.0,0,10,4,10,532.65,533.3,531.9,1.3064658483148364,83.62129113809537,2.296074507443336,1.5309385483011595,0.7651359591421765,526.82,533.7660628772896,519.8739371227105,531.75,529.775,526.82,524.5925,528.5345765068245,1.0,-0.0008448324415656,0,-0.0059138270909602,0,-0.0119215244532057,0,-0.0064770487186706,0,2025-10-17 10:45:00,0.0011258092942533,0.0080019254931604,152.27250482833162,0.8961786178486203,0.740538132920831,0.8961786178486203,0.1038213821513797,2.691353702660389e-05,7.819210424437789e-05,0.0014146701478787,True,4.243184411271545,0.9834989028834892,2.39139364159017,0.9834989028834892,0.0165010971165109,0.0002123298031992,0.0003914538862031,0.00318244201816,True,0,1,1,0.7651359591421767,1,1,1,1,0.9196621959082264,0,1,1,0,0,0,0,0.01094527363184066,0.015127194217591297,0.026081152266177007,0.0024527660721202224,63.981656799653784,76.9033402327419,-186.2855533652463,True,0.5199495,0.5452892470893893,119.32931
2025-10-20 11:05:00,2025-10-20 12:35:00,1,531.9,534.15,pivot,2.25,0.1319815,2.0180184999999997,63567.58274999999,1.0,2025-10-20,532.25,0.0,533.95,534.4,533.65,0.0,2025,0.0,1.0,1.0,2.0,1,11,0,10,531.9,532.4,531.75,1.2458390874066478,69.31831817055587,1.1710803639901997,0.8868088214971765,0.2842715424930231,529.16,533.3324156855917,524.9875843144082,531.1600000000001,530.54,529.16,527.72,528.5659647063709,1.0,0.0006580184245159,1,0.0026320736980635,1,0.0039481105470953,1,0.0038541079150217,1,2025-10-20 11:05:00,0.000657802025317,0.0041419620544822,322.4119959868309,0.7896126850474597,0.40971382759561,0.7896126850474597,0.2103873149525402,2.691353702660389e-05,7.819210424437789e-05,0.0014146701478787,True,25.19352308815884,0.9424750295430432,1.1785000785175417,0.9424750295430432,0.0575249704569568,0.0002123298031992,0.0003914538862031,0.00318244201816,True,0,0,1,0.2842715424930231,1,1,1,1,0.8283469585091683,0,1,1,0,1,0,0,0.005151344237638671,0.007858620041361064,0.015688722262048403,0.0023422430671303776,19.705225229366068,57.41961802555077,82.91032148900025,True,0.5170933,0.5283565343804183,115.08986
2025-10-21 08:45:00,2025-10-21 10:45:00,1,541.65,546.7,pivot,5.050000000000068,0.1326505,4.817349500000067,151746.50925000213,1.0,2025-10-21,539.2,0.0,546.55,546.85,546.15,0.0,2025,0.0,1.0,1.0,1.0,1,8,1,10,541.65,541.65,539.0,1.0075146472048406,78.24759289487723,0.810389800839971,0.6008214427877491,0.2095683580522219,535.51,537.4702899949982,533.5497100050018,536.4200000000001,535.84,535.51,533.99,536.9587558200121,1.0,-0.0019385211852671,0,0.0061848056863288,1,0.0107080217852858,1,0.0100618480568633,1,2025-10-21 08:45:00,0.0056725869319428,0.0073526321283052,0.6388615848905083,0.999583057876656,3.95455777170888,0.999583057876656,0.0004169421233438,2.691353702660389e-05,7.819210424437789e-05,0.0014146701478787,True,5.282195077927174,0.9804118599845448,2.187370014089605,0.9804118599845448,0.0195881400154552,0.0002123298031992,0.0003914538862031,0.00318244201816,True,0,1,1,0.20956835805222196,1,1,1,1,2.066094816498199,0,1,0,0,1,0,0,0.011335733407181735,0.01414197359918761,0.007238216542040876,0.0018600842743558398,16.398219564518126,161.66694608356715,194.8213791193572,True,0.5370254,0.5530647537854178,104.69721
2025-11-03 10:55:00,2025-11-03 11:05:00,1,594.85,593.85,pivot,-1.0,0.135661,-1.235661,-38923.3215,1.0,2025-11-03,594.0,0.0,593.4,594.15,593.25,0.0,2025,0.0,1.0,1.0,2.0,0,10,0,11,594.85,595.05,594.0,1.128871934769482,73.82388819068244,2.5800484572130244,2.62922993180001,-0.0491814745869856,591.5350000000001,595.8870231262352,587.1829768737649,593.9200000000001,593.3149999999999,591.5350000000001,584.6,591.4285849135007,1.0,-0.0016810960746406,0,-0.0006724384298562,0,0.0005883836261242,1,0.0061360006724383,1,2025-11-03 10:55:00,-0.0014299535598901,0.0019379034585653,116.96679301777522,0.1010515021966556,-0.8842278518531456,0.1010515021966556,0.8989484978033444,3.800559536296628e-05,9.529424826344916e-05,0.001724948840909,True,104.93340448468008,0.7354624444764251,0.3629797207676388,0.7354624444764251,0.2645375555235749,0.0002828966077742,0.0004771371035496,0.0040243745626514,True,0,1,0,0.04918147458698563,1,1,1,1,0.8808573511496559,0,1,1,0,1,0,0,0.005572833487433707,0.017231234765066824,0.014632337988518675,0.0018977421783129898,-3.630767680962515,65.02831460321289,-21.181810540470302,True,0.51354223,0.5285559319518782,102.21099
2025-11-03 11:20:00,2025-11-03 11:45:00,-1,594.4,594.55,pivot,-0.1499999999999772,0.1356685,-0.38566849999997727,-12148.557749999283,1.0,2025-11-03,594.45,0.0,595.2,595.25,594.35,0.0,2025,0.0,1.0,1.0,1.0,0,11,0,11,594.4,594.75,594.3,1.0577521592126264,72.57809350261613,2.070712904078846,2.339077927264733,-0.2683650231858876,592.875,595.671520399364,590.078479600636,593.9300000000001,593.925,592.875,585.7308333333333,591.5149660700157,1.0,-8.411843876189134e-05,0,-0.0013458950201885,0,-0.0021870794078063,0,-0.0024394347240915,0,2025-11-03 11:20:00,0.0,0.0007572889419087,408.27995222693033,0.4843993266192133,-0.0552446808875961,0.4843993266192133,0.5156006733807867,3.800559536296628e-05,9.529424826344916e-05,0.001724948840909,True,157.99731550457295,0.5778632333122954,0.0696137583611222,0.5778632333122954,0.4221367666877046,0.0002828966077742,0.0004771371035496,0.0040243745626514,True,0,1,0,0.2683650231858872,1,1,1,1,0.7726602674428553,1,1,1,0,1,0,0,0.0025656123822341476,0.014584735307312725,0.009409557198398382,0.0017795292045972855,-19.477421745617097,56.07820913622394,-42.39569313593775,True,0.51354223,0.5238994668597818,25.874285
2025-11-03 12:35:00,2025-11-03 13:10:00,-1,597.6,595.2,pivot,2.3999999999999773,0.135784,2.164215999999977,68172.80399999928,1.0,2025-11-03,598.5,0.0,595.6,595.6,594.0,0.0,2025,0.0,1.0,1.0,1.0,1,12,0,11,597.6,598.65,597.35,1.079175265055932,74.8545004118946,1.6001799953885438,1.6413206571540562,-0.0411406617655123,595.47,598.283014870228,592.656985129772,596.8,596.63,595.47,589.5525,594.7848130080042,1.0,-0.0014223560910308,0,0.0029283801874163,1,0.0019243641231592,1,-0.0015896921017401,0,2025-11-03 12:35:00,0.0015048911794203,0.0046893403633859,119.34500871071556,0.8887086757285294,0.8171818767761261,0.8887086757285294,0.1112913242714705,3.800559536296628e-05,9.529424826344916e-05,0.001724948840909,True,34.09639716521094,0.903361178963892,1.0466727672239833,0.903361178963892,0.0966388210361079,0.0002828966077742,0.0004771371035496,0.0040243745626514,True,0,1,0,0.04114066176551234,1,1,1,1,0.8785973587525583,1,1,0,1,1,0,0,0.003564257028112442,0.013466365461847412,0.009414373729009426,0.00180584883710832,-3.0795636830721573,65.76696635263289,92.24397590361345,True,0.52438056,0.52818074580433,23.849356
2025-11-03 13:10:00,2025-11-03 13:35:00,-1,595.2,597.0,pivot,-1.7999999999999543,0.135766,-2.0357659999999544,-64126.62899999857,1.0,2025-11-03,595.6,0.0,597.2,597.6,596.85,0.0,2025,0.0,1.0,1.0,1.0,0,13,0,11,595.2,595.6,594.0,1.1991124335961965,50.60119026211423,0.9127786556948648,1.349064280468174,-0.4362856247733091,596.4350000000001,599.0265043441004,593.8434956558997,596.51,597.105,596.4350000000001,591.6208333333333,595.4363317072039,1.0,0.0001680107526882,1,-0.0033602150537634,0,-0.0056283602150536,0,-0.0032762096774192,0,2025-11-03 13:10:00,0.0007558261959653,-0.0035196550203545,262.81283138713883,0.7539401775460344,0.3829284278099272,0.7539401775460344,0.2460598224539656,3.800559536296628e-05,9.529424826344916e-05,0.001724948840909,True,39.23141786724759,0.0947695839325435,-0.9931461551806888,0.0947695839325435,0.9052304160674564,0.0002828966077742,0.0004771371035496,0.0040243745626514,True,0,0,0,0.43628562477330923,0,1,0,0,0.26172141042103136,1,0,0,1,1,0,0,-0.0020749327956989475,0.006013384856630989,0.00870801190893942,0.0020146378252624266,-22.07657190777959,13.243414884383494,-105.8467741935471,True,0.49726847,0.5290035803461623,31.009645
2025-11-05 10:30:00,2025-11-05 10:35:00,-1,547.3,545.4,pivot,1.8999999999999773,0.132781,1.6672189999999771,52517.39849999928,1.0,2025-11-05,545.3,0.0,545.3,548.8,544.85,0.0,2025,0.0,1.0,0.0,0.0,0,10,2,11,547.3,547.9,544.4,3.2941697768972964,21.06843106659132,-7.491828996795448,-7.163716488638262,-0.3281125081571856,556.6075,569.7983371316964,543.4166628683035,549.1999999999999,552.2099999999999,556.6075,575.2808333333335,556.3540652689943,-1.0,0.0036543029417138,1,-0.0093184725013704,0,-0.0128814178695415,0,-0.0266764114745112,0,2025-11-05 10:30:00,-0.0037523496185505,-0.010217202546655,9.47546463089838,0.0106507439102385,-2.2305843370904386,0.0106507439102385,0.9893492560897614,3.800559536296628e-05,9.529424826344916e-05,0.001724948840909,True,2.670947923749588,0.0092275329935038,-2.65739172229505,0.0092275329935038,0.9907724670064962,0.0002828966077742,0.0004771371035496,0.0040243745626514,True,1,0,0,0.3281125081571856,0,0,0,0,0.14719828214560746,1,0,1,0,0,1,0,-0.017006212315000924,-0.051125220780803074,0.04820331493402673,0.006018947153110354,-6.912815760196048,3.1012368605053906,-293.5318837931676,True,0.5407255,0.5570873177051504,49.575882
2025-11-05 10:35:00,2025-11-05 11:05:00,-1,545.4,552.0,pivot,-6.600000000000023,0.132922,-6.832922000000022,-215237.0430000007,1.0,2025-11-05,545.3,0.0,555.25,556.05,551.9,0.0,2025,0.0,1.0,0.0,0.0,0,10,2,11,545.4,548.8,544.85,3.341014792833199,21.0684310665913,-7.533070276996,-7.23758724630981,-0.2954830306861895,555.2825,567.3212652375703,543.2437347624298,547.6800000000001,550.925,555.2825,574.5558333333333,556.3540652689943,-1.0,-0.0065089842317566,0,-0.0120095342867621,0,-0.016043270993766,0,-0.0277777777777777,0,2025-11-05 10:35:00,0.0,-0.0138410514118714,408.27995222693033,0.4843993266192133,-0.0552446808875961,0.4843993266192133,0.5156006733807867,3.800559536296628e-05,9.529424826344916e-05,0.001724948840909,True,1.4793657282822543,0.0034939645247216,-3.5578667672493265,0.0034939645247216,0.9965060354752784,0.0002828966077742,0.0004771371035496,0.0040243745626514,True,1,0,0,0.29548303068618953,0,0,0,0,0.08955508289342642,1,0,1,0,0,1,0,-0.01811972863953071,-0.05345770688179935,0.04414655385981027,0.006125806367497615,-6.2253638633594655,1.8867850906030246,-378.30033003300616,True,0.5407255,0.5570873177051504,49.575882
2025-11-10 08:45:00,2025-11-10 10:25:00,-1,561.9,572.75,pivot,-10.850000000000025,0.1340395,-11.084039500000024,-349147.24425000075,1.0,2025-11-10,565.85,0.0,572.6,573.6,572.4,0.0,2025,0.0,1.0,2.0,2.0,0,8,0,11,561.9,566.35,561.7,1.789415724320055,76.93895386889189,1.7182758094464816,1.2494264448225627,0.4688493646239189,558.04,563.2197784979293,552.8602215020707,560.1,559.7850000000001,558.04,555.8808333333333,558.5611851812795,1.0,-0.0088983804947499,0,-0.012991635522335,0,-0.0133475707421249,0,-0.0190425342587649,0,2025-11-10 08:45:00,0.0127163689468474,0.0122690016956158,0.4858924093944824,1.0,7.316782039711236,1.0,0.0,3.800559536296628e-05,9.529424826344916e-05,0.001724948840909,True,3.395322711211984,0.9915012243030088,2.930111103847429,0.9915012243030088,0.008498775696991,0.0002828966077742,0.0004771371035496,0.0040243745626514,True,0,1,1,0.4688493646239189,1,1,1,1,0.872602805461962,0,1,0,0,0,0,0,0.00686954974194699,0.010712167052263225,0.018436655981239742,0.0031845803956576883,36.07277963625897,67.13714699530354,-409.2365189535525,True,0.5199495,0.5351918273294954,109.94557
2025-11-10 10:55:00,2025-11-10 11:35:00,1,574.35,574.65,pivot,0.2999999999999545,0.13447,0.06552999999995451,2064.1949999985673,1.0,2025-11-10,574.9,0.0,574.7,574.75,573.75,0.0,2025,0.0,1.0,1.0,2.0,1,10,0,11,574.35,575.1,574.25,1.752247649566242,69.97558399986522,2.858676284405192,2.9531139616227,-0.0944376772175084,571.8149999999999,575.7280147248059,567.901985275194,574.4,573.335,571.8149999999999,562.1100000000001,569.807383025351,1.0,0.0012187690432661,1,0.0008705493166187,1,0.0025245930181943,1,0.0026116479498563,1,2025-11-10 10:55:00,0.0009571460378319,0.0037467912956403,210.2608338989067,0.8013993947635855,0.4996390438538045,0.8013993947635855,0.1986006052364145,3.800559536296628e-05,9.529424826344916e-05,0.001724948840909,True,48.09719317141571,0.8648002903873113,0.812462692323656,0.8648002903873113,0.1351997096126886,0.0002828966077742,0.0004771371035496,0.0040243745626514,True,0,0,0,0.09443767721750795,1,1,0,1,0.8239190468578902,0,1,1,0,1,0,0,0.0044136850352573895,0.02131104727082771,0.013625889178396362,0.0030508359877535335,-6.608331614885917,57.65421647249318,27.42230347348905,True,0.51354223,0.5283565343804183,113.31439
2025-11-26 10:50:00,2025-11-26 11:15:00,1,555.55,555.5,pivot,-0.0499999999999545,0.1333315,-0.2833314999999545,-8924.942249998567,1.0,2025-11-26,555.7,0.0,555.05,555.65,554.95,0.0,2025,0.0,1.0,1.0,2.0,0,10,2,11,555.55,556.3,555.5,1.3289254389454657,77.24893306132009,2.190410771645133,1.871031384560392,0.3193793870847419,551.9175,557.0135536870689,546.8214463129311,555.3799999999999,554.11,551.9175,547.2525,552.0786949625499,1.0,0.0,0,-0.00090000900009,0,-0.0019800198001978,0,0.0025200252002521,1,2025-11-26 10:50:00,0.0003599712061909,0.001981447104198,280.54682049636045,0.5951064687597999,0.1382000573621347,0.5951064687597999,0.4048935312402001,3.47152958538164e-05,5.7009502901212e-05,0.0021921966536953,True,95.39551439877702,0.681963146428518,0.3354060866621218,0.681963146428518,0.318036853571482,0.0003254567119426,0.0002820061651872,0.0050668160376075,True,0,1,1,0.319379387084741,1,1,1,1,0.8564032311136475,0,1,1,0,1,0,0,0.006538565385653742,0.014935649356493386,0.018345976733215332,0.0023920897109989485,24.671716894074663,66.15623587379639,-28.350283502834998,True,0.5199495,0.5349460201070404,107.716866
2025-11-26 11:15:00,2025-11-26 11:30:00,1,555.5,554.8,pivot,-0.7000000000000455,0.133309,-0.9333090000000455,-29399.233500001432,1.0,2025-11-26,555.05,0.0,553.7,554.85,553.45,0.0,2025,0.0,1.0,1.0,2.0,0,11,2,11,555.5,555.65,554.95,1.137840656055468,69.68599100643905,1.883489637858588,1.967590563602404,-0.0841009257438158,553.42,558.0868370921678,548.7531629078321,555.3700000000001,555.3750000000001,553.42,548.35,552.234251764929,1.0,-0.0010801080108011,0,-0.0018901890189018,0,-0.0002700270027002,0,0.0013501350135013,1,2025-11-26 11:15:00,-0.0007203962490754,-0.0011703805072195,229.98109597259767,0.2920401207817071,-0.3546240939042599,0.2920401207817071,0.7079598792182928,3.47152958538164e-05,5.7009502901212e-05,0.0021921966536953,True,102.03151644295971,0.3294791685486097,-0.2866468136254977,0.3294791685486097,0.6705208314513902,0.0003254567119426,0.0002820061651872,0.0050668160376075,True,0,0,0,0.08410092574381611,1,1,1,1,0.7228490044671604,0,1,1,0,1,0,0,0.003744374437443818,0.01287128712871283,0.016802293761180337,0.0020483180127011122,-5.860656355016746,50.372449224311964,-59.540954095406704,True,0.51354223,0.5200916679527726,110.44361
2025-12-01 14:15:00,2025-12-01 14:55:00,-1,552.6,553.45,pivot,-0.8500000000000227,0.1331815,-1.0831815000000227,-34120.217250000715,1.0,2025-12-01,551.4,0.0,554.0,554.1,553.05,0.0,2025,0.0,1.0,1.0,1.0,0,14,0,12,552.6,553.05,551.3,1.045233309882109,28.67797475213179,-0.4229080287002489,0.0612297387169997,-0.4841377674172487,555.2475000000001,557.8020573358091,552.692942664191,553.5699999999999,554.685,555.2475000000001,554.365,555.2870465365654,-1.0,0.0014477017734347,1,-0.0007238508867172,0,-0.0016286644951139,0,-0.01085776330076,0,2025-12-01 14:15:00,-0.002264391167268,-0.0074981154403213,74.03713882999847,0.0982516092330601,-0.8732521794264758,0.0982516092330601,0.90174839076694,-2.7736054851501576e-05,9.92837065721686e-06,0.0026044246914093,True,13.165938090393272,0.0514746099508279,-1.2830490917709945,0.0514746099508279,0.948525390049172,8.34662377360985e-05,5.330877291231664e-05,0.0058855302276941,True,1,0,0,0.4841377674172486,0,0,0,0,-0.018191540054351397,1,0,0,1,1,0,0,-0.004790988056460435,-0.0031939920376402213,0.009245592963478185,0.0018914826454616521,-13.88409067054531,-0.5216965263810835,-22.801302931591803,True,0.53049463,0.5389373145207637,27.180626
2025-12-03 10:45:00,2025-12-03 11:00:00,1,573.95,573.65,pivot,-0.3000000000000682,0.134428,-0.5344280000000683,-16834.48200000215,1.0,2025-12-03,574.1,0.0,572.7,573.65,572.6,0.0,2025,0.0,1.0,1.0,2.0,0,10,2,12,573.95,574.65,573.7,1.3668614005791826,70.84863869490304,1.9736229027498664,1.7502855358708125,0.2233373668790541,570.49,576.6888623765051,564.2911376234949,573.61,573.0400000000001,570.49,567.3141666666667,570.0892737617824,1.0,0.0001742312048086,1,-0.0008711560240439,0,-0.0033975084937713,0,-0.0029619304817493,0,2025-12-03 10:45:00,0.0003484320592743,0.0034897958991079,254.23665597748803,0.5994129230377256,0.1299725385547388,0.5994129230377256,0.4005870769622743,-2.7736054851501576e-05,9.92837065721686e-06,0.0026044246914093,True,61.50283707636471,0.8075888461026056,0.5838874312505282,0.8075888461026056,0.1924111538973943,8.34662377360985e-05,5.330877291231664e-05,0.0058855302276941,True,0,1,1,0.22333736687905392,1,1,1,1,0.7790834664368519,0,1,1,0,1,0,0,0.006028399686383894,0.011561692365769457,0.021600705206046088,0.0023814990862952913,15.823148413085109,55.197003026757145,-27.44141475738285,True,0.51354223,0.5174585532089615,104.04103
2025-12-04 15:10:00,2025-12-04 15:45:00,1,568.9,570.3,eod,1.3999999999999773,0.134176,1.165823999999977,36723.45599999928,1.0,2025-12-04,569.15,0.0,570.3,570.3,570.3,0.0,2025,0.0,1.0,1.0,1.0,1,15,3,12,568.9,569.2,568.75,0.6655655230343279,71.10155217870887,0.5930691439647262,0.4651337639296589,0.1279353800350672,567.5525,568.8167763789828,566.2882236210172,568.36,567.73,567.5525,565.9825,567.0370125606553,1.0,0.0014062225347162,1,0.0024608894357531,1,0.0010546669010371,1,0.0056248901388645,1,2025-12-04 15:10:00,0.0005272407854999,0.0039610984409675,248.78846376027943,0.6542991061502477,0.2126226759976773,0.6542991061502477,0.3457008938497523,-4.435571977578379e-05,-1.441525542229787e-05,0.0025474989362289,True,49.18136896908518,0.8530456332258013,0.7065132498799102,0.8530456332258013,0.1469543667741987,-4.339193908291513e-05,-7.416485894783928e-05,0.0057115182207853,True,0,1,1,0.12793538003506733,1,1,1,1,1.0329135394762845,1,1,0,0,1,0,0,0.0023686060819124066,0.005128317806292878,0.004444634835587272,0.00116991654602624,9.096404099066278,73.4417559231679,77.51801722622264,True,0.5170933,0.5408460468926163,24.72016
2025-12-08 13:20:00,2025-12-08 14:40:00,1,584.15,585.6,pivot,1.4500000000000457,0.1350925,1.2149075000000458,38269.58625000144,1.0,2025-12-08,584.85,0.0,585.8,585.9,585.45,0.0,2025,0.0,1.0,1.0,1.0,1,13,0,12,584.15,585.05,584.1,0.8179214032222579,69.6277776191469,0.6233038092526613,0.4818389285810565,0.1414648806716047,582.8525000000001,584.2816974288806,581.4233025711195,583.48,583.06,582.8525000000001,581.4533333333334,582.1848492010972,1.0,0.0028246169648206,1,0.0039373448600531,1,0.0035093725926561,1,0.0029958058717795,1,2025-12-08 13:20:00,0.0011976049335588,0.0029109609596573,168.2680338627494,0.7953587171970163,0.4757686732443754,0.7953587171970163,0.2046412828029836,-4.435571977578379e-05,-1.441525542229787e-05,0.0025474989362289,True,69.44555038263083,0.7909395782149964,0.522650143659122,0.7909395782149964,0.2090604217850036,-4.339193908291513e-05,-7.416485894783928e-05,0.0057115182207853,True,0,0,1,0.1414648806716048,1,1,1,1,0.9539260894893214,1,1,0,1,1,0,0,0.002221176067790636,0.004616394190989646,0.004893254913568674,0.0014001907099585004,9.849885252321645,66.4197536240649,124.02636309167264,True,0.5170933,0.5278114506255984,31.155981
2025-12-08 15:15:00,2025-12-08 15:45:00,1,587.7,588.7,eod,1.0,0.135292,0.7647079999999999,24088.302,1.0,2025-12-08,588.6,0.0,588.7,588.7,588.7,0.0,2025,0.0,1.0,1.0,1.0,0,15,0,12,587.7,588.7,587.6,0.7744602786984779,73.73284088635003,0.8742081422138881,0.758428102593842,0.1157800396200461,586.245,587.8012776191838,584.6887223808162,587.1099999999999,586.4399999999999,586.245,583.685,585.802380983536,1.0,0.0017015484090522,1,-0.0037434064999149,0,-0.0019567806704102,0,-0.0057852645907777,0,2025-12-08 15:15:00,0.0014451483791935,0.0043417256301831,137.29160133141858,0.8331068746310775,0.5729398406644538,0.8331068746310775,0.1668931253689225,-4.435571977578379e-05,-1.441525542229787e-05,0.0025474989362289,True,42.93878938723567,0.8705773565802037,0.7731552834867456,0.8705773565802037,0.1294226434197962,-4.339193908291513e-05,-7.416485894783928e-05,0.0057115182207853,True,0,1,1,0.11578003962004613,1,1,1,1,0.9674615833526977,1,1,0,0,1,0,0,0.002475752935171075,0.006831716862344904,0.005296163413931558,0.0013177816550935474,8.536791239120161,71.33369098900073,-117.91730474731935,True,0.5170933,0.5267319791750528,20.745369
2025-12-09 13:05:00,2025-12-09 15:25:00,1,584.5,585.65,pivot,1.1499999999999773,0.1351045,0.9148954999999773,28819.208249999287,1.0,2025-12-09,585.35,0.0,585.3,585.9,585.3,0.0,2025,0.0,1.0,1.0,1.0,1,13,1,12,584.5,585.45,584.3,0.782294689052825,59.51528822840154,-0.0760225079860674,-0.3038755926621245,0.227853084676057,583.985,585.1051973633982,582.8648026366018,584.55,583.955,583.985,585.3258333333334,585.310498899008,1.0,0.0010265183917878,1,0.001710863986313,1,0.00196749358426,1,0.0020530367835757,1,2025-12-09 13:05:00,0.0015387248719021,0.0029941422770507,126.31541797807895,0.8454221462308968,0.6096725322380698,0.8454221462308968,0.1545778537691031,-4.435571977578379e-05,-1.441525542229787e-05,0.0025474989362289,True,67.73947911112325,0.7966576038734056,0.5372139276090276,0.7966576038734056,0.2033423961265944,-4.339193908291513e-05,-7.416485894783928e-05,0.0057115182207853,True,0,0,1,0.22785308467605708,1,0,0,1,0.7298702071738864,1,0,0,1,1,0,0,0.0008810949529512171,-0.0014128885086970658,0.003833010653201825,0.0013383998101844739,13.560742008225914,43.43843574927699,53.8922155688595,True,0.51076245,0.5263200566577392,28.420712
2025-12-10 14:20:00,2025-12-10 15:20:00,-1,586.35,585.4,pivot,0.9500000000000456,0.1351525,0.7148475000000454,22517.69625000143,1.0,2025-12-10,585.65,0.0,585.25,585.6,585.0,0.0,2025,0.0,1.0,1.0,1.0,1,14,2,12,586.35,586.6,585.5,0.7239314775839661,30.6910768031627,-0.4113277820465555,-0.0963401820563472,-0.3149875999902082,587.8824999999999,590.1760321017725,585.5889678982273,586.4,586.9,587.8824999999999,587.0333333333333,587.4161227858592,-1.0,0.0007674597083653,1,0.0024729257269549,1,0.0007674597083653,1,-0.0050311247548391,0,2025-12-10 14:20:00,-0.0011945393911899,-0.0028134210125901,176.85242226339753,0.2191121860268769,-0.4632481368233888,0.2191121860268769,0.7808878139731231,-4.435571977578379e-05,-1.441525542229787e-05,0.0025474989362289,True,73.91072998306446,0.2114395063566017,-0.4796021036357009,0.2114395063566017,0.7885604936433983,-4.339193908291513e-05,-7.416485894783928e-05,0.0057115182207853,True,0,0,0,0.3149875999902083,0,0,0,0,0.16590831695455824,1,0,0,1,1,0,0,-0.002613626673488383,-0.0011654017793694556,0.007823082124235006,0.0012346405348067982,-9.66730862334337,5.091904897935808,77.89716039907934,True,0.53049463,0.5435762441021573,39.859016
2025-12-16 10:40:00,2025-12-16 10:50:00,-1,565.55,564.75,pivot,0.7999999999999545,0.133909,0.5660909999999545,17831.866499998567,1.0,2025-12-16,565.5,0.0,566.05,566.15,564.75,0.0,2025,0.0,1.0,1.0,0.0,1,10,1,12,565.55,566.1,565.3,1.391292583049837,23.08249714184961,-2.1969756067627486,-1.9954328958730827,-0.2015427108896659,569.2700000000001,573.2965435124286,565.2434564875716,566.78,567.585,569.2700000000001,574.3158333333333,569.91122168645,-1.0,0.0013261426929537,1,0.0004420475643179,1,0.0017681902572716,1,0.0013261426929537,1,2025-12-16 10:40:00,-0.0001768190261879,-0.0041470037814801,325.0520340758968,0.4528303665679694,-0.0794039858660057,0.4528303665679694,0.5471696334320306,-3.277006100385237e-05,4.347070348608671e-07,0.0022323027149024,True,40.155143938218295,0.0991384715909366,-0.845275232682782,0.0991384715909366,0.9008615284090634,1.541960076953456e-05,5.509792461292823e-06,0.0049126171137914,True,1,0,0,0.2015427108896659,0,0,0,0,0.03806534208337072,1,0,1,0,1,0,0,-0.006577667757050909,-0.015499661096867432,0.014239390018313059,0.002460069990363075,-4.652109048071336,0.8786431498429325,13.92449827601385,True,0.5322131,0.5476964176776469,43.69345
2025-12-16 10:50:00,2025-12-16 11:40:00,-1,564.75,564.3,pivot,0.4500000000000455,0.1338715,0.21612850000004544,6808.047750001431,1.0,2025-12-16,566.05,0.0,564.7,564.85,563.95,0.0,2025,0.0,1.0,1.0,1.0,0,10,1,12,564.75,566.15,564.75,1.3825430945684802,31.16218767227734,-2.221461050361654,-2.086359905369797,-0.1351011449918568,568.6524999999999,572.978124387486,564.3268756125138,565.74,566.8700000000001,568.6524999999999,573.9658333333334,569.140099517805,-1.0,-0.0012394864984507,0,-0.0004426737494466,0,8.853474988925104e-05,1,0.002124833997344,1,2025-12-16 10:50:00,0.002210727345086,-0.0031748858135369,58.12333611968264,0.9316808565894515,0.9901401916933548,0.9316808565894515,0.0683191434105484,-3.277006100385237e-05,4.347070348608671e-07,0.0022323027149024,True,60.92136223879298,0.1480397499985354,-0.6473933409281548,0.1480397499985354,0.8519602500014646,1.541960076953456e-05,5.509792461292823e-06,0.0049126171137914,True,0,0,0,0.13510114499185688,0,0,0,0,0.04890905330456378,1,0,1,0,1,0,0,-0.006910137228862184,-0.016318429983768784,0.0153187229304509,0.0024480621417768576,-4.210047234975794,1.5241130979502326,-13.944223107567899,True,0.5216677,0.5458979282578297,31.883617
2025-12-16 15:10:00,2025-12-16 15:45:00,-1,562.45,563.6,eod,-1.1499999999999773,0.1337815,-1.3837814999999771,-43589.11724999928,1.0,2025-12-16,562.45,0.0,563.6,563.6,563.6,0.0,2025,0.0,1.0,1.0,1.0,0,15,1,12,562.45,562.7,562.2,0.8325689148504521,31.331350467875826,-0.7810668041439612,-0.4568249676111515,-0.3242418365328097,564.8875,567.6852199408545,562.0897800591456,562.85,563.7700000000001,564.8875,565.1683333333334,564.8292573100196,-1.0,-8.889679082577033e-05,0,-0.0020446261889945,0,-0.0045337363321183,0,-0.0026669037247755,0,2025-12-16 15:10:00,0.0,-0.003549564468721,325.1765144150163,0.5107108602249247,-0.000194734805436,0.5107108602249247,0.4892891397750752,-3.277006100385237e-05,4.347070348608671e-07,0.0022323027149024,True,51.564382860933776,0.1267230127531197,-0.723661986846477,0.1267230127531197,0.8732769872468803,1.541960076953456e-05,5.509792461292823e-06,0.0049126171137914,True,0,0,0,0.32424183653280975,0,0,0,0,0.06437741240540946,1,0,0,0,1,0,0,-0.004333718552760245,-0.004833022194565493,0.009948332974858028,0.0014802540934313309,-10.158934616757163,2.017031270288861,-64.40572495332675,True,0.5321289,0.5458979282578297,31.883617
2025-12-29 08:45:00,2025-12-29 10:40:00,1,595.6,603.45,pivot,7.850000000000023,0.1359715,7.614028500000022,239841.8977500007,1.0,2025-12-29,594.95,0.0,603.6,604.2,603.45,0.0,2025,0.0,2.0,1.0,1.0,1,8,0,12,595.6,596.25,594.55,0.9831365586194428,76.39873088154353,0.3014613960594943,-0.1174450990194144,0.4189064950789087,590.1525,592.5787761215506,587.7262238784494,591.2,590.255,590.1525,590.9666666666667,591.9186452954699,1.0,-0.0005036937541975,0,0.0064640698455339,1,0.0092343854936198,1,0.0122565480188044,1,2025-12-29 08:45:00,0.0084395808552343,0.0089482278651836,0.5286076210779916,0.9986052539109342,3.957020844137413,0.9986052539109342,0.0013947460890657,-3.161909135319301e-05,1.828492282002732e-05,0.0021281909456936,True,5.1380967154161645,0.9822953698017256,1.897149319225406,0.9822953698017256,0.0177046301982743,3.83160896332006e-05,9.339906980389397e-05,0.0046674390390078,True,0,1,1,0.4189064950789087,1,1,1,1,1.6226051214069153,0,1,0,0,1,0,0,0.00914623908663531,0.007779270203716128,0.008147334189222921,0.001650665813665955,32.00392458206419,123.96497199738118,203.61820013431785,True,0.52570325,0.5351918273294954,109.94557
2025-12-29 10:40:00,2025-12-29 10:55:00,1,603.45,603.6,pivot,0.1499999999999772,0.1362115,-0.08621150000002274,-2715.6622500007165,1.0,2025-12-29,603.6,0.0,603.25,603.75,602.95,0.0,2025,0.0,1.0,1.0,1.0,0,10,0,12,603.45,604.2,603.45,0.945633089044881,73.49672924661989,2.409794826198322,2.704477862486065,-0.2946830362877435,602.3050000000001,605.2801426376151,599.329857362385,603.3399999999999,603.54,602.3050000000001,594.5383333333334,601.4214453163646,1.0,8.285690612305e-05,1,-0.001988565746955,0,-0.0025685640898169,0,-0.001905708840832,0,2025-12-29 10:40:00,0.0001656863561077,-0.0002484780730885,329.3096663087571,0.5664802971203823,0.0692613759991515,0.5664802971203823,0.4335197028796177,-3.161909135319301e-05,1.828492282002732e-05,0.0021281909456936,True,142.6742258028235,0.4586168641836032,-0.0732472647280886,0.4586168641836032,0.5413831358163967,3.83160896332006e-05,9.339906980389397e-05,0.0046674390390078,True,0,1,0,0.29468303628774306,1,1,1,0,0.692427748761292,1,1,1,0,1,0,0,0.0018974231502195404,0.014767862568011655,0.009860444569111018,0.0015670446417182548,-21.658239331612148,50.89117477355522,-62.6398210290825,True,0.51354223,0.5192972702812064,42.875324
2026-01-02 11:50:00,2026-01-02 12:05:00,-1,616.4,618.45,pivot,-2.050000000000068,0.1370455,-2.2870455000000685,-72041.93325000216,1.0,2026-01-02,617.75,0.0,619.1,619.2,618.4,0.0,2026,0.0,1.0,1.0,1.0,0,11,4,1,616.4,617.75,616.15,1.2281455618379835,71.44181149583537,1.818609264421184,1.882984101786344,-0.0643748373651593,615.1099999999999,619.471747601213,610.7482523987868,616.5,616.525,615.1099999999999,610.7275000000001,613.3653413042197,1.0,-0.0035691109669046,0,-0.0052725502920181,0,-0.0071382219338091,0,-0.0075438027255028,0,2026-01-02 11:50:00,0.0021877414227587,0.0018633294166694,60.03493560442843,0.9393111881709936,1.019389967957785,0.9393111881709936,0.0606888118290063,-3.161909135319301e-05,1.828492282002732e-05,0.0021281909456936,True,107.791053843654,0.7398892285935703,0.379208026515939,0.7398892285935703,0.2601107714064297,3.83160896332006e-05,9.339906980389397e-05,0.0046674390390078,True,0,1,0,0.06437483736516003,1,1,0,0,0.6478765070726812,1,1,1,0,1,0,0,0.0020927968851396452,0.009202628163530013,0.014152328362145025,0.0019924489971414397,-4.599054996116769,46.28547129086674,-166.08533419857014,True,0.51354223,0.5147636589672971,28.74168
2026-01-02 12:05:00,2026-01-02 15:45:00,1,618.45,625.65,eod,7.199999999999932,0.137323,6.962676999999932,219324.32549999785,1.0,2026-01-02,619.1,0.0,625.65,625.65,625.65,0.0,2026,0.0,1.0,1.0,2.0,1,12,4,1,618.45,619.2,618.4,1.1579576528272846,74.53354755887418,1.9533350625212047,1.901388953223972,0.051946109297233,616.2875,619.4137681687821,613.161231831218,618.05,617.2099999999999,616.2875,611.2141666666666,615.4769838107761,1.0,0.0021020292667151,1,0.0025062656641603,1,0.0030721966205836,1,0.003638127577007,1,2026-01-02 12:05:00,0.0011313132519743,0.0052633831376932,184.6224211989372,0.8203233092384835,0.5229927001646767,0.8203233092384835,0.1796766907615165,-3.161909135319301e-05,1.828492282002732e-05,0.0021281909456936,True,24.98540081283535,0.93826295830467,1.1076704001234068,0.93826295830467,0.0617370416953301,3.83160896332006e-05,9.339906980389397e-05,0.0046674390390078,True,0,1,1,0.051946109297232645,1,1,1,1,0.8458596453103516,1,1,0,1,1,0,0,0.003496644837901241,0.011699948796723102,0.0101100110559692,0.0018723545198921247,3.8717278078037918,63.04492010187153,78.94736842104945,True,0.52438056,0.5444324861278053,27.190355
2026-01-05 10:40:00,2026-01-05 12:50:00,1,642.6,645.2,pivot,2.6000000000000227,0.138634,2.3613660000000225,74383.02900000071,1.0,2026-01-05,643.3,0.0,644.35,645.35,643.7,0.0,2026,0.0,1.0,1.0,1.0,1,10,0,1,642.6,643.4,642.35,1.9510231676071133,69.52951963481043,2.724811108323479,3.0686049542640017,-0.3437938459405227,641.11,644.4568917288922,637.7631082711079,642.03,641.0150000000001,641.11,630.0466666666667,637.1601188863352,1.0,0.0009337068160597,1,0.0008558979147213,1,0.0026455026455025,1,0.0056022408963585,1,2026-01-05 10:40:00,0.0010887317351964,0.0057681974571553,191.62528773022336,0.8123171063602006,0.5029843842454227,0.8123171063602006,0.1876828936397994,-3.161909135319301e-05,1.828492282002732e-05,0.0021281909456936,True,20.100346693641427,0.9496370392727428,1.2158269963302537,0.9496370392727428,0.0503629607272571,3.83160896332006e-05,9.339906980389397e-05,0.0046674390390078,True,0,0,0,0.34379384594052276,1,1,1,1,0.7225945923403395,1,1,1,0,1,0,0,0.0023187052598817445,0.019535221496005735,0.01041671873293545,0.0030361393831420994,-23.903820961648563,50.24165489613547,26.96078431372095,True,0.51354223,0.526532581603593,33.624237
2026-01-06 13:35:00,2026-01-06 13:40:00,-1,654.35,654.95,pivot,-0.6000000000000227,0.139279,-0.8392790000000229,-26437.28850000072,1.0,2026-01-06,654.95,0.0,656.55,656.7,654.1,0.0,2026,0.0,1.0,1.0,1.0,0,13,1,1,654.35,656.35,654.15,1.2827882369530312,78.7374788971981,1.5656243334124156,1.1072760811688152,0.4583482522436004,650.0424999999999,653.7468750852573,646.3381249147425,652.4200000000001,651.025,650.0424999999999,646.6758333333333,651.2888500578074,1.0,-0.0033621150760295,0,-0.0012225873003743,0,-0.0042790555513103,0,-0.0078704057461602,0,2026-01-06 13:35:00,0.0009165203421683,0.0082790814019162,228.4775712196002,0.801037327155503,0.5384362119869559,0.801037327155503,0.1989626728444969,3.2200489526989616e-07,7.753894680822606e-05,0.0015581815945553,True,6.089269000401,0.983858992653983,2.2930699115414623,0.983858992653983,0.0161410073460169,0.0001689013683655,0.0003845706592063,0.0034427693211511,True,0,1,1,0.45834825224360043,1,1,1,1,1.0814071065782451,0,1,0,1,1,0,0,0.006582868495453684,0.011727923384529194,0.011322304837647817,0.001960400759460581,36.08918583859812,85.14726923348464,-38.511499961790456,True,0.5199495,0.5455576268735658,101.68434
2026-01-06 13:40:00,2026-01-06 14:35:00,1,654.95,657.65,pivot,2.699999999999932,0.139378,2.460621999999932,77509.59299999785,1.0,2026-01-06,656.55,0.0,657.85,658.0,656.5,0.0,2026,0.0,1.0,1.0,1.0,1,13,1,1,654.95,656.7,654.1,1.3768747914563877,81.8716394524119,1.8702082259102328,1.2598625101170988,0.6103457157931338,650.365,655.0765870645728,645.6534129354272,653.72,651.74,650.365,646.7983333333333,651.2888500578074,1.0,0.0037407435682112,1,0.0016031758149476,1,0.004046110390106,1,0.0084739293075806,1,2026-01-06 13:40:00,0.0024399554613559,0.0099495692968363,36.64682216927269,0.9667146503444516,1.5161368371970052,0.9667146503444516,0.0332853496555483,3.2200489526989616e-07,7.753894680822606e-05,0.0015581815945553,True,3.690111680883095,0.992526569280508,2.7782862415050187,0.992526569280508,0.0074734307194919,0.0001689013683655,0.0003845706592063,0.0034427693211511,True,0,1,1,0.610345715793134,1,1,1,1,0.9865664092759145,0,1,0,1,1,0,0,0.007000534391938371,0.012446242715729071,0.014387623679892414,0.002102259396070521,49.97000438473971,80.7718093560983,50.5000381708494,True,0.5199495,0.529004550916001,127.79903
2026-01-06 15:00:00,2026-01-06 15:45:00,1,658.4,660.9,eod,2.5,0.139579,2.2604210000000005,71203.26150000001,1.0,2026-01-06,659.65,0.0,660.9,660.9,660.9,0.0,2026,0.0,1.0,1.0,2.0,1,15,1,1,658.4,659.65,658.25,1.4479924227133918,70.83944209253958,1.9918314261841488,2.062854700414335,-0.0710232742301864,656.7524999999999,660.0159297480413,653.4890702519585,657.8,657.73,656.7524999999999,650.5691666666667,654.595456187384,1.0,0.0024301336573511,1,0.0028857837181044,1,0.0196688942891859,1,0.013593560145808,1,2026-01-06 15:00:00,0.0018967419669256,0.0027324495179383,71.37056160973694,0.9382786337997476,1.1675166915551705,0.9382786337997476,0.0617213662002523,3.2200489526989616e-07,7.753894680822606e-05,0.0015581815945553,True,77.7109293354797,0.8331822840837657,0.6819739110335904,0.8331822840837657,0.1668177159162343,0.0001689013683655,0.0003845706592063,0.0034427693211511,True,0,1,0,0.0710232742301864,1,1,1,1,0.7524184871742388,1,1,0,0,1,0,0,0.002502278250303822,0.01189373228027539,0.009913213086395515,0.0021992594512657833,-5.0312491220518485,53.300905851535724,90.9021871202886,True,0.51354223,0.5342931369607131,21.074442
2026-01-08 10:40:00,2026-01-08 11:00:00,-1,676.5,676.1,pivot,0.3999999999999772,0.140578,0.1594219999999773,5021.792999999285,1.0,2026-01-08,676.8,0.0,674.45,676.35,673.15,0.0,2026,0.0,1.0,1.0,2.0,1,10,3,1,676.5,677.45,676.4,2.0940311986120306,70.34983305258218,3.4115707676552347,3.154525305245672,0.2570454624095628,671.655,681.6888846985162,661.6211153014838,676.45,675.77,671.655,664.8924999999999,670.7786851815066,1.0,-0.0008130081300812,0,0.0029563932002956,1,0.0045824094604582,1,0.0100517368810051,1,2026-01-08 10:40:00,0.0005172732426441,0.0003694535823603,317.63182700915024,0.691938017940235,0.2822099153092495,0.691938017940235,0.308061982059765,3.2200489526989616e-07,7.753894680822606e-05,0.0015581815945553,True,165.5698720942931,0.5336069899769359,-0.0043909642023211,0.5336069899769359,0.4663930100230641,0.0001689013683655,0.0003845706592063,0.0034427693211511,True,0,1,1,0.25704546240956283,1,1,1,1,0.741431915234012,0,1,1,0,1,0,0,0.007161862527716226,0.017158167036215925,0.029664108495243764,0.0030953897983917672,18.08310536743653,52.15961145656901,93.1263858093114,True,0.51354223,0.5259224273991218,100.286896
2026-01-15 15:20:00,2026-01-15 15:45:00,-1,697.65,698.0,eod,-0.3500000000000227,0.1418695,-0.5918695000000228,-18643.889250000717,1.0,2026-01-15,698.8,0.0,698.0,698.0,698.0,0.0,2026,0.0,1.0,1.0,2.0,0,15,3,1,697.65,698.85,697.45,1.1831458356667734,76.69993993920833,1.8776652617935952,1.706672439274313,0.1709928225192825,694.8325000000001,699.065487627122,690.5995123728782,696.92,696.53,694.8325000000001,690.7616666666667,694.4803978491915,1.0,-0.0,0,-0.0090303160610622,0,-0.00487350390597,0,-0.0121120905898373,0,2026-01-15 15:20:00,0.0017187056651314,0.0032250001076676,98.86695841169708,0.9068649881028916,0.9769875472183752,0.9068649881028916,0.0931350118971084,1.7021975472909176e-05,9.133063667772478e-05,0.0016657070328962,True,65.30803904834742,0.8485117731449182,0.727595684463201,0.8485117731449182,0.1514882268550818,0.0002675779276299,0.0004551977337615,0.0038067877985691,True,0,1,1,0.17099282251928227,1,1,1,1,0.8328027681852146,0,1,0,0,1,0,0,0.004038558016197064,0.00987362335459517,0.012134989255706814,0.0016959017210159443,13.115139217264678,63.8759223010124,-284.4549559234593,True,0.5199495,0.5680140537734226,108.95419
2026-01-27 10:40:00,2026-01-27 12:40:00,1,731.45,739.6,pivot,8.149999999999977,0.1441315,7.905868499999976,249034.85774999927,1.0,2026-01-27,731.4,0.0,739.3,740.4,739.1,0.0,2026,0.0,1.0,1.0,2.0,1,10,1,1,731.45,731.75,731.0,1.7435948623549948,69.66345128468983,2.5941870764374926,2.1335240628169645,0.4606630136205281,725.9350000000001,735.8167801529913,716.0532198470088,730.1600000000001,729.37,725.9350000000001,722.7791666666667,726.2968831741758,1.0,0.0011620753298241,1,0.0031444391277598,1,0.0064939503725476,1,0.0103219632237336,1,2026-01-27 10:40:00,-6.83597088143297e-05,0.0032181889529865,363.23195069886407,0.4546092415162486,-0.0989728449790115,0.4546092415162486,0.5453907584837514,5.597183359867286e-05,0.0001058820997746,0.0017605011619692,True,70.6111581732136,0.8230302806229326,0.6661642610218385,0.8230302806229326,0.1769697193770674,0.0003633041779391,0.000528328674577,0.0040378333630259,True,0,0,1,0.4606630136205281,1,1,1,1,0.7790489119680812,0,1,1,0,1,0,0,0.0075398181693895495,0.011854307653747143,0.02701970101303238,0.002383751264413145,32.09137540801206,54.271235927279044,99.0498325244337,True,0.51354223,0.5382104016311501,109.84151
2026-01-27 12:40:00,2026-01-27 13:15:00,-1,739.6,738.3,pivot,1.3000000000000682,0.144337,1.0556630000000686,33253.38450000216,1.0,2026-01-27,739.3,0.0,739.35,739.65,738.2,0.0,2026,0.0,1.0,1.0,1.0,0,12,1,1,739.6,740.4,739.1,1.3434475216642905,71.34189410759923,2.375292846794764,2.7518240918586665,-0.3765312450639024,737.6775,741.7275130011093,733.6274869988907,738.97,739.12,737.6775,728.805,735.8406099682917,1.0,0.000676041103299,1,-0.0010816657652784,0,-0.0008788534342887,0,-0.001487290427258,0,2026-01-27 12:40:00,-0.0003381005543246,0.0010826905916198,337.3026626032403,0.3588093166968039,-0.252191059960814,0.3588093166968039,0.6411906833031961,5.597183359867286e-05,0.0001058820997746,0.0017605011619692,True,134.98034748930652,0.6020125591068067,0.1372919254467027,0.6020125591068067,0.3979874408931932,0.0003633041779391,0.000528328674577,0.0040378333630259,True,0,1,0,0.37653124506390245,1,1,1,1,0.7373449170994576,1,1,0,1,1,0,0,0.002599378042184983,0.014595727420227248,0.010951901030582146,0.0018164514895406849,-26.86245221355142,52.60358299648604,-34.0724716062696,True,0.51354223,0.5319114834997152,20.670763
2026-01-29 08:45:00,2026-01-29 10:30:00,1,770.6,749.65,pivot,-20.950000000000045,0.1456075,-21.195607500000047,-667661.6362500015,1.0,2026-01-29,770.85,0.0,751.85,754.4,748.8,0.0,2026,0.0,1.0,2.0,2.0,0,8,3,1,770.6,772.15,769.65,2.212842027221763,81.47039586381071,1.6949830531788166,1.0718474855335598,0.6231355676452568,759.8050000000001,765.2847137887298,754.3252862112703,761.6600000000001,760.73,759.8050000000001,757.16,763.5810660573238,1.0,0.0014923436283415,1,-0.0012976901116013,0,-0.0168699714508175,0,-0.0271866078380483,0,2026-01-29 08:45:00,0.0135176904070007,0.0153602810836258,0.2644511383473222,1.0,7.618176344867835,1.0,0.0,5.597183359867286e-05,0.0001058820997746,0.0017605011619692,True,1.1230512427375707,0.9943201579567362,3.6732452965650815,0.9943201579567362,0.0056798420432637,0.0003633041779391,0.000528328674577,0.0040378333630259,True,0,1,1,0.6231355676452568,1,1,1,1,1.484996700211078,0,1,0,0,0,0,0,0.014008564754736516,0.01744095509992221,0.01422194079608041,0.002871583217261566,50.767101372879466,120.98326902264915,-40.87723851544095,True,0.5199495,0.5514609778158576,132.6604
2026-01-29 12:30:00,2026-01-29 13:00:00,1,766.9,765.95,pivot,-0.9499999999999318,0.1459855,-1.195985499999932,-37673.543249997856,1.0,2026-01-29,767.7,0.0,764.25,766.25,763.85,0.0,2026,0.0,1.0,2.0,2.0,0,12,3,1,766.9,767.9,766.5,2.6173631768917267,69.25923540208166,2.5511764160113444,1.3914088920432808,1.1597675239680636,759.71,767.8455360866328,751.5744639133673,765.5799999999999,762.49,759.71,759.2233333333332,760.0878590195686,1.0,6.519754857226263e-05,1,-0.0010431607771547,0,-0.0050854087886295,0,-0.0044986308514798,0,2026-01-29 12:30:00,0.0011078167370639,0.0067965233522861,192.5699105072049,0.8049097261566481,0.5691189866461542,0.8049097261566481,0.1950902738433518,5.597183359867286e-05,0.0001058820997746,0.0017605011619692,True,16.078092981872178,0.9542221974633308,1.552365864105801,0.9542221974633308,0.0457778025366693,0.0003633041779391,0.000528328674577,0.0040378333630259,True,0,0,1,1.1597675239680636,1,1,1,1,0.94188851991042,0,1,0,1,0,0,0,0.0093754074846785,0.01000999695744782,0.02121668036675651,0.003412913257128344,80.3246119541935,65.23447872299406,-32.85956448037305,True,0.51354223,0.5354057473262842,109.55863
2026-02-02 11:45:00,2026-02-02 13:15:00,1,743.6,729.0,pivot,-14.600000000000025,0.144178,-14.844178000000023,-467591.6070000007,1.0,2026-02-02,740.35,0.0,736.3,736.7,728.8,0.0,2026,0.0,1.0,0.0,0.0,0,11,0,2,743.6,743.95,740.25,3.34277536464401,30.25327584729041,-4.758535762368069,-4.736278655012702,-0.022257107355367,748.275,759.7640107697931,736.7859892302068,743.5699999999999,743.6249999999999,748.275,761.3525000000001,751.7798460157903,-1.0,-0.0061861215707369,0,-0.0092119419042496,0,-0.0162721893491124,0,-0.0089429800968262,0,2026-02-02 11:45:00,-0.004380208492561,-0.0041112105084238,9.098884392472783,0.0131714064937614,-2.4260476449910606,0.0131714064937614,0.9868285935062386,8.088249171274661e-05,0.0001316018704466,0.0018597369150284,True,31.747430388116992,0.0919237589826615,-1.105161887724503,0.0919237589826615,0.9080762410173384,0.0004609224172761,0.0006586844466234,0.0043160147015822,True,0,0,0,0.022257107355367012,0,0,1,0,0.2965447115650964,1,0,1,0,0,1,0,-0.0062869822485206485,-0.02387372243141481,0.030901051021498493,0.0044953945194244355,-0.6733504083846743,8.971448960034031,-290.1761699838624,True,0.5322131,0.5471115177611375,40.931618
2026-02-03 14:25:00,2026-02-03 15:45:00,-1,774.2,777.0,eod,-2.7999999999999545,0.146536,-3.046535999999955,-95965.88399999858,1.0,2026-02-03,774.3,0.0,777.0,777.0,777.0,0.0,2026,0.0,1.0,1.0,2.0,0,14,1,2,774.2,774.65,773.5,1.911689064575712,69.45905048787056,2.350832480758981,2.235590212992998,0.1152422677659834,769.625,775.1757704583478,764.0742295416522,771.66,771.8100000000001,769.625,764.9050000000001,768.2910762982236,1.0,-0.00019374838543,0,-0.0043270472746059,0,-0.0071041074657711,0,-0.0071686902609144,0,2026-02-03 14:25:00,0.0001937421298319,0.0035579168754641,331.04680450610607,0.5378403198517309,0.0334134677239266,0.5378403198517309,0.4621596801482691,8.088249171274661e-05,0.0001316018704466,0.0018597369150284,True,64.0739651349623,0.8247138127492782,0.6717383116831842,0.8247138127492782,0.1752861872507217,0.0004609224172761,0.0006586844466234,0.0043160147015822,True,0,0,1,0.11524226776598301,1,1,1,1,0.912104953206968,0,1,0,1,1,0,0,0.005909325755618762,0.012005941617153137,0.01433937085597457,0.002469244464706422,8.004618495094139,63.35394399503961,-136.30198915008586,True,0.51354223,0.5307032747192981,106.828636
2026-02-04 08:45:00,2026-02-04 10:25:00,-1,770.95,783.25,pivot,-12.299999999999956,0.146626,-12.546625999999954,-395218.7189999985,1.0,2026-02-04,771.4,0.0,783.1,784.6,782.25,0.0,2026,0.0,2.0,1.0,1.0,0,8,2,2,770.95,772.9,768.5,4.522428721816423,42.76810284717948,2.117227708024302,2.670939719759472,-0.5537120117351697,775.4,782.1522316036445,768.6477683963554,777.7299999999999,777.39,775.4,768.565,782.7239495861252,-1.0,-0.0008431156365522,0,-0.0114144886179388,0,-0.01154419871587,0,-0.0157597768986315,0,2026-02-04 08:45:00,-0.00723330459352,-0.0107021845414269,0.2521387960709074,0.0014656932202678,-3.960187274044616,0.0014656932202678,0.998534306779732,8.088249171274661e-05,0.0001316018704466,0.0018597369150284,True,3.357431662599081,0.0114183548603141,-2.6322591032615312,0.0114183548603141,0.9885816451396858,0.0004609224172761,0.0006586844466234,0.0043160147015822,True,0,0,0,0.5537120117351702,0,1,0,0,0.17047931252846582,1,0,0,0,1,0,0,-0.005772099357934927,0.003093585835657294,0.017516652451247245,0.005866046723933358,-23.681212265608387,7.291076771533879,-359.5563914650722,True,0.49726847,0.5181813209611916,33.543423
2026-02-04 11:25:00,2026-02-04 11:30:00,-1,782.55,782.0,pivot,0.5499999999999545,0.1469365,0.3030634999999545,9546.500249998568,1.0,2026-02-04,781.95,0.0,784.3,784.65,781.25,0.0,2026,0.0,1.0,1.0,1.0,0,11,2,2,782.55,783.75,780.3,3.225623900719325,50.12864641006005,1.9318077232064752,2.2840161398163423,-0.3522084166098671,782.5725,790.1847805939196,774.9602194060803,785.15,784.905,782.5725,777.5733333333334,782.7239495861252,-1.0,-0.0022362788320235,0,-0.0001277873618299,0,0.0018529167465336,1,-0.0023640661938534,0,2026-02-04 11:25:00,-0.0007670182542866,-0.0065645052661798,231.67700196559903,0.2417873342863241,-0.4831974444727245,0.2417873342863241,0.7582126657136758,8.088249171274661e-05,0.0001316018704466,0.0018597369150284,True,12.883313448322369,0.0412716319600448,-1.6735785700997032,0.0412716319600448,0.9587283680399552,0.0004609224172761,0.0006586844466234,0.0043160147015822,True,0,0,0,0.3522084166098671,0,1,0,0,0.49852212489263675,1,0,1,0,1,0,0,-2.875215641177737e-05,0.006359551040401986,0.019455065092121016,0.004121939685284423,-17.65573117888315,24.990239326334784,-4.02530189764185,True,0.49726847,0.5181813209611916,34.71323
2026-02-06 11:35:00,2026-02-06 12:15:00,1,749.8,743.65,pivot,-6.149999999999977,0.1448035,-6.394803499999977,-201436.31024999928,1.0,2026-02-06,751.45,0.0,743.55,745.4,743.1,0.0,2026,0.0,1.0,2.0,2.0,0,11,4,2,749.8,751.8,749.7,3.839725640783369,69.11484005152909,3.7720360120691794,1.6453115145249484,2.126724497544231,738.1525,754.9517629864604,721.3532370135397,748.45,745.55,738.1525,743.3108333333333,739.9666169027005,1.0,0.0004667911443051,1,-0.0049346492397971,0,-0.0068684982662042,0,-0.0057348626300346,0,2026-02-06 11:35:00,0.0022648557509849,0.0058725560830095,70.1866861294973,0.9298499546987976,1.1470729345099744,0.9298499546987976,0.0701500453012022,8.088249171274661e-05,0.0001316018704466,0.0018597369150284,True,25.22631967144197,0.921321600834158,1.2080291650708876,0.921321600834158,0.0786783991658419,0.0004609224172761,0.0006586844466234,0.0043160147015822,True,0,0,1,2.126724497544231,1,1,1,1,0.8466669939445386,0,1,1,0,0,0,0,0.01553414243798336,0.008654530096914671,0.04480998395961683,0.005120999787654534,146.9882234814381,58.51725386338573,-155.44145105360866,True,0.5021976,0.5366308280355435,115.34984
2026-02-12 10:40:00,2026-02-12 10:45:00,1,809.85,811.25,pivot,1.3999999999999773,0.148633,1.1513669999999774,36268.06049999929,1.0,2026-02-12,811.3,0.0,813.0,813.3,811.2,0.0,2026,0.0,1.0,1.0,2.0,1,10,3,2,809.85,811.65,809.7,1.977760906791241,77.80056116727073,3.833304213691463,3.7648370244841134,0.0684671892073494,805.0825,812.6492746762383,797.5157253237617,808.6899999999999,807.74,805.0825,795.6550000000001,804.8955896092775,1.0,0.0038896091868864,1,0.0054948447243315,1,0.003148731246527,1,0.0037661295301598,1,2026-02-12 10:40:00,0.0017888540686135,0.0056240684689481,122.99537750879624,0.8403953131795702,0.6600001822653663,0.8403953131795702,0.1596046868204298,7.040225456498499e-05,6.31468626621451e-05,0.0026147071657285,True,35.49508987543521,0.8811787591215413,0.8843847638551928,0.8811787591215413,0.1188212408784586,0.0004405271803491,0.0003223725421186,0.0059947843331429,True,0,1,1,0.0684671892073494,1,1,1,1,0.8150285428064392,0,1,1,0,1,0,0,0.005886892634438526,0.017527937272334305,0.01868685479098181,0.002442132378577812,5.326785741877485,63.40967799768391,173.08760881644224,True,0.5199495,0.5680140537734226,108.95419
2026-02-12 10:45:00,2026-02-12 11:15:00,1,811.25,813.3,pivot,2.0499999999999545,0.1487365,1.8012634999999546,56739.80024999857,1.0,2026-02-12,813.0,0.0,811.75,813.5,811.5,0.0,2026,0.0,1.0,1.0,2.0,1,10,3,2,811.25,813.3,811.2,1.98649227059186,80.1011156049314,4.012296284475838,3.8143288764824574,0.1979674079933793,805.83,813.4253171203668,798.2346828796333,810.0,808.35,805.83,796.0675,806.4185306483498,1.0,0.0031432973805854,1,0.0024653312788906,1,0.0030816640986132,1,0.0032049306625578,1,2026-02-12 10:45:00,0.0020932101467912,0.008089210184619,98.78552799812287,0.8740709870046581,0.7764017748287454,0.8740709870046581,0.1259290129953418,7.040225456498499e-05,6.31468626621451e-05,0.0026147071657285,True,16.30363277546665,0.9421207065491888,1.295599176030473,0.9421207065491888,0.0578792934508112,0.0004405271803491,0.0003223725421186,0.0059947843331429,True,0,1,1,0.1979674079933802,1,1,1,1,0.8567987955016578,0,1,1,0,1,0,0,0.006681047765793478,0.01871494607087828,0.018724972869933455,0.002448680764982262,15.857410233686295,68.63053936864426,77.65793528505391,True,0.5199495,0.5590664442448535,114.75966
2026-02-20 10:35:00,2026-02-20 10:50:00,1,850.3,849.65,pivot,-0.6499999999999773,0.1509985,-0.9009984999999773,-28381.452749999284,1.0,2026-02-20,851.25,0.0,852.1,852.95,849.2,0.0,2026,0.0,1.0,1.0,2.0,1,10,4,2,850.3,852.05,849.7,1.955812684124815,70.5525047178466,2.258004749573729,2.118163183991696,0.1398415655820328,847.0875,851.800513903866,842.374486096134,849.35,848.9,847.0875,841.49,844.959182858502,1.0,-0.00117605550982,0,0.0023521110196401,1,0.0018228860402211,1,0.0022345054686582,1,2026-02-20 10:35:00,0.0010578280252997,0.0028233652070794,190.1540335243941,0.7252074492954342,0.3322445118903056,0.7252074492954342,0.2747925507045657,6.165451679249326e-05,0.0001068310675458,0.0028623406067511,True,77.94945719185004,0.7267035615423092,0.3559471862807514,0.7267035615423092,0.2732964384576908,0.0004080057368871,0.0005336632815996,0.0064327012931459,True,0,1,1,0.13984156558203287,1,1,1,1,0.8408116404414617,1,1,1,0,1,0,0,0.0037780783252969277,0.010361049041514695,0.01108553193900035,0.0023001442833409562,9.866172715477425,59.32136722906657,74.09149711866314,True,0.51354223,0.520427299547069,20.198523
2026-02-24 10:40:00,2026-02-24 11:00:00,1,876.95,877.35,pivot,0.3999999999999772,0.152629,0.14737099999997724,4642.186499999283,1.0,2026-02-24,878.5,0.0,879.45,879.8,877.15,0.0,2026,0.0,1.0,2.0,2.0,1,10,1,2,876.95,879.2,875.65,2.8477373045727834,74.21875190579104,3.5109841082348794,1.99786485575878,1.5131192524761,866.7025,880.2039414457396,853.2010585542604,875.96,872.05,866.7025,864.7366666666666,868.728520622018,1.0,0.0024516791151148,1,0.0038770739494839,1,0.0064998004447231,1,0.0075260847254688,1,2026-02-24 10:40:00,0.0017659294230049,0.0080574166594612,126.74099212534074,0.8373645790591633,0.5796299544316587,0.8373645790591633,0.1626354209408367,6.165451679249326e-05,0.0001068310675458,0.0028623406067511,True,16.206229019848156,0.9406542192392704,1.1696102515871762,0.9406542192392704,0.0593457807607297,0.0004080057368871,0.0005336632815996,0.0064327012931459,True,0,1,1,1.5131192524760995,1,1,1,1,0.8794965167676104,0,1,1,0,0,0,0,0.011685386852158114,0.013927057795009384,0.030791815829271,0.00324732003486263,112.30182240339965,65.27513377998267,122.12782940874284,True,0.52438056,0.5450456945802272,102.534874
2026-02-24 11:00:00,2026-02-24 11:55:00,1,877.35,882.35,pivot,5.0,0.152791,4.747209000000001,149537.0835,1.0,2026-02-24,879.45,0.0,882.2,882.5,881.6,0.0,2026,0.0,1.0,2.0,2.0,1,11,1,2,877.35,879.8,877.15,2.63116084849811,72.00924844807203,4.044066276424928,3.1475191655815142,0.896547110843414,869.99,885.0935583140082,854.8864416859918,878.4,876.475,869.99,865.7216666666667,870.694844880106,1.0,0.0034193879295606,1,0.0068957656579471,1,0.005698979882601,1,0.0066678064626432,1,2026-02-24 11:00:00,0.0023907115211892,0.0028467338741868,77.94003952568848,0.9006688661958313,0.7979065972290804,0.9006688661958313,0.0993311338041686,6.165451679249326e-05,0.0001068310675458,0.0028623406067511,True,77.55626626230413,0.728529242179818,0.3595799784846001,0.728529242179818,0.271470757820182,0.0004080057368871,0.0005336632815996,0.0064327012931459,True,0,1,1,0.896547110843414,1,1,0,1,0.7436511928839243,0,1,1,0,0,0,0,0.008388898387188709,0.013253927546969088,0.03442994999488957,0.002998986548695629,64.55968365012457,53.54976350708364,217.21661822533366,True,0.51354223,0.535577286887339,102.09155
2026-02-25 10:30:00,2026-02-25 10:55:00,1,901.4,904.5,pivot,3.1000000000000227,0.154177,2.845823000000023,89643.42450000072,1.0,2026-02-25,901.6,0.0,904.45,904.9,903.6,0.0,2026,0.0,1.0,1.0,1.0,1,10,2,2,901.4,902.9,900.45,2.641167598902177,71.86488618201048,2.8609521988053075,2.3041712936563745,0.556780905148933,894.9474999999999,901.5628310821214,888.3321689178783,899.3399999999999,896.96,894.9474999999999,889.3233333333334,893.5019073417919,1.0,0.001775016640781,1,0.0033836254714888,1,0.0047148879520745,1,0.0082649212336366,1,2026-02-25 10:30:00,0.0002773232775198,0.0070679538470245,242.45477654104187,0.5530197314391324,0.0595639140820285,0.5530197314391324,0.4469802685608676,6.165451679249326e-05,0.0001068310675458,0.0028623406067511,True,22.232176037159395,0.92169690135876,1.0157926301330331,0.92169690135876,0.0783030986412399,0.0004080057368871,0.0005336632815996,0.0064327012931459,True,0,1,1,0.556780905148933,1,1,1,1,0.987692900015125,0,1,1,0,1,0,0,0.007158309296649767,0.013397677686561568,0.01467790344380196,0.0029300727744643634,40.01299637684484,70.98043784236681,106.5842023518972,True,0.51354223,0.5174585532089615,105.1112
2026-02-25 10:55:00,2026-02-25 12:20:00,1,904.5,908.5,pivot,4.0,0.15439,3.74561,117986.715,1.0,2026-02-25,904.45,0.0,906.4,909.05,906.35,0.0,2026,0.0,1.0,1.0,2.0,1,10,2,2,904.5,904.9,903.6,2.37103539689412,73.8816851620948,3.659044943243998,3.094466857984464,0.5645780852595341,897.7850000000001,906.933833693862,888.6361663061381,903.83,901.585,897.7850000000001,891.0233333333333,897.4833239069497,1.0,0.0004975124378109,1,0.0012714206744057,1,0.0051409618573797,1,0.0018242122719734,1,2026-02-25 10:55:00,-5.528068770573264e-05,0.0031560614220775,245.34352481863257,0.4711065858032708,-0.0566360812788119,0.4711065858032708,0.5288934141967292,6.165451679249326e-05,0.0001068310675458,0.0028623406067511,True,72.2614350076358,0.7517966298699077,0.4076667050080643,0.7517966298699077,0.2482033701300923,0.0004080057368871,0.0005336632815996,0.0064327012931459,True,0,1,1,0.5645780852595341,1,1,1,1,0.8669866687217817,0,1,1,0,1,0,0,0.007423991155334348,0.014899576193108555,0.020229593574045208,0.0026213768898774126,41.711980344563216,64.05443609823605,40.04975124377955,True,0.51354223,0.5202910655242324,99.98228
2026-02-25 14:25:00,2026-02-25 14:30:00,-1,905.85,906.3,pivot,-0.4499999999999318,0.1543645,-0.7043644999999318,-22187.481749997853,1.0,2026-02-25,906.3,0.0,905.8,907.1,905.05,0.0,2026,0.0,1.0,1.0,1.0,1,14,2,2,905.85,907.1,904.9,2.035001797598605,42.0845211829316,0.7259607695226578,1.4236393580176672,-0.6976785884950094,909.5375,914.7024502021516,904.3725497978484,909.31,910.92,909.5375,905.4091666666668,908.5589922760986,-1.0,5.519677650832722e-05,1,0.0029806259314456,1,0.0007727548711155,1,-0.0181597394712148,0,2026-02-25 14:25:00,0.0004966476387159,-0.008843053259906,232.7888738265407,0.6054159867174171,0.1361880449345215,0.6054159867174171,0.3945840132825828,6.165451679249326e-05,0.0001068310675458,0.0028623406067511,True,11.682427666557793,0.0387059259978815,-1.4576639135251903,0.0387059259978815,0.9612940740021184,0.0004080057368871,0.0005336632815996,0.0064327012931459,True,0,0,0,0.6976785884950094,0,1,0,0,0.1430265679556974,1,0,0,1,1,0,0,-0.004070762267483579,0.00048665157954762555,0.0114035440793765,0.002246510788318822,-29.361469336396045,6.0192046288535535,93.88971684053641,True,0.49726847,0.5193952292447438,37.92077
2026-02-25 14:30:00,2026-02-25 14:50:00,-1,906.3,905.2,pivot,1.099999999999909,0.154345,0.8456549999999091,26638.132499997137,1.0,2026-02-25,905.8,0.0,903.15,905.5,903.1,0.0,2026,0.0,1.0,1.0,1.0,1,14,2,2,906.3,907.1,905.05,2.0360730977701382,40.789253713026085,0.3681246874394901,1.212536423902032,-0.8444117364625419,909.4075,914.8180428330796,903.9969571669204,907.87,910.2949999999998,909.4075,905.6416666666668,908.5589922760986,-1.0,0.0030343153481187,1,0.0039170252675713,1,0.0015447423590422,1,-0.0197506344477547,0,2026-02-25 14:30:00,-0.0005518459386224,-0.0079173494728549,221.89892260990348,0.3531169956750731,-0.2301183180697512,0.3531169956750731,0.646883004324927,6.165451679249326e-05,0.0001068310675458,0.0028623406067511,True,14.89220657426104,0.0511080656376639,-1.3137579951767977,0.0511080656376639,0.948891934362336,0.0004080057368871,0.0005336632815996,0.0064327012931459,True,0,0,0,0.8444117364625419,0,1,0,0,0.21282918406993476,1,0,0,1,1,0,0,-0.0034287763433742393,0.0007263967045494752,0.011939849570957969,0.0022465774001656606,-34.44292455682754,8.681143586564898,123.38629592849597,True,0.4937269,0.5193952292447438,37.92077
2026-02-26 14:20:00,2026-02-26 15:05:00,1,933.35,942.85,pivot,9.5,0.156286,9.243714,291176.99100000004,1.0,2026-02-26,935.75,0.0,943.0,944.55,942.55,0.0,2026,0.0,1.0,1.0,1.0,1,14,3,2,933.35,935.8,933.0,1.920488997070653,69.84761721853025,1.340562711112625,1.001235674674223,0.339327036438402,929.9525,933.8815383265784,926.0234616734216,931.55,931.15,929.9525,927.6025,928.5824140377016,1.0,0.001821396046499,1,0.0078212889055552,1,0.013928322708523,1,0.0036963625649541,1,2026-02-26 14:20:00,0.0025680823059324,0.0071319711372714,66.59264077146193,0.913447668883887,0.8598736406776439,0.913447668883887,0.086552331116113,6.165451679249326e-05,0.0001068310675458,0.0028623406067511,True,21.79781220950992,0.9231100298687184,1.0257444819802723,0.9231100298687184,0.0768899701312817,0.0004080057368871,0.0005336632815996,0.0064327012931459,True,0,0,1,0.339327036438402,1,1,1,1,0.9323577065941671,1,1,0,1,1,0,0,0.0036401135694005852,0.006157925751325933,0.00841921749949835,0.0020576300391821427,23.70118495304777,65.12296420093611,246.3706005249888,True,0.5170933,0.5425685473539323,31.609617
2026-02-26 15:05:00,2026-02-26 15:45:00,-1,942.85,946.85,eod,-4.0,0.156691,-4.256691,-134085.7665,1.0,2026-02-26,943.0,0.0,946.85,946.85,946.85,0.0,2026,0.0,1.0,1.0,2.0,0,15,3,2,942.85,944.55,942.55,2.3158873710717915,73.13655792790881,3.380035538921448,2.489425136647472,0.8906104022739756,934.3875,943.797733794486,924.977266205514,940.9,938.32,934.3875,929.5641666666668,936.2491582347868,1.0,-0.0037121493344646,0,-0.0037121493344646,0,0.0106061409556133,1,0.0147955666330806,1,2026-02-26 15:05:00,0.0001590794605258,0.0055828936714608,245.22582184091428,0.524051368899168,0.0182537301314593,0.524051368899168,0.4759486311008319,6.165451679249326e-05,0.0001068310675458,0.0028623406067511,True,35.39289466152066,0.8796310131585655,0.7849315800255209,0.8796310131585655,0.1203689868414344,0.0004080057368871,0.0005336632815996,0.0064327012931459,True,0,1,1,0.890610402273976,1,1,1,1,0.9496434512051483,0,1,0,0,1,0,0,0.00897544678368773,0.014091142104611808,0.01996125320991893,0.0024562627894912144,65.13617927710878,69.45365327992457,-116.93270403563491,True,0.51354223,0.5533590991906147,106.348526
2026-03-03 11:10:00,2026-03-03 11:40:00,1,902.35,898.75,pivot,-3.6000000000000227,0.154033,-3.854033000000023,-121402.03950000073,1.0,2026-03-03,900.3,0.0,896.8,900.45,896.7,0.0,2026,0.0,1.0,0.0,0.0,0,11,1,3,902.35,903.0,899.65,4.282492092702872,28.138030597177064,-5.938733538543715,-5.010730934553423,-0.9280026039902928,913.345,927.225084182274,899.4649158177258,903.1699999999998,907.795,913.345,927.5875,914.1095433823384,-1.0,-0.0100293677619549,0,-0.0041558153709757,0,-0.0131323765722835,0,-0.0150717570787388,0,2026-03-03 11:10:00,-0.0023298396293634,-0.0106616118319848,74.45370681148242,0.107680478001748,-0.8380740272948722,0.107680478001748,0.8923195219982519,7.830829586167718e-05,0.0001449122456969,0.0029529036749276,True,7.199740768317717,0.0223857437758515,-1.729633012153106,0.0223857437758515,0.9776142562241484,0.0005301488687346,0.000719790963016,0.0065802414240653,True,1,0,0,0.9280026039902927,0,0,0,0,0.10392891514154828,1,0,1,0,0,1,0,-0.012184850667701008,-0.027968637446666986,0.030764302504070744,0.004745932390649827,-26.11216566533885,2.9243549941843043,-130.90818418573454,True,0.5322131,0.5330048798495927,32.213295
2026-03-03 12:15:00,2026-03-03 12:45:00,1,890.4,890.9,pivot,0.5,0.153439,0.246561,7766.6715,1.0,2026-03-03,889.55,0.0,889.55,893.15,887.6,0.0,2026,0.0,1.0,1.0,0.0,1,12,1,3,890.4,893.65,889.15,4.474598598974828,30.5022900677056,-6.81228772296231,-6.599992358439223,-0.2122953645230874,898.2699999999999,912.1211789374862,884.4188210625135,890.03,893.57,898.2699999999999,917.7433333333332,901.0222939262256,-1.0,-0.007524707996406,0,0.0006738544474393,1,-0.0087601078167115,0,-0.0216194968553459,0,2026-03-03 12:15:00,-0.0011235325040096,-0.0033107967730097,166.83211640748195,0.2497671667962553,-0.4295584581632874,0.2497671667962553,0.7502328332037447,7.830829586167718e-05,0.0001449122456969,0.0029529036749276,True,51.690001677300295,0.1881674081444843,-0.6125288536200171,0.1881674081444843,0.8118325918555157,0.0005301488687346,0.000719790963016,0.0065802414240653,True,0,0,0,0.2122953645230874,0,0,1,0,0.2159086589120294,1,0,0,1,1,0,0,-0.008838724168912725,-0.03070904462413887,0.031112261764344874,0.005025380277375144,-6.475494788712509,6.5857085422640305,21.226415094337952,True,0.5322131,0.5595462470132044,31.604944
2026-03-03 15:10:00,2026-03-03 15:45:00,1,865.2,859.6,eod,-5.600000000000023,0.151744,-5.851744000000022,-184329.93600000071,1.0,2026-03-03,863.4,0.0,859.6,859.6,859.6,0.0,2026,0.0,1.0,0.0,0.0,0,15,1,3,865.2,865.65,862.8,4.372922189121962,30.40214965581275,-5.374435674726669,-4.965979254758535,-0.4084564199681342,872.7825,883.2636246412522,862.3013753587478,865.99,869.4100000000001,872.7825,887.7766666666666,877.0770525424205,-1.0,-0.0027739251040222,0,-0.0064724919093851,0,-0.0365811373092927,0,-0.0403952843273232,0,2026-03-03 15:10:00,-0.0020248191812802,-0.0057743548827596,92.75083805432,0.1333466986030715,-0.7347789382362666,0.1333466986030715,0.8666533013969284,7.830829586167718e-05,0.0001449122456969,0.0029529036749276,True,25.187924727744207,0.0971114952498439,-0.9869160456674276,0.0971114952498439,0.902888504750156,0.0005301488687346,0.000719790963016,0.0065802414240653,True,0,0,0,0.4084564199681342,0,0,0,0,0.13827832129023943,1,0,0,0,0,1,0,-0.00876386962552009,-0.02609415934658645,0.02422821230062927,0.005054232765975452,-12.417953207748718,4.203958218020417,-203.88349514563063,True,0.5322131,0.5436797257718535,31.883617
2026-03-04 10:30:00,2026-03-04 11:10:00,-1,807.25,796.8,pivot,10.450000000000044,0.1481215,10.201878500000046,321359.1727500014,1.0,2026-03-04,805.0,0.0,796.3,802.55,794.6,0.0,2026,0.0,1.0,0.0,0.0,0,10,2,3,807.25,808.1,802.5,9.939992244878129,31.23796360284317,-11.534768235934962,-11.189319344890167,-0.3454488910447928,821.6850000000001,843.477057946199,799.8929420538011,810.6,817.915,821.6850000000001,856.0074999999999,834.3177351790777,-1.0,-0.0123257974605141,0,-0.0021059151440074,0,0.0170331371941777,1,0.0545679777020748,1,2026-03-04 10:30:00,-0.002976931000277,-0.0176690655736697,47.08620887412893,0.0687215083177935,-1.0572113382772637,0.0687215083177935,0.9312784916822064,7.830829586167718e-05,0.0001449122456969,0.0029529036749276,True,0.6158894338762426,0.0067459343294581,-2.7945565142083786,0.0067459343294581,0.9932540656705418,0.0005301488687346,0.000719790963016,0.0065802414240653,True,0,0,0,0.3454488910447946,0,0,0,0,0.16880135791585799,1,0,1,0,0,1,0,-0.01788169711985142,-0.06039950449055427,0.053990852762338684,0.012313400117532522,-10.791119885099773,5.273010674686074,-66.3363270362331,True,0.5216677,0.5421800893466422,35.481667
2026-03-04 11:10:00,2026-03-04 12:00:00,-1,796.8,782.7,pivot,14.099999999999907,0.147385,13.852614999999911,436357.3724999972,1.0,2026-03-04,796.3,0.0,768.85,782.8,768.5,0.0,2026,0.0,1.0,0.0,0.0,1,11,2,3,796.8,802.55,794.6,9.299184364664953,31.05017519153695,-10.365199645844768,-10.112223808232876,-0.252975837611892,813.405,832.5449802027422,794.2650197972578,803.21,807.2299999999999,813.405,845.3608333333334,825.4668285465565,-1.0,0.0074673694779115,1,0.0350778112449798,1,0.0446159638554216,1,0.012738453815261,1,2026-03-04 11:10:00,-0.0006277070069892,-0.0156374865123039,206.0071835423996,0.3434922516659363,-0.2616472928820497,0.3434922516659363,0.6565077483340637,7.830829586167718e-05,0.0001449122456969,0.0029529036749276,True,0.8177756471874298,0.0082330416939914,-2.485817224805435,0.0082330416939914,0.9917669583060086,0.0005301488687346,0.000719790963016,0.0065802414240653,True,0,0,0,0.252975837611892,0,0,0,0,0.0662221218593267,1,0,1,0,0,1,0,-0.020839608433734964,-0.06094482095046869,0.04804211898278667,0.01167066310826425,-7.85494407707505,2.056208485287403,1104.9510542168637,True,0.5216677,0.52705813812713,35.481667
2026-03-04 12:30:00,2026-03-04 13:00:00,1,761.25,795.0,pivot,33.75,0.1466875,33.5033125,1055354.34375,1.0,2026-03-04,754.5,0.0,791.45,797.45,785.9,0.0,2026,0.0,1.0,0.0,0.0,1,12,2,3,761.25,763.5,754.45,11.777909628148995,27.165589921185088,-16.34315237601038,-14.142931421703985,-2.2002209543063973,789.9399999999999,828.2486303324567,751.6313696675431,765.17,774.3050000000001,789.9399999999999,826.6533333333334,795.5171186102029,-1.0,0.0025615763546798,1,0.0440722495894909,1,0.031855500821018,1,0.0191133004926107,1,2026-03-04 12:30:00,-0.0089065408162032,-0.0434428116499754,0.2127555660873523,0.0009695151636329,-3.065272036725728,0.0009695151636329,0.999030484836367,7.830829586167718e-05,0.0001449122456969,0.0029529036749276,True,0.0308472948211417,0.0,-6.711395489454095,0.0,1.0,0.0005301488687346,0.000719790963016,0.0065802414240653,True,1,0,0,2.2002209543063955,0,0,0,0,0.12554129773086042,0,0,0,1,0,1,0,-0.037688013136288924,-0.08591570881226065,0.10064664783568289,0.015471802467190798,-59.7703001806861,3.4104034123299583,1388.2758620689633,True,0.5322131,0.5133807602644881,115.60779
2026-03-09 10:30:00,2026-03-09 11:05:00,-1,755.2,750.95,pivot,4.25,0.1451845,4.0048155,126151.68825,1.0,2026-03-09,754.9,0.0,758.45,761.9,750.85,0.0,2026,0.0,1.0,0.0,1.0,0,10,0,3,755.2,757.35,754.45,6.250303749747142,30.209341618719776,-12.04945547463467,-12.870493299289777,0.8210378246551073,764.775,779.1090044740806,750.4409955259193,758.21,759.6850000000001,764.775,801.5175,773.8608798416683,-1.0,0.0054952330508475,1,-0.0009269067796609,0,-0.0141022245762711,0,-0.0054952330508474,0,2026-03-09 10:30:00,-0.0003973246857118,-0.0033722384587535,218.14748604445464,0.3927865667032821,-0.1836283844992469,0.3927865667032821,0.6072134332967178,7.830829586167718e-05,0.0001449122456969,0.0029529036749276,True,50.75894528027893,0.1849830215606902,-0.6218661532393224,0.1849830215606902,0.8150169784393098,0.0005301488687346,0.000719790963016,0.0065802414240653,True,0,0,1,0.8210378246551073,0,0,0,0,0.16600401104541812,1,0,1,0,0,1,0,-0.012678760593220248,-0.06133143538135592,0.03796081693347628,0.008276355600830431,24.803012126896682,5.0148718797487675,-29.19756355931835,True,0.5322131,0.5471115177611375,40.931618
2026-03-10 10:35:00,2026-03-10 11:40:00,-1,829.4,826.35,pivot,3.0499999999999545,0.1496725,2.800327499999955,88210.31624999858,1.0,2026-03-10,828.9,0.0,822.85,826.95,822.6,0.0,2026,0.0,1.0,1.0,1.0,0,10,1,3,829.4,831.05,827.85,5.04466422891519,69.75951890661403,10.07332560122336,11.898893631932266,-1.8255680307089064,825.2674999999999,834.5074176946811,816.0275823053188,828.8099999999998,828.3549999999999,825.2674999999999,786.7466666666667,815.6324021980072,1.0,6.028454304310891e-05,1,-0.0012659754039065,0,-0.0,0,0.0133228840125391,1,2026-03-10 10:35:00,-0.0007235890330186,0.0001206490922619,199.5743982019063,0.3238970911203336,-0.2941177140622109,0.3238970911203336,0.6761029088796664,7.830829586167718e-05,0.0001449122456969,0.0029529036749276,True,98.39633953973512,0.4592130629155763,-0.0910516548166257,0.4592130629155763,0.5407869370844236,0.0005301488687346,0.000719790963016,0.0065802414240653,True,0,0,0,1.8255680307089062,1,1,1,1,0.7236221217846388,0,1,1,0,1,0,0,0.004982517482517543,0.051426734185354844,0.022280968639211814,0.0060823055569269235,-127.3507475535481,50.47953108587967,-39.87822522305475,True,0.51354223,0.5382104016311501,109.84151
2026-03-10 11:40:00,2026-03-10 11:45:00,1,826.35,822.85,pivot,-3.5,0.149476,-3.749476,-118108.494,1.0,2026-03-10,822.85,0.0,820.1,823.75,819.7,0.0,2026,0.0,1.0,1.0,1.0,0,11,1,3,826.35,826.95,822.6,5.761544903529802,48.21918872917124,3.5484420383892257,5.829298988087585,-2.280856949698359,828.9975000000001,833.4802711183506,824.5147288816495,826.82,828.525,828.9975000000001,802.3341666666668,831.1037190821124,-1.0,-0.0075633811339021,0,-0.0104677194893204,0,-0.0144611847280208,0,-0.0112543111272464,0,2026-03-10 11:40:00,-0.0041839796657467,-0.0095549831933118,23.141745374171887,0.0282167950657009,-1.4659780297607934,0.0282167950657009,0.971783204934299,7.830829586167718e-05,0.0001449122456969,0.0029529036749276,True,10.413151915200196,0.0322149055418542,-1.5614585383981128,0.0322149055418542,0.9677850944581458,0.0005301488687346,0.000719790963016,0.0065802414240653,True,0,0,0,2.280856949698359,0,1,0,0,0.20470274634786834,1,0,1,0,1,0,0,-0.003203848248320973,0.029062544119723192,0.010849570081322852,0.0069722816040779356,-109.98107172174701,9.870600359527533,-329.7331639135926,True,0.49726847,0.530549321380707,26.860138
2026-03-10 11:45:00,2026-03-10 12:30:00,1,822.85,816.85,pivot,-6.0,0.149191,-6.249191,-196849.5165,1.0,2026-03-10,820.1,0.0,814.4,817.4,814.3,0.0,2026,0.0,1.0,0.0,1.0,0,11,1,3,822.85,823.75,819.7,5.639291696134813,43.24471783381485,2.6802043141005925,5.199480053290186,-2.519275739189593,828.6425000000002,834.6049504900972,822.6800495099031,824.97,827.485,828.6425000000002,803.3950000000001,831.1037190821124,-1.0,-0.0044965668104758,0,-0.0067448502157137,0,-0.0130643495169228,0,-0.0095400133681716,0,2026-03-10 11:45:00,-0.0033476399990263,-0.0112159774096861,37.05314989310556,0.0530801418703781,-1.1827518365660752,0.0530801418703781,0.946919858129622,7.830829586167718e-05,0.0001449122456969,0.0029529036749276,True,5.767674387053883,0.0187489221864143,-1.8138800088778608,0.0187489221864143,0.9812510778135856,0.0005301488687346,0.000719790963016,0.0065802414240653,True,0,0,0,2.5192757391895935,0,1,0,0,0.01425173176524903,1,0,1,0,0,1,0,-0.007039557635049075,0.023643434404812452,0.014492192963716382,0.006853365371738243,-108.9453684868293,0.6163121188314103,-212.46278179498154,True,0.49726847,0.52955433033336,37.45683
2026-03-11 14:50:00,2026-03-11 15:05:00,1,838.45,831.65,pivot,-6.800000000000068,0.150103,-7.0501030000000675,-222078.24450000213,1.0,2026-03-11,832.5,0.0,834.0,834.85,829.0,0.0,2026,0.0,2.0,0.0,0.0,0,14,2,3,838.45,840.15,832.05,3.1254986313321305,19.127998300778813,-3.8487243636919857,-1.8633865530379337,-1.985337810654052,848.6225000000001,862.2612017076247,834.9837982923755,838.6200000000001,843.26,848.6225000000001,850.1833333333333,845.4406419687966,-1.0,-0.0124038404198223,0,-0.0062615540580833,0,-0.0210507484047946,0,-0.0044129047647445,0,2026-03-11 14:50:00,-0.0071217273385197,-0.017208439177792,6.691373159490927,0.0213909522541487,-1.4589237843307663,0.0213909522541487,0.9786090477458512,8.479893996862295e-06,3.75290454950208e-05,0.0049072175400161,True,2.9746031016906267,0.0296174313135547,-1.624872756739169,0.0296174313135547,0.9703825686864452,0.000280927876622,0.0001911478272277,0.0107082766529593,True,1,0,0,1.985337810654052,0,0,0,0,0.12707227498372625,1,0,0,1,0,1,0,-0.012132506410638694,-0.013994076371081441,0.03253313067594869,0.003727710216866993,-37.97553826866264,2.4306382599648138,-197.23895282962397,True,0.5407255,0.5799099631842375,67.38582
2026-03-11 15:20:00,2026-03-11 15:45:00,-1,833.15,837.5,eod,-4.350000000000023,0.1501195,-4.600119500000022,-144903.7642500007,1.0,2026-03-11,830.6,0.0,837.5,837.5,837.5,0.0,2026,0.0,2.0,0.0,0.0,1,15,2,3,833.15,834.7,830.35,4.077474571235424,31.721670003132004,-5.155235927373269,-4.20896316497438,-0.9462727623988894,842.1550000000001,859.8215577636504,824.4884422363498,833.3700000000001,834.3949999999999,842.1550000000001,848.6783333333334,841.0814279952529,-1.0,0.0007201584348556,1,0.0122426933925462,1,0.0051011222468943,1,0.0025805677248994,1,2026-03-11 15:20:00,-0.0031253781901637,0.0030747921611533,58.82861276147318,0.1218494824985308,-0.6445418834332634,0.1218494824985308,0.8781505175014691,8.479893996862295e-06,3.75290454950208e-05,0.0049072175400161,True,61.13108967197417,0.6934842798066146,0.2692911686334301,0.6934842798066146,0.3065157201933853,0.000280927876622,0.0001911478272277,0.0107082766529593,True,0,0,0,0.9462727623988894,0,0,0,0,0.2451399383945558,0,0,0,0,0,1,0,-0.010808377843125619,-0.018638100382084164,0.042409068627858856,0.00489404617564115,-30.01735230176971,7.776248230340208,385.64484186520525,True,0.51326877,0.5174835076884927,107.68237
2026-03-17 15:00:00,2026-03-17 15:45:00,1,848.15,844.3,eod,-3.850000000000023,0.1507735,-4.100773500000022,-129174.3652500007,1.0,2026-03-17,845.25,0.0,844.3,844.3,844.3,0.0,2026,0.0,1.0,1.0,1.0,0,15,1,3,848.15,848.25,844.9,1.7762414899510417,28.84765152724705,-0.5519800492953664,0.3411848478587362,-0.8931648971541026,851.9675,856.9802495403179,846.954750459682,849.29,851.7149999999999,851.9675,851.2308333333334,850.5710810219118,-1.0,-0.0067794611802157,0,-0.0060720391440193,0,0.0198078170135,1,0.0333077875375818,1,2026-03-17 15:00:00,-0.0033071547298525,-0.0098302583995482,53.836278105879565,0.1114997194270036,-0.6815845737575694,0.1114997194270036,0.8885002805729963,8.479893996862295e-06,3.75290454950208e-05,0.0049072175400161,True,14.83564418640015,0.0826703366508699,-0.935856118734706,0.0826703366508699,0.91732966334913,0.000280927876622,0.0001911478272277,0.0107082766529593,True,1,0,0,0.8931648971541026,0,0,0,0,0.11922095156604763,1,0,0,0,1,0,0,-0.0045009727052997646,-0.003632415649747604,0.011820431622514746,0.0020942539526629038,-25.765709709471,3.4392444655241405,-191.26923303660797,True,0.54264575,0.5330048798495927,32.213295
2026-03-18 10:40:00,2026-03-18 11:30:00,-1,875.95,876.75,pivot,-0.7999999999999545,0.152581,-1.0525809999999547,-33156.301499998575,1.0,2026-03-18,878.7,0.0,876.1,877.3,875.55,0.0,2026,0.0,1.0,1.0,2.0,0,10,2,3,875.95,878.75,875.85,2.5641315057409195,69.87917725551257,5.010885377152135,5.753176677649253,-0.7422913004971177,874.85,882.6111041033774,867.0888958966226,876.5400000000002,877.575,874.85,858.9883333333332,871.2469055640618,1.0,0.0006849706033449,1,-0.0002854044180603,0,-0.0001712426508362,0,-0.0034819339003367,0,2026-03-18 10:40:00,0.0031345308199663,0.0019935642976506,58.49221698644856,0.8869078855639517,0.6311115717240341,0.8869078855639517,0.1130921144360482,8.479893996862295e-06,3.75290454950208e-05,0.0049072175400161,True,68.39325342309111,0.6228433135887644,0.1683199387573498,0.6228433135887644,0.3771566864112355,0.000280927876622,0.0001911478272277,0.0107082766529593,True,0,0,0,0.7422913004971177,1,1,0,0,0.5708662057194499,0,1,1,0,1,0,0,0.0012557794394657488,0.019363738417337534,0.017720427201044397,0.002927257840905211,-51.87070536266303,39.89166077865134,-8.99023916889945,True,0.51354223,0.5196025621141984,109.50499
2026-03-18 14:15:00,2026-03-18 15:45:00,-1,883.6,890.7,eod,-7.100000000000023,0.153229,-7.353229000000023,-231626.7135000007,1.0,2026-03-18,885.7,0.0,890.7,890.7,890.7,0.0,2026,0.0,1.0,1.0,1.0,0,14,2,3,883.6,885.95,883.5,1.5559189186910192,74.35059722850723,1.486243769778639,1.1510708694414689,0.3351729003371702,880.5424999999999,883.8373564474431,877.2476435525567,882.4399999999999,881.11,880.5424999999999,877.92,879.9851094727495,1.0,-0.0021502942507921,0,-0.0044703485740153,0,-0.0087709370755998,0,0.0193526482571299,1,2026-03-18 14:15:00,0.0024870010557862,0.0049802027099226,83.80742235794621,0.8412925222676274,0.4991570050271504,0.8412925222676274,0.1587074777323726,8.479893996862295e-06,3.75290454950208e-05,0.0049072175400161,True,44.666590889009136,0.7949072801863585,0.4472292823487484,0.7949072801863585,0.2050927198136415,0.000280927876622,0.0001911478272277,0.0107082766529593,True,0,1,1,0.3351729003371702,1,1,1,1,0.963980760432332,1,1,0,1,1,0,0,0.0034602761430512882,0.0064282480760525845,0.007457800922234451,0.0017608860555579663,24.920305314879535,71.67254525493443,-140.81598008148197,True,0.52438056,0.5221612491108852,25.265938
2026-03-24 08:45:00,2026-03-24 10:30:00,1,844.65,821.4,pivot,-23.25,0.1499815,-23.499981499999997,-740249.4172499999,1.0,2026-03-24,844.4,0.0,818.95,821.45,816.6,0.0,2026,0.0,2.0,2.0,2.0,0,8,1,3,844.65,846.7,841.05,5.045990240323353,84.40803312190933,1.8376444312440297,-0.9277465160862346,2.7653909473302645,807.55,826.0065777763007,789.0934222236992,812.45,807.705,807.55,809.6516666666666,825.5127005213253,1.0,0.0026638252530633,1,-0.0107144971289882,0,-0.0242112117445094,0,-0.0274669981649203,0,2026-03-24 08:45:00,0.047784038555602,0.0497113604864031,0.0471428787312789,1.0,9.777828305788304,1.0,0.0,5.897674660383861e-05,8.37259733417918e-05,0.0048784158496649,True,0.2338330773564658,0.9994246630388746,4.698485869724189,0.9994246630388746,0.0005753369611254,0.0003835887612526,0.0004011637656982,0.0104949122095794,True,0,1,1,2.765390947330264,1,1,1,1,1.505061730556531,0,1,0,0,0,0,0,0.04392351861717874,0.041435308510428384,0.043702309302789843,0.005974060546171021,233.42121067728118,127.03930040333384,-337.5066595631283,True,0.5199495,0.5365116778278528,116.586815
2026-03-27 14:05:00,2026-03-27 14:30:00,1,806.9,807.6,pivot,0.7000000000000455,0.148435,0.4515650000000455,14224.297500001434,1.0,2026-03-27,809.0,0.0,808.45,809.1,806.3,0.0,2026,0.0,1.0,2.0,2.0,1,14,4,3,806.9,809.9,805.9,2.9140560995992346,77.89487831694157,4.547308774360317,3.6719795669441018,0.8753292074162156,798.3275,808.9444415286098,787.7105584713902,804.8199999999999,802.645,798.3275,788.4925,799.0111236872756,1.0,0.0047713471309951,1,0.0019209319618293,1,-0.0027264840748542,0,-0.0536621638369066,0,2026-03-27 14:05:00,0.0026611396711303,0.0076310200627979,78.3017580144479,0.8557832605553503,0.5317545780196778,0.8557832605553503,0.1442167394446497,1.4521943394411408e-05,-3.6483203217214665e-05,0.0050730599901817,True,22.7608036892021,0.89373576550269,0.7114815919603884,0.89373576550269,0.10626423449731,7.14248930600338e-05,-0.0001719133463641,0.0109671613395677,True,0,1,1,0.8753292074162156,1,1,1,1,0.9037179623199115,0,1,0,1,0,0,0,0.010623993059858708,0.022812616185400952,0.02631538363764977,0.0036114216130861752,68.18366209895102,70.3950007077439,60.50935679762295,True,0.5199495,0.5517547430756934,110.50078
2026-03-31 15:10:00,2026-03-31 15:20:00,1,747.85,747.2,pivot,-0.6499999999999773,0.1448515,-0.8948514999999773,-28187.822249999284,1.0,2026-03-31,746.55,0.0,749.4,749.4,746.2,0.0,2026,0.0,1.0,1.0,0.0,1,15,1,3,747.85,748.25,746.2,3.0829526143324526,31.1551432745334,-1.904975355184547,-1.4795989862013943,-0.4253763689831524,753.3475000000001,758.9803430744355,747.7146569255647,751.4100000000001,753.48,753.3475000000001,759.9233333333334,756.4514073349645,-1.0,-0.0009360165808652,0,0.0018720331617302,1,0.0511466203115598,1,0.0597713445209599,1,2026-03-31 15:10:00,-0.0017398291326627,-0.0140327511365881,110.8962828823169,0.2451468469305533,-0.3357630173390709,0.2451468469305533,0.7548531530694467,1.4521943394411408e-05,-3.6483203217214665e-05,0.0050730599901817,True,5.97467200913874,0.050246394573454,-1.2638491730960848,0.050246394573454,0.949753605426546,7.14248930600338e-05,-0.0001719133463641,0.0109671613395677,True,0,0,0,0.4253763689831527,0,0,0,0,0.012013744449016107,1,0,0,0,1,0,0,-0.007351073076151714,-0.01614405740901702,0.015064098614522735,0.004122421092909611,-13.252661721270899,0.37428992957272716,58.9690445945013,True,0.5216677,0.5458979282578297,31.883617
2026-04-01 10:30:00,2026-04-01 11:40:00,1,799.6,801.85,pivot,2.25,0.1480435,2.0019565000000004,63061.62975000001,1.0,2026-04-01,799.2,0.0,802.9,803.3,801.5,0.0,2026,0.0,1.0,1.0,1.0,0,10,2,4,799.6,800.85,798.5,3.871100089257241,71.62235883968341,7.712479419786973,7.979268515336577,-0.2667890955496039,791.7675,800.1740309855373,783.3609690144627,796.67,793.875,791.7675,767.595,788.6317971654142,1.0,-0.000312656328164,0,-0.0001250625312656,0,0.0051275637818909,1,0.0049399699849924,1,2026-04-01 10:30:00,-0.0005629046025358,0.013669073650853,156.31472148865137,0.4054466969809895,-0.1037680217339127,0.4054466969809895,0.5945533030190104,1.4521943394411408e-05,-3.6483203217214665e-05,0.0050730599901817,True,4.650368332320729,0.9647291982968582,1.2620391520348306,0.9647291982968582,0.0352708017031417,7.14248930600338e-05,-0.0001719133463641,0.0109671613395677,True,0,1,0,0.26678909554960395,1,1,1,1,0.9658580342756786,0,1,1,0,1,0,0,0.009795522761380668,0.04002626313156578,0.021026840884285396,0.004841295759451277,-19.108064335968315,69.1770307190839,-3.9394697348664005,True,0.51354223,0.5174585532089615,105.1112
2026-04-08 10:30:00,2026-04-08 11:00:00,1,879.15,877.1,pivot,-2.0499999999999545,0.1526875,-2.3026874999999545,-72534.65624999856,1.0,2026-04-08,878.4,0.0,878.35,878.8,876.9,0.0,2026,0.0,1.0,1.0,1.0,0,10,2,4,879.15,879.2,876.25,3.985592789429528,69.810941029108,9.016717194993705,10.646350455489848,-1.629633260496144,876.72,883.1221706893795,870.3178293106206,877.76,876.0,876.72,839.9808333333333,866.8420650284647,1.0,-0.0012512085537166,0,-0.0022749246431211,0,0.0015355741341068,1,0.0029574020360575,1,2026-04-08 10:30:00,-0.0007965861018668,0.0034782643763247,139.08423793585803,0.3895082556468529,-0.1294783205197905,0.3895082556468529,0.610491744353147,-4.3529645785233824e-05,-7.874901472792575e-05,0.0055440716581519,True,51.3336085802712,0.7245666804268561,0.3190815385453263,0.7245666804268561,0.2754333195731439,-0.0002392515711836,-0.0003801542146957,0.0120922652203911,True,0,0,0,1.6296332604961439,1,1,1,1,0.689779382485934,0,1,1,0,1,0,0,0.002764033441392197,0.04455345125026069,0.01456445587073749,0.004533461627059692,-113.7662314475693,48.154147793820066,-71.66012625831465,True,0.51354223,0.5200916679527726,110.44361
2026-04-20 14:35:00,2026-04-20 15:10:00,-1,942.7,941.05,pivot,1.650000000000091,0.1565125,1.3934875000000908,43894.856250002864,1.0,2026-04-20,940.5,0.0,941.85,942.45,940.45,0.0,2026,0.0,1.0,1.0,1.0,1,14,0,4,942.7,942.95,940.4,1.4481643137160765,28.0480599383243,-0.8774227534663623,-0.3488770542176306,-0.5285456992487317,945.1325,948.314567362818,941.9504326371822,943.06,944.635,945.1325,945.8716666666668,943.9747718380172,-1.0,0.004349209716771,1,0.0006895088575369,1,0.0030232311445847,1,-0.0173437997241963,0,2026-04-20 14:35:00,-0.0023894873973814,-0.0051964696180508,89.15580981657396,0.1441769957848225,-0.5667019067915876,0.1441769957848225,0.8558230042151775,1.7010297212503572e-05,4.795079009842662e-05,0.0043010940289217,True,39.21795556725675,0.1625153723290657,-0.5711756510743323,0.1625153723290657,0.8374846276709342,2.081686282459091e-05,0.0002277685306516,0.0094966200651235,True,1,0,0,0.5285456992487317,0,0,0,0,0.11777993319319113,1,0,0,1,1,0,0,-0.002580354301474493,-0.0033644496304940466,0.006750965021359749,0.0015361878791938862,-14.824681452671957,3.3034986257344565,21.71952901241235,True,0.54264575,0.5389373145207637,27.180626
2026-04-22 14:20:00,2026-04-22 15:45:00,1,965.3,967.65,eod,2.3500000000000227,0.1579885,2.092011500000023,65898.36225000072,1.0,2026-04-22,968.3,0.0,967.65,967.65,967.65,0.0,2026,0.0,1.0,1.0,1.0,1,14,2,4,965.3,968.3,965.3,1.931040805491817,69.74774006890185,0.7189900370893838,0.2520085395323255,0.4669814975570583,962.525,966.3427563083138,958.707243691686,963.5,962.515,962.525,961.1625,962.0176187185052,1.0,0.000466176318243,1,0.0015539210608101,1,0.0018129079042784,1,0.0214959080078732,1,2026-04-22 14:20:00,0.0030512267356597,0.0097551624578499,53.02841505848099,0.919664129789538,0.7482243514758071,0.919664129789538,0.080335870210462,-3.417273495842752e-05,5.123017508327354e-05,0.0040094880027082,True,9.157175503224968,0.9481432111531783,1.0588993656826855,0.9481432111531783,0.0518567888468215,-3.396635835606342e-05,0.0002728400458372,0.008954885345407,True,0,0,1,0.4669814975570583,1,1,1,1,0.8634333592687587,1,1,0,1,1,0,0,0.0028747539624986817,0.004286232259401152,0.007909989243372845,0.002000456651291637,32.570904108596224,60.22252550909613,48.94851341551815,True,0.5170933,0.5217919539321537,30.155025
2026-04-28 12:00:00,2026-04-28 12:20:00,-1,1002.75,1007.25,pivot,-4.5,0.1603,-4.7603,-149949.45,1.0,2026-04-28,1002.65,0.0,1006.3,1007.35,1006.2,0.0,2026,0.0,1.0,1.0,1.0,0,12,1,4,1002.75,1003.15,1001.6,2.254628159105198,30.88981580286168,-1.3278921593152972,-1.0001640788049904,-0.3277280805103069,1005.91,1010.3389240789612,1001.4810759210384,1003.09,1004.18,1005.91,1008.46,1006.5301114787096,-1.0,-0.0013462976813762,0,-0.0055846422338569,0,-0.0062328596360009,0,-0.006432311144353,0,2026-04-28 12:00:00,-4.9866606837158336e-05,-0.0019927272075194,208.4779469947773,0.4967061120888781,-0.0252143869372209,0.4967061120888781,0.503293887911122,-3.417273495842752e-05,5.123017508327354e-05,0.0040094880027082,True,78.54005852549477,0.3289155571744713,-0.2529979073957356,0.3289155571744713,0.6710844428255287,-3.396635835606342e-05,0.0002728400458372,0.008954885345407,True,0,0,0,0.3277280805103069,0,0,0,0,0.14325421438011882,1,0,0,1,1,0,0,-0.0031513338319620727,-0.0056943405634505475,0.00883355587925488,0.002248444935532484,-10.123460040388803,4.425096295185529,-175.91623036649236,True,0.5216677,0.5479492932932281,31.604944
2026-04-28 12:00:00,2026-04-28 12:20:00,-1,1002.75,1007.25,pivot,-4.5,0.1603,-4.7603,-149949.45,1.0,2026-04-28,1002.65,0.0,1006.3,1007.35,1006.2,0.0,2026,0.0,1.0,1.0,1.0,0,12,1,4,1002.75,1003.15,1001.6,2.254628159105198,30.88981580286168,-1.3278921593152972,-1.0001640788049904,-0.3277280805103069,1005.91,1010.3389240789612,1001.4810759210384,1003.09,1004.18,1005.91,1008.46,1006.5301114787096,-1.0,-0.0013462976813762,0,-0.0055846422338569,0,-0.0062328596360009,0,-0.006432311144353,0,2026-04-28 12:00:00,0.0,-0.0010466768967121,208.3520174966141,0.5071696663353713,-0.0127772361580004,0.5071696663353713,0.4928303336646287,-3.417273495842752e-05,5.123017508327354e-05,0.0040094880027082,True,87.02383661026715,0.4085636705222421,-0.1473516289324859,0.4085636705222421,0.5914363294777578,-3.396635835606342e-05,0.0002728400458372,0.008954885345407,True,0,0,0,0.3277280805103069,0,0,0,0,0.14325421438011882,1,0,0,1,1,0,0,-0.0031513338319620727,-0.0056943405634505475,0.00883355587925488,0.002248444935532484,-10.123460040388803,4.425096295185529,-175.91623036649236,True,0.5216677,0.5479492932932281,31.604944
2026-04-28 12:00:00,2026-04-28 12:20:00,-1,1002.75,1007.25,pivot,-4.5,0.1603,-4.7603,-149949.45,1.0,2026-04-28,1002.65,0.0,1006.3,1007.35,1006.2,0.0,2026,0.0,1.0,1.0,1.0,0,12,1,4,1002.75,1003.15,1001.6,2.204297576311967,30.88981580286168,-1.3641294670519528,-1.072957156454383,-0.2911723105975698,1005.805,1010.4442944191674,1001.1657055808324,1002.88,1003.81,1005.805,1008.435,1006.5301114787096,-1.0,-0.0013462976813762,0,-0.0055846422338569,0,-0.0062328596360009,0,-0.006432311144353,0,2026-04-28 12:00:00,-4.9866606837158336e-05,-0.0019927272075194,208.4779469947773,0.4967061120888781,-0.0252143869372209,0.4967061120888781,0.503293887911122,-3.417273495842752e-05,5.123017508327354e-05,0.0040094880027082,True,78.54005852549477,0.3289155571744713,-0.2529979073957356,0.3289155571744713,0.6710844428255287,-3.396635835606342e-05,0.0002728400458372,0.008954885345407,True,0,0,0,0.29117231059756987,0,0,0,0,0.17074734604275035,1,0,0,1,1,0,0,-0.0030466217900772374,-0.005669409124906453,0.009253142695921156,0.00219825238226075,-8.994259041252562,5.274354068088042,-175.91623036649236,True,0.5216677,0.5479492932932281,31.604944
2026-04-28 12:00:00,2026-04-28 12:20:00,-1,1002.75,1007.25,pivot,-4.5,0.1603,-4.7603,-149949.45,1.0,2026-04-28,1002.65,0.0,1006.3,1007.35,1006.2,0.0,2026,0.0,1.0,1.0,1.0,0,12,1,4,1002.75,1003.15,1001.6,2.204297576311967,30.88981580286168,-1.3641294670519528,-1.072957156454383,-0.2911723105975698,1005.805,1010.4442944191674,1001.1657055808324,1002.88,1003.81,1005.805,1008.435,1006.5301114787096,-1.0,-0.0013462976813762,0,-0.0055846422338569,0,-0.0062328596360009,0,-0.006432311144353,0,2026-04-28 12:00:00,0.0,-0.0010466768967121,208.3520174966141,0.5071696663353713,-0.0127772361580004,0.5071696663353713,0.4928303336646287,-3.417273495842752e-05,5.123017508327354e-05,0.0040094880027082,True,87.02383661026715,0.4085636705222421,-0.1473516289324859,0.4085636705222421,0.5914363294777578,-3.396635835606342e-05,0.0002728400458372,0.008954885345407,True,0,0,0,0.29117231059756987,0,0,0,0,0.17074734604275035,1,0,0,1,1,0,0,-0.0030466217900772374,-0.005669409124906453,0.009253142695921156,0.00219825238226075,-8.994259041252562,5.274354068088042,-175.91623036649236,True,0.5216677,0.5479492932932281,31.604944
2026-04-28 14:10:00,2026-04-28 14:55:00,-1,1007.0,1004.7,pivot,2.2999999999999545,0.160351,2.0396489999999545,64248.94349999857,1.0,2026-04-28,1005.9,0.0,1004.35,1005.4,1003.95,0.0,2026,0.0,1.0,1.0,1.0,1,14,1,4,1007.0,1007.2,1004.85,1.6819936856919917,29.93676412428661,-0.5781197536944092,-0.2844684493890755,-0.2936513043053336,1008.2825,1010.8685506513112,1005.6964493486888,1006.5,1007.235,1008.2825,1007.5625,1006.5301114787096,-1.0,0.0023336643495531,1,0.0056603773584906,1,0.0041211519364448,1,0.0106256206554121,1,2026-04-28 14:10:00,-0.0011922505138064,-0.0015893516805455,169.21883545211267,0.2376030712482388,-0.3728394580386533,0.2376030712482388,0.7623969287517611,9.444789202678428e-06,0.0001290632387974,0.0035439214496094,True,88.63869135171292,0.3188584137050974,-0.2827853482236205,0.3188584137050974,0.6811415862949026,0.0002235376406122,0.0006383021270229,0.0078775432375192,True,1,0,0,0.29365130430533365,0,0,1,0,0.2520350192387457,1,1,0,1,1,0,0,-0.0012735849056604044,-0.0005585898709036743,0.005136148264769039,0.0016703015746693066,-8.79096983177788,7.545112922010369,178.3018867924539,True,0.54264575,0.5151774301794169,25.784452
2026-04-28 14:10:00,2026-04-28 14:55:00,-1,1007.0,1004.7,pivot,2.2999999999999545,0.160351,2.0396489999999545,64248.94349999857,1.0,2026-04-28,1005.9,0.0,1004.35,1005.4,1003.95,0.0,2026,0.0,1.0,1.0,1.0,1,14,1,4,1007.0,1007.2,1004.85,1.6819936856919917,29.93676412428661,-0.5781197536944092,-0.2844684493890755,-0.2936513043053336,1008.2825,1010.8685506513112,1005.6964493486888,1006.5,1007.235,1008.2825,1007.5625,1006.5301114787096,-1.0,0.0023336643495531,1,0.0056603773584906,1,0.0041211519364448,1,0.0106256206554121,1,2026-04-28 14:10:00,0.0,-0.0002981959169257,243.7742884327025,0.497684499224196,-0.0364181996222527,0.497684499224196,0.502315500775804,9.444789202678428e-06,0.0001290632387974,0.0035439214496094,True,103.02775113067344,0.4453278643844184,-0.1188819934987235,0.4453278643844184,0.5546721356155815,0.0002235376406122,0.0006383021270229,0.0078775432375192,True,1,0,0,0.29365130430533365,0,0,1,0,0.2520350192387457,1,1,0,1,1,0,0,-0.0012735849056604044,-0.0005585898709036743,0.005136148264769039,0.0016703015746693066,-8.79096983177788,7.545112922010369,178.3018867924539,True,0.54264575,0.5151774301794169,25.784452
2026-04-29 13:10:00,2026-04-29 14:10:00,1,1005.7,1004.2,pivot,-1.5,0.160297,-1.760297,-55449.3555,1.0,2026-04-29,1006.35,0.0,1004.5,1006.2,1004.1,0.0,2026,0.0,1.0,1.0,1.0,1,13,2,4,1005.7,1006.4,1005.0,1.577841748994156,82.508675270476,0.9691630800780332,0.7347088913391306,0.2344541887389024,1003.5675,1005.6871511808564,1001.4478488191438,1005.07,1003.935,1003.5675,1001.47,1001.0102375705465,1.0,4.971661529278565e-05,1,0.0035795963010837,1,0.0007954658446852,1,0.0039276126081335,1,2026-04-29 13:10:00,0.0006958250777767,0.0035836980268446,211.34922350270503,0.6599573388412372,0.1599250567593092,0.6599573388412372,0.3400426611587628,9.444789202678428e-06,0.0001290632387974,0.0035439214496094,True,59.864923087728,0.7934400042471157,0.3738977763769414,0.7934400042471157,0.2065599957528843,0.0002235376406122,0.0006383021270229,0.0078775432375192,True,0,1,1,0.23445418873890256,1,1,1,1,1.0030308805665022,1,1,0,1,1,0,0,0.002120413642239286,0.004206025653773509,0.004215275292545082,0.0015688990245541971,19.34450452446099,82.75874921092114,112.75728348413655,True,0.5370254,0.5136272323585109,32.56263
2026-04-29 13:10:00,2026-04-29 14:10:00,1,1005.7,1004.2,pivot,-1.5,0.160297,-1.760297,-55449.3555,1.0,2026-04-29,1006.35,0.0,1004.5,1006.2,1004.1,0.0,2026,0.0,1.0,1.0,1.0,1,13,2,4,1005.7,1006.4,1005.0,1.577841748994156,82.508675270476,0.9691630800780332,0.7347088913391306,0.2344541887389024,1003.5675,1005.6871511808564,1001.4478488191438,1005.07,1003.935,1003.5675,1001.47,1001.0102375705465,1.0,4.971661529278565e-05,1,0.0035795963010837,1,0.0007954658446852,1,0.0039276126081335,1,2026-04-29 13:10:00,0.0,0.0024873159774194,243.7742884327025,0.497684499224196,-0.0364181996222527,0.497684499224196,0.502315500775804,9.444789202678428e-06,0.0001290632387974,0.0035439214496094,True,79.50377277265116,0.7168581829362769,0.2347196066903178,0.7168581829362769,0.2831418170637231,0.0002235376406122,0.0006383021270229,0.0078775432375192,True,0,1,1,0.23445418873890256,1,1,1,1,1.0030308805665022,1,1,0,1,1,0,0,0.002120413642239286,0.004206025653773509,0.004215275292545082,0.0015688990245541971,19.34450452446099,82.75874921092114,112.75728348413655,True,0.5370254,0.5136272323585109,32.56263
2026-04-29 13:10:00,2026-04-29 14:10:00,1,1005.7,1004.2,pivot,-1.5,0.160297,-1.760297,-55449.3555,1.0,2026-04-29,1006.35,0.0,1004.5,1006.2,1004.1,0.0,2026,0.0,1.0,1.0,1.0,1,13,2,4,1005.7,1006.4,1005.0,1.5651387669231431,82.508675270476,1.0663832434188407,0.8010437617550727,0.265339481663768,1003.735,1006.1715852015294,1001.2984147984706,1005.57,1004.26,1003.735,1001.5666666666668,1001.059213813492,1.0,4.971661529278565e-05,1,0.0035795963010837,1,0.0007954658446852,1,0.0039276126081335,1,2026-04-29 13:10:00,0.0006958250777767,0.0035836980268446,211.34922350270503,0.6599573388412372,0.1599250567593092,0.6599573388412372,0.3400426611587628,9.444789202678428e-06,0.0001290632387974,0.0035439214496094,True,59.864923087728,0.7934400042471157,0.3738977763769414,0.7934400042471157,0.2065599957528843,0.0002235376406122,0.0006383021270229,0.0078775432375192,True,0,1,1,0.265339481663768,1,1,1,1,0.9032282554221046,1,1,0,1,1,0,0,0.0019538629810082844,0.004109906864207231,0.004845550763705671,0.0015562680391002716,21.892809129032255,74.52416682174099,112.75728348413655,True,0.5370254,0.5136272323585109,32.56263
2026-04-29 13:10:00,2026-04-29 14:10:00,1,1005.7,1004.2,pivot,-1.5,0.160297,-1.760297,-55449.3555,1.0,2026-04-29,1006.35,0.0,1004.5,1006.2,1004.1,0.0,2026,0.0,1.0,1.0,1.0,1,13,2,4,1005.7,1006.4,1005.0,1.5651387669231431,82.508675270476,1.0663832434188407,0.8010437617550727,0.265339481663768,1003.735,1006.1715852015294,1001.2984147984706,1005.57,1004.26,1003.735,1001.5666666666668,1001.059213813492,1.0,4.971661529278565e-05,1,0.0035795963010837,1,0.0007954658446852,1,0.0039276126081335,1,2026-04-29 13:10:00,0.0,0.0024873159774194,243.7742884327025,0.497684499224196,-0.0364181996222527,0.497684499224196,0.502315500775804,9.444789202678428e-06,0.0001290632387974,0.0035439214496094,True,79.50377277265116,0.7168581829362769,0.2347196066903178,0.7168581829362769,0.2831418170637231,0.0002235376406122,0.0006383021270229,0.0078775432375192,True,0,1,1,0.265339481663768,1,1,1,1,0.9032282554221046,1,1,0,1,1,0,0,0.0019538629810082844,0.004109906864207231,0.004845550763705671,0.0015562680391002716,21.892809129032255,74.52416682174099,112.75728348413655,True,0.5370254,0.5136272323585109,32.56263
2026-05-04 10:45:00,2026-05-04 11:00:00,1,1033.15,1036.2,pivot,3.0499999999999545,0.1620805,2.7879194999999544,87819.46424999856,1.0,2026-05-04,1033.85,0.0,1037.15,1037.3,1034.6,0.0,2026,0.0,1.0,1.0,2.0,1,10,0,5,1033.15,1033.95,1032.85,2.566728518888865,81.33817318837458,5.747894814623464,5.516507072153336,0.2313877424701287,1025.2824999999998,1034.0890929294703,1016.4759070705294,1031.65,1028.765,1025.2824999999998,1009.7941666666668,1026.2037417200436,1.0,0.0016938489086773,1,0.005129942409137,1,0.0070173740502347,1,0.009485553888593,1,2026-05-04 10:45:00,0.0006289156250933,0.0054313697362453,216.64625761204405,0.645598209156796,0.1410449958903563,0.645598209156796,0.354401790843204,9.444789202678428e-06,0.0001290632387974,0.0035439214496094,True,33.36351972349741,0.8779020949828732,0.6084470074875498,0.8779020949828732,0.1220979050171268,0.0002235376406122,0.0006383021270229,0.0078775432375192,True,0,1,1,0.23138774247012872,1,1,1,1,0.9466823925557156,0,1,1,0,1,0,0,0.007615060736582578,0.022606430173095188,0.017048043225999066,0.002484371600337671,18.820656270702344,77.00141640008161,161.59318588781548,True,0.5199495,0.521839234463718,136.06024
2026-05-04 11:00:00,2026-05-04 12:10:00,1,1036.2,1042.2,pivot,6.0,0.162352,5.737648,180735.912,1.0,2026-05-04,1037.15,0.0,1040.6,1043.35,1040.2,0.0,2026,0.0,1.0,1.0,2.0,1,11,0,5,1036.2,1037.3,1034.6,2.4985432055389443,84.34890315081412,6.048023222664597,5.734554446032317,0.3134687766322797,1027.5575,1038.444009037595,1016.6709909624054,1035.08,1032.16,1027.5575,1011.63,1028.8868277139115,1.0,0.0016888631538313,1,0.0011580775911986,1,0.0087338351669561,1,0.00825130283729,1,2026-05-04 11:00:00,0.0008198896019828,0.0054140413581996,200.8060141010636,0.6855910523191888,0.1949327526041901,0.6855910523191888,0.3144089476808112,9.444789202678428e-06,0.0001290632387974,0.0035439214496094,True,33.55582814348836,0.8773197981010051,0.6062472889302322,0.8773197981010051,0.1226802018989948,0.0002235376406122,0.0006383021270229,0.0078775432375192,True,0,1,1,0.3134687766322797,1,1,1,1,0.8969362432968381,0,1,1,0,1,0,0,0.008340571318278473,0.023711638679791595,0.021012370271366047,0.002411255747480162,26.440747480960344,75.65558831830005,36.4794441227559,True,0.5199495,0.521839234463718,121.83517
2026-05-06 10:30:00,2026-05-06 10:35:00,-1,1116.25,1122.05,pivot,-5.7999999999999545,0.167149,-6.067148999999954,-191115.19349999857,1.0,2026-05-06,1122.0,0.0,1121.15,1123.6,1120.95,0.0,2026,0.0,1.0,1.0,1.0,0,10,2,5,1116.25,1122.45,1116.05,5.352899093256232,70.81509712480576,11.814478499637744,14.244061623520505,-2.429583123882761,1117.5925,1125.597385027111,1109.587614972889,1118.5400000000002,1119.9699999999998,1117.5925,1072.8966666666663,1104.4030842941593,1.0,-0.0043896976483763,0,-0.0094064949608062,0,-0.01003359462486,0,-0.0153639417693169,0,2026-05-06 10:30:00,0.0050483722381957,0.0002674154314638,4.416874968179022,0.9938246836268788,1.6416452477131294,0.9938246836268788,0.006175316373121,6.260204166077895e-06,0.0001610966535094,0.002977059502651,True,129.47818684155823,0.5130814872473963,-0.082014467165744,0.5130814872473963,0.4869185127526036,0.0001671542312834,0.000796274467771,0.0064483627655409,True,0,1,0,2.429583123882761,0,1,0,0,0.4161449542714735,1,1,1,0,1,0,0,-0.0012026875699887773,0.03883837252706266,0.01434245917511482,0.0047954303187065905,-172.05116489054672,29.469345354732248,-296.3045912653953,True,0.51354223,0.5201508925965023,27.173653
2026-05-06 10:35:00,2026-05-06 11:55:00,1,1122.05,1125.8,pivot,3.75,0.1674355,3.4825644999999996,109700.78175,1.0,2026-05-06,1121.15,0.0,1126.7,1127.85,1125.8,0.0,2026,0.0,1.0,1.0,1.0,1,10,2,5,1122.05,1123.6,1120.95,5.159834872309348,69.41755415930396,11.260441974472997,13.647337693711004,-2.386895719238007,1117.84,1125.9687404399078,1109.711259560092,1118.73,1120.2050000000002,1117.84,1074.2175,1107.4867951133351,1.0,0.0015596452920992,1,0.0033866583485584,1,0.0036985874069783,1,0.010872955750635,1,2026-05-06 10:35:00,-0.0007578628631018,0.0008477034438078,240.0042462813555,0.2764265238161679,-0.308680265138444,0.2764265238161679,0.7235734761838322,6.260204166077895e-06,0.0001610966535094,0.002977059502651,True,124.05176393990004,0.5873650096085352,0.0079755091186201,0.5873650096085352,0.4126349903914648,0.0001671542312834,0.000796274467771,0.0064483627655409,True,0,0,0,2.386895719238007,1,1,1,1,0.758957708830947,0,1,1,0,1,0,0,0.0037520609598503066,0.04262956196247938,0.01448908772319935,0.004598578380918273,-165.69246286281512,52.684987857393516,106.67973797958959,True,0.51354223,0.5200916679527726,110.44361
2026-05-11 14:45:00,2026-05-11 14:55:00,-1,1215.6,1217.1,pivot,-1.5,0.172981,-1.772981,-55848.9015,1.0,2026-05-11,1218.6,0.0,1215.45,1218.05,1214.85,0.0,2026,0.0,1.0,1.0,1.0,0,14,0,5,1215.6,1219.35,1215.1,3.909698769158064,47.45914877187076,1.6886180350870743,2.68129437764847,-0.9926763425613956,1221.6875,1229.4412003113746,1213.9337996886254,1221.73,1223.88,1221.6875,1216.075,1218.7751446649836,-1.0,-0.0013573543928924,0,-0.0006581112207964,0,0.0011105626850937,1,-0.0152599539322146,0,2026-05-11 14:45:00,0.0023414885304987,-0.0057278611719328,64.20459378585919,0.9306969980588006,0.7323978157130115,0.9306969980588006,0.0693030019411994,6.260204166077895e-06,0.0001610966535094,0.002977059502651,True,21.37385123982265,0.0532101919636942,-1.0117507151687888,0.0532101919636942,0.9467898080363056,0.0001671542312834,0.000796274467771,0.0064483627655409,True,0,0,0,0.9926763425613958,0,0,0,0,0.10744549340720583,1,0,0,1,1,0,0,-0.005007815070747031,-0.00039075353734792405,0.012756992944018735,0.003216270787395578,-47.111574223937815,5.09927165647964,-20.730503455086602,True,0.49726847,0.5290035803461623,26.754606
2026-05-12 10:25:00,2026-05-12 10:30:00,1,1204.25,1199.7,pivot,-4.5499999999999545,0.1721185,-4.822118499999955,-151896.73274999857,1.0,2026-05-12,1199.9,0.0,1168.95,1200.35,1166.0,0.0,2026,0.0,1.0,0.0,0.0,0,10,1,5,1204.25,1208.8,1193.55,7.292384650289768,28.346594997987992,-4.128734567374067,-0.2527493579991099,-3.875985209374957,1226.0975,1248.962676351206,1203.2323236487937,1209.47,1219.9150000000002,1226.0975,1221.2016666666666,1222.0025932911865,-1.0,-0.029312850321777,0,-0.0261988789703134,0,-0.0085115216940004,0,-0.0042350010379903,0,2026-05-12 10:25:00,-0.0036187465399869,-0.0180460371799208,16.53339500015064,0.0193425732066703,-1.2696565823190484,0.0193425732066703,0.9806574267933296,6.260204166077895e-06,0.0001610966535094,0.002977059502651,True,0.0079381841038391,0.002513764432717,-2.922030340535777,0.002513764432717,0.9974862355672828,0.0001671542312834,0.000796274467771,0.0064483627655409,True,1,0,0,3.8759852093749574,0,0,0,0,0.02225384872556723,1,0,1,0,0,1,0,-0.018141997093626808,-0.01407653449588258,0.03797413552203641,0.006055540502627999,-109.8709829483436,0.6308208369701456,-825.2646875648721,True,0.5322131,0.5330048798495927,32.213295
2026-05-13 10:35:00,2026-05-13 10:40:00,1,1194.15,1200.45,pivot,6.2999999999999545,0.171838,6.028161999999952,189887.1029999985,1.0,2026-05-13,1200.4,0.0,1202.5,1204.9,1199.15,0.0,2026,0.0,1.0,2.0,2.0,1,10,2,5,1194.15,1201.3,1192.7,7.519680151549154,71.3809756578831,6.1381442473943935,1.193220220477819,4.944924026916574,1167.96,1202.1266134373209,1133.7933865626792,1192.15,1181.815,1167.96,1176.8791666666666,1174.337212750026,1.0,0.0069924213875977,1,0.0023866348448686,1,0.0067830674538373,1,0.0100489888204999,1,2026-05-13 10:35:00,0.0052201993635151,0.0147280539077957,3.545566826950147,0.9945032536262264,1.6993623088489471,0.9945032536262264,0.0054967463737736,6.260204166077895e-06,0.0001610966535094,0.002977059502651,True,0.7639739802517095,0.98489884957686,2.160514218349168,0.98489884957686,0.0151011504231398,0.0001671542312834,0.000796274467771,0.0064483627655409,True,0,1,1,4.944924026916574,1,1,1,1,0.8832688897898235,0,1,1,0,0,0,0,0.021931918100741157,0.014462867590615486,0.05722331941099668,0.006297098481387726,352.97350159541327,63.04859512145282,75.17899761336089,True,0.51354223,0.5174585532089615,104.04103
2026-05-13 10:40:00,2026-05-13 11:00:00,1,1200.45,1200.25,pivot,-0.2000000000000454,0.172021,-0.47202100000004543,-14868.661500001432,1.0,2026-05-13,1202.5,0.0,1197.0,1202.15,1196.6,0.0,2026,0.0,1.0,2.0,2.0,0,10,2,5,1200.45,1204.9,1199.15,7.3932744264385,72.38101581593402,7.332230500561309,2.4210222764945173,4.911208224066792,1170.0975,1207.3142969306275,1132.8807030693724,1195.27,1185.905,1170.0975,1177.003333333333,1179.9034914750234,1.0,0.0048731725602898,1,-0.00324878170686,0,0.0051230788454328,1,0.0035819900870506,1,2026-05-13 10:40:00,0.0017478884137042,0.0130578569174566,107.77236203311516,0.8807325630796135,0.5330063973467015,0.8807325630796135,0.1192674369203865,6.260204166077895e-06,0.0001610966535094,0.002977059502651,True,0.7983804788304987,0.9836680798327846,1.901503202519799,0.9836680798327846,0.0163319201672154,0.0001671542312834,0.000796274467771,0.0064483627655409,True,0,1,1,4.911208224066792,1,1,1,1,0.9077795848011507,0,1,1,0,0,0,0,0.02528426839935021,0.01953156455218205,0.062004743105714584,0.00615875248984839,355.4782401415237,65.7060084848741,-102.33662376609,True,0.51354223,0.5174585532089615,105.1112
2026-05-15 14:55:00,2026-05-15 15:25:00,-1,1154.5,1165.1,pivot,-10.599999999999907,0.169588,-10.869587999999908,-342392.0219999971,1.0,2026-05-15,1149.7,0.0,1165.0,1168.15,1164.5,0.0,2026,0.0,1.0,0.0,0.0,0,14,4,5,1154.5,1156.05,1149.0,6.736763400393241,19.1573528600767,-11.081121585143592,-9.45169159967064,-1.629429985472953,1172.175,1196.1808655132163,1148.1691344867834,1155.29,1164.13,1172.175,1196.2916666666667,1172.9356761169824,-1.0,0.0019922044174967,1,-0.0092247726288437,0,-0.0016024252923342,0,0.0253789519272411,1,2026-05-15 14:55:00,-0.0042529248671386,-0.0094791542337613,13.71137641207919,0.0253080891489996,-1.406427172214432,0.0253080891489996,0.9746919108510004,3.9184012061128907e-05,0.0001584275450626,0.0031365665420524,True,4.391227049242912,0.0210994033274354,-1.562041915069988,0.0210994033274354,0.9789005966725646,0.0003695237430949,0.0007988683808392,0.0065798635205894,True,1,0,0,1.6294299854729513,0,0,0,0,0.13186080522135632,1,0,0,1,0,1,0,-0.015309657860545651,-0.036198931716471844,0.041586601148924145,0.0058352216547364584,-31.21556519249501,2.526103974039367,-290.58033780857653,True,0.5407255,0.5288375464885015,66.796295
2026-05-19 13:10:00,2026-05-19 14:05:00,1,1132.2,1130.6,pivot,-1.6000000000001364,0.167884,-1.8678840000001364,-58838.3460000043,1.0,2026-05-19,1131.5,0.0,1134.65,1135.3,1126.75,0.0,2026,0.0,1.0,1.0,1.0,0,13,1,5,1132.2,1134.6,1130.95,5.824184256820109,43.97666406821938,0.8863787333127675,1.3631924681241432,-0.4768137348113757,1136.115,1150.099092469367,1122.130907530633,1135.97,1140.575,1136.115,1140.305833333333,1133.035745627576,-1.0,-0.0028263557675322,0,-0.0055202261084614,0,-0.0015015015015015,0,0.0107313195548488,1,2026-05-19 13:10:00,-0.0006184565289675,-0.0119041180835939,245.4870981257625,0.3162842368266875,-0.2476861445833884,0.3162842368266875,0.6837157631733125,3.9184012061128907e-05,0.0001584275450626,0.0031365665420524,True,2.023511557972569,0.013715162459667,-1.9305850987157367,0.013715162459667,0.9862848375403328,0.0003695237430949,0.0007988683808392,0.0065798635205894,True,0,0,0,0.4768137348113757,0,0,0,0,0.36001951829995316,1,0,0,1,1,0,0,-0.0034578696343401903,-0.007159365247600306,0.02470251275281212,0.005144130239198117,-20.96867743891291,15.8324574142792,-173.8871224165341,True,0.49726847,0.5430204026167718,26.581469
2026-05-21 08:45:00,2026-05-21 10:40:00,-1,1172.7,1209.05,pivot,-36.34999999999991,0.1714525,-36.62145249999991,-1153575.7537499971,1.0,2026-05-21,1171.25,0.0,1205.5,1209.95,1205.1,0.0,2026,0.0,1.0,2.0,2.0,0,8,3,5,1172.7,1174.7,1170.35,7.903028437265865,81.20296535081462,6.665020535258009,3.1133429768235628,3.551677558434446,1122.7025,1148.4013321479583,1097.0036678520414,1135.56,1130.125,1122.7025,1119.1233333333332,1145.9236687153618,1.0,0.0001279099513942,1,-0.005073761405304,0,-0.0163298371279951,0,-0.0254540803274493,0,2026-05-21 08:45:00,0.0394444308122832,0.0361194438197488,4.072728075931905e-07,1.0,12.525161746293714,1.0,0.0,3.9184012061128907e-05,0.0001584275450626,0.0031365665420524,True,0.1716033656396105,1.0,5.367979947970969,1.0,0.0,0.0003695237430949,0.0007988683808392,0.0065798635205894,True,0,1,1,3.551677558434446,1,1,1,1,1.472758211582234,0,1,0,0,0,0,0,0.042634518632216206,0.045686592194650655,0.0438284849457806,0.006739173221852021,288.4067497148182,119.59233402523985,-159.823484267076,True,0.5199495,0.5514609778158576,121.50491
2026-05-21 10:40:00,2026-05-21 10:50:00,1,1209.05,1203.55,pivot,-5.5,0.172378,-5.772378,-181829.907,1.0,2026-05-21,1205.5,0.0,1199.75,1205.45,1199.3,0.0,2026,0.0,1.0,1.0,2.0,0,10,3,5,1209.05,1209.95,1205.1,5.2562092538279535,78.31197248253893,14.947368660895563,16.134721066516903,-1.1873524056213398,1194.635,1213.2052393513711,1176.0647606486286,1205.4699999999998,1202.065,1194.635,1147.2408333333335,1192.8335565625655,1.0,-0.004631735660229,0,-0.0029775443530043,0,0.0016128365245441,1,0.0076919895785947,1,2026-05-21 10:40:00,-0.0028991529935669,0.0032820286622113,33.73615887384735,0.0545801810068592,-0.9748176860385604,0.0545801810068592,0.9454198189931408,3.9184012061128907e-05,0.0001584275450626,0.0031365665420524,True,68.68479636535383,0.7919290148855995,0.3773878095802204,0.7919290148855995,0.2080709851144004,0.0003695237430949,0.0007988683808392,0.0065798635205894,True,0,1,0,1.1873524056213398,1,1,1,1,0.8881210071461911,0,1,1,0,1,0,0,0.011922583846821854,0.05112209310340056,0.03071872850812,0.004347387828318063,-92.98390891609478,69.55050787279728,-93.79264711963546,True,0.5199495,0.5680140537734226,108.95419
2026-05-21 13:45:00,2026-05-21 14:35:00,-1,1223.2,1225.1,pivot,-1.899999999999864,0.173449,-2.1734489999998634,-68463.6434999957,1.0,2026-05-21,1223.5,0.0,1224.3,1225.75,1223.25,0.0,2026,0.0,1.0,1.0,1.0,0,13,3,5,1223.2,1223.95,1222.95,2.6409298114529074,69.63258796487094,3.915744055644837,4.521193297901855,-0.6054492422570181,1219.6575,1223.6385439111996,1215.6764560888005,1221.41,1221.01,1219.6575,1206.0083333333334,1216.138919978261,1.0,0.0009810333551341,1,-8.175277959443186e-05,0,-0.0008992805755394,0,-0.0024117069980379,0,2026-05-21 13:45:00,0.0002861054931333,0.0014313467324621,279.20994628898075,0.5711373885116185,0.0407062775040507,0.5711373885116185,0.4288626114883814,3.9184012061128907e-05,0.0001584275450626,0.0031365665420524,True,109.90298639329866,0.6252298381450696,0.0961233237807734,0.6252298381450696,0.3747701618549304,0.0003695237430949,0.0007988683808392,0.0065798635205894,True,0,0,0,0.6054492422570186,1,1,1,1,0.9449209904510459,1,1,0,1,1,0,0,0.002896092217135397,0.014054665358622143,0.006509228108566954,0.002159033528002704,-42.15899761972627,65.79729398743542,-2.5752125572246034,True,0.51354223,0.5425685473539323,31.609617
2026-05-27 11:20:00,2026-05-27 12:20:00,1,1334.25,1339.65,pivot,5.400000000000091,0.180217,5.119783000000091,161273.16450000287,1.0,2026-05-27,1338.25,0.0,1340.35,1340.7,1339.0,0.0,2026,0.0,1.0,1.0,1.0,1,11,2,5,1334.25,1338.4,1333.15,5.604908308634159,70.1589300878266,6.640226308614047,7.250469064819143,-0.6102427562050963,1328.0275,1337.3184959300772,1318.736504069923,1332.9299999999998,1331.035,1328.0275,1300.5991666666666,1320.2062569389905,1.0,0.0037099494097808,1,0.0055836612329024,1,0.0032602585722315,1,0.000861907438636,1,2026-05-27 11:20:00,0.0031433622409561,0.0052444398157553,47.67888969074399,0.9145777207049202,0.8265500969291646,0.9145777207049202,0.0854222792950798,4.846013918872811e-05,0.0001219858725202,0.0036554062236046,True,39.80692251553179,0.8417627181352204,0.592315086076812,0.8417627181352204,0.1582372818647796,0.0004528388890481,0.0006026948992797,0.0078366143722931,True,0,1,0,0.6102427562050954,1,1,1,1,0.8348672223532136,0,1,1,0,1,0,0,0.004663668727749733,0.02522078570982452,0.013926919138208115,0.004200793186160135,-42.813978869195964,58.573391085697104,175.8853288364256,True,0.51354223,0.5200916679527726,108.668144
2026-06-01 10:35:00,2026-06-01 10:50:00,1,1401.3,1409.05,pivot,7.75,0.1843105,7.4656895,235169.21925,1.0,2026-06-01,1403.4,0.0,1411.55,1411.65,1408.15,0.0,2026,0.0,1.0,2.0,2.0,1,10,0,6,1401.3,1403.8,1400.2,5.352051429858268,82.80751982997472,12.353479227585012,11.027190733662632,1.3262884939223802,1381.8325,1406.9982510603545,1356.6667489396457,1397.5400000000002,1391.4699999999998,1381.8325,1356.0775,1386.0076130823538,1.0,0.0028188111039749,1,0.0071005494897595,1,0.0122386355527011,1,0.0121672732462712,1,2026-06-01 10:35:00,0.0014618061253587,0.0090187426844822,134.3523651030722,0.7706114444523432,0.3665311516369084,0.7706114444523432,0.2293885555476568,4.846013918872811e-05,0.0001219858725202,0.0036554062236046,True,14.641415550063272,0.936059681520065,1.0739392530220595,0.936059681520065,0.0639403184799349,0.0004528388890481,0.0006026948992797,0.0078366143722931,True,0,1,1,1.3262884939223802,1,1,1,1,0.8867855950992964,0,1,1,0,0,0,0,0.013892457004210356,0.032271819025190794,0.03591772077407323,0.0038193473416529428,109.82666076074482,73.43251575112093,223.66730892742424,True,0.5199495,0.521839234463718,121.83517
2026-06-01 10:50:00,2026-06-01 11:55:00,1,1409.05,1411.05,pivot,2.0,0.184603,1.715397,54035.0055,1.0,2026-06-01,1411.55,0.0,1416.6,1416.85,1410.65,0.0,2026,0.0,1.0,2.0,2.0,1,10,0,6,1409.05,1411.65,1408.15,5.058657795699199,85.91455219625213,13.379588960960293,12.02421376755539,1.3553751934049014,1388.2,1415.826017487543,1360.5739825124572,1406.11,1399.335,1388.2,1359.6966666666667,1395.082849937036,1.0,0.0030871864021859,1,0.0040807636350732,1,0.0048259465597387,1,0.0057840388914517,1,2026-06-01 10:50:00,0.0018081584760102,0.011471447492013,110.70453877574867,0.8129277941861562,0.4612818659118143,0.8129277941861562,0.1870722058138437,4.846013918872811e-05,0.0001219858725202,0.0036554062236046,True,7.577275063806513,0.9626137943713,1.3869194114183314,0.9626137943713,0.0373862056286998,0.0004528388890481,0.0006026948992797,0.0078366143722931,True,0,1,1,1.3553751934049032,1,1,1,1,0.8773616665775585,0,1,1,0,0,0,0,0.014797203789787381,0.035025963119359314,0.039212260015674204,0.0035901194391250836,116.44645279929073,75.37813469816841,128.5440545048058,True,0.5199495,0.521839234463718,121.83517
2026-06-01 11:55:00,2026-06-01 12:00:00,-1,1411.05,1416.6,pivot,-5.5499999999999545,0.1848294999999999,-5.834829499999954,-183797.12924999857,1.0,2026-06-01,1416.6,0.0,1418.35,1418.65,1415.5,0.0,2026,0.0,1.0,1.0,2.0,0,11,0,6,1411.05,1416.85,1410.65,4.533502267337694,69.285683216841,9.292228392431523,11.122470666738188,-1.8302422743066629,1410.75,1424.9717402189926,1396.5282597810074,1414.76,1415.4550000000002,1410.75,1375.5441666666666,1404.40135622192,1.0,-0.0051734523936075,0,-0.0045001948903299,0,-0.0026575954076751,0,-0.0042167180468445,0,2026-06-01 11:55:00,0.0039609614667082,0.0002117970991715,26.662250074869142,0.9440648658158732,1.0502185966084874,0.9440648658158732,0.0559351341841266,4.846013918872811e-05,0.0001219858725202,0.0036554062236046,True,94.66228343328106,0.4769517776926101,-0.0498809538836394,0.4769517776926101,0.5230482223073898,0.0004528388890481,0.0006026948992797,0.0078366143722931,True,0,0,0,1.8302422743066646,1,1,0,0,0.5105472324546934,0,1,1,0,1,0,0,0.0002126076326139786,0.02516270389662548,0.020157670130743256,0.003212857281696392,-126.80958642768204,35.37361381509076,-141.75613904539185,True,0.51354223,0.521822319700836,117.55481
2026-06-01 12:00:00,2026-06-01 13:10:00,-1,1416.6,1414.7,pivot,1.899999999999864,0.184939,1.6150609999998633,50874.4214999957,1.0,2026-06-01,1418.35,0.0,1416.3,1416.7,1414.2,0.0,2026,0.0,1.0,1.0,2.0,0,12,0,6,1416.6,1418.65,1415.5,4.43468067681358,70.73027721856212,9.035457027250686,10.705067938840688,-1.6696109115900022,1411.925,1424.3902147621766,1399.459785237823,1414.79,1415.65,1411.925,1376.7883333333334,1404.40135622192,1.0,-0.0010235775801214,0,-0.0010588733587462,0,0.0044119723281095,1,-0.0015883100381194,0,2026-06-01 12:00:00,0.0012345898321175,0.0001057622817433,152.36315126278328,0.7380731917407434,0.3043721795987394,0.7380731917407434,0.2619268082592566,4.846013918872811e-05,0.0001219858725202,0.0036554062236046,True,94.37747398308332,0.4668410856654932,-0.0634116461431733,0.4668410856654932,0.5331589143345068,0.0004528388890481,0.0006026948992797,0.0078366143722931,True,0,1,0,1.6696109115900022,1,1,1,1,0.6875218393422888,0,1,0,1,1,0,0,0.0033001553014259176,0.028103675467080685,0.0175987784302933,0.003130510148816589,-118.09204262389707,48.62861029049582,-33.354510800505295,True,0.51354223,0.5213370123575592,102.7263
2026-06-01 14:25:00,2026-06-01 14:55:00,-1,1408.4,1411.95,pivot,-3.5499999999999545,0.1846105,-3.8346104999999544,-120790.23074999856,1.0,2026-06-01,1400.2,0.0,1412.15,1414.95,1410.0,0.0,2026,0.0,1.0,0.0,0.0,0,14,0,6,1408.4,1409.35,1399.7,3.9840950671755735,27.818897944161407,-0.578165953767666,1.4381405468619368,-2.016306500629603,1414.73,1423.7617801540869,1405.6982198459132,1410.28,1414.5,1414.73,1408.6625,1411.3665031757482,-1.0,0.0067452428287418,1,-0.0025560920193126,0,-0.0055026980971314,0,0.0009230332291963,1,2026-06-01 14:25:00,-0.0059457229008075,-0.0126323445489756,10.430499575550842,0.0262198836329837,-1.6599273520261084,0.0262198836329837,0.9737801163670164,4.846013918872811e-05,0.0001219858725202,0.0036554062236046,True,4.353055337646948,0.0318442042510147,-1.6888721097529873,0.0318442042510147,0.9681557957489852,0.0004528388890481,0.0006026948992797,0.0078366143722931,True,1,0,0,2.016306500629603,0,0,0,0,0.14957074397256964,1,0,0,1,0,1,0,-0.00449446180062477,-0.00018638170974142153,0.012825589540026761,0.0028288093348307107,-56.091424765164135,4.16089326200521,-80.51689860834689,True,0.54264575,0.5464564716088862,27.180626
2026-06-02 14:30:00,2026-06-02 15:00:00,1,1399.25,1406.75,pivot,7.5,0.18418,7.21582,227298.33,1.0,2026-06-02,1406.7,0.0,1402.35,1407.6,1401.8,0.0,2026,0.0,1.0,2.0,2.0,1,14,1,6,1399.25,1406.7,1399.2,6.380313615668724,71.84935695571484,5.852221680894218,3.3981415111936526,2.454080169700565,1385.8325,1405.0975016763546,1366.5674983236454,1398.23,1393.77,1385.8325,1381.9158333333332,1392.8755236595498,1.0,0.0071466857244952,1,0.0054314811506163,1,0.0087546900125067,1,-0.0108986957298552,0,2026-06-02 14:30:00,0.0052744242019826,0.0091768332501254,17.082266597427772,0.9577646144076388,1.2235516405151443,0.9577646144076388,0.0422353855923611,5.403998449204256e-05,0.0001569421690241,0.004182481444595,True,17.323361620934364,0.9153992778178978,0.9424458781166786,0.9153992778178978,0.0846007221821022,0.0004840172647973,0.0008012450339332,0.0088870760758478,True,0,1,1,2.454080169700565,1,1,1,1,0.8482351111463526,0,1,0,1,0,0,0,0.009589065570841535,0.012388184146268902,0.027536182492556134,0.004559809623490244,176.32408211075713,60.94514728312474,171.09165624441346,True,0.51354223,0.528070159975487,99.078674
2026-06-08 14:45:00,2026-06-08 15:10:00,-1,1193.6,1193.65,pivot,-0.0500000000001819,0.1716175,-0.3216175000001819,-10130.95125000573,1.0,2026-06-08,1188.9,0.0,1186.0,1194.15,1185.65,0.0,2026,0.0,1.0,0.0,0.0,1,14,0,6,1193.6,1194.05,1186.25,7.676197138458971,27.73031473021372,-8.990098162115146,-6.520918846908178,-2.469179315206968,1214.4775,1238.6499391794991,1190.3050608205008,1199.22,1205.755,1214.4775,1221.1341666666667,1212.6980937120034,-1.0,0.0059065013404825,1,0.0063672922252009,1,0.0128602546916889,1,-0.0258880697050939,0,2026-06-08 14:45:00,-0.0039454405849972,-0.0197795376357285,30.9379474624324,0.0758728457660065,-0.9808490027667154,0.0758728457660065,0.9241271542339936,5.403998449204256e-05,0.0001569421690241,0.004182481444595,True,2.4557080292619,0.0179664554922478,-2.3158103400952954,0.0179664554922478,0.9820335445077522,0.0004840172647973,0.0008012450339332,0.0088870760758478,True,1,0,0,2.4691793152069677,0,0,0,0,0.06815487578708206,1,0,0,1,0,1,0,-0.017491203083109967,-0.02306816912421817,0.04050341685572919,0.006431130310371122,-68.47111953602281,1.889956155974408,200.56970509382833,True,0.5322131,0.5464564716088862,27.180626
2026-06-09 13:30:00,2026-06-09 13:35:00,-1,1280.25,1283.35,pivot,-3.099999999999909,0.176908,-3.3769079999999083,-106372.60199999712,1.0,2026-06-09,1283.4,0.0,1288.75,1288.8,1282.8,0.0,2026,0.0,2.0,2.0,2.0,0,13,1,6,1280.25,1285.1,1277.45,9.842618610529591,86.82159322916284,11.620066621750766,9.301819555984684,2.318247065766082,1256.1799999999998,1284.830661792609,1227.529338207391,1275.12,1267.665,1256.1799999999998,1237.3183333333334,1272.5576342995569,1.0,-0.0066393282561999,0,-0.0019527436047646,0,-0.0023823471978128,0,-0.0123413395821128,0,2026-06-09 13:30:00,0.0024574349737552,0.0145592682607104,80.34348310943656,0.8462193694349402,0.5500306062813273,0.8462193694349402,0.1537806305650597,5.403998449204256e-05,0.0001569421690241,0.004182481444595,True,4.571884583762737,0.9685828714297672,1.5480933334380922,0.9685828714297672,0.0314171285702329,0.0004840172647973,0.0008012450339332,0.0088870760758478,True,0,1,1,2.318247065766082,1,1,1,1,0.920060104967792,0,1,0,1,0,0,0,0.018801015426674606,0.03353381501008913,0.044757917270234655,0.007688044218339849,201.27390374864308,79.8810841798945,-61.5114235500849,True,0.5199495,0.529004550916001,116.92294
2026-06-09 13:35:00,2026-06-09 14:15:00,-1,1283.35,1284.75,pivot,-1.400000000000091,0.177043,-1.677043000000091,-52826.85450000287,1.0,2026-06-09,1288.75,0.0,1284.95,1286.3,1283.55,0.0,2026,0.0,1.0,2.0,2.0,0,13,1,6,1283.35,1288.8,1282.8,9.568145852634622,88.40275855422372,12.51474393425474,9.944404431638697,2.570339502616044,1258.74,1289.4568494837504,1228.0231505162496,1279.61,1271.095,1258.74,1239.0816666666667,1272.5576342995569,1.0,0.0008181711925818,1,-0.0047142244905911,0,0.0029999610394669,1,-0.0088830015194608,0,2026-06-09 13:35:00,0.0041599500147547,0.0175734938746069,29.44667019427493,0.9326910775484516,0.9570892061944524,0.9326910775484516,0.0673089224515484,5.403998449204256e-05,0.0001569421690241,0.004182481444595,True,2.545124814659938,0.9788448274984696,1.8872628857375504,0.9788448274984696,0.0211551725015303,0.0004840172647973,0.0008012450339332,0.0088870760758478,True,0,1,1,2.5703395026160436,1,1,1,1,0.9005944687299218,0,1,0,1,0,0,0,0.019176374332800797,0.03449435721613995,0.047869793094246105,0.0074556012409978745,227.22510245214963,79.61503537440066,-148.49807145361964,True,0.5199495,0.529004550916001,116.92294
2026-06-09 14:30:00,2026-06-09 14:40:00,1,1279.4,1294.8,pivot,15.399999999999864,0.177226,15.122773999999863,476367.3809999957,1.0,2026-06-09,1294.35,0.0,1289.6,1294.85,1289.0,0.0,2026,0.0,1.0,2.0,2.0,1,14,1,6,1279.4,1294.55,1278.55,8.706795049726823,69.83497365031957,9.661881943320395,10.422898810919952,-0.7610168675995581,1278.9175,1297.1719666516424,1260.6630333483577,1285.33,1284.22,1278.9175,1249.1091666666666,1272.5576342995569,1.0,0.0119978114741284,1,0.0085196185712051,1,0.0143817414413005,1,-0.0145771455369705,0,2026-06-09 14:30:00,0.0115392620225825,0.0111876239717225,1.0643096346393313,0.9965002784539662,2.721427459831875,0.9965002784539662,0.0034997215460338,5.403998449204256e-05,0.0001569421690241,0.004182481444595,True,11.05637405599259,0.943739005873818,1.1687059781131028,0.943739005873818,0.056260994126182,0.0004840172647973,0.0008012450339332,0.0088870760758478,True,0,0,0,0.7610168675995563,1,1,0,0,0.5132159435059874,0,1,0,1,0,0,0,0.00037712990464285816,0.023675811578344117,0.028535980383996185,0.00680537365149822,-53.14559289626388,35.840421891664526,268.36798499296066,True,0.51354223,0.5269912819196697,109.26925
2026-06-10 13:35:00,2026-06-10 14:30:00,1,1210.3,1214.95,pivot,4.650000000000091,0.1727575,4.377242500000091,137883.13875000286,1.0,2026-06-10,1206.65,0.0,1205.3,1215.7,1204.75,0.0,2026,0.0,1.0,0.0,0.0,0,13,2,6,1210.3,1211.9,1204.8,6.469721207373715,23.738832759432725,-9.102652064563015,-6.810978655443102,-2.291673409119915,1231.1125,1256.715026090298,1205.5099739097018,1214.11,1221.13,1231.1125,1244.6366666666663,1227.639890137018,-1.0,-0.0073948607783194,0,-0.0033875898537551,0,0.0038420226390151,1,0.0147897215566389,1,2026-06-10 13:35:00,-0.0028963939480469,-0.0139902705673884,53.85275658798327,0.1193701708003043,-0.730029805874414,0.1193701708003043,0.8806298291996957,5.403998449204256e-05,0.0001569421690241,0.004182481444595,True,4.072800946684998,0.0351782428458,-1.6643849422556691,0.0351782428458,0.9648217571542,0.0004840172647973,0.0008012450339332,0.0088870760758478,True,1,0,0,2.2916734091199134,0,0,0,0,0.09354596639027205,1,0,0,1,0,1,0,-0.017196149714946707,-0.02837037649067699,0.042307735421462545,0.005345551687493775,-54.401651798336715,2.2206720514581826,-106.70908039328565,True,0.5322131,0.5149756633665364,59.569607
2026-06-15 08:45:00,2026-06-15 10:30:00,-1,1371.0,1380.65,pivot,-9.650000000000093,0.1825495,-9.932549500000093,-312875.3092500029,1.0,2026-06-15,1372.15,0.0,1374.1,1380.9,1372.5,0.0,2026,0.0,2.0,2.0,2.0,0,8,0,6,1371.0,1382.0,1368.45,13.464485115507982,69.63657871609743,-7.132392562068162,-10.521945376006606,3.389552813938444,1322.7425,1367.7881525749065,1277.6968474250937,1314.35,1310.6699999999998,1322.7425,1342.3508333333332,1327.2814460195882,1.0,-0.0032822757111597,0,-0.0037563822027717,0,-0.0077680525164114,0,-0.0070751276440554,0,2026-06-15 08:45:00,0.0541299795789397,0.0529766655959576,0.0104300731330155,1.0,10.56888849627146,1.0,0.0,3.0315229701143435e-05,3.663137020312779e-05,0.0051181681240955,True,0.3448919005225655,0.9992806759609184,4.759930252484089,0.9992806759609184,0.0007193240390817,0.0004793510463258,0.0001998848833679,0.0110877214398355,True,0,0,1,3.389552813938444,1,1,1,1,1.035651025587348,0,1,0,0,0,0,0,0.03519876002917574,0.020896547532215037,0.06571211170664683,0.009820922768423036,236.036861340194,72.11919416572039,-118.32603938730855,True,0.5016759,0.5283565343804183,115.08986
2026-06-15 14:35:00,2026-06-15 14:45:00,-1,1373.0,1369.7,pivot,3.2999999999999545,0.182281,3.0177189999999543,95058.14849999856,1.0,2026-06-15,1366.2,0.0,1369.85,1371.2,1367.15,0.0,2026,0.0,1.0,1.0,0.0,1,14,0,6,1373.0,1373.45,1365.7,3.893623436717476,30.24634826106129,-1.4387463359250887,-0.1106061921489193,-1.3281401437761695,1378.925,1386.7153111288892,1371.1346888711107,1375.37,1376.99,1378.925,1378.6541666666667,1374.7273037181665,-1.0,0.0026219956300072,1,0.0004734158776402,1,0.0010924981791697,1,-0.0199927166788055,0,2026-06-15 14:35:00,-0.005110619285788,-0.0100503358535014,29.37668974107893,0.0764525346411413,-1.0056822150407227,0.0764525346411413,0.9235474653588588,3.0315229701143435e-05,3.663137020312779e-05,0.0051181681240955,True,15.693564754249046,0.101761685658336,-0.9244659322016155,0.101761685658336,0.8982383143416639,0.0004793510463258,0.0001998848833679,0.0110877214398355,True,0,0,0,1.3281401437761695,0,0,0,0,0.11971993788361365,1,0,0,1,1,0,0,-0.004315367807720287,-0.004118111192036924,0.011347867631302612,0.0028358510099908783,-40.171389328150035,3.6210909350204035,14.912600145666302,True,0.5322131,0.5646009417593174,31.778095
2026-06-16 08:45:00,2026-06-16 10:40:00,1,1405.0,1392.15,pivot,-12.849999999999907,0.1839145,-13.133914499999909,-413718.30674999714,1.0,2026-06-16,1401.85,0.0,1390.4,1394.0,1390.3,0.0,2026,0.0,1.0,2.0,2.0,0,8,1,6,1405.0,1407.05,1399.15,6.184005063041994,73.89970175634664,0.8606138118911986,-1.3414209650093998,2.2020347769005983,1374.75,1390.1804893025453,1359.3195106974547,1378.03,1375.31,1374.75,1377.6516666666664,1381.978720567152,1.0,-0.0005338078291814,0,-0.0009252669039145,0,-0.0061921708185053,0,-0.0145551601423487,0,2026-06-16 08:45:00,0.0186120533631411,0.0238583492784465,0.0657532056664736,0.9989468315867136,3.629310632741397,0.9989468315867136,0.0010531684132862,3.0315229701143435e-05,3.663137020312779e-05,0.0051181681240955,True,1.3010523252555248,0.9797239369315331,2.1337534969159044,0.9797239369315331,0.0202760630684667,0.0004793510463258,0.0001998848833679,0.0110877214398355,True,0,1,1,2.2020347769005983,1,1,1,1,1.480202228422211,0,1,0,0,0,0,0,0.021530249110320285,0.019465005931198282,0.021965109327466634,0.004401427091133092,162.72971327005754,109.38650321948109,-29.14590747330675,True,0.5170933,0.5384097992026099,96.96263
2026-06-19 12:30:00,2026-06-19 12:50:00,-1,1486.6,1471.95,pivot,14.649999999999864,0.1887565,14.361243499999864,452379.1702499957,1.0,2026-06-19,1472.35,0.0,1466.4,1478.8,1465.0,0.0,2026,0.0,1.0,0.0,0.0,1,12,4,6,1486.6,1487.05,1472.0,7.199813314448379,19.05209768662044,-7.475818652180578,-2.442022862973669,-5.033795789206909,1510.695,1537.3816988379815,1484.0083011620184,1491.2900000000002,1504.65,1510.695,1508.0716666666667,1502.7062772665947,-1.0,-0.0006054083142742,0,0.0162787568949279,1,0.0081057446522265,1,0.0190030943091618,1,2026-06-19 12:30:00,-0.0096991348545731,-0.0278623655882462,3.432456407469431,0.0100715813555967,-1.8378571319781687,0.0100715813555967,0.9899284186444032,5.5377162570452734e-05,0.0001014026503107,0.0053325894240403,True,0.9406758519657458,0.012105164457228,-2.424361094165617,0.012105164457228,0.987894835542772,0.0004311940572632,0.0005045616994243,0.0117007847370334,True,1,0,0,5.033795789206909,0,0,0,0,0.048557876223583915,1,0,0,1,0,1,0,-0.016208125924929387,-0.014443472801471013,0.03590299857121158,0.004843140935321122,-95.90436911046866,0.9251294012665447,512.7808421902289,True,0.5407255,0.5288375464885015,66.796295
