entry_time,exit_time,direction,entry_px,exit_px,exit_reason,gross_pts,cost_pts,net_pts,net_krw,size_factor,exit_date,entry_close,entry_high,entry_low,entry_volume,exit_close,exit_high,exit_low,exit_volume,year,entry_rsi,entry_macd,entry_macd_signal,entry_macd_hist,entry_atr,entry_supertrend,entry_supertrend_dir,entry_ma5,entry_ma10,entry_ma20,entry_ma60,entry_bb_upper,entry_bb_lower,entry_bb_middle,atr_normalized,volatility_regime,trend_regime,momentum_regime,is_win,entry_hour,entry_dayofweek,entry_month,ret_log_5m_kde_pdf,ret_log_5m_kde_cdf,ret_log_5m_kde_zscore,ret_log_5m_kde_left_tail,ret_log_5m_kde_right_tail,ret_log_5m_kde_median,ret_log_5m_kde_mean,ret_log_5m_kde_std,ret_log_5m_kde_ready,ret_log_15m_kde_pdf,ret_log_15m_kde_cdf,ret_log_15m_kde_zscore,ret_log_15m_kde_left_tail,ret_log_15m_kde_right_tail,ret_log_15m_kde_median,ret_log_15m_kde_mean,ret_log_15m_kde_std,ret_log_15m_kde_ready,ret_log_30m_kde_pdf,ret_log_30m_kde_cdf,ret_log_30m_kde_zscore,ret_log_30m_kde_left_tail,ret_log_30m_kde_right_tail,ret_log_30m_kde_median,ret_log_30m_kde_mean,ret_log_30m_kde_std,ret_log_30m_kde_ready,ret_log_60m_kde_pdf,ret_log_60m_kde_cdf,ret_log_60m_kde_zscore,ret_log_60m_kde_left_tail,ret_log_60m_kde_right_tail,ret_log_60m_kde_median,ret_log_60m_kde_mean,ret_log_60m_kde_std,ret_log_60m_kde_ready,kde_aligned_tail_5m,kde_opposite_tail_5m,kde_aligned_zscore_5m,kde_aligned_tail_15m,kde_opposite_tail_15m,kde_aligned_zscore_15m,kde_aligned_tail_30m,kde_opposite_tail_30m,kde_aligned_zscore_30m,kde_aligned_tail_60m,kde_opposite_tail_60m,kde_aligned_zscore_60m,rsi_oversold,rsi_overbought,macd_bullish,macd_strength,price_above_ma20,price_above_ma60,price_above_ma5,price_above_ma10,bb_position,bb_lower_touch,price_above_st,is_morning,is_afternoon,is_bull,is_neutral,is_bear,price_ma20_ratio,price_ma60_ratio,bb_width,atr_ratio,rsi_macd_interaction,rsi_bb_interaction,kde_tail_spread_5m,kde_zscore_abs_5m,kde_tail_spread_15m,kde_zscore_abs_15m,kde_tail_spread_30m,kde_zscore_abs_30m,kde_tail_spread_60m,kde_zscore_abs_60m,filter_score,entry_score,exit_score
2025-04-08 14:40:00,2025-04-08 15:30:00,1,310.45,310.2,pivot,-0.25,0.1186195,-0.5686195,-17911.51425,1.0,2025-04-08,309.65,310.65,309.5,0.0,311.1,311.1,310.15,0.0,2025,0.0,0.0,0.0,0.0,0.0,0.0,0.0,0.0,0.0,0.0,0.0,0.0,0.0,0.0,0.0,1.0,1.0,1.0,0,14,1,4,3.7799176185656185,0.9984384186946502,3.5059403852866917,0.9984384186946502,0.0015615813053497,-3.978241350991579e-05,-4.614792159475555e-05,0.0009345984962979,True,112.0318353398086,0.8996368835666183,1.015435702816376,0.8996368835666183,0.1003631164333817,-0.0001732827138329,-0.0002192561183051,0.0016462777446011,True,100.57286290372514,0.1324392292059649,-0.9510989660939994,0.1324392292059649,0.8675607707940352,-0.00042033342205,-0.000523777901773,0.0018203969879926,True,103.3141822837092,0.8793121601870164,1.1104318067315972,0.8793121601870164,0.1206878398129835,-0.0008921636404812,-0.0009954807341013,0.002059044177281,True,0.9984384186946502,0.0015615813053497,-3.5059403852866917,0.8996368835666183,0.1003631164333817,-1.015435702816376,0.1324392292059649,0.8675607707940352,0.9510989660939994,0.8793121601870164,0.1206878398129835,-1.1104318067315972,1,0,0,0.0,1,1,1,1,,0,1,0,1,1,0,0,1.0,1.0,0.0,0.0,0.0,,0.9968768373893006,3.5059403852866917,0.7992737671332366,1.015435702816376,-0.7351215415880703,0.9510989660939994,0.7586243203740329,1.1104318067315972,0.5283872,0.626983763021919,0.50906175
2025-04-10 10:50:00,2025-04-10 11:15:00,-1,320.85,321.85,pivot,-1.0,0.119281,-1.319281,-41557.3515,1.0,2025-04-10,321.3,321.4,320.75,0.0,322.65,322.7,321.8,0.0,2025,0.0,0.0,0.0,0.0,0.0,0.0,0.0,0.0,0.0,0.0,0.0,0.0,0.0,0.0,0.0,1.0,1.0,1.0,0,10,3,4,456.4916558871388,0.7259850957892984,0.4813676310266221,0.7259850957892984,0.2740149042107016,5.5687421950526417e-05,7.676961012414787e-05,0.0008124074626385,True,284.1147873315253,0.6435775587793726,0.2450205254170962,0.6435775587793726,0.3564224412206274,0.0001528367421281,0.0002579116996954,0.0014934203494422,True,135.9403922068967,0.7681092337434723,0.5721884644350745,0.7681092337434723,0.2318907662565277,0.0003426913397749,0.000572187217824,0.0022728044801667,True,111.28225741696252,0.6949589060045691,0.3074476948620666,0.6949589060045691,0.3050410939954309,0.0009221748836303,0.001394201681887,0.0035890919990311,True,0.2740149042107016,0.7259850957892984,0.4813676310266221,0.3564224412206274,0.6435775587793726,0.2450205254170962,0.2318907662565277,0.7681092337434723,0.5721884644350745,0.3050410939954309,0.6949589060045691,0.3074476948620666,1,0,0,0.0,1,1,1,1,,0,1,1,0,1,0,0,1.0,1.0,0.0,0.0,0.0,,-0.45197019157859675,0.4813676310266221,-0.28715511755874523,0.2450205254170962,-0.5362184674869446,0.5721884644350745,-0.3899178120091382,0.3074476948620666,0.52418905,0.5526232233286035,0.56497955
2025-04-14 10:55:00,2025-04-14 12:10:00,1,325.45,325.5,pivot,0.0500000000000113,0.1195285,-0.2695284999999886,-8490.147749999642,1.0,2025-04-14,325.2,325.5,325.15,0.0,325.5,325.6,325.4,0.0,2025,0.0,0.0,0.0,0.0,0.0,0.0,0.0,0.0,0.0,0.0,0.0,0.0,0.0,0.0,0.0,1.0,1.0,1.0,0,10,0,4,520.0525554504667,0.6344208183853806,0.2326301691492066,0.6344208183853806,0.3655791816146194,6.224950246708337e-05,8.733545638269742e-05,0.0009458182060118,True,240.6835439530407,0.2216002402285351,-0.640143307597417,0.2216002402285351,0.7783997597714648,0.0001898933861721,0.0002887713780214,0.0016508203287492,True,212.88921147412316,0.378245476509656,-0.3319212069535096,0.378245476509656,0.6217545234903439,0.0004256021591527,0.0006498508571397,0.0024207434588872,True,133.88690897832154,0.4721573566548991,-0.151495756789425,0.4721573566548991,0.5278426433451009,0.0009780651547447,0.0012946769817782,0.003472681500465,True,0.6344208183853806,0.3655791816146194,-0.2326301691492066,0.2216002402285351,0.7783997597714648,0.640143307597417,0.378245476509656,0.6217545234903439,0.3319212069535096,0.4721573566548991,0.5278426433451009,0.151495756789425,1,0,0,0.0,1,1,1,1,,0,1,1,0,1,0,0,1.0,1.0,0.0,0.0,0.0,,0.26884163677076117,0.2326301691492066,-0.5567995195429297,0.640143307597417,-0.24350904698068787,0.3319212069535096,-0.055685286690201785,0.151495756789425,0.56404084,0.5378402275449171,0.56235373
2025-04-14 15:25:00,2025-04-14 15:45:00,1,325.25,325.7,eod,0.4499999999999886,0.1195285,0.1304714999999886,4109.852249999642,1.0,2025-04-14,325.4,325.55,325.2,0.0,325.7,325.7,325.7,0.0,2025,0.0,0.0,0.0,0.0,0.0,0.0,0.0,0.0,0.0,0.0,0.0,0.0,0.0,0.0,0.0,1.0,1.0,1.0,1,15,0,4,435.203817795881,0.2017115955748559,-0.6836173442738885,0.2017115955748559,0.798288404425144,5.62988604719488e-05,8.769371157359806e-05,0.0008027460223075,True,383.8751008089261,0.5057126873809452,-0.0674909559271554,0.5057126873809452,0.4942873126190548,0.0001389221454265,0.0002471856385263,0.0013845695068838,True,297.9572368605724,0.5170475391731364,-0.0215478749160451,0.5170475391731364,0.4829524608268636,0.0002505656008986,0.0003421034599127,0.0016057445383264,True,177.54864083981613,0.216530280786921,-0.7330159783907474,0.216530280786921,0.7834697192130791,0.0004802107976197,0.0006503086349674,0.0019353642114203,True,0.2017115955748559,0.798288404425144,0.6836173442738885,0.5057126873809452,0.4942873126190548,0.0674909559271554,0.5170475391731364,0.4829524608268636,0.0215478749160451,0.216530280786921,0.7834697192130791,0.7330159783907474,1,0,0,0.0,1,1,1,1,,0,1,0,0,1,0,0,1.0,1.0,0.0,0.0,0.0,,-0.5965768088502881,0.6836173442738885,0.011425374761890428,0.0674909559271554,0.03409507834627279,0.0215478749160451,-0.5669394384261581,0.7330159783907474,0.52027154,0.5140281368906198,0.59347194
2025-04-15 11:15:00,2025-04-15 14:40:00,1,328.7,328.85,pivot,0.1500000000000341,0.1197265,-0.16972649999996592,-5346.384749998926,1.0,2025-04-15,328.75,329.0,328.65,0.0,328.7,328.85,328.65,0.0,2025,0.0,0.0,0.0,0.0,0.0,0.0,0.0,0.0,0.0,0.0,0.0,0.0,0.0,0.0,0.0,1.0,1.0,1.0,0,11,1,4,288.0124756368425,0.8599911198617879,0.8406046370946698,0.8599911198617879,0.1400088801382121,5.62988604719488e-05,8.769371157359806e-05,0.0008027460223075,True,367.7037871666233,0.6212221662436528,0.1518421682289342,0.6212221662436528,0.3787778337563472,0.0001389221454265,0.0002471856385263,0.0013845695068838,True,293.6189561423322,0.6073727109315821,0.1668002649915842,0.6073727109315821,0.3926272890684179,0.0002505656008986,0.0003421034599127,0.0016057445383264,True,226.288212262886,0.5663690893389689,0.0579617545396744,0.5663690893389689,0.4336309106610311,0.0004802107976197,0.0006503086349674,0.0019353642114203,True,0.8599911198617879,0.1400088801382121,-0.8406046370946698,0.6212221662436528,0.3787778337563472,-0.1518421682289342,0.6073727109315821,0.3926272890684179,-0.1668002649915842,0.5663690893389689,0.4336309106610311,-0.0579617545396744,1,0,0,0.0,1,1,1,1,,0,1,1,0,1,0,0,1.0,1.0,0.0,0.0,0.0,,0.7199822397235758,0.8406046370946698,0.24244433248730557,0.1518421682289342,0.2147454218631642,0.1668002649915842,0.1327381786779378,0.0579617545396744,0.52960587,0.6345896769189613,0.5778074
2025-04-18 10:45:00,2025-04-18 11:35:00,1,327.35,327.7,pivot,0.3499999999999659,0.1196515,0.03034849999996587,955.977749998925,1.0,2025-04-18,327.45,327.5,327.25,0.0,327.65,327.8,327.6,0.0,2025,0.0,0.0,0.0,0.0,0.0,0.0,0.0,0.0,0.0,0.0,0.0,0.0,0.0,0.0,0.0,1.0,1.0,1.0,1,10,4,4,520.5832868428496,0.6336392808658685,0.2310398650786234,0.6336392808658685,0.3663607191341315,6.224950246708337e-05,8.733545638269742e-05,0.0009458182060118,True,274.67425869175366,0.6232639181966686,0.1956824299763604,0.6232639181966686,0.3767360818033314,0.0001898933861721,0.0002887713780214,0.0016508203287492,True,207.0695693378925,0.4754977375874387,-0.1421024969780326,0.4754977375874387,0.5245022624125613,0.0004256021591527,0.0006498508571397,0.0024207434588872,True,126.69372427709794,0.5714271574315325,0.0678280455485956,0.5714271574315325,0.4285728425684675,0.0009780651547447,0.0012946769817782,0.003472681500465,True,0.6336392808658685,0.3663607191341315,-0.2310398650786234,0.6232639181966686,0.3767360818033314,-0.1956824299763604,0.4754977375874387,0.5245022624125613,0.1421024969780326,0.5714271574315325,0.4285728425684675,-0.0678280455485956,1,0,0,0.0,1,1,1,1,,0,1,1,0,1,0,0,1.0,1.0,0.0,0.0,0.0,,0.26727856173173703,0.2310398650786234,0.2465278363933372,0.1956824299763604,-0.049004524825122575,0.1421024969780326,0.142854314863065,0.0678280455485956,0.5472782,0.548765041353224,0.56666625
2025-04-21 10:45:00,2025-04-21 10:50:00,1,329.15,329.2,pivot,0.0500000000000113,0.1197505,-0.2697504999999886,-8497.140749999642,1.0,2025-04-21,329.2,329.4,329.05,0.0,328.9,329.25,328.85,0.0,2025,0.0,0.0,0.0,0.0,0.0,0.0,0.0,0.0,0.0,0.0,0.0,0.0,0.0,0.0,0.0,1.0,1.0,1.0,0,10,0,4,587.633706896213,0.4610792708829012,-0.0965403984867758,0.4610792708829012,0.5389207291170988,6.576824486721336e-05,9.058106398298016e-05,0.0009382710803227,True,245.50060847465505,0.6953925391337203,0.3658350980368628,0.6953925391337203,0.3046074608662796,0.000220448034778,0.0003158592700371,0.0016306515027829,True,210.77067938371263,0.4553359282021941,-0.1732897564023416,0.4553359282021941,0.5446640717978058,0.0005201414486839,0.0007112839938154,0.002350053561292,True,12.259980163302451,0.0191038833531824,-2.0192981175944085,0.0191038833531824,0.9808961166468176,0.0011465340916816,0.0013060666309649,0.0032743669838022,True,0.4610792708829012,0.5389207291170988,0.0965403984867758,0.6953925391337203,0.3046074608662796,-0.3658350980368628,0.4553359282021941,0.5446640717978058,0.1732897564023416,0.0191038833531824,0.9808961166468176,2.0192981175944085,1,0,0,0.0,1,1,1,1,,0,1,1,0,1,0,0,1.0,1.0,0.0,0.0,0.0,,-0.07784145823419758,0.0965403984867758,0.39078507826744074,0.3658350980368628,-0.08932814359561175,0.1732897564023416,-0.9617922332936353,2.0192981175944085,0.5346234,0.5372042407240433,0.53696257
2025-07-03 12:15:00,2025-07-03 15:45:00,1,420.4,421.55,eod,1.150000000000034,0.1252585,0.8247415000000343,25979.35725000108,1.0,2025-07-03,420.4,420.5,419.95,0.0,421.55,421.55,421.55,0.0,2025,0.0,0.0,0.0,0.0,0.0,0.0,0.0,0.0,0.0,0.0,0.0,0.0,0.0,0.0,0.0,1.0,1.0,1.0,1,12,3,7,466.8750796546168,0.4528579942205456,-0.1194210792021422,0.4528579942205456,0.5471420057794544,0.0001008702848471,0.0001238890839316,0.0010374138699745,True,183.9235662619534,0.7069795987564393,0.4585091829796486,0.7069795987564393,0.2930204012435606,0.0002317638131828,0.0003415555111738,0.0018514805186325,True,29.97665111362588,0.9478225159392476,1.621568790464992,0.9478225159392476,0.0521774840607524,0.0004392168440255,0.0006145249296893,0.0026366197904415,True,55.56496173809677,0.8550131928939178,1.010077500321078,0.8550131928939178,0.1449868071060822,0.0007890061629786,0.0011873583150937,0.0035473259285143,True,0.4528579942205456,0.5471420057794544,0.1194210792021422,0.7069795987564393,0.2930204012435606,-0.4585091829796486,0.9478225159392476,0.0521774840607524,-1.621568790464992,0.8550131928939178,0.1449868071060822,-1.010077500321078,1,0,0,0.0,1,1,1,1,,0,1,0,1,1,0,0,1.0,1.0,0.0,0.0,0.0,,-0.09428401155890875,0.1194210792021422,0.41395919751287874,0.4585091829796486,0.8956450318784952,1.621568790464992,0.7100263857878355,1.010077500321078,0.54020053,0.5108249525275397,0.519964
2025-07-08 10:30:00,2025-07-08 11:30:00,-1,418.25,418.85,pivot,-0.6000000000000227,0.125113,-0.9251130000000228,-29141.05950000072,1.0,2025-07-08,418.65,418.7,417.95,0.0,419.1,419.15,418.8,0.0,2025,0.0,0.0,0.0,0.0,0.0,0.0,0.0,0.0,0.0,0.0,0.0,0.0,0.0,0.0,0.0,1.0,1.0,2.0,0,10,1,7,21.3215786263766,0.0182539867629753,-2.0022910340258733,0.0182539867629753,0.9817460132370246,6.904140942923743e-05,0.0001209706041686,0.0010104635036727,True,54.1139000485927,0.0415716365257464,-1.3480670843284,0.0415716365257464,0.9584283634742536,0.0002633866649565,0.0003960207636264,0.0016167638771553,True,105.97511333685708,0.0765589719470655,-1.0736630720979885,0.0765589719470655,0.9234410280529344,0.0004356341291346,0.0006576459287215,0.0019416599858801,True,214.56833172359325,0.3055987394026377,-0.4849585047996548,0.3055987394026377,0.6944012605973622,0.0008006314529549,0.0009787798593392,0.002018275480587,True,0.9817460132370246,0.0182539867629753,-2.0022910340258733,0.9584283634742536,0.0415716365257464,-1.3480670843284,0.9234410280529344,0.0765589719470655,-1.0736630720979885,0.6944012605973622,0.3055987394026377,-0.4849585047996548,1,0,0,0.0,1,1,1,1,,0,1,1,0,1,0,0,1.0,1.0,0.0,0.0,0.0,,0.9634920264740493,2.0022910340258733,0.9168567269485073,1.3480670843284,0.8468820561058689,1.0736630720979885,0.38880252119472447,0.4849585047996548,0.51991045,0.6150930473322193,0.5371623
2025-07-08 11:30:00,2025-07-08 15:45:00,1,418.85,421.65,eod,2.7999999999999545,0.125215,2.4747849999999545,77955.72749999857,1.0,2025-07-08,419.1,419.15,418.8,0.0,421.65,421.65,421.65,0.0,2025,0.0,0.0,0.0,0.0,0.0,0.0,0.0,0.0,0.0,0.0,0.0,0.0,0.0,0.0,0.0,1.0,1.0,1.0,1,11,1,7,343.3216137173308,0.2519772340905443,-0.5798081659773401,0.2519772340905443,0.7480227659094557,0.0001008702848471,0.0001238890839316,0.0010374138699745,True,142.48512917554658,0.8046106775210846,0.7839799937346381,0.8046106775210846,0.1953893224789153,0.0002317638131828,0.0003415555111738,0.0018514805186325,True,105.3648965360784,0.7869562705651793,0.6739547830438615,0.7869562705651793,0.2130437294348207,0.0004392168440255,0.0006145249296893,0.0026366197904415,True,46.161171690507125,0.0703046911857389,-1.3429552668353684,0.0703046911857389,0.9296953088142612,0.0007890061629786,0.0011873583150937,0.0035473259285143,True,0.2519772340905443,0.7480227659094557,0.5798081659773401,0.8046106775210846,0.1953893224789153,-0.7839799937346381,0.7869562705651793,0.2130437294348207,-0.6739547830438615,0.0703046911857389,0.9296953088142612,1.3429552668353684,1,0,0,0.0,1,1,1,1,,0,1,1,0,1,0,0,1.0,1.0,0.0,0.0,0.0,,-0.4960455318189114,0.5798081659773401,0.6092213550421693,0.7839799937346381,0.5739125411303585,0.6739547830438615,-0.8593906176285223,1.3429552668353684,0.51981866,0.5086215979804983,0.54303145
2025-07-09 11:30:00,2025-07-09 12:20:00,-1,421.45,422.15,pivot,-0.6999999999999886,0.125308,-1.0253079999999886,-32297.20199999964,1.0,2025-07-09,421.1,421.65,420.95,0.0,422.2,422.25,421.9,0.0,2025,0.0,0.0,0.0,0.0,0.0,0.0,0.0,0.0,0.0,0.0,0.0,0.0,0.0,0.0,0.0,1.0,1.0,1.0,0,11,2,7,302.1016890972019,0.2144446712401886,-0.6912520532071411,0.2144446712401886,0.7855553287598114,0.0001008702848471,0.0001238890839316,0.0010374138699745,True,50.88728380065877,0.0502082321317836,-1.5928436127607295,0.0502082321317836,0.9497917678682164,0.0002317638131828,0.0003415555111738,0.0018514805186325,True,51.70660428565107,0.0705958109039669,-1.356713982113695,0.0705958109039669,0.9294041890960332,0.0004392168440255,0.0006145249296893,0.0026366197904415,True,122.97339552095852,0.5348993311221152,-0.0334519551062907,0.5348993311221152,0.4651006688778848,0.0007890061629786,0.0011873583150937,0.0035473259285143,True,0.7855553287598114,0.2144446712401886,-0.6912520532071411,0.9497917678682164,0.0502082321317836,-1.5928436127607295,0.9294041890960332,0.0705958109039669,-1.356713982113695,0.4651006688778848,0.5348993311221152,-0.0334519551062907,1,0,0,0.0,1,1,1,1,,0,1,1,0,1,0,0,1.0,1.0,0.0,0.0,0.0,,0.5711106575196228,0.6912520532071411,0.8995835357364328,1.5928436127607295,0.8588083781920662,1.356713982113695,-0.06979866224423037,0.0334519551062907,0.54504216,0.5106980704970971,0.55298334
2025-07-10 10:55:00,2025-07-10 11:15:00,1,425.2,426.65,pivot,1.4499999999999886,0.1255555,1.1244444999999887,35420.00174999965,1.0,2025-07-10,425.1,425.2,424.8,0.0,426.65,426.8,426.45,0.0,2025,0.0,0.0,0.0,0.0,0.0,0.0,0.0,0.0,0.0,0.0,0.0,0.0,0.0,0.0,0.0,1.0,1.0,1.0,1,10,3,7,229.51681768409617,0.1531552241435049,-0.9128302735375796,0.1531552241435049,0.846844775856495,0.0001008702848471,0.0001238890839316,0.0010374138699745,True,219.14505622000908,0.2716880671629158,-0.5655505738038931,0.2716880671629158,0.7283119328370842,0.0002317638131828,0.0003415555111738,0.0018514805186325,True,178.2862690355329,0.4636189211419445,-0.1438321946651263,0.4636189211419445,0.5363810788580554,0.0004392168440255,0.0006145249296893,0.0026366197904415,True,77.64868156323452,0.147107419997208,-0.9971622560130062,0.147107419997208,0.852892580002792,0.0007890061629786,0.0011873583150937,0.0035473259285143,True,0.1531552241435049,0.846844775856495,0.9128302735375796,0.2716880671629158,0.7283119328370842,0.5655505738038931,0.4636189211419445,0.5363810788580554,0.1438321946651263,0.147107419997208,0.852892580002792,0.9971622560130062,1,0,0,0.0,1,1,1,1,,0,1,1,0,1,0,0,1.0,1.0,0.0,0.0,0.0,,-0.6936895517129901,0.9128302735375796,-0.45662386567416835,0.5655505738038931,-0.07276215771611094,0.1438321946651263,-0.705785160005584,0.9971622560130062,0.5278865,0.5285385804845233,0.5706707
2025-07-10 12:20:00,2025-07-10 12:55:00,-1,425.75,426.75,pivot,-1.0,0.125575,-1.3255750000000002,-41755.6125,1.0,2025-07-10,425.8,425.95,425.7,0.0,426.8,426.85,426.6,0.0,2025,0.0,0.0,0.0,0.0,0.0,0.0,0.0,0.0,0.0,0.0,0.0,0.0,0.0,0.0,0.0,1.0,1.0,1.0,0,12,3,7,229.93660126026225,0.1534919465984685,-0.9114333442277236,0.1534919465984685,0.8465080534015315,0.0001008702848471,0.0001238890839316,0.0010374138699745,True,47.97275602939163,0.0457494157457608,-1.64123433913002,0.0457494157457608,0.9542505842542393,0.0002317638131828,0.0003415555111738,0.0018514805186325,True,57.190237620735495,0.0787578731157633,-1.3004475318606827,0.0787578731157633,0.9212421268842368,0.0004392168440255,0.0006145249296893,0.0026366197904415,True,83.62778625165451,0.1664506865164331,-0.929938809161066,0.1664506865164331,0.8335493134835669,0.0007890061629786,0.0011873583150937,0.0035473259285143,True,0.8465080534015315,0.1534919465984685,-0.9114333442277236,0.9542505842542393,0.0457494157457608,-1.64123433913002,0.9212421268842368,0.0787578731157633,-1.3004475318606827,0.8335493134835669,0.1664506865164331,-0.929938809161066,1,0,0,0.0,1,1,1,1,,0,1,0,1,1,0,0,1.0,1.0,0.0,0.0,0.0,,0.6930161068030629,0.9114333442277236,0.9085011685084785,1.64123433913002,0.8424842537684735,1.3004475318606827,0.6670986269671337,0.929938809161066,0.5199188,0.5380765420108771,0.6054609
2025-07-11 11:10:00,2025-07-11 12:00:00,-1,429.85,429.45,pivot,0.4000000000000341,0.125779,0.0742210000000341,2337.9615000010745,1.0,2025-07-11,429.7,430.15,429.5,0.0,429.35,429.75,429.35,0.0,2025,0.0,0.0,0.0,0.0,0.0,0.0,0.0,0.0,0.0,0.0,0.0,0.0,0.0,0.0,0.0,1.0,1.0,1.0,1,11,4,7,202.043592294744,0.131052064948476,-0.982066972326294,0.131052064948476,0.868947935051524,0.0001082144071022,0.00012921363367,0.0010778020308498,True,32.77147710295238,0.02987103151059,-1.8830088898731967,0.02987103151059,0.97012896848941,0.0002783061254787,0.0003630390573203,0.001918035898092,True,51.57556923806637,0.0778974357458261,-1.342218523632187,0.0778974357458261,0.9221025642541738,0.0005043911601505,0.0006601006520383,0.0027395272538079,True,93.49587211531228,0.6771424075303951,0.3778600806357642,0.6771424075303951,0.3228575924696049,0.0008911960284328,0.0011615674387762,0.0037007335791884,True,0.868947935051524,0.131052064948476,-0.982066972326294,0.97012896848941,0.02987103151059,-1.8830088898731967,0.9221025642541738,0.0778974357458261,-1.342218523632187,0.3228575924696049,0.6771424075303951,0.3778600806357642,1,0,0,0.0,1,1,1,1,,0,1,1,0,1,0,0,1.0,1.0,0.0,0.0,0.0,,0.737895870103048,0.982066972326294,0.94025793697882,1.8830088898731967,0.8442051285083477,1.342218523632187,-0.35428481506079024,0.3778600806357642,0.5533663,0.5038450046235041,0.5732937
2025-07-11 12:00:00,2025-07-11 12:10:00,1,429.45,429.7,pivot,0.25,0.1257745,-0.0757745,-2386.89675,1.0,2025-07-11,429.35,429.75,429.35,0.0,430.0,430.15,429.55,0.0,2025,0.0,0.0,0.0,0.0,0.0,0.0,0.0,0.0,0.0,0.0,0.0,0.0,0.0,0.0,0.0,1.0,1.0,1.0,0,12,4,7,449.9968886129611,0.5570677068692192,0.0961859943686043,0.5570677068692192,0.4429322931307807,0.0001082144071022,0.00012921363367,0.0010778020308498,True,193.9500413645552,0.6627562543248456,0.3573250258653954,0.6627562543248456,0.3372437456751543,0.0002783061254787,0.0003630390573203,0.001918035898092,True,154.87636554424586,0.6091057920244268,0.1842863729570615,0.6091057920244268,0.3908942079755731,0.0005043911601505,0.0006601006520383,0.0027395272538079,True,52.56863049868115,0.0935672124982606,-1.2560540283394706,0.0935672124982606,0.9064327875017392,0.0008911960284328,0.0011615674387762,0.0037007335791884,True,0.5570677068692192,0.4429322931307807,-0.0961859943686043,0.6627562543248456,0.3372437456751543,-0.3573250258653954,0.6091057920244268,0.3908942079755731,-0.1842863729570615,0.0935672124982606,0.9064327875017392,1.2560540283394706,1,0,0,0.0,1,1,1,1,,0,1,0,1,1,0,0,1.0,1.0,0.0,0.0,0.0,,0.11413541373843855,0.0961859943686043,0.32551250864969133,0.3573250258653954,0.2182115840488537,0.1842863729570615,-0.8128655750034786,1.2560540283394706,0.57598656,0.5190695096185387,0.5950038
2025-07-11 12:10:00,2025-07-11 14:00:00,1,429.7,430.05,pivot,0.3500000000000227,0.1257925,0.024207500000022725,762.5362500007159,1.0,2025-07-11,430.0,430.15,429.55,0.0,429.8,430.15,429.7,0.0,2025,0.0,0.0,0.0,0.0,0.0,0.0,0.0,0.0,0.0,0.0,0.0,0.0,0.0,0.0,0.0,1.0,1.0,1.0,1,12,4,7,419.3302263261841,0.3455093972728341,-0.3359584757178374,0.3455093972728341,0.654490602727166,0.0001082144071022,0.00012921363367,0.0010778020308498,True,234.65004510166068,0.4356313089253665,-0.1892764664527194,0.4356313089253665,0.5643686910746335,0.0002783061254787,0.0003630390573203,0.001918035898092,True,127.28883088495851,0.7076395503004335,0.4398273898859075,0.7076395503004335,0.2923604496995665,0.0005043911601505,0.0006601006520383,0.0027395272538079,True,80.9736737867868,0.189077290931808,-0.8797081287449044,0.189077290931808,0.810922709068192,0.0008911960284328,0.0011615674387762,0.0037007335791884,True,0.3455093972728341,0.654490602727166,0.3359584757178374,0.4356313089253665,0.5643686910746335,0.1892764664527194,0.7076395503004335,0.2923604496995665,-0.4398273898859075,0.189077290931808,0.810922709068192,0.8797081287449044,1,0,0,0.0,1,1,1,1,,0,1,0,1,1,0,0,1.0,1.0,0.0,0.0,0.0,,-0.3089812054543319,0.3359584757178374,-0.128737382149267,0.1892764664527194,0.415279100600867,0.4398273898859075,-0.6218454181363839,0.8797081287449044,0.54915243,0.5030962459279398,0.5761826
2025-07-18 14:40:00,2025-07-18 15:45:00,1,431.9,431.55,eod,-0.3499999999999659,0.1259035,-0.6759034999999658,-21290.960249998923,1.0,2025-07-18,431.65,432.05,431.65,0.0,431.55,431.55,431.55,0.0,2025,0.0,0.0,0.0,0.0,0.0,0.0,0.0,0.0,0.0,0.0,0.0,0.0,0.0,0.0,0.0,1.0,1.0,1.0,0,14,4,7,269.9237626624387,0.8044654219699001,0.6400917603802437,0.8044654219699001,0.1955345780300998,-4.8800362620678256e-05,-2.217592168457346e-05,0.0011203127843522,True,101.35161322345247,0.8571819510320681,0.9241640566897572,0.8571819510320681,0.1428180489679319,-0.0001465692007906,-9.182680403021952e-05,0.0019802228446223,True,77.43933997185543,0.882628684861629,1.0028839696746925,0.882628684861629,0.1173713151383709,-0.00026667100184,-5.94024711426001e-05,0.0027180772849093,True,57.6211997512483,0.9001706956545272,1.2905742349931468,0.9001706956545272,0.0998293043454727,-0.0004793636663189,-0.0001509523741489,0.0029030629577921,True,0.8044654219699001,0.1955345780300998,-0.6400917603802437,0.8571819510320681,0.1428180489679319,-0.9241640566897572,0.882628684861629,0.1173713151383709,-1.0028839696746925,0.9001706956545272,0.0998293043454727,-1.2905742349931468,1,0,0,0.0,1,1,1,1,,0,1,0,1,1,0,0,1.0,1.0,0.0,0.0,0.0,,0.6089308439398003,0.6400917603802437,0.7143639020641361,0.9241640566897572,0.7652573697232581,1.0028839696746925,0.8003413913090546,1.2905742349931468,0.51897216,0.5051525585847018,0.53699434
2025-08-12 11:20:00,2025-08-12 14:15:00,-1,436.55,433.65,pivot,2.900000000000034,0.126106,2.573894000000034,81077.66100000107,1.0,2025-08-12,436.7,437.0,436.5,0.0,433.75,433.9,433.3,0.0,2025,0.0,0.0,0.0,0.0,0.0,0.0,0.0,0.0,0.0,0.0,0.0,0.0,0.0,0.0,0.0,1.0,1.0,1.0,1,11,1,8,129.81195676059548,0.0856524328551572,-1.1526654055349683,0.0856524328551572,0.9143475671448428,9.82101558435293e-05,9.43711128857721e-05,0.0010739298750708,True,70.04925587683718,0.0906988799127274,-1.257292091562422,0.0906988799127274,0.9093011200872724,0.0002837346126441,0.000282490401815,0.0018610385997654,True,53.965265798977725,0.092364841181841,-1.2849263321644937,0.092364841181841,0.9076351588181588,0.0005701180044548,0.0005850742478382,0.0025894918878418,True,82.19889750832498,0.2311139013895201,-0.711008218084225,0.2311139013895201,0.7688860986104799,0.0011320981626834,0.0010843226410772,0.0032940723718186,True,0.9143475671448428,0.0856524328551572,-1.1526654055349683,0.9093011200872724,0.0906988799127274,-1.257292091562422,0.9076351588181588,0.092364841181841,-1.2849263321644937,0.7688860986104799,0.2311139013895201,-0.711008218084225,1,0,0,0.0,1,1,1,1,,0,1,1,0,1,0,0,1.0,1.0,0.0,0.0,0.0,,0.8286951342896856,1.1526654055349683,0.818602240174545,1.257292091562422,0.8152703176363179,1.2849263321644937,0.5377721972209597,0.711008218084225,0.5114372,0.5004120355224999,0.50355244
2025-08-14 14:40:00,2025-08-14 15:45:00,1,436.4,436.0,eod,-0.3999999999999772,0.126172,-0.7261719999999772,-22874.41799999928,1.0,2025-08-14,436.25,436.55,436.15,0.0,436.0,436.0,436.0,0.0,2025,0.0,0.0,0.0,0.0,0.0,0.0,0.0,0.0,0.0,0.0,0.0,0.0,0.0,0.0,0.0,1.0,1.0,1.0,0,14,3,8,548.798555993837,0.395220619349042,-0.2113165436104367,0.395220619349042,0.6047793806509579,7.08978687716317e-05,0.0001153229552514,0.0010877706424866,True,214.26833135094745,0.1899875887569436,-0.6428928181866176,0.1899875887569436,0.8100124112430563,0.0002416082647824,0.000394238116338,0.0018599516855042,True,257.11700870689845,0.3451185105687723,-0.361576569830232,0.3451185105687723,0.6548814894312276,0.0004708028207667,0.0006743801846175,0.0021818923780035,True,202.61194824259076,0.6580988513197221,0.2647018152891516,0.6580988513197221,0.3419011486802779,0.0010005322304513,0.0011340134781062,0.0022125930673374,True,0.395220619349042,0.6047793806509579,0.2113165436104367,0.1899875887569436,0.8100124112430563,0.6428928181866176,0.3451185105687723,0.6548814894312276,0.361576569830232,0.6580988513197221,0.3419011486802779,-0.2647018152891516,1,0,0,0.0,1,1,1,1,,0,1,0,1,1,0,0,1.0,1.0,0.0,0.0,0.0,,-0.20955876130191592,0.2113165436104367,-0.6200248224861127,0.6428928181866176,-0.3097629788624553,0.361576569830232,0.31619770263944424,0.2647018152891516,0.51671255,0.5502496060248441,0.52049625
2025-08-20 14:05:00,2025-08-20 14:15:00,1,420.95,422.4,pivot,1.4499999999999886,0.1253005,1.1246994999999886,35428.03424999964,1.0,2025-08-20,421.55,421.7,420.9,0.0,422.65,422.8,422.35,0.0,2025,0.0,0.0,0.0,0.0,0.0,0.0,0.0,0.0,0.0,0.0,0.0,0.0,0.0,0.0,0.0,1.0,1.0,1.0,1,14,2,8,495.1867039637624,0.4691983258276836,-0.0645358936561152,0.4691983258276836,0.5308016741723164,-5.6823070884364514e-05,-4.460919574484269e-05,0.0011461146956911,True,102.38180780759252,0.8499007405732377,0.9031553710422812,0.8499007405732377,0.1500992594267622,-0.0001433375050529,-8.638515833218315e-05,0.0020668596592672,True,125.63439057906744,0.7548057089568116,0.5457523316307384,0.7548057089568116,0.2451942910431883,-0.00026667100184,-5.94024711426001e-05,0.0027180772849093,True,12.353949039585446,0.975170091393591,2.223726652339404,0.975170091393591,0.0248299086064089,-0.0004793636663189,-0.0001509523741489,0.0029030629577921,True,0.4691983258276836,0.5308016741723164,0.0645358936561152,0.8499007405732377,0.1500992594267622,-0.9031553710422812,0.7548057089568116,0.2451942910431883,-0.5457523316307384,0.975170091393591,0.0248299086064089,-2.223726652339404,1,0,0,0.0,1,1,1,1,,0,1,0,1,1,0,0,1.0,1.0,0.0,0.0,0.0,,-0.06160334834463277,0.0645358936561152,0.6998014811464756,0.9031553710422812,0.5096114179136233,0.5457523316307384,0.9503401827871821,2.223726652339404,0.52063483,0.5274954335161316,0.5088454
2025-10-16 10:50:00,2025-10-16 12:30:00,-1,520.8,521.75,pivot,-0.9500000000000456,0.1312765,-1.281276500000046,-40360.20975000144,1.0,2025-10-16,521.1,521.3,520.5,0.0,522.2,522.35,521.75,0.0,2025,0.0,0.0,0.0,0.0,0.0,0.0,0.0,0.0,0.0,0.0,0.0,0.0,0.0,0.0,0.0,1.0,1.0,1.0,0,10,3,10,118.24450560875552,0.0641670828338476,-1.4527524937076468,0.0641670828338476,0.9358329171661524,7.890967811901278e-05,9.843635556691966e-05,0.0009261720301488,True,47.43069004107127,0.0543596388768519,-1.5803021657535452,0.0543596388768519,0.945640361123148,0.0002361927805951,0.0002847365937121,0.0015756610556173,True,221.86593871116696,0.5315413177629634,0.0325030466361122,0.5315413177629634,0.4684586822370365,0.0005309813506079,0.0005994546834808,0.0022362564259587,True,159.13811248213983,0.3853070912079549,-0.2954318256918292,0.3853070912079549,0.6146929087920451,0.0009868936796971,0.001154468089245,0.0029328711527659,True,0.9358329171661524,0.0641670828338476,-1.4527524937076468,0.945640361123148,0.0543596388768519,-1.5803021657535452,0.4684586822370365,0.5315413177629634,0.0325030466361122,0.6146929087920451,0.3853070912079549,-0.2954318256918292,1,0,0,0.0,1,1,1,1,,0,1,1,0,1,0,0,1.0,1.0,0.0,0.0,0.0,,0.8716658343323047,1.4527524937076468,0.8912807222462961,1.5803021657535452,-0.06308263552592691,0.0325030466361122,0.22938581758409016,0.2954318256918292,0.5032764,0.6195613375305111,0.5190269
2025-10-17 10:45:00,2025-10-17 11:10:00,1,532.65,530.15,pivot,-2.5,0.131884,-2.8318839999999996,-89204.34599999999,1.0,2025-10-17,533.25,533.3,531.9,0.0,529.5,530.15,528.8,0.0,2025,0.0,0.0,0.0,0.0,0.0,0.0,0.0,0.0,0.0,0.0,0.0,0.0,0.0,0.0,0.0,1.0,2.0,2.0,0,10,4,10,21.635784104509657,0.9847928464020193,2.4973102890411814,0.9847928464020193,0.0152071535979807,7.899997559024607e-05,0.0001125392315975,0.0009343531743384,True,4.280987796480871,0.9944353026557384,3.531487340247953,0.9944353026557384,0.0055646973442614,0.0002591341263445,0.0003312580685095,0.0015873523023448,True,2.173208128693994,0.9942057750394888,3.84600051875628,0.9942057750394888,0.0057942249605112,0.0005959057248628,0.0006947443112,0.0023232548802527,True,0.4560827038380728,0.9998840435689058,4.925613099968085,0.9998840435689058,0.0001159564310941,0.0010566964372059,0.0012866112617894,0.0031241464995434,True,0.9847928464020193,0.0152071535979807,-2.4973102890411814,0.9944353026557384,0.0055646973442614,-3.531487340247953,0.9942057750394888,0.0057942249605112,-3.84600051875628,0.9998840435689058,0.0001159564310941,-4.925613099968085,1,0,0,0.0,1,1,1,1,,0,1,1,0,0,0,0,1.0,1.0,0.0,0.0,0.0,,0.9695856928040385,2.4973102890411814,0.9888706053114771,3.531487340247953,0.9884115500789776,3.84600051875628,0.9997680871378117,4.925613099968085,0.5299601,0.6385270207558305,0.5004724
2025-10-21 10:45:00,2025-10-21 11:05:00,1,546.7,545.95,pivot,-0.75,0.1327795,-1.0827795,-34107.55425,1.0,2025-10-21,546.55,546.85,546.15,0.0,545.95,546.55,545.6,0.0,2025,0.0,0.0,0.0,0.0,0.0,0.0,0.0,0.0,0.0,0.0,0.0,0.0,0.0,0.0,0.0,1.0,1.0,1.0,0,10,1,10,322.3912942324979,0.2245591840368345,-0.6745093303684488,0.2245591840368345,0.7754408159631654,8.549457803800859e-05,0.0001185905261851,0.0009884755497791,True,282.8238174723458,0.5270203399292811,0.0121545717227825,0.5270203399292811,0.4729796600707189,0.0002707016752887,0.0003446418697189,0.001724077936363,True,125.8168127951787,0.1999972764337893,-0.6817114846955742,0.1999972764337893,0.8000027235662106,0.0006301262543242,0.0007395428774887,0.0025586290415679,True,124.89367444212988,0.2582485696446175,-0.5489201347189714,0.2582485696446175,0.7417514303553825,0.0011053416876558,0.0013545326218666,0.0034662202322433,True,0.2245591840368345,0.7754408159631654,0.6745093303684488,0.5270203399292811,0.4729796600707189,-0.0121545717227825,0.1999972764337893,0.8000027235662106,0.6817114846955742,0.2582485696446175,0.7417514303553825,0.5489201347189714,1,0,0,0.0,1,1,1,1,,0,1,1,0,1,0,0,1.0,1.0,0.0,0.0,0.0,,-0.5508816319263309,0.6745093303684488,0.0540406798585622,0.0121545717227825,-0.6000054471324213,0.6817114846955742,-0.483502860710765,0.5489201347189714,0.54543024,0.5250139962996124,0.5229142
2025-10-23 10:55:00,2025-10-23 12:30:00,-1,542.6,543.0,pivot,-0.3999999999999772,0.132568,-0.7325679999999772,-23075.891999999283,1.0,2025-10-23,543.55,543.6,542.55,0.0,542.65,543.4,542.35,0.0,2025,0.0,0.0,0.0,0.0,0.0,0.0,0.0,0.0,0.0,0.0,0.0,0.0,0.0,0.0,0.0,1.0,1.0,2.0,0,10,3,10,28.45616629327505,0.0162993521721553,-2.2651961615260667,0.0162993521721553,0.9837006478278446,8.549457803800859e-05,0.0001185905261851,0.0009884755497791,True,23.914498629329284,0.0268136502242386,-2.070502695513241,0.0268136502242386,0.9731863497757614,0.0002707016752887,0.0003446418697189,0.001724077936363,True,176.37508388702997,0.2965207055325354,-0.4332979516639354,0.2965207055325354,0.7034792944674646,0.0006301262543242,0.0007395428774887,0.0025586290415679,True,21.257391421952928,0.945673113675748,1.5595348642141005,0.945673113675748,0.0543268863242519,0.0011053416876558,0.0013545326218666,0.0034662202322433,True,0.9837006478278446,0.0162993521721553,-2.2651961615260667,0.9731863497757614,0.0268136502242386,-2.070502695513241,0.7034792944674646,0.2965207055325354,-0.4332979516639354,0.0543268863242519,0.945673113675748,1.5595348642141005,1,0,0,0.0,1,1,1,1,,0,1,1,0,1,0,0,1.0,1.0,0.0,0.0,0.0,,0.9674012956556893,2.2651961615260667,0.9463726995515227,2.070502695513241,0.4069585889349292,0.4332979516639354,-0.8913462273514962,1.5595348642141005,0.5814144,0.5719217493514711,0.5450884
2025-10-23 12:30:00,2025-10-23 13:35:00,-1,543.0,537.4,pivot,5.600000000000023,0.132412,5.267588000000022,165929.0220000007,1.0,2025-10-23,542.65,543.4,542.35,0.0,536.75,537.45,536.6,0.0,2025,0.0,0.0,0.0,0.0,0.0,0.0,0.0,0.0,0.0,0.0,0.0,0.0,0.0,0.0,0.0,1.0,1.0,1.0,1,12,3,10,74.59907407896893,0.0480551515369691,-1.641613073017055,0.0480551515369691,0.9519448484630308,8.657241080210452e-05,0.0001162938223292,0.0010220808092492,True,24.01067271430779,0.0292958561388304,-2.014110929117993,0.0292958561388304,0.9707041438611697,0.0002816351853902,0.00034597836183,0.0018121872397066,True,23.059684575752136,0.0392356464623219,-1.6516458804929808,0.0392356464623219,0.960764353537678,0.0006547766622994,0.0007755785607388,0.0026918487625257,True,132.40755533815448,0.3194683247950896,-0.4207021118499646,0.3194683247950896,0.6805316752049104,0.0012682316398434,0.001583491922722,0.003763926726583,True,0.9519448484630308,0.0480551515369691,-1.641613073017055,0.9707041438611697,0.0292958561388304,-2.014110929117993,0.960764353537678,0.0392356464623219,-1.6516458804929808,0.6805316752049104,0.3194683247950896,-0.4207021118499646,1,0,0,0.0,1,1,1,1,,0,1,0,1,1,0,0,1.0,1.0,0.0,0.0,0.0,,0.9038896969260617,1.641613073017055,0.9414082877223393,2.014110929117993,0.9215287070753561,1.6516458804929808,0.36106335040982085,0.4207021118499646,0.51058877,0.5251822832182605,0.5727128
2025-10-24 13:50:00,2025-10-24 15:25:00,1,550.7,551.45,pivot,0.75,0.1330645,0.41693550000000007,13133.468250000002,1.0,2025-10-24,550.65,550.75,550.5,0.0,551.3,551.55,551.25,0.0,2025,0.0,0.0,0.0,0.0,0.0,0.0,0.0,0.0,0.0,0.0,0.0,0.0,0.0,0.0,0.0,1.0,1.0,1.0,1,13,4,10,416.63817807377455,0.7694012993509434,0.4485370945601665,0.7694012993509434,0.2305987006490566,7.456089334543134e-05,0.0001347714763893,0.0009149426637807,True,254.5317587541,0.7675781140349736,0.4222239011115405,0.7675781140349736,0.2324218859650264,0.0002062456657274,0.0003741822230673,0.0014814409556853,True,197.49889908062303,0.7528817014437246,0.4448540436891778,0.7528817014437246,0.2471182985562754,0.0003742428776047,0.0006061003505543,0.0017024691805933,True,222.71720869864515,0.4603607887627424,-0.2056083291371528,0.4603607887627424,0.5396392112372577,0.0008142756206237,0.0010600559968003,0.0020622236637003,True,0.7694012993509434,0.2305987006490566,-0.4485370945601665,0.7675781140349736,0.2324218859650264,-0.4222239011115405,0.7528817014437246,0.2471182985562754,-0.4448540436891778,0.4603607887627424,0.5396392112372577,0.2056083291371528,1,0,0,0.0,1,1,1,1,,0,1,0,1,1,0,0,1.0,1.0,0.0,0.0,0.0,,0.5388025987018867,0.4485370945601665,0.5351562280699471,0.4222239011115405,0.5057634028874491,0.4448540436891778,-0.07927842247451528,0.2056083291371528,0.5132494,0.5981343187581593,0.5719559
2025-10-27 10:25:00,2025-10-27 10:40:00,1,562.8,564.8,pivot,2.0,0.133828,1.666172,52484.418,1.0,2025-10-27,562.65,563.35,561.95,0.0,564.4,565.0,564.25,0.0,2025,0.0,0.0,0.0,0.0,0.0,0.0,0.0,0.0,0.0,0.0,0.0,0.0,0.0,0.0,0.0,1.0,1.0,1.0,1,10,0,10,46.69617369846095,0.970257265870459,1.9788589902495648,0.970257265870459,0.0297427341295409,8.657241080210452e-05,0.0001162938223292,0.0010220808092492,True,269.5890765007813,0.3988061031918996,-0.2400402138960467,0.3988061031918996,0.6011938968081003,0.0002816351853902,0.00034597836183,0.0018121872397066,True,4.162126103353607,0.0073089262786006,-3.0886143149579164,0.0073089262786006,0.9926910737213994,0.0006547766622994,0.0007755785607388,0.0026918487625257,True,11.863098343810336,0.0387245695666189,-1.553566875990042,0.0387245695666189,0.961275430433381,0.0012682316398434,0.001583491922722,0.003763926726583,True,0.970257265870459,0.0297427341295409,-1.9788589902495648,0.3988061031918996,0.6011938968081003,0.2400402138960467,0.0073089262786006,0.9926910737213994,3.0886143149579164,0.0387245695666189,0.961275430433381,1.553566875990042,1,0,0,0.0,1,1,1,1,,0,1,1,0,1,0,0,1.0,1.0,0.0,0.0,0.0,,0.9405145317409181,1.9788589902495648,-0.20238779361620074,0.2400402138960467,-0.9853821474427988,3.0886143149579164,-0.9225508608667622,1.553566875990042,0.5170592,0.5100131384852095,0.56513774
2025-10-27 10:40:00,2025-10-27 12:05:00,1,564.8,563.95,pivot,-0.849999999999909,0.1338625,-1.183862499999909,-37291.66874999713,1.0,2025-10-27,564.4,565.0,564.25,0.0,564.15,564.25,563.15,0.0,2025,0.0,0.0,0.0,0.0,0.0,0.0,0.0,0.0,0.0,0.0,0.0,0.0,0.0,0.0,0.0,1.0,1.0,1.0,0,10,0,10,25.89776510601296,0.9824494350722957,2.317665111366286,0.9824494350722957,0.0175505649277043,8.657241080210452e-05,0.0001162938223292,0.0010220808092492,True,17.513205255947756,0.977232205084712,2.162051202918277,0.977232205084712,0.0227677949152879,0.0002816351853902,0.00034597836183,0.0018121872397066,True,32.84872146593146,0.9221054905899287,1.2628577055026,0.9221054905899287,0.0778945094100711,0.0006547766622994,0.0007755785607388,0.0026918487625257,True,145.0093935677509,0.4706334511974723,-0.137938463701827,0.4706334511974723,0.5293665488025276,0.0012682316398434,0.001583491922722,0.003763926726583,True,0.9824494350722957,0.0175505649277043,-2.317665111366286,0.977232205084712,0.0227677949152879,-2.162051202918277,0.9221054905899287,0.0778945094100711,-1.2628577055026,0.4706334511974723,0.5293665488025276,0.137938463701827,1,0,0,0.0,1,1,1,1,,0,1,1,0,1,0,0,1.0,1.0,0.0,0.0,0.0,,0.9648988701445913,2.317665111366286,0.9544644101694241,2.162051202918277,0.8442109811798576,1.2628577055026,-0.05873309760505535,0.137938463701827,0.56738347,0.5010741048204772,0.5427358
2025-10-28 14:10:00,2025-10-28 14:55:00,-1,556.65,558.75,pivot,-2.1000000000000227,0.133462,-2.433462000000023,-76654.05300000073,1.0,2025-10-28,556.75,557.3,556.5,0.0,559.6,559.7,558.6,0.0,2025,0.0,0.0,0.0,0.0,0.0,0.0,0.0,0.0,0.0,0.0,0.0,0.0,0.0,0.0,0.0,1.0,1.0,1.0,0,14,1,10,418.4544346754347,0.2324510215946413,-0.5445325354434487,0.2324510215946413,0.7675489784053586,-4.254845022231719e-05,-5.257726596261265e-05,0.0008914854512841,True,229.765053907211,0.2273529056951345,-0.5746937283633065,0.2273529056951345,0.7726470943048656,-0.0001630520644023,-0.0002375972895419,0.0014584352625323,True,229.06651152901003,0.3883081372077244,-0.1998110438488305,0.3883081372077244,0.6116918627922756,-0.0004286875340268,-0.0005495069758107,0.0017368031097496,True,210.36451959341505,0.4577589219309788,-0.0165496364306733,0.4577589219309788,0.5422410780690212,-0.0010583489201099,-0.0012201461728073,0.0021018029307727,True,0.7675489784053586,0.2324510215946413,-0.5445325354434487,0.7726470943048656,0.2273529056951345,-0.5746937283633065,0.6116918627922756,0.3883081372077244,-0.1998110438488305,0.5422410780690212,0.4577589219309788,-0.0165496364306733,1,0,0,0.0,1,1,1,1,,0,1,0,1,1,0,0,1.0,1.0,0.0,0.0,0.0,,0.5350979568107174,0.5445325354434487,0.5452941886097311,0.5746937283633065,0.22338372558455122,0.1998110438488305,0.08448215613804244,0.0165496364306733,0.52479947,0.5874387459847227,0.55723095
2025-10-28 15:00:00,2025-10-28 15:45:00,1,559.6,561.15,eod,1.5499999999999543,0.1336225,1.2163774999999546,38315.89124999857,1.0,2025-10-28,559.9,560.25,559.4,0.0,561.15,561.15,561.15,0.0,2025,0.0,0.0,0.0,0.0,0.0,0.0,0.0,0.0,0.0,0.0,0.0,0.0,0.0,0.0,0.0,1.0,1.0,1.0,1,15,1,10,367.5889930463246,0.72626439079397,0.429395605970497,0.72626439079397,0.27373560920603,-5.6823070884364514e-05,-4.460919574484269e-05,0.0011461146956911,True,15.095661187217004,0.9751063028335047,2.167933359564381,0.9751063028335047,0.0248936971664952,-0.0001433375050529,-8.638515833218315e-05,0.0020668596592672,True,12.592553331930388,0.9731932619528072,1.903230076723197,0.9731932619528072,0.0268067380471929,-0.00026667100184,-5.94024711426001e-05,0.0027180772849093,True,104.77055077630828,0.7665309701653682,0.7308049781308319,0.7665309701653682,0.2334690298346318,-0.0004793636663189,-0.0001509523741489,0.0029030629577921,True,0.72626439079397,0.27373560920603,-0.429395605970497,0.9751063028335047,0.0248936971664952,-2.167933359564381,0.9731932619528072,0.0268067380471929,-1.903230076723197,0.7665309701653682,0.2334690298346318,-0.7308049781308319,1,0,0,0.0,1,1,1,1,,0,1,0,0,1,0,0,1.0,1.0,0.0,0.0,0.0,,0.45252878158793997,0.429395605970497,0.9502126056670095,2.167933359564381,0.9463865239056143,1.903230076723197,0.5330619403307364,0.7308049781308319,0.5168714,0.5100946947697474,0.56300455
2025-10-29 13:55:00,2025-10-29 14:30:00,-1,565.75,568.5,pivot,-2.75,0.1340275,-3.0840275000000004,-97146.86625,1.0,2025-10-29,566.1,566.8,565.5,0.0,569.25,569.35,568.5,0.0,2025,0.0,0.0,0.0,0.0,0.0,0.0,0.0,0.0,0.0,0.0,0.0,0.0,0.0,0.0,0.0,1.0,1.0,1.0,0,13,2,10,63.733219519102114,0.0461439929273474,-1.5044830001765943,0.0461439929273474,0.9538560070726524,-6.304435575148934e-05,-6.619238166092062e-05,0.0011868385029387,True,28.81919847472546,0.049924491891269,-1.569829989534743,0.049924491891269,0.950075508108731,-0.0001475374841425,-0.0001175129418102,0.002058059047548,True,19.73149685206706,0.0306774131941523,-1.7073606609152263,0.0306774131941523,0.9693225868058476,-0.0002715590611409,-4.9607888283883286e-05,0.0024470420901095,True,2.035083332957943,0.0031385104955589,-2.487961596792804,0.0031385104955589,0.996861489504441,-0.0003695947551571,8.385380858210958e-06,0.0028314240155509,True,0.9538560070726524,0.0461439929273474,-1.5044830001765943,0.950075508108731,0.049924491891269,-1.569829989534743,0.9693225868058476,0.0306774131941523,-1.7073606609152263,0.996861489504441,0.0031385104955589,-2.487961596792804,1,0,0,0.0,1,1,1,1,,0,1,0,1,1,0,0,1.0,1.0,0.0,0.0,0.0,,0.907712014145305,1.5044830001765943,0.900151016217462,1.569829989534743,0.9386451736116953,1.7073606609152263,0.9937229790088821,2.487961596792804,0.53294134,0.5229824092456407,0.5600717
2025-10-29 14:30:00,2025-10-29 14:35:00,1,568.5,569.25,pivot,0.75,0.1341325,0.41586749999999995,13099.826249999998,1.0,2025-10-29,569.25,569.35,568.5,0.0,569.65,569.9,568.8,0.0,2025,0.0,0.0,0.0,0.0,0.0,0.0,0.0,0.0,0.0,0.0,0.0,0.0,0.0,0.0,0.0,1.0,1.0,1.0,1,14,2,10,95.83153455601102,0.9331985807132662,1.27302594237975,0.9331985807132662,0.0668014192867337,8.171593185471579e-05,0.0001458369137548,0.0009239979543,True,221.3624022037514,0.7994697359105096,0.4880557259058515,0.7994697359105096,0.2005302640894903,0.0002156304621034,0.0004033629398884,0.001521065942878,True,36.29898822479074,0.93791132342413,1.5354972179382655,0.93791132342413,0.0620886765758701,0.000390764357715,0.000619836944406,0.0017222667470676,True,10.628116485090532,0.0081951177289213,-2.1680987023473994,0.0081951177289213,0.9918048822710788,0.0008496056068098,0.0010676599309389,0.0020336729418929,True,0.9331985807132662,0.0668014192867337,-1.27302594237975,0.7994697359105096,0.2005302640894903,-0.4880557259058515,0.93791132342413,0.0620886765758701,-1.5354972179382655,0.0081951177289213,0.9918048822710788,2.1680987023473994,1,0,0,0.0,1,1,1,1,,0,1,0,1,1,0,0,1.0,1.0,0.0,0.0,0.0,,0.8663971614265326,1.27302594237975,0.5989394718210194,0.4880557259058515,0.8758226468482598,1.5354972179382655,-0.9836097645421574,2.1680987023473994,0.5104671,0.588714021065421,0.55602825
2025-10-30 10:40:00,2025-10-30 10:45:00,1,576.2,577.15,pivot,0.9499999999999318,0.1346005,0.6153994999999317,19385.08424999785,1.0,2025-10-30,577.15,577.3,575.4,0.0,576.9,577.9,576.8,0.0,2025,0.0,0.0,0.0,0.0,0.0,0.0,0.0,0.0,0.0,0.0,0.0,0.0,0.0,0.0,0.0,1.0,1.0,1.0,1,10,3,10,21.478400233951916,0.9852895608583316,2.354047686150585,0.9852895608583316,0.0147104391416683,8.656602622172943e-05,9.952925977237955e-05,0.0011422455825753,True,224.81656140542003,0.3488107953479089,-0.3115928923745372,0.3488107953479089,0.6511892046520911,0.0002891976915988,0.0003007672307795,0.0020821235218687,True,13.11745746469366,0.0289141044560189,-1.9923033773524208,0.0289141044560189,0.9710858955439812,0.00073870333637,0.0008223185861157,0.0029830751898406,True,0.5223713175580516,0.000303514326689,-3.7700309849214815,0.000303514326689,0.9996964856733108,0.0013703345891353,0.0016630481730815,0.0040631196743511,True,0.9852895608583316,0.0147104391416683,-2.354047686150585,0.3488107953479089,0.6511892046520911,0.3115928923745372,0.0289141044560189,0.9710858955439812,1.9923033773524208,0.000303514326689,0.9996964856733108,3.7700309849214815,1,0,0,0.0,1,1,1,1,,0,1,1,0,1,0,0,1.0,1.0,0.0,0.0,0.0,,0.9705791217166634,2.354047686150585,-0.3023784093041822,0.3115928923745372,-0.9421717910879622,1.9923033773524208,-0.9993929713466219,3.7700309849214815,0.6242345,0.5324605386748553,0.5699398
2025-10-30 10:45:00,2025-10-30 11:45:00,1,577.15,581.6,pivot,4.4500000000000455,0.1347625,4.115237500000045,129629.98125000144,1.0,2025-10-30,576.9,577.9,576.8,0.0,580.85,581.85,580.3,0.0,2025,0.0,0.0,0.0,0.0,0.0,0.0,0.0,0.0,0.0,0.0,0.0,0.0,0.0,0.0,0.0,1.0,1.0,1.0,1,10,3,10,18.46666672997398,0.986851504312052,2.4232253975155524,0.986851504312052,0.013148495687948,8.656602622172943e-05,9.952925977237955e-05,0.0011422455825753,True,8.383863438459093,0.9932650531955668,2.655772151588536,0.9932650531955668,0.006734946804433,0.0002891976915988,0.0003007672307795,0.0020821235218687,True,9.591257699091887,0.0232001569636227,-2.1609871172600763,0.0232001569636227,0.9767998430363772,0.00073870333637,0.0008223185861157,0.0029830751898406,True,5.33471523877378,0.0156367845806829,-2.5355912671793117,0.0156367845806829,0.9843632154193172,0.0013703345891353,0.0016630481730815,0.0040631196743511,True,0.986851504312052,0.013148495687948,-2.4232253975155524,0.9932650531955668,0.006734946804433,-2.655772151588536,0.0232001569636227,0.9767998430363772,2.1609871172600763,0.0156367845806829,0.9843632154193172,2.5355912671793117,1,0,0,0.0,1,1,1,1,,0,1,1,0,1,0,0,1.0,1.0,0.0,0.0,0.0,,0.9737030086241041,2.4232253975155524,0.9865301063911338,2.655772151588536,-0.9535996860727546,2.1609871172600763,-0.9687264308386343,2.5355912671793117,0.58200556,0.5009469979406668,0.6098672
2025-10-30 15:25:00,2025-10-30 15:30:00,-1,573.05,574.1,pivot,-1.0500000000000682,0.1344145,-1.3844145000000683,-43609.05675000215,1.0,2025-10-30,574.1,574.15,572.9,0.0,574.2,574.8,573.9,0.0,2025,0.0,0.0,0.0,0.0,0.0,0.0,0.0,0.0,0.0,0.0,0.0,0.0,0.0,0.0,0.0,1.0,1.0,1.0,0,15,3,10,25.68983876797968,0.0198764246172001,-2.2805873728317114,0.0198764246172001,0.9801235753827998,-4.254845022231719e-05,-5.257726596261265e-05,0.0008914854512841,True,15.57952149718988,0.024820610894496,-2.2189096795500034,0.024820610894496,0.975179389105504,-0.0001630520644023,-0.0002375972895419,0.0014584352625323,True,8.297589345732321,0.0089100205937634,-2.6312897198675578,0.0089100205937634,0.9910899794062366,-0.0004286875340268,-0.0005495069758107,0.0017368031097496,True,119.58281533491775,0.8467768821377476,0.9531825826843012,0.8467768821377476,0.1532231178622524,-0.0010583489201099,-0.0012201461728073,0.0021018029307727,True,0.9801235753827998,0.0198764246172001,-2.2805873728317114,0.975179389105504,0.024820610894496,-2.2189096795500034,0.9910899794062366,0.0089100205937634,-2.6312897198675578,0.1532231178622524,0.8467768821377476,0.9531825826843012,1,0,0,0.0,1,1,1,1,,0,1,0,0,1,0,0,1.0,1.0,0.0,0.0,0.0,,0.9602471507655997,2.2805873728317114,0.9503587782110079,2.2189096795500034,0.9821799588124731,2.6312897198675578,-0.6935537642754952,0.9531825826843012,0.5093585,0.6029765258085331,0.6599066
2025-10-30 15:30:00,2025-10-30 15:45:00,1,574.1,574.2,eod,0.1000000000000227,0.134449,-0.23444899999997726,-7385.143499999283,1.0,2025-10-30,574.2,574.8,573.9,0.0,574.2,574.2,574.2,0.0,2025,0.0,0.0,0.0,0.0,0.0,0.0,0.0,0.0,0.0,0.0,0.0,0.0,0.0,0.0,0.0,1.0,1.0,1.0,0,15,3,10,11.203987409943158,0.0071730348918565,-3.165912371952752,0.0071730348918565,0.9928269651081436,-4.254845022231719e-05,-5.257726596261265e-05,0.0008914854512841,True,4.40212660492006,0.0047998735549412,-3.773938699600643,0.0047998735549412,0.9952001264450588,-0.0001630520644023,-0.0002375972895419,0.0014584352625323,True,1.5195197594586158,0.0012110040790325,-4.5357076818623066,0.0012110040790325,0.9987889959209676,-0.0004286875340268,-0.0005495069758107,0.0017368031097496,True,128.56299035338938,0.2313040393793163,-0.663134870678646,0.2313040393793163,0.7686959606206837,-0.0010583489201099,-0.0012201461728073,0.0021018029307727,True,0.0071730348918565,0.9928269651081436,3.165912371952752,0.0047998735549412,0.9952001264450588,3.773938699600643,0.0012110040790325,0.9987889959209676,4.5357076818623066,0.2313040393793163,0.7686959606206837,0.663134870678646,1,0,0,0.0,1,1,1,1,,0,1,0,0,1,0,0,1.0,1.0,0.0,0.0,0.0,,-0.9856539302162871,3.165912371952752,-0.9904002528901177,3.773938699600643,-0.9975779918419351,4.5357076818623066,-0.5373919212413674,0.663134870678646,0.5022612,0.5558103980923447,0.67635995
2025-10-31 10:35:00,2025-10-31 11:35:00,1,580.05,579.9,pivot,-0.1499999999999772,0.1347985,-0.48479849999997726,-15271.152749999284,1.0,2025-10-31,580.0,580.3,579.45,0.0,579.9,580.3,579.3,0.0,2025,0.0,0.0,0.0,0.0,0.0,0.0,0.0,0.0,0.0,0.0,0.0,0.0,0.0,0.0,0.0,1.0,1.0,1.0,0,10,4,10,25.70181736256412,0.983028272571676,2.269239410515074,0.983028272571676,0.0169717274283238,8.656602622172943e-05,9.952925977237955e-05,0.0011422455825753,True,61.39856758914095,0.0945979945198034,-1.1844224690140623,0.0945979945198034,0.9054020054801966,0.0002891976915988,0.0003007672307795,0.0020821235218687,True,148.59936028453913,0.3187360383413377,-0.3919074153572532,0.3187360383413377,0.6812639616586622,0.00073870333637,0.0008223185861157,0.0029830751898406,True,63.2828290528347,0.1299180580210054,-0.9635234881520892,0.1299180580210054,0.8700819419789946,0.0013703345891353,0.0016630481730815,0.0040631196743511,True,0.983028272571676,0.0169717274283238,-2.269239410515074,0.0945979945198034,0.9054020054801966,1.1844224690140623,0.3187360383413377,0.6812639616586622,0.3919074153572532,0.1299180580210054,0.8700819419789946,0.9635234881520892,1,0,0,0.0,1,1,1,1,,0,1,1,0,1,0,0,1.0,1.0,0.0,0.0,0.0,,0.9660565451433523,2.269239410515074,-0.8108040109603931,1.1844224690140623,-0.36252792331732453,0.3919074153572532,-0.7401638839579892,0.9635234881520892,0.6414743,0.5162853227464829,0.65605867
2025-11-03 11:45:00,2025-11-03 12:25:00,1,594.55,596.05,pivot,1.5,0.135718,1.164282,36674.883,1.0,2025-11-03,595.2,595.25,594.35,0.0,596.25,596.55,595.7,0.0,2025,0.0,0.0,0.0,0.0,0.0,0.0,0.0,0.0,0.0,0.0,0.0,0.0,0.0,0.0,0.0,1.0,1.0,1.0,1,11,0,11,29.08787070572745,0.0225070064251262,-2.074745325978606,0.0225070064251262,0.9774929935748736,8.656602622172943e-05,9.952925977237955e-05,0.0011422455825753,True,181.0137579882792,0.247373702107202,-0.5485912760639017,0.247373702107202,0.7526262978927979,0.0002891976915988,0.0003007672307795,0.0020821235218687,True,171.06550404214863,0.5323137666710565,0.034901665591969,0.5323137666710565,0.4676862333289435,0.00073870333637,0.0008223185861157,0.0029830751898406,True,122.87714297938808,0.486928691694051,-0.0983278203277768,0.486928691694051,0.5130713083059489,0.0013703345891353,0.0016630481730815,0.0040631196743511,True,0.0225070064251262,0.9774929935748736,2.074745325978606,0.247373702107202,0.7526262978927979,0.5485912760639017,0.5323137666710565,0.4676862333289435,-0.034901665591969,0.486928691694051,0.5130713083059489,0.0983278203277768,1,0,0,0.0,1,1,1,1,,0,1,1,0,1,0,0,1.0,1.0,0.0,0.0,0.0,,-0.9549859871497475,2.074745325978606,-0.5052525957855959,0.5485912760639017,0.06462753334211296,0.034901665591969,-0.02614261661189793,0.0983278203277768,0.5559216,0.5217277989712988,0.6172855
2025-11-04 11:10:00,2025-11-04 12:20:00,-1,588.6,588.5,pivot,0.1000000000000227,0.135313,-0.2353129999999773,-7412.359499999285,1.0,2025-11-04,588.4,588.85,587.8,0.0,587.85,589.35,587.65,0.0,2025,0.0,0.0,0.0,0.0,0.0,0.0,0.0,0.0,0.0,0.0,0.0,0.0,0.0,0.0,0.0,1.0,1.0,1.0,0,11,1,11,10.704528812336726,0.0117351609619339,-3.0160602686948583,0.0117351609619339,0.988264839038066,-0.0001280894387702,-0.0001413887039826,0.001162317384223,True,63.720155982353816,0.1023670252274794,-1.1445362895017266,0.1023670252274794,0.8976329747725205,-0.0003551680215623,-0.00047185474017,0.0019601501747865,True,22.290209143060903,0.0705801171885097,-1.425738570631729,0.0705801171885097,0.9294198828114902,-0.0006817539651644,-0.0009219739114109,0.0028014416838522,True,32.77304709687899,0.0729009849421008,-1.3861760824043836,0.0729009849421008,0.9270990150578992,-0.0013902162113,-0.0015412869152956,0.0034099080113533,True,0.988264839038066,0.0117351609619339,-3.0160602686948583,0.8976329747725205,0.1023670252274794,-1.1445362895017266,0.9294198828114902,0.0705801171885097,-1.425738570631729,0.9270990150578992,0.0729009849421008,-1.3861760824043836,1,0,0,0.0,1,1,1,1,,0,1,1,0,1,0,0,1.0,1.0,0.0,0.0,0.0,,0.976529678076132,3.0160602686948583,0.795265949545041,1.1445362895017266,0.8588397656229805,1.425738570631729,0.8541980301157983,1.3861760824043836,0.57763517,0.5243131720154058,0.5733117
2025-11-04 12:20:00,2025-11-04 12:25:00,1,588.5,587.8,pivot,-0.7000000000000455,0.135289,-1.0352890000000454,-32611.60350000143,1.0,2025-11-04,587.85,589.35,587.65,0.0,589.15,589.2,587.0,0.0,2025,0.0,0.0,0.0,0.0,0.0,0.0,0.0,0.0,0.0,0.0,0.0,0.0,0.0,0.0,0.0,1.0,1.0,1.0,0,12,1,11,6.989145209838286,0.9861470864606152,2.609687294774276,0.9861470864606152,0.0138529135393846,-0.0001280894387702,-0.0001413887039826,0.001162317384223,True,0.7792372807528712,0.9991851881134054,3.806197195096468,0.9991851881134054,0.0008148118865946,-0.0003551680215623,-0.00047185474017,0.0019601501747865,True,24.101212133509623,0.9560201305700624,1.5438743696656008,0.9560201305700624,0.0439798694299374,-0.0006817539651644,-0.0009219739114109,0.0028014416838522,True,110.9746301022682,0.7430387069887816,0.6014866721917552,0.7430387069887816,0.2569612930112184,-0.0013902162113,-0.0015412869152956,0.0034099080113533,True,0.9861470864606152,0.0138529135393846,-2.609687294774276,0.9991851881134054,0.0008148118865946,-3.806197195096468,0.9560201305700624,0.0439798694299374,-1.5438743696656008,0.7430387069887816,0.2569612930112184,-0.6014866721917552,1,0,0,0.0,1,1,1,1,,0,1,0,1,1,0,0,1.0,1.0,0.0,0.0,0.0,,0.9722941729212307,2.609687294774276,0.9983703762268108,3.806197195096468,0.912040261140125,1.5438743696656008,0.4860774139775632,0.6014866721917552,0.60408604,0.5199525407742983,0.55405223
2025-11-04 14:35:00,2025-11-04 14:55:00,-1,586.6,582.6,pivot,4.0,0.135076,3.664924,115445.106,1.0,2025-11-04,586.2,586.65,585.9,0.0,583.05,583.1,582.1,0.0,2025,0.0,0.0,0.0,0.0,0.0,0.0,0.0,0.0,0.0,0.0,0.0,0.0,0.0,0.0,0.0,1.0,1.0,1.0,1,14,1,11,433.5871178072928,0.243393134350949,-0.5160198598526401,0.243393134350949,0.756606865649051,-4.254845022231719e-05,-5.257726596261265e-05,0.0008914854512841,True,274.21503598316536,0.3052456517826351,-0.3642303625403158,0.3052456517826351,0.6947543482173648,-0.0001630520644023,-0.0002375972895419,0.0014584352625323,True,171.8334914286244,0.2198263203377217,-0.6668249877496457,0.2198263203377217,0.7801736796622782,-0.0004286875340268,-0.0005495069758107,0.0017368031097496,True,220.55129938589783,0.5826669838398928,0.2553692933658792,0.5826669838398928,0.4173330161601072,-0.0010583489201099,-0.0012201461728073,0.0021018029307727,True,0.756606865649051,0.243393134350949,-0.5160198598526401,0.6947543482173648,0.3052456517826351,-0.3642303625403158,0.7801736796622782,0.2198263203377217,-0.6668249877496457,0.4173330161601072,0.5826669838398928,0.2553692933658792,1,0,0,0.0,1,1,1,1,,0,1,0,1,1,0,0,1.0,1.0,0.0,0.0,0.0,,0.513213731298102,0.5160198598526401,0.38950869643472974,0.3642303625403158,0.5603473593245565,0.6668249877496457,-0.1653339676797856,0.2553692933658792,0.5222029,0.5408191001709759,0.56920195
2025-11-05 10:35:00,2025-11-05 11:05:00,-1,545.4,552.0,pivot,-6.600000000000023,0.132922,-6.932922000000023,-218387.0430000007,1.0,2025-11-05,545.3,548.8,544.85,0.0,555.25,556.05,551.9,0.0,2025,0.0,0.0,0.0,0.0,0.0,0.0,0.0,0.0,0.0,0.0,0.0,0.0,0.0,0.0,0.0,1.0,0.0,0.0,0,10,2,11,4.271222201997804,0.0096542881287335,-3.3289550376537065,0.0096542881287335,0.9903457118712664,-0.0001258559735682,-0.0001307166224756,0.0012203660926264,True,0.7640209230300457,0.0004104949168429,-4.783047658041221,0.0004104949168429,0.999589505083157,-0.0003419033608364,-0.000452893889723,0.0020145749305671,True,0.2697402678768805,0.0,-5.242358060096647,0.0,1.0,-0.0006933825813332,-0.0009029352330539,0.0028873561940492,True,1.605445589054017,0.0080935121216807,-3.571159643999166,0.0080935121216807,0.9919064878783193,-0.0016438637123484,-0.0018418970430139,0.003547362280719,True,0.9903457118712664,0.0096542881287335,-3.3289550376537065,0.999589505083157,0.0004104949168429,-4.783047658041221,1.0,0.0,-5.242358060096647,0.9919064878783193,0.0080935121216807,-3.571159643999166,1,0,0,0.0,1,1,1,1,,0,1,1,0,0,1,0,1.0,1.0,0.0,0.0,0.0,,0.9806914237425329,3.3289550376537065,0.9991790101663142,4.783047658041221,1.0,5.242358060096647,0.9838129757566385,3.571159643999166,0.7483734,0.5048269012389721,0.5694884
2025-11-05 11:45:00,2025-11-05 12:25:00,1,558.35,563.5,pivot,5.149999999999977,0.1336555,4.816344499999978,151714.8517499993,1.0,2025-11-05,558.45,560.0,558.35,0.0,566.7,566.85,563.0,0.0,2025,0.0,0.0,0.0,0.0,0.0,0.0,0.0,0.0,0.0,0.0,0.0,0.0,0.0,0.0,0.0,1.0,2.0,2.0,1,11,2,11,8.161999973664832,0.9920564055988672,3.1255317377366407,0.9920564055988672,0.0079435944011327,-0.0001258559735682,-0.0001307166224756,0.0012203660926264,True,2.790149179122809,0.996096108051722,3.081951923716889,0.996096108051722,0.0039038919482778,-0.0003419033608364,-0.000452893889723,0.0020145749305671,True,19.53430906527313,0.961605030798646,1.7443839732237536,0.961605030798646,0.0383949692013539,-0.0006933825813332,-0.0009029352330539,0.0028873561940492,True,4.3524732140526306e-47,1.0,6.781935031877354,1.0,0.0,-0.0016438637123484,-0.0018418970430139,0.003547362280719,True,0.9920564055988672,0.0079435944011327,-3.1255317377366407,0.996096108051722,0.0039038919482778,-3.081951923716889,0.961605030798646,0.0383949692013539,-1.7443839732237536,1.0,0.0,-6.781935031877354,1,0,0,0.0,1,1,1,1,,0,1,1,0,0,0,0,1.0,1.0,0.0,0.0,0.0,,0.9841128111977345,3.1255317377366407,0.9921922161034442,3.081951923716889,0.9232100615972921,1.7443839732237536,1.0,6.781935031877354,0.6483226,0.546824609232274,0.54144645
2025-11-05 13:00:00,2025-11-05 13:30:00,-1,568.3,565.75,pivot,2.5499999999999545,0.1340215,2.2159784999999546,69803.32274999857,1.0,2025-11-05,566.95,568.35,566.45,0.0,564.4,565.9,563.15,0.0,2025,0.0,0.0,0.0,0.0,0.0,0.0,0.0,0.0,0.0,0.0,0.0,0.0,0.0,0.0,0.0,1.0,1.0,2.0,1,13,2,11,7.723090709666253,0.007715522387001,-3.0608128921472426,0.007715522387001,0.9922844776129988,2.705058649390906e-05,-3.2627343428663427e-06,0.0012071633699704,True,209.46345181831435,0.5755889477906255,0.1633498044775952,0.5755889477906255,0.4244110522093745,-2.534263490182262e-06,-1.0720943372780596e-05,0.0022261512013726,True,12.990519346668766,0.9748103220319502,1.926668456998424,0.9748103220319502,0.0251896779680498,1.206149753322365e-05,-2.410805884289327e-05,0.0029971711875518,True,2.216859502195312,0.9949687512068088,3.14970053970048,0.9949687512068088,0.0050312487931911,0.0001844843669532,6.80536220618445e-05,0.0037820702592405,True,0.9922844776129988,0.007715522387001,-3.0608128921472426,0.4244110522093745,0.5755889477906255,0.1633498044775952,0.0251896779680498,0.9748103220319502,1.926668456998424,0.0050312487931911,0.9949687512068088,3.14970053970048,1,0,0,0.0,1,1,1,1,,0,1,0,1,1,0,0,1.0,1.0,0.0,0.0,0.0,,0.9845689552259977,3.0608128921472426,-0.15117789558125105,0.1633498044775952,-0.9496206440639003,1.926668456998424,-0.9899375024136178,3.14970053970048,0.69050413,0.533899586280216,0.5456751
2025-11-06 10:30:00,2025-11-06 10:35:00,-1,563.65,567.05,pivot,-3.3999999999999773,0.133921,-3.733920999999977,-117618.51149999928,1.0,2025-11-06,567.1,567.9,563.65,0.0,568.05,568.45,566.25,0.0,2025,0.0,0.0,0.0,0.0,0.0,0.0,0.0,0.0,0.0,0.0,0.0,0.0,0.0,0.0,0.0,1.0,1.0,0.0,0,10,3,11,438.17364040637625,0.5660561496496638,0.1493331839349488,0.5660561496496638,0.4339438503503362,2.705058649390906e-05,-3.2627343428663427e-06,0.0012071633699704,True,165.4113963025941,0.2555869830181223,-0.5513777584108341,0.2555869830181223,0.7444130169818777,-2.534263490182262e-06,-1.0720943372780596e-05,0.0022261512013726,True,0.2675953903108295,0.001988925034781,-3.896032642777824,0.001988925034781,0.9980110749652188,1.206149753322365e-05,-2.410805884289327e-05,0.0029971711875518,True,3.737656789837637,0.007494217880175,-2.509876680988487,0.007494217880175,0.992505782119825,0.0001844843669532,6.80536220618445e-05,0.0037820702592405,True,0.4339438503503362,0.5660561496496638,0.1493331839349488,0.7444130169818777,0.2555869830181223,-0.5513777584108341,0.9980110749652188,0.001988925034781,-3.896032642777824,0.992505782119825,0.007494217880175,-2.509876680988487,1,0,0,0.0,1,1,1,1,,0,1,1,0,1,0,0,1.0,1.0,0.0,0.0,0.0,,-0.13211229929932755,0.1493331839349488,0.48882603396375535,0.5513777584108341,0.9960221499304378,3.896032642777824,0.98501156423965,2.509876680988487,0.54915684,0.5137349716281715,0.5483366
2025-11-06 14:55:00,2025-11-06 15:45:00,1,569.3,569.15,eod,-0.1499999999999772,0.1341535,-0.48415349999997725,-15250.835249999283,1.0,2025-11-06,569.9,570.3,569.25,0.0,569.15,569.15,569.15,0.0,2025,0.0,0.0,0.0,0.0,0.0,0.0,0.0,0.0,0.0,0.0,0.0,0.0,0.0,0.0,0.0,1.0,1.0,0.0,0,14,3,11,416.79316169907577,0.3257538279466316,-0.3104653420023813,0.3257538279466316,0.6742461720533683,-6.41596477021555e-05,-6.425505978737193e-05,0.0012055572244639,True,5.563692486090904,0.0080072003086217,-3.1412793467956432,0.0080072003086217,0.9919927996913784,-0.0001585975777171,-0.0001112435266181,0.0021077470695538,True,5.915479017695959,0.0082236197996185,-2.7361893496418555,0.0082236197996185,0.9917763802003816,-0.0003007195150572,-6.252021753657387e-05,0.0025331312001813,True,48.984404309049935,0.0568740035035736,-1.4133697704807993,0.0568740035035736,0.9431259964964264,-0.0004367359673759,-4.801808732055854e-05,0.0028772892486337,True,0.3257538279466316,0.6742461720533683,0.3104653420023813,0.0080072003086217,0.9919927996913784,3.1412793467956432,0.0082236197996185,0.9917763802003816,2.7361893496418555,0.0568740035035736,0.9431259964964264,1.4133697704807993,1,0,0,0.0,1,1,1,1,,0,1,0,1,1,0,0,1.0,1.0,0.0,0.0,0.0,,-0.34849234410673674,0.3104653420023813,-0.9839855993827568,3.1412793467956432,-0.9835527604007631,2.7361893496418555,-0.8862519929928527,1.4133697704807993,0.57573307,0.5005675040268828,0.54649264
2025-11-07 10:35:00,2025-11-07 10:45:00,-1,559.8,562.1,pivot,-2.300000000000068,0.133657,-2.633657000000068,-82960.19550000214,1.0,2025-11-07,561.8,561.8,558.8,0.0,560.75,562.95,560.6,0.0,2025,0.0,0.0,0.0,0.0,0.0,0.0,0.0,0.0,0.0,0.0,0.0,0.0,0.0,0.0,0.0,1.0,1.0,1.0,0,10,4,11,10.538759739706082,0.0137931515755422,-2.928701949468948,0.0137931515755422,0.9862068484244576,-0.0001432238830048,-0.0001706271229666,0.0015212555472565,True,25.97050354182041,0.0630528245132321,-1.4308042945686563,0.0630528245132321,0.936947175486768,-0.0003599092416593,-0.0005340069321894,0.0026117073979882,True,9.417805521586953,0.0328611156586319,-2.085286661452654,0.0328611156586319,0.967138884341368,-0.0006838663349256,-0.0009188197434626,0.003858781563433,True,5.042714148568621,0.0257103243080412,-2.0539522003021067,0.0257103243080412,0.9742896756919588,-0.0015932554715101,-0.0018023090323234,0.0047765385671765,True,0.9862068484244576,0.0137931515755422,-2.928701949468948,0.936947175486768,0.0630528245132321,-1.4308042945686563,0.967138884341368,0.0328611156586319,-2.085286661452654,0.9742896756919588,0.0257103243080412,-2.0539522003021067,1,0,0,0.0,1,1,1,1,,0,1,1,0,1,0,0,1.0,1.0,0.0,0.0,0.0,,0.9724136968489154,2.928701949468948,0.8738943509735358,1.4308042945686563,0.934277768682736,2.085286661452654,0.9485793513839176,2.0539522003021067,0.5466173,0.5400760749300068,0.5343877
2025-11-07 10:45:00,2025-11-07 11:10:00,-1,562.1,559.1,pivot,3.0,0.133636,2.666364,83990.466,1.0,2025-11-07,560.75,562.95,560.6,0.0,557.3,559.6,557.25,0.0,2025,0.0,0.0,0.0,0.0,0.0,0.0,0.0,0.0,0.0,0.0,0.0,0.0,0.0,0.0,0.0,1.0,1.0,0.0,1,10,4,11,10.475991719198957,0.9814073212596256,2.397789834510207,0.9814073212596256,0.0185926787403742,-0.0001432238830048,-0.0001706271229666,0.0015212555472565,True,70.38683850771478,0.1308413863730678,-0.8504716146813294,0.1308413863730678,0.8691586136269323,-0.0003599092416593,-0.0005340069321894,0.0026117073979882,True,123.48519770136056,0.7595089963532701,0.4919416468479807,0.7595089963532701,0.2404910036467299,-0.0006838663349256,-0.0009188197434626,0.003858781563433,True,2.672650570474941,0.0153193557027608,-2.6379801613889406,0.0153193557027608,0.9846806442972392,-0.0015932554715101,-0.0018023090323234,0.0047765385671765,True,0.0185926787403742,0.9814073212596256,2.397789834510207,0.8691586136269323,0.1308413863730678,-0.8504716146813294,0.2404910036467299,0.7595089963532701,0.4919416468479807,0.9846806442972392,0.0153193557027608,-2.6379801613889406,1,0,0,0.0,1,1,1,1,,0,1,1,0,1,0,0,1.0,1.0,0.0,0.0,0.0,,-0.9628146425192514,2.397789834510207,0.7383172272538645,0.8504716146813294,-0.5190179927065401,0.4919416468479807,0.9693612885944785,2.6379801613889406,0.55971265,0.5319803553659632,0.5504588
2025-11-07 13:10:00,2025-11-07 13:30:00,-1,552.3,552.0,pivot,0.2999999999999545,0.133129,-0.03312900000004547,-1043.5635000014322,1.0,2025-11-07,551.7,552.45,551.5,0.0,551.85,552.15,551.1,0.0,2025,0.0,0.0,0.0,0.0,0.0,0.0,0.0,0.0,0.0,0.0,0.0,0.0,0.0,0.0,0.0,1.0,1.0,1.0,0,13,4,11,21.702746417730445,0.0331361351047618,-2.026921752037005,0.0331361351047618,0.966863864895238,-0.0001432238830048,-0.0001706271229666,0.0015212555472565,True,95.71478603274046,0.1721746661976519,-0.6612160755855458,0.1721746661976519,0.827825333802348,-0.0003599092416593,-0.0005340069321894,0.0026117073979882,True,40.13371239290281,0.109427172138468,-0.9090343570468749,0.109427172138468,0.8905728278615319,-0.0006838663349256,-0.0009188197434626,0.003858781563433,True,34.71525869944809,0.0965569217388956,-1.0018281145591952,0.0965569217388956,0.9034430782611044,-0.0015932554715101,-0.0018023090323234,0.0047765385671765,True,0.966863864895238,0.0331361351047618,-2.026921752037005,0.827825333802348,0.1721746661976519,-0.6612160755855458,0.8905728278615319,0.109427172138468,-0.9090343570468749,0.9034430782611044,0.0965569217388956,-1.0018281145591952,1,0,0,0.0,1,1,1,1,,0,1,0,1,1,0,0,1.0,1.0,0.0,0.0,0.0,,0.9337277297904762,2.026921752037005,0.6556506676046961,0.6612160755855458,0.7811456557230639,0.9090343570468749,0.8068861565222087,1.0018281145591952,0.5464663,0.5022304607590039,0.55572873
2025-11-07 14:40:00,2025-11-07 15:05:00,-1,557.75,559.65,pivot,-1.8999999999999773,0.133522,-2.233521999999977,-70355.94299999929,1.0,2025-11-07,558.25,558.5,556.95,0.0,559.85,560.25,559.3,0.0,2025,0.0,0.0,0.0,0.0,0.0,0.0,0.0,0.0,0.0,0.0,0.0,0.0,0.0,0.0,0.0,1.0,1.0,2.0,0,14,4,11,2.9967794793526608,0.9994542836248284,4.804561878996488,0.9994542836248284,0.0005457163751716,-4.254845022231719e-05,-5.257726596261265e-05,0.0008914854512841,True,355.1517151972972,0.6245615775395064,0.286100820340132,0.6245615775395064,0.3754384224604936,-0.0001630520644023,-0.0002375972895419,0.0014584352625323,True,1.9221500647921703,0.9986524244754884,3.3238435368841666,0.9986524244754884,0.0013475755245115,-0.0004286875340268,-0.0005495069758107,0.0017368031097496,True,3.473698271738704e-07,0.9999999999703968,4.700988843420099,0.9999999999703968,2.960331979551256e-11,-0.0010583489201099,-0.0012201461728073,0.0021018029307727,True,0.0005457163751716,0.9994542836248284,4.804561878996488,0.3754384224604936,0.6245615775395064,0.286100820340132,0.0013475755245115,0.9986524244754884,3.3238435368841666,2.960331979551256e-11,0.9999999999703968,4.700988843420099,1,0,0,0.0,1,1,1,1,,0,1,0,1,1,0,0,1.0,1.0,0.0,0.0,0.0,,-0.9989085672496567,4.804561878996488,-0.24912315507901278,0.286100820340132,-0.9973048489509769,3.3238435368841666,-0.9999999999407935,4.700988843420099,0.5558822,0.6080659853479032,0.5511506
2025-11-11 14:35:00,2025-11-11 14:45:00,1,578.1,579.15,pivot,1.0499999999999543,0.1347175,0.7152824999999545,22531.398749998567,1.0,2025-11-11,579.2,579.55,576.95,0.0,581.1,581.4,578.6,0.0,2025,0.0,0.0,0.0,0.0,0.0,0.0,0.0,0.0,0.0,0.0,0.0,0.0,0.0,0.0,0.0,1.0,1.0,0.0,1,14,1,11,2.047849480145441,0.9985577272416286,4.4208360326888245,0.9985577272416286,0.0014422727583713,-4.254845022231719e-05,-5.257726596261265e-05,0.0008914854512841,True,33.67922412024998,0.9720350837442896,1.7021399674432265,0.9720350837442896,0.0279649162557105,-0.0001630520644023,-0.0002375972895419,0.0014584352625323,True,244.31238091243665,0.6943392857466912,0.515051344436382,0.6943392857466912,0.3056607142533087,-0.0004286875340268,-0.0005495069758107,0.0017368031097496,True,45.43392891812695,0.0729728735831441,-1.5484416700360593,0.0729728735831441,0.927027126416856,-0.0010583489201099,-0.0012201461728073,0.0021018029307727,True,0.9985577272416286,0.0014422727583713,-4.4208360326888245,0.9720350837442896,0.0279649162557105,-1.7021399674432265,0.6943392857466912,0.3056607142533087,-0.515051344436382,0.0729728735831441,0.927027126416856,1.5484416700360593,1,0,0,0.0,1,1,1,1,,0,1,0,1,1,0,0,1.0,1.0,0.0,0.0,0.0,,0.9971154544832573,4.4208360326888245,0.9440701674885791,1.7021399674432265,0.38867857149338253,0.515051344436382,-0.854054252833712,1.5484416700360593,0.5245743,0.6325324412174527,0.56747043
2025-11-11 15:10:00,2025-11-11 15:45:00,-1,580.1,581.7,eod,-1.6000000000000227,0.134854,-1.9348540000000227,-60947.90100000072,1.0,2025-11-11,580.25,581.3,579.75,0.0,581.7,581.7,581.7,0.0,2025,0.0,0.0,0.0,0.0,0.0,0.0,0.0,0.0,0.0,0.0,0.0,0.0,0.0,0.0,0.0,1.0,1.0,1.0,0,15,1,11,4.623978743005366,0.9926517705185542,3.060180524208332,0.9926517705185542,0.0073482294814457,-4.254845022231719e-05,-5.257726596261265e-05,0.0008914854512841,True,124.3149596137812,0.1111783336062271,-1.018049520361447,0.1111783336062271,0.8888216663937728,-0.0001630520644023,-0.0002375972895419,0.0014584352625323,True,12.747012258334568,0.991351402529309,2.304893016903922,0.991351402529309,0.008648597470691,-0.0004286875340268,-0.0005495069758107,0.0017368031097496,True,152.04739148932396,0.799415035961424,0.7856108762331248,0.799415035961424,0.2005849640385759,-0.0010583489201099,-0.0012201461728073,0.0021018029307727,True,0.0073482294814457,0.9926517705185542,3.060180524208332,0.8888216663937728,0.1111783336062271,-1.018049520361447,0.008648597470691,0.991351402529309,2.304893016903922,0.2005849640385759,0.799415035961424,0.7856108762331248,1,0,0,0.0,1,1,1,1,,0,1,0,0,1,0,0,1.0,1.0,0.0,0.0,0.0,,-0.9853035410371086,3.060180524208332,0.7776433327875457,1.018049520361447,-0.982702805058618,2.304893016903922,-0.5988300719228481,0.7856108762331248,0.5462283,0.5845753371197048,0.60703623
2025-11-12 12:00:00,2025-11-12 12:30:00,-1,585.9,585.85,pivot,0.0499999999999545,0.1351525,-0.2851525000000455,-8982.303750001432,1.0,2025-11-12,585.45,585.9,584.8,0.0,586.05,586.45,585.45,0.0,2025,0.0,0.0,0.0,0.0,0.0,0.0,0.0,0.0,0.0,0.0,0.0,0.0,0.0,0.0,0.0,1.0,1.0,1.0,0,12,2,11,183.6253607563828,0.8569577154253225,0.7795223374281152,0.8569577154253225,0.1430422845746775,0.0001061956725591,0.0001817807028104,0.0010808505814276,True,11.78829765671603,0.0169642558822975,-1.981233619764988,0.0169642558822975,0.9830357441177024,0.000306587037268,0.0005302386848343,0.0017725736457463,True,3.266922009370438,0.0043527777808477,-2.5534378740955344,0.0043527777808477,0.9956472222191524,0.0005639896223859,0.0009155756882063,0.0021254410018318,True,139.5453283422916,0.1721048454742087,-0.8269791223029986,0.1721048454742087,0.8278951545257912,0.0009995865297066,0.001477205927341,0.0027144141746054,True,0.1430422845746775,0.8569577154253225,0.7795223374281152,0.9830357441177024,0.0169642558822975,-1.981233619764988,0.9956472222191524,0.0043527777808477,-2.5534378740955344,0.8278951545257912,0.1721048454742087,-0.8269791223029986,1,0,0,0.0,1,1,1,1,,0,1,0,1,1,0,0,1.0,1.0,0.0,0.0,0.0,,-0.713915430850645,0.7795223374281152,0.9660714882354049,1.981233619764988,0.9912944444383046,2.5534378740955344,0.6557903090515825,0.8269791223029986,0.5094703,0.6570225792118488,0.6412096
2025-11-14 10:55:00,2025-11-14 11:20:00,1,572.6,572.35,pivot,-0.25,0.1343485,-0.5843484999999999,-18406.97775,1.0,2025-11-14,573.0,573.5,572.4,0.0,571.9,572.65,571.75,0.0,2025,0.0,0.0,0.0,0.0,0.0,0.0,0.0,0.0,0.0,0.0,0.0,0.0,0.0,0.0,0.0,1.0,1.0,1.0,0,10,4,11,41.12190085174179,0.0592634258477871,-1.4377227400886392,0.0592634258477871,0.9407365741522128,-0.0001432238830048,-0.0001706271229666,0.0015212555472565,True,15.484157647042524,0.0310560025173148,-2.03183980950655,0.0310560025173148,0.9689439974826852,-0.0003599092416593,-0.0005340069321894,0.0026117073979882,True,41.58472770248645,0.1121083716849,-0.8922627551423508,0.1121083716849,0.8878916283150999,-0.0006838663349256,-0.0009188197434626,0.003858781563433,True,82.68053579419978,0.2486787936919221,-0.4447208451747045,0.2486787936919221,0.7513212063080779,-0.0015932554715101,-0.0018023090323234,0.0047765385671765,True,0.0592634258477871,0.9407365741522128,1.4377227400886392,0.0310560025173148,0.9689439974826852,2.03183980950655,0.1121083716849,0.8878916283150999,0.8922627551423508,0.2486787936919221,0.7513212063080779,0.4447208451747045,1,0,0,0.0,1,1,1,1,,0,1,1,0,1,0,0,1.0,1.0,0.0,0.0,0.0,,-0.8814731483044257,1.4377227400886392,-0.9378879949653705,2.03183980950655,-0.7757832566302,0.8922627551423508,-0.5026424126161557,0.4447208451747045,0.6319384,0.5338580217576508,0.6215744
2025-11-14 15:10:00,2025-11-14 15:45:00,-1,565.7,563.05,eod,2.650000000000091,0.1338625,2.3161375000000906,72958.33125000286,1.0,2025-11-14,565.35,566.0,565.0,0.0,563.05,563.05,563.05,0.0,2025,0.0,0.0,0.0,0.0,0.0,0.0,0.0,0.0,0.0,0.0,0.0,0.0,0.0,0.0,0.0,1.0,1.0,1.0,1,15,4,11,108.81584029575372,0.0666506265402007,-1.3281907884549005,0.0666506265402007,0.9333493734597992,-4.254845022231719e-05,-5.257726596261265e-05,0.0008914854512841,True,191.00566248486567,0.1744014898445257,-0.7455357867291692,0.1744014898445257,0.8255985101554743,-0.0001630520644023,-0.0002375972895419,0.0014584352625323,True,232.2538984870509,0.738647643313148,0.6218114531051995,0.738647643313148,0.2613523566868519,-0.0004286875340268,-0.0005495069758107,0.0017368031097496,True,112.2695498474305,0.1844728085454104,-0.8471174089470394,0.1844728085454104,0.8155271914545896,-0.0010583489201099,-0.0012201461728073,0.0021018029307727,True,0.9333493734597992,0.0666506265402007,-1.3281907884549005,0.8255985101554743,0.1744014898445257,-0.7455357867291692,0.2613523566868519,0.738647643313148,0.6218114531051995,0.8155271914545896,0.1844728085454104,-0.8471174089470394,1,0,0,0.0,1,1,1,1,,0,1,0,0,1,0,0,1.0,1.0,0.0,0.0,0.0,,0.8666987469195985,1.3281907884549005,0.6511970203109485,0.7455357867291692,-0.4772952866262961,0.6218114531051995,0.6310543829091793,0.8471174089470394,0.51470596,0.6049433583681503,0.5968107
2025-11-18 10:30:00,2025-11-18 11:05:00,-1,566.85,564.4,pivot,2.450000000000045,0.1339375,2.1160625000000453,66655.96875000143,1.0,2025-11-18,566.8,567.55,566.25,0.0,564.95,565.0,563.65,0.0,2025,0.0,0.0,0.0,0.0,0.0,0.0,0.0,0.0,0.0,0.0,0.0,0.0,0.0,0.0,0.0,1.0,1.0,1.0,1,10,1,11,49.52085238510535,0.0665668660763479,-1.3325041677633542,0.0665668660763479,0.933433133923652,-0.0001432238830048,-0.0001706271229666,0.0015212555472565,True,21.866394239984377,0.9679125212683284,1.6899826608363704,0.9679125212683284,0.0320874787316717,-0.0003599092416593,-0.0005340069321894,0.0026117073979882,True,44.17984344458455,0.8983791262149594,0.9460760219390656,0.8983791262149594,0.1016208737850405,-0.0006838663349256,-0.0009188197434626,0.003858781563433,True,64.93791730130555,0.1880361234245721,-0.6152364698128653,0.1880361234245721,0.8119638765754278,-0.0015932554715101,-0.0018023090323234,0.0047765385671765,True,0.933433133923652,0.0665668660763479,-1.3325041677633542,0.0320874787316717,0.9679125212683284,1.6899826608363704,0.1016208737850405,0.8983791262149594,0.9460760219390656,0.8119638765754278,0.1880361234245721,-0.6152364698128653,1,0,0,0.0,1,1,1,1,,0,1,1,0,1,0,0,1.0,1.0,0.0,0.0,0.0,,0.8668662678473041,1.3325041677633542,-0.9358250425366567,1.6899826608363704,-0.7967582524299189,0.9460760219390656,0.6239277531508557,0.6152364698128653,0.6055779,0.5150687452717123,0.5896533
2025-11-18 14:05:00,2025-11-18 14:10:00,1,557.35,558.15,pivot,0.7999999999999545,0.133465,0.4665349999999545,14695.852499998568,1.0,2025-11-18,558.1,558.4,557.0,0.0,558.15,559.4,557.9,0.0,2025,0.0,0.0,0.0,0.0,0.0,0.0,0.0,0.0,0.0,0.0,0.0,0.0,0.0,0.0,0.0,1.0,1.0,1.0,1,14,1,11,213.3592725836562,0.1197014426894209,-0.9457911937296828,0.1197014426894209,0.880298557310579,-4.254845022231719e-05,-5.257726596261265e-05,0.0008914854512841,True,328.9325632478715,0.6859393607663651,0.4087371060784992,0.6859393607663651,0.3140606392336349,-0.0001630520644023,-0.0002375972895419,0.0014584352625323,True,56.37994295150157,0.9497889903450772,1.504344719700525,0.9497889903450772,0.0502110096549228,-0.0004286875340268,-0.0005495069758107,0.0017368031097496,True,40.26180085526,0.0616531184011589,-1.6738676469904838,0.0616531184011589,0.938346881598841,-0.0010583489201099,-0.0012201461728073,0.0021018029307727,True,0.1197014426894209,0.880298557310579,0.9457911937296828,0.6859393607663651,0.3140606392336349,-0.4087371060784992,0.9497889903450772,0.0502110096549228,-1.504344719700525,0.0616531184011589,0.938346881598841,1.6738676469904838,1,0,0,0.0,1,1,1,1,,0,1,0,1,1,0,0,1.0,1.0,0.0,0.0,0.0,,-0.7605971146211581,0.9457911937296828,0.37187872153273016,0.4087371060784992,0.8995779806901545,1.504344719700525,-0.8766937631976821,1.6738676469904838,0.51417834,0.658897653422826,0.5826254
2025-11-18 14:10:00,2025-11-18 14:35:00,1,558.15,558.15,pivot,0.0,0.133489,-0.33348900000000004,-10504.9035,1.0,2025-11-18,558.15,559.4,557.9,0.0,558.3,558.5,557.75,0.0,2025,0.0,0.0,0.0,0.0,0.0,0.0,0.0,0.0,0.0,0.0,0.0,0.0,0.0,0.0,0.0,1.0,1.0,1.0,0,14,1,11,146.98714553738972,0.0872662304141919,-1.1479340786111532,0.0872662304141919,0.912733769585808,-4.254845022231719e-05,-5.257726596261265e-05,0.0008914854512841,True,343.75921209895085,0.6558820327116153,0.3474711785588008,0.6558820327116153,0.3441179672883847,-0.0001630520644023,-0.0002375972895419,0.0014584352625323,True,242.3324064855844,0.4731574048033251,0.0065582395802162,0.4731574048033251,0.5268425951966749,-0.0004286875340268,-0.0005495069758107,0.0017368031097496,True,129.18166715045666,0.2333346953073205,-0.6556620291038218,0.2333346953073205,0.7666653046926795,-0.0010583489201099,-0.0012201461728073,0.0021018029307727,True,0.0872662304141919,0.912733769585808,1.1479340786111532,0.6558820327116153,0.3441179672883847,-0.3474711785588008,0.4731574048033251,0.5268425951966749,-0.0065582395802162,0.2333346953073205,0.7666653046926795,0.6556620291038218,1,0,0,0.0,1,1,1,1,,0,1,0,1,1,0,0,1.0,1.0,0.0,0.0,0.0,,-0.8254675391716161,1.1479340786111532,0.3117640654232306,0.3474711785588008,-0.05368519039334979,0.0065582395802162,-0.5333306093853589,0.6556620291038218,0.5347731,0.5811875917257231,0.58847415
2025-11-18 14:35:00,2025-11-18 15:45:00,-1,558.15,556.55,eod,1.6000000000000227,0.133441,1.2665590000000229,39896.60850000072,1.0,2025-11-18,558.3,558.5,557.75,0.0,556.55,556.55,556.55,0.0,2025,0.0,0.0,0.0,0.0,0.0,0.0,0.0,0.0,0.0,0.0,0.0,0.0,0.0,0.0,0.0,1.0,1.0,1.0,1,14,1,11,52.08729822092384,0.0370385223298074,-1.7504165050347988,0.0370385223298074,0.9629614776701924,-4.254845022231719e-05,-5.257726596261265e-05,0.0008914854512841,True,216.36645172495184,0.2072316697939331,-0.6360534888018382,0.2072316697939331,0.7927683302060669,-0.0001630520644023,-0.0002375972895419,0.0014584352625323,True,232.35583275937825,0.4090932918028674,-0.1481701179489376,0.4090932918028674,0.5909067081971325,-0.0004286875340268,-0.0005495069758107,0.0017368031097496,True,86.70911812508237,0.8947275459115273,1.17829338355747,0.8947275459115273,0.1052724540884727,-0.0010583489201099,-0.0012201461728073,0.0021018029307727,True,0.9629614776701924,0.0370385223298074,-1.7504165050347988,0.7927683302060669,0.2072316697939331,-0.6360534888018382,0.5909067081971325,0.4090932918028674,-0.1481701179489376,0.1052724540884727,0.8947275459115273,1.17829338355747,1,0,0,0.0,1,1,1,1,,0,1,0,1,1,0,0,1.0,1.0,0.0,0.0,0.0,,0.9259229553403849,1.7504165050347988,0.5855366604121337,0.6360534888018382,0.18181341639426513,0.1481701179489376,-0.7894550918230545,1.17829338355747,0.51763546,0.5448805715851054,0.57791483
2025-11-19 10:30:00,2025-11-19 10:35:00,-1,552.95,553.95,pivot,-1.0,0.133207,-1.3332070000000003,-41996.020500000006,1.0,2025-11-19,553.95,554.05,551.55,0.0,554.4,554.8,552.35,0.0,2025,0.0,0.0,0.0,0.0,0.0,0.0,0.0,0.0,0.0,0.0,0.0,0.0,0.0,0.0,0.0,1.0,1.0,1.0,0,10,2,11,147.1060710788363,0.1671892519684634,-0.7054247519410833,0.1671892519684634,0.8328107480315365,-0.0001665398214595,-0.0002012039386249,0.0016324194983921,True,4.532260629160373,0.9934380732144218,2.644833505503452,0.9934380732144218,0.0065619267855782,-0.0004027253998858,-0.0006061217759538,0.0027282513338324,True,8.571249982641088,0.9755354147869792,1.856601130377042,0.9755354147869792,0.0244645852130208,-0.0008051133693821,-0.0010768185511979,0.0039933054292747,True,1.629256249885089,0.9887557532119532,2.8834221113895704,0.9887557532119532,0.0112442467880468,-0.0016790539557081,-0.0019846536518362,0.0049711253078692,True,0.8328107480315365,0.1671892519684634,-0.7054247519410833,0.0065619267855782,0.9934380732144218,2.644833505503452,0.0244645852130208,0.9755354147869792,1.856601130377042,0.0112442467880468,0.9887557532119532,2.8834221113895704,1,0,0,0.0,1,1,1,1,,0,1,1,0,1,0,0,1.0,1.0,0.0,0.0,0.0,,0.6656214960630731,0.7054247519410833,-0.9868761464288436,2.644833505503452,-0.9510708295739585,1.856601130377042,-0.9775115064239064,2.8834221113895704,0.60426366,0.5258814091171321,0.56248736
2025-11-19 12:25:00,2025-11-19 13:20:00,1,555.3,553.55,pivot,-1.75,0.1332655,-2.0832655,-65622.86325,1.0,2025-11-19,554.55,555.4,554.0,0.0,553.75,554.15,553.2,0.0,2025,0.0,0.0,0.0,0.0,0.0,0.0,0.0,0.0,0.0,0.0,0.0,0.0,0.0,0.0,0.0,1.0,1.0,1.0,0,12,2,11,21.864110162391786,0.0319665381516842,-2.08228337746562,0.0319665381516842,0.9680334618483156,-0.0001665398214595,-0.0002012039386249,0.0016324194983921,True,19.38543093190645,0.0390683622861582,-1.8870163336090768,0.0390683622861582,0.9609316377138416,-0.0004027253998858,-0.0006061217759538,0.0027282513338324,True,85.68931359411174,0.2201182172435742,-0.4743981470915307,0.2201182172435742,0.7798817827564257,-0.0008051133693821,-0.0010768185511979,0.0039933054292747,True,107.39540262649408,0.4259182289635308,-0.0718261649087856,0.4259182289635308,0.5740817710364692,-0.0016790539557081,-0.0019846536518362,0.0049711253078692,True,0.0319665381516842,0.9680334618483156,2.08228337746562,0.0390683622861582,0.9609316377138416,1.8870163336090768,0.2201182172435742,0.7798817827564257,0.4743981470915307,0.4259182289635308,0.5740817710364692,0.0718261649087856,1,0,0,0.0,1,1,1,1,,0,1,0,1,1,0,0,1.0,1.0,0.0,0.0,0.0,,-0.9360669236966315,2.08228337746562,-0.9218632754276834,1.8870163336090768,-0.5597635655128516,0.4743981470915307,-0.14816354207293836,0.0718261649087856,0.5872882,0.5402548471544762,0.5628072
2025-11-20 14:20:00,2025-11-20 15:45:00,-1,570.6,566.0,eod,4.600000000000023,0.134098,4.265902000000023,134375.91300000073,1.0,2025-11-20,571.05,571.3,570.45,0.0,566.0,566.0,566.0,0.0,2025,0.0,0.0,0.0,0.0,0.0,0.0,0.0,0.0,0.0,0.0,0.0,0.0,0.0,0.0,0.0,1.0,1.0,1.0,1,14,3,11,23.208509616105115,0.0191499532459891,-2.11687234414597,0.0191499532459891,0.9808500467540108,0.0001035711567834,0.000182225320267,0.0011205395506545,True,5.485110540423626,0.0095014886337429,-2.480726060455041,0.0095014886337429,0.990498511366257,0.0003221109012803,0.0005452596730077,0.0018425325938617,True,8.688678954742098,0.0115128358126883,-2.1230633710273072,0.0115128358126883,0.9884871641873116,0.0005654512645444,0.0009164859010828,0.002245508622053,True,15.219887208712706,0.01804803884278,-1.8291780395166977,0.01804803884278,0.98195196115722,0.0010223359202306,0.0014709796676207,0.002766139715444,True,0.9808500467540108,0.0191499532459891,-2.11687234414597,0.990498511366257,0.0095014886337429,-2.480726060455041,0.9884871641873116,0.0115128358126883,-2.1230633710273072,0.98195196115722,0.01804803884278,-1.8291780395166977,1,0,0,0.0,1,1,1,1,,0,1,0,1,1,0,0,1.0,1.0,0.0,0.0,0.0,,0.9617000935080217,2.11687234414597,0.9809970227325141,2.480726060455041,0.9769743283746234,2.1230633710273072,0.9639039223144401,1.8291780395166977,0.5432006,0.5996678455843534,0.5462845
2025-11-24 12:15:00,2025-11-24 14:05:00,-1,549.45,541.75,pivot,7.700000000000045,0.132736,7.367264000000046,232068.81600000145,1.0,2025-11-24,548.25,549.45,548.15,0.0,543.65,543.75,541.6,0.0,2025,0.0,0.0,0.0,0.0,0.0,0.0,0.0,0.0,0.0,0.0,0.0,0.0,0.0,0.0,0.0,1.0,1.0,1.0,1,12,0,11,13.144935577111246,0.0126796387769969,-2.443942976071145,0.0126796387769969,0.987320361223003,9.8217324794508e-05,0.0001184223060284,0.0014227107437239,True,15.173623354728756,0.0314240833285382,-2.030254936629044,0.0314240833285382,0.9685759166714616,0.0003535542056072,0.0003523225373936,0.0024968846641247,True,57.91561165826449,0.1371553228737408,-0.9563145077714804,0.1371553228737408,0.8628446771262591,0.0008201034399723,0.0008417200701817,0.0035390053424341,True,100.712025808664,0.5764049272103801,0.1244674556464816,0.5764049272103801,0.4235950727896199,0.0015336697484977,0.0016950923799485,0.004664959960791,True,0.987320361223003,0.0126796387769969,-2.443942976071145,0.9685759166714616,0.0314240833285382,-2.030254936629044,0.8628446771262591,0.1371553228737408,-0.9563145077714804,0.4235950727896199,0.5764049272103801,0.1244674556464816,1,0,0,0.0,1,1,1,1,,0,1,0,1,1,0,0,1.0,1.0,0.0,0.0,0.0,,0.9746407224460062,2.443942976071145,0.9371518333429234,2.030254936629044,0.7256893542525183,0.9563145077714804,-0.15280985442076017,0.1244674556464816,0.6107625,0.503973395205229,0.5470682
2025-11-24 14:05:00,2025-11-24 14:20:00,1,541.75,544.45,pivot,2.700000000000045,0.132586,2.367414000000046,74573.54100000144,1.0,2025-11-24,543.65,543.75,541.6,0.0,544.9,545.3,544.35,0.0,2025,0.0,0.0,0.0,0.0,0.0,0.0,0.0,0.0,0.0,0.0,0.0,0.0,0.0,0.0,0.0,1.0,1.0,1.0,1,14,0,11,1.706067266658212,0.000144129369937,-4.9076132291059285,0.000144129369937,0.9998558706300628,-4.254845022231719e-05,-5.257726596261265e-05,0.0008914854512841,True,5.3188819049508576,0.0058269047753648,-3.6298492706673775,0.0058269047753648,0.9941730952246352,-0.0001630520644023,-0.0002375972895419,0.0014584352625323,True,19.433968077956973,0.0195128963131671,-2.179920781534578,0.0195128963131671,0.9804871036868328,-0.0004286875340268,-0.0005495069758107,0.0017368031097496,True,0.0002932640949607,2.9650542472552195e-08,-4.929513354297467,2.9650542472552195e-08,0.9999999703494576,-0.0010583489201099,-0.0012201461728073,0.0021018029307727,True,0.000144129369937,0.9998558706300628,4.9076132291059285,0.0058269047753648,0.9941730952246352,3.6298492706673775,0.0195128963131671,0.9804871036868328,2.179920781534578,2.9650542472552195e-08,0.9999999703494576,4.929513354297467,1,0,0,0.0,1,1,1,1,,0,1,0,1,1,0,0,1.0,1.0,0.0,0.0,0.0,,-0.9997117412601257,4.9076132291059285,-0.9883461904492703,3.6298492706673775,-0.9609742073736657,2.179920781534578,-0.9999999406989152,4.929513354297467,0.50281435,0.5781110236598199,0.56334615
2025-11-25 13:35:00,2025-11-25 13:50:00,1,543.45,543.95,pivot,0.5,0.132622,0.16737799999999997,5272.406999999999,1.0,2025-11-25,544.05,544.25,543.45,0.0,544.7,544.95,543.8,0.0,2025,0.0,0.0,0.0,0.0,0.0,0.0,0.0,0.0,0.0,0.0,0.0,0.0,0.0,0.0,0.0,1.0,1.0,0.0,1,13,1,11,604.3661675981231,0.469729496482206,-0.0443551112283777,0.469729496482206,0.5302705035177939,-4.254845022231719e-05,-5.257726596261265e-05,0.0008914854512841,True,288.7814636503629,0.7459991843918652,0.5420129365980645,0.7459991843918652,0.2540008156081348,-0.0001630520644023,-0.0002375972895419,0.0014584352625323,True,27.761561218741484,0.9777865681263292,1.9098517263655488,0.9777865681263292,0.0222134318736707,-0.0004286875340268,-0.0005495069758107,0.0017368031097496,True,4.281385591214718,0.0037040916168936,-3.5652756258609526,0.0037040916168936,0.9962959083831064,-0.0010583489201099,-0.0012201461728073,0.0021018029307727,True,0.469729496482206,0.5302705035177939,0.0443551112283777,0.7459991843918652,0.2540008156081348,-0.5420129365980645,0.9777865681263292,0.0222134318736707,-1.9098517263655488,0.0037040916168936,0.9962959083831064,3.5652756258609526,1,0,0,0.0,1,1,1,1,,0,1,0,1,1,0,0,1.0,1.0,0.0,0.0,0.0,,-0.0605410070355879,0.0443551112283777,0.4919983687837304,0.5420129365980645,0.9555731362526585,1.9098517263655488,-0.9925918167662129,3.5652756258609526,0.5033707,0.5689496077835335,0.5781926
2025-11-25 13:50:00,2025-11-25 14:35:00,1,543.95,545.25,pivot,1.2999999999999543,0.132676,0.9673239999999544,30470.705999998565,1.0,2025-11-25,544.7,544.95,543.8,0.0,545.2,545.8,545.15,0.0,2025,0.0,0.0,0.0,0.0,0.0,0.0,0.0,0.0,0.0,0.0,0.0,0.0,0.0,0.0,0.0,1.0,1.0,1.0,1,13,1,11,512.1917965619432,0.3127391992375585,-0.3534590393429255,0.3127391992375585,0.6872608007624414,-4.254845022231719e-05,-5.257726596261265e-05,0.0008914854512841,True,47.93864951959392,0.9632186525600864,1.551157003069101,0.9632186525600864,0.0367813474399134,-0.0001630520644023,-0.0002375972895419,0.0014584352625323,True,33.23496612800573,0.9720376621934416,1.8004719300974945,0.9720376621934416,0.0279623378065585,-0.0004286875340268,-0.0005495069758107,0.0017368031097496,True,137.82115982490328,0.2615368148016417,-0.555411938309015,0.2615368148016417,0.7384631851983583,-0.0010583489201099,-0.0012201461728073,0.0021018029307727,True,0.3127391992375585,0.6872608007624414,0.3534590393429255,0.9632186525600864,0.0367813474399134,-1.551157003069101,0.9720376621934416,0.0279623378065585,-1.8004719300974945,0.2615368148016417,0.7384631851983583,0.555411938309015,1,0,0,0.0,1,1,1,1,,0,1,0,1,1,0,0,1.0,1.0,0.0,0.0,0.0,,-0.37452160152488295,0.3534590393429255,0.9264373051201731,1.551157003069101,0.944075324386883,1.8004719300974945,-0.4769263703967166,0.555411938309015,0.5126841,0.5821610522586915,0.5822703
2025-11-25 14:40:00,2025-11-25 15:10:00,-1,545.25,546.0,pivot,-0.75,0.1327375,-1.0827375,-34106.23125,1.0,2025-11-25,545.5,545.75,544.9,0.0,545.5,546.1,545.4,0.0,2025,0.0,0.0,0.0,0.0,0.0,0.0,0.0,0.0,0.0,0.0,0.0,0.0,0.0,0.0,0.0,1.0,1.0,1.0,0,14,1,11,4.395337064972207,0.9925933482396796,3.0459836954368718,0.9925933482396796,0.0074066517603205,-4.254845022231719e-05,-5.257726596261265e-05,0.0008914854512841,True,365.2475177867999,0.5594563617181725,0.1629124690316445,0.5594563617181725,0.4405436382818275,-0.0001630520644023,-0.0002375972895419,0.0014584352625323,True,122.70547391856532,0.8915093662861945,1.10891653390215,0.8915093662861945,0.1084906337138055,-0.0004286875340268,-0.0005495069758107,0.0017368031097496,True,16.949769140109634,0.9859314918048138,2.1537914801962112,0.9859314918048138,0.0140685081951862,-0.0010583489201099,-0.0012201461728073,0.0021018029307727,True,0.0074066517603205,0.9925933482396796,3.0459836954368718,0.4405436382818275,0.5594563617181725,0.1629124690316445,0.1084906337138055,0.8915093662861945,1.10891653390215,0.0140685081951862,0.9859314918048138,2.1537914801962112,1,0,0,0.0,1,1,1,1,,0,1,0,1,1,0,0,1.0,1.0,0.0,0.0,0.0,,-0.9851866964793591,3.0459836954368718,-0.11891272343634496,0.1629124690316445,-0.783018732572389,1.10891653390215,-0.9718629836096275,2.1537914801962112,0.5233877,0.6157060465938807,0.5711311
2025-11-26 10:50:00,2025-11-26 11:15:00,1,555.55,555.5,pivot,-0.0499999999999545,0.1333315,-0.3833314999999545,-12074.942249998567,1.0,2025-11-26,555.7,556.3,555.5,0.0,555.05,555.65,554.95,0.0,2025,0.0,0.0,0.0,0.0,0.0,0.0,0.0,0.0,0.0,0.0,0.0,0.0,0.0,0.0,0.0,1.0,1.0,2.0,0,10,2,11,438.70005370900304,0.6255701638394623,0.151358471554991,0.6255701638394623,0.3744298361605377,9.930389845865924e-05,0.0001854765186907,0.0011532852241792,True,125.31586014978424,0.8307972288039785,0.6602291277670531,0.8307972288039785,0.1692027711960214,0.0003178159276297,0.0005472936298119,0.0018996194138552,True,10.245831978600616,0.9764708827168102,2.420235112623777,0.9764708827168102,0.0235291172831898,0.0005538091349639,0.0009050638451866,0.0022745414778683,True,2.865623611623364,0.994329688961466,3.649742030772774,0.994329688961466,0.0056703110385341,0.0010369233618436,0.0014855388071034,0.0028173218001605,True,0.6255701638394623,0.3744298361605377,-0.151358471554991,0.8307972288039785,0.1692027711960214,-0.6602291277670531,0.9764708827168102,0.0235291172831898,-2.420235112623777,0.994329688961466,0.0056703110385341,-3.649742030772774,1,0,0,0.0,1,1,1,1,,0,1,1,0,1,0,0,1.0,1.0,0.0,0.0,0.0,,0.2511403276789246,0.151358471554991,0.6615944576079571,0.6602291277670531,0.9529417654336203,2.420235112623777,0.9886593779229319,3.649742030772774,0.5713239,0.5536410527594511,0.57227695
2025-11-26 11:15:00,2025-11-26 11:30:00,1,555.5,554.8,pivot,-0.7000000000000455,0.133309,-1.0333090000000456,-32549.233500001432,1.0,2025-11-26,555.05,555.65,554.95,0.0,553.7,554.85,553.45,0.0,2025,0.0,0.0,0.0,0.0,0.0,0.0,0.0,0.0,0.0,0.0,0.0,0.0,0.0,0.0,0.0,1.0,1.0,2.0,0,11,2,11,498.16114036670336,0.540996340064009,-0.0047049107840742,0.540996340064009,0.459003659935991,9.930389845865924e-05,0.0001854765186907,0.0011532852241792,True,264.11489881039586,0.2702600245712316,-0.5249882585333935,0.2702600245712316,0.7297399754287683,0.0003178159276297,0.0005472936298119,0.0018996194138552,True,242.81651921838397,0.3874875469375166,-0.35833274446072,0.3874875469375166,0.6125124530624835,0.0005538091349639,0.0009050638451866,0.0022745414778683,True,21.180885503197462,0.9460569520311718,1.9415287601045292,0.9460569520311718,0.0539430479688282,0.0010369233618436,0.0014855388071034,0.0028173218001605,True,0.540996340064009,0.459003659935991,0.0047049107840742,0.2702600245712316,0.7297399754287683,0.5249882585333935,0.3874875469375166,0.6125124530624835,0.35833274446072,0.9460569520311718,0.0539430479688282,-1.9415287601045292,1,0,0,0.0,1,1,1,1,,0,1,1,0,1,0,0,1.0,1.0,0.0,0.0,0.0,,0.08199268012801797,0.0047049107840742,-0.45947995085753673,0.5249882585333935,-0.2250249061249669,0.35833274446072,0.8921139040623436,1.9415287601045292,0.5731113,0.5498394662663496,0.54372513
2025-12-02 12:55:00,2025-12-02 14:15:00,1,565.35,565.55,pivot,0.1999999999999318,0.133927,-0.1339270000000682,-4218.700500002149,1.0,2025-12-02,565.5,566.05,565.3,0.0,565.55,565.75,565.25,0.0,2025,0.0,0.0,0.0,0.0,0.0,0.0,0.0,0.0,0.0,0.0,0.0,0.0,0.0,0.0,0.0,1.0,1.0,1.0,0,12,1,12,481.1055151212513,0.534923620710813,0.0011923739047028,0.534923620710813,0.465076379289187,0.000105638673607,0.0001756319695124,0.0012450571334415,True,93.01505489050837,0.8659006319241257,0.8318393305434798,0.8659006319241257,0.1340993680758743,0.0003178159276297,0.0005472936298119,0.0018996194138552,True,76.43690385948949,0.0751989682907752,-1.1758440432968778,0.0751989682907752,0.9248010317092248,0.0005538091349639,0.0009050638451866,0.0022745414778683,True,93.78141097264336,0.120237085696778,-0.9984354278427788,0.120237085696778,0.879762914303222,0.0010369233618436,0.0014855388071034,0.0028173218001605,True,0.534923620710813,0.465076379289187,-0.0011923739047028,0.8659006319241257,0.1340993680758743,-0.8318393305434798,0.0751989682907752,0.9248010317092248,1.1758440432968778,0.120237085696778,0.879762914303222,0.9984354278427788,1,0,0,0.0,1,1,1,1,,0,1,0,1,1,0,0,1.0,1.0,0.0,0.0,0.0,,0.06984724142162602,0.0011923739047028,0.7318012638482514,0.8318393305434798,-0.8496020634184496,1.1758440432968778,-0.7595258286064439,0.9984354278427788,0.571134,0.5109218250697034,0.52745163
2025-12-02 14:15:00,2025-12-02 15:45:00,-1,565.55,565.45,eod,0.099999999999909,0.13393,-0.23393000000009095,-7368.795000002865,1.0,2025-12-02,565.55,565.75,565.25,0.0,565.45,565.45,565.45,0.0,2025,0.0,0.0,0.0,0.0,0.0,0.0,0.0,0.0,0.0,0.0,0.0,0.0,0.0,0.0,0.0,1.0,1.0,1.0,0,14,1,12,284.430218521476,0.1883559960603827,-0.6379245130568278,0.1883559960603827,0.8116440039396173,0.000105638673607,0.0001756319695124,0.0012450571334415,True,265.24974850655474,0.272411912107561,-0.5207382342929415,0.272411912107561,0.727588087892439,0.0003178159276297,0.0005472936298119,0.0018996194138552,True,116.6768688175938,0.1181989304067667,-0.9805101077498776,0.1181989304067667,0.8818010695932332,0.0005538091349639,0.0009050638451866,0.0022745414778683,True,105.93876166225851,0.1382648747099916,-0.9349663293110966,0.1382648747099916,0.8617351252900084,0.0010369233618436,0.0014855388071034,0.0028173218001605,True,0.8116440039396173,0.1883559960603827,-0.6379245130568278,0.727588087892439,0.272411912107561,-0.5207382342929415,0.8818010695932332,0.1181989304067667,-0.9805101077498776,0.8617351252900084,0.1382648747099916,-0.9349663293110966,1,0,0,0.0,1,1,1,1,,0,1,0,1,1,0,0,1.0,1.0,0.0,0.0,0.0,,0.6232880078792347,0.6379245130568278,0.455176175784878,0.5207382342929415,0.7636021391864666,0.9805101077498776,0.7234702505800168,0.9349663293110966,0.5422595,0.5653154336780248,0.5465536
2025-12-04 14:45:00,2025-12-04 15:10:00,-1,566.95,568.9,pivot,-1.949999999999932,0.1340755,-2.2840754999999313,-71948.37824999784,1.0,2025-12-04,566.9,567.15,566.5,0.0,569.15,569.2,568.75,0.0,2025,0.0,0.0,0.0,0.0,0.0,0.0,0.0,0.0,0.0,0.0,0.0,0.0,0.0,0.0,0.0,1.0,1.0,1.0,0,14,3,12,408.9094225128351,0.2819647018057318,-0.4242707164701916,0.2819647018057318,0.7180352981942681,0.000105638673607,0.0001756319695124,0.0012450571334415,True,207.67880213476363,0.1882187144383273,-0.7056623034070549,0.1882187144383273,0.8117812855616726,0.0003178159276297,0.0005472936298119,0.0018996194138552,True,218.25646579335051,0.5748565715888544,-0.0101102669897331,0.5748565715888544,0.4251434284111456,0.0005538091349639,0.0009050638451866,0.0022745414778683,True,152.89576438966293,0.2309980469316093,-0.6837277246815553,0.2309980469316093,0.7690019530683907,0.0010369233618436,0.0014855388071034,0.0028173218001605,True,0.7180352981942681,0.2819647018057318,-0.4242707164701916,0.8117812855616726,0.1882187144383273,-0.7056623034070549,0.4251434284111456,0.5748565715888544,-0.0101102669897331,0.7690019530683907,0.2309980469316093,-0.6837277246815553,1,0,0,0.0,1,1,1,1,,0,1,0,1,1,0,0,1.0,1.0,0.0,0.0,0.0,,0.43607059638853635,0.4242707164701916,0.6235625711233453,0.7056623034070549,-0.14971314317770879,0.0101102669897331,0.5380039061367814,0.6837277246815553,0.5399031,0.5417141929233374,0.54216576
2025-12-04 15:10:00,2025-12-04 15:45:00,1,568.9,570.3,eod,1.3999999999999773,0.134176,1.065823999999977,33573.45599999928,1.0,2025-12-04,569.15,569.2,568.75,0.0,570.3,570.3,570.3,0.0,2025,0.0,0.0,0.0,0.0,0.0,0.0,0.0,0.0,0.0,0.0,0.0,0.0,0.0,0.0,0.0,1.0,1.0,1.0,1,15,3,12,481.3220111462575,0.5343744616716765,0.0002786325754181,0.5343744616716765,0.4656255383283235,0.000105638673607,0.0001756319695124,0.0012450571334415,True,69.18594483834705,0.8929664810620546,1.0103251888286156,0.8929664810620546,0.1070335189379454,0.0003178159276297,0.0005472936298119,0.0018996194138552,True,143.2182304685922,0.7346041223797393,0.376392399829946,0.7346041223797393,0.2653958776202607,0.0005538091349639,0.0009050638451866,0.0022745414778683,True,159.0878910388525,0.6277402232756509,0.0978394315605532,0.6277402232756509,0.372259776724349,0.0010369233618436,0.0014855388071034,0.0028173218001605,True,0.5343744616716765,0.4656255383283235,-0.0002786325754181,0.8929664810620546,0.1070335189379454,-1.0103251888286156,0.7346041223797393,0.2653958776202607,-0.376392399829946,0.6277402232756509,0.372259776724349,-0.0978394315605532,1,0,0,0.0,1,1,1,1,,0,1,0,0,1,0,0,1.0,1.0,0.0,0.0,0.0,,0.06874892334335297,0.0002786325754181,0.7859329621241091,1.0103251888286156,0.4692082447594786,0.376392399829946,0.2554804465513019,0.0978394315605532,0.539137,0.5184236771943515,0.5458864
2025-12-08 14:40:00,2025-12-08 15:15:00,-1,585.6,587.7,pivot,-2.1000000000000227,0.135199,-2.435199000000023,-76708.76850000072,1.0,2025-12-08,585.8,585.9,585.45,0.0,588.6,588.7,587.6,0.0,2025,0.0,0.0,0.0,0.0,0.0,0.0,0.0,0.0,0.0,0.0,0.0,0.0,0.0,0.0,0.0,1.0,1.0,1.0,0,14,0,12,153.63525254678473,0.105545009142866,-0.9683812915350656,0.105545009142866,0.894454990857134,0.0001092847416146,0.0001812493308908,0.0012443991438012,True,268.31026562318704,0.5642020917218051,0.0240775533231835,0.5642020917218051,0.4357979082781948,0.0003648882113067,0.0005487736812512,0.0020321603367108,True,207.099320016886,0.3216132340214137,-0.4871050551773321,0.3216132340214137,0.6783867659785863,0.0006577797288842,0.000996022451811,0.0023952311019351,True,98.32367169919236,0.1399205484646898,-0.9602922129638346,0.1399205484646898,0.8600794515353102,0.0012110733289412,0.0016884164004864,0.0030019528859848,True,0.894454990857134,0.105545009142866,-0.9683812915350656,0.4357979082781948,0.5642020917218051,0.0240775533231835,0.6783867659785863,0.3216132340214137,-0.4871050551773321,0.8600794515353102,0.1399205484646898,-0.9602922129638346,1,0,0,0.0,1,1,1,1,,0,1,0,1,1,0,0,1.0,1.0,0.0,0.0,0.0,,0.788909981714268,0.9683812915350656,-0.12840418344361032,0.0240775533231835,0.3567735319571726,0.4871050551773321,0.7201589030706204,0.9602922129638346,0.51996183,0.5681941985025988,0.52884614
2025-12-09 15:30:00,2025-12-09 15:45:00,-1,585.3,585.1,eod,0.1999999999999318,0.135112,-0.1351120000000682,-4256.0280000021485,1.0,2025-12-09,585.25,585.6,585.15,0.0,585.1,585.1,585.1,0.0,2025,0.0,0.0,0.0,0.0,0.0,0.0,0.0,0.0,0.0,0.0,0.0,0.0,0.0,0.0,0.0,1.0,1.0,1.0,0,15,1,12,349.3847646422512,0.6991656759061678,0.3270807146513517,0.6991656759061678,0.3008343240938321,0.0001151837206511,0.0001773631102348,0.001285282320202,True,108.79030416635877,0.1115467653047369,-0.9056445102937852,0.1115467653047369,0.888453234695263,0.0003976183651429,0.0005413465132401,0.0021049114629042,True,85.65585271133266,0.0886053870657943,-1.1407529660524618,0.0886053870657943,0.9113946129342057,0.0007086234626078,0.0010371323268326,0.0024045829768055,True,160.16368603712826,0.3850813415328152,-0.3913250679465843,0.3850813415328152,0.6149186584671849,0.0013158377803505,0.0017915513708104,0.0030506535321631,True,0.3008343240938321,0.6991656759061678,0.3270807146513517,0.888453234695263,0.1115467653047369,-0.9056445102937852,0.9113946129342057,0.0886053870657943,-1.1407529660524618,0.6149186584671849,0.3850813415328152,-0.3913250679465843,1,0,0,0.0,1,1,1,1,,0,1,0,0,1,0,0,1.0,1.0,0.0,0.0,0.0,,-0.39833135181233575,0.3270807146513517,0.7769064693905261,0.9056445102937852,0.8227892258684113,1.1407529660524618,0.22983731693436965,0.3913250679465843,0.5174618,0.5026806524636447,0.50802374
2025-12-16 13:00:00,2025-12-16 13:10:00,1,566.2,563.85,pivot,-2.3500000000000227,0.1339015,-2.6839015000000224,-84542.89725000071,1.0,2025-12-16,564.85,566.4,564.85,0.0,564.85,565.35,563.85,0.0,2025,0.0,0.0,0.0,0.0,0.0,0.0,0.0,0.0,0.0,0.0,0.0,0.0,0.0,0.0,0.0,1.0,1.0,1.0,0,13,1,12,21.38581491424944,0.9612087260637896,1.881957550817016,0.9612087260637896,0.0387912739362102,-0.0001943214552843,-0.0001946081326463,0.0017459483615306,True,9.023934621521398,0.9788622601761692,2.051373000617078,0.9788622601761692,0.0211377398238308,-0.0005432271713406,-0.0006548937554848,0.002991784852513,True,33.579292053890846,0.9171855241055702,1.1788584337433925,0.9171855241055702,0.0828144758944298,-0.0009645278993038,-0.0011611211286525,0.00428273534197,True,35.24455773032707,0.8936061714960902,1.023731745051501,0.8936061714960902,0.1063938285039097,-0.0018762533031869,-0.0021493472704805,0.0054647403669127,True,0.9612087260637896,0.0387912739362102,-1.881957550817016,0.9788622601761692,0.0211377398238308,-2.051373000617078,0.9171855241055702,0.0828144758944298,-1.1788584337433925,0.8936061714960902,0.1063938285039097,-1.023731745051501,1,0,0,0.0,1,1,1,1,,0,1,0,1,1,0,0,1.0,1.0,0.0,0.0,0.0,,0.9224174521275794,1.881957550817016,0.9577245203523383,2.051373000617078,0.8343710482111404,1.1788584337433925,0.7872123429921806,1.023731745051501,0.5362415,0.5131545558513216,0.50457454
2025-12-18 15:20:00,2025-12-18 15:30:00,-1,567.0,566.55,pivot,0.4500000000000455,0.1340065,0.11599350000004542,3653.7952500014308,1.0,2025-12-18,566.85,567.0,566.65,0.0,566.4,566.7,566.1,0.0,2025,0.0,0.0,0.0,0.0,0.0,0.0,0.0,0.0,0.0,0.0,0.0,0.0,0.0,0.0,0.0,1.0,1.0,1.0,1,15,3,12,15.957584090025064,0.0175176484052847,-2.032476506119202,0.0175176484052847,0.9824823515947152,0.0001293428019155,0.0001901717688587,0.0013063761039142,True,38.783411168258816,0.0513452350977012,-1.333105656489732,0.0513452350977012,0.9486547649022988,0.000424487108234,0.000567443650861,0.0021428009458481,True,37.32366395611377,0.0401754262151148,-1.4839795818978827,0.0401754262151148,0.9598245737848852,0.0007618876027424,0.0011037521168399,0.0024641058504095,True,123.24920903364747,0.1996954166573782,-0.8126249746265929,0.1996954166573782,0.8003045833426218,0.0014129614106187,0.0018846728889915,0.0030782889931208,True,0.9824823515947152,0.0175176484052847,-2.032476506119202,0.9486547649022988,0.0513452350977012,-1.333105656489732,0.9598245737848852,0.0401754262151148,-1.4839795818978827,0.8003045833426218,0.1996954166573782,-0.8126249746265929,1,0,0,0.0,1,1,1,1,,0,1,0,0,1,0,0,1.0,1.0,0.0,0.0,0.0,,0.9649647031894305,2.032476506119202,0.8973095298045977,1.333105656489732,0.9196491475697703,1.4839795818978827,0.6006091666852436,0.8126249746265929,0.5303563,0.5439814898829085,0.5275754
2025-12-18 15:30:00,2025-12-18 15:45:00,-1,566.55,566.15,eod,0.3999999999999772,0.133981,0.06601899999997725,2079.5984999992834,1.0,2025-12-18,566.4,566.7,566.1,0.0,566.15,566.15,566.15,0.0,2025,0.0,0.0,0.0,0.0,0.0,0.0,0.0,0.0,0.0,0.0,0.0,0.0,0.0,0.0,0.0,1.0,1.0,1.0,1,15,3,12,406.3561719266524,0.3271090743035604,-0.3481057496692978,0.3271090743035604,0.6728909256964396,0.0001293428019155,0.0001901717688587,0.0013063761039142,True,15.77711099872256,0.0286588010523888,-1.7443784617275142,0.0286588010523888,0.9713411989476112,0.000424487108234,0.000567443650861,0.0021428009458481,True,33.76505765725184,0.036939988151694,-1.520413494139901,0.036939988151694,0.963060011848306,0.0007618876027424,0.0011037521168399,0.0024641058504095,True,102.07919273282738,0.1495351306303495,-0.955918751978058,0.1495351306303495,0.8504648693696505,0.0014129614106187,0.0018846728889915,0.0030782889931208,True,0.6728909256964396,0.3271090743035604,-0.3481057496692978,0.9713411989476112,0.0286588010523888,-1.7443784617275142,0.963060011848306,0.036939988151694,-1.520413494139901,0.8504648693696505,0.1495351306303495,-0.955918751978058,1,0,0,0.0,1,1,1,1,,0,1,0,0,1,0,0,1.0,1.0,0.0,0.0,0.0,,0.3457818513928792,0.3481057496692978,0.9426823978952223,1.7443784617275142,0.9261200236966121,1.520413494139901,0.700929738739301,0.955918751978058,0.55515754,0.543584612559646,0.51973855
2025-12-19 15:05:00,2025-12-19 15:45:00,-1,569.8,571.0,eod,-1.2000000000000457,0.134224,-1.5342240000000456,-48328.05600000144,1.0,2025-12-19,570.2,570.45,569.65,0.0,571.0,571.0,571.0,0.0,2025,0.0,0.0,0.0,0.0,0.0,0.0,0.0,0.0,0.0,0.0,0.0,0.0,0.0,0.0,0.0,1.0,1.0,1.0,0,15,4,12,200.60745644467005,0.1386850685952025,-0.8159252518300811,0.1386850685952025,0.8613149314047974,0.0001293428019155,0.0001901717688587,0.0013063761039142,True,29.87742240614408,0.0427507060425212,-1.449019741165611,0.0427507060425212,0.9572492939574788,0.000424487108234,0.000567443650861,0.0021428009458481,True,13.590619373307554,0.018124877465521,-1.867652711925626,0.018124877465521,0.981875122534479,0.0007618876027424,0.0011037521168399,0.0024641058504095,True,130.4907458756377,0.2225092900794991,-0.7545215862372505,0.2225092900794991,0.7774907099205008,0.0014129614106187,0.0018846728889915,0.0030782889931208,True,0.8613149314047974,0.1386850685952025,-0.8159252518300811,0.9572492939574788,0.0427507060425212,-1.449019741165611,0.981875122534479,0.018124877465521,-1.867652711925626,0.7774907099205008,0.2225092900794991,-0.7545215862372505,1,0,0,0.0,1,1,1,1,,0,1,0,0,1,0,0,1.0,1.0,0.0,0.0,0.0,,0.722629862809595,0.8159252518300811,0.9144985879149576,1.449019741165611,0.9637502450689579,1.867652711925626,0.5549814198410017,0.7545215862372505,0.51403177,0.5587729174468646,0.52617395
2025-12-26 13:00:00,2025-12-26 13:20:00,-1,590.35,589.8,pivot,0.5500000000000682,0.1354045,0.21459550000006816,6759.758250002147,1.0,2025-12-26,590.0,590.6,589.95,0.0,589.8,589.9,589.5,0.0,2025,0.0,0.0,0.0,0.0,0.0,0.0,0.0,0.0,0.0,0.0,0.0,0.0,0.0,0.0,0.0,1.0,1.0,1.0,1,13,4,12,258.0767263704069,0.2771378259873059,-0.5069237907441053,0.2771378259873059,0.722862174012694,8.803888193127072e-05,0.0001143754660486,0.0015610018658255,True,68.4546954164866,0.1266973466845011,-0.9955471058462072,0.1266973466845011,0.8733026533154988,0.0003118405058955,0.0002951673006712,0.0026743410829857,True,70.41314458465058,0.1665032000050228,-0.835482632111837,0.1665032000050228,0.8334967999949772,0.0007448668374531,0.0007062634178524,0.0036787463009546,True,40.127226169925365,0.1098354357826149,-1.131136273973445,0.1098354357826149,0.8901645642173851,0.0015741323549512,0.0017965005940638,0.0048747238693236,True,0.722862174012694,0.2771378259873059,-0.5069237907441053,0.8733026533154988,0.1266973466845011,-0.9955471058462072,0.8334967999949772,0.1665032000050228,-0.835482632111837,0.8901645642173851,0.1098354357826149,-1.131136273973445,1,0,0,0.0,1,1,1,1,,0,1,0,1,1,0,0,1.0,1.0,0.0,0.0,0.0,,0.44572434802538813,0.5069237907441053,0.7466053066309977,0.9955471058462072,0.6669935999899543,0.835482632111837,0.7803291284347702,1.131136273973445,0.5110335,0.5012803186562652,0.5363111
2025-12-29 08:45:00,2025-12-29 10:40:00,1,595.6,603.45,pivot,7.850000000000023,0.1359715,7.514028500000022,236691.8977500007,1.0,2025-12-29,594.95,596.25,594.55,0.0,603.6,604.2,603.45,0.0,2025,0.0,0.0,0.0,0.0,0.0,0.0,0.0,0.0,0.0,0.0,0.0,0.0,0.0,0.0,0.0,2.0,1.0,1.0,1,8,0,12,149.36238946751604,0.1157074644898056,-0.877563105337961,0.1157074644898056,0.8842925355101944,-9.720741197139728e-05,-0.0001047531610668,0.0013283758160565,True,274.1141483549369,0.5759928934290692,0.1548497580496731,0.5759928934290692,0.4240071065709307,-0.0002754258755745,-0.0003464642633736,0.0022374220517833,True,65.67476414820219,0.9017412266086008,1.0596392133395716,0.9017412266086008,0.0982587733913993,-0.0005708138167634,-0.0006840923810567,0.0026472820724786,True,182.36550240055848,0.5606161729899212,0.1809121930629412,0.5606161729899212,0.4393838270100788,-0.0010939055223354,-0.0012802249615526,0.0028618260187592,True,0.1157074644898056,0.8842925355101944,0.877563105337961,0.5759928934290692,0.4240071065709307,-0.1548497580496731,0.9017412266086008,0.0982587733913993,-1.0596392133395716,0.5606161729899212,0.4393838270100788,-0.1809121930629412,1,0,0,0.0,1,1,1,1,,0,1,0,0,1,0,0,1.0,1.0,0.0,0.0,0.0,,-0.7685850710203888,0.877563105337961,0.15198578685813852,0.1548497580496731,0.8034824532172015,1.0596392133395716,0.12123234597984239,0.1809121930629412,0.5214995,0.509797883688293,0.55959636
2026-01-05 13:55:00,2026-01-05 15:00:00,1,648.45,647.5,pivot,-0.9500000000000456,0.1388785,-1.2888785000000456,-40599.67275000144,1.0,2026-01-05,648.25,648.7,648.0,0.0,647.85,648.15,647.25,0.0,2026,0.0,0.0,0.0,0.0,0.0,0.0,0.0,0.0,0.0,0.0,0.0,0.0,0.0,0.0,0.0,1.0,1.0,1.0,0,13,0,1,341.03543837824594,0.7020816608329764,0.3550297947035686,0.7020816608329764,0.2979183391670236,0.0001186918451998,0.0001767272679425,0.0012407665006797,True,183.03069834391624,0.719137608616494,0.4001099054791567,0.719137608616494,0.280862391383506,0.0004223448566006,0.0005560532735494,0.0020825893814605,True,174.60539291003244,0.5458283613863325,-0.0311665206175452,0.5458283613863325,0.4541716386136675,0.0008237069862056,0.0011587365605141,0.0025130431560683,True,59.843999736888335,0.8215566362923518,0.8692346981032304,0.8215566362923518,0.1784433637076482,0.0014682080022301,0.0019137198478929,0.0032239374773489,True,0.7020816608329764,0.2979183391670236,-0.3550297947035686,0.719137608616494,0.280862391383506,-0.4001099054791567,0.5458283613863325,0.4541716386136675,0.0311665206175452,0.8215566362923518,0.1784433637076482,-0.8692346981032304,1,0,0,0.0,1,1,1,1,,0,1,0,1,1,0,0,1.0,1.0,0.0,0.0,0.0,,0.4041633216659528,0.3550297947035686,0.438275217232988,0.4001099054791567,0.09165672277266501,0.0311665206175452,0.6431132725847035,0.8692346981032304,0.55594707,0.5022305785579938,0.5697913
2026-01-05 15:00:00,2026-01-05 15:25:00,-1,647.5,648.75,pivot,-1.25,0.1388875,-1.5888875,-50049.95625,1.0,2026-01-05,647.85,648.15,647.25,0.0,649.0,649.3,648.55,0.0,2026,0.0,0.0,0.0,0.0,0.0,0.0,0.0,0.0,0.0,0.0,0.0,0.0,0.0,0.0,0.0,1.0,1.0,1.0,0,15,0,1,148.43678609064068,0.0988926801525877,-1.0133315160075456,0.0988926801525877,0.9011073198474122,0.0001186918451998,0.0001767272679425,0.0012407665006797,True,189.8307470031069,0.2086843126117676,-0.6376752191027111,0.2086843126117676,0.7913156873882324,0.0004223448566006,0.0005560532735494,0.0020825893814605,True,107.6709808165147,0.1205057782214967,-1.0445327613444908,0.1205057782214967,0.8794942217785033,0.0008237069862056,0.0011587365605141,0.0025130431560683,True,81.67395462169425,0.1259292316247263,-1.072306500694635,0.1259292316247263,0.8740707683752736,0.0014682080022301,0.0019137198478929,0.0032239374773489,True,0.9011073198474122,0.0988926801525877,-1.0133315160075456,0.7913156873882324,0.2086843126117676,-0.6376752191027111,0.8794942217785033,0.1205057782214967,-1.0445327613444908,0.8740707683752736,0.1259292316247263,-1.072306500694635,1,0,0,0.0,1,1,1,1,,0,1,0,0,1,0,0,1.0,1.0,0.0,0.0,0.0,,0.8022146396948245,1.0133315160075456,0.5826313747764649,0.6376752191027111,0.7589884435570067,1.0445327613444908,0.7481415367505473,1.072306500694635,0.5257962,0.5456577707228631,0.55772626
2026-01-06 10:35:00,2026-01-06 11:20:00,1,646.65,645.85,pivot,-0.7999999999999545,0.138775,-1.1387749999999544,-35871.412499998565,1.0,2026-01-06,646.7,646.8,645.8,0.0,645.75,645.95,645.4,0.0,2026,0.0,0.0,0.0,0.0,0.0,0.0,0.0,0.0,0.0,0.0,0.0,0.0,0.0,0.0,0.0,1.0,1.0,1.0,0,10,1,1,395.055322592303,0.4941209696310731,0.0087082199200212,0.4941209696310731,0.5058790303689269,-6.263283656314077e-05,-8.987201501526417e-05,0.0014271203768327,True,6.3066615522209934,0.985779088012682,2.5493488610713686,0.985779088012682,0.0142209119873181,-0.0002659359857852,-0.0002829805613996,0.0027017752950392,True,5.947538880150793,0.9833553924533522,2.2183261933229232,0.9833553924533522,0.0166446075466477,-0.000524702027848,-0.0005372333866027,0.0035711295256547,True,30.32270502239541,0.9267086578689592,1.3017642680253,0.9267086578689592,0.0732913421310408,-0.0006916505498171,-0.0006098421736335,0.0046443925969339,True,0.4941209696310731,0.5058790303689269,-0.0087082199200212,0.985779088012682,0.0142209119873181,-2.5493488610713686,0.9833553924533522,0.0166446075466477,-2.2183261933229232,0.9267086578689592,0.0732913421310408,-1.3017642680253,1,0,0,0.0,1,1,1,1,,0,1,1,0,1,0,0,1.0,1.0,0.0,0.0,0.0,,-0.011758060737853793,0.0087082199200212,0.9715581760253639,2.5493488610713686,0.9667107849067046,2.2183261933229232,0.8534173157379183,1.3017642680253,0.5394015,0.514269980320875,0.53881776
2026-01-06 13:40:00,2026-01-06 14:35:00,1,654.95,657.65,pivot,2.699999999999932,0.139378,2.360621999999932,74359.59299999785,1.0,2026-01-06,656.55,656.7,654.1,0.0,657.85,658.0,656.5,0.0,2026,0.0,0.0,0.0,0.0,0.0,0.0,0.0,0.0,0.0,0.0,0.0,0.0,0.0,0.0,0.0,1.0,1.0,1.0,1,13,1,1,32.60557571813148,0.974581665738269,2.086295437488867,0.974581665738269,0.025418334261731,8.565490026556636e-05,0.0001469410371177,0.0013968336891549,True,6.745830222545087,0.9907998157880482,2.5598356056667257,0.9907998157880482,0.0092001842119517,0.0003701364283367,0.0003853705451415,0.0024250475047804,True,17.73004136176693,0.9650208533784737,1.841850171361924,0.9650208533784737,0.0349791466215263,0.0007718683126989,0.0008020542626715,0.0033947651195727,True,18.477213705322946,0.944842383720454,1.6932771245675229,0.944842383720454,0.055157616279546,0.0013976379632317,0.0015695027413416,0.0043766433126191,True,0.974581665738269,0.025418334261731,-2.086295437488867,0.9907998157880482,0.0092001842119517,-2.5598356056667257,0.9650208533784737,0.0349791466215263,-1.841850171361924,0.944842383720454,0.055157616279546,-1.6932771245675229,1,0,0,0.0,1,1,1,1,,0,1,0,1,1,0,0,1.0,1.0,0.0,0.0,0.0,,0.949163331476538,2.086295437488867,0.9815996315760965,2.5598356056667257,0.9300417067569473,1.841850171361924,0.8896847674409081,1.6932771245675229,0.55525124,0.536151922970718,0.5476775
2026-01-07 12:45:00,2026-01-07 12:50:00,-1,668.25,666.1,pivot,2.1499999999999773,0.1400305,1.8099694999999774,57014.03924999929,1.0,2026-01-07,666.1,668.6,666.1,0.0,664.95,666.7,664.85,0.0,2026,0.0,0.0,0.0,0.0,0.0,0.0,0.0,0.0,0.0,0.0,0.0,0.0,0.0,0.0,0.0,1.0,1.0,1.0,1,12,2,1,16.4992112994436,0.0204438437998859,-2.2460611538985664,0.0204438437998859,0.979556156200114,8.565490026556636e-05,0.0001469410371177,0.0013968336891549,True,7.20419568102388,0.0194789189037195,-2.40663164382014,0.0194789189037195,0.9805210810962804,0.0003701364283367,0.0003853705451415,0.0024250475047804,True,11.764723343612156,0.0396563848664503,-1.7322205510507167,0.0396563848664503,0.9603436151335496,0.0007718683126989,0.0008020542626715,0.0033947651195727,True,55.582712114375056,0.1377684959720667,-1.0077645886917534,0.1377684959720667,0.8622315040279332,0.0013976379632317,0.0015695027413416,0.0043766433126191,True,0.979556156200114,0.0204438437998859,-2.2460611538985664,0.9805210810962804,0.0194789189037195,-2.40663164382014,0.9603436151335496,0.0396563848664503,-1.7322205510507167,0.8622315040279332,0.1377684959720667,-1.0077645886917534,1,0,0,0.0,1,1,1,1,,0,1,0,1,1,0,0,1.0,1.0,0.0,0.0,0.0,,0.9591123124002281,2.2460611538985664,0.9610421621925609,2.40663164382014,0.9206872302670993,1.7322205510507167,0.7244630080558665,1.0077645886917534,0.57800925,0.54612610190302,0.5300256
2026-01-07 13:15:00,2026-01-07 13:50:00,1,659.0,659.85,pivot,0.8500000000000227,0.1395655,0.5104345000000229,16078.686750000721,1.0,2026-01-07,657.5,659.4,657.45,0.0,659.6,661.05,659.6,0.0,2026,0.0,0.0,0.0,0.0,0.0,0.0,0.0,0.0,0.0,0.0,0.0,0.0,0.0,0.0,0.0,1.0,0.0,0.0,1,13,2,1,32.375179172330945,0.0336342459925014,-1.850087830065968,0.0336342459925014,0.9663657540074984,-6.263283656314077e-05,-8.987201501526417e-05,0.0014271203768327,True,2.393030920184578,0.0062742404328366,-3.559222690565365,0.0062742404328366,0.9937257595671634,-0.0002659359857852,-0.0002829805613996,0.0027017752950392,True,2.2697979324513877,0.0032332740699313,-3.819196324891254,0.0032332740699313,0.9967667259300688,-0.000524702027848,-0.0005372333866027,0.0035711295256547,True,0.1177296340309811,0.0007354184741326,-4.014446071766479,0.0007354184741326,0.9992645815258674,-0.0006916505498171,-0.0006098421736335,0.0046443925969339,True,0.0336342459925014,0.9663657540074984,1.850087830065968,0.0062742404328366,0.9937257595671634,3.559222690565365,0.0032332740699313,0.9967667259300688,3.819196324891254,0.0007354184741326,0.9992645815258674,4.014446071766479,1,0,0,0.0,1,1,1,1,,0,1,0,1,0,1,0,1.0,1.0,0.0,0.0,0.0,,-0.9327315080149969,1.850087830065968,-0.9874515191343267,3.559222690565365,-0.9935334518601374,3.819196324891254,-0.9985291630517348,4.014446071766479,0.73519146,0.502615912857673,0.5184871
2026-02-06 11:35:00,2026-02-06 12:15:00,1,749.8,743.65,pivot,-6.149999999999977,0.1448035,-6.4948034999999775,-204586.31024999928,1.0,2026-02-06,751.45,751.8,749.7,0.0,743.55,745.4,743.1,0.0,2026,0.0,0.0,0.0,0.0,0.0,0.0,0.0,0.0,0.0,0.0,0.0,0.0,0.0,0.0,0.0,1.0,2.0,2.0,0,11,4,2,10.19624687078328,0.9851569692484892,2.389012523289652,0.9851569692484892,0.0148430307515108,-0.0001206995322666,-0.0001404071599854,0.0015141302522753,True,56.87714320117209,0.8891672155132347,1.0854683149325826,0.8891672155132347,0.1108327844867652,-0.000384819943852,-0.0003437031380768,0.0028412361304271,True,1.8430082771988103,0.9973534863317914,3.304416386366757,0.9973534863317914,0.0026465136682085,-0.0007315767184166,-0.000643570241979,0.0038730908021826,True,1.6187297748435173e-05,1.0,5.57531531557486,1.0,0.0,-0.0012694843129628,-0.0009432001207483,0.0052322224993356,True,0.9851569692484892,0.0148430307515108,-2.389012523289652,0.8891672155132347,0.1108327844867652,-1.0854683149325826,0.9973534863317914,0.0026465136682085,-3.304416386366757,1.0,0.0,-5.57531531557486,1,0,0,0.0,1,1,1,1,,0,1,1,0,0,0,0,1.0,1.0,0.0,0.0,0.0,,0.9703139384969783,2.389012523289652,0.7783344310264695,1.0854683149325826,0.994706972663583,3.304416386366757,1.0,5.57531531557486,0.59726095,0.5346618760457336,0.5200212
2026-02-10 10:30:00,2026-02-10 11:15:00,-1,783.3,786.25,pivot,-2.950000000000045,0.1470865,-3.2970865000000456,-103858.22475000143,1.0,2026-02-10,780.65,783.35,780.45,0.0,785.7,786.5,784.8,0.0,2026,0.0,0.0,0.0,0.0,0.0,0.0,0.0,0.0,0.0,0.0,0.0,0.0,0.0,0.0,0.0,1.0,1.0,1.0,0,10,1,2,66.44721642784538,0.0526908069901633,-1.370231895627951,0.0526908069901633,0.9473091930098366,8.320116467645673e-05,0.0001251663864782,0.0012509801770388,True,36.11269667190025,0.0534541239608978,-1.4308873914897011,0.0534541239608978,0.946545876039102,0.000299833222525,0.0003903870889543,0.0020487447792306,True,62.09930786787771,0.0759348321698286,-1.2966165252440285,0.0759348321698286,0.9240651678301712,0.0007394164887031,0.0009204981339813,0.002376088129266,True,112.1845285675053,0.262020883277,-0.7013008945465206,0.262020883277,0.7379791167229999,0.001640958135602,0.0018886666545656,0.0032371967174593,True,0.9473091930098366,0.0526908069901633,-1.370231895627951,0.946545876039102,0.0534541239608978,-1.4308873914897011,0.9240651678301712,0.0759348321698286,-1.2966165252440285,0.7379791167229999,0.262020883277,-0.7013008945465206,1,0,0,0.0,1,1,1,1,,0,1,1,0,1,0,0,1.0,1.0,0.0,0.0,0.0,,0.8946183860196734,1.370231895627951,0.8930917520782042,1.4308873914897011,0.8481303356603427,1.2966165252440285,0.47595823344599986,0.7013008945465206,0.5209465,0.5182498323548884,0.51014054
2026-02-12 14:00:00,2026-02-12 14:20:00,-1,808.35,813.95,pivot,-5.600000000000023,0.148669,-5.9486690000000255,-187383.0735000008,1.0,2026-02-12,810.9,811.4,808.35,0.0,813.05,813.95,812.7,0.0,2026,0.0,0.0,0.0,0.0,0.0,0.0,0.0,0.0,0.0,0.0,0.0,0.0,0.0,0.0,0.0,1.0,1.0,1.0,0,14,3,2,47.1020628861369,0.0342164489522559,-1.628351921450106,0.0342164489522559,0.965783551047744,8.320116467645673e-05,0.0001251663864782,0.0012509801770388,True,22.3540800921807,0.0395835061871639,-1.6647751655614789,0.0395835061871639,0.960416493812836,0.000299833222525,0.0003903870889543,0.0020487447792306,True,17.480267198522515,0.0258925983324718,-1.9433571307916,0.0258925983324718,0.9741074016675282,0.0007394164887031,0.0009204981339813,0.002376088129266,True,14.372621280181455,0.0185583509274256,-1.9154261494694085,0.0185583509274256,0.9814416490725744,0.001640958135602,0.0018886666545656,0.0032371967174593,True,0.965783551047744,0.0342164489522559,-1.628351921450106,0.960416493812836,0.0395835061871639,-1.6647751655614789,0.9741074016675282,0.0258925983324718,-1.9433571307916,0.9814416490725744,0.0185583509274256,-1.9154261494694085,1,0,0,0.0,1,1,1,1,,0,1,0,1,1,0,0,1.0,1.0,0.0,0.0,0.0,,0.9315671020954881,1.628351921450106,0.9208329876256721,1.6647751655614789,0.9482148033350564,1.9433571307916,0.9628832981451487,1.9154261494694085,0.5057891,0.6015581040095885,0.50042707
2026-02-19 12:20:00,2026-02-19 12:40:00,-1,837.15,836.1,pivot,1.0499999999999543,0.1501975,0.6998024999999546,22043.778749998568,1.0,2026-02-19,835.45,837.25,835.15,0.0,837.35,837.5,835.65,0.0,2026,0.0,0.0,0.0,0.0,0.0,0.0,0.0,0.0,0.0,0.0,0.0,0.0,0.0,0.0,0.0,1.0,1.0,1.0,1,12,3,2,192.05708742558625,0.2176272667827311,-0.6497849587740028,0.2176272667827311,0.782372733217269,0.0001921141593241,0.0001914032199476,0.0016740232491575,True,59.89536825904915,0.1123632253871776,-1.1040918086369471,0.1123632253871776,0.8876367746128223,0.0005608125224297,0.0005308853225868,0.0027521703665559,True,42.44784829854191,0.1084996259913785,-1.1080780419036382,0.1084996259913785,0.8915003740086215,0.0010578724291854,0.0011619044288579,0.0037421776539547,True,64.54311290155151,0.1675589834600529,-0.8855174631362205,0.1675589834600529,0.8324410165399471,0.0019846913560213,0.0024782071797699,0.0047547678165201,True,0.782372733217269,0.2176272667827311,-0.6497849587740028,0.8876367746128223,0.1123632253871776,-1.1040918086369471,0.8915003740086215,0.1084996259913785,-1.1080780419036382,0.8324410165399471,0.1675589834600529,-0.8855174631362205,1,0,0,0.0,1,1,1,1,,0,1,0,1,1,0,0,1.0,1.0,0.0,0.0,0.0,,0.5647454664345379,0.6497849587740028,0.7752735492256447,1.1040918086369471,0.783000748017243,1.1080780419036382,0.6648820330798941,0.8855174631362205,0.5186027,0.5114109398115817,0.50406456
2026-02-23 14:35:00,2026-02-23 14:45:00,1,861.6,862.2,pivot,0.6000000000000227,0.151714,0.24828600000002274,7821.009000000717,1.0,2026-02-23,862.85,862.95,860.7,0.0,861.55,862.7,861.25,0.0,2026,0.0,0.0,0.0,0.0,0.0,0.0,0.0,0.0,0.0,0.0,0.0,0.0,0.0,0.0,0.0,1.0,1.0,1.0,1,14,0,2,11.886813930263315,0.984363333223264,2.4894066400689723,0.984363333223264,0.015636666776736,-0.000122920221415,-0.0001494591226472,0.001508372564283,True,133.01336004061764,0.8221956044261076,0.6910405194601107,0.8221956044261076,0.1778043955738923,-0.0003708022259478,-0.0005120877218261,0.0025061453534664,True,77.13994389706302,0.187532280840659,-0.6395117561587416,0.187532280840659,0.812467719159341,-0.0007154702757542,-0.0009916412440942,0.0032527966023298,True,103.23899399959514,0.3110637007468195,-0.2549955840457353,0.3110637007468195,0.6889362992531805,-0.0012908623152558,-0.0017318347906087,0.0041201278164262,True,0.984363333223264,0.015636666776736,-2.4894066400689723,0.8221956044261076,0.1778043955738923,-0.6910405194601107,0.187532280840659,0.812467719159341,0.6395117561587416,0.3110637007468195,0.6889362992531805,0.2549955840457353,1,0,0,0.0,1,1,1,1,,0,1,0,1,1,0,0,1.0,1.0,0.0,0.0,0.0,,0.9687266664465279,2.4894066400689723,0.6443912088522153,0.6910405194601107,-0.624935438318682,0.6395117561587416,-0.37787259850636096,0.2549955840457353,0.6325472,0.5020553261603737,0.5123387
2026-02-24 10:40:00,2026-02-24 11:00:00,1,876.95,877.35,pivot,0.3999999999999772,0.152629,0.047370999999977244,1492.1864999992831,1.0,2026-02-24,878.5,879.2,875.65,0.0,879.45,879.8,877.15,0.0,2026,0.0,0.0,0.0,0.0,0.0,0.0,0.0,0.0,0.0,0.0,0.0,0.0,0.0,0.0,0.0,1.0,2.0,2.0,1,10,1,2,151.48663692884935,0.835386000729467,0.9051834021689308,0.835386000729467,0.164613999270533,0.0001741652439703,0.0001716800161196,0.0017036508379626,True,28.464699530799525,0.9521423208208798,1.684128054419642,0.9521423208208798,0.0478576791791202,0.0005065401575541,0.0004707624635629,0.0028126349969096,True,1.6981668519511033,0.997330799933264,3.120722773053122,0.997330799933264,0.0026692000667359,0.0009843600436861,0.0010814849362392,0.0038323831041615,True,0.3625127426618977,0.9997224593375934,4.463629128010113,0.9997224593375934,0.0002775406624065,0.0020558888200976,0.0024391871177509,0.0048765155964652,True,0.835386000729467,0.164613999270533,-0.9051834021689308,0.9521423208208798,0.0478576791791202,-1.684128054419642,0.997330799933264,0.0026692000667359,-3.120722773053122,0.9997224593375934,0.0002775406624065,-4.463629128010113,1,0,0,0.0,1,1,1,1,,0,1,1,0,0,0,0,1.0,1.0,0.0,0.0,0.0,,0.670772001458934,0.9051834021689308,0.9042846416417596,1.684128054419642,0.9946615998665281,3.120722773053122,0.9994449186751869,4.463629128010113,0.5454941,0.5296879366350908,0.5137689
2026-02-24 11:00:00,2026-02-24 11:55:00,1,877.35,882.35,pivot,5.0,0.152791,4.647209,146387.0835,1.0,2026-02-24,879.45,879.8,877.15,0.0,882.2,882.5,881.6,0.0,2026,0.0,0.0,0.0,0.0,0.0,0.0,0.0,0.0,0.0,0.0,0.0,0.0,0.0,0.0,0.0,1.0,2.0,2.0,1,11,1,2,100.12143496905064,0.1146514239095149,-1.1031767016764995,0.1146514239095149,0.885348576090485,0.0001741652439703,0.0001716800161196,0.0017036508379626,True,159.1620366207258,0.5374460661267738,0.0960552270762619,0.5374460661267738,0.4625539338732262,0.0005065401575541,0.0004707624635629,0.0028126349969096,True,63.13438188405709,0.8191549959567302,0.8351690646312349,0.8191549959567302,0.1808450040432697,0.0009843600436861,0.0010814849362392,0.0038323831041615,True,2.864856524097456,0.986985122894074,2.643207590862385,0.986985122894074,0.0130148771059258,0.0020558888200976,0.0024391871177509,0.0048765155964652,True,0.1146514239095149,0.885348576090485,1.1031767016764995,0.5374460661267738,0.4625539338732262,-0.0960552270762619,0.8191549959567302,0.1808450040432697,-0.8351690646312349,0.986985122894074,0.0130148771059258,-2.643207590862385,1,0,0,0.0,1,1,1,1,,0,1,1,0,0,0,0,1.0,1.0,0.0,0.0,0.0,,-0.7706971521809701,1.1031767016764995,0.07489213225354763,0.0960552270762619,0.6383099919134605,0.8351690646312349,0.9739702457881483,2.643207590862385,0.567662,0.5570754986199058,0.50664186
2026-03-04 10:30:00,2026-03-04 11:10:00,-1,807.25,796.8,pivot,10.450000000000044,0.1481215,10.101878500000046,318209.1727500014,1.0,2026-03-04,805.0,808.1,802.5,0.0,796.3,802.55,794.6,0.0,2026,0.0,0.0,0.0,0.0,0.0,0.0,0.0,0.0,0.0,0.0,0.0,0.0,0.0,0.0,0.0,1.0,0.0,0.0,1,10,2,3,20.15130048377167,0.0263566302121088,-1.7587196215464798,0.0263566302121088,0.9736433697878912,-0.0002472160001322,-0.0001488637679839,0.0027178784076903,True,3.789023629793748,0.0091941039990482,-2.6819520970937294,0.0091941039990482,0.9908058960009518,-0.0006616921145126,-0.000619075128047,0.0042557546586283,True,0.0117433776386092,0.001631786945843,-4.067352117294792,0.001631786945843,0.9983682130541568,-0.0012326455795934,-0.0013283527465099,0.005332520621938,True,0.3033672470132367,0.0005682564212664,-4.317976082642126,0.0005682564212664,0.9994317435787335,-0.0026575728580834,-0.0029600746923808,0.0067324078974935,True,0.9736433697878912,0.0263566302121088,-1.7587196215464798,0.9908058960009518,0.0091941039990482,-2.6819520970937294,0.9983682130541568,0.001631786945843,-4.067352117294792,0.9994317435787335,0.0005682564212664,-4.317976082642126,1,0,0,0.0,1,1,1,1,,0,1,1,0,0,1,0,1.0,1.0,0.0,0.0,0.0,,0.9472867395757825,1.7587196215464798,0.9816117920019036,2.6819520970937294,0.9967364261083138,4.067352117294792,0.9988634871574671,4.317976082642126,0.58306605,0.5372323219711564,0.57517874
2026-03-04 11:10:00,2026-03-04 12:00:00,-1,796.8,782.7,pivot,14.099999999999907,0.147385,13.752614999999912,433207.3724999972,1.0,2026-03-04,796.3,802.55,794.6,0.0,768.85,782.8,768.5,0.0,2026,0.0,0.0,0.0,0.0,0.0,0.0,0.0,0.0,0.0,0.0,0.0,0.0,0.0,0.0,0.0,1.0,0.0,0.0,1,11,2,3,14.953950120907823,0.0203016088078732,-1.8833475098779409,0.0203016088078732,0.9796983911921268,-0.0002472160001322,-0.0001488637679839,0.0027178784076903,True,44.14438542014246,0.1174779406171249,-1.0632364547601176,0.1174779406171249,0.8825220593828751,-0.0006616921145126,-0.000619075128047,0.0042557546586283,True,91.70428868489267,0.5801420628727865,0.1792046478174593,0.5801420628727865,0.4198579371272135,-0.0012326455795934,-0.0013283527465099,0.005332520621938,True,0.307289364733902,0.0005838822751976,-4.310443119995518,0.0005838822751976,0.9994161177248024,-0.0026575728580834,-0.0029600746923808,0.0067324078974935,True,0.9796983911921268,0.0203016088078732,-1.8833475098779409,0.8825220593828751,0.1174779406171249,-1.0632364547601176,0.4198579371272135,0.5801420628727865,0.1792046478174593,0.9994161177248024,0.0005838822751976,-4.310443119995518,1,0,0,0.0,1,1,1,1,,0,1,1,0,0,1,0,1.0,1.0,0.0,0.0,0.0,,0.9593967823842535,1.8833475098779409,0.7650441187657502,1.0632364547601176,-0.160284125745573,0.1792046478174593,0.9988322354496049,4.310443119995518,0.56826264,0.5588337901062593,0.6156783
2026-03-04 12:00:00,2026-03-04 12:05:00,-1,782.7,769.05,pivot,13.650000000000093,0.1465525,13.303447500000091,419058.59625000285,1.0,2026-03-04,768.85,782.8,768.5,0.0,788.0,788.5,764.55,0.0,2026,0.0,0.0,0.0,0.0,0.0,0.0,0.0,0.0,0.0,0.0,0.0,0.0,0.0,0.0,0.0,1.0,0.0,0.0,1,12,2,3,0.5351355251207298,0.0002588797485712,-4.353352356735527,0.0002588797485712,0.9997411202514288,-0.0002472160001322,-0.0001488637679839,0.0027178784076903,True,0.7842265709486135,0.0017929923950528,-3.4974126805300814,0.0017929923950528,0.9982070076049472,-0.0006616921145126,-0.000619075128047,0.0042557546586283,True,0.0967707115023868,0.0,-5.613848684361136,0.0,1.0,-0.0012326455795934,-0.0013283527465099,0.005332520621938,True,0.7194520404613487,0.0018221517755603,-3.919302024056301,0.0018221517755603,0.9981778482244396,-0.0026575728580834,-0.0029600746923808,0.0067324078974935,True,0.9997411202514288,0.0002588797485712,-4.353352356735527,0.9982070076049472,0.0017929923950528,-3.4974126805300814,1.0,0.0,-5.613848684361136,0.9981778482244396,0.0018221517755603,-3.919302024056301,1,0,0,0.0,1,1,1,1,,0,1,0,1,0,1,0,1.0,1.0,0.0,0.0,0.0,,0.9994822405028576,4.353352356735527,0.9964140152098944,3.4974126805300814,1.0,5.613848684361136,0.9963556964488792,3.919302024056301,0.60916716,0.5549507149592937,0.61165446
2026-03-04 12:30:00,2026-03-04 13:00:00,1,761.25,795.0,pivot,33.75,0.1466875,33.4033125,1052204.34375,1.0,2026-03-04,754.5,763.5,754.45,0.0,791.45,797.45,785.9,0.0,2026,0.0,0.0,0.0,0.0,0.0,0.0,0.0,0.0,0.0,0.0,0.0,0.0,0.0,0.0,0.0,1.0,0.0,0.0,1,12,2,3,9.069500964314631,0.0141100767526927,-2.071813091873468,0.0141100767526927,0.9858899232473072,-0.0002472160001322,-0.0001488637679839,0.0027178784076903,True,0.3663420760346972,0.0,-5.987183223619324,0.0,1.0,-0.0006616921145126,-0.000619075128047,0.0042557546586283,True,0.1687883302653911,0.0017534088352933,-3.702828483296433,0.0017534088352933,0.9982465911647066,-0.0012326455795934,-0.0013283527465099,0.005332520621938,True,1.8426183534967176e-32,0.0,-7.334374963153277,0.0,1.0,-0.0026575728580834,-0.0029600746923808,0.0067324078974935,True,0.0141100767526927,0.9858899232473072,2.071813091873468,0.0,1.0,5.987183223619324,0.0017534088352933,0.9982465911647066,3.702828483296433,0.0,1.0,7.334374963153277,1,0,0,0.0,1,1,1,1,,0,1,0,1,0,1,0,1.0,1.0,0.0,0.0,0.0,,-0.9717798464946145,2.071813091873468,-1.0,5.987183223619324,-0.9964931823294133,3.702828483296433,-1.0,7.334374963153277,0.57056016,0.5269331944115018,0.6220021
2026-03-04 13:00:00,2026-03-04 13:05:00,-1,795.0,791.5,pivot,3.5,0.147595,3.1524050000000003,99300.7575,1.0,2026-03-04,791.45,797.45,785.9,0.0,800.1,800.1,791.5,0.0,2026,0.0,0.0,0.0,0.0,0.0,0.0,0.0,0.0,0.0,0.0,0.0,0.0,0.0,0.0,0.0,1.0,2.0,0.0,1,13,2,3,21.30199371105685,0.0278163261804375,-1.733374937075718,0.0278163261804375,0.9721836738195624,-0.0002472160001322,-0.0001488637679839,0.0027178784076903,True,3.318848361441429e-05,1.0,5.261787032813852,1.0,0.0,-0.0006616921145126,-0.000619075128047,0.0042557546586283,True,0.9288494815167144,0.992517518479866,3.229849787254096,0.992517518479866,0.0074824815201339,-0.0012326455795934,-0.0013283527465099,0.005332520621938,True,58.431790968457605,0.3327312298311794,-0.3295699673586785,0.3327312298311794,0.6672687701688206,-0.0026575728580834,-0.0029600746923808,0.0067324078974935,True,0.9721836738195624,0.0278163261804375,-1.733374937075718,0.0,1.0,5.261787032813852,0.0074824815201339,0.992517518479866,3.229849787254096,0.6672687701688206,0.3327312298311794,-0.3295699673586785,1,0,0,0.0,1,1,1,1,,0,1,0,1,0,0,0,1.0,1.0,0.0,0.0,0.0,,0.9443673476391249,1.733374937075718,-1.0,5.261787032813852,-0.9850350369597322,3.229849787254096,0.33453754033764116,0.3295699673586785,0.5356754,0.5626308962968432,0.65260434
2026-03-04 13:05:00,2026-03-04 13:30:00,1,791.5,779.8,pivot,-11.700000000000044,0.147139,-12.047139000000044,-379484.8785000014,1.0,2026-03-04,800.1,800.1,791.5,0.0,781.35,781.75,773.05,0.0,2026,0.0,0.0,0.0,0.0,0.0,0.0,0.0,0.0,0.0,0.0,0.0,0.0,0.0,0.0,0.0,1.0,2.0,1.0,0,13,2,3,6.6720948255357405e-15,0.9989990283209222,6.970677830325857,0.9989990283209222,0.0010009716790777,-0.0002472160001322,-0.0001488637679839,0.0027178784076903,True,0.0435330816565246,0.9999848225711804,4.743034906905554,0.9999848225711804,1.5177428819734828e-05,-0.0006616921145126,-0.000619075128047,0.0042557546586283,True,5.0965911166825545e-51,1.0,8.336966240162011,1.0,0.0,-0.0012326455795934,-0.0013283527465099,0.005332520621938,True,3.046947692714408,0.9860800009750912,2.699383359538775,0.9860800009750912,0.0139199990249088,-0.0026575728580834,-0.0029600746923808,0.0067324078974935,True,0.9989990283209222,0.0010009716790777,-6.970677830325857,0.9999848225711804,1.5177428819734828e-05,-4.743034906905554,1.0,0.0,-8.336966240162011,0.9860800009750912,0.0139199990249088,-2.699383359538775,1,0,0,0.0,1,1,1,1,,0,1,0,1,0,0,0,1.0,1.0,0.0,0.0,0.0,,0.9979980566418446,6.970677830325857,0.9999696451423606,4.743034906905554,1.0,8.336966240162011,0.9721600019501824,2.699383359538775,0.5345881,0.6082572056456143,0.7030505
2026-03-04 14:05:00,2026-03-04 14:30:00,-1,774.15,765.1,pivot,9.049999999999956,0.1461775,8.703822499999953,274170.40874999855,1.0,2026-03-04,776.35,778.75,772.3,0.0,762.7,765.25,759.4,0.0,2026,0.0,0.0,0.0,0.0,0.0,0.0,0.0,0.0,0.0,0.0,0.0,0.0,0.0,0.0,0.0,1.0,1.0,2.0,1,14,2,3,25.001504271317025,0.0328537766346506,-1.654785191800783,0.0328537766346506,0.9671462233653494,-0.0002472160001322,-0.0001488637679839,0.0027178784076903,True,5.609865301042498,0.0137938401337558,-2.454318411407349,0.0137938401337558,0.9862061598662442,-0.0006616921145126,-0.000619075128047,0.0042557546586283,True,17.867330231099956,0.0705166813471602,-1.4534625196647932,0.0705166813471602,0.9294833186528396,-0.0012326455795934,-0.0013283527465099,0.005332520621938,True,1.116358623000523,0.0032585896394291,-3.691307445455142,0.0032585896394291,0.9967414103605708,-0.0026575728580834,-0.0029600746923808,0.0067324078974935,True,0.9671462233653494,0.0328537766346506,-1.654785191800783,0.9862061598662442,0.0137938401337558,-2.454318411407349,0.9294833186528396,0.0705166813471602,-1.4534625196647932,0.9967414103605708,0.0032585896394291,-3.691307445455142,1,0,0,0.0,1,1,1,1,,0,1,0,1,1,0,0,1.0,1.0,0.0,0.0,0.0,,0.9342924467306988,1.654785191800783,0.9724123197324883,2.454318411407349,0.8589666373056795,1.4534625196647932,0.9934828207211417,3.691307445455142,0.50024956,0.5208014660603525,0.76118195
2026-03-04 15:00:00,2026-03-04 15:25:00,-1,770.3,749.85,pivot,20.44999999999993,0.1456045,20.10439549999993,633288.4582499978,1.0,2026-03-04,762.95,770.3,762.55,0.0,756.95,757.3,749.5,0.0,2026,0.0,0.0,0.0,0.0,0.0,0.0,0.0,0.0,0.0,0.0,0.0,0.0,0.0,0.0,0.0,1.0,0.0,0.0,1,15,2,3,19.16121131746413,0.9566593027658206,1.669874709811539,0.9566593027658206,0.0433406972341794,-0.0002472160001322,-0.0001488637679839,0.0027178784076903,True,3.712349985812848,0.988391652735484,2.8857431550925785,0.988391652735484,0.0116083472645159,-0.0006616921145126,-0.000619075128047,0.0042557546586283,True,6.613504664999941,0.9727411119028698,1.996616581767611,0.9727411119028698,0.0272588880971301,-0.0012326455795934,-0.0013283527465099,0.005332520621938,True,69.04087814946006,0.659638435280305,0.372718153847539,0.659638435280305,0.340361564719695,-0.0026575728580834,-0.0029600746923808,0.0067324078974935,True,0.0433406972341794,0.9566593027658206,1.669874709811539,0.0116083472645159,0.988391652735484,2.8857431550925785,0.0272588880971301,0.9727411119028698,1.996616581767611,0.340361564719695,0.659638435280305,0.372718153847539,1,0,0,0.0,1,1,1,1,,0,1,0,0,0,1,0,1.0,1.0,0.0,0.0,0.0,,-0.9133186055316411,1.669874709811539,-0.9767833054709681,2.8857431550925785,-0.9454822238057398,1.996616581767611,-0.31927687056061,0.372718153847539,0.66410035,0.51087564969935,0.7358618
2026-03-04 15:25:00,2026-03-04 15:45:00,-1,749.85,761.4,eod,-11.549999999999956,0.1453375,-11.895337499999956,-374703.1312499986,1.0,2026-03-04,756.95,757.3,749.5,0.0,761.4,761.4,761.4,0.0,2026,0.0,0.0,0.0,0.0,0.0,0.0,0.0,0.0,0.0,0.0,0.0,0.0,0.0,0.0,0.0,1.0,0.0,0.0,0,15,2,3,3.832030029661047,0.0042354537938712,-3.934047085328156,0.0042354537938712,0.9957645462061288,-0.000122920221415,-0.0001494591226472,0.001508372564283,True,0.0704327292923094,0.0003235249086491,-4.583533582799655,0.0003235249086491,0.9996764750913508,-0.0003708022259478,-0.0005120877218261,0.0025061453534664,True,0.0359379237962144,0.0,-7.34750218079635,0.0,1.0,-0.0007154702757542,-0.0009916412440942,0.0032527966023298,True,8.806740352820548e-25,0.0,-7.123882748980248,0.0,1.0,-0.0012908623152558,-0.0017318347906087,0.0041201278164262,True,0.9957645462061288,0.0042354537938712,-3.934047085328156,0.9996764750913508,0.0003235249086491,-4.583533582799655,1.0,0.0,-7.34750218079635,1.0,0.0,-7.123882748980248,1,0,0,0.0,1,1,1,1,,0,1,0,0,0,1,0,1.0,1.0,0.0,0.0,0.0,,0.9915290924122575,3.934047085328156,0.9993529501827018,4.583533582799655,1.0,7.34750218079635,1.0,7.123882748980248,0.75103545,0.5383536623711491,0.7220102
2026-03-05 15:10:00,2026-03-05 15:45:00,-1,829.2,820.0,eod,9.200000000000044,0.149476,8.850524000000046,278791.50600000145,1.0,2026-03-05,831.55,834.7,828.75,0.0,820.0,820.0,820.0,0.0,2026,0.0,0.0,0.0,0.0,0.0,0.0,0.0,0.0,0.0,0.0,0.0,0.0,0.0,0.0,0.0,1.0,0.0,1.0,1,15,3,3,1.3033946571113506,0.0003740627017419,-4.781629516953756,0.0003740627017419,0.999625937298258,0.0001474311940231,0.0002152132703473,0.0014445700641565,True,1.6582196441854362e-21,0.0,-6.947508152051715,0.0,1.0,0.0004747760598137,0.0006759372081766,0.0024425065926376,True,0.0003693322734923,7.11528441296693e-08,-4.654187865502614,7.11528441296693e-08,0.9999999288471558,0.0009766068832126,0.001216846898906,0.0028732999773556,True,3.684609925120989,0.006890052895284,-2.3020895424122574,0.006890052895284,0.993109947104716,0.0020696763025213,0.0023999166541482,0.0039494998236915,True,0.999625937298258,0.0003740627017419,-4.781629516953756,1.0,0.0,-6.947508152051715,0.9999999288471558,7.11528441296693e-08,-4.654187865502614,0.993109947104716,0.006890052895284,-2.3020895424122574,1,0,0,0.0,1,1,1,1,,0,1,0,0,0,1,0,1.0,1.0,0.0,0.0,0.0,,0.9992518745965161,4.781629516953756,1.0,6.947508152051715,0.9999998576943117,4.654187865502614,0.986219894209432,2.3020895424122574,0.70772046,0.5119207239709824,0.7010263
2026-03-06 10:30:00,2026-03-06 15:45:00,-1,802.75,827.65,eod,-24.899999999999977,0.148912,-25.24891199999998,-795340.7279999993,1.0,2026-03-06,809.45,810.0,801.75,0.0,827.65,827.65,827.65,0.0,2026,0.0,0.0,0.0,0.0,0.0,0.0,0.0,0.0,0.0,0.0,0.0,0.0,0.0,0.0,0.0,1.0,1.0,1.0,0,10,4,3,5.003190107985514,0.0077945677054551,-3.314350873724901,0.0077945677054551,0.9922054322945448,-0.000122920221415,-0.0001494591226472,0.001508372564283,True,0.8552897210193575,0.0,-5.242691654114233,0.0,1.0,-0.0003708022259478,-0.0005120877218261,0.0025061453534664,True,0.0144631168331353,4.067589345164754e-06,-4.777021794591236,4.067589345164754e-06,0.9999959324106548,-0.0007154702757542,-0.0009916412440942,0.0032527966023298,True,2.5593875334703548e-21,0.0,-6.924289454026965,0.0,1.0,-0.0012908623152558,-0.0017318347906087,0.0041201278164262,True,0.9922054322945448,0.0077945677054551,-3.314350873724901,1.0,0.0,-5.242691654114233,0.9999959324106548,4.067589345164754e-06,-4.777021794591236,1.0,0.0,-6.924289454026965,1,0,0,0.0,1,1,1,1,,0,1,1,0,1,0,0,1.0,1.0,0.0,0.0,0.0,,0.9844108645890898,3.314350873724901,1.0,5.242691654114233,0.9999918648213096,4.777021794591236,1.0,6.924289454026965,0.56963664,0.5349770703641223,0.64015037
2026-03-09 12:15:00,2026-03-09 12:45:00,1,759.95,757.5,pivot,-2.450000000000045,0.1455235,-2.7955235000000456,-88058.99025000143,1.0,2026-03-09,759.55,763.2,759.05,0.0,757.7,758.55,756.25,0.0,2026,0.0,0.0,0.0,0.0,0.0,0.0,0.0,0.0,0.0,0.0,0.0,0.0,0.0,0.0,0.0,1.0,1.0,1.0,0,12,0,3,191.76117850616885,0.4570827309243858,-0.0866855532225311,0.4570827309243858,0.5429172690756141,-0.0002398022800673,-0.0001595904201468,0.0034689607584861,True,4.978435369796012,0.0244812835007743,-2.044805442392289,0.0244812835007743,0.9755187164992256,-0.0006723212927408,-0.0006707819655084,0.0056502147665399,True,57.53615798920386,0.2994283051403413,-0.3731095749616625,0.2994283051403413,0.7005716948596586,-0.0013000278358457,-0.0014696414462826,0.0073194109531463,True,41.23611829055936,0.8056256006172166,0.6717182597436377,0.8056256006172166,0.1943743993827834,-0.0032898377304711,-0.0040086591200917,0.0093987896651316,True,0.4570827309243858,0.5429172690756141,0.0866855532225311,0.0244812835007743,0.9755187164992256,2.044805442392289,0.2994283051403413,0.7005716948596586,0.3731095749616625,0.8056256006172166,0.1943743993827834,-0.6717182597436377,1,0,0,0.0,1,1,1,1,,0,1,0,1,1,0,0,1.0,1.0,0.0,0.0,0.0,,-0.08583453815122832,0.0866855532225311,-0.9510374329984513,2.044805442392289,-0.40114338971931734,0.3731095749616625,0.6112512012344331,0.6717182597436377,0.5018282,0.5340884427990356,0.5994625
2026-03-09 15:10:00,2026-03-09 15:45:00,1,768.7,771.25,eod,2.5499999999999545,0.1461985,2.2038014999999542,69419.74724999856,1.0,2026-03-09,770.3,771.15,767.9,0.0,771.25,771.25,771.25,0.0,2026,0.0,0.0,0.0,0.0,0.0,0.0,0.0,0.0,0.0,0.0,0.0,0.0,0.0,0.0,0.0,1.0,1.0,2.0,1,15,0,3,1.1980891902761344,0.0015358364658206,-4.363174764972227,0.0015358364658206,0.9984641635341792,-0.0001869491574187,-0.0002181926754376,0.0019599945813451,True,20.003494689822865,0.0536671703656177,-1.5818271484088977,0.0536671703656177,0.9463328296343824,-0.0005237772878771,-0.0006611697449309,0.0034065750492981,True,8.647270572334683,0.0264998206622578,-2.107637438274519,0.0264998206622578,0.973500179337742,-0.0008638784857246,-0.0012664554934785,0.0043880139556173,True,2.1224627345382574,0.9949611928586696,3.3219038327311194,0.9949611928586696,0.0050388071413305,-0.0014243157358655,-0.002086208472699,0.0052995719104487,True,0.0015358364658206,0.9984641635341792,4.363174764972227,0.0536671703656177,0.9463328296343824,1.5818271484088977,0.0264998206622578,0.973500179337742,2.107637438274519,0.9949611928586696,0.0050388071413305,-3.3219038327311194,1,0,0,0.0,1,1,1,1,,0,1,0,0,1,0,0,1.0,1.0,0.0,0.0,0.0,,-0.9969283270683587,4.363174764972227,-0.8926656592687646,1.5818271484088977,-0.9470003586754843,2.107637438274519,0.989922385717339,3.3219038327311194,0.5035702,0.5748058284026443,0.6009369
2026-03-10 11:40:00,2026-03-10 11:45:00,1,826.35,822.85,pivot,-3.5,0.149476,-3.849476,-121258.494,1.0,2026-03-10,822.85,826.95,822.6,0.0,820.1,823.75,819.7,0.0,2026,0.0,0.0,0.0,0.0,0.0,0.0,0.0,0.0,0.0,0.0,0.0,0.0,0.0,0.0,0.0,1.0,1.0,1.0,0,11,1,3,6.718630149604389,0.007169791055984,-2.8249831705788053,0.007169791055984,0.992830208944016,0.0001474311940231,0.0002152132703473,0.0014445700641565,True,5.333498316128644,0.0090059831744547,-2.5252621625702427,0.0090059831744547,0.9909940168255452,0.0004747760598137,0.0006759372081766,0.0024425065926376,True,9.782824175852642,0.0144046356347182,-2.209200059609365,0.0144046356347182,0.9855953643652818,0.0009766068832126,0.001216846898906,0.0028732999773556,True,20.99118678046889,0.0340286271843606,-1.6169519197532418,0.0340286271843606,0.9659713728156394,0.0020696763025213,0.0023999166541482,0.0039494998236915,True,0.007169791055984,0.992830208944016,2.8249831705788053,0.0090059831744547,0.9909940168255452,2.5252621625702427,0.0144046356347182,0.9855953643652818,2.209200059609365,0.0340286271843606,0.9659713728156394,1.6169519197532418,1,0,0,0.0,1,1,1,1,,0,1,1,0,1,0,0,1.0,1.0,0.0,0.0,0.0,,-0.9856604178880319,2.8249831705788053,-0.9819880336510906,2.5252621625702427,-0.9711907287305637,2.209200059609365,-0.9319427456312788,1.6169519197532418,0.5305346,0.5022398658070197,0.58419466
2026-03-10 11:45:00,2026-03-10 12:30:00,1,822.85,816.85,pivot,-6.0,0.149191,-6.349191,-199999.5165,1.0,2026-03-10,820.1,823.75,819.7,0.0,814.4,817.4,814.3,0.0,2026,0.0,0.0,0.0,0.0,0.0,0.0,0.0,0.0,0.0,0.0,0.0,0.0,0.0,0.0,0.0,1.0,0.0,1.0,0,11,1,3,362.1158632444943,0.4904352699840125,-0.0651990015644408,0.4904352699840125,0.5095647300159875,0.0001474311940231,0.0002152132703473,0.0014445700641565,True,21.550048435488023,0.0311319395024755,-1.7851722350444548,0.0311319395024755,0.9688680604975244,0.0004747760598137,0.0006759372081766,0.0024425065926376,True,21.546001043912582,0.0355111017583201,-1.7057754785247694,0.0355111017583201,0.9644888982416798,0.0009766068832126,0.001216846898906,0.0028732999773556,True,35.65883589691371,0.0577900495007498,-1.4030975545937636,0.0577900495007498,0.9422099504992502,0.0020696763025213,0.0023999166541482,0.0039494998236915,True,0.4904352699840125,0.5095647300159875,0.0651990015644408,0.0311319395024755,0.9688680604975244,1.7851722350444548,0.0355111017583201,0.9644888982416798,1.7057754785247694,0.0577900495007498,0.9422099504992502,1.4030975545937636,1,0,0,0.0,1,1,1,1,,0,1,1,0,0,1,0,1.0,1.0,0.0,0.0,0.0,,-0.019129460031974965,0.0651990015644408,-0.9377361209950489,1.7851722350444548,-0.9289777964833598,1.7057754785247694,-0.8844199009985003,1.4030975545937636,0.75737894,0.5187243371534074,0.52593094
2026-03-16 14:35:00,2026-03-16 14:50:00,1,820.65,825.25,pivot,4.600000000000023,0.149377,4.250623000000022,133894.6245000007,1.0,2026-03-16,822.35,822.65,820.5,0.0,825.95,826.6,825.25,0.0,2026,0.0,0.0,0.0,0.0,0.0,0.0,0.0,0.0,0.0,0.0,0.0,0.0,0.0,0.0,0.0,1.0,1.0,1.0,1,14,0,3,283.58001340212434,0.4135701127863257,-0.1751294761663758,0.4135701127863257,0.5864298872136742,0.0001760752142934,0.00020657904465,0.0018743181034997,True,168.76633367050292,0.3639612920250361,-0.3070126489005666,0.3639612920250361,0.6360387079749639,0.0005357634696887,0.0007073569588201,0.0030965524273222,True,127.70511198052844,0.6101124028800538,0.1582117712819111,0.6101124028800538,0.3898875971199462,0.0011955206983503,0.0014351794467766,0.0036312357996119,True,32.24444330507717,0.0810148485507117,-1.1743375464474946,0.0810148485507117,0.9189851514492884,0.0024995058247043,0.0027727737836866,0.0050508258856855,True,0.4135701127863257,0.5864298872136742,0.1751294761663758,0.3639612920250361,0.6360387079749639,0.3070126489005666,0.6101124028800538,0.3898875971199462,-0.1582117712819111,0.0810148485507117,0.9189851514492884,1.1743375464474946,1,0,0,0.0,1,1,1,1,,0,1,0,1,1,0,0,1.0,1.0,0.0,0.0,0.0,,-0.17285977442734846,0.1751294761663758,-0.2720774159499278,0.3070126489005666,0.22022480576010756,0.1582117712819111,-0.8379703028985767,1.1743375464474946,0.56359875,0.503846626205558,0.5179199
2026-03-17 14:55:00,2026-03-17 15:00:00,1,849.25,848.15,pivot,-1.1000000000000227,0.150922,-1.4509220000000227,-45704.04300000072,1.0,2026-03-17,848.05,849.85,847.6,0.0,845.25,848.25,844.9,0.0,2026,0.0,0.0,0.0,0.0,0.0,0.0,0.0,0.0,0.0,0.0,0.0,0.0,0.0,0.0,0.0,1.0,1.0,1.0,0,14,1,3,9.28160421777047,0.0160465473628146,-2.3272383257820946,0.0160465473628146,0.9839534526371854,0.0001609389557473,0.0001961025287541,0.0018748153092802,True,16.79601931102723,0.0368343193529397,-1.7236104811262554,0.0368343193529397,0.9631656806470602,0.0005224223020409,0.0006986373222937,0.0030947338910443,True,21.511559412055096,0.0465341800118234,-1.5212025242833755,0.0465341800118234,0.9534658199881764,0.0011904652545072,0.001430432601586,0.0036026288401122,True,29.48520526369175,0.0749706834307036,-1.234798745780252,0.0749706834307036,0.9250293165692964,0.002492140254095,0.0027374256308781,0.0051171154377763,True,0.0160465473628146,0.9839534526371854,2.3272383257820946,0.0368343193529397,0.9631656806470602,1.7236104811262554,0.0465341800118234,0.9534658199881764,1.5212025242833755,0.0749706834307036,0.9250293165692964,1.234798745780252,1,0,0,0.0,1,1,1,1,,0,1,0,1,1,0,0,1.0,1.0,0.0,0.0,0.0,,-0.9679069052743707,2.3272383257820946,-0.9263313612941205,1.7236104811262554,-0.906931639976353,1.5212025242833755,-0.8500586331385929,1.234798745780252,0.598339,0.5032073303568894,0.5449219
2026-03-17 15:00:00,2026-03-17 15:45:00,1,848.15,844.3,eod,-3.850000000000023,0.1507735,-4.200773500000023,-132324.3652500007,1.0,2026-03-17,845.25,848.25,844.9,0.0,844.3,844.3,844.3,0.0,2026,0.0,0.0,0.0,0.0,0.0,0.0,0.0,0.0,0.0,0.0,0.0,0.0,0.0,0.0,0.0,1.0,1.0,1.0,0,15,1,3,176.48501912386587,0.2109902382840145,-0.6381568575651608,0.2109902382840145,0.7890097617159855,0.0001609389557473,0.0001961025287541,0.0018748153092802,True,13.085759784212136,0.0306296334890397,-1.857625478077497,0.0306296334890397,0.9693703665109604,0.0005224223020409,0.0006986373222937,0.0030947338910443,True,6.235532334316204,0.016395878745645,-2.17257471763014,0.016395878745645,0.9836041212543548,0.0011904652545072,0.001430432601586,0.0036026288401122,True,9.228782676221012,0.0316917108635287,-1.7049474761578218,0.0316917108635287,0.9683082891364712,0.002492140254095,0.0027374256308781,0.0051171154377763,True,0.2109902382840145,0.7890097617159855,0.6381568575651608,0.0306296334890397,0.9693703665109604,1.857625478077497,0.016395878745645,0.9836041212543548,2.17257471763014,0.0316917108635287,0.9683082891364712,1.7049474761578218,1,0,0,0.0,1,1,1,1,,0,1,0,0,1,0,0,1.0,1.0,0.0,0.0,0.0,,-0.5780195234319709,0.6381568575651608,-0.9387407330219207,1.857625478077497,-0.9672082425087098,2.17257471763014,-0.9366165782729424,1.7049474761578218,0.5839401,0.5173377260375028,0.5330658
2026-03-25 11:05:00,2026-03-25 12:15:00,1,852.8,843.0,pivot,-9.799999999999956,0.150874,-10.150873999999954,-319752.53099999856,1.0,2026-03-25,850.25,853.25,850.15,0.0,843.75,844.55,841.2,0.0,2026,0.0,0.0,0.0,0.0,0.0,0.0,0.0,0.0,0.0,0.0,0.0,0.0,0.0,0.0,0.0,1.0,1.0,1.0,0,11,2,3,25.49257943386676,0.0306874397268436,-1.8481997120099447,0.0306874397268436,0.9693125602731564,0.0001609389557473,0.0001961025287541,0.0018748153092802,True,62.81623904162535,0.1189363703223444,-0.980594046830687,0.1189363703223444,0.8810636296776555,0.0005224223020409,0.0006986373222937,0.0030947338910443,True,60.55697050627158,0.1139521293633073,-1.029286813960825,0.1139521293633073,0.8860478706366927,0.0011904652545072,0.001430432601586,0.0036026288401122,True,29.012674533658267,0.0738673148304259,-1.242099362476199,0.0738673148304259,0.926132685169574,0.002492140254095,0.0027374256308781,0.0051171154377763,True,0.0306874397268436,0.9693125602731564,1.8481997120099447,0.1189363703223444,0.8810636296776555,0.980594046830687,0.1139521293633073,0.8860478706366927,1.029286813960825,0.0738673148304259,0.926132685169574,1.242099362476199,1,0,0,0.0,1,1,1,1,,0,1,1,0,1,0,0,1.0,1.0,0.0,0.0,0.0,,-0.9386251205463128,1.8481997120099447,-0.7621272593553111,0.980594046830687,-0.7720957412733853,1.029286813960825,-0.8522653703391482,1.242099362476199,0.59030914,0.5172325001876347,0.5249339
2026-03-25 12:15:00,2026-03-25 12:50:00,1,843.0,842.6,pivot,-0.3999999999999772,0.150568,-0.7505679999999773,-23642.891999999283,1.0,2026-03-25,843.75,844.55,841.2,0.0,845.25,845.95,842.55,0.0,2026,0.0,0.0,0.0,0.0,0.0,0.0,0.0,0.0,0.0,0.0,0.0,0.0,0.0,0.0,0.0,1.0,1.0,0.0,0,12,2,3,263.0457625217311,0.3555602060596491,-0.2938093430508633,0.3555602060596491,0.6444397939403508,0.0001609389557473,0.0001961025287541,0.0018748153092802,True,167.7153326607742,0.3566026569942349,-0.321274526338283,0.3566026569942349,0.6433973430057651,0.0005224223020409,0.0006986373222937,0.0030947338910443,True,17.465364244371127,0.0380392817181928,-1.6417124088275998,0.0380392817181928,0.9619607182818072,0.0011904652545072,0.001430432601586,0.0036026288401122,True,11.63162640337623,0.0363648768360636,-1.6182058863396902,0.0363648768360636,0.9636351231639364,0.002492140254095,0.0027374256308781,0.0051171154377763,True,0.3555602060596491,0.6444397939403508,0.2938093430508633,0.3566026569942349,0.6433973430057651,0.321274526338283,0.0380392817181928,0.9619607182818072,1.6417124088275998,0.0363648768360636,0.9636351231639364,1.6182058863396902,1,0,0,0.0,1,1,1,1,,0,1,0,1,1,0,0,1.0,1.0,0.0,0.0,0.0,,-0.28887958788070167,0.2938093430508633,-0.28679468601153024,0.321274526338283,-0.9239214365636144,1.6417124088275998,-0.9272702463278728,1.6182058863396902,0.5350241,0.5217552068024884,0.5106492
2026-03-27 13:00:00,2026-03-27 13:25:00,-1,796.25,798.45,pivot,-2.200000000000045,0.147841,-2.5478410000000453,-80256.99150000143,1.0,2026-03-27,795.85,796.3,794.0,0.0,797.85,798.5,796.6,0.0,2026,0.0,0.0,0.0,0.0,0.0,0.0,0.0,0.0,0.0,0.0,0.0,0.0,0.0,0.0,0.0,1.0,1.0,2.0,0,13,4,3,6.418747126564396,0.9824707926120764,2.5916835298942367,0.9824707926120764,0.0175292073879237,-0.0001213090729217,-0.000113073648394,0.0016480969686111,True,37.97920405977502,0.9114303663929244,1.2608522622861982,0.9114303663929244,0.0885696336070754,-0.0003738534386905,-0.0002860883744207,0.003174448864628,True,1.870697021148742,0.9930765242980718,3.1576054896473176,0.9930765242980718,0.0069234757019281,-0.0007646103640377,-0.0005993732507386,0.0045202190862106,True,9.53182049499878,0.9446342077368785,1.557671124295104,0.9446342077368785,0.0553657922631216,-0.001358316763399,-0.0009733862674131,0.0060565422417836,True,0.0175292073879237,0.9824707926120764,2.5916835298942367,0.0885696336070754,0.9114303663929244,1.2608522622861982,0.0069234757019281,0.9930765242980718,3.1576054896473176,0.0553657922631216,0.9446342077368785,1.557671124295104,1,0,0,0.0,1,1,1,1,,0,1,0,1,1,0,0,1.0,1.0,0.0,0.0,0.0,,-0.9649415852241526,2.5916835298942367,-0.822860732785849,1.2608522622861982,-0.9861530485961437,3.1576054896473176,-0.8892684154737569,1.557671124295104,0.6075098,0.502670940663235,0.5016347
2026-03-27 14:05:00,2026-03-27 14:30:00,1,806.9,807.6,pivot,0.7000000000000455,0.148435,0.35156500000004554,11074.297500001434,1.0,2026-03-27,809.0,809.9,805.9,0.0,808.45,809.1,806.3,0.0,2026,0.0,0.0,0.0,0.0,0.0,0.0,0.0,0.0,0.0,0.0,0.0,0.0,0.0,0.0,0.0,1.0,2.0,2.0,1,14,4,3,8.85668864530873,0.9876136027205048,2.519242331663694,0.9876136027205048,0.0123863972794951,0.0001609389557473,0.0001961025287541,0.0018748153092802,True,94.5278767912918,0.7981543856335873,0.6183502161053772,0.7981543856335873,0.2018456143664126,0.0005224223020409,0.0006986373222937,0.0030947338910443,True,9.601353288778402,0.9640393051055874,2.062138943530367,0.9640393051055874,0.0359606948944125,0.0011904652545072,0.001430432601586,0.0036026288401122,True,13.455742671586025,0.9421886134749594,1.576423063367832,0.9421886134749594,0.0578113865250405,0.002492140254095,0.0027374256308781,0.0051171154377763,True,0.9876136027205048,0.0123863972794951,-2.519242331663694,0.7981543856335873,0.2018456143664126,-0.6183502161053772,0.9640393051055874,0.0359606948944125,-2.062138943530367,0.9421886134749594,0.0578113865250405,-1.576423063367832,1,0,0,0.0,1,1,1,1,,0,1,0,1,0,0,0,1.0,1.0,0.0,0.0,0.0,,0.9752272054410097,2.519242331663694,0.5963087712671747,0.6183502161053772,0.928078610211175,2.062138943530367,0.8843772269499189,1.576423063367832,0.51407206,0.5261921773326118,0.5113952
2026-03-27 14:30:00,2026-03-27 14:40:00,-1,807.6,810.1,pivot,-2.5,0.148531,-2.848531,-89728.7265,1.0,2026-03-27,808.45,809.1,806.3,0.0,806.45,811.1,806.3,0.0,2026,0.0,0.0,0.0,0.0,0.0,0.0,0.0,0.0,0.0,0.0,0.0,0.0,0.0,0.0,0.0,1.0,1.0,2.0,0,14,4,3,14.383500432980938,0.0206429050784339,-2.118561172808416,0.0206429050784339,0.979357094921566,0.0001609389557473,0.0001961025287541,0.0018748153092802,True,34.952898212826774,0.0681641747145822,-1.3260223383595655,0.0681641747145822,0.9318358252854178,0.0005224223020409,0.0006986373222937,0.0030947338910443,True,28.171229994025232,0.9249055547964928,1.4163236532237578,0.9249055547964928,0.0750944452035071,0.0011904652545072,0.001430432601586,0.0036026288401122,True,19.32067181087399,0.9227385910463316,1.3403761279550606,0.9227385910463316,0.0772614089536682,0.002492140254095,0.0027374256308781,0.0051171154377763,True,0.979357094921566,0.0206429050784339,-2.118561172808416,0.9318358252854178,0.0681641747145822,-1.3260223383595655,0.0750944452035071,0.9249055547964928,1.4163236532237578,0.0772614089536682,0.9227385910463316,1.3403761279550606,1,0,0,0.0,1,1,1,1,,0,1,0,1,1,0,0,1.0,1.0,0.0,0.0,0.0,,0.9587141898431321,2.118561172808416,0.8636716505708355,1.3260223383595655,-0.8498111095929858,1.4163236532237578,-0.8454771820926634,1.3403761279550606,0.5922103,0.5392395448432319,0.5239816
2026-05-13 11:00:00,2026-05-13 11:25:00,-1,1200.25,1202.2,pivot,-1.9500000000000453,0.1720735,-2.3220735000000454,-73145.31525000143,1.0,2026-05-13,1197.0,1202.15,1196.6,0.0,1202.25,1203.0,1201.0,0.0,2026,0.0,0.0,0.0,0.0,0.0,0.0,0.0,0.0,0.0,0.0,0.0,0.0,0.0,0.0,0.0,1.0,2.0,2.0,0,11,2,5,0.6298110529425122,0.0,-5.533337991049846,0.0,1.0,0.0001220711722234,0.0001614303509715,0.0015637920331067,True,33.27784638990734,0.0543361345518544,-1.5024272712356763,0.0543361345518544,0.9456638654481456,0.0004206669325156,0.0004862525566535,0.0027121599464148,True,12.409965937507357,0.9789982695322716,2.264759447083912,0.9789982695322716,0.0210017304677284,0.0009687718909271,0.0011629432216122,0.0033611399442397,True,2.0307699998498963e-14,1.0,5.757982437307925,1.0,0.0,0.002157609543261,0.0024258856656373,0.0046617046181543,True,1.0,0.0,-5.533337991049846,0.9456638654481456,0.0543361345518544,-1.5024272712356763,0.0210017304677284,0.9789982695322716,2.264759447083912,0.0,1.0,5.757982437307925,1,0,0,0.0,1,1,1,1,,0,1,1,0,0,0,0,1.0,1.0,0.0,0.0,0.0,,1.0,5.533337991049846,0.8913277308962912,1.5024272712356763,-0.9579965390645433,2.264759447083912,-1.0,5.757982437307925,0.6581356,0.505447788122673,0.5111573
2026-05-13 11:30:00,2026-05-13 12:00:00,1,1202.15,1200.65,pivot,-1.5,0.172084,-1.8720839999999999,-58970.64599999999,1.0,2026-05-13,1206.6,1206.65,1201.8,0.0,1201.75,1203.55,1198.3,0.0,2026,0.0,0.0,0.0,0.0,0.0,0.0,0.0,0.0,0.0,0.0,0.0,0.0,0.0,0.0,0.0,1.0,2.0,2.0,0,11,2,5,216.87260415597945,0.7392198946635801,0.4822444810934641,0.7392198946635801,0.2607801053364199,0.0001220711722234,0.0001614303509715,0.0015637920331067,True,37.55539271749672,0.9431445978660796,1.496286204880997,0.9431445978660796,0.0568554021339203,0.0004206669325156,0.0004862525566535,0.0027121599464148,True,48.23348467991051,0.8803639617349411,1.1179626199621433,0.8803639617349411,0.1196360382650588,0.0009687718909271,0.0011629432216122,0.0033611399442397,True,5.958650967816203,0.9812901304057832,2.417528342209457,0.9812901304057832,0.0187098695942169,0.002157609543261,0.0024258856656373,0.0046617046181543,True,0.7392198946635801,0.2607801053364199,-0.4822444810934641,0.9431445978660796,0.0568554021339203,-1.496286204880997,0.8803639617349411,0.1196360382650588,-1.1179626199621433,0.9812901304057832,0.0187098695942169,-2.417528342209457,1,0,0,0.0,1,1,1,1,,0,1,1,0,0,0,0,1.0,1.0,0.0,0.0,0.0,,0.4784397893271602,0.4822444810934641,0.8862891957321594,1.496286204880997,0.7607279234698824,1.1179626199621433,0.9625802608115662,2.417528342209457,0.55179965,0.5173794614313977,0.5412264
2026-05-14 10:25:00,2026-05-14 10:30:00,1,1242.35,1245.45,pivot,3.1000000000001364,0.174634,2.7253660000001356,85849.02900000427,1.0,2026-05-14,1245.35,1245.45,1241.15,0.0,1245.9,1247.7,1244.4,0.0,2026,0.0,0.0,0.0,0.0,0.0,0.0,0.0,0.0,0.0,0.0,0.0,0.0,0.0,0.0,0.0,1.0,1.0,2.0,1,10,3,5,0.4807584501014721,0.0045938047569673,-3.657431022210672,0.0045938047569673,0.9954061952430326,0.0001220711722234,0.0001614303509715,0.0015637920331067,True,44.828575624919374,0.0857607910016086,-1.2053601747853198,0.0857607910016086,0.9142392089983914,0.0004206669325156,0.0004862525566535,0.0027121599464148,True,71.76376472801087,0.1514336174190204,-0.8622399097211907,0.1514336174190204,0.8485663825809795,0.0009687718909271,0.0011629432216122,0.0033611399442397,True,61.81265838631003,0.76916809642601,0.5827384998648865,0.76916809642601,0.2308319035739899,0.002157609543261,0.0024258856656373,0.0046617046181543,True,0.0045938047569673,0.9954061952430326,3.657431022210672,0.0857607910016086,0.9142392089983914,1.2053601747853198,0.1514336174190204,0.8485663825809795,0.8622399097211907,0.76916809642601,0.2308319035739899,-0.5827384998648865,1,0,0,0.0,1,1,1,1,,0,1,1,0,1,0,0,1.0,1.0,0.0,0.0,0.0,,-0.9908123904860654,3.657431022210672,-0.8284784179967828,1.2053601747853198,-0.6971327651619591,0.8622399097211907,0.5383361928520202,0.5827384998648865,0.54589146,0.5044538310980083,0.54468316
2026-05-14 10:30:00,2026-05-14 10:50:00,1,1245.45,1241.35,pivot,-4.100000000000136,0.174604,-4.474604000000137,-140950.02600000432,1.0,2026-05-14,1245.9,1247.7,1244.4,0.0,1236.85,1242.55,1236.75,0.0,2026,0.0,0.0,0.0,0.0,0.0,0.0,0.0,0.0,0.0,0.0,0.0,0.0,0.0,0.0,0.0,1.0,1.0,2.0,0,10,3,5,26.50510318223937,0.9742670130295804,1.9765610715367283,0.9742670130295804,0.0257329869704197,0.0001300778662668,0.0001739972010288,0.0016458282436628,True,158.03494508421653,0.2768005154479581,-0.4494261643209692,0.2768005154479581,0.723199484552042,0.0004593933437559,0.0005290086209425,0.0027885295792093,True,66.87624009005181,0.153846802755712,-0.8459458075908729,0.153846802755712,0.846153197244288,0.0009864865853135,0.0011599168042025,0.003510281749461,True,41.7817879091516,0.8375715030669658,0.7929490199143727,0.8375715030669658,0.1624284969330341,0.0021790733647819,0.0026093807385957,0.0048570242325007,True,0.9742670130295804,0.0257329869704197,-1.9765610715367283,0.2768005154479581,0.723199484552042,0.4494261643209692,0.153846802755712,0.846153197244288,0.8459458075908729,0.8375715030669658,0.1624284969330341,-0.7929490199143727,1,0,0,0.0,1,1,1,1,,0,1,1,0,1,0,0,1.0,1.0,0.0,0.0,0.0,,0.9485340260591607,1.9765610715367283,-0.4463989691040839,0.4494261643209692,-0.6923063944885759,0.8459458075908729,0.6751430061339317,0.7929490199143727,0.5740952,0.5054773953275018,0.55750525
2026-05-14 11:15:00,2026-05-14 11:50:00,-1,1234.3,1226.75,pivot,7.549999999999954,0.1738315,7.176168499999952,226049.3077499985,1.0,2026-05-14,1232.75,1235.65,1232.55,0.0,1226.55,1229.5,1225.75,0.0,2026,0.0,0.0,0.0,0.0,0.0,0.0,0.0,0.0,0.0,0.0,0.0,0.0,0.0,0.0,0.0,1.0,1.0,1.0,1,11,3,5,263.3944754270729,0.6653597395204893,0.2884712987134207,0.6653597395204893,0.3346402604795107,0.0001300778662668,0.0001739972010288,0.0016458282436628,True,46.201493590323565,0.0919828340626059,-1.1623246171956765,0.0919828340626059,0.908017165937394,0.0004593933437559,0.0005290086209425,0.0027885295792093,True,0.2520781752875328,9.783203009950532e-05,-3.6140291341072617,9.783203009950532e-05,0.9999021679699004,0.0009864865853135,0.0011599168042025,0.003510281749461,True,7.164622946893501,0.0205916660395758,-2.141682702331405,0.0205916660395758,0.979408333960424,0.0021790733647819,0.0026093807385957,0.0048570242325007,True,0.3346402604795107,0.6653597395204893,0.2884712987134207,0.908017165937394,0.0919828340626059,-1.1623246171956765,0.9999021679699004,9.783203009950532e-05,-3.6140291341072617,0.979408333960424,0.0205916660395758,-2.141682702331405,1,0,0,0.0,1,1,1,1,,0,1,1,0,1,0,0,1.0,1.0,0.0,0.0,0.0,,-0.33071947904097865,0.2884712987134207,0.8160343318747881,1.1623246171956765,0.9998043359398009,3.6140291341072617,0.9588166679208482,2.141682702331405,0.5067415,0.5103982628627917,0.5426612
2026-05-14 11:55:00,2026-05-14 12:25:00,1,1226.7,1230.35,pivot,3.649999999999864,0.1737115,3.2762884999998634,103203.0877499957,1.0,2026-05-14,1224.75,1226.8,1223.6,0.0,1231.7,1233.85,1230.35,0.0,2026,0.0,0.0,0.0,0.0,0.0,0.0,0.0,0.0,0.0,0.0,0.0,0.0,0.0,0.0,0.0,1.0,1.0,0.0,1,11,3,5,12.027983551649587,0.0162348263988869,-2.1826425465004458,0.0162348263988869,0.983765173601113,-0.000110413105679,-8.032602477331566e-05,0.0020123849599327,True,17.045659765633935,0.0460998530403799,-1.690902952228966,0.0460998530403799,0.95390014695962,-0.0002438509837386,-0.0002531376731421,0.0038374916548573,True,48.70375220651015,0.1712203709634598,-0.7593996055144635,0.1712203709634598,0.8287796290365401,-0.0004756162747039,-0.0004235749381016,0.0056524339104191,True,10.69553524940225,0.0617266376314679,-1.4101243430739792,0.0617266376314679,0.938273362368532,-0.0013271035036923,-0.0008623558110632,0.0076343952782248,True,0.0162348263988869,0.983765173601113,2.1826425465004458,0.0460998530403799,0.95390014695962,1.690902952228966,0.1712203709634598,0.8287796290365401,0.7593996055144635,0.0617266376314679,0.938273362368532,1.4101243430739792,1,0,0,0.0,1,1,1,1,,0,1,1,0,1,0,0,1.0,1.0,0.0,0.0,0.0,,-0.9675303472022262,2.1826425465004458,-0.9078002939192401,1.690902952228966,-0.6575592580730804,0.7593996055144635,-0.8765467247370641,1.4101243430739792,0.6302167,0.5294064736300117,0.55206335
2026-05-14 14:15:00,2026-05-14 14:55:00,1,1228.6,1232.7,pivot,4.100000000000136,0.173839,3.7261610000001366,117374.0715000043,1.0,2026-05-14,1225.6,1228.7,1224.1,0.0,1237.0,1237.05,1231.7,0.0,2026,0.0,0.0,0.0,0.0,0.0,0.0,0.0,0.0,0.0,0.0,0.0,0.0,0.0,0.0,0.0,1.0,1.0,1.0,1,14,3,5,55.43215650716812,0.0613563305972215,-1.3718549548640722,0.0613563305972215,0.9386436694027784,-0.000110413105679,-8.032602477331566e-05,0.0020123849599327,True,49.52481637499095,0.1300744237620363,-0.9488162951595716,0.1300744237620363,0.8699255762379636,-0.0002438509837386,-0.0002531376731421,0.0038374916548573,True,29.624019930926494,0.1102322090457337,-1.0360940237864915,0.1102322090457337,0.8897677909542662,-0.0004756162747039,-0.0004235749381016,0.0056524339104191,True,64.75277738976007,0.5043988619387952,-0.051976459729968,0.5043988619387952,0.4956011380612047,-0.0013271035036923,-0.0008623558110632,0.0076343952782248,True,0.0613563305972215,0.9386436694027784,1.3718549548640722,0.1300744237620363,0.8699255762379636,0.9488162951595716,0.1102322090457337,0.8897677909542662,1.0360940237864915,0.5043988619387952,0.4956011380612047,0.051976459729968,1,0,0,0.0,1,1,1,1,,0,1,0,1,1,0,0,1.0,1.0,0.0,0.0,0.0,,-0.877287338805557,1.3718549548640722,-0.7398511524759274,0.9488162951595716,-0.7795355819085324,1.0360940237864915,0.008797723877590535,0.051976459729968,0.6001814,0.5175652113720303,0.5668973
2026-05-14 15:25:00,2026-05-14 15:45:00,-1,1239.25,1245.5,eod,-6.25,0.1745425,-6.6245425,-208673.08875,1.0,2026-05-14,1244.75,1244.75,1239.1,0.0,1245.5,1245.5,1245.5,0.0,2026,0.0,0.0,0.0,0.0,0.0,0.0,0.0,0.0,0.0,0.0,0.0,0.0,0.0,0.0,0.0,1.0,1.0,1.0,0,15,3,5,12.476698721815506,0.0157649164824442,-2.605416132550004,0.0157649164824442,0.9842350835175556,0.0001300778662668,0.0001739972010288,0.0016458282436628,True,52.77124364786777,0.1044229495627636,-1.0727581301166351,0.1044229495627636,0.8955770504372363,0.0004593933437559,0.0005290086209425,0.0027885295792093,True,58.15413057208596,0.8524631940091363,0.9736190611974392,0.8524631940091363,0.1475368059908637,0.0009864865853135,0.0011599168042025,0.003510281749461,True,20.778941691025423,0.9187404323104496,1.385628282195774,0.9187404323104496,0.0812595676895504,0.0021790733647819,0.0026093807385957,0.0048570242325007,True,0.9842350835175556,0.0157649164824442,-2.605416132550004,0.8955770504372363,0.1044229495627636,-1.0727581301166351,0.1475368059908637,0.8524631940091363,0.9736190611974392,0.0812595676895504,0.9187404323104496,1.385628282195774,1,0,0,0.0,1,1,1,1,,0,1,0,0,1,0,0,1.0,1.0,0.0,0.0,0.0,,0.9684701670351115,2.605416132550004,0.7911541008744727,1.0727581301166351,-0.7049263880182726,0.9736190611974392,-0.8374808646208991,1.385628282195774,0.55790937,0.5043368478117914,0.53811496
2026-05-15 10:30:00,2026-05-15 10:35:00,-1,1228.1,1227.95,pivot,0.1499999999998635,0.1736815,-0.22368150000013645,-7045.967250004298,1.0,2026-05-15,1227.95,1228.6,1225.2,0.0,1231.8,1234.75,1227.95,0.0,2026,0.0,0.0,0.0,0.0,0.0,0.0,0.0,0.0,0.0,0.0,0.0,0.0,0.0,0.0,0.0,1.0,0.0,0.0,0,10,4,5,107.28866742783372,0.1390352589391001,-0.8854153446040687,0.1390352589391001,0.8609647410608998,-0.000110413105679,-8.032602477331566e-05,0.0020123849599327,True,67.338744441595,0.1733842617720852,-0.7563097617725699,0.1733842617720852,0.8266157382279147,-0.0002438509837386,-0.0002531376731421,0.0038374916548573,True,20.18735201574481,0.0797382590508793,-1.2533776896352578,0.0797382590508793,0.9202617409491206,-0.0004756162747039,-0.0004235749381016,0.0056524339104191,True,4.139834014278703,0.0292388528280053,-2.1026067616783672,0.0292388528280053,0.9707611471719946,-0.0013271035036923,-0.0008623558110632,0.0076343952782248,True,0.8609647410608998,0.1390352589391001,-0.8854153446040687,0.8266157382279147,0.1733842617720852,-0.7563097617725699,0.9202617409491206,0.0797382590508793,-1.2533776896352578,0.9707611471719946,0.0292388528280053,-2.1026067616783672,1,0,0,0.0,1,1,1,1,,0,1,1,0,0,1,0,1.0,1.0,0.0,0.0,0.0,,0.7219294821217997,0.8854153446040687,0.6532314764558295,0.7563097617725699,0.8405234818982413,1.2533776896352578,0.9415222943439893,2.1026067616783672,0.5927152,0.5065028094884039,0.51744485
2026-05-15 10:35:00,2026-05-15 10:55:00,-1,1227.95,1215.55,pivot,12.400000000000093,0.173305,12.02669500000009,378840.89250000287,1.0,2026-05-15,1231.8,1234.75,1227.95,0.0,1206.85,1218.6,1204.8,0.0,2026,0.0,0.0,0.0,0.0,0.0,0.0,0.0,0.0,0.0,0.0,0.0,0.0,0.0,0.0,0.0,1.0,1.0,1.0,1,10,4,5,10.27006879378123,0.0126395943870583,-2.341669172671041,0.0126395943870583,0.9873604056129416,-0.000110413105679,-8.032602477331566e-05,0.0020123849599327,True,14.047683887242504,0.0373212992708509,-1.8367554155807813,0.0373212992708509,0.9626787007291492,-0.0002438509837386,-0.0002531376731421,0.0038374916548573,True,7.274132700330551,0.0231282415191829,-2.079926390338858,0.0231282415191829,0.9768717584808172,-0.0004756162747039,-0.0004235749381016,0.0056524339104191,True,3.184083059837316,0.0149551904342457,-2.5998554815571007,0.0149551904342457,0.9850448095657542,-0.0013271035036923,-0.0008623558110632,0.0076343952782248,True,0.9873604056129416,0.0126395943870583,-2.341669172671041,0.9626787007291492,0.0373212992708509,-1.8367554155807813,0.9768717584808172,0.0231282415191829,-2.079926390338858,0.9850448095657542,0.0149551904342457,-2.5998554815571007,1,0,0,0.0,1,1,1,1,,0,1,1,0,1,0,0,1.0,1.0,0.0,0.0,0.0,,0.9747208112258833,2.341669172671041,0.9253574014582983,1.8367554155807813,0.9537435169616343,2.079926390338858,0.9700896191315086,2.5998554815571007,0.5348235,0.561866669379402,0.5011976
2026-05-15 11:25:00,2026-05-15 11:50:00,-1,1201.45,1205.7,pivot,-4.25,0.1722145,-4.6222145,-145599.75675,1.0,2026-05-15,1195.15,1206.8,1194.05,0.0,1205.7,1211.3,1204.4,0.0,2026,0.0,0.0,0.0,0.0,0.0,0.0,0.0,0.0,0.0,0.0,0.0,0.0,0.0,0.0,0.0,1.0,0.0,0.0,0,11,4,5,122.53999690140154,0.2913557495520252,-0.4086170522675383,0.2913557495520252,0.7086442504479747,-0.0002661648747661,-0.0001463516317855,0.0038440551305893,True,4.010298754875866,0.0249795722166903,-2.032173668873762,0.0249795722166903,0.9750204277833096,-0.0005817526714248,-0.0004967132661988,0.0063528523425207,True,1.4001842993434206,0.0130181794747908,-2.8937515448793887,0.0130181794747908,0.9869818205252092,-0.0013770214074746,-0.0013519652801901,0.008144654226047,True,0.6160943309302865,0.0143838500088377,-2.948699372542443,0.0143838500088377,0.9856161499911622,-0.0030123610274504,-0.0037396713415324,0.0108651208129153,True,0.7086442504479747,0.2913557495520252,-0.4086170522675383,0.9750204277833096,0.0249795722166903,-2.032173668873762,0.9869818205252092,0.0130181794747908,-2.8937515448793887,0.9856161499911622,0.0143838500088377,-2.948699372542443,1,0,0,0.0,1,1,1,1,,0,1,1,0,0,1,0,1.0,1.0,0.0,0.0,0.0,,0.41728850089594954,0.4086170522675383,0.9500408555666192,2.032173668873762,0.9739636410504184,2.8937515448793887,0.9712322999823245,2.948699372542443,0.530832,0.5618376877164069,0.5042011
2026-05-18 11:45:00,2026-05-18 11:50:00,-1,1184.3,1182.7,pivot,1.599999999999909,0.17101,1.2289899999999092,38713.18499999714,1.0,2026-05-18,1182.95,1189.25,1181.85,0.0,1176.5,1183.05,1174.45,0.0,2026,0.0,0.0,0.0,0.0,0.0,0.0,0.0,0.0,0.0,0.0,0.0,0.0,0.0,0.0,0.0,1.0,1.0,2.0,1,11,0,5,10.715337916424692,0.0174974631503896,-2.143543545703254,0.0174974631503896,0.9825025368496104,0.0001563413261212,0.0001342007848141,0.0022508428428869,True,5.836441366506239,0.0244896740426554,-2.2353758206777954,0.0244896740426554,0.9755103259573444,0.0004022673686253,0.0004032378048513,0.0038413521400987,True,34.989452651440246,0.8867118511831009,1.0320376785276346,0.8867118511831009,0.113288148816899,0.0009088040518724,0.0009711022264064,0.0051523554686756,True,3.082938857914308,0.9879351080480356,2.4957371363183216,0.9879351080480356,0.0120648919519643,0.0020333377015545,0.0022241274420573,0.0064739075467352,True,0.9825025368496104,0.0174974631503896,-2.143543545703254,0.9755103259573444,0.0244896740426554,-2.2353758206777954,0.113288148816899,0.8867118511831009,1.0320376785276346,0.0120648919519643,0.9879351080480356,2.4957371363183216,1,0,0,0.0,1,1,1,1,,0,1,1,0,1,0,0,1.0,1.0,0.0,0.0,0.0,,0.9650050736992208,2.143543545703254,0.951020651914689,2.2353758206777954,-0.773423702366202,1.0320376785276346,-0.9758702160960714,2.4957371363183216,0.5920023,0.5293605075149207,0.5439546
2026-05-18 13:50:00,2026-05-18 14:20:00,1,1173.9,1163.0,pivot,-10.900000000000093,0.170107,-11.270107000000092,-355008.3705000029,1.0,2026-05-18,1175.2,1175.55,1171.8,0.0,1169.95,1170.45,1162.9,0.0,2026,0.0,0.0,0.0,0.0,0.0,0.0,0.0,0.0,0.0,0.0,0.0,0.0,0.0,0.0,0.0,1.0,1.0,1.0,0,13,0,5,6.997411409950711,0.9915639441832236,2.7926559524065584,0.9915639441832236,0.0084360558167763,0.0001300778662668,0.0001739972010288,0.0016458282436628,True,49.246243003618616,0.9160798023146876,1.291372134834359,0.9160798023146876,0.0839201976853123,0.0004593933437559,0.0005290086209425,0.0027885295792093,True,6.768833520172231,0.0119567684804429,-2.633046532925065,0.0119567684804429,0.9880432315195572,0.0009864865853135,0.0011599168042025,0.003510281749461,True,15.798411288659675,0.0555962967685017,-1.4537498858127125,0.0555962967685017,0.9444037032314982,0.0021790733647819,0.0026093807385957,0.0048570242325007,True,0.9915639441832236,0.0084360558167763,-2.7926559524065584,0.9160798023146876,0.0839201976853123,-1.291372134834359,0.0119567684804429,0.9880432315195572,2.633046532925065,0.0555962967685017,0.9444037032314982,1.4537498858127125,1,0,0,0.0,1,1,1,1,,0,1,0,1,1,0,0,1.0,1.0,0.0,0.0,0.0,,0.9831278883664473,2.7926559524065584,0.8321596046293752,1.291372134834359,-0.9760864630391143,2.633046532925065,-0.8888074064629965,1.4537498858127125,0.5373319,0.5153951117656477,0.56870735
2026-05-19 13:10:00,2026-05-19 14:05:00,1,1132.2,1130.6,pivot,-1.6000000000001364,0.167884,-1.9678840000001365,-61988.3460000043,1.0,2026-05-19,1131.5,1134.6,1130.95,0.0,1134.65,1135.3,1126.75,0.0,2026,0.0,0.0,0.0,0.0,0.0,0.0,0.0,0.0,0.0,0.0,0.0,0.0,0.0,0.0,0.0,1.0,1.0,1.0,0,13,1,5,10.447351333800627,0.0167661122289549,-2.5227476470920127,0.0167661122289549,0.983233887771045,-0.0002489959705932,-0.0002785510829892,0.0021534007647523,True,7.762556574874438,0.0227724849407443,-2.220128982066719,0.0227724849407443,0.9772275150592556,-0.0006915793247465,-0.0008407914987825,0.0036317580719136,True,15.781349034156827,0.0523040028624226,-1.684082878662362,0.0523040028624226,0.9476959971375774,-0.0012071125204979,-0.0016017462979116,0.0047506165829724,True,16.414305590555124,0.9501223341704904,1.3773690417443871,0.9501223341704904,0.0498776658295095,-0.0022007238582214,-0.0027994441102209,0.0059131356858564,True,0.0167661122289549,0.983233887771045,2.5227476470920127,0.0227724849407443,0.9772275150592556,2.220128982066719,0.0523040028624226,0.9476959971375774,1.684082878662362,0.9501223341704904,0.0498776658295095,-1.3773690417443871,1,0,0,0.0,1,1,1,1,,0,1,0,1,1,0,0,1.0,1.0,0.0,0.0,0.0,,-0.9664677755420902,2.5227476470920127,-0.9544550301185113,2.220128982066719,-0.8953919942751547,1.684082878662362,0.9002446683409809,1.3773690417443871,0.53317475,0.5599524477032565,0.58074045
2026-05-20 12:30:00,2026-05-20 12:35:00,1,1110.0,1108.15,pivot,-1.849999999999909,0.1665445,-2.2165444999999093,-69821.15174999714,1.0,2026-05-20,1108.4,1110.6,1105.45,0.0,1111.5,1114.6,1107.8,0.0,2026,0.0,0.0,0.0,0.0,0.0,0.0,0.0,0.0,0.0,0.0,0.0,0.0,0.0,0.0,0.0,1.0,1.0,0.0,0,12,2,5,26.72152938778981,0.067857999302677,-1.1725221395686816,0.067857999302677,0.9321420006973228,-0.0002269615933968,-0.000155681224693,0.0040312993911495,True,6.067076880593759,0.0349191213494351,-1.780521590667255,0.0349191213494351,0.9650808786505648,-0.0004650223181095,-0.0005211663351293,0.0065377459996741,True,34.8913774254603,0.1910508878043581,-0.6397178050415032,0.1910508878043581,0.8089491121956419,-0.0012053369340164,-0.0014128033611818,0.0085928716626048,True,1.5534499400271111,0.0236935470262938,-2.536574511343895,0.0236935470262938,0.976306452973706,-0.0031352397907084,-0.00425845309321,0.0116189703312919,True,0.067857999302677,0.9321420006973228,1.1725221395686816,0.0349191213494351,0.9650808786505648,1.780521590667255,0.1910508878043581,0.8089491121956419,0.6397178050415032,0.0236935470262938,0.976306452973706,2.536574511343895,1,0,0,0.0,1,1,1,1,,0,1,0,1,1,0,0,1.0,1.0,0.0,0.0,0.0,,-0.8642840013946458,1.1725221395686816,-0.9301617573011297,1.780521590667255,-0.6178982243912838,0.6397178050415032,-0.9526129059474122,2.536574511343895,0.5459857,0.522962529398188,0.59396255
2026-05-20 14:00:00,2026-05-20 14:45:00,1,1110.85,1114.3,pivot,3.450000000000045,0.1667545,3.083245500000046,97122.23325000145,1.0,2026-05-20,1115.9,1120.4,1110.8,0.0,1113.55,1114.5,1112.75,0.0,2026,0.0,0.0,0.0,0.0,0.0,0.0,0.0,0.0,0.0,0.0,0.0,0.0,0.0,0.0,0.0,1.0,1.0,2.0,1,14,2,5,84.96627654410864,0.1870982805871035,-0.6076883642679317,0.1870982805871035,0.8129017194128965,-0.0002269615933968,-0.000155681224693,0.0040312993911495,True,35.59007392414244,0.1497734945971267,-0.7710428995514758,0.1497734945971267,0.8502265054028733,-0.0004650223181095,-0.0005211663351293,0.0065377459996741,True,22.41247489259557,0.122401959039757,-0.9193183796156656,0.122401959039757,0.877598040960243,-0.0012053369340164,-0.0014128033611818,0.0085928716626048,True,37.981761775469735,0.7512281939331136,0.5564103862030118,0.7512281939331136,0.2487718060668864,-0.0031352397907084,-0.00425845309321,0.0116189703312919,True,0.1870982805871035,0.8129017194128965,0.6076883642679317,0.1497734945971267,0.8502265054028733,0.7710428995514758,0.122401959039757,0.877598040960243,0.9193183796156656,0.7512281939331136,0.2487718060668864,-0.5564103862030118,1,0,0,0.0,1,1,1,1,,0,1,0,1,1,0,0,1.0,1.0,0.0,0.0,0.0,,-0.6258034388257929,0.6076883642679317,-0.7004530108057465,0.7710428995514758,-0.7551960819204859,0.9193183796156656,0.5024563878662271,0.5564103862030118,0.54100394,0.5068063168325606,0.61908925
2026-05-22 15:10:00,2026-05-22 15:45:00,-1,1227.35,1228.15,eod,-0.8000000000001819,0.173665,-1.1736650000001818,-36970.44750000573,1.0,2026-05-22,1226.85,1227.5,1225.95,0.0,1228.15,1228.15,1228.15,0.0,2026,0.0,0.0,0.0,0.0,0.0,0.0,0.0,0.0,0.0,0.0,0.0,0.0,0.0,0.0,0.0,1.0,1.0,1.0,0,15,4,5,97.40165678524563,0.8977052352716995,1.156780567648671,0.8977052352716995,0.1022947647283004,0.0001300778662668,0.0001739972010288,0.0016458282436628,True,38.001425766382376,0.0727068543293298,-1.3263561591017656,0.0727068543293298,0.9272931456706702,0.0004593933437559,0.0005290086209425,0.0027885295792093,True,33.38906351938382,0.084067544050683,-1.2680457598478485,0.084067544050683,0.9159324559493168,0.0009864865853135,0.0011599168042025,0.003510281749461,True,31.214079055705646,0.0910003116082967,-1.131333960847277,0.0910003116082967,0.9089996883917032,0.0021790733647819,0.0026093807385957,0.0048570242325007,True,0.1022947647283004,0.8977052352716995,1.156780567648671,0.9272931456706702,0.0727068543293298,-1.3263561591017656,0.9159324559493168,0.084067544050683,-1.2680457598478485,0.9089996883917032,0.0910003116082967,-1.131333960847277,1,0,0,0.0,1,1,1,1,,0,1,0,0,1,0,0,1.0,1.0,0.0,0.0,0.0,,-0.7954104705433991,1.156780567648671,0.8545862913413405,1.3263561591017656,0.8318649118986339,1.2680457598478485,0.8179993767834065,1.131333960847277,0.52854097,0.5263288876819726,0.64703137
2026-05-26 14:45:00,2026-05-26 15:25:00,-1,1269.6,1264.0,pivot,5.599999999999909,0.176008,5.2239919999999085,164555.7479999971,1.0,2026-05-26,1269.7,1271.1,1268.65,0.0,1263.65,1265.4,1263.15,0.0,2026,0.0,0.0,0.0,0.0,0.0,0.0,0.0,0.0,0.0,0.0,0.0,0.0,0.0,0.0,0.0,1.0,1.0,1.0,1,14,1,5,312.2990983182921,0.6037205603989078,0.1577702285402766,0.6037205603989078,0.3962794396010922,0.0001300778662668,0.0001739972010288,0.0016458282436628,True,193.47519332421447,0.5493150125332049,0.0648064191768682,0.5493150125332049,0.4506849874667951,0.0004593933437559,0.0005290086209425,0.0027885295792093,True,150.9299529995162,0.4299388326934398,-0.1844266323817283,0.4299388326934398,0.5700611673065601,0.0009864865853135,0.0011599168042025,0.003510281749461,True,26.543571294447688,0.0810287967075486,-1.2016010695038215,0.0810287967075486,0.9189712032924514,0.0021790733647819,0.0026093807385957,0.0048570242325007,True,0.3962794396010922,0.6037205603989078,0.1577702285402766,0.4506849874667951,0.5493150125332049,0.0648064191768682,0.5700611673065601,0.4299388326934398,-0.1844266323817283,0.9189712032924514,0.0810287967075486,-1.2016010695038215,1,0,0,0.0,1,1,1,1,,0,1,0,1,1,0,0,1.0,1.0,0.0,0.0,0.0,,-0.20744112079781557,0.1577702285402766,-0.09863002506640983,0.0648064191768682,0.1401223346131203,0.1844266323817283,0.8379424065849028,1.2016010695038215,0.5074542,0.5109789362279423,0.61895883
2026-05-27 13:15:00,2026-05-27 13:40:00,1,1336.7,1323.15,pivot,-13.549999999999956,0.1797955,-13.929795499999956,-438788.5582499986,1.0,2026-05-27,1331.0,1337.25,1330.95,0.0,1325.35,1325.9,1320.45,0.0,2026,0.0,0.0,0.0,0.0,0.0,0.0,0.0,0.0,0.0,0.0,0.0,0.0,0.0,0.0,0.0,1.0,1.0,1.0,0,13,2,5,242.343523330672,0.463490931287127,-0.0651417080524169,0.463490931287127,0.5365090687128731,0.0001507468076022,0.0001427803269932,0.0021918419283438,True,115.18438004775166,0.3264874666105414,-0.3456835618668197,0.3264874666105414,0.6735125333894585,0.0004306230187282,0.0003502708448158,0.0037198243993486,True,35.37632714205258,0.1162309259188958,-1.1075635198729157,0.1162309259188958,0.8837690740811042,0.0008413025514226,0.0008498514036118,0.0047139453684341,True,35.525205250324575,0.1373467658910743,-0.9074123995648558,0.1373467658910743,0.8626532341089257,0.0018180138572274,0.0019881764003557,0.0067205762948667,True,0.463490931287127,0.5365090687128731,0.0651417080524169,0.3264874666105414,0.6735125333894585,0.3456835618668197,0.1162309259188958,0.8837690740811042,1.1075635198729157,0.1373467658910743,0.8626532341089257,0.9074123995648558,1,0,0,0.0,1,1,1,1,,0,1,0,1,1,0,0,1.0,1.0,0.0,0.0,0.0,,-0.07301813742574609,0.0651417080524169,-0.3470250667789171,0.3456835618668197,-0.7675381481622083,1.1075635198729157,-0.7253064682178514,0.9074123995648558,0.5845006,0.5023838554485986,0.55675596
2026-05-27 13:40:00,2026-05-27 13:45:00,1,1323.15,1325.55,pivot,2.399999999999864,0.1794609999999999,2.0205389999998635,63646.978499995705,1.0,2026-05-27,1325.35,1325.9,1320.45,0.0,1327.1,1328.4,1324.15,0.0,2026,0.0,0.0,0.0,0.0,0.0,0.0,0.0,0.0,0.0,0.0,0.0,0.0,0.0,0.0,0.0,1.0,1.0,0.0,1,13,2,5,33.81882324027138,0.9427044619258534,1.5100469883173693,0.9427044619258534,0.0572955380741465,-0.000110413105679,-8.032602477331566e-05,0.0020123849599327,True,9.692451491090496,0.0272352359419547,-2.057114953541836,0.0272352359419547,0.9727647640580452,-0.0002438509837386,-0.0002531376731421,0.0038374916548573,True,8.099260371412596,0.0287915970756717,-1.9503204116505963,0.0287915970756717,0.9712084029243282,-0.0004756162747039,-0.0004235749381016,0.0056524339104191,True,4.19641199551844,0.0303907812061526,-2.0664653395981167,0.0303907812061526,0.9696092187938472,-0.0013271035036923,-0.0008623558110632,0.0076343952782248,True,0.9427044619258534,0.0572955380741465,-1.5100469883173693,0.0272352359419547,0.9727647640580452,2.057114953541836,0.0287915970756717,0.9712084029243282,1.9503204116505963,0.0303907812061526,0.9696092187938472,2.0664653395981167,1,0,0,0.0,1,1,1,1,,0,1,0,1,1,0,0,1.0,1.0,0.0,0.0,0.0,,0.8854089238517069,1.5100469883173693,-0.9455295281160906,2.057114953541836,-0.9424168058486565,1.9503204116505963,-0.9392184375876946,2.0664653395981167,0.5899498,0.5101817127362358,0.50173926
2026-05-27 14:15:00,2026-05-27 14:35:00,-1,1315.45,1317.35,pivot,-1.899999999999864,0.178984,-2.2789839999998636,-71787.9959999957,1.0,2026-05-27,1314.5,1315.55,1310.55,0.0,1315.65,1322.7,1315.45,0.0,2026,0.0,0.0,0.0,0.0,0.0,0.0,0.0,0.0,0.0,0.0,0.0,0.0,0.0,0.0,0.0,1.0,0.0,0.0,0,14,2,5,315.30878345786846,0.5339038032361382,0.0679161216569648,0.5339038032361382,0.4660961967638618,-0.0001069985148417,-0.0001322486631791,0.0019472352064969,True,27.498754635343914,0.0666490648042673,-1.4600432470218407,0.0666490648042673,0.9333509351957326,-0.0003358895109858,-0.0003619471569104,0.0034729063478068,True,117.11772172598307,0.4254179256017046,-0.1654064902428245,0.4254179256017046,0.5745820743982955,-0.0005060348867784,-0.0002971528837183,0.0050606402299578,True,9.340584731354786,0.0483800719039581,-1.5240307084153193,0.0483800719039581,0.951619928096042,-0.0006224315571759,-0.0002556998663851,0.0065737234732237,True,0.4660961967638618,0.5339038032361382,0.0679161216569648,0.9333509351957326,0.0666490648042673,-1.4600432470218407,0.5745820743982955,0.4254179256017046,-0.1654064902428245,0.951619928096042,0.0483800719039581,-1.5240307084153193,1,0,0,0.0,1,1,1,1,,0,1,0,1,0,1,0,1.0,1.0,0.0,0.0,0.0,,-0.06780760647227635,0.0679161216569648,0.8667018703914653,1.4600432470218407,0.14916414879659085,0.1654064902428245,0.9032398561920839,1.5240307084153193,0.588436,0.5253092097545766,0.5063458
2026-05-27 14:45:00,2026-05-27 15:10:00,1,1324.1,1309.95,pivot,-14.149999999999864,0.1790215,-14.529021499999864,-457664.1772499957,1.0,2026-05-27,1310.25,1325.0,1310.25,0.0,1313.3,1314.45,1306.7,0.0,2026,0.0,0.0,0.0,0.0,0.0,0.0,0.0,0.0,0.0,0.0,0.0,0.0,0.0,0.0,0.0,1.0,1.0,0.0,0,14,2,5,149.84811876403316,0.1972175546802915,-0.6147220807837365,0.1972175546802915,0.8027824453197084,-0.0001069985148417,-0.0001322486631791,0.0019472352064969,True,40.21852942077615,0.106774884488964,-1.10789837354919,0.106774884488964,0.8932251155110359,-0.0003358895109858,-0.0003619471569104,0.0034729063478068,True,42.40817648360006,0.1434380656605909,-0.8553508982354436,0.1434380656605909,0.8565619343394091,-0.0005060348867784,-0.0002971528837183,0.0050606402299578,True,34.95670608420087,0.1362218558530729,-0.8373172112626145,0.1362218558530729,0.863778144146927,-0.0006224315571759,-0.0002556998663851,0.0065737234732237,True,0.1972175546802915,0.8027824453197084,0.6147220807837365,0.106774884488964,0.8932251155110359,1.10789837354919,0.1434380656605909,0.8565619343394091,0.8553508982354436,0.1362218558530729,0.863778144146927,0.8373172112626145,1,0,0,0.0,1,1,1,1,,0,1,0,1,1,0,0,1.0,1.0,0.0,0.0,0.0,,-0.6055648906394169,0.6147220807837365,-0.7864502310220719,1.10789837354919,-0.7131238686788182,0.8553508982354436,-0.7275562882938541,0.8373172112626145,0.6053399,0.5281504368170893,0.52621174
2026-05-28 12:55:00,2026-05-28 13:20:00,-1,1265.3,1239.5,pivot,25.799999999999955,0.175144,25.424855999999956,800882.9639999986,1.0,2026-05-28,1259.05,1265.3,1258.3,0.0,1242.2,1243.15,1237.5,0.0,2026,0.0,0.0,0.0,0.0,0.0,0.0,0.0,0.0,0.0,0.0,0.0,0.0,0.0,0.0,0.0,1.0,0.0,0.0,1,12,3,5,17.508379476867844,0.9747132597513668,2.116882957747547,0.9747132597513668,0.025286740248633,-0.0002489959705932,-0.0002785510829892,0.0021534007647523,True,75.11263938686969,0.1926639463702662,-0.6707558730122396,0.1926639463702662,0.8073360536297337,-0.0006915793247465,-0.0008407914987825,0.0036317580719136,True,6.313316575480269,0.0241112892715929,-2.244051922122946,0.0241112892715929,0.9758887107284072,-0.0012071125204979,-0.0016017462979116,0.0047506165829724,True,3.128451606347715,0.0188930773868111,-2.621175095150197,0.0188930773868111,0.9811069226131888,-0.0022007238582214,-0.0027994441102209,0.0059131356858564,True,0.025286740248633,0.9747132597513668,2.116882957747547,0.8073360536297337,0.1926639463702662,-0.6707558730122396,0.9758887107284072,0.0241112892715929,-2.244051922122946,0.9811069226131888,0.0188930773868111,-2.621175095150197,1,0,0,0.0,1,1,1,1,,0,1,0,1,0,1,0,1.0,1.0,0.0,0.0,0.0,,-0.9494265195027338,2.116882957747547,0.6146721072594675,0.6707558730122396,0.9517774214568143,2.244051922122946,0.9622138452263777,2.621175095150197,0.5607377,0.5911268241694283,0.565941
2026-05-28 13:20:00,2026-05-28 13:25:00,-1,1239.5,1242.3,pivot,-2.7999999999999545,0.174454,-3.1744539999999546,-99995.30099999857,1.0,2026-05-28,1242.2,1243.15,1237.5,0.0,1247.2,1249.6,1239.55,0.0,2026,0.0,0.0,0.0,0.0,0.0,0.0,0.0,0.0,0.0,0.0,0.0,0.0,0.0,0.0,0.0,1.0,0.0,0.0,0,13,3,5,3.50698228882906,0.006661321060239,-3.271772122743261,0.006661321060239,0.9933386789397608,-0.0002489959705932,-0.0002785510829892,0.0021534007647523,True,3.34340853498122,0.0112744410534744,-2.913732160548686,0.0112744410534744,0.9887255589465256,-0.0006915793247465,-0.0008407914987825,0.0036317580719136,True,8.503452254576239,0.0306040795513441,-2.0589542543177237,0.0306040795513441,0.969395920448656,-0.0012071125204979,-0.0016017462979116,0.0047506165829724,True,0.8171119031817291,0.0025536894098715,-4.539588358313796,0.0025536894098715,0.9974463105901284,-0.0022007238582214,-0.0027994441102209,0.0059131356858564,True,0.9933386789397608,0.006661321060239,-3.271772122743261,0.9887255589465256,0.0112744410534744,-2.913732160548686,0.969395920448656,0.0306040795513441,-2.0589542543177237,0.9974463105901284,0.0025536894098715,-4.539588358313796,1,0,0,0.0,1,1,1,1,,0,1,0,1,0,1,0,1.0,1.0,0.0,0.0,0.0,,0.9866773578795218,3.271772122743261,0.9774511178930512,2.913732160548686,0.9387918408973118,2.0589542543177237,0.9948926211802569,4.539588358313796,0.6173791,0.5431329986254484,0.5777044
2026-05-28 13:25:00,2026-05-28 13:45:00,1,1242.3,1254.4,pivot,12.100000000000136,0.174901,11.725099000000137,369340.6185000043,1.0,2026-05-28,1247.2,1249.6,1239.55,0.0,1251.65,1255.5,1249.9,0.0,2026,0.0,0.0,0.0,0.0,0.0,0.0,0.0,0.0,0.0,0.0,0.0,0.0,0.0,0.0,0.0,1.0,0.0,0.0,1,13,3,5,24.6420535061626,0.0454211630569421,-1.795953911140375,0.0454211630569421,0.954578836943058,-0.0002489959705932,-0.0002785510829892,0.0021534007647523,True,9.864456017648518,0.026236106192243,-2.1130262350577973,0.026236106192243,0.973763893807757,-0.0006915793247465,-0.0008407914987825,0.0036317580719136,True,0.6972189379992618,0.0055978214047204,-3.832598950464208,0.0055978214047204,0.9944021785952796,-0.0012071125204979,-0.0016017462979116,0.0047506165829724,True,0.7331724263530347,0.0002364523411187,-4.950315440902809,0.0002364523411187,0.9997635476588812,-0.0022007238582214,-0.0027994441102209,0.0059131356858564,True,0.0454211630569421,0.954578836943058,1.795953911140375,0.026236106192243,0.973763893807757,2.1130262350577973,0.0055978214047204,0.9944021785952796,3.832598950464208,0.0002364523411187,0.9997635476588812,4.950315440902809,1,0,0,0.0,1,1,1,1,,0,1,0,1,0,1,0,1.0,1.0,0.0,0.0,0.0,,-0.9091576738861159,1.795953911140375,-0.9475277876155139,2.1130262350577973,-0.9888043571905591,3.832598950464208,-0.9995270953177625,4.950315440902809,0.6191008,0.5276725784842193,0.5999476
2026-05-28 13:45:00,2026-05-28 14:20:00,-1,1254.4,1262.65,pivot,-8.25,0.1755115,-8.6255115,-271703.61225,1.0,2026-05-28,1251.65,1255.5,1249.9,0.0,1270.7,1270.7,1262.15,0.0,2026,0.0,0.0,0.0,0.0,0.0,0.0,0.0,0.0,0.0,0.0,0.0,0.0,0.0,0.0,0.0,1.0,1.0,0.0,0,13,3,5,29.589443210242116,0.9450341848949848,1.5365725165185564,0.9450341848949848,0.054965815105015,-0.0002489959705932,-0.0002785510829892,0.0021534007647523,True,1.914583044887868,0.9935948616356292,3.2516586082614944,0.9935948616356292,0.0064051383643708,-0.0006915793247465,-0.0008407914987825,0.0036317580719136,True,83.44715595416979,0.8078969618153661,0.6726493434461236,0.8078969618153661,0.1921030381846339,-0.0012071125204979,-0.0016017462979116,0.0047506165829724,True,86.18647868527651,0.4371511025675193,-0.0173551172899965,0.4371511025675193,0.5628488974324807,-0.0022007238582214,-0.0027994441102209,0.0059131356858564,True,0.054965815105015,0.9450341848949848,1.5365725165185564,0.0064051383643708,0.9935948616356292,3.2516586082614944,0.1921030381846339,0.8078969618153661,0.6726493434461236,0.5628488974324807,0.4371511025675193,-0.0173551172899965,1,0,0,0.0,1,1,1,1,,0,1,0,1,1,0,0,1.0,1.0,0.0,0.0,0.0,,-0.8900683697899698,1.5365725165185564,-0.9871897232712583,3.2516586082614944,-0.6157939236307322,0.6726493434461236,0.12569779486496135,0.0173551172899965,0.5992383,0.5102311367938636,0.6258371
2026-05-28 14:20:00,2026-05-28 14:55:00,1,1262.65,1283.75,pivot,21.09999999999991,0.176392,20.723607999999906,652793.6519999971,1.0,2026-05-28,1270.7,1270.7,1262.15,0.0,1282.6,1284.05,1280.8,0.0,2026,0.0,0.0,0.0,0.0,0.0,0.0,0.0,0.0,0.0,0.0,0.0,0.0,0.0,0.0,0.0,1.0,2.0,1.0,1,14,3,5,5.87644115683226,0.9914657760318089,2.816095609302638,0.9914657760318089,0.0085342239681911,-0.0002489959705932,-0.0002785510829892,0.0021534007647523,True,2.5215815426445216,0.991113287124314,2.9320482452157863,0.991113287124314,0.0088867128756859,-0.0006915793247465,-0.0008407914987825,0.0036317580719136,True,3.489684628315772,0.9886216373442904,2.191794643539005,0.9886216373442904,0.0113783626557096,-0.0012071125204979,-0.0016017462979116,0.0047506165829724,True,1.7141067718919023,0.9962550791649192,3.255973873010191,0.9962550791649192,0.0037449208350807,-0.0022007238582214,-0.0027994441102209,0.0059131356858564,True,0.9914657760318089,0.0085342239681911,-2.816095609302638,0.991113287124314,0.0088867128756859,-2.9320482452157863,0.9886216373442904,0.0113783626557096,-2.191794643539005,0.9962550791649192,0.0037449208350807,-3.255973873010191,1,0,0,0.0,1,1,1,1,,0,1,0,1,0,0,0,1.0,1.0,0.0,0.0,0.0,,0.9829315520636177,2.816095609302638,0.9822265742486281,2.9320482452157863,0.9772432746885809,2.191794643539005,0.9925101583298385,3.255973873010191,0.515703,0.5899040310424397,0.665258
2026-05-28 14:55:00,2026-05-28 15:45:00,1,1283.75,1294.25,eod,10.5,0.17734,10.122660000000002,318863.79000000004,1.0,2026-05-28,1282.6,1284.05,1280.8,0.0,1294.25,1294.25,1294.25,0.0,2026,0.0,0.0,0.0,0.0,0.0,0.0,0.0,0.0,0.0,0.0,0.0,0.0,0.0,0.0,0.0,1.0,2.0,2.0,1,14,3,5,13.013337362722488,0.9804545771099296,2.283176240555493,0.9804545771099296,0.0195454228900703,-0.0001071738191224,-0.0001378540399803,0.0020475687963755,True,62.72377964022814,0.8532337941933692,0.8557027886868458,0.8532337941933692,0.1467662058066308,-0.0003524303209264,-0.0003637808762597,0.0035761196938846,True,3.063552733456823,0.982614454657585,2.8141511717265413,0.982614454657585,0.0173855453424149,-0.0005415576439892,-0.0002598840271786,0.0052606148932121,True,1.7115100471148623,0.9932555472968896,3.433445785438875,0.9932555472968896,0.0067444527031105,-0.0006093675766305,-0.0001285198834506,0.0068450193702185,True,0.9804545771099296,0.0195454228900703,-2.283176240555493,0.8532337941933692,0.1467662058066308,-0.8557027886868458,0.982614454657585,0.0173855453424149,-2.8141511717265413,0.9932555472968896,0.0067444527031105,-3.433445785438875,1,0,0,0.0,1,1,1,1,,0,1,0,1,0,0,0,1.0,1.0,0.0,0.0,0.0,,0.9609091542198592,2.283176240555493,0.7064675883867384,0.8557027886868458,0.9652289093151701,2.8141511717265413,0.9865110945937791,3.433445785438875,0.50768554,0.5278781929006011,0.7424311
2026-05-29 15:05:00,2026-05-29 15:25:00,-1,1343.3,1345.3,pivot,-2.0,0.1806579999999999,-2.3806580000000004,-74990.72700000001,1.0,2026-05-29,1343.45,1344.55,1343.1,0.0,1348.35,1348.4,1343.05,0.0,2026,0.0,0.0,0.0,0.0,0.0,0.0,0.0,0.0,0.0,0.0,0.0,0.0,0.0,0.0,0.0,1.0,1.0,1.0,0,15,4,5,246.66192070134255,0.2601735014341003,-0.4681805061602869,0.2601735014341003,0.7398264985658998,0.0001300778662668,0.0001739972010288,0.0016458282436628,True,34.99357647362501,0.0646745062098044,-1.4047326430046487,0.0646745062098044,0.9353254937901956,0.0004593933437559,0.0005290086209425,0.0027885295792093,True,25.950626620983392,0.0623772263954398,-1.475586243498184,0.0623772263954398,0.93762277360456,0.0009864865853135,0.0011599168042025,0.003510281749461,True,41.9872579788324,0.1136028125090134,-1.0051036241770257,0.1136028125090134,0.8863971874909866,0.0021790733647819,0.0026093807385957,0.0048570242325007,True,0.7398264985658998,0.2601735014341003,-0.4681805061602869,0.9353254937901956,0.0646745062098044,-1.4047326430046487,0.93762277360456,0.0623772263954398,-1.475586243498184,0.8863971874909866,0.1136028125090134,-1.0051036241770257,1,0,0,0.0,1,1,1,1,,0,1,0,0,1,0,0,1.0,1.0,0.0,0.0,0.0,,0.4796529971317995,0.4681805061602869,0.8706509875803912,1.4047326430046487,0.8752455472091203,1.475586243498184,0.7727943749819732,1.0051036241770257,0.55061185,0.5004399095425373,0.7525743
2026-06-01 14:55:00,2026-06-01 15:45:00,-1,1411.95,1417.7,eod,-5.75,0.1848895,-6.134889500000001,-193249.01925,1.0,2026-06-01,1412.15,1414.95,1410.0,0.0,1417.7,1417.7,1417.7,0.0,2026,0.0,0.0,0.0,0.0,0.0,0.0,0.0,0.0,0.0,0.0,0.0,0.0,0.0,0.0,0.0,1.0,1.0,1.0,0,14,0,6,26.41630467737312,0.9762697739914216,1.950724191622107,0.9762697739914216,0.0237302260085784,0.0001219411028181,0.0001808324372378,0.001704316115822,True,1.0062278270264322,0.9958358968738112,3.717471398698319,0.9958358968738112,0.0041641031261888,0.0004629071894288,0.0005724347317072,0.0028387067311563,True,152.23443909817004,0.4687268626056916,-0.103151331012616,0.4687268626056916,0.5312731373943085,0.0009860338393875,0.001141855140021,0.0035280219931739,True,42.96704614653055,0.1156732839194269,-0.9952105104557912,0.1156732839194269,0.884326716080573,0.0021790733647819,0.0026093807385957,0.0048570242325007,True,0.0237302260085784,0.9762697739914216,1.950724191622107,0.0041641031261888,0.9958358968738112,3.717471398698319,0.5312731373943085,0.4687268626056916,-0.103151331012616,0.884326716080573,0.1156732839194269,-0.9952105104557912,1,0,0,0.0,1,1,1,1,,0,1,0,1,1,0,0,1.0,1.0,0.0,0.0,0.0,,-0.9525395479828431,1.950724191622107,-0.9916717937476225,3.717471398698319,0.0625462747886169,0.103151331012616,0.7686534321611461,0.9952105104557912,0.5133525,0.5108056908634083,0.6918786
2026-06-02 11:00:00,2026-06-02 11:25:00,-1,1365.5,1374.25,pivot,-8.75,0.1821925,-9.132192499999999,-287664.06375,1.0,2026-06-02,1368.35,1372.35,1364.75,0.0,1376.5,1380.4,1372.3,0.0,2026,0.0,0.0,0.0,0.0,0.0,0.0,0.0,0.0,0.0,0.0,0.0,0.0,0.0,0.0,0.0,1.0,0.0,0.0,0,11,1,6,147.55899270703046,0.6395886710509069,0.2192086083847918,0.6395886710509069,0.3604113289490931,-0.0002368728646149,-0.0001343774102278,0.0034359990673319,True,5.373580356211744,0.02687656540026,-1.9014070428296277,0.02687656540026,0.97312343459974,-0.0003355570957819,-0.0003429751611654,0.005984227714857,True,8.75344173047994,0.0511040842301161,-1.5157598457392607,0.0511040842301161,0.948895915769884,-0.0010986407657697,-0.0012155155742496,0.0077847771010622,True,48.56378571848568,0.4832005996471964,0.0613872699441689,0.4832005996471964,0.5167994003528036,-0.003143995545695,-0.0042340060672795,0.0121628508246582,True,0.3604113289490931,0.6395886710509069,0.2192086083847918,0.97312343459974,0.02687656540026,-1.9014070428296277,0.948895915769884,0.0511040842301161,-1.5157598457392607,0.5167994003528036,0.4832005996471964,0.0613872699441689,1,0,0,0.0,1,1,1,1,,0,1,1,0,0,1,0,1.0,1.0,0.0,0.0,0.0,,-0.2791773421018138,0.2192086083847918,0.9462468691994801,1.9014070428296277,0.8977918315397678,1.5157598457392607,0.03359880070560717,0.0613872699441689,0.58428276,0.5014710665142084,0.5973606
2026-06-02 14:30:00,2026-06-02 15:00:00,1,1399.25,1406.75,pivot,7.5,0.18418,7.115819999999999,224148.33,1.0,2026-06-02,1406.7,1406.7,1399.2,0.0,1402.35,1407.6,1401.8,0.0,2026,0.0,0.0,0.0,0.0,0.0,0.0,0.0,0.0,0.0,0.0,0.0,0.0,0.0,0.0,0.0,1.0,2.0,2.0,1,14,1,6,20.845795118824768,0.9813845311987812,2.07823348578255,0.9813845311987812,0.0186154688012187,0.0001219411028181,0.0001808324372378,0.001704316115822,True,53.52270495105277,0.913821293847986,1.1982344034456691,0.913821293847986,0.086178706152014,0.0004629071894288,0.0005724347317072,0.0028387067311563,True,5.157457318671707,0.9867723263366852,2.638840597554981,0.9867723263366852,0.0132276736633148,0.0009860338393875,0.001141855140021,0.0035280219931739,True,2.3288214136579217,0.9942884770928512,3.1067496496093794,0.9942884770928512,0.0057115229071488,0.0021790733647819,0.0026093807385957,0.0048570242325007,True,0.9813845311987812,0.0186154688012187,-2.07823348578255,0.913821293847986,0.086178706152014,-1.1982344034456691,0.9867723263366852,0.0132276736633148,-2.638840597554981,0.9942884770928512,0.0057115229071488,-3.1067496496093794,1,0,0,0.0,1,1,1,1,,0,1,0,1,0,0,0,1.0,1.0,0.0,0.0,0.0,,0.9627690623975625,2.07823348578255,0.8276425876959721,1.1982344034456691,0.9735446526733704,2.638840597554981,0.9885769541857024,3.1067496496093794,0.52762854,0.5554665619785539,0.55436695
2026-06-08 14:45:00,2026-06-08 15:10:00,-1,1193.6,1193.65,pivot,-0.0500000000001819,0.1716175,-0.4216175000001819,-13280.95125000573,1.0,2026-06-08,1188.9,1194.05,1186.25,0.0,1186.0,1194.15,1185.65,0.0,2026,0.0,0.0,0.0,0.0,0.0,0.0,0.0,0.0,0.0,0.0,0.0,0.0,0.0,0.0,0.0,1.0,0.0,0.0,0,14,0,6,35.37353623055867,0.0710615884414415,-1.3782547093744333,0.0710615884414415,0.9289384115585584,-0.0002489959705932,-0.0002785510829892,0.0021534007647523,True,3.412104066128533,0.0126082265311224,-2.805118745434014,0.0126082265311224,0.9873917734688776,-0.0006915793247465,-0.0008407914987825,0.0036317580719136,True,6.970978616888883,0.0263054337271266,-2.175138905046833,0.0263054337271266,0.9736945662728732,-0.0012071125204979,-0.0016017462979116,0.0047506165829724,True,1.501793880492144,0.0086122180745646,-3.325972507896996,0.0086122180745646,0.9913877819254354,-0.0022007238582214,-0.0027994441102209,0.0059131356858564,True,0.9289384115585584,0.0710615884414415,-1.3782547093744333,0.9873917734688776,0.0126082265311224,-2.805118745434014,0.9736945662728732,0.0263054337271266,-2.175138905046833,0.9913877819254354,0.0086122180745646,-3.325972507896996,1,0,0,0.0,1,1,1,1,,0,1,0,1,0,1,0,1.0,1.0,0.0,0.0,0.0,,0.8578768231171169,1.3782547093744333,0.9747835469377553,2.805118745434014,0.9473891325457466,2.175138905046833,0.9827755638508708,3.325972507896996,0.54239434,0.5242752529900953,0.5057613
2026-06-09 10:25:00,2026-06-09 10:50:00,1,1225.0,1230.55,pivot,5.5499999999999545,0.1736665,5.176333499999954,163054.50524999856,1.0,2026-06-09,1222.1,1226.3,1218.3,0.0,1230.55,1236.2,1230.15,0.0,2026,0.0,0.0,0.0,0.0,0.0,0.0,0.0,0.0,0.0,0.0,0.0,0.0,0.0,0.0,0.0,1.0,1.0,0.0,1,10,1,6,88.02430408844162,0.8384664224629935,0.7882804911551777,0.8384664224629935,0.1615335775370064,-0.0002958583576998,-0.0003283903004793,0.002611734884801,True,34.84748263278865,0.1126745141129577,-1.091109252180736,0.1126745141129577,0.8873254858870423,-0.0009090521934108,-0.0009928337208306,0.0043566680718318,True,5.893825972536638,0.0279300275085097,-2.1376575308969343,0.0279300275085097,0.9720699724914902,-0.0016378405620452,-0.0020344178394564,0.0057969784651748,True,7.38929099589297,0.0387010327584269,-2.152022015749199,0.0387010327584269,0.961298967241573,-0.0030022698702621,-0.0038743159896148,0.0072541335523488,True,0.8384664224629935,0.1615335775370064,-0.7882804911551777,0.1126745141129577,0.8873254858870423,1.091109252180736,0.0279300275085097,0.9720699724914902,2.1376575308969343,0.0387010327584269,0.961298967241573,2.152022015749199,1,0,0,0.0,1,1,1,1,,0,1,1,0,1,0,0,1.0,1.0,0.0,0.0,0.0,,0.6769328449259872,0.7882804911551777,-0.7746509717740846,1.091109252180736,-0.9441399449829805,2.1376575308969343,-0.9225979344831461,2.152022015749199,0.57501477,0.5097897820735874,0.5403012
2026-06-09 14:15:00,2026-06-09 14:30:00,-1,1284.75,1279.4,pivot,5.349999999999909,0.1769245,4.973075499999909,156651.87824999713,1.0,2026-06-09,1284.95,1286.3,1283.55,0.0,1294.35,1294.55,1278.55,0.0,2026,0.0,0.0,0.0,0.0,0.0,0.0,0.0,0.0,0.0,0.0,0.0,0.0,0.0,0.0,0.0,1.0,1.0,2.0,1,14,1,6,2.0228777501618427,0.00221550547608,-4.422191161068008,0.00221550547608,0.99778449452392,0.0001219411028181,0.0001808324372378,0.001704316115822,True,178.4731249273149,0.3072545002430037,-0.3805036123846102,0.3072545002430037,0.6927454997569962,0.0004629071894288,0.0005724347317072,0.0028387067311563,True,6.706795165013552,0.0196814317334961,-2.265744611556615,0.0196814317334961,0.980318568266504,0.0009860338393875,0.001141855140021,0.0035280219931739,True,12.1467058344812,0.9628693748181124,1.906125111431952,0.9628693748181124,0.0371306251818875,0.0021790733647819,0.0026093807385957,0.0048570242325007,True,0.99778449452392,0.00221550547608,-4.422191161068008,0.6927454997569962,0.3072545002430037,-0.3805036123846102,0.980318568266504,0.0196814317334961,-2.265744611556615,0.0371306251818875,0.9628693748181124,1.906125111431952,1,0,0,0.0,1,1,1,1,,0,1,0,1,1,0,0,1.0,1.0,0.0,0.0,0.0,,0.9955689890478401,4.422191161068008,0.38549099951399246,0.3805036123846102,0.9606371365330079,2.265744611556615,-0.9257387496362249,1.906125111431952,0.5016275,0.5499936789954598,0.6130156
2026-06-10 10:25:00,2026-06-10 10:30:00,1,1255.35,1257.3,pivot,1.9500000000000453,0.1753795,1.5746205000000455,49600.54575000143,1.0,2026-06-10,1257.15,1259.65,1252.6,0.0,1258.5,1258.95,1250.25,0.0,2026,0.0,0.0,0.0,0.0,0.0,0.0,0.0,0.0,0.0,0.0,0.0,0.0,0.0,0.0,0.0,1.0,1.0,1.0,1,10,2,6,2.9594576272052806,0.9968187534772054,3.278697080676584,0.9968187534772054,0.0031812465227946,-0.0001291244206015,-0.000132275943533,0.002593159772166,True,10.031898521094284,0.9687365762423888,1.943303513155085,0.9687365762423888,0.0312634237576111,-0.0003839896813603,-0.0003963719999669,0.0046340243162027,True,5.531876703296981,0.975537580657064,2.1386922075007857,0.975537580657064,0.0244624193429361,-0.0007304577361633,-0.0006046941328746,0.0066800860624975,True,35.5713867469808,0.7643499277970073,0.5686100846927332,0.7643499277970073,0.2356500722029927,-0.0016747684028478,-0.0010248287920061,0.0087632611860598,True,0.9968187534772054,0.0031812465227946,-3.278697080676584,0.9687365762423888,0.0312634237576111,-1.943303513155085,0.975537580657064,0.0244624193429361,-2.1386922075007857,0.7643499277970073,0.2356500722029927,-0.5686100846927332,1,0,0,0.0,1,1,1,1,,0,1,1,0,1,0,0,1.0,1.0,0.0,0.0,0.0,,0.9936375069544108,3.278697080676584,0.9374731524847777,1.943303513155085,0.9510751613141278,2.1386922075007857,0.5286998555940146,0.5686100846927332,0.54903424,0.5053193425579108,0.66366506
2026-06-10 10:30:00,2026-06-10 12:00:00,-1,1257.3,1238.45,pivot,18.84999999999991,0.1748725,18.47512749999991,581966.5162499972,1.0,2026-06-10,1258.5,1258.95,1250.25,0.0,1242.55,1243.55,1238.15,0.0,2026,0.0,0.0,0.0,0.0,0.0,0.0,0.0,0.0,0.0,0.0,0.0,0.0,0.0,0.0,0.0,1.0,1.0,2.0,1,10,2,6,6.424755558243316,0.0155947651546567,-2.19841664013034,0.0155947651546567,0.9844052348453431,-0.0003121210431548,-0.0001561294769066,0.0037543452348333,True,36.11367966625539,0.8364304396299137,0.7749140075793911,0.8364304396299137,0.1635695603700863,-0.0003777852471218,-0.000395490747285,0.0062808151032888,True,32.00900569869635,0.8132152765617221,0.7109297354203459,0.8132152765617221,0.1867847234382779,-0.0011408220386713,-0.0011279740846368,0.0083830639680725,True,40.84806758020356,0.3268096946244189,-0.2996955548068425,0.3268096946244189,0.6731903053755811,-0.0025663640279043,-0.0027952317152727,0.011476727779212,True,0.9844052348453431,0.0155947651546567,-2.19841664013034,0.1635695603700863,0.8364304396299137,0.7749140075793911,0.1867847234382779,0.8132152765617221,0.7109297354203459,0.6731903053755811,0.3268096946244189,-0.2996955548068425,1,0,0,0.0,1,1,1,1,,0,1,1,0,1,0,0,1.0,1.0,0.0,0.0,0.0,,0.9688104696906864,2.19841664013034,-0.6728608792598274,0.7749140075793911,-0.6264305531234442,0.7109297354203459,0.3463806107511622,0.2996955548068425,0.59737206,0.5034055672868194,0.66210777
2026-06-10 13:35:00,2026-06-10 14:30:00,1,1210.3,1214.95,pivot,4.650000000000091,0.1727575,4.277242500000091,134733.13875000286,1.0,2026-06-10,1206.65,1211.9,1204.8,0.0,1205.3,1215.7,1204.75,0.0,2026,0.0,0.0,0.0,0.0,0.0,0.0,0.0,0.0,0.0,0.0,0.0,0.0,0.0,0.0,0.0,1.0,0.0,0.0,1,13,2,6,31.91148531906875,0.0630707789155648,-1.5784420587037402,0.0630707789155648,0.9369292210844352,-0.0002958583576998,-0.0003283903004793,0.002611734884801,True,8.004010582128421,0.0227274359248084,-2.242667978428453,0.0227274359248084,0.9772725640751916,-0.0009090521934108,-0.0009928337208306,0.0043566680718318,True,3.450756685959995,0.0148794403249834,-2.6649181897840277,0.0148794403249834,0.9851205596750164,-0.0016378405620452,-0.0020344178394564,0.0057969784651748,True,2.146894289792761,0.0101725009297777,-2.9960307618842448,0.0101725009297777,0.9898274990702224,-0.0030022698702621,-0.0038743159896148,0.0072541335523488,True,0.0630707789155648,0.9369292210844352,1.5784420587037402,0.0227274359248084,0.9772725640751916,2.242667978428453,0.0148794403249834,0.9851205596750164,2.6649181897840277,0.0101725009297777,0.9898274990702224,2.9960307618842448,1,0,0,0.0,1,1,1,1,,0,1,0,1,0,1,0,1.0,1.0,0.0,0.0,0.0,,-0.8738584421688704,1.5784420587037402,-0.9545451281503832,2.242667978428453,-0.970241119350033,2.6649181897840277,-0.9796549981404447,2.9960307618842448,0.5976839,0.5127891664417163,0.657984
2026-06-10 15:30:00,2026-06-10 15:45:00,-1,1229.95,1229.4,eod,0.5499999999999545,0.1737805,0.17621949999995454,5550.914249998568,1.0,2026-06-10,1231.4,1233.0,1229.85,0.0,1229.4,1229.4,1229.4,0.0,2026,0.0,0.0,0.0,0.0,0.0,0.0,0.0,0.0,0.0,0.0,0.0,0.0,0.0,0.0,0.0,1.0,2.0,2.0,1,15,2,6,105.27240094356672,0.8633342638127407,0.8421129967714692,0.8633342638127407,0.1366657361872593,-0.0001071738191224,-0.0001378540399803,0.0020475687963755,True,1.5274997931561898,0.9941450130465131,3.302395852507221,0.9941450130465131,0.0058549869534867,-0.0003524303209264,-0.0003637808762597,0.0035761196938846,True,1.7552978251451206,0.9926465434338456,3.857765230983397,0.9926465434338456,0.0073534565661542,-0.0005415576439892,-0.0002598840271786,0.0052606148932121,True,1.1130086238138064,0.9951652976872846,3.631800737445,0.9951652976872846,0.0048347023127154,-0.0006093675766305,-0.0001285198834506,0.0068450193702185,True,0.1366657361872593,0.8633342638127407,0.8421129967714692,0.0058549869534867,0.9941450130465131,3.302395852507221,0.0073534565661542,0.9926465434338456,3.857765230983397,0.0048347023127154,0.9951652976872846,3.631800737445,1,0,0,0.0,1,1,1,1,,0,1,0,0,0,0,0,1.0,1.0,0.0,0.0,0.0,,-0.7266685276254814,0.8421129967714692,-0.9882900260930264,3.302395852507221,-0.9852930868676915,3.857765230983397,-0.9903305953745691,3.631800737445,0.57800096,0.5143666758312864,0.68257284
2026-06-11 11:00:00,2026-06-11 11:30:00,-1,1219.7,1203.05,pivot,16.65000000000009,0.1726825,16.27731750000009,512735.5012500028,1.0,2026-06-11,1221.75,1224.4,1218.0,0.0,1199.5,1207.45,1198.1,0.0,2026,0.0,0.0,0.0,0.0,0.0,0.0,0.0,0.0,0.0,0.0,0.0,0.0,0.0,0.0,0.0,1.0,1.0,2.0,1,11,3,6,1.3557368107281504,0.0048222189629145,-3.534015162418693,0.0048222189629145,0.9951777810370854,0.000131630441588,0.0001339508730747,0.0021142066031858,True,15.167633706087964,0.0338049482751965,-1.9684675465629764,0.0338049482751965,0.9661950517248036,0.0004204362563753,0.00037179155413,0.0035243060096276,True,55.15261320469574,0.1762019841254408,-0.856451194138373,0.1762019841254408,0.8237980158745591,0.0008197976750379,0.0008843038598377,0.0046576014727982,True,20.98932397532361,0.920745840690745,1.408143331805076,0.920745840690745,0.0792541593092549,0.0017906136979014,0.0019675942639515,0.0061096040873038,True,0.9951777810370854,0.0048222189629145,-3.534015162418693,0.9661950517248036,0.0338049482751965,-1.9684675465629764,0.8237980158745591,0.1762019841254408,-0.856451194138373,0.0792541593092549,0.920745840690745,1.408143331805076,1,0,0,0.0,1,1,1,1,,0,1,1,0,1,0,0,1.0,1.0,0.0,0.0,0.0,,0.990355562074171,3.534015162418693,0.932390103449607,1.9684675465629764,0.6475960317491183,0.856451194138373,-0.8414916813814901,1.408143331805076,0.5145943,0.5094046090122532,0.67301095
2026-06-11 11:30:00,2026-06-11 11:35:00,-1,1203.05,1199.4,pivot,3.649999999999864,0.1720735,3.277926499999864,103254.68474999572,1.0,2026-06-11,1199.5,1207.45,1198.1,0.0,1208.0,1209.0,1198.6,0.0,2026,0.0,0.0,0.0,0.0,0.0,0.0,0.0,0.0,0.0,0.0,0.0,0.0,0.0,0.0,0.0,1.0,0.0,1.0,1,11,3,6,27.596447177824366,0.0718200186956231,-1.2814871235268483,0.0718200186956231,0.9281799813043768,-0.0003066756500567,-0.0001389365130221,0.003850747460662,True,2.953251283583639,0.0202359868348399,-2.2670997357300307,0.0202359868348399,0.97976401316516,-0.0003750279287784,-0.0003483136059129,0.0065082716636228,True,3.4015330020669783,0.0261962896050884,-2.080665146240515,0.0261962896050884,0.9738037103949116,-0.0011809588219908,-0.001116215284849,0.0085151615048441,True,5.095935233022011,0.0503455980295066,-1.649924667855759,0.0503455980295066,0.9496544019704932,-0.0025681383288287,-0.0028635660870239,0.0115608632385097,True,0.9281799813043768,0.0718200186956231,-1.2814871235268483,0.97976401316516,0.0202359868348399,-2.2670997357300307,0.9738037103949116,0.0261962896050884,-2.080665146240515,0.9496544019704932,0.0503455980295066,-1.649924667855759,1,0,0,0.0,1,1,1,1,,0,1,1,0,0,1,0,1.0,1.0,0.0,0.0,0.0,,0.8563599626087537,1.2814871235268483,0.9595280263303202,2.2670997357300307,0.9476074207898233,2.080665146240515,0.8993088039409867,1.649924667855759,0.6033934,0.5342130766137402,0.64834607
2026-06-11 11:35:00,2026-06-11 11:55:00,1,1199.4,1208.05,pivot,8.649999999999864,0.1722235,8.277776499999865,260749.95974999573,1.0,2026-06-11,1208.0,1209.0,1198.6,0.0,1213.45,1215.1,1207.85,0.0,2026,0.0,0.0,0.0,0.0,0.0,0.0,0.0,0.0,0.0,0.0,0.0,0.0,0.0,0.0,0.0,1.0,0.0,1.0,1,11,3,6,53.88738270445712,0.8537644676894741,0.8468517187483828,0.8537644676894741,0.1462355323105258,-0.0003066756500567,-0.0001389365130221,0.003850747460662,True,27.224601358169977,0.1205810857198936,-0.9839126587848284,0.1205810857198936,0.8794189142801063,-0.0003750279287784,-0.0003483136059129,0.0065082716636228,True,9.47698913033292,0.0567545272305322,-1.4735229577054247,0.0567545272305322,0.9432454727694678,-0.0011809588219908,-0.001116215284849,0.0085151615048441,True,3.620644714395825,0.03726699128006,-1.9109801785474176,0.03726699128006,0.96273300871994,-0.0025681383288287,-0.0028635660870239,0.0115608632385097,True,0.8537644676894741,0.1462355323105258,-0.8468517187483828,0.1205810857198936,0.8794189142801063,0.9839126587848284,0.0567545272305322,0.9432454727694678,1.4735229577054247,0.03726699128006,0.96273300871994,1.9109801785474176,1,0,0,0.0,1,1,1,1,,0,1,1,0,0,1,0,1.0,1.0,0.0,0.0,0.0,,0.7075289353789483,0.8468517187483828,-0.7588378285602128,0.9839126587848284,-0.8864909455389356,1.4735229577054247,-0.9254660174398801,1.9109801785474176,0.67337596,0.50696381669037,0.6019715
2026-06-11 13:00:00,2026-06-11 13:30:00,1,1230.4,1226.6,pivot,-3.800000000000182,0.17371,-4.173710000000182,-131471.86500000572,1.0,2026-06-11,1225.6,1233.5,1223.6,0.0,1226.55,1229.95,1226.55,0.0,2026,0.0,0.0,0.0,0.0,0.0,0.0,0.0,0.0,0.0,0.0,0.0,0.0,0.0,0.0,0.0,1.0,1.0,2.0,0,13,3,6,53.58150847957195,0.945774373840002,1.474841787690722,0.945774373840002,0.0542256261599979,0.0001219411028181,0.0001808324372378,0.001704316115822,True,87.41627171729169,0.8253214241499145,0.7475215066388028,0.8253214241499145,0.1746785758500855,0.0004629071894288,0.0005724347317072,0.0028387067311563,True,5.158727488417885,0.9867669697307404,2.6385452000117358,0.9867669697307404,0.0132330302692597,0.0009860338393875,0.001141855140021,0.0035280219931739,True,5.551041850442049,0.9803812922703324,2.3537020777623177,0.9803812922703324,0.0196187077296674,0.0021790733647819,0.0026093807385957,0.0048570242325007,True,0.945774373840002,0.0542256261599979,-1.474841787690722,0.8253214241499145,0.1746785758500855,-0.7475215066388028,0.9867669697307404,0.0132330302692597,-2.6385452000117358,0.9803812922703324,0.0196187077296674,-2.3537020777623177,1,0,0,0.0,1,1,1,1,,0,1,0,1,1,0,0,1.0,1.0,0.0,0.0,0.0,,0.891548747680004,1.474841787690722,0.650642848299829,0.7475215066388028,0.9735339394614807,2.6385452000117358,0.960762584540665,2.3537020777623177,0.513576,0.5155325169088557,0.5880202
2026-06-12 14:40:00,2026-06-12 15:05:00,1,1321.25,1309.25,pivot,-12.0,0.178915,-12.378915000000001,-389935.8225,1.0,2026-06-12,1316.1,1328.75,1312.0,0.0,1309.35,1312.45,1302.25,0.0,2026,0.0,0.0,0.0,0.0,0.0,0.0,0.0,0.0,0.0,0.0,0.0,0.0,0.0,0.0,0.0,2.0,0.0,0.0,0,14,4,6,8.005739258087475,0.0146769147332458,-2.673769573545874,0.0146769147332458,0.9853230852667542,0.000162072564556,0.0002317751793177,0.0019372626688591,True,5.536479261138338,0.0159462854402876,-2.279726239575151,0.0159462854402876,0.9840537145597124,0.0005476349717724,0.0007646650482062,0.00325405138127,True,5.467860176642005,0.0110696454123007,-2.4000815000861624,0.0110696454123007,0.9889303545876992,0.0011206736157817,0.0015342249530189,0.0040130870364747,True,0.5130603562950218,0.0008047696029278,-2.910815392454692,0.0008047696029278,0.999195230397072,0.0023472004192258,0.0031175216220322,0.0056149560599561,True,0.0146769147332458,0.9853230852667542,2.673769573545874,0.0159462854402876,0.9840537145597124,2.279726239575151,0.0110696454123007,0.9889303545876992,2.4000815000861624,0.0008047696029278,0.999195230397072,2.910815392454692,1,0,0,0.0,1,1,1,1,,0,1,0,1,0,1,0,1.0,1.0,0.0,0.0,0.0,,-0.9706461705335083,2.673769573545874,-0.9681074291194247,2.279726239575151,-0.9778607091753985,2.4000815000861624,-0.9983904607941443,2.910815392454692,0.5852827,0.519395331643166,0.5722267
2026-06-12 15:05:00,2026-06-12 15:10:00,-1,1309.25,1309.15,pivot,0.099999999999909,0.178552,-0.27855200000009095,-8774.388000002866,1.0,2026-06-12,1309.35,1312.45,1302.25,0.0,1312.85,1314.4,1308.55,0.0,2026,0.0,0.0,0.0,0.0,0.0,0.0,0.0,0.0,0.0,0.0,0.0,0.0,0.0,0.0,0.0,2.0,0.0,0.0,0,15,4,6,0.4349886295746785,0.0,-5.727871848721601,0.0,1.0,-0.0001071738191224,-0.0001378540399803,0.0020475687963755,True,3.7150277783604033,0.0097977585920914,-2.759975645495837,0.0097977585920914,0.9902022414079086,-0.0003524303209264,-0.0003637808762597,0.0035761196938846,True,1.2214519765256436e-11,0.0,-6.349765704044632,0.0,1.0,-0.0005415576439892,-0.0002598840271786,0.0052606148932121,True,9.746402670964418e-16,0.0,-5.963366483372129,0.0,1.0,-0.0006093675766305,-0.0001285198834506,0.0068450193702185,True,1.0,0.0,-5.727871848721601,0.9902022414079086,0.0097977585920914,-2.759975645495837,1.0,0.0,-6.349765704044632,1.0,0.0,-5.963366483372129,1,0,0,0.0,1,1,1,1,,0,1,0,0,0,1,0,1.0,1.0,0.0,0.0,0.0,,1.0,5.727871848721601,0.9804044828158172,2.759975645495837,1.0,6.349765704044632,1.0,5.963366483372129,0.6859072,0.5463185859812774,0.5253092
2026-06-12 15:10:00,2026-06-12 15:45:00,-1,1309.15,1299.85,eod,9.300000000000182,0.17827,8.921730000000183,281034.49500000576,1.0,2026-06-12,1312.85,1314.4,1308.55,0.0,1299.85,1299.85,1299.85,0.0,2026,0.0,0.0,0.0,0.0,0.0,0.0,0.0,0.0,0.0,0.0,0.0,0.0,0.0,0.0,0.0,2.0,0.0,0.0,1,15,4,6,21.632650499291596,0.9651057050636912,1.885196957412852,0.9651057050636912,0.0348942949363089,-0.0002958583576998,-0.0003283903004793,0.002611734884801,True,120.61385075690248,0.4273894473214114,-0.1138681103716727,0.4273894473214114,0.5726105526785885,-0.0009090521934108,-0.0009928337208306,0.0043566680718318,True,0.749225491353303,0.0023025530601768,-3.809894273878434,0.0023025530601768,0.9976974469398232,-0.0016378405620452,-0.0020344178394564,0.0057969784651748,True,0.9515301516277964,0.0014639384500306,-3.907218926564974,0.0014639384500306,0.9985360615499692,-0.0030022698702621,-0.0038743159896148,0.0072541335523488,True,0.0348942949363089,0.9651057050636912,1.885196957412852,0.5726105526785885,0.4273894473214114,-0.1138681103716727,0.9976974469398232,0.0023025530601768,-3.809894273878434,0.9985360615499692,0.0014639384500306,-3.907218926564974,1,0,0,0.0,1,1,1,1,,0,1,0,0,0,1,0,1.0,1.0,0.0,0.0,0.0,,-0.9302114101273823,1.885196957412852,0.14522110535717714,0.1138681103716727,0.9953948938796464,3.809894273878434,0.9970721230999386,3.907218926564974,0.5130559,0.5680327153796673,0.51484513
2026-06-19 11:15:00,2026-06-19 11:55:00,1,1515.3,1521.4,pivot,6.100000000000136,0.191101,5.7088990000001365,179830.3185000043,1.0,2026-06-19,1507.6,1516.2,1507.25,0.0,1517.35,1522.7,1517.0,0.0,2026,0.0,0.0,0.0,0.0,0.0,0.0,0.0,0.0,0.0,0.0,0.0,0.0,0.0,0.0,0.0,1.0,0.0,0.0,1,11,4,6,137.36311475083824,0.2177066944885898,-0.6361016488639573,0.2177066944885898,0.7822933055114102,0.0001829185158822,0.0001844431043243,0.0022057036614979,True,106.99417769882103,0.2816078523439162,-0.4884712443367099,0.2816078523439162,0.7183921476560837,0.0006001594120175,0.0006099390255174,0.0036086359081798,True,16.239764214242825,0.0501909347049572,-1.6492705844237243,0.0501909347049572,0.9498090652950428,0.001007136530095,0.0011768367224561,0.0047563532224351,True,11.044090126933094,0.0465493654764194,-1.6010510713826451,0.0465493654764194,0.9534506345235806,0.0018311956887695,0.0023178628642561,0.0064908714195455,True,0.2177066944885898,0.7822933055114102,0.6361016488639573,0.2816078523439162,0.7183921476560837,0.4884712443367099,0.0501909347049572,0.9498090652950428,1.6492705844237243,0.0465493654764194,0.9534506345235806,1.6010510713826451,1,0,0,0.0,1,1,1,1,,0,1,1,0,0,1,0,1.0,1.0,0.0,0.0,0.0,,-0.5645866110228204,0.6361016488639573,-0.4367842953121675,0.4884712443367099,-0.8996181305900857,1.6492705844237243,-0.9069012690471612,1.6010510713826451,0.63541484,0.527590357514566,0.5227375
2026-06-19 12:30:00,2026-06-19 12:50:00,-1,1486.6,1471.95,pivot,14.649999999999864,0.1887565,14.261243499999864,449229.1702499957,1.0,2026-06-19,1472.35,1487.05,1472.0,0.0,1466.4,1478.8,1465.0,0.0,2026,0.0,0.0,0.0,0.0,0.0,0.0,0.0,0.0,0.0,0.0,0.0,0.0,0.0,0.0,0.0,1.0,0.0,0.0,1,12,4,6,22.926887920788456,0.0354777622502196,-1.5483676153186354,0.0354777622502196,0.9645222377497804,-0.0001291244206015,-0.000132275943533,0.002593159772166,True,1.7665338615587676,0.0039087411257378,-3.09500163428162,0.0039087411257378,0.996091258874262,-0.0003839896813603,-0.0003963719999669,0.0046340243162027,True,0.3375994399192902,0.0107391929496931,-2.821164051996342,0.0107391929496931,0.9892608070503068,-0.0007304577361633,-0.0006046941328746,0.0066800860624975,True,5.839324253868917,0.0415454449661835,-1.8058689771299985,0.0415454449661835,0.9584545550338164,-0.0016747684028478,-0.0010248287920061,0.0087632611860598,True,0.9645222377497804,0.0354777622502196,-1.5483676153186354,0.996091258874262,0.0039087411257378,-3.09500163428162,0.9892608070503068,0.0107391929496931,-2.821164051996342,0.9584545550338164,0.0415454449661835,-1.8058689771299985,1,0,0,0.0,1,1,1,1,,0,1,0,1,0,1,0,1.0,1.0,0.0,0.0,0.0,,0.9290444754995608,1.5483676153186354,0.9921825177485242,3.09500163428162,0.9785216141006138,2.821164051996342,0.9169091100676329,1.8058689771299985,0.60200566,0.5283209389736563,0.5407306
2026-06-19 13:00:00,2026-06-19 13:25:00,1,1462.4,1474.55,pivot,12.149999999999864,0.1881085,11.761891499999862,370499.58224999567,1.0,2026-06-19,1451.95,1467.4,1451.25,0.0,1475.55,1476.85,1468.05,0.0,2026,0.0,0.0,0.0,0.0,0.0,0.0,0.0,0.0,0.0,0.0,0.0,0.0,0.0,0.0,0.0,2.0,0.0,0.0,1,13,4,6,63.79540722403565,0.1446814916887276,-0.8478807018638721,0.1446814916887276,0.8553185083112724,-0.0003066756500567,-0.0001389365130221,0.003850747460662,True,3.640502463623749,0.022931669327974,-2.141601950373708,0.022931669327974,0.977068330672026,-0.0003750279287784,-0.0003483136059129,0.0065082716636228,True,4.724694056556151,0.0329553723576123,-1.8856731844233412,0.0329553723576123,0.9670446276423876,-0.0011809588219908,-0.001116215284849,0.0085151615048441,True,1.0071258357169233,0.0138029343525713,-2.9201775861098853,0.0138029343525713,0.9861970656474288,-0.0025681383288287,-0.0028635660870239,0.0115608632385097,True,0.1446814916887276,0.8553185083112724,0.8478807018638721,0.022931669327974,0.977068330672026,2.141601950373708,0.0329553723576123,0.9670446276423876,1.8856731844233412,0.0138029343525713,0.9861970656474288,2.9201775861098853,1,0,0,0.0,1,1,1,1,,0,1,0,1,0,1,0,1.0,1.0,0.0,0.0,0.0,,-0.7106370166225449,0.8478807018638721,-0.9541366613440521,2.141601950373708,-0.9340892552847754,1.8856731844233412,-0.9723941312948575,2.9201775861098853,0.56698275,0.5294602104165056,0.5398489
