entry_time,exit_time,direction,entry_px,exit_px,exit_reason,gross_pts,cost_pts,net_pts,net_krw,size_factor,exit_date,entry_close,entry_high,entry_low,entry_volume,exit_close,exit_high,exit_low,exit_volume,year,entry_rsi,entry_macd,entry_macd_signal,entry_macd_hist,entry_atr,entry_supertrend,entry_supertrend_dir,entry_ma5,entry_ma10,entry_ma20,entry_ma60,entry_bb_upper,entry_bb_lower,entry_bb_middle,atr_normalized,volatility_regime,trend_regime,momentum_regime,is_win,entry_hour,entry_dayofweek,entry_month,ret_log_5m_kde_pdf,ret_log_5m_kde_cdf,ret_log_5m_kde_zscore,ret_log_5m_kde_left_tail,ret_log_5m_kde_right_tail,ret_log_5m_kde_median,ret_log_5m_kde_mean,ret_log_5m_kde_std,ret_log_5m_kde_ready,kde_aligned_tail_5m,kde_opposite_tail_5m,kde_aligned_zscore_5m,rsi_oversold,rsi_overbought,macd_bullish,macd_strength,price_above_ma20,price_above_ma60,price_above_ma5,price_above_ma10,bb_position,bb_lower_touch,price_above_st,is_morning,is_afternoon,is_bull,is_neutral,is_bear,kde_tail_spread,kde_zscore_abs,filter_score,entry_score,exit_score
2025-03-04 10:30:00,2025-03-04 10:50:00,-1,333.65,333.65,pivot,-0.0,0.120019,-0.320019,-10080.5985,1.0,2025-03-04,333.0,333.9,332.8,0.0,334.1,334.15,333.55,0.0,2025,0.0,0.0,0.0,0.0,0.0,0.0,0.0,0.0,0.0,0.0,0.0,0.0,0.0,0.0,0.0,1.0,1.0,1.0,0,10,1,3,8.641878209347675,0.0095325346368887,-2.673623549481857,0.0095325346368887,0.9904674653631113,1.1554875055237245e-05,2.6629442435870508e-05,0.0007953719661589,True,0.9904674653631113,0.0095325346368887,-2.673623549481857,1,0,0,0.0,1,1,1,1,,0,1,1,0,1,0,0,0.9809349307262225,2.673623549481857,0.50995404,0.5183491920167113,0.5060573
2025-03-04 10:50:00,2025-03-04 11:00:00,-1,333.65,333.05,pivot,0.5999999999999659,0.120001,0.27999899999996586,8819.968499998924,1.0,2025-03-04,334.1,334.15,333.55,0.0,333.3,333.75,333.05,0.0,2025,0.0,0.0,0.0,0.0,0.0,0.0,0.0,0.0,0.0,0.0,0.0,0.0,0.0,0.0,0.0,1.0,1.0,1.0,1,10,1,3,113.16880551610733,0.9428374406845108,1.4726872617893758,0.9428374406845108,0.0571625593154891,1.1554875055237245e-05,2.6629442435870508e-05,0.0007953719661589,True,0.0571625593154891,0.9428374406845108,1.4726872617893758,1,0,0,0.0,1,1,1,1,,0,1,1,0,1,0,0,-0.8856748813690217,1.4726872617893758,0.50995404,0.5183491920167113,0.5118922
2025-03-05 08:45:00,2025-03-05 10:30:00,-1,335.5,334.9,pivot,0.6000000000000227,0.120112,0.27988800000002273,8816.472000000716,1.0,2025-03-05,335.9,336.2,335.0,0.0,334.25,335.1,333.55,0.0,2025,0.0,0.0,0.0,0.0,0.0,0.0,0.0,0.0,0.0,0.0,0.0,0.0,0.0,0.0,0.0,1.0,1.0,1.0,1,8,2,3,,,,,,,,,False,,,,1,0,0,0.0,1,1,1,1,,0,1,0,0,1,0,0,,,0.50995404,0.5179956420733304,0.51223844
2025-03-05 10:30:00,2025-03-05 10:35:00,1,334.9,334.25,pivot,-0.6499999999999773,0.1200745,-0.9700744999999773,-30557.346749999284,1.0,2025-03-05,334.25,335.1,333.55,0.0,334.3,334.6,334.2,0.0,2025,0.0,0.0,0.0,0.0,0.0,0.0,0.0,0.0,0.0,0.0,0.0,0.0,0.0,0.0,0.0,1.0,1.0,1.0,0,10,2,3,16.0384654946402,0.0125772371030181,-2.405756298732915,0.0125772371030181,0.9874227628969818,-9.177598006370748e-07,1.779145191323466e-05,0.0008149434217639,True,0.0125772371030181,0.9874227628969818,2.405756298732915,1,0,0,0.0,1,1,1,1,,0,1,1,0,1,0,0,-0.9748455257939638,2.405756298732915,0.50995404,0.5183491920167113,0.50346345
2025-03-05 10:35:00,2025-03-05 11:35:00,-1,334.25,334.15,pivot,0.1000000000000227,0.120052,-0.22005199999997727,-6931.637999999284,1.0,2025-03-05,334.3,334.6,334.2,0.0,334.4,334.6,334.15,0.0,2025,0.0,0.0,0.0,0.0,0.0,0.0,0.0,0.0,0.0,0.0,0.0,0.0,0.0,0.0,0.0,1.0,1.0,1.0,0,10,2,3,596.51263305944,0.5922518710734487,0.1617118300089935,0.5922518710734487,0.4077481289265513,-9.177598006370748e-07,1.779145191323466e-05,0.0008149434217639,True,0.4077481289265513,0.5922518710734487,0.1617118300089935,1,0,0,0.0,1,1,1,1,,0,1,1,0,1,0,0,-0.18450374214689735,0.1617118300089935,0.50995404,0.5183491920167113,0.5044584
2025-04-04 10:35:00,2025-04-04 10:55:00,-1,331.35,332.75,pivot,-1.3999999999999773,0.119923,-1.7199229999999772,-54177.57449999928,1.0,2025-04-04,331.2,331.4,331.0,0.0,332.9,333.05,332.1,0.0,2025,0.0,0.0,0.0,0.0,0.0,0.0,0.0,0.0,0.0,0.0,0.0,0.0,0.0,0.0,0.0,1.0,1.0,1.0,0,10,4,4,355.5960265082532,0.2045361548814676,-0.6329619938349432,0.2045361548814676,0.7954638451185323,-8.834556089255883e-06,1.2982662619368288e-05,0.0009742530357013,True,0.7954638451185323,0.2045361548814676,-0.6329619938349432,1,0,0,0.0,1,1,1,1,,0,1,1,0,1,0,0,0.5909276902370647,0.6329619938349432,0.50995404,0.5087867545378166,0.5222846
2025-04-04 10:55:00,2025-04-04 11:30:00,1,332.75,329.95,pivot,-2.800000000000012,0.119881,-3.1198810000000115,-98276.25150000036,1.0,2025-04-04,332.9,333.05,332.1,0.0,329.95,330.35,328.5,0.0,2025,0.0,0.0,0.0,0.0,0.0,0.0,0.0,0.0,0.0,0.0,0.0,0.0,0.0,0.0,0.0,1.0,1.0,2.0,0,10,4,4,424.445650330786,0.7377923990841012,0.4492720341628464,0.7377923990841012,0.2622076009158988,-8.834556089255883e-06,1.2982662619368288e-05,0.0009742530357013,True,0.7377923990841012,0.2622076009158988,-0.4492720341628464,1,0,0,0.0,1,1,1,1,,0,1,1,0,1,0,0,0.4755847981682024,0.4492720341628464,0.5197103,0.532653558608481,0.5246813
2025-04-04 11:30:00,2025-04-04 11:35:00,1,329.95,330.0,pivot,0.0500000000000113,0.1197985,-0.2697984999999886,-8498.652749999641,1.0,2025-04-04,329.95,330.35,328.5,0.0,330.6,331.4,329.75,0.0,2025,0.0,0.0,0.0,0.0,0.0,0.0,0.0,0.0,0.0,0.0,0.0,0.0,0.0,0.0,0.0,2.0,1.0,1.0,0,11,4,4,546.777632150848,0.590580992820074,0.1422288945457001,0.590580992820074,0.4094190071799259,-8.834556089255883e-06,1.2982662619368288e-05,0.0009742530357013,True,0.590580992820074,0.4094190071799259,-0.1422288945457001,1,0,0,0.0,1,1,1,1,,0,1,1,0,1,0,0,0.18116198564014813,0.1422288945457001,0.50031275,0.5013688748776406,0.5308614
2025-04-04 12:00:00,2025-04-04 13:05:00,-1,328.95,326.95,pivot,2.0,0.119677,1.680323,52930.1745,1.0,2025-04-04,327.75,328.95,327.65,0.0,326.9,327.0,326.3,0.0,2025,0.0,0.0,0.0,0.0,0.0,0.0,0.0,0.0,0.0,0.0,0.0,0.0,0.0,0.0,0.0,1.0,0.0,0.0,1,12,4,4,5.94047997967796,0.0026227416769735,-3.76454926637892,0.0026227416769735,0.9973772583230264,-8.834556089255883e-06,1.2982662619368288e-05,0.0009742530357013,True,0.9973772583230264,0.0026227416769735,-3.76454926637892,1,0,0,0.0,1,1,1,1,,0,1,0,1,0,1,0,0.9947545166460529,3.76454926637892,0.5258985,0.7709621513619858,0.5277573
2025-04-07 10:25:00,2025-04-07 10:30:00,1,313.75,314.3,pivot,0.5500000000000114,0.1188415,0.23115850000001137,7281.492750000358,1.0,2025-04-07,314.3,314.75,313.7,0.0,314.65,314.8,313.55,0.0,2025,0.0,0.0,0.0,0.0,0.0,0.0,0.0,0.0,0.0,0.0,0.0,0.0,0.0,0.0,0.0,1.0,1.0,2.0,1,10,0,4,47.03952409370829,0.9623801478679548,1.5961145842257296,0.9623801478679548,0.0376198521320451,-1.7330655411996104e-05,6.467290942436962e-06,0.0010932711747837,True,0.9623801478679548,0.0376198521320451,-1.5961145842257296,1,0,0,0.0,1,1,1,1,,0,1,1,0,1,0,0,0.9247602957359097,1.5961145842257296,0.5197103,0.5414456879641263,0.5212775
2025-04-07 10:30:00,2025-04-07 10:55:00,1,314.3,314.3,pivot,0.0,0.118858,-0.318858,-10044.027,1.0,2025-04-07,314.65,314.8,313.55,0.0,314.7,315.0,314.2,0.0,2025,0.0,0.0,0.0,0.0,0.0,0.0,0.0,0.0,0.0,0.0,0.0,0.0,0.0,0.0,0.0,1.0,1.0,2.0,0,10,0,4,146.45425214504172,0.9067813814043476,1.012099197344222,0.9067813814043476,0.0932186185956525,-1.7330655411996104e-05,6.467290942436962e-06,0.0010932711747837,True,0.9067813814043476,0.0932186185956525,-1.012099197344222,1,0,0,0.0,1,1,1,1,,0,1,1,0,1,0,0,0.8135627628086951,1.012099197344222,0.5197103,0.5414456879641263,0.5168265
2025-04-07 10:55:00,2025-04-07 11:30:00,-1,314.3,313.35,pivot,0.9499999999999886,0.1188295,0.6311704999999886,19881.87074999964,1.0,2025-04-07,314.7,315.0,314.2,0.0,313.7,314.1,313.15,0.0,2025,0.0,0.0,0.0,0.0,0.0,0.0,0.0,0.0,0.0,0.0,0.0,0.0,0.0,0.0,0.0,1.0,1.0,1.0,1,10,0,4,110.48147526206397,0.92709600146492,1.1574374273125811,0.92709600146492,0.0729039985350801,-1.7330655411996104e-05,6.467290942436962e-06,0.0010932711747837,True,0.0729039985350801,0.92709600146492,1.1574374273125811,1,0,0,0.0,1,1,1,1,,0,1,1,0,1,0,0,-0.8541920029298399,1.1574374273125811,0.50995404,0.5226119967949799,0.51963246
2025-04-07 11:30:00,2025-04-07 12:20:00,-1,313.35,312.5,pivot,0.8500000000000227,0.1187755,0.5312245000000229,16733.57175000072,1.0,2025-04-07,313.7,314.1,313.15,0.0,312.4,312.8,312.25,0.0,2025,0.0,0.0,0.0,0.0,0.0,0.0,0.0,0.0,0.0,0.0,0.0,0.0,0.0,0.0,0.0,1.0,1.0,2.0,1,11,0,4,145.60539179153378,0.9072741187456854,1.0151838451470907,0.9072741187456854,0.0927258812543145,-1.7330655411996104e-05,6.467290942436962e-06,0.0010932711747837,True,0.0927258812543145,0.9072741187456854,1.0151838451470907,1,0,0,0.0,1,1,1,1,,0,1,1,0,1,0,0,-0.814548237491371,1.0151838451470907,0.50914,0.5027347576082651,0.5143453
2025-04-08 10:30:00,2025-04-08 10:50:00,1,314.5,314.35,pivot,-0.1499999999999772,0.1188655,-0.46886549999997723,-14769.263249999283,1.0,2025-04-08,314.75,314.75,313.8,0.0,314.8,315.0,313.95,0.0,2025,0.0,0.0,0.0,0.0,0.0,0.0,0.0,0.0,0.0,0.0,0.0,0.0,0.0,0.0,0.0,1.0,1.0,1.0,0,10,1,4,248.39500083943275,0.824543551008713,0.6427076616350601,0.824543551008713,0.1754564489912869,-1.0450983936509742e-05,1.94625446211023e-05,0.0012060448094991,True,0.824543551008713,0.1754564489912869,-0.6427076616350601,1,0,0,0.0,1,1,1,1,,0,1,1,0,1,0,0,0.6490871020174261,0.6427076616350601,0.50995404,0.5183491920167113,0.5032192
2025-05-13 10:35:00,2025-05-13 11:15:00,1,348.75,349.0,pivot,0.25,0.1209325,-0.07093250000000001,-2234.37375,1.0,2025-05-13,348.55,348.8,348.4,0.0,349.1,349.15,348.8,0.0,2025,0.0,0.0,0.0,0.0,0.0,0.0,0.0,0.0,0.0,0.0,0.0,0.0,0.0,0.0,0.0,1.0,1.0,1.0,0,10,1,5,364.6393185176239,0.1687285613318502,-0.8121355164105508,0.1687285613318502,0.8312714386681498,2.3898052421294225e-05,1.848218215882426e-05,0.0007290943116778,True,0.1687285613318502,0.8312714386681498,0.8121355164105508,1,0,0,0.0,1,1,1,1,,0,1,1,0,1,0,0,-0.6625428773362996,0.8121355164105508,0.5075804,0.5142534869249903,0.50966346
2025-05-20 10:50:00,2025-05-20 11:45:00,1,348.4,348.6,pivot,0.2000000000000454,0.12091,-0.12090999999995453,-3808.6649999985675,1.0,2025-05-20,348.4,348.5,348.35,0.0,348.2,348.6,348.1,0.0,2025,0.0,0.0,0.0,0.0,0.0,0.0,0.0,0.0,0.0,0.0,0.0,0.0,0.0,0.0,0.0,1.0,1.0,1.0,0,10,1,5,658.2279259835934,0.4917712023787942,-0.0043462007102283,0.4917712023787942,0.5082287976212058,1.2469798852765065e-05,3.076212706310828e-06,0.0007077935216087,True,0.4917712023787942,0.5082287976212058,0.0043462007102283,1,0,0,0.0,1,1,1,1,,0,1,1,0,1,0,0,-0.016457595242411582,0.0043462007102283,0.5075804,0.5142534869249903,0.5161116
2025-05-26 10:45:00,2025-05-26 11:30:00,1,348.25,349.4,pivot,1.1499999999999773,0.1209295,0.8290704999999774,26115.720749999287,1.0,2025-05-26,348.3,348.4,348.1,0.0,349.45,349.7,349.4,0.0,2025,0.0,0.0,0.0,0.0,0.0,0.0,0.0,0.0,0.0,0.0,0.0,0.0,0.0,0.0,0.0,1.0,1.0,1.0,1,10,0,5,644.6528433123343,0.5006834499512702,0.0110511153577718,0.5006834499512702,0.4993165500487297,-1.0582836518034846e-06,-7.695441320019466e-06,0.00069634974126,True,0.5006834499512702,0.4993165500487297,-0.0110511153577718,1,0,0,0.0,1,1,1,1,,0,1,1,0,1,0,0,0.0013668999025405193,0.0110511153577718,0.5075804,0.518516291703259,0.5055036
2025-06-05 11:10:00,2025-06-05 14:35:00,1,379.35,375.6,pivot,-3.75,0.1226485,-4.0726485,-128288.42775,1.0,2025-06-05,379.35,379.5,379.15,0.0,375.95,376.0,375.6,0.0,2025,0.0,0.0,0.0,0.0,0.0,0.0,0.0,0.0,0.0,0.0,0.0,0.0,0.0,0.0,0.0,1.0,1.0,2.0,0,11,3,6,612.573446059853,0.4999464613082474,-0.0337716730473584,0.4999464613082474,0.5000535386917526,8.723747837036006e-08,2.652704875613238e-05,0.0007854822211186,True,0.4999464613082474,0.5000535386917526,0.0337716730473584,1,0,0,0.0,1,1,1,1,,0,1,1,0,1,0,0,-0.00010707738350523854,0.0337716730473584,0.50914,0.5123001042481472,0.51073873
2025-06-11 10:50:00,2025-06-11 11:00:00,1,387.6,387.7,pivot,0.0999999999999659,0.123259,-0.22325900000003412,-7032.658500001075,1.0,2025-06-11,387.6,388.05,387.45,0.0,388.25,388.7,387.6,0.0,2025,0.0,0.0,0.0,0.0,0.0,0.0,0.0,0.0,0.0,0.0,0.0,0.0,0.0,0.0,0.0,1.0,1.0,1.0,0,10,2,6,569.4616800727739,0.495879031195625,-0.0469472335003396,0.495879031195625,0.504120968804375,7.223263761816154e-06,4.222345690552195e-05,0.0008993811510792,True,0.495879031195625,0.504120968804375,0.0469472335003396,1,0,0,0.0,1,1,1,1,,0,1,1,0,1,0,0,-0.008241937608749972,0.0469472335003396,0.5075804,0.5142534869249903,0.5332085
2025-06-12 10:30:00,2025-06-12 11:10:00,-1,390.7,391.15,pivot,-0.4499999999999886,0.1234555,-0.7734554999999885,-24363.84824999964,1.0,2025-06-12,391.15,391.35,390.6,0.0,391.4,391.5,391.1,0.0,2025,0.0,0.0,0.0,0.0,0.0,0.0,0.0,0.0,0.0,0.0,0.0,0.0,0.0,0.0,0.0,1.0,1.0,1.0,0,10,3,6,182.14356661314545,0.8855190134016314,1.0252990531556183,0.8855190134016314,0.1144809865983685,2.450244887519645e-05,6.442875008376065e-05,0.0009350638493902,True,0.1144809865983685,0.8855190134016314,1.0252990531556183,1,0,0,0.0,1,1,1,1,,0,1,1,0,1,0,0,-0.7710380268032629,1.0252990531556183,0.5075804,0.5106550274582811,0.54494977
2025-06-13 10:40:00,2025-06-13 11:20:00,1,387.95,387.75,pivot,-0.1999999999999886,0.123271,-0.5232709999999886,-16483.036499999642,1.0,2025-06-13,388.55,388.55,387.65,0.0,387.1,388.0,387.0,0.0,2025,0.0,0.0,0.0,0.0,0.0,0.0,0.0,0.0,0.0,0.0,0.0,0.0,0.0,0.0,0.0,1.0,1.0,1.0,0,10,4,6,96.10198049886336,0.937981908486133,1.4459903275864006,0.937981908486133,0.0620180915138669,2.450244887519645e-05,6.442875008376065e-05,0.0009350638493902,True,0.937981908486133,0.0620180915138669,-1.4459903275864006,1,0,0,0.0,1,1,1,1,,0,1,1,0,1,0,0,0.8759638169722661,1.4459903275864006,0.5075804,0.5046910494460957,0.55391645
2025-06-16 10:40:00,2025-06-16 15:45:00,1,388.9,394.2,eod,5.300000000000011,0.123493,4.976507000000012,156759.97050000037,1.0,2025-06-16,389.3,389.45,388.6,0.0,394.2,394.2,394.2,0.0,2025,0.0,0.0,0.0,0.0,0.0,0.0,0.0,0.0,0.0,0.0,0.0,0.0,0.0,0.0,0.0,1.0,1.0,1.0,1,10,0,6,184.58747810174887,0.8757869996585727,0.9764876586552248,0.8757869996585727,0.1242130003414273,1.8778173442640037e-05,4.727177565107949e-05,0.0010043564507595,True,0.8757869996585727,0.1242130003414273,-0.9764876586552248,1,0,0,0.0,1,1,1,1,,0,1,1,0,1,0,0,0.7515739993171453,0.9764876586552248,0.5075804,0.518516291703259,0.56534165
2025-06-17 10:35:00,2025-06-17 11:05:00,1,400.0,398.7,pivot,-1.3000000000000114,0.123961,-1.6239610000000113,-51154.77150000036,1.0,2025-06-17,400.05,400.15,399.25,0.0,398.95,399.2,398.3,0.0,2025,0.0,0.0,0.0,0.0,0.0,0.0,0.0,0.0,0.0,0.0,0.0,0.0,0.0,0.0,0.0,1.0,1.0,1.0,0,10,1,6,497.6768509142741,0.5447236761574404,0.0672470879126248,0.5447236761574404,0.4552763238425595,3.632561559706682e-05,5.520222974623584e-05,0.0010378138380557,True,0.5447236761574404,0.4552763238425595,-0.0672470879126248,1,0,0,0.0,1,1,1,1,,0,1,1,0,1,0,0,0.08944735231488093,0.0672470879126248,0.5075804,0.5142534869249903,0.5512185
2025-06-20 10:55:00,2025-06-20 12:05:00,1,403.2,404.05,pivot,0.8500000000000227,0.1242175,0.5257825000000229,16562.14875000072,1.0,2025-06-20,403.45,403.6,403.2,0.0,404.3,404.35,404.05,0.0,2025,0.0,0.0,0.0,0.0,0.0,0.0,0.0,0.0,0.0,0.0,0.0,0.0,0.0,0.0,0.0,1.0,1.0,1.0,1,10,4,6,288.9761476319373,0.7746895496134316,0.5971493946462141,0.7746895496134316,0.2253104503865683,4.592672681059072e-05,4.277253742359485e-05,0.0011740623575047,True,0.7746895496134316,0.2253104503865683,-0.5971493946462141,1,0,0,0.0,1,1,1,1,,0,1,1,0,1,0,0,0.5493790992268633,0.5971493946462141,0.5075804,0.5046910494460957,0.53324413
2025-06-23 10:35:00,2025-06-23 11:55:00,1,401.6,402.55,pivot,0.9499999999999886,0.1241245,0.6258754999999885,19715.07824999964,1.0,2025-06-23,402.05,402.15,401.4,0.0,402.7,402.8,402.25,0.0,2025,0.0,0.0,0.0,0.0,0.0,0.0,0.0,0.0,0.0,0.0,0.0,0.0,0.0,0.0,0.0,1.0,1.0,1.0,1,10,0,6,152.02094050393006,0.8810677553777165,1.0234787058646089,0.8810677553777165,0.1189322446222834,4.592672681059072e-05,4.277253742359485e-05,0.0011740623575047,True,0.8810677553777165,0.1189322446222834,-1.0234787058646089,1,0,0,0.0,1,1,1,1,,0,1,1,0,1,0,0,0.7621355107554332,1.0234787058646089,0.5075804,0.518516291703259,0.5330001
2025-06-24 10:55:00,2025-06-24 11:10:00,1,417.6,415.85,pivot,-1.75,0.1250035,-2.0750035,-65362.61025,1.0,2025-06-24,417.55,417.7,417.35,0.0,416.55,416.7,415.75,0.0,2025,0.0,0.0,0.0,0.0,0.0,0.0,0.0,0.0,0.0,0.0,0.0,0.0,0.0,0.0,0.0,1.0,1.0,2.0,0,10,1,6,452.6869156821021,0.4167054507265278,-0.1461405808507994,0.4167054507265278,0.5832945492734721,5.943630849718658e-05,5.2846606459223e-05,0.0011809558621227,True,0.4167054507265278,0.5832945492734721,0.1461405808507994,1,0,0,0.0,1,1,1,1,,0,1,1,0,1,0,0,-0.16658909854694431,0.1461405808507994,0.5173392,0.5381202909956546,0.51827854
2025-07-29 10:45:00,2025-07-29 11:00:00,1,434.25,433.55,pivot,-0.6999999999999886,0.126034,-1.0260339999999886,-32320.07099999964,1.0,2025-07-29,433.65,434.4,433.6,0.0,433.5,433.7,433.15,0.0,2025,0.0,0.0,0.0,0.0,0.0,0.0,0.0,0.0,0.0,0.0,0.0,0.0,0.0,0.0,0.0,1.0,1.0,2.0,0,10,1,7,89.4834534269342,0.0657287076589547,-1.2755900318494615,0.0657287076589547,0.9342712923410452,2.3015724235935155e-05,1.029339952180953e-05,0.001091997707329,True,0.0657287076589547,0.9342712923410452,1.2755900318494615,1,0,0,0.0,1,1,1,1,,0,1,1,0,1,0,0,-0.8685425846820906,1.2755900318494615,0.5173392,0.5381202909956546,0.51050806
2025-07-30 10:35:00,2025-07-30 14:20:00,1,439.45,442.1,pivot,2.650000000000034,0.1264465,2.3235535000000342,73191.93525000107,1.0,2025-07-30,439.15,439.65,438.95,0.0,442.35,442.4,441.6,0.0,2025,0.0,0.0,0.0,0.0,0.0,0.0,0.0,0.0,0.0,0.0,0.0,0.0,0.0,0.0,0.0,1.0,1.0,1.0,1,10,2,7,300.4672040216305,0.1938704970808268,-0.6462009180275584,0.1938704970808268,0.8061295029191732,2.025933471399783e-05,1.0220227788280312e-05,0.0010726151201266,True,0.1938704970808268,0.8061295029191732,0.6462009180275584,1,0,0,0.0,1,1,1,1,,0,1,1,0,1,0,0,-0.6122590058383464,0.6462009180275584,0.5075804,0.5142534869249903,0.5192745
2025-07-31 10:35:00,2025-07-31 11:00:00,1,440.65,439.15,pivot,-1.5,0.126394,-1.826394,-57531.411,1.0,2025-07-31,440.9,441.25,440.6,0.0,439.05,439.25,438.8,0.0,2025,0.0,0.0,0.0,0.0,0.0,0.0,0.0,0.0,0.0,0.0,0.0,0.0,0.0,0.0,0.0,1.0,1.0,1.0,0,10,3,7,413.7324040118326,0.7058560001639695,0.4027555992138494,0.7058560001639695,0.2941439998360304,2.0555919240407625e-05,7.586953858875084e-06,0.0011077029418399,True,0.7058560001639695,0.2941439998360304,-0.4027555992138494,1,0,0,0.0,1,1,1,1,,0,1,1,0,1,0,0,0.41171200032793914,0.4027555992138494,0.5075804,0.5106550274582811,0.5229463
2025-08-01 11:00:00,2025-08-01 11:25:00,-1,425.15,425.3,pivot,-0.1500000000000341,0.1255135,-0.475513500000034,-14978.675250001072,1.0,2025-08-01,425.7,426.05,425.05,0.0,425.55,425.75,425.2,0.0,2025,0.0,0.0,0.0,0.0,0.0,0.0,0.0,0.0,0.0,0.0,0.0,0.0,0.0,0.0,0.0,1.0,1.0,0.0,0,11,4,8,122.34343054521337,0.9133898404815428,1.1664504805854237,0.9133898404815428,0.0866101595184573,7.432705007039159e-06,-1.3668300127735554e-05,0.0011200589516472,True,0.0866101595184573,0.9133898404815428,1.1664504805854237,1,0,0,0.0,1,1,1,1,,0,1,1,0,1,0,0,-0.8267796809630855,1.1664504805854237,0.50965536,0.5524359599756197,0.5276642
2025-09-01 10:30:00,2025-09-01 10:50:00,1,427.95,427.7,pivot,-0.25,0.1256695,-0.5756695000000001,-18133.58925,1.0,2025-09-01,428.2,428.5,427.7,0.0,427.0,427.7,426.95,0.0,2025,0.0,0.0,0.0,0.0,0.0,0.0,0.0,0.0,0.0,0.0,0.0,0.0,0.0,0.0,0.0,1.0,1.0,1.0,0,10,0,9,365.60699317090535,0.8016284512549369,0.6680123933491443,0.8016284512549369,0.1983715487450631,-1.761478695709911e-05,-2.264597941522464e-05,0.0009081505274737,True,0.8016284512549369,0.1983715487450631,-0.6680123933491443,1,0,0,0.0,1,1,1,1,,0,1,1,0,1,0,0,0.6032569025098737,0.6680123933491443,0.5047069,0.53497227741944,0.53212404
2025-09-01 10:50:00,2025-09-01 11:00:00,1,427.7,427.2,pivot,-0.5,0.125647,-0.8256470000000001,-26007.880500000003,1.0,2025-09-01,427.0,427.7,426.95,0.0,427.45,427.5,427.05,0.0,2025,0.0,0.0,0.0,0.0,0.0,0.0,0.0,0.0,0.0,0.0,0.0,0.0,0.0,0.0,0.0,1.0,1.0,1.0,0,10,0,9,45.90984865107958,0.0317220969473341,-1.778731582435572,0.0317220969473341,0.9682779030526658,-1.761478695709911e-05,-2.264597941522464e-05,0.0009081505274737,True,0.0317220969473341,0.9682779030526658,1.778731582435572,1,0,0,0.0,1,1,1,1,,0,1,1,0,1,0,0,-0.9365558061053317,1.778731582435572,0.5047069,0.53497227741944,0.5114253
2025-10-13 10:40:00,2025-10-13 10:45:00,-1,499.55,500.6,pivot,-1.0500000000000114,0.1300045,-1.3800045000000114,-43470.14175000036,1.0,2025-10-13,500.6,500.7,499.5,0.0,501.65,501.7,500.6,0.0,2025,0.0,0.0,0.0,0.0,0.0,0.0,0.0,0.0,0.0,0.0,0.0,0.0,0.0,0.0,0.0,1.0,1.0,2.0,0,10,0,10,20.634003070242983,0.9826193868070492,2.38087487091923,0.9826193868070492,0.0173806131929509,1.5783657179762074e-05,1.6886637694042588e-05,0.0009168454411587,True,0.0173806131929509,0.9826193868070492,2.38087487091923,1,0,0,0.0,1,1,1,1,,0,1,1,0,1,0,0,-0.9652387736140983,2.38087487091923,0.51110506,0.5443767188927581,0.5208555
2025-10-13 10:45:00,2025-10-13 12:20:00,-1,500.6,499.25,pivot,1.3500000000000227,0.1299955,1.0200045000000229,32130.141750000723,1.0,2025-10-13,501.65,501.7,500.6,0.0,499.3,499.6,499.1,0.0,2025,0.0,0.0,0.0,0.0,0.0,0.0,0.0,0.0,0.0,0.0,0.0,0.0,0.0,0.0,0.0,1.0,1.0,2.0,1,10,0,10,23.257790998786387,0.980329398183854,2.266903060157058,0.980329398183854,0.0196706018161461,1.5783657179762074e-05,1.6886637694042588e-05,0.0009168454411587,True,0.0196706018161461,0.980329398183854,2.266903060157058,1,0,0,0.0,1,1,1,1,,0,1,1,0,1,0,0,-0.9606587963677079,2.266903060157058,0.51110506,0.5443767188927581,0.51843524
2025-10-14 10:50:00,2025-10-14 11:00:00,-1,504.95,506.65,pivot,-1.6999999999999886,0.130348,-2.0303479999999885,-63955.96199999964,1.0,2025-10-14,506.1,506.1,504.75,0.0,506.5,506.9,506.05,0.0,2025,0.0,0.0,0.0,0.0,0.0,0.0,0.0,0.0,0.0,0.0,0.0,0.0,0.0,0.0,0.0,1.0,1.0,1.0,0,10,1,10,23.50727019909301,0.9800507200512668,2.324125917647418,0.9800507200512668,0.019949279948733,1.526363514603271e-05,2.002898842598171e-05,0.000970186142635,True,0.019949279948733,0.9800507200512668,2.324125917647418,1,0,0,0.0,1,1,1,1,,0,1,1,0,1,0,0,-0.9601014401025338,2.324125917647418,0.5047069,0.5307094726411713,0.5055903
2025-10-21 08:45:00,2025-10-21 10:45:00,1,541.65,546.7,pivot,5.050000000000068,0.1326505,4.717349500000068,148596.50925000213,1.0,2025-10-21,539.2,541.65,539.0,0.0,546.55,546.85,546.15,0.0,2025,0.0,0.0,0.0,0.0,0.0,0.0,0.0,0.0,0.0,0.0,0.0,0.0,0.0,0.0,0.0,1.0,1.0,1.0,1,8,1,10,,,,,,,,,False,,,,1,0,0,0.0,1,1,1,1,,0,1,0,0,1,0,0,,,0.5047069,0.5332880014315792,0.52234805
2025-10-21 10:45:00,2025-10-21 11:05:00,1,546.7,545.95,pivot,-0.75,0.1327795,-1.0827795,-34107.55425,1.0,2025-10-21,546.55,546.85,546.15,0.0,545.95,546.55,545.6,0.0,2025,0.0,0.0,0.0,0.0,0.0,0.0,0.0,0.0,0.0,0.0,0.0,0.0,0.0,0.0,0.0,1.0,1.0,1.0,0,10,1,10,427.7091248116194,0.3570520401779944,-0.2806740952507762,0.3570520401779944,0.6429479598220056,3.2036207988003755e-05,5.0511650098439766e-05,0.001157651584901,True,0.3570520401779944,0.6429479598220056,0.2806740952507762,1,0,0,0.0,1,1,1,1,,0,1,1,0,1,0,0,-0.2858959196440112,0.2806740952507762,0.5047069,0.5307094726411713,0.55526733
2025-10-22 10:40:00,2025-10-22 11:10:00,-1,533.65,535.85,pivot,-2.200000000000045,0.132085,-2.5320850000000457,-79760.67750000143,1.0,2025-10-22,534.15,534.55,533.65,0.0,536.5,536.7,535.75,0.0,2025,0.0,0.0,0.0,0.0,0.0,0.0,0.0,0.0,0.0,0.0,0.0,0.0,0.0,0.0,0.0,1.0,1.0,1.0,0,10,2,10,183.7424189101089,0.8453567564764088,0.8031991846933123,0.8453567564764088,0.1546432435235911,3.221406947631298e-05,4.8367515033529015e-05,0.0012224069622578,True,0.1546432435235911,0.8453567564764088,0.8031991846933123,1,0,0,0.0,1,1,1,1,,0,1,1,0,1,0,0,-0.6907135129528177,0.8031991846933123,0.5047069,0.5369970543405177,0.57193077
2025-10-23 10:45:00,2025-10-23 10:55:00,1,542.85,542.6,pivot,-0.25,0.1325635,-0.5825634999999999,-18350.750249999997,1.0,2025-10-23,541.75,543.05,541.7,0.0,543.55,543.6,542.55,0.0,2025,0.0,0.0,0.0,0.0,0.0,0.0,0.0,0.0,0.0,0.0,0.0,0.0,0.0,0.0,0.0,1.0,1.0,2.0,0,10,3,10,40.307186532810064,0.0364838698414539,-1.7742601907015072,0.0364838698414539,0.963516130158546,3.221406947631298e-05,4.8367515033529015e-05,0.0012224069622578,True,0.0364838698414539,0.963516130158546,1.7742601907015072,1,0,0,0.0,1,1,1,1,,0,1,1,0,1,0,0,-0.9270322603170921,1.7742601907015072,0.51110506,0.5403806088929675,0.55525684
2025-10-23 10:55:00,2025-10-23 12:30:00,-1,542.6,543.0,pivot,-0.3999999999999772,0.132568,-0.7325679999999772,-23075.891999999283,1.0,2025-10-23,543.55,543.6,542.55,0.0,542.65,543.4,542.35,0.0,2025,0.0,0.0,0.0,0.0,0.0,0.0,0.0,0.0,0.0,0.0,0.0,0.0,0.0,0.0,0.0,1.0,1.0,2.0,0,10,3,10,86.95367472305381,0.9233237751107448,1.316080726487619,0.9233237751107448,0.0766762248892551,3.221406947631298e-05,4.8367515033529015e-05,0.0012224069622578,True,0.0766762248892551,0.9233237751107448,1.316080726487619,1,0,0,0.0,1,1,1,1,,0,1,1,0,1,0,0,-0.8466475502214897,1.316080726487619,0.51110506,0.5403806088929675,0.53184843
2025-10-24 10:25:00,2025-10-24 10:55:00,1,545.1,548.25,pivot,3.1499999999999773,0.1328005,2.8171994999999774,88741.78424999928,1.0,2025-10-24,544.1,545.45,544.1,0.0,548.85,548.95,547.95,0.0,2025,0.0,0.0,0.0,0.0,0.0,0.0,0.0,0.0,0.0,0.0,0.0,0.0,0.0,0.0,0.0,1.0,1.0,1.0,1,10,4,10,64.25718958465183,0.0530698605398392,-1.5306083129218733,0.0530698605398392,0.9469301394601608,4.567989946516584e-05,6.78456609330454e-05,0.0012439866053345,True,0.0530698605398392,0.9469301394601608,1.5306083129218733,1,0,0,0.0,1,1,1,1,,0,1,1,0,1,0,0,-0.8938602789203216,1.5306083129218733,0.5047069,0.5223156418797965,0.53601813
2025-10-24 10:55:00,2025-10-24 13:15:00,-1,548.25,549.7,pivot,-1.4500000000000457,0.1329385,-1.7829385000000457,-56162.56275000144,1.0,2025-10-24,548.85,548.95,547.95,0.0,550.2,550.35,549.5,0.0,2025,0.0,0.0,0.0,0.0,0.0,0.0,0.0,0.0,0.0,0.0,0.0,0.0,0.0,0.0,0.0,1.0,1.0,1.0,0,10,4,10,174.55721894553753,0.841848139026883,0.8247252582907756,0.841848139026883,0.1581518609731169,4.567989946516584e-05,6.78456609330454e-05,0.0012439866053345,True,0.1581518609731169,0.841848139026883,0.8247252582907756,1,0,0,0.0,1,1,1,1,,0,1,1,0,1,0,0,-0.6836962780537661,0.8247252582907756,0.5047069,0.5223156418797965,0.5395107
2025-10-27 10:25:00,2025-10-27 10:40:00,1,562.8,564.8,pivot,2.0,0.133828,1.666172,52484.418,1.0,2025-10-27,562.65,563.35,561.95,0.0,564.4,565.0,564.25,0.0,2025,0.0,0.0,0.0,0.0,0.0,0.0,0.0,0.0,0.0,0.0,0.0,0.0,0.0,0.0,0.0,1.0,1.0,1.0,1,10,0,10,414.7425022613937,0.397681103160925,-0.2060855962996245,0.397681103160925,0.602318896839075,5.842851379273593e-05,8.2445200355371e-05,0.0012623870656768,True,0.397681103160925,0.602318896839075,0.2060855962996245,1,0,0,0.0,1,1,1,1,,0,1,1,0,1,0,0,-0.20463779367815005,0.2060855962996245,0.5047069,0.53497227741944,0.5416565
2025-10-27 10:40:00,2025-10-27 12:05:00,1,564.8,563.95,pivot,-0.849999999999909,0.1338625,-1.183862499999909,-37291.66874999713,1.0,2025-10-27,564.4,565.0,564.25,0.0,564.15,564.25,563.15,0.0,2025,0.0,0.0,0.0,0.0,0.0,0.0,0.0,0.0,0.0,0.0,0.0,0.0,0.0,0.0,0.0,1.0,1.0,1.0,0,10,0,10,256.6984148554408,0.2173968468789462,-0.6265205199204099,0.2173968468789462,0.7826031531210538,5.842851379273593e-05,8.2445200355371e-05,0.0012623870656768,True,0.2173968468789462,0.7826031531210538,0.6265205199204099,1,0,0,0.0,1,1,1,1,,0,1,1,0,1,0,0,-0.5652063062421075,0.6265205199204099,0.5047069,0.53497227741944,0.5172694
2025-11-10 10:55:00,2025-11-10 11:35:00,1,574.35,574.65,pivot,0.2999999999999545,0.13447,-0.03447000000004547,-1085.8050000014323,1.0,2025-11-10,574.9,575.1,574.25,0.0,574.7,574.75,573.75,0.0,2025,0.0,0.0,0.0,0.0,0.0,0.0,0.0,0.0,0.0,0.0,0.0,0.0,0.0,0.0,0.0,1.0,1.0,2.0,0,10,0,11,212.54681125029305,0.7409329768729763,0.4989908281811013,0.7409329768729763,0.2590670231270237,4.753663780343021e-05,2.26046729396657e-05,0.0018728628105227,True,0.7409329768729763,0.2590670231270237,-0.4989908281811013,1,0,0,0.0,1,1,1,1,,0,1,1,0,1,0,0,0.48186595374595265,0.4989908281811013,0.51110506,0.5563772113655033,0.505661
2025-11-11 10:35:00,2025-11-11 11:00:00,1,591.95,589.55,pivot,-2.400000000000091,0.135445,-2.7354450000000905,-86166.51750000285,1.0,2025-11-11,591.0,592.1,590.25,0.0,588.5,590.15,588.45,0.0,2025,0.0,0.0,0.0,0.0,0.0,0.0,0.0,0.0,0.0,0.0,0.0,0.0,0.0,0.0,0.0,1.0,1.0,2.0,0,10,1,11,112.73523682968542,0.1421268693216988,-0.883662043597632,0.1421268693216988,0.8578731306783012,4.259445900944493e-05,2.8412800923603404e-05,0.0019453481014442,True,0.1421268693216988,0.8578731306783012,0.883662043597632,1,0,0,0.0,1,1,1,1,,0,1,1,0,1,0,0,-0.7157462613566024,0.883662043597632,0.51110506,0.5571475194887526,0.5053003
2025-11-11 12:10:00,2025-11-11 12:25:00,-1,586.2,585.85,pivot,0.3500000000000227,0.1351615,0.014838500000022707,467.4127500007153,1.0,2025-11-11,585.8,587.1,585.4,0.0,585.5,585.85,585.0,0.0,2025,0.0,0.0,0.0,0.0,0.0,0.0,0.0,0.0,0.0,0.0,0.0,0.0,0.0,0.0,0.0,1.0,1.0,0.0,1,12,1,11,225.13684607139177,0.3083555134130654,-0.3654907229995456,0.3083555134130654,0.6916444865869347,4.259445900944493e-05,2.8412800923603404e-05,0.0019453481014442,True,0.6916444865869347,0.3083555134130654,-0.3654907229995456,1,0,0,0.0,1,1,1,1,,0,1,0,1,1,0,0,0.3832889731738693,0.3654907229995456,0.50468594,0.5414646231966171,0.50443935
2025-11-11 14:35:00,2025-11-11 14:45:00,1,578.1,579.15,pivot,1.0499999999999543,0.1347175,0.7152824999999545,22531.398749998567,1.0,2025-11-11,579.2,579.55,576.95,0.0,581.1,581.4,578.6,0.0,2025,0.0,0.0,0.0,0.0,0.0,0.0,0.0,0.0,0.0,0.0,0.0,0.0,0.0,0.0,0.0,1.0,1.0,0.0,1,14,1,11,103.21627196554084,0.8754439563551432,0.9513820290873002,0.8754439563551432,0.1245560436448568,4.262757247960177e-05,3.144154834490784e-05,0.001965073311848,True,0.8754439563551432,0.1245560436448568,-0.9513820290873002,1,0,0,0.0,1,1,1,1,,0,1,0,1,1,0,0,0.7508879127102863,0.9513820290873002,0.50468594,0.5376082332097923,0.5026885
2026-01-07 15:05:00,2026-01-07 15:45:00,-1,661.95,664.7,eod,-2.75,0.1397995,-3.0897995000000003,-97328.68425,1.0,2026-01-07,663.7,663.75,661.55,0.0,664.7,664.7,664.7,0.0,2026,0.0,0.0,0.0,0.0,0.0,0.0,0.0,0.0,0.0,0.0,0.0,0.0,0.0,0.0,0.0,1.0,1.0,2.0,0,15,2,1,28.94725879326725,0.9775136892493216,2.182960382592733,0.9775136892493216,0.0224863107506785,-2.162759907777641e-06,5.2227906991390365e-05,0.0011855404623276,True,0.0224863107506785,0.9775136892493216,2.182960382592733,1,0,0,0.0,1,1,1,1,,0,1,0,0,1,0,0,-0.955027378498643,2.182960382592733,0.5076896,0.5010803318915277,0.5227974
2026-01-08 10:40:00,2026-01-08 11:00:00,-1,676.5,676.1,pivot,0.3999999999999772,0.140578,0.0594219999999773,1871.7929999992848,1.0,2026-01-08,676.8,677.45,676.4,0.0,674.45,676.35,673.15,0.0,2026,0.0,0.0,0.0,0.0,0.0,0.0,0.0,0.0,0.0,0.0,0.0,0.0,0.0,0.0,0.0,1.0,1.0,2.0,1,10,3,1,319.85681139712835,0.6821675026201346,0.3404590553733741,0.6821675026201346,0.3178324973798654,2.7867210116342785e-05,7.263949846256751e-05,0.0013059830166477,True,0.3178324973798654,0.6821675026201346,0.3404590553733741,1,0,0,0.0,1,1,1,1,,0,1,1,0,1,0,0,-0.3643350052402692,0.3404590553733741,0.5197103,0.5530839081155009,0.5321591
2026-01-08 11:00:00,2026-01-08 11:10:00,-1,676.1,674.5,pivot,1.6000000000000227,0.140518,1.2594820000000229,39673.68300000072,1.0,2026-01-08,674.45,676.35,673.15,0.0,673.2,674.7,672.5,0.0,2026,0.0,0.0,0.0,0.0,0.0,0.0,0.0,0.0,0.0,0.0,0.0,0.0,0.0,0.0,0.0,1.0,1.0,2.0,1,11,3,1,24.39478011097445,0.0244741835955184,-1.9265868294861643,0.0244741835955184,0.9755258164044815,2.7867210116342785e-05,7.263949846256751e-05,0.0013059830166477,True,0.9755258164044815,0.0244741835955184,-1.9265868294861643,1,0,0,0.0,1,1,1,1,,0,1,1,0,1,0,0,0.9510516328089631,1.9265868294861643,0.50914,0.5192893515599751,0.52052987
2026-01-08 12:20:00,2026-01-08 12:25:00,1,670.45,669.75,pivot,-0.7000000000000455,0.140206,-1.0402060000000455,-32766.489000001435,1.0,2026-01-08,669.7,670.65,668.65,0.0,669.5,670.3,668.9,0.0,2026,0.0,0.0,0.0,0.0,0.0,0.0,0.0,0.0,0.0,0.0,0.0,0.0,0.0,0.0,0.0,1.0,1.0,0.0,0,12,3,1,166.708925245373,0.1285012486728214,-0.912659118009565,0.1285012486728214,0.8714987513271786,2.7867210116342785e-05,7.263949846256751e-05,0.0013059830166477,True,0.1285012486728214,0.8714987513271786,0.912659118009565,1,0,0,0.0,1,1,1,1,,0,1,0,1,1,0,0,-0.7429975026543572,0.912659118009565,0.5006344,0.5098808817886125,0.5379983
2026-01-08 12:25:00,2026-01-08 13:15:00,1,669.75,668.7,pivot,-1.0499999999999543,0.1401535,-1.3901534999999545,-43789.83524999857,1.0,2026-01-08,669.5,670.3,668.9,0.0,670.75,670.85,668.7,0.0,2026,0.0,0.0,0.0,0.0,0.0,0.0,0.0,0.0,0.0,0.0,0.0,0.0,0.0,0.0,0.0,1.0,1.0,0.0,0,12,3,1,399.5710862861741,0.3648324732411022,-0.2843262726287745,0.3648324732411022,0.6351675267588979,2.7867210116342785e-05,7.263949846256751e-05,0.0013059830166477,True,0.3648324732411022,0.6351675267588979,0.2843262726287745,1,0,0,0.0,1,1,1,1,,0,1,0,1,1,0,0,-0.2703350535177957,0.2843262726287745,0.5006344,0.5098808817886125,0.546232
2026-01-09 10:30:00,2026-01-09 10:35:00,1,661.1,659.65,pivot,-1.4500000000000457,0.1396225,-1.7896225000000454,-56373.10875000143,1.0,2026-01-09,659.65,661.1,659.3,0.0,659.9,660.05,659.05,0.0,2026,0.0,0.0,0.0,0.0,0.0,0.0,0.0,0.0,0.0,0.0,0.0,0.0,0.0,0.0,0.0,1.0,1.0,1.0,0,10,4,1,42.21652246217038,0.035029375957098,-1.678986707201667,0.035029375957098,0.964970624042902,2.7867210116342785e-05,7.263949846256751e-05,0.0013059830166477,True,0.035029375957098,0.964970624042902,1.678986707201667,1,0,0,0.0,1,1,1,1,,0,1,1,0,1,0,0,-0.929941248085804,1.678986707201667,0.50995404,0.5162638787208231,0.54765487
2026-01-09 10:35:00,2026-01-09 12:40:00,1,659.65,669.85,pivot,10.200000000000044,0.139885,9.860115000000047,310593.62250000145,1.0,2026-01-09,659.9,660.05,659.05,0.0,669.95,670.5,669.85,0.0,2026,0.0,0.0,0.0,0.0,0.0,0.0,0.0,0.0,0.0,0.0,0.0,0.0,0.0,0.0,0.0,1.0,1.0,1.0,1,10,4,1,351.8108589036243,0.6356382029822689,0.2345187932949151,0.6356382029822689,0.3643617970177311,2.7867210116342785e-05,7.263949846256751e-05,0.0013059830166477,True,0.6356382029822689,0.3643617970177311,-0.2345187932949151,1,0,0,0.0,1,1,1,1,,0,1,1,0,1,0,0,0.27127640596453784,0.2345187932949151,0.50995404,0.5162638787208231,0.53621256
2026-01-12 10:30:00,2026-01-12 10:35:00,-1,676.3,676.95,pivot,-0.650000000000091,0.1405975,-0.9905975000000911,-31203.821250002868,1.0,2026-01-12,676.95,677.45,676.3,0.0,677.75,678.45,676.4,0.0,2026,0.0,0.0,0.0,0.0,0.0,0.0,0.0,0.0,0.0,0.0,0.0,0.0,0.0,0.0,0.0,1.0,1.0,1.0,0,10,0,1,217.1631445696644,0.788776457599439,0.6444248790619479,0.788776457599439,0.2112235424005609,4.147837044504242e-05,8.67760275737564e-05,0.0013560530653691,True,0.2112235424005609,0.788776457599439,0.6444248790619479,1,0,0,0.0,1,1,1,1,,0,1,1,0,1,0,0,-0.5775529151988781,0.6444248790619479,0.50995404,0.5300891209779864,0.5285202
2026-01-12 10:35:00,2026-01-12 14:05:00,-1,676.95,674.65,pivot,2.300000000000068,0.140548,1.9594520000000684,61722.73800000215,1.0,2026-01-12,677.75,678.45,676.4,0.0,673.95,674.65,673.35,0.0,2026,0.0,0.0,0.0,0.0,0.0,0.0,0.0,0.0,0.0,0.0,0.0,0.0,0.0,0.0,0.0,1.0,1.0,1.0,1,10,0,1,175.3639621765276,0.8318800486706651,0.8069724098763209,0.8318800486706651,0.1681199513293348,4.147837044504242e-05,8.67760275737564e-05,0.0013560530653691,True,0.1681199513293348,0.8318800486706651,0.8069724098763209,1,0,0,0.0,1,1,1,1,,0,1,1,0,1,0,0,-0.6637600973413303,0.8069724098763209,0.50995404,0.5300891209779864,0.52210164
2026-01-29 12:30:00,2026-01-29 13:00:00,1,766.9,765.95,pivot,-0.9499999999999318,0.1459855,-1.2959854999999318,-40823.543249997856,1.0,2026-01-29,767.7,767.9,766.5,0.0,764.25,766.25,763.85,0.0,2026,0.0,0.0,0.0,0.0,0.0,0.0,0.0,0.0,0.0,0.0,0.0,0.0,0.0,0.0,0.0,1.0,2.0,2.0,0,12,3,1,199.3557481072753,0.7736095986242536,0.6400315701779897,0.7736095986242536,0.2263904013757464,8.236226985079451e-05,7.834954633628402e-05,0.0016084631425936,True,0.7736095986242536,0.2263904013757464,-0.6400315701779897,1,0,0,0.0,1,1,1,1,,0,1,0,1,0,0,0,0.5472191972485072,0.6400315701779897,0.50914,0.5461171036470668,0.52781314
2026-01-30 10:40:00,2026-01-30 11:10:00,-1,777.8,775.2,pivot,2.599999999999909,0.14659,2.253409999999909,70982.41499999714,1.0,2026-01-30,776.35,779.75,776.25,0.0,772.15,775.35,771.35,0.0,2026,0.0,0.0,0.0,0.0,0.0,0.0,0.0,0.0,0.0,0.0,0.0,0.0,0.0,0.0,0.0,1.0,1.0,2.0,1,10,4,1,98.96885444830836,0.101829267034949,-1.1379567451045596,0.101829267034949,0.898170732965051,8.37236085530292e-05,7.389613306083635e-05,0.0016482019125042,True,0.898170732965051,0.101829267034949,-1.1379567451045596,1,0,0,0.0,1,1,1,1,,0,1,1,0,1,0,0,0.796341465930102,1.1379567451045596,0.5197103,0.5471199301033155,0.5394635
2026-01-30 11:35:00,2026-01-30 11:50:00,-1,765.85,768.85,pivot,-3.0,0.146041,-3.346041,-105400.2915,1.0,2026-01-30,767.5,770.05,765.6,0.0,770.6,771.4,768.85,0.0,2026,0.0,0.0,0.0,0.0,0.0,0.0,0.0,0.0,0.0,0.0,0.0,0.0,0.0,0.0,0.0,1.0,0.0,0.0,0,11,4,1,94.57593028778956,0.9123622224052416,1.2213129941616254,0.9123622224052416,0.0876377775947585,8.37236085530292e-05,7.389613306083635e-05,0.0016482019125042,True,0.0876377775947585,0.9123622224052416,1.2213129941616254,1,0,0,0.0,1,1,1,1,,0,1,1,0,0,1,0,-0.824724444810483,1.2213129941616254,0.51689315,0.754331038341181,0.54701304
2026-01-30 11:50:00,2026-01-30 12:40:00,1,768.85,769.1,pivot,0.25,0.1461385,-0.09613849999999999,-3028.36275,1.0,2026-01-30,770.6,771.4,768.85,0.0,770.9,771.3,768.7,0.0,2026,0.0,0.0,0.0,0.0,0.0,0.0,0.0,0.0,0.0,0.0,0.0,0.0,0.0,0.0,0.0,1.0,1.0,0.0,0,11,4,1,69.19006489073874,0.9381588069159504,1.4134900102919328,0.9381588069159504,0.0618411930840495,8.37236085530292e-05,7.389613306083635e-05,0.0016482019125042,True,0.9381588069159504,0.0618411930840495,-1.4134900102919328,1,0,0,0.0,1,1,1,1,,0,1,1,0,1,0,0,0.876317613831901,1.4134900102919328,0.5006344,0.5456247809623225,0.5400952
2026-01-30 15:25:00,2026-01-30 15:30:00,1,771.2,768.5,pivot,-2.700000000000045,0.146191,-3.046191000000045,-95955.01650000142,1.0,2026-01-30,768.5,771.75,768.05,0.0,772.15,772.4,768.4,0.0,2026,0.0,0.0,0.0,0.0,0.0,0.0,0.0,0.0,0.0,0.0,0.0,0.0,0.0,0.0,0.0,1.0,1.0,0.0,0,15,4,1,22.86030083079364,0.0309589005498364,-2.0546969593853537,0.0309589005498364,0.9690410994501636,8.37236085530292e-05,7.389613306083635e-05,0.0016482019125042,True,0.0309589005498364,0.9690410994501636,2.0546969593853537,1,0,0,0.0,1,1,1,1,,0,1,0,0,1,0,0,-0.9380821989003272,2.0546969593853537,0.5033306,0.5252038667227642,0.5349952
2026-02-02 10:25:00,2026-02-02 10:35:00,1,757.15,752.7,pivot,-4.449999999999932,0.1452955,-4.7952954999999315,-151051.80824999785,1.0,2026-02-02,757.05,759.25,756.8,0.0,753.35,754.85,752.7,0.0,2026,0.0,0.0,0.0,0.0,0.0,0.0,0.0,0.0,0.0,0.0,0.0,0.0,0.0,0.0,0.0,1.0,1.0,1.0,0,10,0,2,293.2829131190035,0.4550322541536589,-0.0866817852465213,0.4550322541536589,0.5449677458463411,8.641396874179285e-05,8.177334801203932e-05,0.0017052833241906,True,0.4550322541536589,0.5449677458463411,0.0866817852465213,1,0,0,0.0,1,1,1,1,,0,1,1,0,1,0,0,-0.08993549169268222,0.0866817852465213,0.50995404,0.5226119967949799,0.5430466
2026-02-02 10:35:00,2026-02-02 11:45:00,-1,752.7,743.6,pivot,9.100000000000025,0.144889,8.755111000000026,275785.9965000008,1.0,2026-02-02,753.35,754.85,752.7,0.0,740.35,743.95,740.25,0.0,2026,0.0,0.0,0.0,0.0,0.0,0.0,0.0,0.0,0.0,0.0,0.0,0.0,0.0,0.0,0.0,1.0,1.0,1.0,1,10,0,2,241.9721459348852,0.6951213271102294,0.4192772704099587,0.6951213271102294,0.3048786728897705,8.641396874179285e-05,8.177334801203932e-05,0.0017052833241906,True,0.3048786728897705,0.6951213271102294,0.4192772704099587,1,0,0,0.0,1,1,1,1,,0,1,1,0,1,0,0,-0.39024265422045895,0.4192772704099587,0.50995404,0.5226119967949799,0.5399495
2026-02-02 11:45:00,2026-02-02 13:15:00,1,743.6,729.0,pivot,-14.600000000000025,0.144178,-14.944178000000022,-470741.6070000007,1.0,2026-02-02,740.35,743.95,740.25,0.0,736.3,736.7,728.8,0.0,2026,0.0,0.0,0.0,0.0,0.0,0.0,0.0,0.0,0.0,0.0,0.0,0.0,0.0,0.0,0.0,1.0,0.0,0.0,0,11,0,2,11.119595975667057,0.0145555928187936,-2.6165633459711657,0.0145555928187936,0.9854444071812064,8.641396874179285e-05,8.177334801203932e-05,0.0017052833241906,True,0.0145555928187936,0.9854444071812064,2.6165633459711657,1,0,0,0.0,1,1,1,1,,0,1,1,0,0,1,0,-0.9708888143624128,2.6165633459711657,0.53361994,0.765994635048846,0.5390981
2026-02-02 13:15:00,2026-02-02 14:20:00,1,729.0,732.55,pivot,3.5499999999999545,0.1438465,3.2061534999999544,100993.83524999856,1.0,2026-02-02,736.3,736.7,728.8,0.0,731.9,733.65,731.45,0.0,2026,0.0,0.0,0.0,0.0,0.0,0.0,0.0,0.0,0.0,0.0,0.0,0.0,0.0,0.0,0.0,1.0,1.0,0.0,1,13,0,2,0.0279908292827409,1.0,5.75479401290835,1.0,0.0,8.641396874179285e-05,8.177334801203932e-05,0.0017052833241906,True,1.0,0.0,-5.75479401290835,1,0,0,0.0,1,1,1,1,,0,1,0,1,1,0,0,1.0,5.75479401290835,0.5006344,0.522666500839664,0.5123483
2026-02-04 08:45:00,2026-02-04 10:25:00,-1,770.95,783.25,pivot,-12.299999999999956,0.146626,-12.646625999999953,-398368.7189999985,1.0,2026-02-04,771.4,772.9,768.5,0.0,783.1,784.6,782.25,0.0,2026,0.0,0.0,0.0,0.0,0.0,0.0,0.0,0.0,0.0,0.0,0.0,0.0,0.0,0.0,0.0,2.0,1.0,1.0,0,8,2,2,,,,,,,,,False,,,,1,0,0,0.0,1,1,1,1,,0,1,0,0,1,0,0,,,0.51667947,0.5342004505691336,0.5073365
2026-02-04 10:25:00,2026-02-04 11:25:00,1,783.25,782.55,pivot,-0.7000000000000455,0.146974,-1.0469740000000454,-32979.68100000143,1.0,2026-02-04,783.1,784.6,782.25,0.0,781.95,783.75,780.3,0.0,2026,0.0,0.0,0.0,0.0,0.0,0.0,0.0,0.0,0.0,0.0,0.0,0.0,0.0,0.0,0.0,1.0,1.0,2.0,0,10,2,2,273.0996626256603,0.4064016723770244,-0.1716438949464752,0.4064016723770244,0.5935983276229756,7.738821747992845e-05,6.579449271519777e-05,0.0018710663092104,True,0.4064016723770244,0.5935983276229756,0.1716438949464752,1,0,0,0.0,1,1,1,1,,0,1,1,0,1,0,0,-0.1871966552459512,0.1716438949464752,0.5197103,0.5492052433992036,0.52882826
2026-02-04 11:30:00,2026-02-04 11:50:00,-1,782.0,783.05,pivot,-1.0499999999999543,0.1469515,-1.3969514999999546,-44003.97224999857,1.0,2026-02-04,784.3,784.65,781.25,0.0,782.65,783.35,781.6,0.0,2026,0.0,0.0,0.0,0.0,0.0,0.0,0.0,0.0,0.0,0.0,0.0,0.0,0.0,0.0,0.0,1.0,1.0,2.0,0,11,2,2,40.91280003405326,0.94815825961955,1.4962888471226072,0.94815825961955,0.05184174038045,8.607777131240816e-05,8.55535616713568e-05,0.0019483181875818,True,0.05184174038045,0.94815825961955,1.4962888471226072,1,0,0,0.0,1,1,1,1,,0,1,1,0,1,0,0,-0.8963165192391,1.4962888471226072,0.50914,0.5124193333359031,0.53209674
2026-02-05 10:25:00,2026-02-05 10:30:00,1,771.2,773.95,pivot,2.75,0.1463545,2.4036454999999997,75714.83325,1.0,2026-02-05,773.95,775.9,770.6,0.0,772.4,774.95,772.3,0.0,2026,0.0,0.0,0.0,0.0,0.0,0.0,0.0,0.0,0.0,0.0,0.0,0.0,0.0,0.0,0.0,1.0,1.0,1.0,1,10,3,2,23.663127755378323,0.9655606440311408,1.7830635591361037,0.9655606440311408,0.0344393559688591,8.607777131240816e-05,8.55535616713568e-05,0.0019483181875818,True,0.9655606440311408,0.0344393559688591,-1.7830635591361037,1,0,0,0.0,1,1,1,1,,0,1,1,0,1,0,0,0.9311212880622818,1.7830635591361037,0.50995404,0.514750732550002,0.5223902
2026-02-05 10:30:00,2026-02-05 11:35:00,1,773.95,763.05,pivot,-10.900000000000093,0.14611,-11.246110000000092,-354252.4650000029,1.0,2026-02-05,772.4,774.95,772.3,0.0,764.35,766.05,762.8,0.0,2026,0.0,0.0,0.0,0.0,0.0,0.0,0.0,0.0,0.0,0.0,0.0,0.0,0.0,0.0,0.0,1.0,1.0,1.0,0,10,3,2,82.54083550531773,0.1142149739169226,-1.072861219754352,0.1142149739169226,0.8857850260830773,8.607777131240816e-05,8.55535616713568e-05,0.0019483181875818,True,0.1142149739169226,0.8857850260830773,1.072861219754352,1,0,0,0.0,1,1,1,1,,0,1,1,0,1,0,0,-0.7715700521661547,1.072861219754352,0.50995404,0.514750732550002,0.5146992
2026-02-05 12:20:00,2026-02-05 12:55:00,1,759.5,755.0,pivot,-4.5,0.145435,-4.845434999999999,-152631.20249999998,1.0,2026-02-05,760.7,761.2,758.85,0.0,753.3,755.2,753.2,0.0,2026,0.0,0.0,0.0,0.0,0.0,0.0,0.0,0.0,0.0,0.0,0.0,0.0,0.0,0.0,0.0,1.0,1.0,0.0,0,12,3,2,150.0682162686597,0.8203031367200879,0.7663976116806712,0.8203031367200879,0.179696863279912,8.607777131240816e-05,8.55535616713568e-05,0.0019483181875818,True,0.8203031367200879,0.179696863279912,-0.7663976116806712,1,0,0,0.0,1,1,1,1,,0,1,0,1,1,0,0,0.640606273440176,0.7663976116806712,0.5006344,0.5111154835108453,0.51505077
2026-02-05 12:55:00,2026-02-05 13:20:00,1,755.0,753.15,pivot,-1.8500000000000227,0.1452445,-2.1952445000000225,-69150.2017500007,1.0,2026-02-05,753.3,755.2,753.2,0.0,753.35,754.75,752.75,0.0,2026,0.0,0.0,0.0,0.0,0.0,0.0,0.0,0.0,0.0,0.0,0.0,0.0,0.0,0.0,0.0,1.0,1.0,0.0,0,12,3,2,71.85207102969338,0.1059704009895306,-1.1458753860224096,0.1059704009895306,0.8940295990104693,5.289460424300975e-05,5.752032188535173e-05,0.0020174224592479,True,0.1059704009895306,0.8940295990104693,1.1458753860224096,1,0,0,0.0,1,1,1,1,,0,1,0,1,1,0,0,-0.7880591980209387,1.1458753860224096,0.5006344,0.5111154835108453,0.50626576
2026-02-05 13:20:00,2026-02-05 13:45:00,1,753.15,762.1,pivot,8.950000000000045,0.1454575,8.604542500000045,271043.08875000145,1.0,2026-02-05,753.35,754.75,752.75,0.0,761.95,762.5,760.7,0.0,2026,0.0,0.0,0.0,0.0,0.0,0.0,0.0,0.0,0.0,0.0,0.0,0.0,0.0,0.0,0.0,1.0,1.0,0.0,1,13,3,2,230.90416595396388,0.581626689246133,0.1689186446757422,0.581626689246133,0.4183733107538669,5.289460424300975e-05,5.752032188535173e-05,0.0020174224592479,True,0.581626689246133,0.4183733107538669,-0.1689186446757422,1,0,0,0.0,1,1,1,1,,0,1,0,1,1,0,0,0.16325337849226612,0.1689186446757422,0.5006344,0.5111154835108453,0.5086466
2026-02-06 10:25:00,2026-02-06 10:35:00,1,728.7,725.7,pivot,-3.0,0.143632,-3.343632,-105324.408,1.0,2026-02-06,728.25,729.4,725.7,0.0,731.1,731.1,725.7,0.0,2026,0.0,0.0,0.0,0.0,0.0,0.0,0.0,0.0,0.0,0.0,0.0,0.0,0.0,0.0,0.0,1.0,1.0,1.0,0,10,4,2,231.27343464043216,0.3893200952212442,-0.232664180005108,0.3893200952212442,0.6106799047787558,5.289460424300975e-05,5.752032188535173e-05,0.0020174224592479,True,0.3893200952212442,0.6106799047787558,0.232664180005108,1,0,0,0.0,1,1,1,1,,0,1,1,0,1,0,0,-0.22135980955751156,0.232664180005108,0.50995404,0.5087867545378166,0.5115384
2026-02-06 10:35:00,2026-02-06 11:00:00,-1,725.7,740.1,pivot,-14.399999999999975,0.143974,-14.743973999999977,-464435.1809999993,1.0,2026-02-06,731.1,731.1,725.7,0.0,744.35,744.9,739.85,0.0,2026,0.0,0.0,0.0,0.0,0.0,0.0,0.0,0.0,0.0,0.0,0.0,0.0,0.0,0.0,0.0,1.0,1.0,1.0,0,10,4,2,2.539999870865893,0.9963089376190796,3.543802656292744,0.9963089376190796,0.0036910623809204,5.289460424300975e-05,5.752032188535173e-05,0.0020174224592479,True,0.0036910623809204,0.9963089376190796,3.543802656292744,1,0,0,0.0,1,1,1,1,,0,1,1,0,1,0,0,-0.9926178752381591,3.543802656292744,0.50995404,0.5087867545378166,0.5060782
2026-02-06 11:35:00,2026-02-06 12:15:00,1,749.8,743.65,pivot,-6.149999999999977,0.1448035,-6.4948034999999775,-204586.31024999928,1.0,2026-02-06,751.45,751.8,749.7,0.0,743.55,745.4,743.1,0.0,2026,0.0,0.0,0.0,0.0,0.0,0.0,0.0,0.0,0.0,0.0,0.0,0.0,0.0,0.0,0.0,1.0,2.0,2.0,0,11,4,2,92.80205495183786,0.8943204714216242,1.0941364407742342,0.8943204714216242,0.1056795285783758,5.289460424300975e-05,5.752032188535173e-05,0.0020174224592479,True,0.8943204714216242,0.1056795285783758,-1.0941364407742342,1,0,0,0.0,1,1,1,1,,0,1,1,0,0,0,0,0.7886409428432484,1.0941364407742342,0.50914,0.5491119538034389,0.5180608
2026-02-09 10:40:00,2026-02-09 12:05:00,-1,777.55,780.05,pivot,-2.5,0.146728,-2.846728,-89671.932,1.0,2026-02-09,780.35,780.7,776.95,0.0,782.25,782.55,779.9,0.0,2026,0.0,0.0,0.0,0.0,0.0,0.0,0.0,0.0,0.0,0.0,0.0,0.0,0.0,0.0,0.0,1.0,1.0,1.0,0,10,0,2,31.478940852154228,0.9470025485657524,1.5785275639877092,0.9470025485657524,0.0529974514342475,4.216743096303528e-05,5.952200045666753e-05,0.0021987337573686,True,0.0529974514342475,0.9470025485657524,1.5785275639877092,1,0,0,0.0,1,1,1,1,,0,1,1,0,1,0,0,-0.8940050971315049,1.5785275639877092,0.50995404,0.5226119967949799,0.5191541
2026-02-10 08:45:00,2026-02-10 10:30:00,1,783.8,783.3,pivot,-0.5,0.147013,-0.847013,-26680.9095,1.0,2026-02-10,786.6,787.2,783.8,0.0,780.65,783.35,780.45,0.0,2026,0.0,0.0,0.0,0.0,0.0,0.0,0.0,0.0,0.0,0.0,0.0,0.0,0.0,0.0,0.0,1.0,1.0,1.0,0,8,1,2,,,,,,,,,False,,,,1,0,0,0.0,1,1,1,1,,0,1,0,0,1,0,0,,,0.50995404,0.512752225528592,0.52596986
2026-02-10 10:30:00,2026-02-10 11:15:00,-1,783.3,786.25,pivot,-2.950000000000045,0.1470865,-3.2970865000000456,-103858.22475000143,1.0,2026-02-10,780.65,783.35,780.45,0.0,785.7,786.5,784.8,0.0,2026,0.0,0.0,0.0,0.0,0.0,0.0,0.0,0.0,0.0,0.0,0.0,0.0,0.0,0.0,0.0,1.0,1.0,1.0,0,10,1,2,39.74814466852201,0.062251995566949,-1.568348316190458,0.062251995566949,0.937748004433051,4.216743096303528e-05,5.952200045666753e-05,0.0021987337573686,True,0.937748004433051,0.062251995566949,-1.568348316190458,1,0,0,0.0,1,1,1,1,,0,1,1,0,1,0,0,0.8754960088661019,1.568348316190458,0.50995404,0.5183491920167113,0.54010344
2026-02-11 11:10:00,2026-02-11 11:15:00,1,785.0,786.55,pivot,1.5499999999999543,0.1471465,1.2028534999999545,37889.885249998566,1.0,2026-02-11,786.5,786.9,784.7,0.0,787.7,787.75,786.55,0.0,2026,0.0,0.0,0.0,0.0,0.0,0.0,0.0,0.0,0.0,0.0,0.0,0.0,0.0,0.0,0.0,1.0,1.0,2.0,1,11,2,2,118.59808614183044,0.8290336448433134,0.8249928740611837,0.8290336448433134,0.1709663551566865,1.0473667811730854e-05,4.8797904566600505e-05,0.0021776122300205,True,0.8290336448433134,0.1709663551566865,-0.8249928740611837,1,0,0,0.0,1,1,1,1,,0,1,1,0,1,0,0,0.6580672896866269,0.8249928740611837,0.50914,0.5124193333359031,0.54098237
2026-02-11 11:15:00,2026-02-11 12:10:00,1,786.55,788.0,pivot,1.4500000000000457,0.1472365,1.1027635000000455,34737.05025000143,1.0,2026-02-11,787.7,787.75,786.55,0.0,787.1,788.45,787.1,0.0,2026,0.0,0.0,0.0,0.0,0.0,0.0,0.0,0.0,0.0,0.0,0.0,0.0,0.0,0.0,0.0,1.0,1.0,2.0,1,11,2,2,142.0534098229371,0.7873717641156249,0.6777084946688035,0.7873717641156249,0.212628235884375,1.0473667811730854e-05,4.8797904566600505e-05,0.0021776122300205,True,0.7873717641156249,0.212628235884375,-0.6777084946688035,1,0,0,0.0,1,1,1,1,,0,1,1,0,1,0,0,0.57474352823125,0.6777084946688035,0.50914,0.5124193333359031,0.5478373
2026-02-12 10:40:00,2026-02-12 10:45:00,1,809.85,811.25,pivot,1.3999999999999773,0.148633,1.0513669999999773,33118.06049999929,1.0,2026-02-12,811.3,811.65,809.7,0.0,813.0,813.3,811.2,0.0,2026,0.0,0.0,0.0,0.0,0.0,0.0,0.0,0.0,0.0,0.0,0.0,0.0,0.0,0.0,0.0,1.0,1.0,2.0,1,10,3,2,122.64522051694902,0.8222434132056913,0.7990661239216795,0.8222434132056913,0.1777565867943087,1.0473667811730854e-05,4.8797904566600505e-05,0.0021776122300205,True,0.8222434132056913,0.1777565867943087,-0.7990661239216795,1,0,0,0.0,1,1,1,1,,0,1,1,0,1,0,0,0.6444868264113826,0.7990661239216795,0.5197103,0.5456067839324945,0.5512707
2026-02-12 10:45:00,2026-02-12 11:15:00,1,811.25,813.3,pivot,2.0499999999999545,0.1487365,1.7012634999999545,53589.80024999857,1.0,2026-02-12,813.0,813.3,811.2,0.0,811.75,813.5,811.5,0.0,2026,0.0,0.0,0.0,0.0,0.0,0.0,0.0,0.0,0.0,0.0,0.0,0.0,0.0,0.0,0.0,1.0,1.0,2.0,1,10,3,2,101.32522609438456,0.8561941502614032,0.9388320905073896,0.8561941502614032,0.1438058497385967,1.0473667811730854e-05,4.8797904566600505e-05,0.0021776122300205,True,0.8561941502614032,0.1438058497385967,-0.9388320905073896,1,0,0,0.0,1,1,1,1,,0,1,1,0,1,0,0,0.7123883005228066,0.9388320905073896,0.5197103,0.5456067839324945,0.55023324
2026-02-13 10:25:00,2026-02-13 11:00:00,1,817.7,818.1,pivot,0.3999999999999772,0.149074,0.05092599999997721,1604.1689999992823,1.0,2026-02-13,817.6,818.45,816.25,0.0,819.75,820.5,818.05,0.0,2026,0.0,0.0,0.0,0.0,0.0,0.0,0.0,0.0,0.0,0.0,0.0,0.0,0.0,0.0,0.0,1.0,1.0,1.0,1,10,4,2,223.59249671774543,0.4682438564671149,-0.0841985587029688,0.4682438564671149,0.531756143532885,1.979171284746047e-05,5.991092923774357e-05,0.0021640827412759,True,0.4682438564671149,0.531756143532885,0.0841985587029688,1,0,0,0.0,1,1,1,1,,0,1,1,0,1,0,0,-0.06351228706577011,0.0841985587029688,0.50995404,0.5087867545378166,0.5377038
2026-02-13 15:30:00,2026-02-13 15:45:00,1,814.85,814.0,eod,-0.8500000000000227,0.1488655,-1.1988655000000228,-37764.26325000072,1.0,2026-02-13,814.85,815.5,814.6,0.0,814.0,814.0,814.0,0.0,2026,0.0,0.0,0.0,0.0,0.0,0.0,0.0,0.0,0.0,0.0,0.0,0.0,0.0,0.0,0.0,1.0,1.0,0.0,0,15,4,2,226.14968337512212,0.4809035048675802,-0.0627010370032423,0.4809035048675802,0.5190964951324197,2.322545406793003e-05,7.536549894530197e-05,0.0021805796148874,True,0.4809035048675802,0.5190964951324197,0.0627010370032423,1,0,0,0.0,1,1,1,1,,0,1,0,0,1,0,0,-0.03819299026483952,0.0627010370032423,0.5033306,0.5252038667227642,0.5285263
2026-02-19 10:35:00,2026-02-19 10:50:00,-1,833.15,834.75,pivot,-1.6000000000000227,0.150037,-1.950037000000023,-61426.16550000072,1.0,2026-02-19,831.0,833.25,830.2,0.0,835.7,835.75,833.6,0.0,2026,0.0,0.0,0.0,0.0,0.0,0.0,0.0,0.0,0.0,0.0,0.0,0.0,0.0,0.0,0.0,1.0,1.0,1.0,0,10,3,2,60.47999116378838,0.0970532878252073,-1.2195237495453108,0.0970532878252073,0.9029467121747928,2.322545406793003e-05,7.536549894530197e-05,0.0021805796148874,True,0.9029467121747928,0.0970532878252073,-1.2195237495453108,1,0,0,0.0,1,1,1,1,,0,1,1,0,1,0,0,0.8058934243495856,1.2195237495453108,0.50995404,0.514750732550002,0.5538635
2026-02-19 10:50:00,2026-02-19 12:15:00,-1,834.75,836.3,pivot,-1.5499999999999543,0.1501315,-1.9001314999999546,-59854.14224999857,1.0,2026-02-19,835.7,835.75,833.6,0.0,837.15,837.35,835.9,0.0,2026,0.0,0.0,0.0,0.0,0.0,0.0,0.0,0.0,0.0,0.0,0.0,0.0,0.0,0.0,0.0,1.0,1.0,1.0,0,10,3,2,164.8451398540021,0.7341143153623272,0.5145203798542309,0.7341143153623272,0.2658856846376728,2.322545406793003e-05,7.536549894530197e-05,0.0021805796148874,True,0.2658856846376728,0.7341143153623272,0.5145203798542309,1,0,0,0.0,1,1,1,1,,0,1,1,0,1,0,0,-0.46822863072465437,0.5145203798542309,0.50995404,0.514750732550002,0.5436418
2026-02-20 10:35:00,2026-02-20 10:50:00,1,850.3,849.65,pivot,-0.6499999999999773,0.1509985,-1.0009984999999773,-31531.452749999284,1.0,2026-02-20,851.25,852.05,849.7,0.0,852.1,852.95,849.2,0.0,2026,0.0,0.0,0.0,0.0,0.0,0.0,0.0,0.0,0.0,0.0,0.0,0.0,0.0,0.0,0.0,1.0,1.0,2.0,0,10,4,2,180.92955476854544,0.7105104526189836,0.4571141876293776,0.7105104526189836,0.2894895473810164,4.272751025290762e-05,6.933753699165609e-05,0.0021624585608126,True,0.7105104526189836,0.2894895473810164,-0.4571141876293776,1,0,0,0.0,1,1,1,1,,0,1,1,0,1,0,0,0.4210209052379672,0.4571141876293776,0.5197103,0.539642805920309,0.5445155
2026-02-20 10:50:00,2026-02-20 11:35:00,1,849.65,851.85,pivot,2.200000000000045,0.151045,1.8489550000000456,58242.08250000144,1.0,2026-02-20,852.1,852.95,849.2,0.0,851.65,852.35,851.15,0.0,2026,0.0,0.0,0.0,0.0,0.0,0.0,0.0,0.0,0.0,0.0,0.0,0.0,0.0,0.0,0.0,1.0,1.0,1.0,1,10,4,2,51.685955634441314,0.917579138246429,1.299471521779457,0.917579138246429,0.082420861753571,4.272751025290762e-05,6.933753699165609e-05,0.0021624585608126,True,0.917579138246429,0.082420861753571,-1.299471521779457,1,0,0,0.0,1,1,1,1,,0,1,1,0,1,0,0,0.835158276492858,1.299471521779457,0.50995404,0.5087867545378166,0.5449147
2026-02-23 10:30:00,2026-02-23 11:35:00,-1,869.7,869.85,pivot,-0.1499999999999772,0.1521865,-0.5021864999999772,-15818.874749999284,1.0,2026-02-23,873.65,874.0,869.6,0.0,869.9,870.35,869.0,0.0,2026,0.0,0.0,0.0,0.0,0.0,0.0,0.0,0.0,0.0,0.0,0.0,0.0,0.0,0.0,0.0,1.0,1.0,1.0,0,10,0,2,16.59282560865103,0.9695558047087872,2.1261098906124927,0.9695558047087872,0.0304441952912126,3.543206000576402e-05,7.003140070922482e-05,0.0021525089542855,True,0.0304441952912126,0.9695558047087872,2.1261098906124927,1,0,0,0.0,1,1,1,1,,0,1,1,0,1,0,0,-0.9391116094175747,2.1261098906124927,0.50995404,0.5226119967949799,0.5447743
2026-02-23 12:20:00,2026-02-23 12:30:00,-1,865.1,863.05,pivot,2.050000000000068,0.1518445,1.6981555000000683,53491.89825000215,1.0,2026-02-23,863.1,865.15,862.9,0.0,862.85,863.55,861.65,0.0,2026,0.0,0.0,0.0,0.0,0.0,0.0,0.0,0.0,0.0,0.0,0.0,0.0,0.0,0.0,0.0,1.0,1.0,0.0,1,12,0,2,78.94299532418252,0.1180711649507351,-1.080962241757956,0.1180711649507351,0.8819288350492648,3.543206000576402e-05,7.003140070922482e-05,0.0021525089542855,True,0.8819288350492648,0.1180711649507351,-1.080962241757956,1,0,0,0.0,1,1,1,1,,0,1,0,1,1,0,0,0.7638576700985297,1.080962241757956,0.5006344,0.522666500839664,0.5368324
2026-02-24 10:40:00,2026-02-24 11:00:00,1,876.95,877.35,pivot,0.3999999999999772,0.152629,0.047370999999977244,1492.1864999992831,1.0,2026-02-24,878.5,879.2,875.65,0.0,879.45,879.8,877.15,0.0,2026,0.0,0.0,0.0,0.0,0.0,0.0,0.0,0.0,0.0,0.0,0.0,0.0,0.0,0.0,0.0,1.0,2.0,2.0,1,10,1,2,124.87763072417016,0.8229222972931565,0.7932058830841713,0.8229222972931565,0.1770777027068435,1.7530178388744917e-05,7.144255415181444e-05,0.0021362510099705,True,0.8229222972931565,0.1770777027068435,-0.7932058830841713,1,0,0,0.0,1,1,1,1,,0,1,1,0,0,0,0,0.6458445945863129,0.7932058830841713,0.5197103,0.5838853056321048,0.5058572
2026-02-24 11:00:00,2026-02-24 11:55:00,1,877.35,882.35,pivot,5.0,0.152791,4.647209,146387.0835,1.0,2026-02-24,879.45,879.8,877.15,0.0,882.2,882.5,881.6,0.0,2026,0.0,0.0,0.0,0.0,0.0,0.0,0.0,0.0,0.0,0.0,0.0,0.0,0.0,0.0,0.0,1.0,2.0,2.0,1,11,1,2,78.15699387383113,0.8856822243148098,1.085672496449518,0.8856822243148098,0.1143177756851901,1.7530178388744917e-05,7.144255415181444e-05,0.0021362510099705,True,0.8856822243148098,0.1143177756851901,-1.085672496449518,1,0,0,0.0,1,1,1,1,,0,1,1,0,0,0,0,0.7713644486296197,1.085672496449518,0.50914,0.5583513147083445,0.50575817
2026-02-24 11:55:00,2026-02-24 12:30:00,-1,882.35,882.9,pivot,-0.5499999999999545,0.1529575,-0.9029574999999547,-28443.16124999857,1.0,2026-02-24,882.2,882.5,881.6,0.0,882.45,883.4,882.15,0.0,2026,0.0,0.0,0.0,0.0,0.0,0.0,0.0,0.0,0.0,0.0,0.0,0.0,0.0,0.0,0.0,1.0,1.0,2.0,0,11,1,2,230.39982515700603,0.4567903157656858,-0.1130286522639807,0.4567903157656858,0.5432096842343141,1.7530178388744917e-05,7.144255415181444e-05,0.0021362510099705,True,0.5432096842343141,0.4567903157656858,-0.1130286522639807,1,0,0,0.0,1,1,1,1,,0,1,1,0,1,0,0,0.08641936846862835,0.1130286522639807,0.50914,0.5126744110500857,0.52944124
2026-02-25 10:30:00,2026-02-25 10:55:00,1,901.4,904.5,pivot,3.1000000000000227,0.154177,2.7458230000000228,86493.42450000072,1.0,2026-02-25,901.6,902.9,900.45,0.0,904.45,904.9,903.6,0.0,2026,0.0,0.0,0.0,0.0,0.0,0.0,0.0,0.0,0.0,0.0,0.0,0.0,0.0,0.0,0.0,1.0,1.0,1.0,1,10,2,2,221.98158729767368,0.5587760694394546,0.0963747810567091,0.5587760694394546,0.4412239305605454,1.7530178388744917e-05,7.144255415181444e-05,0.0021362510099705,True,0.5587760694394546,0.4412239305605454,-0.0963747810567091,1,0,0,0.0,1,1,1,1,,0,1,1,0,1,0,0,0.1175521388789092,0.0963747810567091,0.50995404,0.5183491920167113,0.54024374
2026-02-25 10:55:00,2026-02-25 12:20:00,1,904.5,908.5,pivot,4.0,0.15439,3.64561,114836.715,1.0,2026-02-25,904.45,904.9,903.6,0.0,906.4,909.05,906.35,0.0,2026,0.0,0.0,0.0,0.0,0.0,0.0,0.0,0.0,0.0,0.0,0.0,0.0,0.0,0.0,0.0,1.0,1.0,2.0,1,10,2,2,230.3463885455683,0.4832511071722698,-0.0593203894421081,0.4832511071722698,0.5167488928277302,1.7530178388744917e-05,7.144255415181444e-05,0.0021362510099705,True,0.4832511071722698,0.5167488928277302,0.0593203894421081,1,0,0,0.0,1,1,1,1,,0,1,1,0,1,0,0,-0.033497785655460355,0.0593203894421081,0.5197103,0.5492052433992036,0.5358378
2026-02-26 08:45:00,2026-02-26 10:25:00,-1,915.75,921.9,pivot,-6.149999999999977,0.1551295,-6.505129499999978,-204911.57924999928,1.0,2026-02-26,910.65,916.5,910.3,0.0,918.2,922.55,918.1,0.0,2026,0.0,0.0,0.0,0.0,0.0,0.0,0.0,0.0,0.0,0.0,0.0,0.0,0.0,0.0,0.0,1.0,1.0,1.0,0,8,3,2,,,,,,,,,False,,,,1,0,0,0.0,1,1,1,1,,0,1,0,0,1,0,0,,,0.50995404,0.510922915540132,0.52064407
2026-02-26 10:25:00,2026-02-26 10:30:00,1,921.9,918.2,pivot,-3.699999999999932,0.155203,-4.055202999999932,-127738.89449999786,1.0,2026-02-26,918.2,922.55,918.1,0.0,921.65,922.3,916.95,0.0,2026,0.0,0.0,0.0,0.0,0.0,0.0,0.0,0.0,0.0,0.0,0.0,0.0,0.0,0.0,0.0,1.0,1.0,1.0,0,10,3,2,27.57566223141941,0.0303716393764944,-1.9801668857675052,0.0303716393764944,0.9696283606235055,3.898966900599565e-05,7.956717703863141e-05,0.002071084612081,True,0.0303716393764944,0.9696283606235055,1.9801668857675052,1,0,0,0.0,1,1,1,1,,0,1,1,0,1,0,0,-0.9392567212470111,1.9801668857675052,0.50995404,0.514750732550002,0.5437828
2026-02-26 10:30:00,2026-02-26 11:05:00,-1,918.2,926.5,pivot,-8.299999999999955,0.155341,-8.655340999999954,-272643.24149999855,1.0,2026-02-26,921.65,922.3,916.95,0.0,927.7,927.75,926.2,0.0,2026,0.0,0.0,0.0,0.0,0.0,0.0,0.0,0.0,0.0,0.0,0.0,0.0,0.0,0.0,0.0,1.0,1.0,2.0,0,10,3,2,28.129274672785083,0.9541514921724124,1.7723771055079531,0.9541514921724124,0.0458485078275875,3.898966900599565e-05,7.956717703863141e-05,0.002071084612081,True,0.0458485078275875,0.9541514921724124,1.7723771055079531,1,0,0,0.0,1,1,1,1,,0,1,1,0,1,0,0,-0.9083029843448248,1.7723771055079531,0.5197103,0.5456067839324945,0.5476
2026-02-27 10:30:00,2026-02-27 10:35:00,-1,922.1,922.95,pivot,-0.8500000000000227,0.1553515,-1.205351500000023,-37968.572250000725,1.0,2026-02-27,923.0,924.45,920.95,0.0,920.7,924.85,920.4,0.0,2026,0.0,0.0,0.0,0.0,0.0,0.0,0.0,0.0,0.0,0.0,0.0,0.0,0.0,0.0,0.0,1.0,1.0,1.0,0,10,4,2,204.3149460610925,0.693374784760302,0.4044518913510598,0.693374784760302,0.306625215239698,8.551672248311187e-05,0.0001291728659837,0.001958605028171,True,0.306625215239698,0.693374784760302,0.4044518913510598,1,0,0,0.0,1,1,1,1,,0,1,1,0,1,0,0,-0.386749569520604,0.4044518913510598,0.50995404,0.5087867545378166,0.5409207
2026-02-27 10:35:00,2026-02-27 11:00:00,-1,922.95,922.6,pivot,0.3500000000000227,0.1553665,-0.005366499999977264,-169.0447499992838,1.0,2026-02-27,920.7,924.85,920.4,0.0,924.2,925.55,922.1,0.0,2026,0.0,0.0,0.0,0.0,0.0,0.0,0.0,0.0,0.0,0.0,0.0,0.0,0.0,0.0,0.0,1.0,1.0,1.0,0,10,4,2,61.30680184806034,0.0792056548123016,-1.3398092199763991,0.0792056548123016,0.9207943451876984,8.551672248311187e-05,0.0001291728659837,0.001958605028171,True,0.9207943451876984,0.0792056548123016,-1.3398092199763991,1,0,0,0.0,1,1,1,1,,0,1,1,0,1,0,0,0.8415886903753969,1.3398092199763991,0.50995404,0.5087867545378166,0.5486003
2026-02-27 11:00:00,2026-02-27 11:30:00,1,922.6,932.0,pivot,9.399999999999975,0.155638,9.044361999999978,284897.4029999993,1.0,2026-02-27,924.2,925.55,922.1,0.0,931.2,932.05,930.35,0.0,2026,0.0,0.0,0.0,0.0,0.0,0.0,0.0,0.0,0.0,0.0,0.0,0.0,0.0,0.0,0.0,1.0,1.0,0.0,1,11,4,2,145.6291088431249,0.8072283616938575,0.7357193713630003,0.8072283616938575,0.1927716383061425,8.551672248311187e-05,0.0001291728659837,0.001958605028171,True,0.8072283616938575,0.1927716383061425,-0.7357193713630003,1,0,0,0.0,1,1,1,1,,0,1,1,0,1,0,0,0.614456723387715,0.7357193713630003,0.5006344,0.5456247809623225,0.55031973
2026-03-03 10:25:00,2026-03-03 10:30:00,1,917.7,913.45,pivot,-4.25,0.1549345,-4.604934500000001,-145055.43675000002,1.0,2026-03-03,913.55,918.2,912.55,0.0,913.25,914.85,912.8,0.0,2026,0.0,0.0,0.0,0.0,0.0,0.0,0.0,0.0,0.0,0.0,0.0,0.0,0.0,0.0,0.0,1.0,1.0,1.0,0,10,1,3,16.495024010148626,0.0134146701661526,-2.324925995684408,0.0134146701661526,0.9865853298338472,9.17139810189688e-05,0.0001302569107613,0.0020055209872097,True,0.0134146701661526,0.9865853298338472,2.324925995684408,1,0,0,0.0,1,1,1,1,,0,1,1,0,1,0,0,-0.9731706596676946,2.324925995684408,0.50995404,0.5183491920167113,0.53826404
2026-03-03 10:30:00,2026-03-03 11:10:00,1,913.45,902.35,pivot,-11.100000000000025,0.154474,-11.454474000000024,-360815.93100000074,1.0,2026-03-03,913.25,914.85,912.8,0.0,900.3,903.0,899.65,0.0,2026,0.0,0.0,0.0,0.0,0.0,0.0,0.0,0.0,0.0,0.0,0.0,0.0,0.0,0.0,0.0,1.0,1.0,1.0,0,10,1,3,239.4921259880097,0.3973234058964401,-0.2287186700957842,0.3973234058964401,0.6026765941035599,9.17139810189688e-05,0.0001302569107613,0.0020055209872097,True,0.3973234058964401,0.6026765941035599,0.2287186700957842,1,0,0,0.0,1,1,1,1,,0,1,1,0,1,0,0,-0.20535318820711979,0.2287186700957842,0.50995404,0.5183491920167113,0.51801586
2026-03-03 12:15:00,2026-03-03 12:45:00,1,890.4,890.9,pivot,0.5,0.153439,0.14656100000000002,4616.6715,1.0,2026-03-03,889.55,893.65,889.15,0.0,889.55,893.15,887.6,0.0,2026,0.0,0.0,0.0,0.0,0.0,0.0,0.0,0.0,0.0,0.0,0.0,0.0,0.0,0.0,0.0,1.0,1.0,0.0,1,12,1,3,168.50798295038254,0.2308319559495178,-0.625168932545232,0.2308319559495178,0.7691680440504822,9.17139810189688e-05,0.0001302569107613,0.0020055209872097,True,0.2308319559495178,0.7691680440504822,0.625168932545232,1,0,0,0.0,1,1,1,1,,0,1,0,1,1,0,0,-0.5383360881009644,0.625168932545232,0.50965536,0.5461026325561957,0.5253814
2026-03-03 12:45:00,2026-03-03 13:10:00,1,890.9,882.65,pivot,-8.25,0.1532065,-8.6032065,-271001.00475,1.0,2026-03-03,889.55,893.15,887.6,0.0,883.5,886.85,881.7,0.0,2026,0.0,0.0,0.0,0.0,0.0,0.0,0.0,0.0,0.0,0.0,0.0,0.0,0.0,0.0,0.0,1.0,1.0,0.0,0,12,1,3,116.32488066341767,0.1591341439968109,-0.8770626246267716,0.1591341439968109,0.8408658560031891,9.17139810189688e-05,0.0001302569107613,0.0020055209872097,True,0.1591341439968109,0.8408658560031891,0.8770626246267716,1,0,0,0.0,1,1,1,1,,0,1,0,1,1,0,0,-0.6817317120063782,0.8770626246267716,0.50965536,0.5461026325561957,0.52413785
2026-03-13 11:05:00,2026-03-13 11:35:00,-1,821.35,817.15,pivot,4.2000000000000455,0.149155,3.850845000000045,121301.61750000142,1.0,2026-03-13,820.25,821.55,818.85,0.0,815.0,817.75,814.7,0.0,2026,0.0,0.0,0.0,0.0,0.0,0.0,0.0,0.0,0.0,0.0,0.0,0.0,0.0,0.0,0.0,1.0,1.0,2.0,1,11,4,3,116.2726654355312,0.2790180719634897,-0.3823103078853978,0.2790180719634897,0.7209819280365103,2.788844124525146e-05,-1.486609651883976e-05,0.0037849709640833,True,0.7209819280365103,0.2790180719634897,-0.3823103078853978,1,0,0,0.0,1,1,1,1,,0,1,1,0,1,0,0,0.4419638560730206,0.3823103078853978,0.50914,0.515184384336952,0.5094744
2026-03-13 13:25:00,2026-03-13 14:00:00,1,810.4,810.55,pivot,0.1499999999999772,0.1486285,-0.19862850000002275,-6256.797750000716,1.0,2026-03-13,809.15,811.35,809.1,0.0,810.5,811.9,810.4,0.0,2026,0.0,0.0,0.0,0.0,0.0,0.0,0.0,0.0,0.0,0.0,0.0,0.0,0.0,0.0,0.0,1.0,1.0,0.0,0,13,4,3,116.57687230860437,0.2869948933930387,-0.3729228984844662,0.2869948933930387,0.7130051066069613,3.7648908380406576e-05,7.68320484854443e-07,0.0038104493718268,True,0.2869948933930387,0.7130051066069613,0.3729228984844662,1,0,0,0.0,1,1,1,1,,0,1,0,1,1,0,0,-0.4260102132139226,0.3729228984844662,0.50965536,0.5271136885754908,0.5259989
2026-03-16 10:30:00,2026-03-16 10:35:00,-1,814.4,811.9,pivot,2.5,0.148789,2.151211,67763.1465,1.0,2026-03-16,811.8,815.4,811.55,0.0,812.8,815.75,811.7,0.0,2026,0.0,0.0,0.0,0.0,0.0,0.0,0.0,0.0,0.0,0.0,0.0,0.0,0.0,0.0,0.0,1.0,1.0,1.0,1,10,0,3,55.24654925553897,0.1294354579341933,-0.8716011246188142,0.1294354579341933,0.8705645420658066,3.7648908380406576e-05,7.68320484854443e-07,0.0038104493718268,True,0.8705645420658066,0.1294354579341933,-0.8716011246188142,1,0,0,0.0,1,1,1,1,,0,1,1,0,1,0,0,0.7411290841316133,0.8716011246188142,0.50995404,0.5226119967949799,0.5341964
2026-03-16 10:35:00,2026-03-16 11:00:00,-1,811.9,817.2,pivot,-5.300000000000068,0.148873,-5.648873000000068,-177939.49950000216,1.0,2026-03-16,812.8,815.75,811.7,0.0,816.55,817.75,815.2,0.0,2026,0.0,0.0,0.0,0.0,0.0,0.0,0.0,0.0,0.0,0.0,0.0,0.0,0.0,0.0,0.0,1.0,1.0,1.0,0,10,0,3,143.24305738996628,0.6909487523515427,0.3228763798914587,0.6909487523515427,0.3090512476484572,3.7648908380406576e-05,7.68320484854443e-07,0.0038104493718268,True,0.3090512476484572,0.6909487523515427,0.3228763798914587,1,0,0,0.0,1,1,1,1,,0,1,1,0,1,0,0,-0.38189750470308553,0.3228763798914587,0.50995404,0.5226119967949799,0.5251914
2026-03-16 11:30:00,2026-03-16 12:05:00,-1,811.35,813.1,pivot,-1.75,0.1487335,-2.0987335,-66110.10525,1.0,2026-03-16,809.6,811.45,809.5,0.0,814.3,814.3,812.15,0.0,2026,0.0,0.0,0.0,0.0,0.0,0.0,0.0,0.0,0.0,0.0,0.0,0.0,0.0,0.0,0.0,1.0,1.0,0.0,0,11,0,3,87.20438590479104,0.2115357391432391,-0.5668614281558622,0.2115357391432391,0.7884642608567608,3.7648908380406576e-05,7.68320484854443e-07,0.0038104493718268,True,0.7884642608567608,0.2115357391432391,-0.5668614281558622,1,0,0,0.0,1,1,1,1,,0,1,1,0,1,0,0,0.5769285217135217,0.5668614281558622,0.50965536,0.5645332104568793,0.51083684
2026-03-19 14:35:00,2026-03-19 15:05:00,1,861.5,862.8,pivot,1.2999999999999543,0.151729,0.9482709999999546,29870.53649999857,1.0,2026-03-19,861.3,862.15,860.4,0.0,863.1,864.05,862.65,0.0,2026,0.0,0.0,0.0,0.0,0.0,0.0,0.0,0.0,0.0,0.0,0.0,0.0,0.0,0.0,0.0,1.0,1.0,0.0,1,14,3,3,151.7544821581339,0.4477457042970585,-0.0749265341855821,0.4477457042970585,0.5522542957029415,4.534984935061747e-05,-3.433629163509984e-06,0.0038275247605437,True,0.4477457042970585,0.5522542957029415,0.0749265341855821,1,0,0,0.0,1,1,1,1,,0,1,0,1,1,0,0,-0.10450859140588298,0.0749265341855821,0.50965536,0.530486349957845,0.513134
2026-03-20 10:35:00,2026-03-20 12:45:00,1,871.0,866.85,pivot,-4.149999999999977,0.1521355,-4.502135499999977,-141817.2682499993,1.0,2026-03-20,873.25,873.4,870.55,0.0,867.7,867.9,866.5,0.0,2026,0.0,0.0,0.0,0.0,0.0,0.0,0.0,0.0,0.0,0.0,0.0,0.0,0.0,0.0,0.0,1.0,1.0,1.0,0,10,4,3,85.19050914433724,0.8317167685518873,0.6533693792314473,0.8317167685518873,0.1682832314481127,7.370105420965154e-06,-2.9178774131359785e-05,0.0038175673906853,True,0.8317167685518873,0.1682832314481127,-0.6533693792314473,1,0,0,0.0,1,1,1,1,,0,1,1,0,1,0,0,0.6634335371037745,0.6533693792314473,0.50995404,0.5087867545378166,0.54289234
2026-03-23 10:35:00,2026-03-23 11:25:00,1,815.15,818.6,pivot,3.450000000000045,0.1490125,3.1009875000000457,97681.10625000144,1.0,2026-03-23,819.65,819.65,812.9,0.0,816.05,820.4,815.8,0.0,2026,0.0,0.0,0.0,0.0,0.0,0.0,0.0,0.0,0.0,0.0,0.0,0.0,0.0,0.0,0.0,1.0,1.0,1.0,1,10,0,3,16.047248827333743,0.9583974579871112,1.4336660438360689,0.9583974579871112,0.0416025420128889,7.370105420965154e-06,-2.9178774131359785e-05,0.0038175673906853,True,0.9583974579871112,0.0416025420128889,-1.4336660438360689,1,0,0,0.0,1,1,1,1,,0,1,1,0,1,0,0,0.9167949159742222,1.4336660438360689,0.50995404,0.5226119967949799,0.5535956
2026-03-24 08:45:00,2026-03-24 10:30:00,1,844.65,821.4,pivot,-23.25,0.1499815,-23.5999815,-743399.4172499999,1.0,2026-03-24,844.4,846.7,841.05,0.0,818.95,821.45,816.6,0.0,2026,0.0,0.0,0.0,0.0,0.0,0.0,0.0,0.0,0.0,0.0,0.0,0.0,0.0,0.0,0.0,2.0,2.0,2.0,0,8,1,3,,,,,,,,,False,,,,1,0,0,0.0,1,1,1,1,,0,1,0,0,0,0,0,,,0.5264262,0.6145432976387111,0.54708874
2026-03-24 12:30:00,2026-03-24 13:25:00,-1,825.85,823.65,pivot,2.200000000000045,0.149485,1.8505150000000457,58291.22250000144,1.0,2026-03-24,821.45,826.05,821.0,0.0,823.1,824.55,822.2,0.0,2026,0.0,0.0,0.0,0.0,0.0,0.0,0.0,0.0,0.0,0.0,0.0,0.0,0.0,0.0,0.0,1.0,1.0,2.0,1,12,1,3,22.129076110815344,0.0540990629416021,-1.3994823019841534,0.0540990629416021,0.9459009370583978,-3.738803653299857e-05,-7.876367889264873e-05,0.0038041679968976,True,0.9459009370583978,0.0540990629416021,-1.3994823019841534,1,0,0,0.0,1,1,1,1,,0,1,0,1,1,0,0,0.8918018741167958,1.3994823019841534,0.50914,0.5140584518218951,0.5462228
2026-03-25 10:30:00,2026-03-25 10:35:00,-1,857.05,857.45,pivot,-0.4000000000000909,0.151435,-0.7514350000000909,-23670.202500002863,1.0,2026-03-25,857.4,858.7,855.8,0.0,858.25,859.95,856.75,0.0,2026,0.0,0.0,0.0,0.0,0.0,0.0,0.0,0.0,0.0,0.0,0.0,0.0,0.0,0.0,0.0,1.0,1.0,2.0,0,10,2,3,165.42655739974842,0.5591583866492215,0.1080870564570634,0.5591583866492215,0.4408416133507785,-5.718760058292445e-06,-5.777644344679211e-05,0.0037722620621869,True,0.4408416133507785,0.5591583866492215,0.1080870564570634,1,0,0,0.0,1,1,1,1,,0,1,1,0,1,0,0,-0.11831677329844298,0.1080870564570634,0.5197103,0.5492052433992036,0.5447899
2026-03-25 10:35:00,2026-03-25 11:05:00,-1,857.45,852.8,pivot,4.650000000000091,0.1513075,4.298692500000091,135408.81375000288,1.0,2026-03-25,858.25,859.95,856.75,0.0,850.25,853.25,850.15,0.0,2026,0.0,0.0,0.0,0.0,0.0,0.0,0.0,0.0,0.0,0.0,0.0,0.0,0.0,0.0,0.0,1.0,1.0,2.0,1,10,2,3,152.74238158773525,0.6624353095685394,0.2779909243006016,0.6624353095685394,0.3375646904314606,-5.718760058292445e-06,-5.777644344679211e-05,0.0037722620621869,True,0.3375646904314606,0.6624353095685394,0.2779909243006016,1,0,0,0.0,1,1,1,1,,0,1,1,0,1,0,0,-0.32487061913707876,0.2779909243006016,0.5197103,0.5492052433992036,0.54852414
2026-03-25 12:15:00,2026-03-25 12:50:00,1,843.0,842.6,pivot,-0.3999999999999772,0.150568,-0.7505679999999773,-23642.891999999283,1.0,2026-03-25,843.75,844.55,841.2,0.0,845.25,845.95,842.55,0.0,2026,0.0,0.0,0.0,0.0,0.0,0.0,0.0,0.0,0.0,0.0,0.0,0.0,0.0,0.0,0.0,1.0,1.0,0.0,0,12,2,3,154.10202805405987,0.6559303662243517,0.2667827292446364,0.6559303662243517,0.3440696337756482,-5.718760058292445e-06,-5.777644344679211e-05,0.0037722620621869,True,0.6559303662243517,0.3440696337756482,-0.2667827292446364,1,0,0,0.0,1,1,1,1,,0,1,0,1,1,0,0,0.31186073244870355,0.2667827292446364,0.50965536,0.5449201879556334,0.5517616
2026-03-26 10:30:00,2026-03-26 10:45:00,-1,824.9,823.8,pivot,1.1000000000000227,0.149461,0.7505390000000229,23641.97850000072,1.0,2026-03-26,825.85,826.95,824.5,0.0,823.5,824.7,823.5,0.0,2026,0.0,0.0,0.0,0.0,0.0,0.0,0.0,0.0,0.0,0.0,0.0,0.0,0.0,0.0,0.0,1.0,1.0,1.0,1,10,3,3,165.83991911810486,0.6883531424171642,0.389964652380284,0.6883531424171642,0.3116468575828358,4.852685313648489e-05,-2.441323077835127e-06,0.0028023613064754,True,0.3116468575828358,0.6883531424171642,0.389964652380284,1,0,0,0.0,1,1,1,1,,0,1,1,0,1,0,0,-0.3767062848343284,0.389964652380284,0.50995404,0.514750732550002,0.5316669
2026-03-26 10:45:00,2026-03-26 11:10:00,1,823.8,820.7,pivot,-3.099999999999909,0.149335,-3.4493349999999086,-108654.05249999712,1.0,2026-03-26,823.5,824.7,823.5,0.0,817.95,820.75,817.65,0.0,2026,0.0,0.0,0.0,0.0,0.0,0.0,0.0,0.0,0.0,0.0,0.0,0.0,0.0,0.0,0.0,1.0,1.0,1.0,0,10,3,3,173.05921459910752,0.4145978526416522,-0.1507598473085354,0.4145978526416522,0.5854021473583477,4.852685313648489e-05,-2.441323077835127e-06,0.0028023613064754,True,0.4145978526416522,0.5854021473583477,0.1507598473085354,1,0,0,0.0,1,1,1,1,,0,1,1,0,1,0,0,-0.1708042947166955,0.1507598473085354,0.50995404,0.514750732550002,0.52573866
2026-03-26 11:10:00,2026-03-26 12:10:00,1,820.7,811.15,pivot,-9.550000000000068,0.1489555,-9.898955500000067,-311817.09825000213,1.0,2026-03-26,817.95,820.75,817.65,0.0,814.1,814.55,810.85,0.0,2026,0.0,0.0,0.0,0.0,0.0,0.0,0.0,0.0,0.0,0.0,0.0,0.0,0.0,0.0,0.0,1.0,1.0,0.0,0,11,3,3,54.63445812107322,0.0941728773846442,-1.2185812766373214,0.0941728773846442,0.9058271226153558,4.852685313648489e-05,-2.441323077835127e-06,0.0028023613064754,True,0.0941728773846442,0.9058271226153558,1.2185812766373214,1,0,0,0.0,1,1,1,1,,0,1,1,0,1,0,0,-0.8116542452307116,1.2185812766373214,0.50965536,0.561389827236729,0.5231756
2026-03-26 12:10:00,2026-03-26 12:35:00,1,811.15,819.55,pivot,8.399999999999977,0.148921,8.051078999999978,253608.9884999993,1.0,2026-03-26,814.1,814.55,810.85,0.0,821.6,821.75,818.75,0.0,2026,0.0,0.0,0.0,0.0,0.0,0.0,0.0,0.0,0.0,0.0,0.0,0.0,0.0,0.0,0.0,1.0,1.0,0.0,1,12,3,3,42.6397741751352,0.9255125999225294,1.2742886000601017,0.9255125999225294,0.0744874000774705,4.852685313648489e-05,-2.441323077835127e-06,0.0028023613064754,True,0.9255125999225294,0.0744874000774705,-1.2742886000601017,1,0,0,0.0,1,1,1,1,,0,1,0,1,1,0,0,0.851025199845059,1.2742886000601017,0.50965536,0.5302043622935598,0.51866746
2026-03-27 10:25:00,2026-03-27 11:00:00,1,785.5,787.45,pivot,1.9500000000000453,0.1471885,1.6028115000000458,50488.56225000144,1.0,2026-03-27,787.6,787.6,784.35,0.0,789.75,790.6,787.25,0.0,2026,0.0,0.0,0.0,0.0,0.0,0.0,0.0,0.0,0.0,0.0,0.0,0.0,0.0,0.0,0.0,1.0,1.0,1.0,1,10,4,3,60.86760965006204,0.8977368367466609,1.11259753553242,0.8977368367466609,0.102263163253339,2.13589010135884e-05,-1.7325749895767337e-06,0.0025728989679532,True,0.8977368367466609,0.102263163253339,-1.11259753553242,1,0,0,0.0,1,1,1,1,,0,1,1,0,1,0,0,0.7954736734933219,1.11259753553242,0.50995404,0.5087867545378166,0.50861955
2026-03-27 11:00:00,2026-03-27 11:05:00,-1,787.45,789.85,pivot,-2.3999999999999773,0.147319,-2.747318999999977,-86540.54849999928,1.0,2026-03-27,789.75,790.6,787.25,0.0,785.55,789.85,785.4,0.0,2026,0.0,0.0,0.0,0.0,0.0,0.0,0.0,0.0,0.0,0.0,0.0,0.0,0.0,0.0,0.0,1.0,1.0,2.0,0,11,4,3,56.40342207323448,0.904706723484946,1.158923760585527,0.904706723484946,0.0952932765150541,2.13589010135884e-05,-1.7325749895767337e-06,0.0025728989679532,True,0.0952932765150541,0.904706723484946,1.158923760585527,1,0,0,0.0,1,1,1,1,,0,1,1,0,1,0,0,-0.8094134469698918,1.158923760585527,0.50914,0.515184384336952,0.51185936
2026-03-27 11:40:00,2026-03-27 12:25:00,-1,786.8,784.4,pivot,2.3999999999999773,0.147136,2.052863999999977,64665.21599999927,1.0,2026-03-27,787.85,788.15,786.3,0.0,786.1,786.75,783.85,0.0,2026,0.0,0.0,0.0,0.0,0.0,0.0,0.0,0.0,0.0,0.0,0.0,0.0,0.0,0.0,0.0,1.0,1.0,2.0,1,11,4,3,154.7950893090757,0.7389507774918095,0.5190108452654901,0.7389507774918095,0.2610492225081905,2.13589010135884e-05,-1.7325749895767337e-06,0.0025728989679532,True,0.2610492225081905,0.7389507774918095,0.5190108452654901,1,0,0,0.0,1,1,1,1,,0,1,1,0,1,0,0,-0.47790155498361897,0.5190108452654901,0.50914,0.515184384336952,0.51116
2026-03-27 14:05:00,2026-03-27 14:30:00,1,806.9,807.6,pivot,0.7000000000000455,0.148435,0.35156500000004554,11074.297500001434,1.0,2026-03-27,809.0,809.9,805.9,0.0,808.45,809.1,806.3,0.0,2026,0.0,0.0,0.0,0.0,0.0,0.0,0.0,0.0,0.0,0.0,0.0,0.0,0.0,0.0,0.0,1.0,2.0,2.0,1,14,4,3,69.54563153909203,0.8847666668364986,1.0349696118220744,0.8847666668364986,0.1152333331635013,2.13589010135884e-05,-1.7325749895767337e-06,0.0025728989679532,True,0.8847666668364986,0.1152333331635013,-1.0349696118220744,1,0,0,0.0,1,1,1,1,,0,1,0,1,0,0,0,0.7695333336729974,1.0349696118220744,0.50914,0.5449449279669587,0.52676904
2026-03-30 10:30:00,2026-03-30 10:35:00,-1,770.95,777.0,pivot,-6.0499999999999545,0.1464385,-6.396438499999955,-201487.8127499986,1.0,2026-03-30,777.15,777.7,769.75,0.0,777.65,778.0,775.55,0.0,2026,0.0,0.0,0.0,0.0,0.0,0.0,0.0,0.0,0.0,0.0,0.0,0.0,0.0,0.0,0.0,1.0,1.0,2.0,0,10,0,3,3.335310686554798,0.9950415706602972,3.0634285676989736,0.9950415706602972,0.0049584293397029,2.13589010135884e-05,-1.7325749895767337e-06,0.0025728989679532,True,0.0049584293397029,0.9950415706602972,3.0634285676989736,1,0,0,0.0,1,1,1,1,,0,1,1,0,1,0,0,-0.9900831413205943,3.0634285676989736,0.5197103,0.5484349352759542,0.5371385
2026-03-30 10:35:00,2026-03-30 12:00:00,1,777.0,778.3,pivot,1.2999999999999543,0.146659,0.9533409999999544,30030.241499998563,1.0,2026-03-30,777.65,778.0,775.55,0.0,778.5,779.2,777.65,0.0,2026,0.0,0.0,0.0,0.0,0.0,0.0,0.0,0.0,0.0,0.0,0.0,0.0,0.0,0.0,0.0,1.0,1.0,2.0,1,10,0,3,187.08694203562865,0.6194209835314282,0.250651947349782,0.6194209835314282,0.3805790164685718,2.13589010135884e-05,-1.7325749895767337e-06,0.0025728989679532,True,0.6194209835314282,0.3805790164685718,-0.250651947349782,1,0,0,0.0,1,1,1,1,,0,1,1,0,1,0,0,0.23884196706285638,0.250651947349782,0.5197103,0.5484349352759542,0.54687226
2026-03-30 12:00:00,2026-03-30 12:50:00,1,778.3,785.35,pivot,7.050000000000068,0.1469095,6.7030905000000685,211147.35075000217,1.0,2026-03-30,778.5,779.2,777.65,0.0,782.9,785.85,782.9,0.0,2026,0.0,0.0,0.0,0.0,0.0,0.0,0.0,0.0,0.0,0.0,0.0,0.0,0.0,0.0,0.0,1.0,1.0,2.0,1,12,0,3,196.75255181856963,0.5393955616587146,0.0933750195135264,0.5393955616587146,0.4606044383412854,5.6650333396104426e-05,3.5135451703743143e-05,0.0023753875304369,True,0.5393955616587146,0.4606044383412854,-0.0933750195135264,1,0,0,0.0,1,1,1,1,,0,1,0,1,1,0,0,0.07879112331742921,0.0933750195135264,0.50914,0.5159271543131165,0.55838233
2026-03-31 10:25:00,2026-03-31 10:30:00,1,760.6,763.05,pivot,2.449999999999932,0.1457095,2.1042904999999315,66285.15074999785,1.0,2026-03-31,763.2,763.35,759.6,0.0,767.55,767.85,762.0,0.0,2026,0.0,0.0,0.0,0.0,0.0,0.0,0.0,0.0,0.0,0.0,0.0,0.0,0.0,0.0,0.0,1.0,1.0,2.0,1,10,1,3,44.436482007332366,0.93087779663399,1.4218266051065995,0.93087779663399,0.06912220336601,5.6650333396104426e-05,3.5135451703743143e-05,0.0023753875304369,True,0.93087779663399,0.06912220336601,-1.4218266051065995,1,0,0,0.0,1,1,1,1,,0,1,1,0,1,0,0,0.8617555932679799,1.4218266051065995,0.5197103,0.5492052433992036,0.5643666
2026-03-31 10:30:00,2026-03-31 11:00:00,1,763.05,771.9,pivot,8.850000000000023,0.1460485,8.503951500000024,267874.47225000075,1.0,2026-03-31,767.55,767.85,762.0,0.0,769.1,772.05,768.25,0.0,2026,0.0,0.0,0.0,0.0,0.0,0.0,0.0,0.0,0.0,0.0,0.0,0.0,0.0,0.0,0.0,1.0,2.0,2.0,1,10,1,3,8.761492680721739,0.9871336473979478,2.3778723517971625,0.9871336473979478,0.0128663526020521,5.6650333396104426e-05,3.5135451703743143e-05,0.0023753875304369,True,0.9871336473979478,0.0128663526020521,-2.3778723517971625,1,0,0,0.0,1,1,1,1,,0,1,1,0,0,0,0,0.9742672947958957,2.3778723517971625,0.5197103,0.5838853056321048,0.5567461
2026-03-31 11:00:00,2026-03-31 11:30:00,1,771.9,766.25,pivot,-5.649999999999977,0.1461445,-5.996144499999978,-188878.5517499993,1.0,2026-03-31,769.1,772.05,768.25,0.0,765.05,766.7,764.5,0.0,2026,0.0,0.0,0.0,0.0,0.0,0.0,0.0,0.0,0.0,0.0,0.0,0.0,0.0,0.0,0.0,1.0,1.0,2.0,0,11,1,3,43.4271466326632,0.0534986570837212,-1.5719188674634434,0.0534986570837212,0.9465013429162789,5.6650333396104426e-05,3.5135451703743143e-05,0.0023753875304369,True,0.0534986570837212,0.9465013429162789,1.5719188674634434,1,0,0,0.0,1,1,1,1,,0,1,1,0,1,0,0,-0.8930026858325577,1.5719188674634434,0.50914,0.5126744110500857,0.5695173
2026-03-31 12:40:00,2026-03-31 13:30:00,-1,758.7,754.2,pivot,4.5,0.145387,4.1546129999999994,130870.30949999997,1.0,2026-03-31,756.6,759.45,756.2,0.0,756.55,757.25,754.2,0.0,2026,0.0,0.0,0.0,0.0,0.0,0.0,0.0,0.0,0.0,0.0,0.0,0.0,0.0,0.0,0.0,1.0,0.0,0.0,1,12,1,3,76.20210336236708,0.1148658417558487,-1.1478549591952485,0.1148658417558487,0.8851341582441512,5.405555581096729e-05,4.184575209199726e-05,0.0023363254969441,True,0.8851341582441512,0.1148658417558487,-1.1478549591952485,1,0,0,0.0,1,1,1,1,,0,1,0,1,0,1,0,0.7702683164883025,1.1478549591952485,0.5425894,0.7806436716173284,0.55172193
2026-03-31 13:30:00,2026-03-31 13:55:00,1,754.2,752.6,pivot,-1.6000000000000227,0.145204,-1.9452040000000228,-61273.92600000072,1.0,2026-03-31,756.55,757.25,754.2,0.0,752.5,752.95,751.15,0.0,2026,0.0,0.0,0.0,0.0,0.0,0.0,0.0,0.0,0.0,0.0,0.0,0.0,0.0,0.0,0.0,1.0,1.0,0.0,0,13,1,3,52.62412691654536,0.9159882867609532,1.3136843839804764,0.9159882867609532,0.0840117132390468,5.405555581096729e-05,4.184575209199726e-05,0.0023363254969441,True,0.9159882867609532,0.0840117132390468,-1.3136843839804764,1,0,0,0.0,1,1,1,1,,0,1,0,1,1,0,0,0.8319765735219065,1.3136843839804764,0.50965536,0.5461026325561957,0.5691937
2026-03-31 13:55:00,2026-03-31 14:10:00,-1,752.6,753.1,pivot,-0.5,0.145171,-0.845171,-26622.8865,1.0,2026-03-31,752.5,752.95,751.15,0.0,750.0,753.95,750.0,0.0,2026,0.0,0.0,0.0,0.0,0.0,0.0,0.0,0.0,0.0,0.0,0.0,0.0,0.0,0.0,0.0,1.0,1.0,0.0,0,13,1,3,195.20780609665312,0.4500790450616539,-0.1032225329431228,0.4500790450616539,0.549920954938346,5.405555581096729e-05,4.184575209199726e-05,0.0023363254969441,True,0.549920954938346,0.4500790450616539,-0.1032225329431228,1,0,0,0.0,1,1,1,1,,0,1,0,1,1,0,0,0.09984190987669211,0.1032225329431228,0.50965536,0.5461026325561957,0.5505595
2026-03-31 14:10:00,2026-03-31 14:40:00,-1,753.1,755.0,pivot,-1.8999999999999773,0.145243,-2.2452429999999772,-70725.15449999928,1.0,2026-03-31,750.0,753.95,750.0,0.0,755.55,755.8,753.7,0.0,2026,0.0,0.0,0.0,0.0,0.0,0.0,0.0,0.0,0.0,0.0,0.0,0.0,0.0,0.0,0.0,1.0,1.0,0.0,0,14,1,3,28.556610592587923,0.0395273646232137,-1.7550062630213397,0.0395273646232137,0.9604726353767864,5.405555581096729e-05,4.184575209199726e-05,0.0023363254969441,True,0.9604726353767864,0.0395273646232137,-1.7550062630213397,1,0,0,0.0,1,1,1,1,,0,1,0,1,1,0,0,0.9209452707535727,1.7550062630213397,0.50965536,0.542246242569371,0.53648
2026-03-31 15:10:00,2026-03-31 15:20:00,1,747.85,747.2,pivot,-0.6499999999999773,0.1448515,-0.9948514999999772,-31337.822249999284,1.0,2026-03-31,746.55,748.25,746.2,0.0,749.4,749.4,746.2,0.0,2026,0.0,0.0,0.0,0.0,0.0,0.0,0.0,0.0,0.0,0.0,0.0,0.0,0.0,0.0,0.0,1.0,1.0,0.0,0,15,1,3,116.45697099411522,0.1993050285727938,-0.7625970298595445,0.1993050285727938,0.8006949714272061,5.405555581096729e-05,4.184575209199726e-05,0.0023363254969441,True,0.1993050285727938,0.8006949714272061,0.7625970298595445,1,0,0,0.0,1,1,1,1,,0,1,0,0,1,0,0,-0.6013899428544123,0.7625970298595445,0.5053966,0.5537654049174158,0.5127385
2026-04-01 10:30:00,2026-04-01 11:40:00,1,799.6,801.85,pivot,2.25,0.1480435,1.9019565000000003,59911.62975000001,1.0,2026-04-01,799.2,800.85,798.5,0.0,802.9,803.3,801.5,0.0,2026,0.0,0.0,0.0,0.0,0.0,0.0,0.0,0.0,0.0,0.0,0.0,0.0,0.0,0.0,0.0,1.0,1.0,1.0,1,10,2,4,185.20363282026048,0.3805924973601054,-0.2588467897212203,0.3805924973601054,0.6194075026398946,5.405555581096729e-05,4.184575209199726e-05,0.0023363254969441,True,0.3805924973601054,0.6194075026398946,0.2588467897212203,1,0,0,0.0,1,1,1,1,,0,1,1,0,1,0,0,-0.23881500527978922,0.2588467897212203,0.50995404,0.5183491920167113,0.50755405
2026-04-01 11:40:00,2026-04-01 11:50:00,-1,801.85,802.35,pivot,-0.5,0.148126,-0.848126,-26715.969,1.0,2026-04-01,802.9,803.3,801.5,0.0,803.15,803.35,802.2,0.0,2026,0.0,0.0,0.0,0.0,0.0,0.0,0.0,0.0,0.0,0.0,0.0,0.0,0.0,0.0,0.0,1.0,1.0,2.0,0,11,2,4,160.07020445016047,0.732980634007134,0.5422059064053334,0.732980634007134,0.267019365992866,5.405555581096729e-05,4.184575209199726e-05,0.0023363254969441,True,0.267019365992866,0.732980634007134,0.5422059064053334,1,0,0,0.0,1,1,1,1,,0,1,1,0,1,0,0,-0.46596126801426796,0.5422059064053334,0.50914,0.5032499880173319,0.50169134
2026-04-01 11:50:00,2026-04-01 12:20:00,-1,802.35,804.25,pivot,-1.8999999999999773,0.148198,-2.2481979999999773,-70818.23699999928,1.0,2026-04-01,803.15,803.35,802.2,0.0,803.8,805.15,803.7,0.0,2026,0.0,0.0,0.0,0.0,0.0,0.0,0.0,0.0,0.0,0.0,0.0,0.0,0.0,0.0,0.0,1.0,1.0,2.0,0,11,2,4,173.8808522242441,0.6912770986429302,0.4353192624072136,0.6912770986429302,0.3087229013570698,5.405555581096729e-05,4.184575209199726e-05,0.0023363254969441,True,0.3087229013570698,0.6912770986429302,0.4353192624072136,1,0,0,0.0,1,1,1,1,,0,1,1,0,1,0,0,-0.3825541972858604,0.4353192624072136,0.50914,0.5032499880173319,0.5075285
2026-04-02 10:25:00,2026-04-02 15:45:00,1,799.5,779.45,eod,-20.049999999999955,0.1473685,-20.397368499999956,-642517.1077499986,1.0,2026-04-02,800.4,801.85,792.1,0.0,779.45,779.45,779.45,0.0,2026,0.0,0.0,0.0,0.0,0.0,0.0,0.0,0.0,0.0,0.0,0.0,0.0,0.0,0.0,0.0,2.0,0.0,0.0,0,10,3,4,179.9705976529646,0.6705933840004366,0.3904997235653475,0.6705933840004366,0.3294066159995634,5.287561276078334e-05,3.462062839882771e-05,0.0023120378576878,True,0.6705933840004366,0.3294066159995634,-0.3904997235653475,1,0,0,0.0,1,1,1,1,,0,1,1,0,0,1,0,0.34118676800087316,0.3904997235653475,0.54231644,0.7522991319714655,0.52315897
2026-04-06 10:30:00,2026-04-06 11:15:00,1,817.05,818.85,pivot,1.8000000000000682,0.149077,1.450923000000068,45704.07450000214,1.0,2026-04-06,813.85,817.2,813.3,0.0,821.5,821.75,817.9,0.0,2026,0.0,0.0,0.0,0.0,0.0,0.0,0.0,0.0,0.0,0.0,0.0,0.0,0.0,0.0,0.0,1.0,1.0,1.0,1,10,0,4,34.39094141347742,0.0503842958077181,-1.5697844851637466,0.0503842958077181,0.949615704192282,4.373873063332033e-05,-1.810859035493058e-05,0.0024883097691741,True,0.0503842958077181,0.949615704192282,1.5697844851637466,1,0,0,0.0,1,1,1,1,,0,1,1,0,1,0,0,-0.899231408384564,1.5697844851637466,0.50995404,0.5226119967949799,0.50371516
2026-04-20 10:50:00,2026-04-20 10:55:00,1,946.35,948.6,pivot,2.25,0.1568485,1.8931515,59634.27225,1.0,2026-04-20,948.6,948.6,946.15,0.0,948.35,949.45,947.9,0.0,2026,0.0,0.0,0.0,0.0,0.0,0.0,0.0,0.0,0.0,0.0,0.0,0.0,0.0,0.0,0.0,1.0,1.0,2.0,1,10,0,4,72.95865745348614,0.8927470459614912,1.10268294227378,0.8927470459614912,0.1072529540385087,-2.620230178601243e-05,-2.0863914279959656e-05,0.002220433226731,True,0.8927470459614912,0.1072529540385087,-1.10268294227378,1,0,0,0.0,1,1,1,1,,0,1,1,0,1,0,0,0.7854940919229826,1.10268294227378,0.5197103,0.5414456879641263,0.5032284
2026-05-13 11:25:00,2026-05-13 11:30:00,-1,1202.2,1202.15,pivot,0.0499999999999545,0.1721305,-0.3221305000000455,-10147.110750001433,1.0,2026-05-13,1202.25,1203.0,1201.0,0.0,1206.6,1206.65,1201.8,0.0,2026,0.0,0.0,0.0,0.0,0.0,0.0,0.0,0.0,0.0,0.0,0.0,0.0,0.0,0.0,0.0,1.0,1.0,2.0,0,11,2,5,344.82438669192555,0.5617282020354369,0.0846724294796121,0.5617282020354369,0.438271797964563,3.4035809740415096e-05,1.6464422453852916e-05,0.0022616646450602,True,0.438271797964563,0.5617282020354369,0.0846724294796121,1,0,0,0.0,1,1,1,1,,0,1,1,0,1,0,0,-0.12345640407087394,0.0846724294796121,0.50914,0.5032499880173319,0.50511694
2026-05-13 11:30:00,2026-05-13 12:00:00,1,1202.15,1200.65,pivot,-1.5,0.172084,-1.8720839999999999,-58970.64599999999,1.0,2026-05-13,1206.6,1206.65,1201.8,0.0,1201.75,1203.55,1198.3,0.0,2026,0.0,0.0,0.0,0.0,0.0,0.0,0.0,0.0,0.0,0.0,0.0,0.0,0.0,0.0,0.0,1.0,2.0,2.0,0,11,2,5,19.71470366860905,0.9701828074472654,1.5896350656087777,0.9701828074472654,0.0298171925527346,3.4035809740415096e-05,1.6464422453852916e-05,0.0022616646450602,True,0.9701828074472654,0.0298171925527346,-1.5896350656087777,1,0,0,0.0,1,1,1,1,,0,1,1,0,0,0,0,0.9403656148945307,1.5896350656087777,0.50914,0.5489268916755905,0.50198627
2026-05-13 12:00:00,2026-05-13 12:25:00,-1,1200.65,1204.95,pivot,-4.2999999999999545,0.172168,-4.672167999999954,-147173.29199999856,1.0,2026-05-13,1201.75,1203.55,1198.3,0.0,1204.3,1205.45,1203.35,0.0,2026,0.0,0.0,0.0,0.0,0.0,0.0,0.0,0.0,0.0,0.0,0.0,0.0,0.0,0.0,0.0,1.0,1.0,2.0,0,12,2,5,223.48231638573463,0.7173489854293726,0.3239755254806403,0.7173489854293726,0.2826510145706273,3.4035809740415096e-05,1.6464422453852916e-05,0.0022616646450602,True,0.2826510145706273,0.7173489854293726,0.3239755254806403,1,0,0,0.0,1,1,1,1,,0,1,0,1,1,0,0,-0.43469797085874534,0.3239755254806403,0.50914,0.5011025591996634,0.5050838
2026-05-13 12:50:00,2026-05-13 13:45:00,1,1209.35,1214.5,pivot,5.150000000000091,0.1727155,4.777284500000091,150484.46175000287,1.0,2026-05-13,1209.25,1209.7,1206.7,0.0,1215.35,1216.0,1212.35,0.0,2026,0.0,0.0,0.0,0.0,0.0,0.0,0.0,0.0,0.0,0.0,0.0,0.0,0.0,0.0,0.0,1.0,1.0,2.0,1,12,2,5,359.82291718372585,0.5026400900671525,0.0110026813170364,0.5026400900671525,0.4973599099328475,3.4035809740415096e-05,1.6464422453852916e-05,0.0022616646450602,True,0.5026400900671525,0.4973599099328475,-0.0110026813170364,1,0,0,0.0,1,1,1,1,,0,1,0,1,1,0,0,0.005280180134304979,0.0110026813170364,0.50914,0.5011025591996634,0.55108804
2026-05-14 10:25:00,2026-05-14 10:30:00,1,1242.35,1245.45,pivot,3.1000000000001364,0.174634,2.7253660000001356,85849.02900000427,1.0,2026-05-14,1245.35,1245.45,1241.15,0.0,1245.9,1247.7,1244.4,0.0,2026,0.0,0.0,0.0,0.0,0.0,0.0,0.0,0.0,0.0,0.0,0.0,0.0,0.0,0.0,0.0,1.0,1.0,2.0,1,10,3,5,67.93323120684873,0.9107337763663416,1.0175115119749238,0.9107337763663416,0.0892662236336584,5.870502021725934e-05,6.376990967716056e-05,0.0023867970711127,True,0.9107337763663416,0.0892662236336584,-1.0175115119749238,1,0,0,0.0,1,1,1,1,,0,1,1,0,1,0,0,0.8214675527326831,1.0175115119749238,0.5173392,0.5345218315289454,0.61819947
2026-05-14 10:30:00,2026-05-14 10:50:00,1,1245.45,1241.35,pivot,-4.100000000000136,0.174604,-4.474604000000137,-140950.02600000432,1.0,2026-05-14,1245.9,1247.7,1244.4,0.0,1236.85,1242.55,1236.75,0.0,2026,0.0,0.0,0.0,0.0,0.0,0.0,0.0,0.0,0.0,0.0,0.0,0.0,0.0,0.0,0.0,1.0,1.0,2.0,0,10,3,5,280.1947349974109,0.6186095230034139,0.1582771786508983,0.6186095230034139,0.3813904769965861,5.870502021725934e-05,6.376990967716056e-05,0.0023867970711127,True,0.6186095230034139,0.3813904769965861,-0.1582771786508983,1,0,0,0.0,1,1,1,1,,0,1,1,0,1,0,0,0.23721904600682775,0.1582771786508983,0.5173392,0.5345218315289454,0.6283827
2026-05-14 10:50:00,2026-05-14 11:15:00,-1,1241.35,1234.3,pivot,7.0499999999999545,0.1742695,6.675730499999954,210285.51074999856,1.0,2026-05-14,1236.85,1242.55,1236.75,0.0,1232.75,1235.65,1232.55,0.0,2026,0.0,0.0,0.0,0.0,0.0,0.0,0.0,0.0,0.0,0.0,0.0,0.0,0.0,0.0,0.0,1.0,1.0,1.0,1,10,3,5,21.559031668059607,0.0446328351014581,-1.531408996456116,0.0446328351014581,0.9553671648985418,5.870502021725934e-05,6.376990967716056e-05,0.0023867970711127,True,0.9553671648985418,0.0446328351014581,-1.531408996456116,1,0,0,0.0,1,1,1,1,,0,1,1,0,1,0,0,0.9107343297970837,1.531408996456116,0.5075804,0.5106550274582811,0.620424
2026-05-14 11:50:00,2026-05-14 11:55:00,1,1226.75,1226.7,pivot,-0.0499999999999545,0.1736035,-0.42360349999995456,-13343.510249998568,1.0,2026-05-14,1226.55,1229.5,1225.75,0.0,1224.75,1226.8,1223.6,0.0,2026,0.0,0.0,0.0,0.0,0.0,0.0,0.0,0.0,0.0,0.0,0.0,0.0,0.0,0.0,0.0,1.0,1.0,0.0,0,11,3,5,301.0485917974133,0.375794081444429,-0.1633296448467859,0.375794081444429,0.624205918555571,5.870502021725934e-05,6.376990967716056e-05,0.0023867970711127,True,0.375794081444429,0.624205918555571,0.1633296448467859,1,0,0,0.0,1,1,1,1,,0,1,1,0,1,0,0,-0.24841183711114195,0.1633296448467859,0.50965536,0.5650935309404329,0.60447615
2026-05-14 11:55:00,2026-05-14 12:25:00,1,1226.7,1230.35,pivot,3.649999999999864,0.1737115,3.2762884999998634,103203.0877499957,1.0,2026-05-14,1224.75,1226.8,1223.6,0.0,1231.7,1233.85,1230.35,0.0,2026,0.0,0.0,0.0,0.0,0.0,0.0,0.0,0.0,0.0,0.0,0.0,0.0,0.0,0.0,0.0,1.0,1.0,0.0,1,11,3,5,107.47667042037789,0.1536547300758214,-0.642023021410209,0.1536547300758214,0.8463452699241786,5.870502021725934e-05,6.376990967716056e-05,0.0023867970711127,True,0.1536547300758214,0.8463452699241786,0.642023021410209,1,0,0,0.0,1,1,1,1,,0,1,1,0,1,0,0,-0.6926905398483572,0.642023021410209,0.50965536,0.5650935309404329,0.599405
2026-05-15 10:30:00,2026-05-15 10:35:00,-1,1228.1,1227.95,pivot,0.1499999999998635,0.1736815,-0.22368150000013645,-7045.967250004298,1.0,2026-05-15,1227.95,1228.6,1225.2,0.0,1231.8,1234.75,1227.95,0.0,2026,0.0,0.0,0.0,0.0,0.0,0.0,0.0,0.0,0.0,0.0,0.0,0.0,0.0,0.0,0.0,1.0,0.0,0.0,0,10,4,5,325.4399952896617,0.4403602772677648,-0.0778940373689373,0.4403602772677648,0.5596397227322352,5.870502021725934e-05,6.376990967716056e-05,0.0023867970711127,True,0.5596397227322352,0.4403602772677648,-0.0778940373689373,1,0,0,0.0,1,1,1,1,,0,1,1,0,0,1,0,0.11927944546447039,0.0778940373689373,0.51653606,0.7687970036496027,0.5923351
2026-05-15 10:35:00,2026-05-15 10:55:00,-1,1227.95,1215.55,pivot,12.400000000000093,0.173305,12.02669500000009,378840.89250000287,1.0,2026-05-15,1231.8,1234.75,1227.95,0.0,1206.85,1218.6,1204.8,0.0,2026,0.0,0.0,0.0,0.0,0.0,0.0,0.0,0.0,0.0,0.0,0.0,0.0,0.0,0.0,0.0,1.0,1.0,1.0,1,10,4,5,39.2362808008476,0.944360172036112,1.284831506882005,0.944360172036112,0.0556398279638881,5.870502021725934e-05,6.376990967716056e-05,0.0023867970711127,True,0.0556398279638881,0.944360172036112,1.284831506882005,1,0,0,0.0,1,1,1,1,,0,1,1,0,1,0,0,-0.8887203440722239,1.284831506882005,0.5075804,0.5046910494460957,0.5652858
2026-05-15 10:55:00,2026-05-15 11:25:00,-1,1215.55,1201.45,pivot,14.099999999999907,0.17251,13.727489999999907,432415.9349999971,1.0,2026-05-15,1206.85,1218.6,1204.8,0.0,1195.15,1206.8,1194.05,0.0,2026,0.0,0.0,0.0,0.0,0.0,0.0,0.0,0.0,0.0,0.0,0.0,0.0,0.0,0.0,0.0,1.0,0.0,0.0,1,10,4,5,5.13175654893878,0.0076266488254261,-2.9844813304561426,0.0076266488254261,0.992373351174574,5.870502021725934e-05,6.376990967716056e-05,0.0023867970711127,True,0.992373351174574,0.0076266488254261,-2.9844813304561426,1,0,0,0.0,1,1,1,1,,0,1,1,0,0,1,0,0.984746702349148,2.9844813304561426,0.51653606,0.7687970036496027,0.55282795
2026-05-15 11:25:00,2026-05-15 11:50:00,-1,1201.45,1205.7,pivot,-4.25,0.1722145,-4.6222145,-145599.75675,1.0,2026-05-15,1195.15,1206.8,1194.05,0.0,1205.7,1211.3,1204.4,0.0,2026,0.0,0.0,0.0,0.0,0.0,0.0,0.0,0.0,0.0,0.0,0.0,0.0,0.0,0.0,0.0,1.0,0.0,0.0,0,11,4,5,8.100357890277753,0.0174081894678329,-2.334047267931607,0.0174081894678329,0.982591810532167,5.870502021725934e-05,6.376990967716056e-05,0.0023867970711127,True,0.982591810532167,0.0174081894678329,-2.334047267931607,1,0,0,0.0,1,1,1,1,,0,1,1,0,0,1,0,0.9651836210643342,2.334047267931607,0.5258985,0.7696948210962681,0.51786447
2026-05-15 15:25:00,2026-05-15 15:45:00,-1,1165.1,1172.7,eod,-7.600000000000136,0.170134,-7.970134000000137,-251059.2210000043,1.0,2026-05-15,1165.0,1168.15,1164.5,0.0,1172.7,1172.7,1172.7,0.0,2026,0.0,0.0,0.0,0.0,0.0,0.0,0.0,0.0,0.0,0.0,0.0,0.0,0.0,0.0,0.0,1.0,1.0,0.0,0,15,4,5,285.6560803805225,0.4463631197240724,-0.0675904789470324,0.4463631197240724,0.5536368802759275,5.688710850897201e-05,4.252585875323537e-05,0.0025339801991026,True,0.5536368802759275,0.4463631197240724,-0.0675904789470324,1,0,0,0.0,1,1,1,1,,0,1,0,0,1,0,0,0.10727376055185511,0.0675904789470324,0.5053966,0.5391905697224373,0.50428885
2026-05-18 10:25:00,2026-05-18 10:55:00,1,1152.3,1170.6,pivot,18.299999999999955,0.1696869999999999,17.930312999999956,564804.8594999986,1.0,2026-05-18,1155.6,1159.0,1148.85,0.0,1170.35,1178.4,1168.95,0.0,2026,0.0,0.0,0.0,0.0,0.0,0.0,0.0,0.0,0.0,0.0,0.0,0.0,0.0,0.0,0.0,1.0,2.0,1.0,1,10,0,5,56.0822503577463,0.9194341205455404,1.111776135565623,0.9194341205455404,0.0805658794544595,5.688710850897201e-05,4.252585875323537e-05,0.0025339801991026,True,0.9194341205455404,0.0805658794544595,-1.111776135565623,1,0,0,0.0,1,1,1,1,,0,1,1,0,0,0,0,0.8388682410910809,1.111776135565623,0.5075804,0.5560782401670035,0.5117617
2026-05-18 14:20:00,2026-05-18 14:55:00,1,1163.0,1181.7,pivot,18.700000000000045,0.170341,18.329659000000046,577384.2585000014,1.0,2026-05-18,1169.95,1170.45,1162.9,0.0,1175.85,1182.1,1174.3,0.0,2026,0.0,0.0,0.0,0.0,0.0,0.0,0.0,0.0,0.0,0.0,0.0,0.0,0.0,0.0,0.0,1.0,1.0,0.0,1,14,0,5,10.502867113413885,0.9727109198745504,1.965467370013608,0.9727109198745504,0.0272890801254495,4.685950686712261e-05,3.815979517654415e-05,0.0029245081089428,True,0.9727109198745504,0.0272890801254495,-1.965467370013608,1,0,0,0.0,1,1,1,1,,0,1,0,1,1,0,0,0.9454218397491009,1.965467370013608,0.50965536,0.518645878643201,0.51255
2026-05-19 10:45:00,2026-05-19 11:25:00,1,1133.05,1119.7,pivot,-13.349999999999907,0.1675825,-13.717582499999912,-432103.8487499972,1.0,2026-05-19,1125.35,1134.55,1124.9,0.0,1121.8,1125.7,1118.9,0.0,2026,0.0,0.0,0.0,0.0,0.0,0.0,0.0,0.0,0.0,0.0,0.0,0.0,0.0,0.0,0.0,1.0,0.0,0.0,0,10,1,5,7.822651737459019,0.016266423318796,-2.329637397052953,0.016266423318796,0.983733576681204,4.685950686712261e-05,3.815979517654415e-05,0.0029245081089428,True,0.016266423318796,0.983733576681204,2.329637397052953,1,0,0,0.0,1,1,1,1,,0,1,1,0,0,1,0,-0.967467153362408,2.329637397052953,0.53326404,0.7763436742449398,0.53790563
2026-05-21 10:40:00,2026-05-21 10:50:00,1,1209.05,1203.55,pivot,-5.5,0.172378,-5.872378,-184979.907,1.0,2026-05-21,1205.5,1209.95,1205.1,0.0,1199.75,1205.45,1199.3,0.0,2026,0.0,0.0,0.0,0.0,0.0,0.0,0.0,0.0,0.0,0.0,0.0,0.0,0.0,0.0,0.0,1.0,1.0,2.0,0,10,3,5,56.80612004576643,0.1331528167573569,-0.8743567253243836,0.1331528167573569,0.8668471832426431,2.990485217679538e-05,-4.6765853105904265e-06,0.0033104067532419,True,0.1331528167573569,0.8668471832426431,0.8743567253243836,1,0,0,0.0,1,1,1,1,,0,1,1,0,1,0,0,-0.7336943664852862,0.8743567253243836,0.5173392,0.5345218315289454,0.5104321
2026-05-21 10:50:00,2026-05-21 13:30:00,1,1203.55,1220.15,pivot,16.600000000000136,0.172711,16.227289000000138,511159.60350000433,1.0,2026-05-21,1199.75,1205.45,1199.3,0.0,1218.95,1220.2,1218.15,0.0,2026,0.0,0.0,0.0,0.0,0.0,0.0,0.0,0.0,0.0,0.0,0.0,0.0,0.0,0.0,0.0,1.0,1.0,2.0,1,10,3,5,51.65976415371139,0.1233268330848806,-0.92875400918582,0.1233268330848806,0.8766731669151193,2.990485217679538e-05,-4.6765853105904265e-06,0.0033104067532419,True,0.1233268330848806,0.8766731669151193,0.92875400918582,1,0,0,0.0,1,1,1,1,,0,1,1,0,1,0,0,-0.7533463338302387,0.92875400918582,0.5173392,0.5345218315289454,0.51746726
2026-05-26 10:35:00,2026-05-26 11:15:00,-1,1267.7,1273.2,pivot,-5.5,0.176227,-5.876227,-185101.1505,1.0,2026-05-26,1264.05,1267.75,1260.65,0.0,1272.35,1273.3,1270.45,0.0,2026,0.0,0.0,0.0,0.0,0.0,0.0,0.0,0.0,0.0,0.0,0.0,0.0,0.0,0.0,0.0,1.0,1.0,1.0,0,10,1,5,60.14567831581694,0.1398457765459504,-0.855835730953205,0.1398457765459504,0.8601542234540496,6.652390673505149e-05,2.135967825507764e-05,0.0033479560933881,True,0.8601542234540496,0.1398457765459504,-0.855835730953205,1,0,0,0.0,1,1,1,1,,0,1,1,0,1,0,0,0.7203084469080991,0.855835730953205,0.5075804,0.5142534869249903,0.5363709
2026-05-27 10:25:00,2026-05-27 10:30:00,1,1330.65,1328.25,pivot,-2.400000000000091,0.179767,-2.779767000000091,-87562.66050000286,1.0,2026-05-27,1328.3,1331.15,1325.35,0.0,1327.8,1331.6,1325.6,0.0,2026,0.0,0.0,0.0,0.0,0.0,0.0,0.0,0.0,0.0,0.0,0.0,0.0,0.0,0.0,0.0,1.0,1.0,1.0,0,10,2,5,102.16159354784556,0.2292594334968046,-0.5354725154608111,0.2292594334968046,0.7707405665031953,0.0001045827646898,3.917470703994623e-05,0.0033741978367146,True,0.2292594334968046,0.7707405665031953,0.5354725154608111,1,0,0,0.0,1,1,1,1,,0,1,1,0,1,0,0,-0.5414811330063907,0.5354725154608111,0.5075804,0.5142534869249903,0.5633944
2026-05-27 10:30:00,2026-05-27 11:20:00,1,1328.25,1334.25,pivot,6.0,0.179875,5.620125,177033.9375,1.0,2026-05-27,1327.8,1331.6,1325.6,0.0,1338.25,1338.4,1333.15,0.0,2026,0.0,0.0,0.0,0.0,0.0,0.0,0.0,0.0,0.0,0.0,0.0,0.0,0.0,0.0,0.0,1.0,1.0,1.0,1,10,2,5,163.38334291922587,0.4196189136623024,-0.1231897418449433,0.4196189136623024,0.5803810863376976,0.0001045827646898,3.917470703994623e-05,0.0033741978367146,True,0.4196189136623024,0.5803810863376976,0.1231897418449433,1,0,0,0.0,1,1,1,1,,0,1,1,0,1,0,0,-0.16076217267539517,0.1231897418449433,0.5075804,0.5142534869249903,0.5634614
2026-05-27 13:40:00,2026-05-27 13:45:00,1,1323.15,1325.55,pivot,2.399999999999864,0.1794609999999999,2.0205389999998635,63646.978499995705,1.0,2026-05-27,1325.35,1325.9,1320.45,0.0,1327.1,1328.4,1324.15,0.0,2026,0.0,0.0,0.0,0.0,0.0,0.0,0.0,0.0,0.0,0.0,0.0,0.0,0.0,0.0,0.0,1.0,1.0,0.0,1,13,2,5,126.18826619293252,0.727073831511507,0.4615996066587898,0.727073831511507,0.272926168488493,5.202022722435522e-05,1.2008138551807132e-05,0.003409308809302,True,0.727073831511507,0.272926168488493,-0.4615996066587898,1,0,0,0.0,1,1,1,1,,0,1,0,1,1,0,0,0.45414766302301396,0.4615996066587898,0.50965536,0.5356435457181504,0.5635034
2026-05-27 13:45:00,2026-05-27 14:15:00,-1,1325.55,1315.45,pivot,10.099999999999907,0.17923,9.720769999999908,306204.2549999971,1.0,2026-05-27,1327.1,1328.4,1324.15,0.0,1314.5,1315.55,1310.55,0.0,2026,0.0,0.0,0.0,0.0,0.0,0.0,0.0,0.0,0.0,0.0,0.0,0.0,0.0,0.0,0.0,1.0,1.0,0.0,1,13,2,5,135.21697892509346,0.6922582737957009,0.3835166879231926,0.6922582737957009,0.307741726204299,5.202022722435522e-05,1.2008138551807132e-05,0.003409308809302,True,0.307741726204299,0.6922582737957009,0.3835166879231926,1,0,0,0.0,1,1,1,1,,0,1,0,1,1,0,0,-0.3845165475914019,0.3835166879231926,0.50965536,0.5356435457181504,0.5550977
2026-05-27 14:15:00,2026-05-27 14:35:00,-1,1315.45,1317.35,pivot,-1.899999999999864,0.178984,-2.2789839999998636,-71787.9959999957,1.0,2026-05-27,1314.5,1315.55,1310.55,0.0,1315.65,1322.7,1315.45,0.0,2026,0.0,0.0,0.0,0.0,0.0,0.0,0.0,0.0,0.0,0.0,0.0,0.0,0.0,0.0,0.0,1.0,0.0,0.0,0,14,2,5,147.39680187573754,0.3531904202219849,-0.2600184036416764,0.3531904202219849,0.6468095797780151,5.202022722435522e-05,1.2008138551807132e-05,0.003409308809302,True,0.6468095797780151,0.3531904202219849,-0.2600184036416764,1,0,0,0.0,1,1,1,1,,0,1,0,1,0,1,0,0.29361915955603024,0.2600184036416764,0.5425894,0.7825921160981738,0.5326979
2026-05-27 14:35:00,2026-05-27 14:45:00,1,1317.35,1324.1,pivot,6.75,0.1792435,6.3707565,200678.82975,1.0,2026-05-27,1315.65,1322.7,1315.45,0.0,1310.25,1325.0,1310.25,0.0,2026,0.0,0.0,0.0,0.0,0.0,0.0,0.0,0.0,0.0,0.0,0.0,0.0,0.0,0.0,0.0,1.0,1.0,0.0,1,14,2,5,128.19331565195424,0.2900317308891715,-0.3934126694491739,0.2900317308891715,0.7099682691108284,5.202022722435522e-05,1.2008138551807132e-05,0.003409308809302,True,0.2900317308891715,0.7099682691108284,0.3934126694491739,1,0,0,0.0,1,1,1,1,,0,1,0,1,1,0,0,-0.41993653822165694,0.3934126694491739,0.50965536,0.5359255333824356,0.51126206
2026-05-28 10:30:00,2026-05-28 11:00:00,-1,1295.0,1300.7,pivot,-5.7000000000000455,0.177871,-6.077871000000044,-191452.9365000014,1.0,2026-05-28,1292.4,1296.95,1291.95,0.0,1297.0,1301.85,1295.8,0.0,2026,0.0,0.0,0.0,0.0,0.0,0.0,0.0,0.0,0.0,0.0,0.0,0.0,0.0,0.0,0.0,1.0,1.0,1.0,0,10,3,5,99.25801213399696,0.2210541848614177,-0.5703576213740286,0.2210541848614177,0.7789458151385822,5.202022722435522e-05,1.2008138551807132e-05,0.003409308809302,True,0.7789458151385822,0.2210541848614177,-0.5703576213740286,1,0,0,0.0,1,1,1,1,,0,1,1,0,1,0,0,0.5578916302771645,0.5703576213740286,0.5075804,0.5106550274582811,0.50034845
2026-06-01 11:55:00,2026-06-01 12:00:00,-1,1411.05,1416.6,pivot,-5.5499999999999545,0.1848294999999999,-5.934829499999955,-186947.12924999857,1.0,2026-06-01,1416.6,1416.85,1410.65,0.0,1418.35,1418.65,1415.5,0.0,2026,0.0,0.0,0.0,0.0,0.0,0.0,0.0,0.0,0.0,0.0,0.0,0.0,0.0,0.0,0.0,1.0,1.0,2.0,0,11,0,6,37.37692999769009,0.907605790389957,1.1451641833939143,0.907605790389957,0.0923942096100429,2.5300698368281443e-05,-9.106640186071068e-07,0.0034596542471185,True,0.0923942096100429,0.907605790389957,1.1451641833939143,1,0,0,0.0,1,1,1,1,,0,1,1,0,1,0,0,-0.8152115807799142,1.1451641833939143,0.50914,0.5027347576082651,0.5040825
2026-06-01 12:00:00,2026-06-01 13:10:00,-1,1416.6,1414.7,pivot,1.899999999999864,0.184939,1.5150609999998634,47724.4214999957,1.0,2026-06-01,1418.35,1418.65,1415.5,0.0,1416.3,1416.7,1414.2,0.0,2026,0.0,0.0,0.0,0.0,0.0,0.0,0.0,0.0,0.0,0.0,0.0,0.0,0.0,0.0,0.0,1.0,1.0,2.0,1,12,0,6,135.48393677789744,0.6837542162062819,0.3571167544170643,0.6837542162062819,0.3162457837937181,2.5300698368281443e-05,-9.106640186071068e-07,0.0034596542471185,True,0.3162457837937181,0.6837542162062819,0.3571167544170643,1,0,0,0.0,1,1,1,1,,0,1,0,1,1,0,0,-0.36750843241256376,0.3571167544170643,0.50914,0.5059815301303544,0.5353577
2026-06-01 14:25:00,2026-06-01 14:55:00,-1,1408.4,1411.95,pivot,-3.5499999999999545,0.1846105,-3.9346104999999545,-123940.23074999856,1.0,2026-06-01,1400.2,1409.35,1399.7,0.0,1412.15,1414.95,1410.0,0.0,2026,0.0,0.0,0.0,0.0,0.0,0.0,0.0,0.0,0.0,0.0,0.0,0.0,0.0,0.0,0.0,1.0,0.0,0.0,0,14,0,6,16.978435918495013,0.0413621824800513,-1.7183255354896,0.0413621824800513,0.9586378175199486,2.5300698368281443e-05,-9.106640186071068e-07,0.0034596542471185,True,0.9586378175199486,0.0413621824800513,-1.7183255354896,1,0,0,0.0,1,1,1,1,,0,1,0,1,0,1,0,0.9172756350398973,1.7183255354896,0.5425894,0.770594096297213,0.59683174
2026-06-02 11:00:00,2026-06-02 11:25:00,-1,1365.5,1374.25,pivot,-8.75,0.1821925,-9.132192499999999,-287664.06375,1.0,2026-06-02,1368.35,1372.35,1364.75,0.0,1376.5,1380.4,1372.3,0.0,2026,0.0,0.0,0.0,0.0,0.0,0.0,0.0,0.0,0.0,0.0,0.0,0.0,0.0,0.0,0.0,1.0,0.0,0.0,0,11,1,6,98.45456104708737,0.7771098935152795,0.5665285908587817,0.7771098935152795,0.2228901064847205,3.654203235984425e-05,-8.725510212143581e-06,0.0036956616884674,True,0.2228901064847205,0.7771098935152795,0.5665285908587817,1,0,0,0.0,1,1,1,1,,0,1,1,0,0,1,0,-0.554219787030559,0.5665285908587817,0.5425894,0.7706462954867643,0.59000784
2026-06-02 11:25:00,2026-06-02 12:00:00,-1,1374.25,1385.25,pivot,-11.0,0.182785,-11.382785000000002,-358557.72750000004,1.0,2026-06-02,1376.5,1380.4,1372.3,0.0,1381.35,1388.9,1380.65,0.0,2026,0.0,0.0,0.0,0.0,0.0,0.0,0.0,0.0,0.0,0.0,0.0,0.0,0.0,0.0,0.0,1.0,1.0,0.0,0,11,1,6,120.45664133497915,0.720006589263789,0.4253308793384088,0.720006589263789,0.279993410736211,3.654203235984425e-05,-8.725510212143581e-06,0.0036956616884674,True,0.279993410736211,0.720006589263789,0.4253308793384088,1,0,0,0.0,1,1,1,1,,0,1,1,0,1,0,0,-0.44001317852757804,0.4253308793384088,0.50965536,0.5754700979075469,0.5244802
2026-06-05 11:00:00,2026-06-05 11:25:00,-1,1321.95,1334.8,pivot,-12.849999999999907,0.1797025,-13.229702499999908,-416735.6287499971,1.0,2026-06-05,1322.45,1326.65,1316.8,0.0,1338.6,1339.15,1334.55,0.0,2026,0.0,0.0,0.0,0.0,0.0,0.0,0.0,0.0,0.0,0.0,0.0,0.0,0.0,0.0,0.0,1.0,2.0,2.0,0,11,4,6,155.01801849963033,0.5457937336947821,0.090456746196823,0.5457937336947821,0.4542062663052179,8.55621104492665e-05,6.132851468029858e-05,0.0035025481154415,True,0.4542062663052179,0.5457937336947821,0.090456746196823,1,0,0,0.0,1,1,1,1,,0,1,1,0,0,0,0,-0.09158746738956425,0.090456746196823,0.50914,0.5421227064916109,0.50653744
2026-06-05 11:25:00,2026-06-05 11:55:00,-1,1334.8,1323.2,pivot,11.599999999999907,0.17974,11.220259999999907,353438.1899999971,1.0,2026-06-05,1338.6,1339.15,1334.55,0.0,1321.25,1324.35,1319.6,0.0,2026,0.0,0.0,0.0,0.0,0.0,0.0,0.0,0.0,0.0,0.0,0.0,0.0,0.0,0.0,0.0,1.0,2.0,2.0,1,11,4,6,65.10753493128226,0.8469927339987823,0.8476134217505763,0.8469927339987823,0.1530072660012177,8.55621104492665e-05,6.132851468029858e-05,0.0035025481154415,True,0.1530072660012177,0.8469927339987823,0.8476134217505763,1,0,0,0.0,1,1,1,1,,0,1,1,0,0,0,0,-0.6939854679975646,0.8476134217505763,0.50914,0.5421227064916109,0.51607114
2026-06-05 11:55:00,2026-06-05 12:35:00,1,1323.2,1320.7,pivot,-2.5,0.179317,-2.8793170000000003,-90698.48550000001,1.0,2026-06-05,1321.25,1324.35,1319.6,0.0,1316.7,1320.8,1314.85,0.0,2026,0.0,0.0,0.0,0.0,0.0,0.0,0.0,0.0,0.0,0.0,0.0,0.0,0.0,0.0,0.0,1.0,1.0,2.0,0,11,4,6,110.4149679770022,0.259096685163644,-0.4817215503060531,0.259096685163644,0.740903314836356,8.55621104492665e-05,6.132851468029858e-05,0.0035025481154415,True,0.259096685163644,0.740903314836356,0.4817215503060531,1,0,0,0.0,1,1,1,1,,0,1,1,0,1,0,0,-0.481806629672712,0.4817215503060531,0.50914,0.508195137025124,0.5237441
2026-06-05 13:20:00,2026-06-05 13:40:00,-1,1303.8,1306.9,pivot,-3.1000000000001364,0.178321,-3.4783210000001357,-109567.11150000428,1.0,2026-06-05,1304.65,1305.95,1303.2,0.0,1303.05,1313.85,1301.55,0.0,2026,0.0,0.0,0.0,0.0,0.0,0.0,0.0,0.0,0.0,0.0,0.0,0.0,0.0,0.0,0.0,1.0,1.0,0.0,0,13,4,6,146.47543367919286,0.6103565404456398,0.2123622713033082,0.6103565404456398,0.3896434595543602,8.55621104492665e-05,6.132851468029858e-05,0.0035025481154415,True,0.3896434595543602,0.6103565404456398,0.2123622713033082,1,0,0,0.0,1,1,1,1,,0,1,0,1,1,0,0,-0.2207130808912796,0.2123622713033082,0.50965536,0.5189918327426457,0.53931785
2026-06-05 13:40:00,2026-06-05 13:45:00,1,1306.9,1303.0,pivot,-3.900000000000091,0.178297,-4.278297000000091,-134766.35550000286,1.0,2026-06-05,1303.05,1313.85,1301.55,0.0,1308.3,1309.65,1301.95,0.0,2026,0.0,0.0,0.0,0.0,0.0,0.0,0.0,0.0,0.0,0.0,0.0,0.0,0.0,0.0,0.0,1.0,1.0,0.0,0,13,4,6,62.14784667129389,0.1459940993775554,-0.87468536820467,0.1459940993775554,0.8540059006224446,1.361659843923194e-05,-2.257812518944779e-05,0.0035220599363639,True,0.1459940993775554,0.8540059006224446,0.87468536820467,1,0,0,0.0,1,1,1,1,,0,1,0,1,1,0,0,-0.7080118012448893,0.87468536820467,0.50965536,0.5189918327426457,0.5884888
2026-06-05 13:45:00,2026-06-05 14:20:00,-1,1303.0,1314.0,pivot,-11.0,0.17851,-11.37851,-358423.065,1.0,2026-06-05,1308.3,1309.65,1301.95,0.0,1317.6,1318.2,1314.0,0.0,2026,0.0,0.0,0.0,0.0,0.0,0.0,0.0,0.0,0.0,0.0,0.0,0.0,0.0,0.0,0.0,1.0,1.0,0.0,0,13,4,6,40.90850787999395,0.9025003983031216,1.148047546333094,0.9025003983031216,0.0974996016968784,1.361659843923194e-05,-2.257812518944779e-05,0.0035220599363639,True,0.0974996016968784,0.9025003983031216,1.148047546333094,1,0,0,0.0,1,1,1,1,,0,1,0,1,1,0,0,-0.8050007966062431,1.148047546333094,0.50965536,0.5189918327426457,0.6057226
2026-06-08 10:50:00,2026-06-08 10:55:00,1,1206.5,1214.15,pivot,7.650000000000091,0.1726195,7.277380500000091,229237.48575000287,1.0,2026-06-08,1214.05,1214.75,1202.35,0.0,1216.85,1219.8,1212.35,0.0,2026,0.0,0.0,0.0,0.0,0.0,0.0,0.0,0.0,0.0,0.0,0.0,0.0,0.0,0.0,0.0,1.0,1.0,2.0,1,10,0,6,15.50512611468174,0.9640914278166272,1.8364487037769617,0.9640914278166272,0.0359085721833728,1.361659843923194e-05,-2.257812518944779e-05,0.0035220599363639,True,0.9640914278166272,0.0359085721833728,-1.8364487037769617,1,0,0,0.0,1,1,1,1,,0,1,1,0,1,0,0,0.9281828556332543,1.8364487037769617,0.5173392,0.5373499828724052,0.60128266
2026-06-08 10:55:00,2026-06-08 11:20:00,1,1214.15,1219.0,pivot,4.849999999999909,0.1729945,4.477005499999909,141025.67324999714,1.0,2026-06-08,1216.85,1219.8,1212.35,0.0,1231.5,1231.75,1218.25,0.0,2026,0.0,0.0,0.0,0.0,0.0,0.0,0.0,0.0,0.0,0.0,0.0,0.0,0.0,0.0,0.0,1.0,1.0,2.0,1,10,0,6,89.91925354255751,0.7960820168050614,0.6604807193953567,0.7960820168050614,0.2039179831949386,1.361659843923194e-05,-2.257812518944779e-05,0.0035220599363639,True,0.7960820168050614,0.2039179831949386,-0.6604807193953567,1,0,0,0.0,1,1,1,1,,0,1,1,0,1,0,0,0.5921640336101228,0.6604807193953567,0.5173392,0.5373499828724052,0.5858849
2026-06-08 11:20:00,2026-06-08 11:55:00,-1,1219.0,1243.65,pivot,-24.65000000000009,0.1738795,-25.023879500000092,-788252.2042500029,1.0,2026-06-08,1231.5,1231.75,1218.25,0.0,1237.35,1246.65,1235.55,0.0,2026,0.0,0.0,0.0,0.0,0.0,0.0,0.0,0.0,0.0,0.0,0.0,0.0,0.0,0.0,0.0,1.0,2.0,2.0,0,11,0,6,1.5990734988643012,0.9932052258680112,2.937975402082152,0.9932052258680112,0.0067947741319887,1.361659843923194e-05,-2.257812518944779e-05,0.0035220599363639,True,0.0067947741319887,0.9932052258680112,2.937975402082152,1,0,0,0.0,1,1,1,1,,0,1,1,0,0,0,0,-0.9864104517360225,2.937975402082152,0.50914,0.5491819693897732,0.56828654
2026-06-08 11:55:00,2026-06-08 12:05:00,1,1243.65,1232.2,pivot,-11.450000000000044,0.1742755,-11.824275500000049,-372464.6782500015,1.0,2026-06-08,1237.35,1246.65,1235.55,0.0,1237.85,1241.5,1232.2,0.0,2026,0.0,0.0,0.0,0.0,0.0,0.0,0.0,0.0,0.0,0.0,0.0,0.0,0.0,0.0,0.0,1.0,2.0,2.0,0,11,0,6,26.28657293279558,0.0650472438269175,-1.424116901808632,0.0650472438269175,0.9349527561730824,1.361659843923194e-05,-2.257812518944779e-05,0.0035220599363639,True,0.0650472438269175,0.9349527561730824,1.424116901808632,1,0,0,0.0,1,1,1,1,,0,1,1,0,0,0,0,-0.8699055123461649,1.424116901808632,0.50914,0.5491819693897732,0.57199657
2026-06-08 12:05:00,2026-06-08 12:25:00,-1,1232.2,1238.85,pivot,-6.649999999999864,0.1741315,-7.024131499999863,-221260.1422499957,1.0,2026-06-08,1237.85,1241.5,1232.2,0.0,1236.9,1238.95,1234.0,0.0,2026,0.0,0.0,0.0,0.0,0.0,0.0,0.0,0.0,0.0,0.0,0.0,0.0,0.0,0.0,0.0,1.0,1.0,2.0,0,12,0,6,28.732511002805843,0.9299032267061168,1.374448187146128,0.9299032267061168,0.0700967732938833,1.361659843923194e-05,-2.257812518944779e-05,0.0035220599363639,True,0.0700967732938833,0.9299032267061168,1.374448187146128,1,0,0,0.0,1,1,1,1,,0,1,0,1,1,0,0,-0.8598064534122335,1.374448187146128,0.50914,0.5059815301303544,0.5931469
2026-06-08 12:25:00,2026-06-08 13:00:00,-1,1238.85,1234.8,pivot,4.0499999999999545,0.1742095,3.6757904999999544,115787.40074999856,1.0,2026-06-08,1236.9,1238.95,1234.0,0.0,1234.9,1239.15,1231.3,0.0,2026,0.0,0.0,0.0,0.0,0.0,0.0,0.0,0.0,0.0,0.0,0.0,0.0,0.0,0.0,0.0,1.0,1.0,2.0,1,12,0,6,115.20740406812538,0.2834396931022058,-0.4293912142947339,0.2834396931022058,0.7165603068977942,1.361659843923194e-05,-2.257812518944779e-05,0.0035220599363639,True,0.7165603068977942,0.2834396931022058,-0.4293912142947339,1,0,0,0.0,1,1,1,1,,0,1,0,1,1,0,0,0.43312061379558836,0.4293912142947339,0.50914,0.5059815301303544,0.57688916
2026-06-08 13:50:00,2026-06-08 14:20:00,-1,1218.3,1208.15,pivot,10.149999999999864,0.1727935,9.777206499999863,307982.0047499957,1.0,2026-06-08,1216.55,1224.45,1215.95,0.0,1212.65,1213.2,1207.55,0.0,2026,0.0,0.0,0.0,0.0,0.0,0.0,0.0,0.0,0.0,0.0,0.0,0.0,0.0,0.0,0.0,1.0,0.0,0.0,1,13,0,6,124.96786946267451,0.3149817960322211,-0.3551063024571088,0.3149817960322211,0.6850182039677788,1.361659843923194e-05,-2.257812518944779e-05,0.0035220599363639,True,0.6850182039677788,0.3149817960322211,-0.3551063024571088,1,0,0,0.0,1,1,1,1,,0,1,0,1,0,1,0,0.3700364079355577,0.3551063024571088,0.5425894,0.770594096297213,0.54926217
2026-06-08 14:20:00,2026-06-08 14:45:00,-1,1208.15,1193.6,pivot,14.550000000000182,0.1720525,14.177947500000183,446605.34625000576,1.0,2026-06-08,1212.65,1213.2,1207.55,0.0,1188.9,1194.05,1186.25,0.0,2026,0.0,0.0,0.0,0.0,0.0,0.0,0.0,0.0,0.0,0.0,0.0,0.0,0.0,0.0,0.0,1.0,1.0,0.0,1,14,0,6,48.58341433139765,0.8853279296858435,1.0384814473088673,0.8853279296858435,0.1146720703141565,1.361659843923194e-05,-2.257812518944779e-05,0.0035220599363639,True,0.1146720703141565,0.8853279296858435,1.0384814473088673,1,0,0,0.0,1,1,1,1,,0,1,0,1,1,0,0,-0.770655859371687,1.0384814473088673,0.50965536,0.518645878643201,0.5234592
2026-06-10 10:25:00,2026-06-10 10:30:00,1,1255.35,1257.3,pivot,1.9500000000000453,0.1753795,1.5746205000000455,49600.54575000143,1.0,2026-06-10,1257.15,1259.65,1252.6,0.0,1258.5,1258.95,1250.25,0.0,2026,0.0,0.0,0.0,0.0,0.0,0.0,0.0,0.0,0.0,0.0,0.0,0.0,0.0,0.0,0.0,1.0,1.0,1.0,1,10,2,6,115.6132021090898,0.7114289739364492,0.4358247398500184,0.7114289739364492,0.2885710260635508,4.887415470348049e-05,2.3419548109482183e-05,0.0035994912298808,True,0.7114289739364492,0.2885710260635508,-0.4358247398500184,1,0,0,0.0,1,1,1,1,,0,1,1,0,1,0,0,0.42285794787289843,0.4358247398500184,0.5075804,0.5142534869249903,0.5417068
2026-06-10 10:30:00,2026-06-10 12:00:00,-1,1257.3,1238.45,pivot,18.84999999999991,0.1748725,18.47512749999991,581966.5162499972,1.0,2026-06-10,1258.5,1258.95,1250.25,0.0,1242.55,1243.55,1238.15,0.0,2026,0.0,0.0,0.0,0.0,0.0,0.0,0.0,0.0,0.0,0.0,0.0,0.0,0.0,0.0,0.0,1.0,1.0,2.0,1,10,2,6,132.58355100431433,0.646986328638846,0.2916695019342709,0.646986328638846,0.353013671361154,4.887415470348049e-05,2.3419548109482183e-05,0.0035994912298808,True,0.353013671361154,0.646986328638846,0.2916695019342709,1,0,0,0.0,1,1,1,1,,0,1,1,0,1,0,0,-0.29397265727769195,0.2916695019342709,0.5173392,0.5381202909956546,0.5854688
2026-06-10 12:00:00,2026-06-10 13:35:00,1,1238.45,1210.3,pivot,-28.15000000000009,0.1734625,-28.523462500000093,-898489.0687500029,1.0,2026-06-10,1242.55,1243.55,1238.15,0.0,1206.65,1211.9,1204.8,0.0,2026,0.0,0.0,0.0,0.0,0.0,0.0,0.0,0.0,0.0,0.0,0.0,0.0,0.0,0.0,0.0,1.0,1.0,0.0,0,12,2,6,57.59903836850629,0.8594282934709897,0.922929384758715,0.8594282934709897,0.1405717065290103,4.887415470348049e-05,2.3419548109482183e-05,0.0035994912298808,True,0.8594282934709897,0.1405717065290103,-0.922929384758715,1,0,0,0.0,1,1,1,1,,0,1,0,1,1,0,0,0.7188565869419794,0.922929384758715,0.50965536,0.5356435457181504,0.60050786
2026-06-10 13:35:00,2026-06-10 14:30:00,1,1210.3,1214.95,pivot,4.650000000000091,0.1727575,4.277242500000091,134733.13875000286,1.0,2026-06-10,1206.65,1211.9,1204.8,0.0,1205.3,1215.7,1204.75,0.0,2026,0.0,0.0,0.0,0.0,0.0,0.0,0.0,0.0,0.0,0.0,0.0,0.0,0.0,0.0,0.0,1.0,0.0,0.0,1,13,2,6,66.21805333118934,0.1674185717957654,-0.8111739436723269,0.1674185717957654,0.8325814282042345,4.887415470348049e-05,2.3419548109482183e-05,0.0035994912298808,True,0.1674185717957654,0.8325814282042345,0.8111739436723269,1,0,0,0.0,1,1,1,1,,0,1,0,1,0,1,0,-0.6651628564084692,0.8111739436723269,0.5425894,0.7825921160981738,0.6237241
2026-06-10 14:30:00,2026-06-10 15:30:00,1,1214.95,1229.95,pivot,15.0,0.173347,14.626653,460739.5695,1.0,2026-06-10,1205.3,1215.7,1204.75,0.0,1231.4,1233.0,1229.85,0.0,2026,0.0,0.0,0.0,0.0,0.0,0.0,0.0,0.0,0.0,0.0,0.0,0.0,0.0,0.0,0.0,1.0,1.0,0.0,1,14,2,6,10.265256152458935,0.016769256415167,-2.221937520479288,0.016769256415167,0.983230743584833,4.887415470348049e-05,2.3419548109482183e-05,0.0035994912298808,True,0.016769256415167,0.983230743584833,2.221937520479288,1,0,0,0.0,1,1,1,1,,0,1,0,1,1,0,0,-0.966461487169666,2.221937520479288,0.50965536,0.5359255333824356,0.60580087
2026-06-11 10:25:00,2026-06-11 10:40:00,1,1226.65,1230.2,pivot,3.5499999999999545,0.1737055,3.1762944999999543,100053.27674999856,1.0,2026-06-11,1233.4,1235.0,1224.3,0.0,1230.35,1235.5,1227.0,0.0,2026,0.0,0.0,0.0,0.0,0.0,0.0,0.0,0.0,0.0,0.0,0.0,0.0,0.0,0.0,0.0,1.0,2.0,2.0,1,10,3,6,18.02627640170104,0.955303125027326,1.6993187954965754,0.955303125027326,0.044696874972674,4.887415470348049e-05,2.3419548109482183e-05,0.0035994912298808,True,0.955303125027326,0.044696874972674,-1.6993187954965754,1,0,0,0.0,1,1,1,1,,0,1,1,0,0,0,0,0.9106062500546519,1.6993187954965754,0.5173392,0.560478054402042,0.5927899
2026-06-11 10:40:00,2026-06-11 11:00:00,1,1230.2,1219.7,pivot,-10.5,0.173497,-10.873497,-342515.1555,1.0,2026-06-11,1230.35,1235.5,1227.0,0.0,1221.75,1224.4,1218.0,0.0,2026,0.0,0.0,0.0,0.0,0.0,0.0,0.0,0.0,0.0,0.0,0.0,0.0,0.0,0.0,0.0,1.0,2.0,2.0,0,10,3,6,148.8912202779802,0.5230376157403472,0.0499502013417445,0.5230376157403472,0.4769623842596527,4.887415470348049e-05,2.3419548109482183e-05,0.0035994912298808,True,0.5230376157403472,0.4769623842596527,-0.0499502013417445,1,0,0,0.0,1,1,1,1,,0,1,1,0,0,0,0,0.046075231480694534,0.0499502013417445,0.5173392,0.560478054402042,0.57670224
2026-06-11 11:00:00,2026-06-11 11:30:00,-1,1219.7,1203.05,pivot,16.65000000000009,0.1726825,16.27731750000009,512735.5012500028,1.0,2026-06-11,1221.75,1224.4,1218.0,0.0,1199.5,1207.45,1198.1,0.0,2026,0.0,0.0,0.0,0.0,0.0,0.0,0.0,0.0,0.0,0.0,0.0,0.0,0.0,0.0,0.0,1.0,1.0,2.0,1,11,3,6,108.03173512269623,0.7348890769063797,0.4942085597825784,0.7348890769063797,0.2651109230936203,4.887415470348049e-05,2.3419548109482183e-05,0.0035994912298808,True,0.2651109230936203,0.7348890769063797,0.4942085597825784,1,0,0,0.0,1,1,1,1,,0,1,1,0,1,0,0,-0.46977815381275945,0.4942085597825784,0.50914,0.5123001042481472,0.55503976
2026-06-11 11:30:00,2026-06-11 11:35:00,-1,1203.05,1199.4,pivot,3.649999999999864,0.1720735,3.277926499999864,103254.68474999572,1.0,2026-06-11,1199.5,1207.45,1198.1,0.0,1208.0,1209.0,1198.6,0.0,2026,0.0,0.0,0.0,0.0,0.0,0.0,0.0,0.0,0.0,0.0,0.0,0.0,0.0,0.0,0.0,1.0,0.0,1.0,1,11,3,6,64.12075911883832,0.1718875464880259,-0.7924922743217725,0.1718875464880259,0.828112453511974,5.329045957531772e-05,4.5024306527502594e-05,0.0037333587939254,True,0.828112453511974,0.1718875464880259,-0.7924922743217725,1,0,0,0.0,1,1,1,1,,0,1,1,0,0,1,0,0.6562249070239481,0.7924922743217725,0.5305238,0.7008030368062612,0.54443824
2026-06-11 11:35:00,2026-06-11 11:55:00,1,1199.4,1208.05,pivot,8.649999999999864,0.1722235,8.277776499999865,260749.95974999573,1.0,2026-06-11,1208.0,1209.0,1198.6,0.0,1213.45,1215.1,1207.85,0.0,2026,0.0,0.0,0.0,0.0,0.0,0.0,0.0,0.0,0.0,0.0,0.0,0.0,0.0,0.0,0.0,1.0,0.0,1.0,1,11,3,6,14.544708117792355,0.9642434783166868,1.8793457301505097,0.9642434783166868,0.0357565216833133,5.329045957531772e-05,4.5024306527502594e-05,0.0037333587939254,True,0.9642434783166868,0.0357565216833133,-1.8793457301505097,1,0,0,0.0,1,1,1,1,,0,1,1,0,0,1,0,0.9284869566333734,1.8793457301505097,0.5305238,0.7008030368062612,0.5055366
2026-06-12 14:40:00,2026-06-12 15:05:00,1,1321.25,1309.25,pivot,-12.0,0.178915,-12.378915000000001,-389935.8225,1.0,2026-06-12,1316.1,1328.75,1312.0,0.0,1309.35,1312.45,1302.25,0.0,2026,0.0,0.0,0.0,0.0,0.0,0.0,0.0,0.0,0.0,0.0,0.0,0.0,0.0,0.0,0.0,2.0,0.0,0.0,0,14,4,6,40.87481003246128,0.0989722827619467,-1.1890251059029369,0.0989722827619467,0.9010277172380532,8.77815560758234e-05,8.936551484344005e-05,0.0036143085911971,True,0.0989722827619467,0.9010277172380532,1.1890251059029369,1,0,0,0.0,1,1,1,1,,0,1,0,1,0,1,0,-0.8020554344761065,1.1890251059029369,0.5258985,0.7554231599484329,0.55645466
2026-06-12 15:05:00,2026-06-12 15:10:00,-1,1309.25,1309.15,pivot,0.099999999999909,0.178552,-0.27855200000009095,-8774.388000002866,1.0,2026-06-12,1309.35,1312.45,1302.25,0.0,1312.85,1314.4,1308.55,0.0,2026,0.0,0.0,0.0,0.0,0.0,0.0,0.0,0.0,0.0,0.0,0.0,0.0,0.0,0.0,0.0,2.0,0.0,0.0,0,15,4,6,146.22262771343594,0.5605221192742013,0.112659797279534,0.5605221192742013,0.4394778807257987,8.77815560758234e-05,8.936551484344005e-05,0.0036143085911971,True,0.4394778807257987,0.5605221192742013,0.112659797279534,1,0,0,0.0,1,1,1,1,,0,1,0,0,0,1,0,-0.12104423854840257,0.112659797279534,0.5258985,0.77206009546492,0.51824653
2026-06-19 10:40:00,2026-06-19 10:45:00,-1,1527.3,1526.95,pivot,0.349999999999909,0.1916275,-0.04162750000009093,-1311.2662500028644,1.0,2026-06-19,1526.9,1527.5,1522.15,0.0,1528.55,1529.15,1525.35,0.0,2026,0.0,0.0,0.0,0.0,0.0,0.0,0.0,0.0,0.0,0.0,0.0,0.0,0.0,0.0,0.0,1.0,1.0,1.0,0,10,4,6,137.19854960503417,0.4445402940568014,-0.0927970033302743,0.4445402940568014,0.5554597059431985,0.0001019228171015,4.631728467518394e-05,0.0036745652785201,True,0.5554597059431985,0.4445402940568014,-0.0927970033302743,1,0,0,0.0,1,1,1,1,,0,1,1,0,1,0,0,0.11091941188639709,0.0927970033302743,0.5075804,0.5046910494460957,0.5363934
2026-06-19 10:45:00,2026-06-19 11:15:00,-1,1526.95,1515.3,pivot,11.650000000000093,0.1912675,11.258732500000088,354650.0737500028,1.0,2026-06-19,1528.55,1529.15,1525.35,0.0,1507.6,1516.2,1507.25,0.0,2026,0.0,0.0,0.0,0.0,0.0,0.0,0.0,0.0,0.0,0.0,0.0,0.0,0.0,0.0,0.0,1.0,1.0,1.0,1,10,4,6,132.84060079540126,0.6362507196141012,0.2813176668092327,0.6362507196141012,0.3637492803858988,0.0001019228171015,4.631728467518394e-05,0.0036745652785201,True,0.3637492803858988,0.6362507196141012,0.2813176668092327,1,0,0,0.0,1,1,1,1,,0,1,1,0,1,0,0,-0.27250143922820236,0.2813176668092327,0.5075804,0.5046910494460957,0.5513214
2026-06-19 11:15:00,2026-06-19 11:55:00,1,1515.3,1521.4,pivot,6.100000000000136,0.191101,5.7088990000001365,179830.3185000043,1.0,2026-06-19,1507.6,1516.2,1507.25,0.0,1517.35,1522.7,1517.0,0.0,2026,0.0,0.0,0.0,0.0,0.0,0.0,0.0,0.0,0.0,0.0,0.0,0.0,0.0,0.0,0.0,1.0,0.0,0.0,1,11,4,6,29.68789426378133,0.0715174722232594,-1.407995194966481,0.0715174722232594,0.9284825277767406,0.0001019228171015,4.631728467518394e-05,0.0036745652785201,True,0.0715174722232594,0.9284825277767406,1.407995194966481,1,0,0,0.0,1,1,1,1,,0,1,1,0,0,1,0,-0.8569650555534811,1.407995194966481,0.5258985,0.7696948210962681,0.5600033
2026-06-19 12:05:00,2026-06-19 12:30:00,-1,1515.8,1486.6,pivot,29.200000000000045,0.190072,28.809928000000042,907512.7320000014,1.0,2026-06-19,1513.95,1518.0,1513.0,0.0,1472.35,1487.05,1472.0,0.0,2026,0.0,0.0,0.0,0.0,0.0,0.0,0.0,0.0,0.0,0.0,0.0,0.0,0.0,0.0,0.0,1.0,1.0,0.0,1,12,4,6,108.51480164053102,0.2889562125650072,-0.4285711680833585,0.2889562125650072,0.7110437874349927,0.0001693783683983,0.0001149422997234,0.0035794779222822,True,0.7110437874349927,0.2889562125650072,-0.4285711680833585,1,0,0,0.0,1,1,1,1,,0,1,0,1,1,0,0,0.42208757486998555,0.4285711680833585,0.50965536,0.5189918327426457,0.5564695
2026-06-19 12:30:00,2026-06-19 12:50:00,-1,1486.6,1471.95,pivot,14.649999999999864,0.1887565,14.261243499999864,449229.1702499957,1.0,2026-06-19,1472.35,1487.05,1472.0,0.0,1466.4,1478.8,1465.0,0.0,2026,0.0,0.0,0.0,0.0,0.0,0.0,0.0,0.0,0.0,0.0,0.0,0.0,0.0,0.0,0.0,1.0,0.0,0.0,1,12,4,6,2.178621013958475,0.0047354383586439,-2.7417621696180947,0.0047354383586439,0.995264561641356,0.0001693783683983,0.0001149422997234,0.0035794779222822,True,0.995264561641356,0.0047354383586439,-2.7417621696180947,1,0,0,0.0,1,1,1,1,,0,1,0,1,0,1,0,0.9905291232827121,2.7417621696180947,0.5258985,0.7709621513619858,0.5458571
2026-06-19 12:50:00,2026-06-19 13:00:00,1,1471.95,1462.4,pivot,-9.549999999999956,0.1880305,-9.938030499999954,-313047.9607499986,1.0,2026-06-19,1466.4,1478.8,1465.0,0.0,1451.95,1467.4,1451.25,0.0,2026,0.0,0.0,0.0,0.0,0.0,0.0,0.0,0.0,0.0,0.0,0.0,0.0,0.0,0.0,0.0,1.0,0.0,0.0,0,12,4,6,53.608786109646445,0.1329921234295871,-0.98306327034102,0.1329921234295871,0.8670078765704128,0.0001693783683983,0.0001149422997234,0.0035794779222822,True,0.1329921234295871,0.8670078765704128,0.98306327034102,1,0,0,0.0,1,1,1,1,,0,1,0,1,0,1,0,-0.7340157531408257,0.98306327034102,0.5258985,0.7709621513619858,0.5034646
