entry_time,exit_time,direction,entry_px,exit_px,exit_reason,gross_pts,cost_pts,net_pts,net_krw,size_factor,exit_date,entry_close,entry_high,entry_low,entry_volume,exit_close,exit_high,exit_low,exit_volume,year,entry_rsi,entry_macd,entry_macd_signal,entry_macd_hist,entry_atr,entry_supertrend,entry_supertrend_dir,entry_ma5,entry_ma10,entry_ma20,entry_ma60,entry_bb_upper,entry_bb_lower,entry_bb_middle,atr_normalized,volatility_regime,trend_regime,momentum_regime,is_win,entry_hour,entry_dayofweek,entry_month,ret_log_5m_kde_pdf,ret_log_5m_kde_cdf,ret_log_5m_kde_zscore,ret_log_5m_kde_left_tail,ret_log_5m_kde_right_tail,ret_log_5m_kde_median,ret_log_5m_kde_mean,ret_log_5m_kde_std,ret_log_5m_kde_ready,ret_log_15m_kde_pdf,ret_log_15m_kde_cdf,ret_log_15m_kde_zscore,ret_log_15m_kde_left_tail,ret_log_15m_kde_right_tail,ret_log_15m_kde_median,ret_log_15m_kde_mean,ret_log_15m_kde_std,ret_log_15m_kde_ready,ret_log_30m_kde_pdf,ret_log_30m_kde_cdf,ret_log_30m_kde_zscore,ret_log_30m_kde_left_tail,ret_log_30m_kde_right_tail,ret_log_30m_kde_median,ret_log_30m_kde_mean,ret_log_30m_kde_std,ret_log_30m_kde_ready,ret_log_60m_kde_pdf,ret_log_60m_kde_cdf,ret_log_60m_kde_zscore,ret_log_60m_kde_left_tail,ret_log_60m_kde_right_tail,ret_log_60m_kde_median,ret_log_60m_kde_mean,ret_log_60m_kde_std,ret_log_60m_kde_ready,kde_aligned_tail_5m,kde_opposite_tail_5m,kde_aligned_zscore_5m,kde_aligned_tail_15m,kde_opposite_tail_15m,kde_aligned_zscore_15m,kde_aligned_tail_30m,kde_opposite_tail_30m,kde_aligned_zscore_30m,kde_aligned_tail_60m,kde_opposite_tail_60m,kde_aligned_zscore_60m,rsi_oversold,rsi_overbought,macd_bullish,macd_strength,price_above_ma20,price_above_ma60,price_above_ma5,price_above_ma10,bb_position,bb_lower_touch,price_above_st,is_morning,is_afternoon,is_bull,is_neutral,is_bear,price_ma20_ratio,price_ma60_ratio,bb_width,atr_ratio,rsi_macd_interaction,rsi_bb_interaction,kde_tail_spread_5m,kde_zscore_abs_5m,kde_tail_spread_15m,kde_zscore_abs_15m,kde_tail_spread_30m,kde_zscore_abs_30m,kde_tail_spread_60m,kde_zscore_abs_60m,filter_score,entry_score,exit_score
2025-02-10 13:15:00,2025-02-10 15:45:00,1,332.65,332.4,eod,-0.25,0.1199515,-0.5699514999999999,-17953.47225,1.0,2025-02-10,332.75,332.8,332.5,0.0,332.4,332.4,332.4,0.0,2025,0.0,0.0,0.0,0.0,0.0,0.0,0.0,0.0,0.0,0.0,0.0,0.0,0.0,0.0,0.0,1.0,1.0,1.0,0,13,0,2,479.750737363826,0.7217374805708257,0.434404180675371,0.7217374805708257,0.2782625194291743,6.790937286111221e-05,9.225856301516088e-05,0.0008261964366086,True,144.54535366337345,0.8510676985715007,0.8235944998567514,0.8510676985715007,0.1489323014284993,0.0002052288846598,0.0003198920617356,0.0014385388466993,True,166.6245694916084,0.7709820413130418,0.5148927238485275,0.7709820413130418,0.2290179586869581,0.0003328439252282,0.0005614067834259,0.0018319504560702,True,185.7308981869552,0.3623942895598384,-0.4142587701515193,0.3623942895598384,0.6376057104401616,0.0005711378828457,0.0008146104168606,0.0023293470525798,True,0.7217374805708257,0.2782625194291743,-0.434404180675371,0.8510676985715007,0.1489323014284993,-0.8235944998567514,0.7709820413130418,0.2290179586869581,-0.5148927238485275,0.3623942895598384,0.6376057104401616,0.4142587701515193,1,0,0,0.0,1,1,1,1,,0,1,0,1,1,0,0,1.0,1.0,0.0,0.0,0.0,,0.44347496114165136,0.434404180675371,0.7021353971430013,0.8235944998567514,0.5419640826260838,0.5148927238485275,-0.2752114208803232,0.4142587701515193,0.50485176,0.5439413238303942,0.45669344
2025-02-11 14:30:00,2025-02-11 15:45:00,1,335.8,335.65,eod,-0.1500000000000341,0.1201435,-0.4701435000000342,-14809.520250001076,1.0,2025-02-11,335.8,335.9,335.65,0.0,335.65,335.65,335.65,0.0,2025,0.0,0.0,0.0,0.0,0.0,0.0,0.0,0.0,0.0,0.0,0.0,0.0,0.0,0.0,0.0,1.0,1.0,1.0,0,14,1,2,239.26142084809328,0.1235026794480694,-1.0113662874859382,0.1235026794480694,0.8764973205519306,6.790937286111221e-05,9.225856301516088e-05,0.0008261964366086,True,349.79853360108353,0.5323616117419416,-0.0155754002278129,0.5323616117419416,0.4676383882580583,0.0002052288846598,0.0003198920617356,0.0014385388466993,True,269.40622515481067,0.3673127275745943,-0.3876287825397714,0.3673127275745943,0.6326872724254057,0.0003328439252282,0.0005614067834259,0.0018319504560702,True,96.985889767497,0.0984457910481996,-1.1789212972678007,0.0984457910481996,0.9015542089518004,0.0005711378828457,0.0008146104168606,0.0023293470525798,True,0.1235026794480694,0.8764973205519306,1.0113662874859382,0.5323616117419416,0.4676383882580583,0.0155754002278129,0.3673127275745943,0.6326872724254057,0.3876287825397714,0.0984457910481996,0.9015542089518004,1.1789212972678007,1,0,0,0.0,1,1,1,1,,0,1,0,1,1,0,0,1.0,1.0,0.0,0.0,0.0,,-0.7529946411038613,1.0113662874859382,0.06472322348388332,0.0155754002278129,-0.26537454485081136,0.3876287825397714,-0.8031084179036008,1.1789212972678007,0.5045998,0.5950028873498,0.4558942
2025-02-12 12:50:00,2025-02-12 15:45:00,1,335.65,336.35,eod,0.7000000000000455,0.12016,0.3798400000000455,11964.960000001432,1.0,2025-02-12,335.65,335.8,335.5,0.0,336.35,336.35,336.35,0.0,2025,0.0,0.0,0.0,0.0,0.0,0.0,0.0,0.0,0.0,0.0,0.0,0.0,0.0,0.0,0.0,1.0,1.0,1.0,1,12,2,2,302.3283967567594,0.8328671927039984,0.7892692662683551,0.8328671927039984,0.1671328072960015,6.536053272449407e-05,9.266582956029934e-05,0.0008263506383996,True,122.3682584781888,0.8800993118626212,0.9857642756860752,0.8800993118626212,0.1199006881373787,0.0001675581475539,0.0002803254419094,0.0013787691307473,True,240.3240766487494,0.6449108250542788,0.2048630566350201,0.6449108250542788,0.3550891749457212,0.000333661719352,0.0005275849096077,0.0017882017912819,True,190.86150940994276,0.3882132147317713,-0.3648190855540147,0.3882132147317713,0.6117867852682287,0.0005808883812707,0.0008312547580927,0.0022785396680395,True,0.8328671927039984,0.1671328072960015,-0.7892692662683551,0.8800993118626212,0.1199006881373787,-0.9857642756860752,0.6449108250542788,0.3550891749457212,-0.2048630566350201,0.3882132147317713,0.6117867852682287,0.3648190855540147,1,0,0,0.0,1,1,1,1,,0,1,0,1,1,0,0,1.0,1.0,0.0,0.0,0.0,,0.6657343854079969,0.7892692662683551,0.7601986237252425,0.9857642756860752,0.2898216501085576,0.2048630566350201,-0.22357357053645743,0.3648190855540147,0.5219876,0.5668398919157837,0.48958218
2025-02-13 11:15:00,2025-02-13 15:45:00,1,338.75,339.35,eod,0.6000000000000227,0.120343,0.27965700000002275,8809.195500000716,1.0,2025-02-13,338.6,338.8,338.5,0.0,339.35,339.35,339.35,0.0,2025,0.0,0.0,0.0,0.0,0.0,0.0,0.0,0.0,0.0,0.0,0.0,0.0,0.0,0.0,0.0,1.0,1.0,1.0,1,11,3,2,117.67662772156456,0.0535465841878827,-1.4594843939388,0.0535465841878827,0.9464534158121172,4.7637196971536776e-05,8.613716866098018e-05,0.0009688768480251,True,178.75205873779683,0.172628906169302,-0.8116638943894925,0.172628906169302,0.827371093830698,0.0001256112212241,0.0002768528023854,0.0017954676577306,True,197.11351143250164,0.545344400129303,-0.0070762838385779,0.545344400129303,0.454655599870697,0.000363338253675,0.000609447118462,0.0026415577148398,True,125.29047502403286,0.5562635334421785,-0.032805445391983,0.5562635334421785,0.4437364665578215,0.0008937346176084,0.0014519927473708,0.0037281478570629,True,0.0535465841878827,0.9464534158121172,1.4594843939388,0.172628906169302,0.827371093830698,0.8116638943894925,0.545344400129303,0.454655599870697,0.0070762838385779,0.5562635334421785,0.4437364665578215,0.032805445391983,1,0,0,0.0,1,1,1,1,,0,1,1,0,1,0,0,1.0,1.0,0.0,0.0,0.0,,-0.8929068316242345,1.4594843939388,-0.6547421876613959,0.8116638943894925,0.09068880025860598,0.0070762838385779,0.11252706688435699,0.032805445391983,0.53827775,0.5050163084051683,0.5260352
2025-02-21 08:45:00,2025-02-21 10:45:00,1,352.2,349.45,pivot,-2.75,0.1210495,-3.0710495,-96738.05925,1.0,2025-02-21,352.0,352.25,351.6,0.0,349.55,349.75,349.3,0.0,2025,0.0,0.0,0.0,0.0,0.0,0.0,0.0,0.0,0.0,0.0,0.0,0.0,0.0,0.0,0.0,1.0,1.0,1.0,0,8,4,2,548.0585516359141,0.5463744736047391,0.1246106313823089,0.5463744736047391,0.4536255263952609,-8.369571350786312e-05,-0.0001068695096816,0.0008576275434615,True,174.09125816844008,0.859053201244217,1.02424261208472,0.859053201244217,0.1409467987557829,-0.0003374287154707,-0.0003907253822775,0.001356346333843,True,37.28966689618988,0.967561310947406,1.7937439726097308,0.967561310947406,0.032438689052594,-0.0006844234460497,-0.0007934807274605,0.0017952097572776,True,109.19763873298204,0.866304271765668,1.0399081071762637,0.866304271765668,0.1336957282343319,-0.0013972931701146,-0.0015185215595753,0.0022832013973989,True,0.5463744736047391,0.4536255263952609,-0.1246106313823089,0.859053201244217,0.1409467987557829,-1.02424261208472,0.967561310947406,0.032438689052594,-1.7937439726097308,0.866304271765668,0.1336957282343319,-1.0399081071762637,1,0,0,0.0,1,1,1,1,,0,1,0,0,1,0,0,1.0,1.0,0.0,0.0,0.0,,0.09274894720947824,0.1246106313823089,0.7181064024884342,1.02424261208472,0.9351226218948121,1.7937439726097308,0.7326085435313361,1.0399081071762637,0.5302401,0.5504796489698441,0.51247513
2025-02-25 10:55:00,2025-02-25 11:25:00,1,347.05,346.5,pivot,-0.5500000000000114,0.1208065,-0.8708065000000115,-27430.40475000036,1.0,2025-02-25,347.2,347.25,347.0,0.0,346.5,346.55,346.25,0.0,2025,0.0,0.0,0.0,0.0,0.0,0.0,0.0,0.0,0.0,0.0,0.0,0.0,0.0,0.0,0.0,1.0,1.0,1.0,0,10,1,2,114.57425089290273,0.0755905672001558,-1.2614593081837857,0.0755905672001558,0.9244094327998442,2.887072550906776e-05,1.1796138069899264e-05,0.0011507951042413,True,208.45802950935936,0.3726242347952219,-0.2352343705771229,0.3726242347952219,0.6273757652047781,0.0001229507341896,3.449354419482612e-05,0.0019838801424852,True,136.06979836198482,0.7666637091149133,0.6645851058722582,0.7666637091149133,0.2333362908850866,0.0001472640155891,-6.164754842353239e-05,0.0029140030517638,True,96.1070461331401,0.758872272957482,0.6743683566891301,0.758872272957482,0.2411277270425179,7.94349834437636e-05,-0.000244797758491,0.0039998474936737,True,0.0755905672001558,0.9244094327998442,1.2614593081837857,0.3726242347952219,0.6273757652047781,0.2352343705771229,0.7666637091149133,0.2333362908850866,-0.6645851058722582,0.758872272957482,0.2411277270425179,-0.6743683566891301,1,0,0,0.0,1,1,1,1,,0,1,1,0,1,0,0,1.0,1.0,0.0,0.0,0.0,,-0.8488188655996884,1.2614593081837857,-0.2547515304095562,0.2352343705771229,0.5333274182298268,0.6645851058722582,0.5177445459149641,0.6743683566891301,0.54113734,0.5257402519035151,0.5281166
2025-02-27 10:55:00,2025-02-27 11:45:00,-1,346.25,346.1,pivot,0.1499999999999772,0.1207705,-0.17077050000002275,-5379.270750000716,1.0,2025-02-27,345.9,346.35,345.85,0.0,345.75,346.15,345.65,0.0,2025,0.0,0.0,0.0,0.0,0.0,0.0,0.0,0.0,0.0,0.0,0.0,0.0,0.0,0.0,0.0,1.0,1.0,1.0,0,10,3,2,362.8490588425962,0.2636090174735243,-0.5152252575044316,0.2636090174735243,0.7363909825264757,-4.90022247499076e-05,-5.828769579840832e-05,0.0010078043395772,True,31.20820975649317,0.0381272442089002,-1.691348143977644,0.0381272442089002,0.9618727557910998,-0.0001915519060097,-0.0001845069706981,0.0017665257433012,True,41.43248500469312,0.0645286782445218,-1.4056171499229213,0.0645286782445218,0.9354713217554782,-0.0004062718073549,-0.0004256081127753,0.0023636693321113,True,83.20589735216609,0.1742278326245996,-0.7715912022954847,0.1742278326245996,0.8257721673754004,-0.0007545322794351,-0.0009463819830182,0.0030714352453896,True,0.7363909825264757,0.2636090174735243,-0.5152252575044316,0.9618727557910998,0.0381272442089002,-1.691348143977644,0.9354713217554782,0.0645286782445218,-1.4056171499229213,0.8257721673754004,0.1742278326245996,-0.7715912022954847,1,0,0,0.0,1,1,1,1,,0,1,1,0,1,0,0,1.0,1.0,0.0,0.0,0.0,,0.47278196505295145,0.5152252575044316,0.9237455115821995,1.691348143977644,0.8709426435109564,1.4056171499229213,0.6515443347508008,0.7715912022954847,0.50572526,0.5151769374114239,0.53926647
2025-02-27 13:00:00,2025-02-27 15:25:00,-1,345.1,346.45,pivot,-1.349999999999966,0.1207465,-1.670746499999966,-52628.514749998925,1.0,2025-02-27,345.1,345.2,344.9,0.0,346.75,346.8,346.35,0.0,2025,0.0,0.0,0.0,0.0,0.0,0.0,0.0,0.0,0.0,0.0,0.0,0.0,0.0,0.0,0.0,1.0,1.0,1.0,0,13,3,2,315.27462268767624,0.2141560655880012,-0.6617439254641199,0.2141560655880012,0.7858439344119987,-5.666493436411928e-05,-6.647152069385944e-05,0.0009929296404816,True,229.0599092697966,0.2760121329927812,-0.4911418699590409,0.2760121329927812,0.7239878670072187,-0.0001868723800554,-0.0001893601922069,0.0016765922240577,True,223.8782734949584,0.4584823237446409,-0.0716916063099293,0.4584823237446409,0.5415176762553591,-0.0003952665677132,-0.000416533391767,0.0022643909644547,True,158.1186075075367,0.4826357090226694,0.0285523156484602,0.4826357090226694,0.5173642909773306,-0.0007592270855687,-0.0009558620727054,0.0030708842947922,True,0.7858439344119987,0.2141560655880012,-0.6617439254641199,0.7239878670072187,0.2760121329927812,-0.4911418699590409,0.5415176762553591,0.4584823237446409,-0.0716916063099293,0.5173642909773306,0.4826357090226694,0.0285523156484602,1,0,0,0.0,1,1,1,1,,0,1,0,1,1,0,0,1.0,1.0,0.0,0.0,0.0,,0.5716878688239975,0.6617439254641199,0.4479757340144375,0.4911418699590409,0.0830353525107182,0.0716916063099293,0.03472858195466122,0.0285523156484602,0.5148464,0.5224210805458198,0.5227903
2025-02-28 08:45:00,2025-02-28 10:35:00,1,342.0,336.8,pivot,-5.199999999999989,0.120364,-5.520363999999989,-173891.46599999967,1.0,2025-02-28,340.5,342.05,340.2,0.0,337.2,337.35,336.7,0.0,2025,0.0,0.0,0.0,0.0,0.0,0.0,0.0,0.0,0.0,0.0,0.0,0.0,0.0,0.0,0.0,2.0,0.0,0.0,0,8,4,2,511.8626039845019,0.7146702452374053,0.4405894791912673,0.7146702452374053,0.2853297547625947,7.217950336864375e-05,9.056950689634588e-05,0.000777054798144,True,384.7881529794551,0.5432747368854967,0.008130811150589,0.5432747368854967,0.4567252631145033,0.0001765281361854,0.0002777819367929,0.0013305380742673,True,99.50817799612064,0.8716162061446368,0.914705995952583,0.8716162061446368,0.1283837938553632,0.0002767775766378,0.0004657376408654,0.0017013288241472,True,87.07731414148833,0.8749228544774934,1.0150685383618534,0.8749228544774934,0.1250771455225066,0.0004885567090799,0.0007156861421007,0.0021417979203634,True,0.7146702452374053,0.2853297547625947,-0.4405894791912673,0.5432747368854967,0.4567252631145033,-0.008130811150589,0.8716162061446368,0.1283837938553632,-0.914705995952583,0.8749228544774934,0.1250771455225066,-1.0150685383618534,1,0,0,0.0,1,1,1,1,,0,1,0,0,0,1,0,1.0,1.0,0.0,0.0,0.0,,0.4293404904748106,0.4405894791912673,0.08654947377099337,0.008130811150589,0.7432324122892735,0.914705995952583,0.7498457089549868,1.0150685383618534,0.55750823,0.6378300778556582,0.54463756
2025-02-28 10:35:00,2025-02-28 10:50:00,-1,336.8,337.15,pivot,-0.3499999999999659,0.1202185,-0.670218499999966,-21111.882749998927,1.0,2025-02-28,337.2,337.35,336.7,0.0,337.1,337.25,336.95,0.0,2025,0.0,0.0,0.0,0.0,0.0,0.0,0.0,0.0,0.0,0.0,0.0,0.0,0.0,0.0,0.0,1.0,1.0,0.0,0,10,4,2,56.92367615317366,0.0468322742519691,-1.7232272256417045,0.0468322742519691,0.9531677257480308,-5.666493436411928e-05,-6.647152069385944e-05,0.0009929296404816,True,33.72266481180078,0.0373588103764265,-1.7411630954159008,0.0373588103764265,0.9626411896235736,-0.0001868723800554,-0.0001893601922069,0.0016765922240577,True,72.37911599674719,0.1063877572342771,-1.1235862583817464,0.1063877572342771,0.8936122427657228,-0.0003952665677132,-0.000416533391767,0.0022643909644547,True,20.02733350366041,0.0473791919835031,-1.7101477897108464,0.0473791919835031,0.9526208080164968,-0.0007592270855687,-0.0009558620727054,0.0030708842947922,True,0.9531677257480308,0.0468322742519691,-1.7232272256417045,0.9626411896235736,0.0373588103764265,-1.7411630954159008,0.8936122427657228,0.1063877572342771,-1.1235862583817464,0.9526208080164968,0.0473791919835031,-1.7101477897108464,1,0,0,0.0,1,1,1,1,,0,1,1,0,1,0,0,1.0,1.0,0.0,0.0,0.0,,0.9063354514960617,1.7232272256417045,0.9252823792471471,1.7411630954159008,0.7872244855314458,1.1235862583817464,0.9052416160329937,1.7101477897108464,0.54195595,0.551632497521098,0.5326195
2025-02-28 10:50:00,2025-02-28 13:25:00,-1,337.15,335.9,pivot,1.25,0.1201915,0.9298085000000001,29288.967750000003,1.0,2025-02-28,337.1,337.25,336.95,0.0,335.8,336.0,335.6,0.0,2025,0.0,0.0,0.0,0.0,0.0,0.0,0.0,0.0,0.0,0.0,0.0,0.0,0.0,0.0,0.0,1.0,1.0,1.0,1,10,4,2,158.67039915862802,0.1045528171427934,-1.1284507916304014,0.1045528171427934,0.8954471828572066,-5.666493436411928e-05,-6.647152069385944e-05,0.0009929296404816,True,183.1349189269298,0.2090152068806804,-0.6834413944217149,0.2090152068806804,0.7909847931193196,-0.0001868723800554,-0.0001893601922069,0.0016765922240577,True,26.32540420886652,0.0386467166026745,-1.778517972356359,0.0386467166026745,0.9613532833973256,-0.0003952665677132,-0.000416533391767,0.0022643909644547,True,22.36364915951019,0.0534996475766964,-1.6167389782291033,0.0534996475766964,0.9465003524233035,-0.0007592270855687,-0.0009558620727054,0.0030708842947922,True,0.8954471828572066,0.1045528171427934,-1.1284507916304014,0.7909847931193196,0.2090152068806804,-0.6834413944217149,0.9613532833973256,0.0386467166026745,-1.778517972356359,0.9465003524233035,0.0534996475766964,-1.6167389782291033,1,0,0,0.0,1,1,1,1,,0,1,1,0,1,0,0,1.0,1.0,0.0,0.0,0.0,,0.7908943657144132,1.1284507916304014,0.5819695862386391,0.6834413944217149,0.9227065667946511,1.778517972356359,0.8930007048466071,1.6167389782291033,0.5040573,0.5576921957464785,0.49553335
2025-02-28 14:05:00,2025-02-28 14:55:00,-1,334.6,334.55,pivot,0.0500000000000113,0.1200745,-0.27007449999998867,-8507.346749999642,1.0,2025-02-28,334.35,334.7,334.3,0.0,334.0,334.55,333.95,0.0,2025,0.0,0.0,0.0,0.0,0.0,0.0,0.0,0.0,0.0,0.0,0.0,0.0,0.0,0.0,0.0,1.0,1.0,1.0,0,14,4,2,39.2253426472475,0.029197783404013,-1.9978819988195304,0.029197783404013,0.970802216595987,-6.888423385082809e-05,-7.239589986454695e-05,0.0008602356675984,True,18.98403267724261,0.0224322804334307,-2.0324868503946485,0.0224322804334307,0.9775677195665692,-0.0002681745947979,-0.0002917653932035,0.0013975302188602,True,45.88373491155741,0.0574252391193653,-1.6200756954570217,0.0574252391193653,0.9425747608806349,-0.0005171083137575,-0.0005808817895286,0.001666745970082,True,161.5416757891243,0.7587825365981304,0.6755015711235949,0.7587825365981304,0.2412174634018695,-0.0011850209359732,-0.0012314875133873,0.002044238300912,True,0.970802216595987,0.029197783404013,-1.9978819988195304,0.9775677195665692,0.0224322804334307,-2.0324868503946485,0.9425747608806349,0.0574252391193653,-1.6200756954570217,0.2412174634018695,0.7587825365981304,0.6755015711235949,1,0,0,0.0,1,1,1,1,,0,1,0,1,1,0,0,1.0,1.0,0.0,0.0,0.0,,0.941604433191974,1.9978819988195304,0.9551354391331385,2.0324868503946485,0.8851495217612696,1.6200756954570217,-0.5175650731962609,0.6755015711235949,0.51249844,0.5853397622993272,0.46902397
2025-03-05 08:45:00,2025-03-05 10:30:00,-1,335.5,334.9,pivot,0.6000000000000227,0.120112,0.27988800000002273,8816.472000000716,1.0,2025-03-05,335.9,336.2,335.0,0.0,334.25,335.1,333.55,0.0,2025,0.0,0.0,0.0,0.0,0.0,0.0,0.0,0.0,0.0,0.0,0.0,0.0,0.0,0.0,0.0,1.0,1.0,1.0,1,8,2,3,464.6084222956434,0.2896436519413277,-0.4565592197537992,0.2896436519413277,0.7103563480586723,-5.6692586658141485e-05,-5.3431583143199145e-05,0.0008692187851774,True,173.03578535193304,0.1617204176930695,-0.8498990679022569,0.1617204176930695,0.8382795823069304,-0.0002374276024805,-0.0002553262741036,0.0014646727702676,True,100.21819739583434,0.1208714632048233,-1.096299124454171,0.1208714632048233,0.8791285367951767,-0.0004703442837489,-0.0005499159970027,0.0016868073744082,True,194.09574709401264,0.3807459663394412,-0.2947070972899972,0.3807459663394412,0.6192540336605588,-0.0010627821443962,-0.0010750051275585,0.0019512136054155,True,0.7103563480586723,0.2896436519413277,-0.4565592197537992,0.8382795823069304,0.1617204176930695,-0.8498990679022569,0.8791285367951767,0.1208714632048233,-1.096299124454171,0.6192540336605588,0.3807459663394412,-0.2947070972899972,1,0,0,0.0,1,1,1,1,,0,1,0,0,1,0,0,1.0,1.0,0.0,0.0,0.0,,0.42071269611734463,0.4565592197537992,0.6765591646138609,0.8498990679022569,0.7582570735903533,1.096299124454171,0.23850806732111757,0.2947070972899972,0.5098085,0.6368729269318897,0.4783601
2025-03-05 10:30:00,2025-03-05 10:35:00,1,334.9,334.25,pivot,-0.6499999999999773,0.1200745,-0.9700744999999773,-30557.346749999284,1.0,2025-03-05,334.25,335.1,333.55,0.0,334.3,334.6,334.2,0.0,2025,0.0,0.0,0.0,0.0,0.0,0.0,0.0,0.0,0.0,0.0,0.0,0.0,0.0,0.0,0.0,1.0,1.0,1.0,0,10,2,3,447.0518609049421,0.6915926598566793,0.3637655719324075,0.6915926598566793,0.3084073401433207,6.107678990504606e-05,0.0001047598494178,0.0009433781424544,True,295.40324976509163,0.3563057941308007,-0.3611678744397025,0.3563057941308007,0.6436942058691992,0.000167261626364,0.0003328643811975,0.0017481395516703,True,168.59618822465055,0.2656063025376511,-0.5665893356517879,0.2656063025376511,0.7343936974623488,0.0004418125643916,0.0007210400453133,0.002589426956434,True,45.48082241408699,0.0669380522292405,-1.2812862338094582,0.0669380522292405,0.9330619477707596,0.0009455546844413,0.0014741636333159,0.0035933084433094,True,0.6915926598566793,0.3084073401433207,-0.3637655719324075,0.3563057941308007,0.6436942058691992,0.3611678744397025,0.2656063025376511,0.7343936974623488,0.5665893356517879,0.0669380522292405,0.9330619477707596,1.2812862338094582,1,0,0,0.0,1,1,1,1,,0,1,1,0,1,0,0,1.0,1.0,0.0,0.0,0.0,,0.38318531971335856,0.3637655719324075,-0.2873884117383985,0.3611678744397025,-0.46878739492469773,0.5665893356517879,-0.866123895541519,1.2812862338094582,0.50193536,0.5596114384507064,0.50507283
2025-03-05 12:10:00,2025-03-05 13:10:00,-1,335.2,336.65,pivot,-1.4499999999999886,0.1201555,-1.7701554999999887,-55759.89824999964,1.0,2025-03-05,335.5,335.75,335.1,0.0,336.9,336.95,336.55,0.0,2025,0.0,0.0,0.0,0.0,0.0,0.0,0.0,0.0,0.0,0.0,0.0,0.0,0.0,0.0,0.0,1.0,1.0,1.0,0,12,2,3,382.2540280133588,0.7535981303842114,0.5222730290404404,0.7535981303842114,0.2464018696157885,6.107678990504606e-05,0.0001047598494178,0.0009433781424544,True,311.1871397318345,0.4479243392714207,-0.1904106459232332,0.4479243392714207,0.5520756607285793,0.000167261626364,0.0003328643811975,0.0017481395516703,True,120.78923143754386,0.7769804510782053,0.5297065245492456,0.7769804510782053,0.2230195489217946,0.0004418125643916,0.0007210400453133,0.002589426956434,True,79.85556125092404,0.7835299965260605,0.588863273640681,0.7835299965260605,0.2164700034739395,0.0009455546844413,0.0014741636333159,0.0035933084433094,True,0.2464018696157885,0.7535981303842114,0.5222730290404404,0.5520756607285793,0.4479243392714207,-0.1904106459232332,0.2230195489217946,0.7769804510782053,0.5297065245492456,0.2164700034739395,0.7835299965260605,0.588863273640681,1,0,0,0.0,1,1,1,1,,0,1,0,1,1,0,0,1.0,1.0,0.0,0.0,0.0,,-0.507196260768423,0.5222730290404404,0.10415132145715855,0.1904106459232332,-0.5539609021564107,0.5297065245492456,-0.567059993052121,0.588863273640681,0.50819194,0.5380471734988964,0.49304017
2025-03-05 13:55:00,2025-03-05 15:45:00,1,336.35,336.35,eod,0.0,0.120181,-0.320181,-10085.7015,1.0,2025-03-05,336.6,336.6,336.25,0.0,336.35,336.35,336.35,0.0,2025,0.0,0.0,0.0,0.0,0.0,0.0,0.0,0.0,0.0,0.0,0.0,0.0,0.0,0.0,0.0,1.0,1.0,1.0,0,13,2,3,587.6696975573242,0.6397795844007174,0.265828311619931,0.6397795844007174,0.3602204155992826,7.217950336864375e-05,9.056950689634588e-05,0.000777054798144,True,279.16268606957834,0.7521472030940236,0.461378058667485,0.7521472030940236,0.2478527969059764,0.0001765281361854,0.0002777819367929,0.0013305380742673,True,296.92773508610924,0.4618142462027274,-0.1864321208105546,0.4618142462027274,0.5381857537972725,0.0002767775766378,0.0004657376408654,0.0017013288241472,True,185.4001559386954,0.6439096582706224,0.2210174151301289,0.6439096582706224,0.3560903417293776,0.0004885567090799,0.0007156861421007,0.0021417979203634,True,0.6397795844007174,0.3602204155992826,-0.265828311619931,0.7521472030940236,0.2478527969059764,-0.461378058667485,0.4618142462027274,0.5381857537972725,0.1864321208105546,0.6439096582706224,0.3560903417293776,-0.2210174151301289,1,0,0,0.0,1,1,1,1,,0,1,0,1,1,0,0,1.0,1.0,0.0,0.0,0.0,,0.2795591688014348,0.265828311619931,0.5042944061880472,0.461378058667485,-0.07637150759454514,0.1864321208105546,0.2878193165412448,0.2210174151301289,0.5333376,0.613269245060007,0.48624906
2025-03-10 13:30:00,2025-03-10 15:30:00,1,339.7,338.9,pivot,-0.8000000000000114,0.120358,-1.1203580000000113,-35291.27700000036,1.0,2025-03-10,339.55,339.7,339.55,0.0,338.95,339.0,338.7,0.0,2025,0.0,0.0,0.0,0.0,0.0,0.0,0.0,0.0,0.0,0.0,0.0,0.0,0.0,0.0,0.0,1.0,1.0,1.0,0,13,0,3,591.8260249009462,0.6358194773453,0.250143475993212,0.6358194773453,0.3641805226547,7.635298347895274e-05,9.575475624302766e-05,0.0007942080932318,True,322.9286912052217,0.7025459044255096,0.355878223901545,0.7025459044255096,0.2974540955744904,0.0001866460610345,0.0002720847707576,0.0013041810848555,True,103.00624879327005,0.8706004068562865,0.916087658167034,0.8706004068562865,0.1293995931437135,0.0003270133459312,0.0004977620980622,0.0017083580092728,True,149.46841558925297,0.7299119968630711,0.4663511854092227,0.7299119968630711,0.2700880031369289,0.0005392210549782,0.0007622573616342,0.0021562477051034,True,0.6358194773453,0.3641805226547,-0.250143475993212,0.7025459044255096,0.2974540955744904,-0.355878223901545,0.8706004068562865,0.1293995931437135,-0.916087658167034,0.7299119968630711,0.2700880031369289,-0.4663511854092227,1,0,0,0.0,1,1,1,1,,0,1,0,1,1,0,0,1.0,1.0,0.0,0.0,0.0,,0.27163895469059995,0.250143475993212,0.4050918088510192,0.355878223901545,0.741200813712573,0.916087658167034,0.4598239937261422,0.4663511854092227,0.50803,0.6161170929574175,0.49640125
2025-03-11 15:20:00,2025-03-11 15:45:00,1,334.95,334.85,eod,-0.0999999999999659,0.120094,-0.4200939999999659,-13232.960999998926,1.0,2025-03-11,335.1,335.15,334.7,0.0,334.85,334.85,334.85,0.0,2025,0.0,0.0,0.0,0.0,0.0,0.0,0.0,0.0,0.0,0.0,0.0,0.0,0.0,0.0,0.0,1.0,1.0,1.0,0,15,1,3,580.2655706951175,0.3613620689016726,-0.3085642194167924,0.3613620689016726,0.6386379310983273,7.635298347895274e-05,9.575475624302766e-05,0.0007942080932318,True,387.0391728032142,0.5434296440907812,0.0203967181616845,0.5434296440907812,0.4565703559092188,0.0001866460610345,0.0002720847707576,0.0013041810848555,True,279.8555545263478,0.6224658430451487,0.145824062591739,0.6224658430451487,0.3775341569548512,0.0003270133459312,0.0004977620980622,0.0017083580092728,True,221.72088846273388,0.4467018912815557,-0.2149899456170007,0.4467018912815557,0.5532981087184443,0.0005392210549782,0.0007622573616342,0.0021562477051034,True,0.3613620689016726,0.6386379310983273,0.3085642194167924,0.5434296440907812,0.4565703559092188,-0.0203967181616845,0.6224658430451487,0.3775341569548512,-0.145824062591739,0.4467018912815557,0.5532981087184443,0.2149899456170007,1,0,0,0.0,1,1,1,1,,0,1,0,0,1,0,0,1.0,1.0,0.0,0.0,0.0,,-0.27727586219665473,0.3085642194167924,0.08685928818156241,0.0203967181616845,0.24493168609029753,0.145824062591739,-0.10659621743688863,0.2149899456170007,0.51746494,0.5219506632142139,0.49381146
2025-03-12 11:45:00,2025-03-12 12:55:00,1,340.75,340.7,pivot,-0.0500000000000113,0.1204435,-0.37044350000001136,-11668.970250000359,1.0,2025-03-12,340.6,341.2,340.55,0.0,340.65,340.8,340.55,0.0,2025,0.0,0.0,0.0,0.0,0.0,0.0,0.0,0.0,0.0,0.0,0.0,0.0,0.0,0.0,0.0,1.0,1.0,1.0,0,11,2,3,527.2101111512619,0.6236025930042317,0.2011388049710481,0.6236025930042317,0.3763974069957683,6.646225387747369e-05,0.0001092087775783,0.0009186649540836,True,210.04600239675224,0.2028983486705839,-0.6823640478507524,0.2028983486705839,0.797101651329416,0.0001776714419377,0.0003108677644967,0.001747327392259,True,185.15948442534224,0.2943232738396327,-0.4896698327189658,0.2943232738396327,0.7056767261603674,0.0004176781098042,0.0006751952980161,0.0025791093326317,True,135.39992410086725,0.3804667918568889,-0.3814114334516587,0.3804667918568889,0.6195332081431111,0.001037213269685,0.0015042357775156,0.0035585000547606,True,0.6236025930042317,0.3763974069957683,-0.2011388049710481,0.2028983486705839,0.797101651329416,0.6823640478507524,0.2943232738396327,0.7056767261603674,0.4896698327189658,0.3804667918568889,0.6195332081431111,0.3814114334516587,1,0,0,0.0,1,1,1,1,,0,1,1,0,1,0,0,1.0,1.0,0.0,0.0,0.0,,0.24720518600846342,0.2011388049710481,-0.5942033026588321,0.6823640478507524,-0.41135345232073467,0.4896698327189658,-0.23906641628622216,0.3814114334516587,0.52320904,0.5365055368913609,0.5084237
2025-03-13 14:25:00,2025-03-13 15:15:00,-1,340.45,339.5,eod,0.9499999999999886,0.1203985,0.6296014999999887,19832.447249999645,1.0,2025-03-13,340.5,340.75,340.4,0.0,339.5,339.6,339.4,0.0,2025,0.0,0.0,0.0,0.0,0.0,0.0,0.0,0.0,0.0,0.0,0.0,0.0,0.0,0.0,0.0,1.0,1.0,1.0,1,14,3,3,51.7142969761793,0.0352889127528833,-1.7969687935569596,0.0352889127528833,0.9647110872471166,-5.6692586658141485e-05,-5.3431583143199145e-05,0.0008692187851774,True,33.13264972989415,0.0299767783352188,-1.8296300962632184,0.0299767783352188,0.9700232216647812,-0.0002374276024805,-0.0002553262741036,0.0014646727702676,True,60.53551488748059,0.0784160443710562,-1.414043888441444,0.0784160443710562,0.9215839556289438,-0.0004703442837489,-0.0005499159970027,0.0016868073744082,True,50.487506328039984,0.05620515761093,-1.6287997011944433,0.05620515761093,0.94379484238907,-0.0010627821443962,-0.0010750051275585,0.0019512136054155,True,0.9647110872471166,0.0352889127528833,-1.7969687935569596,0.9700232216647812,0.0299767783352188,-1.8296300962632184,0.9215839556289438,0.0784160443710562,-1.414043888441444,0.94379484238907,0.05620515761093,-1.6287997011944433,1,0,0,0.0,1,1,1,1,,0,1,0,1,1,0,0,1.0,1.0,0.0,0.0,0.0,,0.9294221744942334,1.7969687935569596,0.9400464433295623,1.8296300962632184,0.8431679112578876,1.414043888441444,0.8875896847781399,1.6287997011944433,0.5017141,0.6502391390017692,0.48612452
2025-03-14 10:50:00,2025-03-14 12:40:00,1,339.8,340.3,pivot,0.5,0.120403,0.179597,5657.3055,1.0,2025-03-14,339.7,339.95,339.6,0.0,340.3,340.35,340.15,0.0,2025,0.0,0.0,0.0,0.0,0.0,0.0,0.0,0.0,0.0,0.0,0.0,0.0,0.0,0.0,0.0,1.0,1.0,1.0,1,10,4,3,36.89337038534802,0.9763986959396956,2.073058245722,0.9763986959396956,0.0236013040603042,-6.209706173977093e-05,-5.898516962976432e-05,0.0009526195098101,True,77.2576592587585,0.9252713225406358,1.3706762016124356,0.9252713225406358,0.0747286774593641,-0.000193174544708,-0.0001902913389829,0.0015365714358526,True,59.44192423715173,0.9141067807233952,1.252857073111972,0.9141067807233952,0.0858932192766048,-0.0004367105248557,-0.000438417246926,0.0021146387396094,True,141.44283109883003,0.7157852143861896,0.5147897760617134,0.7157852143861896,0.2842147856138104,-0.0009568681738777,-0.0010728466926283,0.002942250317697,True,0.9763986959396956,0.0236013040603042,-2.073058245722,0.9252713225406358,0.0747286774593641,-1.3706762016124356,0.9141067807233952,0.0858932192766048,-1.252857073111972,0.7157852143861896,0.2842147856138104,-0.5147897760617134,1,0,0,0.0,1,1,1,1,,0,1,1,0,1,0,0,1.0,1.0,0.0,0.0,0.0,,0.9527973918793914,2.073058245722,0.8505426450812718,1.3706762016124356,0.8282135614467905,1.252857073111972,0.43157042877237917,0.5147897760617134,0.51023746,0.5917488776092407,0.48981062
2025-03-14 13:50:00,2025-03-14 15:10:00,-1,340.0,340.05,pivot,-0.0500000000000113,0.1204015,-0.3704015000000114,-11667.647250000358,1.0,2025-03-14,340.0,340.1,339.95,0.0,340.35,340.35,340.0,0.0,2025,0.0,0.0,0.0,0.0,0.0,0.0,0.0,0.0,0.0,0.0,0.0,0.0,0.0,0.0,0.0,1.0,1.0,1.0,0,13,4,3,269.1397083297188,0.8569001669372276,0.891573383252937,0.8569001669372276,0.1430998330627724,-5.34393352342142e-05,-5.373927744499932e-05,0.0008849292512141,True,320.02237195060826,0.4792345392376762,-0.0368091532118021,0.4792345392376762,0.5207654607623238,-0.0002293941880887,-0.0002393286569246,0.0014837636515781,True,270.0431081380433,0.4681059237420839,-0.0224608372377583,0.4681059237420839,0.5318940762579161,-0.0004703442837489,-0.0005499159970027,0.0016868073744082,True,204.38337479109572,0.6302642179941088,0.324987694841903,0.6302642179941088,0.3697357820058912,-0.0010627821443962,-0.0010750051275585,0.0019512136054155,True,0.1430998330627724,0.8569001669372276,0.891573383252937,0.5207654607623238,0.4792345392376762,-0.0368091532118021,0.5318940762579161,0.4681059237420839,-0.0224608372377583,0.3697357820058912,0.6302642179941088,0.324987694841903,1,0,0,0.0,1,1,1,1,,0,1,0,1,1,0,0,1.0,1.0,0.0,0.0,0.0,,-0.7138003338744552,0.891573383252937,0.041530921524647546,0.0368091532118021,0.0637881525158322,0.0224608372377583,-0.2605284359882176,0.324987694841903,0.55044055,0.5756866295660211,0.49044877
2025-03-18 11:25:00,2025-03-18 14:15:00,-1,348.9,347.75,pivot,1.1499999999999773,0.1208995,0.8291004999999774,26116.665749999287,1.0,2025-03-18,348.9,349.15,348.8,0.0,347.35,347.75,347.25,0.0,2025,0.0,0.0,0.0,0.0,0.0,0.0,0.0,0.0,0.0,0.0,0.0,0.0,0.0,0.0,0.0,1.0,1.0,1.0,1,11,1,3,220.3145578854519,0.1080662928879254,-1.081725993249082,0.1080662928879254,0.8919337071120745,8.287835686820768e-05,0.0001257858377465,0.0009109374746421,True,97.82715063672325,0.0889138418381863,-1.12065765404679,0.0889138418381863,0.9110861581618136,0.0002235442464693,0.000384483363696,0.001748839773975,True,61.67520756926458,0.0796499313636631,-1.1846706742577615,0.0796499313636631,0.9203500686363368,0.0004884210827873,0.0007785249508613,0.0025907189079483,True,18.27029498865229,0.0268497972078181,-1.6282340807874705,0.0268497972078181,0.9731502027921818,0.0010360161363578,0.0015293575421221,0.0036620571264723,True,0.8919337071120745,0.1080662928879254,-1.081725993249082,0.9110861581618136,0.0889138418381863,-1.12065765404679,0.9203500686363368,0.0796499313636631,-1.1846706742577615,0.9731502027921818,0.0268497972078181,-1.6282340807874705,1,0,0,0.0,1,1,1,1,,0,1,1,0,1,0,0,1.0,1.0,0.0,0.0,0.0,,0.7838674142241492,1.081725993249082,0.8221723163236273,1.12065765404679,0.8407001372726737,1.1846706742577615,0.9463004055843637,1.6282340807874705,0.50342983,0.5603288432819222,0.4722064
2025-03-19 10:40:00,2025-03-19 10:45:00,-1,351.75,350.5,pivot,1.25,0.1210675,0.9289324999999999,29261.37375,1.0,2025-03-19,350.5,351.85,350.3,0.0,350.85,350.9,350.35,0.0,2025,0.0,0.0,0.0,0.0,0.0,0.0,0.0,0.0,0.0,0.0,0.0,0.0,0.0,0.0,0.0,1.0,1.0,1.0,1,10,2,3,285.9500383565031,0.1462732035609537,-0.9174735277713468,0.1462732035609537,0.8537267964390463,8.287835686820768e-05,0.0001257858377465,0.0009109374746421,True,186.4141837492391,0.1710376977687919,-0.7881268250765516,0.1710376977687919,0.828962302231208,0.0002235442464693,0.000384483363696,0.001748839773975,True,206.4879995432604,0.4580060318767253,-0.1908326213186979,0.4580060318767253,0.5419939681232746,0.0004884210827873,0.0007785249508613,0.0025907189079483,True,105.69691654402686,0.700489197803736,0.3203539847143901,0.700489197803736,0.299510802196264,0.0010360161363578,0.0015293575421221,0.0036620571264723,True,0.8537267964390463,0.1462732035609537,-0.9174735277713468,0.828962302231208,0.1710376977687919,-0.7881268250765516,0.5419939681232746,0.4580060318767253,-0.1908326213186979,0.299510802196264,0.700489197803736,0.3203539847143901,1,0,0,0.0,1,1,1,1,,0,1,1,0,1,0,0,1.0,1.0,0.0,0.0,0.0,,0.7074535928780925,0.9174735277713468,0.6579246044624161,0.7881268250765516,0.08398793624654932,0.1908326213186979,-0.40097839560747195,0.3203539847143901,0.5389254,0.5115723978328203,0.45284653
2025-04-07 10:25:00,2025-04-07 10:30:00,1,313.75,314.3,pivot,0.5500000000000114,0.1188415,0.23115850000001137,7281.492750000358,1.0,2025-04-07,314.3,314.75,313.7,0.0,314.65,314.8,313.55,0.0,2025,0.0,0.0,0.0,0.0,0.0,0.0,0.0,0.0,0.0,0.0,0.0,0.0,0.0,0.0,0.0,1.0,1.0,2.0,1,10,0,4,0.257294054210025,0.9999766840507835,4.183188920307962,0.9999766840507835,2.3315949216340396e-05,-9.946471622929608e-05,-4.214140737403917e-05,0.0010446842586089,True,37.927509759500175,0.9437067436343743,1.6136719365418684,0.9437067436343743,0.0562932563656255,-0.0002263499889337,-0.0001458040501609,0.0017777079791936,True,0.7839365294730615,0.9982280550577156,3.9127784630334967,0.9982280550577156,0.0017719449422842,-0.0004326140300761,-0.0003861761145971,0.0024807198297884,True,116.99101149210192,0.7288142928993376,0.4916938578429931,0.7288142928993376,0.2711857071006623,-0.0008818878399266,-0.0009089275875668,0.003475722968884,True,0.9999766840507835,2.3315949216340396e-05,-4.183188920307962,0.9437067436343743,0.0562932563656255,-1.6136719365418684,0.9982280550577156,0.0017719449422842,-3.9127784630334967,0.7288142928993376,0.2711857071006623,-0.4916938578429931,1,0,0,0.0,1,1,1,1,,0,1,1,0,1,0,0,1.0,1.0,0.0,0.0,0.0,,0.9999533681015672,4.183188920307962,0.8874134872687488,1.6136719365418684,0.9964561101154314,3.9127784630334967,0.4576285857986753,0.4916938578429931,0.606141,0.5298438807394781,0.49127
2025-04-07 10:30:00,2025-04-07 10:55:00,1,314.3,314.3,pivot,0.0,0.118858,-0.318858,-10044.027,1.0,2025-04-07,314.65,314.8,313.55,0.0,314.7,315.0,314.2,0.0,2025,0.0,0.0,0.0,0.0,0.0,0.0,0.0,0.0,0.0,0.0,0.0,0.0,0.0,0.0,0.0,1.0,1.0,2.0,0,10,0,4,7.538254726332713,0.997975048566234,3.5553458716196458,0.997975048566234,0.0020249514337661,-9.946471622929608e-05,-4.214140737403917e-05,0.0010446842586089,True,4.16304537262248,0.9968813504658216,4.130575074527895,0.9968813504658216,0.0031186495341785,-0.0002263499889337,-0.0001458040501609,0.0017777079791936,True,0.6964615156309588,0.9993494939327084,4.547862908763564,0.9993494939327084,0.0006505060672915,-0.0004326140300761,-0.0003861761145971,0.0024807198297884,True,7.169330948698444,0.9841610195258657,2.37838470079802,0.9841610195258657,0.0158389804741343,-0.0008818878399266,-0.0009089275875668,0.003475722968884,True,0.997975048566234,0.0020249514337661,-3.5553458716196458,0.9968813504658216,0.0031186495341785,-4.130575074527895,0.9993494939327084,0.0006505060672915,-4.547862908763564,0.9841610195258657,0.0158389804741343,-2.37838470079802,1,0,0,0.0,1,1,1,1,,0,1,1,0,1,0,0,1.0,1.0,0.0,0.0,0.0,,0.9959500971324678,3.5553458716196458,0.9937627009316431,4.130575074527895,0.998698987865417,4.547862908763564,0.9683220390517313,2.37838470079802,0.61278915,0.5819966693034934,0.46847978
2025-04-07 12:20:00,2025-04-07 13:05:00,-1,312.5,312.85,pivot,-0.3500000000000227,0.1187605,-0.6687605000000226,-21065.955750000714,1.0,2025-04-07,312.4,312.8,312.25,0.0,312.25,313.05,312.25,0.0,2025,0.0,0.0,0.0,0.0,0.0,0.0,0.0,0.0,0.0,0.0,0.0,0.0,0.0,0.0,0.0,1.0,1.0,1.0,0,12,0,4,147.4914221883084,0.0847620129182757,-1.183345542926605,0.0847620129182757,0.9152379870817242,-9.946471622929608e-05,-4.214140737403917e-05,0.0010446842586089,True,153.99048058884432,0.1768000867525691,-0.8167233424637081,0.1768000867525691,0.8231999132474309,-0.0002263499889337,-0.0001458040501609,0.0017777079791936,True,148.59354078732096,0.2538353401274887,-0.5527239236451631,0.2538353401274887,0.7461646598725113,-0.0004326140300761,-0.0003861761145971,0.0024807198297884,True,23.556902284066165,0.0399994678463655,-1.5727985423285895,0.0399994678463655,0.9600005321536343,-0.0008818878399266,-0.0009089275875668,0.003475722968884,True,0.9152379870817242,0.0847620129182757,-1.183345542926605,0.8231999132474309,0.1768000867525691,-0.8167233424637081,0.7461646598725113,0.2538353401274887,-0.5527239236451631,0.9600005321536343,0.0399994678463655,-1.5727985423285895,1,0,0,0.0,1,1,1,1,,0,1,0,1,1,0,0,1.0,1.0,0.0,0.0,0.0,,0.8304759741634485,1.183345542926605,0.6463998264948618,0.8167233424637081,0.49232931974502264,0.5527239236451631,0.9200010643072688,1.5727985423285895,0.5320637,0.5359237926434539,0.4626356
2025-04-08 10:50:00,2025-04-08 11:20:00,-1,314.35,315.0,pivot,-0.6499999999999773,0.1188805,-0.9688804999999773,-30519.735749999283,1.0,2025-04-08,314.8,315.0,313.95,0.0,314.45,315.0,314.15,0.0,2025,0.0,0.0,0.0,0.0,0.0,0.0,0.0,0.0,0.0,0.0,0.0,0.0,0.0,0.0,0.0,1.0,1.0,1.0,0,10,1,4,180.29894471650783,0.9132221268689332,1.2741584503352603,0.9132221268689332,0.0867778731310667,5.5687421950526417e-05,7.676961012414787e-05,0.0008124074626385,True,171.75686425580628,0.8279096752877011,0.7847142488616028,0.8279096752877011,0.1720903247122989,0.0001528367421281,0.0002579116996954,0.0014934203494422,True,4.785109716530122,0.9909884949976476,3.536406195326165,0.9909884949976476,0.0090115050023524,0.0003426913397749,0.000572187217824,0.0022728044801667,True,30.619311353065918,0.9028922920466524,1.119531238251315,0.9028922920466524,0.0971077079533476,0.0009221748836303,0.001394201681887,0.0035890919990311,True,0.0867778731310667,0.9132221268689332,1.2741584503352603,0.1720903247122989,0.8279096752877011,0.7847142488616028,0.0090115050023524,0.9909884949976476,3.536406195326165,0.0971077079533476,0.9028922920466524,1.119531238251315,1,0,0,0.0,1,1,1,1,,0,1,1,0,1,0,0,1.0,1.0,0.0,0.0,0.0,,-0.8264442537378666,1.2741584503352603,-0.6558193505754022,0.7847142488616028,-0.9819769899952953,3.536406195326165,-0.8057845840933049,1.119531238251315,0.5918325,0.5459031680387407,0.4656915
2025-04-08 13:40:00,2025-04-08 14:05:00,1,309.2,310.8,pivot,1.6000000000000227,0.1186,1.2814000000000225,40364.10000000071,1.0,2025-04-08,309.75,309.85,309.2,0.0,310.05,310.85,309.85,0.0,2025,0.0,0.0,0.0,0.0,0.0,0.0,0.0,0.0,0.0,0.0,0.0,0.0,0.0,0.0,0.0,1.0,1.0,1.0,1,13,1,4,16.608374241847308,0.009989340828554,-2.7378130667696605,0.009989340828554,0.990010659171446,-9.946471622929608e-05,-4.214140737403917e-05,0.0010446842586089,True,38.68312009342124,0.0420911918712707,-1.6411465294087688,0.0420911918712707,0.9579088081287292,-0.0002263499889337,-0.0001458040501609,0.0017777079791936,True,43.7847749656291,0.06387440652473,-1.4034947336139303,0.06387440652473,0.93612559347527,-0.0004326140300761,-0.0003861761145971,0.0024807198297884,True,20.327052885777317,0.0350369656509798,-1.6369635476102191,0.0350369656509798,0.9649630343490202,-0.0008818878399266,-0.0009089275875668,0.003475722968884,True,0.009989340828554,0.990010659171446,2.7378130667696605,0.0420911918712707,0.9579088081287292,1.6411465294087688,0.06387440652473,0.93612559347527,1.4034947336139303,0.0350369656509798,0.9649630343490202,1.6369635476102191,1,0,0,0.0,1,1,1,1,,0,1,0,1,1,0,0,1.0,1.0,0.0,0.0,0.0,,-0.9800213183428921,2.7378130667696605,-0.9158176162574585,1.6411465294087688,-0.87225118695054,1.4034947336139303,-0.9299260686980404,1.6369635476102191,0.5696235,0.5176113195932882,0.47833154
2025-04-08 14:10:00,2025-04-08 14:40:00,-1,310.1,310.45,pivot,-0.3499999999999659,0.1186165,-0.6686164999999659,-21061.419749998924,1.0,2025-04-08,309.6,310.15,309.45,0.0,309.65,310.65,309.5,0.0,2025,0.0,0.0,0.0,0.0,0.0,0.0,0.0,0.0,0.0,0.0,0.0,0.0,0.0,0.0,0.0,1.0,1.0,1.0,0,14,1,4,508.72296525243775,0.3434980879306412,-0.2948885580525141,0.3434980879306412,0.6565019120693588,-3.978241350991579e-05,-4.614792159475555e-05,0.0009345984962979,True,35.24698429271652,0.9624370349747312,1.6009990043158815,0.9624370349747312,0.0375629650252689,-0.0001732827138329,-0.0002192561183051,0.0016462777446011,True,17.448946161768013,0.9860224470973048,2.235710636398889,0.9860224470973048,0.0139775529026952,-0.00042033342205,-0.000523777901773,0.0018203969879926,True,210.7856603680093,0.6198290704187969,0.3272054174499857,0.6198290704187969,0.3801709295812031,-0.0008921636404812,-0.0009954807341013,0.002059044177281,True,0.6565019120693588,0.3434980879306412,-0.2948885580525141,0.0375629650252689,0.9624370349747312,1.6009990043158815,0.0139775529026952,0.9860224470973048,2.235710636398889,0.3801709295812031,0.6198290704187969,0.3272054174499857,1,0,0,0.0,1,1,1,1,,0,1,0,1,1,0,0,1.0,1.0,0.0,0.0,0.0,,0.31300382413871763,0.2948885580525141,-0.9248740699494623,1.6009990043158815,-0.9720448941946096,2.235710636398889,-0.2396581408375938,0.3272054174499857,0.53402257,0.555538623123453,0.48694623
2025-04-08 14:40:00,2025-04-08 15:30:00,1,310.45,310.2,pivot,-0.25,0.1186195,-0.5686195,-17911.51425,1.0,2025-04-08,309.65,310.65,309.5,0.0,311.1,311.1,310.15,0.0,2025,0.0,0.0,0.0,0.0,0.0,0.0,0.0,0.0,0.0,0.0,0.0,0.0,0.0,0.0,0.0,1.0,1.0,1.0,0,14,1,4,3.7799176185656185,0.9984384186946502,3.5059403852866917,0.9984384186946502,0.0015615813053497,-3.978241350991579e-05,-4.614792159475555e-05,0.0009345984962979,True,112.0318353398086,0.8996368835666183,1.015435702816376,0.8996368835666183,0.1003631164333817,-0.0001732827138329,-0.0002192561183051,0.0016462777446011,True,100.57286290372514,0.1324392292059649,-0.9510989660939994,0.1324392292059649,0.8675607707940352,-0.00042033342205,-0.000523777901773,0.0018203969879926,True,103.3141822837092,0.8793121601870164,1.1104318067315972,0.8793121601870164,0.1206878398129835,-0.0008921636404812,-0.0009954807341013,0.002059044177281,True,0.9984384186946502,0.0015615813053497,-3.5059403852866917,0.8996368835666183,0.1003631164333817,-1.015435702816376,0.1324392292059649,0.8675607707940352,0.9510989660939994,0.8793121601870164,0.1206878398129835,-1.1104318067315972,1,0,0,0.0,1,1,1,1,,0,1,0,1,1,0,0,1.0,1.0,0.0,0.0,0.0,,0.9968768373893006,3.5059403852866917,0.7992737671332366,1.015435702816376,-0.7351215415880703,0.9510989660939994,0.7586243203740329,1.1104318067315972,0.5283872,0.626983763021919,0.5556164
2025-04-10 10:50:00,2025-04-10 11:15:00,-1,320.85,321.85,pivot,-1.0,0.119281,-1.319281,-41557.3515,1.0,2025-04-10,321.3,321.4,320.75,0.0,322.65,322.7,321.8,0.0,2025,0.0,0.0,0.0,0.0,0.0,0.0,0.0,0.0,0.0,0.0,0.0,0.0,0.0,0.0,0.0,1.0,1.0,1.0,0,10,3,4,456.4916558871388,0.7259850957892984,0.4813676310266221,0.7259850957892984,0.2740149042107016,5.5687421950526417e-05,7.676961012414787e-05,0.0008124074626385,True,284.1147873315253,0.6435775587793726,0.2450205254170962,0.6435775587793726,0.3564224412206274,0.0001528367421281,0.0002579116996954,0.0014934203494422,True,135.9403922068967,0.7681092337434723,0.5721884644350745,0.7681092337434723,0.2318907662565277,0.0003426913397749,0.000572187217824,0.0022728044801667,True,111.28225741696252,0.6949589060045691,0.3074476948620666,0.6949589060045691,0.3050410939954309,0.0009221748836303,0.001394201681887,0.0035890919990311,True,0.2740149042107016,0.7259850957892984,0.4813676310266221,0.3564224412206274,0.6435775587793726,0.2450205254170962,0.2318907662565277,0.7681092337434723,0.5721884644350745,0.3050410939954309,0.6949589060045691,0.3074476948620666,1,0,0,0.0,1,1,1,1,,0,1,1,0,1,0,0,1.0,1.0,0.0,0.0,0.0,,-0.45197019157859675,0.4813676310266221,-0.28715511755874523,0.2450205254170962,-0.5362184674869446,0.5721884644350745,-0.3899178120091382,0.3074476948620666,0.52418905,0.5526232233286035,0.5637787
2025-04-14 10:55:00,2025-04-14 12:10:00,1,325.45,325.5,pivot,0.0500000000000113,0.1195285,-0.2695284999999886,-8490.147749999642,1.0,2025-04-14,325.2,325.5,325.15,0.0,325.5,325.6,325.4,0.0,2025,0.0,0.0,0.0,0.0,0.0,0.0,0.0,0.0,0.0,0.0,0.0,0.0,0.0,0.0,0.0,1.0,1.0,1.0,0,10,0,4,520.0525554504667,0.6344208183853806,0.2326301691492066,0.6344208183853806,0.3655791816146194,6.224950246708337e-05,8.733545638269742e-05,0.0009458182060118,True,240.6835439530407,0.2216002402285351,-0.640143307597417,0.2216002402285351,0.7783997597714648,0.0001898933861721,0.0002887713780214,0.0016508203287492,True,212.88921147412316,0.378245476509656,-0.3319212069535096,0.378245476509656,0.6217545234903439,0.0004256021591527,0.0006498508571397,0.0024207434588872,True,133.88690897832154,0.4721573566548991,-0.151495756789425,0.4721573566548991,0.5278426433451009,0.0009780651547447,0.0012946769817782,0.003472681500465,True,0.6344208183853806,0.3655791816146194,-0.2326301691492066,0.2216002402285351,0.7783997597714648,0.640143307597417,0.378245476509656,0.6217545234903439,0.3319212069535096,0.4721573566548991,0.5278426433451009,0.151495756789425,1,0,0,0.0,1,1,1,1,,0,1,1,0,1,0,0,1.0,1.0,0.0,0.0,0.0,,0.26884163677076117,0.2326301691492066,-0.5567995195429297,0.640143307597417,-0.24350904698068787,0.3319212069535096,-0.055685286690201785,0.151495756789425,0.56404084,0.5378402275449171,0.5588693
2025-04-14 15:25:00,2025-04-14 15:45:00,1,325.25,325.7,eod,0.4499999999999886,0.1195285,0.1304714999999886,4109.852249999642,1.0,2025-04-14,325.4,325.55,325.2,0.0,325.7,325.7,325.7,0.0,2025,0.0,0.0,0.0,0.0,0.0,0.0,0.0,0.0,0.0,0.0,0.0,0.0,0.0,0.0,0.0,1.0,1.0,1.0,1,15,0,4,435.203817795881,0.2017115955748559,-0.6836173442738885,0.2017115955748559,0.798288404425144,5.62988604719488e-05,8.769371157359806e-05,0.0008027460223075,True,383.8751008089261,0.5057126873809452,-0.0674909559271554,0.5057126873809452,0.4942873126190548,0.0001389221454265,0.0002471856385263,0.0013845695068838,True,297.9572368605724,0.5170475391731364,-0.0215478749160451,0.5170475391731364,0.4829524608268636,0.0002505656008986,0.0003421034599127,0.0016057445383264,True,177.54864083981613,0.216530280786921,-0.7330159783907474,0.216530280786921,0.7834697192130791,0.0004802107976197,0.0006503086349674,0.0019353642114203,True,0.2017115955748559,0.798288404425144,0.6836173442738885,0.5057126873809452,0.4942873126190548,0.0674909559271554,0.5170475391731364,0.4829524608268636,0.0215478749160451,0.216530280786921,0.7834697192130791,0.7330159783907474,1,0,0,0.0,1,1,1,1,,0,1,0,0,1,0,0,1.0,1.0,0.0,0.0,0.0,,-0.5965768088502881,0.6836173442738885,0.011425374761890428,0.0674909559271554,0.03409507834627279,0.0215478749160451,-0.5669394384261581,0.7330159783907474,0.52027154,0.5140281368906198,0.54497665
2025-04-15 11:15:00,2025-04-15 14:40:00,1,328.7,328.85,pivot,0.1500000000000341,0.1197265,-0.16972649999996592,-5346.384749998926,1.0,2025-04-15,328.75,329.0,328.65,0.0,328.7,328.85,328.65,0.0,2025,0.0,0.0,0.0,0.0,0.0,0.0,0.0,0.0,0.0,0.0,0.0,0.0,0.0,0.0,0.0,1.0,1.0,1.0,0,11,1,4,288.0124756368425,0.8599911198617879,0.8406046370946698,0.8599911198617879,0.1400088801382121,5.62988604719488e-05,8.769371157359806e-05,0.0008027460223075,True,367.7037871666233,0.6212221662436528,0.1518421682289342,0.6212221662436528,0.3787778337563472,0.0001389221454265,0.0002471856385263,0.0013845695068838,True,293.6189561423322,0.6073727109315821,0.1668002649915842,0.6073727109315821,0.3926272890684179,0.0002505656008986,0.0003421034599127,0.0016057445383264,True,226.288212262886,0.5663690893389689,0.0579617545396744,0.5663690893389689,0.4336309106610311,0.0004802107976197,0.0006503086349674,0.0019353642114203,True,0.8599911198617879,0.1400088801382121,-0.8406046370946698,0.6212221662436528,0.3787778337563472,-0.1518421682289342,0.6073727109315821,0.3926272890684179,-0.1668002649915842,0.5663690893389689,0.4336309106610311,-0.0579617545396744,1,0,0,0.0,1,1,1,1,,0,1,1,0,1,0,0,1.0,1.0,0.0,0.0,0.0,,0.7199822397235758,0.8406046370946698,0.24244433248730557,0.1518421682289342,0.2147454218631642,0.1668002649915842,0.1327381786779378,0.0579617545396744,0.52960587,0.6345896769189613,0.5624237
2025-04-18 10:45:00,2025-04-18 11:35:00,1,327.35,327.7,pivot,0.3499999999999659,0.1196515,0.03034849999996587,955.977749998925,1.0,2025-04-18,327.45,327.5,327.25,0.0,327.65,327.8,327.6,0.0,2025,0.0,0.0,0.0,0.0,0.0,0.0,0.0,0.0,0.0,0.0,0.0,0.0,0.0,0.0,0.0,1.0,1.0,1.0,1,10,4,4,520.5832868428496,0.6336392808658685,0.2310398650786234,0.6336392808658685,0.3663607191341315,6.224950246708337e-05,8.733545638269742e-05,0.0009458182060118,True,274.67425869175366,0.6232639181966686,0.1956824299763604,0.6232639181966686,0.3767360818033314,0.0001898933861721,0.0002887713780214,0.0016508203287492,True,207.0695693378925,0.4754977375874387,-0.1421024969780326,0.4754977375874387,0.5245022624125613,0.0004256021591527,0.0006498508571397,0.0024207434588872,True,126.69372427709794,0.5714271574315325,0.0678280455485956,0.5714271574315325,0.4285728425684675,0.0009780651547447,0.0012946769817782,0.003472681500465,True,0.6336392808658685,0.3663607191341315,-0.2310398650786234,0.6232639181966686,0.3767360818033314,-0.1956824299763604,0.4754977375874387,0.5245022624125613,0.1421024969780326,0.5714271574315325,0.4285728425684675,-0.0678280455485956,1,0,0,0.0,1,1,1,1,,0,1,1,0,1,0,0,1.0,1.0,0.0,0.0,0.0,,0.26727856173173703,0.2310398650786234,0.2465278363933372,0.1956824299763604,-0.049004524825122575,0.1421024969780326,0.142854314863065,0.0678280455485956,0.5472782,0.5487650413532241,0.5292907
2025-06-16 10:40:00,2025-06-16 15:45:00,1,388.9,394.2,eod,5.300000000000011,0.123493,4.976507000000012,156759.97050000037,1.0,2025-06-16,389.3,389.45,388.6,0.0,394.2,394.2,394.2,0.0,2025,0.0,0.0,0.0,0.0,0.0,0.0,0.0,0.0,0.0,0.0,0.0,0.0,0.0,0.0,0.0,1.0,1.0,1.0,1,10,0,6,62.683472693006905,0.9609025991479418,1.7180541594809728,0.9609025991479418,0.0390974008520581,5.7891255047986615e-05,6.72931948600276e-05,0.0008603355792227,True,281.8651056692232,0.6339671701478844,0.275389433101086,0.6339671701478844,0.3660328298521156,0.0001852647782053,0.0002125446341478,0.0015653479460975,True,209.88377408921943,0.4920727864551245,-0.0520007054040205,0.4920727864551245,0.5079272135448756,0.0004239128612158,0.0004980752123991,0.002152854917022,True,152.4745809633625,0.5054973625108062,-0.0686734259110736,0.5054973625108062,0.4945026374891937,0.000865139856961,0.0011110875030184,0.0030564454866254,True,0.9609025991479418,0.0390974008520581,-1.7180541594809728,0.6339671701478844,0.3660328298521156,-0.275389433101086,0.4920727864551245,0.5079272135448756,0.0520007054040205,0.5054973625108062,0.4945026374891937,0.0686734259110736,1,0,0,0.0,1,1,1,1,,0,1,1,0,1,0,0,1.0,1.0,0.0,0.0,0.0,,0.9218051982958837,1.7180541594809728,0.2679343402957688,0.275389433101086,-0.0158544270897511,0.0520007054040205,0.010994725021612528,0.0686734259110736,0.5282408,0.5406690656388344,0.45807764
2025-06-24 13:55:00,2025-06-24 15:45:00,1,417.45,418.7,eod,1.25,0.1250845,0.9249155,29134.83825,1.0,2025-06-24,417.45,417.8,417.4,0.0,418.7,418.7,418.7,0.0,2025,0.0,0.0,0.0,0.0,0.0,0.0,0.0,0.0,0.0,0.0,0.0,0.0,0.0,0.0,0.0,1.0,1.0,1.0,1,13,1,6,129.04724546283097,0.9123732684815812,1.152890729973661,0.9123732684815812,0.0876267315184188,7.623318594508061e-05,0.0001249450974264,0.0008269225123652,True,141.43051451444103,0.871905173128537,0.9153411300785824,0.871905173128537,0.128094826871463,0.0002186832554949,0.0003437907192686,0.0013264147685732,True,103.35106899430832,0.8801014468475311,0.9722911789693282,0.8801014468475311,0.1198985531524688,0.0003506804618577,0.0004629027879865,0.0016197373964798,True,224.6413580467409,0.3232677003422103,-0.4790444833479297,0.3232677003422103,0.6767322996577897,0.0005961981111551,0.0007287034797036,0.0017711141206858,True,0.9123732684815812,0.0876267315184188,-1.152890729973661,0.871905173128537,0.128094826871463,-0.9153411300785824,0.8801014468475311,0.1198985531524688,-0.9722911789693282,0.3232677003422103,0.6767322996577897,0.4790444833479297,1,0,0,0.0,1,1,1,1,,0,1,0,1,1,0,0,1.0,1.0,0.0,0.0,0.0,,0.8247465369631624,1.152890729973661,0.743810346257074,0.9153411300785824,0.7602028936950623,0.9722911789693282,-0.3534645993155794,0.4790444833479297,0.52110463,0.530379299460866,0.45189682
2025-06-25 15:05:00,2025-06-25 15:45:00,-1,419.75,419.55,eod,0.1999999999999886,0.125179,-0.12517900000001136,-3943.1385000003584,1.0,2025-06-25,420.1,420.25,419.75,0.0,419.55,419.55,419.55,0.0,2025,0.0,0.0,0.0,0.0,0.0,0.0,0.0,0.0,0.0,0.0,0.0,0.0,0.0,0.0,0.0,1.0,1.0,1.0,0,15,2,6,173.4067481477117,0.8937844027094575,1.001718793357645,0.8937844027094575,0.1062155972905425,7.623318594508061e-05,0.0001249450974264,0.0008269225123652,True,255.712901410275,0.1744779015244227,-0.7977606500948637,0.1744779015244227,0.8255220984755773,0.0002186832554949,0.0003437907192686,0.0013264147685732,True,296.731129781491,0.3917097140893507,-0.2857887883508899,0.3917097140893507,0.6082902859106493,0.0003506804618577,0.0004629027879865,0.0016197373964798,True,98.9252099886291,0.8502813729282139,1.002544526529494,0.8502813729282139,0.149718627071786,0.0005961981111551,0.0007287034797036,0.0017711141206858,True,0.1062155972905425,0.8937844027094575,1.001718793357645,0.8255220984755773,0.1744779015244227,-0.7977606500948637,0.6082902859106493,0.3917097140893507,-0.2857887883508899,0.149718627071786,0.8502813729282139,1.002544526529494,1,0,0,0.0,1,1,1,1,,0,1,0,0,1,0,0,1.0,1.0,0.0,0.0,0.0,,-0.7875688054189149,1.001718793357645,0.6510441969511547,0.7977606500948637,0.21658057182129858,0.2857887883508899,-0.700562745856428,1.002544526529494,0.50774044,0.5785822198916526,0.47022623
2025-06-26 10:35:00,2025-06-26 10:55:00,-1,413.4,412.45,pivot,0.9499999999999886,0.1247755,0.6252244999999885,19694.57174999964,1.0,2025-06-26,413.6,413.7,412.9,0.0,411.7,412.75,411.65,0.0,2025,0.0,0.0,0.0,0.0,0.0,0.0,0.0,0.0,0.0,0.0,0.0,0.0,0.0,0.0,0.0,1.0,1.0,0.0,1,10,3,6,317.57467483326405,0.2313781225847385,-0.5778575177154748,0.2313781225847385,0.7686218774152616,-8.747710839771434e-05,-6.173619363935593e-05,0.0011452054634497,True,42.30576953129765,0.0588736617918333,-1.4508444998914982,0.0588736617918333,0.9411263382081668,-0.0002944215535473,-0.0002629975453566,0.0020599355714646,True,9.479678336045176,0.0207844213202295,-2.173458868288797,0.0207844213202295,0.9792155786797704,-0.0005831307213515,-0.0005928462176743,0.0028799153253127,True,8.396149615033588,0.0257620323072242,-1.9335732574676732,0.0257620323072242,0.9742379676927756,-0.0011850247820103,-0.0012009822255169,0.0039130987137137,True,0.7686218774152616,0.2313781225847385,-0.5778575177154748,0.9411263382081668,0.0588736617918333,-1.4508444998914982,0.9792155786797704,0.0207844213202295,-2.173458868288797,0.9742379676927756,0.0257620323072242,-1.9335732574676732,1,0,0,0.0,1,1,1,1,,0,1,1,0,1,0,0,1.0,1.0,0.0,0.0,0.0,,0.5372437548305231,0.5778575177154748,0.8822526764163335,1.4508444998914982,0.9584311573595409,2.173458868288797,0.9484759353855514,1.9335732574676732,0.5406488,0.5198840633801833,0.5035726
2025-06-27 10:50:00,2025-06-27 11:25:00,-1,415.75,415.0,pivot,0.75,0.1249225,0.4250775,13389.94125,1.0,2025-06-27,415.5,415.9,415.4,0.0,414.65,415.1,414.4,0.0,2025,0.0,0.0,0.0,0.0,0.0,0.0,0.0,0.0,0.0,0.0,0.0,0.0,0.0,0.0,0.0,1.0,1.0,1.0,1,10,4,6,79.60418831958557,0.940566271686884,1.390686998228246,0.940566271686884,0.0594337283131161,4.129477900801867e-05,1.868750485690359e-05,0.0011130189531073,True,210.39098828849168,0.3715685068094931,-0.266720788896062,0.3715685068094931,0.6284314931905068,9.193418152284013e-05,7.40071799700591e-05,0.002082810267079,True,149.23675040265053,0.676031151485193,0.4399263525395702,0.676031151485193,0.323968848514807,0.0001543647985798,7.769607834746088e-05,0.0028361228090081,True,53.99900991658105,0.1301948085889529,-0.9945386544820348,0.1301948085889529,0.8698051914110471,9.342934797589916e-05,-0.0001782494322799,0.0041698939938101,True,0.0594337283131161,0.940566271686884,1.390686998228246,0.6284314931905068,0.3715685068094931,-0.266720788896062,0.323968848514807,0.676031151485193,0.4399263525395702,0.8698051914110471,0.1301948085889529,-0.9945386544820348,1,0,0,0.0,1,1,1,1,,0,1,1,0,1,0,0,1.0,1.0,0.0,0.0,0.0,,-0.8811325433737679,1.390686998228246,0.25686298638101374,0.266720788896062,-0.352062302970386,0.4399263525395702,0.7396103828220941,0.9945386544820348,0.51130533,0.519176629529539,0.4873893
2025-07-10 10:55:00,2025-07-10 11:15:00,1,425.2,426.65,pivot,1.4499999999999886,0.1255555,1.1244444999999887,35420.00174999965,1.0,2025-07-10,425.1,425.2,424.8,0.0,426.65,426.8,426.45,0.0,2025,0.0,0.0,0.0,0.0,0.0,0.0,0.0,0.0,0.0,0.0,0.0,0.0,0.0,0.0,0.0,1.0,1.0,1.0,1,10,3,7,229.51681768409617,0.1531552241435049,-0.9128302735375796,0.1531552241435049,0.846844775856495,0.0001008702848471,0.0001238890839316,0.0010374138699745,True,219.14505622000908,0.2716880671629158,-0.5655505738038931,0.2716880671629158,0.7283119328370842,0.0002317638131828,0.0003415555111738,0.0018514805186325,True,178.2862690355329,0.4636189211419445,-0.1438321946651263,0.4636189211419445,0.5363810788580554,0.0004392168440255,0.0006145249296893,0.0026366197904415,True,77.64868156323452,0.147107419997208,-0.9971622560130062,0.147107419997208,0.852892580002792,0.0007890061629786,0.0011873583150937,0.0035473259285143,True,0.1531552241435049,0.846844775856495,0.9128302735375796,0.2716880671629158,0.7283119328370842,0.5655505738038931,0.4636189211419445,0.5363810788580554,0.1438321946651263,0.147107419997208,0.852892580002792,0.9971622560130062,1,0,0,0.0,1,1,1,1,,0,1,1,0,1,0,0,1.0,1.0,0.0,0.0,0.0,,-0.6936895517129901,0.9128302735375796,-0.45662386567416835,0.5655505738038931,-0.07276215771611094,0.1438321946651263,-0.705785160005584,0.9971622560130062,0.5278865,0.5285385804845233,0.48264545
2025-07-10 12:20:00,2025-07-10 12:55:00,-1,425.75,426.75,pivot,-1.0,0.125575,-1.3255750000000002,-41755.6125,1.0,2025-07-10,425.8,425.95,425.7,0.0,426.8,426.85,426.6,0.0,2025,0.0,0.0,0.0,0.0,0.0,0.0,0.0,0.0,0.0,0.0,0.0,0.0,0.0,0.0,0.0,1.0,1.0,1.0,0,12,3,7,229.93660126026225,0.1534919465984685,-0.9114333442277236,0.1534919465984685,0.8465080534015315,0.0001008702848471,0.0001238890839316,0.0010374138699745,True,47.97275602939163,0.0457494157457608,-1.64123433913002,0.0457494157457608,0.9542505842542393,0.0002317638131828,0.0003415555111738,0.0018514805186325,True,57.190237620735495,0.0787578731157633,-1.3004475318606827,0.0787578731157633,0.9212421268842368,0.0004392168440255,0.0006145249296893,0.0026366197904415,True,83.62778625165451,0.1664506865164331,-0.929938809161066,0.1664506865164331,0.8335493134835669,0.0007890061629786,0.0011873583150937,0.0035473259285143,True,0.8465080534015315,0.1534919465984685,-0.9114333442277236,0.9542505842542393,0.0457494157457608,-1.64123433913002,0.9212421268842368,0.0787578731157633,-1.3004475318606827,0.8335493134835669,0.1664506865164331,-0.929938809161066,1,0,0,0.0,1,1,1,1,,0,1,0,1,1,0,0,1.0,1.0,0.0,0.0,0.0,,0.6930161068030629,0.9114333442277236,0.9085011685084785,1.64123433913002,0.8424842537684735,1.3004475318606827,0.6670986269671337,0.929938809161066,0.5199188,0.5380765420108771,0.50109804
2025-07-11 11:10:00,2025-07-11 12:00:00,-1,429.85,429.45,pivot,0.4000000000000341,0.125779,0.0742210000000341,2337.9615000010745,1.0,2025-07-11,429.7,430.15,429.5,0.0,429.35,429.75,429.35,0.0,2025,0.0,0.0,0.0,0.0,0.0,0.0,0.0,0.0,0.0,0.0,0.0,0.0,0.0,0.0,0.0,1.0,1.0,1.0,1,11,4,7,202.043592294744,0.131052064948476,-0.982066972326294,0.131052064948476,0.868947935051524,0.0001082144071022,0.00012921363367,0.0010778020308498,True,32.77147710295238,0.02987103151059,-1.8830088898731967,0.02987103151059,0.97012896848941,0.0002783061254787,0.0003630390573203,0.001918035898092,True,51.57556923806637,0.0778974357458261,-1.342218523632187,0.0778974357458261,0.9221025642541738,0.0005043911601505,0.0006601006520383,0.0027395272538079,True,93.49587211531228,0.6771424075303951,0.3778600806357642,0.6771424075303951,0.3228575924696049,0.0008911960284328,0.0011615674387762,0.0037007335791884,True,0.868947935051524,0.131052064948476,-0.982066972326294,0.97012896848941,0.02987103151059,-1.8830088898731967,0.9221025642541738,0.0778974357458261,-1.342218523632187,0.3228575924696049,0.6771424075303951,0.3778600806357642,1,0,0,0.0,1,1,1,1,,0,1,1,0,1,0,0,1.0,1.0,0.0,0.0,0.0,,0.737895870103048,0.982066972326294,0.94025793697882,1.8830088898731967,0.8442051285083477,1.342218523632187,-0.35428481506079024,0.3778600806357642,0.5533663,0.503845004623504,0.5374435
2025-07-11 12:00:00,2025-07-11 12:10:00,1,429.45,429.7,pivot,0.25,0.1257745,-0.0757745,-2386.89675,1.0,2025-07-11,429.35,429.75,429.35,0.0,430.0,430.15,429.55,0.0,2025,0.0,0.0,0.0,0.0,0.0,0.0,0.0,0.0,0.0,0.0,0.0,0.0,0.0,0.0,0.0,1.0,1.0,1.0,0,12,4,7,449.9968886129611,0.5570677068692192,0.0961859943686043,0.5570677068692192,0.4429322931307807,0.0001082144071022,0.00012921363367,0.0010778020308498,True,193.9500413645552,0.6627562543248456,0.3573250258653954,0.6627562543248456,0.3372437456751543,0.0002783061254787,0.0003630390573203,0.001918035898092,True,154.87636554424586,0.6091057920244268,0.1842863729570615,0.6091057920244268,0.3908942079755731,0.0005043911601505,0.0006601006520383,0.0027395272538079,True,52.56863049868115,0.0935672124982606,-1.2560540283394706,0.0935672124982606,0.9064327875017392,0.0008911960284328,0.0011615674387762,0.0037007335791884,True,0.5570677068692192,0.4429322931307807,-0.0961859943686043,0.6627562543248456,0.3372437456751543,-0.3573250258653954,0.6091057920244268,0.3908942079755731,-0.1842863729570615,0.0935672124982606,0.9064327875017392,1.2560540283394706,1,0,0,0.0,1,1,1,1,,0,1,0,1,1,0,0,1.0,1.0,0.0,0.0,0.0,,0.11413541373843855,0.0961859943686043,0.32551250864969133,0.3573250258653954,0.2182115840488537,0.1842863729570615,-0.8128655750034786,1.2560540283394706,0.57598656,0.5190695096185386,0.604054
2025-07-11 12:10:00,2025-07-11 14:00:00,1,429.7,430.05,pivot,0.3500000000000227,0.1257925,0.024207500000022725,762.5362500007159,1.0,2025-07-11,430.0,430.15,429.55,0.0,429.8,430.15,429.7,0.0,2025,0.0,0.0,0.0,0.0,0.0,0.0,0.0,0.0,0.0,0.0,0.0,0.0,0.0,0.0,0.0,1.0,1.0,1.0,1,12,4,7,419.3302263261841,0.3455093972728341,-0.3359584757178374,0.3455093972728341,0.654490602727166,0.0001082144071022,0.00012921363367,0.0010778020308498,True,234.65004510166068,0.4356313089253665,-0.1892764664527194,0.4356313089253665,0.5643686910746335,0.0002783061254787,0.0003630390573203,0.001918035898092,True,127.28883088495851,0.7076395503004335,0.4398273898859075,0.7076395503004335,0.2923604496995665,0.0005043911601505,0.0006601006520383,0.0027395272538079,True,80.9736737867868,0.189077290931808,-0.8797081287449044,0.189077290931808,0.810922709068192,0.0008911960284328,0.0011615674387762,0.0037007335791884,True,0.3455093972728341,0.654490602727166,0.3359584757178374,0.4356313089253665,0.5643686910746335,0.1892764664527194,0.7076395503004335,0.2923604496995665,-0.4398273898859075,0.189077290931808,0.810922709068192,0.8797081287449044,1,0,0,0.0,1,1,1,1,,0,1,0,1,1,0,0,1.0,1.0,0.0,0.0,0.0,,-0.3089812054543319,0.3359584757178374,-0.128737382149267,0.1892764664527194,0.415279100600867,0.4398273898859075,-0.6218454181363839,0.8797081287449044,0.54915243,0.5030962459279398,0.60299385
2025-07-18 14:40:00,2025-07-18 15:45:00,1,431.9,431.55,eod,-0.3499999999999659,0.1259035,-0.6759034999999658,-21290.960249998923,1.0,2025-07-18,431.65,432.05,431.65,0.0,431.55,431.55,431.55,0.0,2025,0.0,0.0,0.0,0.0,0.0,0.0,0.0,0.0,0.0,0.0,0.0,0.0,0.0,0.0,0.0,1.0,1.0,1.0,0,14,4,7,269.9237626624387,0.8044654219699001,0.6400917603802437,0.8044654219699001,0.1955345780300998,-4.8800362620678256e-05,-2.217592168457346e-05,0.0011203127843522,True,101.35161322345247,0.8571819510320681,0.9241640566897572,0.8571819510320681,0.1428180489679319,-0.0001465692007906,-9.182680403021952e-05,0.0019802228446223,True,77.43933997185543,0.882628684861629,1.0028839696746925,0.882628684861629,0.1173713151383709,-0.00026667100184,-5.94024711426001e-05,0.0027180772849093,True,57.6211997512483,0.9001706956545272,1.2905742349931468,0.9001706956545272,0.0998293043454727,-0.0004793636663189,-0.0001509523741489,0.0029030629577921,True,0.8044654219699001,0.1955345780300998,-0.6400917603802437,0.8571819510320681,0.1428180489679319,-0.9241640566897572,0.882628684861629,0.1173713151383709,-1.0028839696746925,0.9001706956545272,0.0998293043454727,-1.2905742349931468,1,0,0,0.0,1,1,1,1,,0,1,0,1,1,0,0,1.0,1.0,0.0,0.0,0.0,,0.6089308439398003,0.6400917603802437,0.7143639020641361,0.9241640566897572,0.7652573697232581,1.0028839696746925,0.8003413913090546,1.2905742349931468,0.51897216,0.5051525585847018,0.58804554
2025-07-25 10:55:00,2025-07-25 11:05:00,1,431.9,431.1,pivot,-0.7999999999999545,0.12589,-1.1258899999999545,-35465.53499999857,1.0,2025-07-25,431.55,432.1,431.45,0.0,430.8,431.15,430.5,0.0,2025,0.0,0.0,0.0,0.0,0.0,0.0,0.0,0.0,0.0,0.0,0.0,0.0,0.0,0.0,0.0,1.0,1.0,1.0,0,10,4,7,536.026970133978,0.3952262751470337,-0.2133402278948309,0.3952262751470337,0.6047737248529663,7.33001544843962e-05,0.0001212203686653,0.0011109391631935,True,125.4594476384829,0.8560349561268269,0.730697141480976,0.8560349561268269,0.1439650438731731,0.0002522478122715,0.0004033887666607,0.0018270725069572,True,152.4911196790873,0.8009651454835705,0.5252340167582666,0.8009651454835705,0.1990348545164295,0.000481144357056,0.0006940333020327,0.0022092907883009,True,77.25032725053089,0.8911918421833097,1.0234932974912607,0.8911918421833097,0.1088081578166902,0.0008823787178066,0.0010441006176176,0.0021528315045303,True,0.3952262751470337,0.6047737248529663,0.2133402278948309,0.8560349561268269,0.1439650438731731,-0.730697141480976,0.8009651454835705,0.1990348545164295,-0.5252340167582666,0.8911918421833097,0.1088081578166902,-1.0234932974912607,1,0,0,0.0,1,1,1,1,,0,1,1,0,1,0,0,1.0,1.0,0.0,0.0,0.0,,-0.20954744970593264,0.2133402278948309,0.7120699122536538,0.730697141480976,0.6019302909671409,0.5252340167582666,0.7823836843666195,1.0234932974912607,0.5538237,0.5328062038290916,0.560553
2025-07-28 11:25:00,2025-07-28 11:35:00,-1,429.9,430.75,pivot,-0.8500000000000227,0.1258195,-1.1758195000000229,-37038.31425000072,1.0,2025-07-28,430.5,430.6,429.85,0.0,431.0,431.15,430.75,0.0,2025,0.0,0.0,0.0,0.0,0.0,0.0,0.0,0.0,0.0,0.0,0.0,0.0,0.0,0.0,0.0,1.0,1.0,1.0,0,11,0,7,237.371019607972,0.8212695800870414,0.7674301229201338,0.8212695800870414,0.1787304199129585,-6.671934196881393e-05,-9.938715171922998e-05,0.0011922914359659,True,147.32514409312978,0.223870431505704,-0.606543539946054,0.223870431505704,0.7761295684942959,-0.0002613211469925,-0.0003221558456642,0.0021549608978528,True,100.27035374881592,0.2255780343870681,-0.590055686374674,0.2255780343870681,0.7744219656129319,-0.0005358298493217,-0.0007207528887657,0.0029185431408744,True,74.90738851051009,0.2170428571637667,-0.6248248282074719,0.2170428571637667,0.7829571428362333,-0.0012325846202542,-0.0013952970801246,0.0040920553692516,True,0.1787304199129585,0.8212695800870414,0.7674301229201338,0.7761295684942959,0.223870431505704,-0.606543539946054,0.7744219656129319,0.2255780343870681,-0.590055686374674,0.7829571428362333,0.2170428571637667,-0.6248248282074719,1,0,0,0.0,1,1,1,1,,0,1,1,0,1,0,0,1.0,1.0,0.0,0.0,0.0,,-0.642539160174083,0.7674301229201338,0.552259136988592,0.606543539946054,0.5488439312258637,0.590055686374674,0.5659142856724666,0.6248248282074719,0.50373286,0.5003085430729636,0.54594994
2025-07-29 11:00:00,2025-07-29 11:40:00,1,433.55,434.8,pivot,1.25,0.1260505,0.9239495,29104.40925,1.0,2025-07-29,433.5,433.7,433.15,0.0,435.15,435.3,434.75,0.0,2025,0.0,0.0,0.0,0.0,0.0,0.0,0.0,0.0,0.0,0.0,0.0,0.0,0.0,0.0,0.0,1.0,1.0,1.0,1,11,1,7,293.99950952777573,0.7744224135635543,0.628652866552694,0.7744224135635543,0.2255775864364456,0.0001082144071022,0.00012921363367,0.0010778020308498,True,194.5037164763486,0.6606227238926705,0.3515915528931302,0.6606227238926705,0.3393772761073295,0.0002783061254787,0.0003630390573203,0.001918035898092,True,94.49301391666374,0.8072315175396326,0.7697335053570267,0.8072315175396326,0.1927684824603673,0.0005043911601505,0.0006601006520383,0.0027395272538079,True,40.408712390009285,0.9051612761674208,1.2784864422338764,0.9051612761674208,0.0948387238325793,0.0008911960284328,0.0011615674387762,0.0037007335791884,True,0.7744224135635543,0.2255775864364456,-0.628652866552694,0.6606227238926705,0.3393772761073295,-0.3515915528931302,0.8072315175396326,0.1927684824603673,-0.7697335053570267,0.9051612761674208,0.0948387238325793,-1.2784864422338764,1,0,0,0.0,1,1,1,1,,0,1,1,0,1,0,0,1.0,1.0,0.0,0.0,0.0,,0.5488448271271087,0.628652866552694,0.32124544778534103,0.3515915528931302,0.6144630350792654,0.7697335053570267,0.8103225523348415,1.2784864422338764,0.540392,0.5171183317574936,0.5386945
2025-07-29 13:55:00,2025-07-29 14:20:00,-1,435.15,435.55,pivot,-0.4000000000000341,0.126121,-0.7261210000000343,-22872.81150000108,1.0,2025-07-29,434.9,435.15,434.5,0.0,435.6,435.9,435.5,0.0,2025,0.0,0.0,0.0,0.0,0.0,0.0,0.0,0.0,0.0,0.0,0.0,0.0,0.0,0.0,0.0,1.0,1.0,1.0,0,13,1,7,118.18706443327916,0.0776890302145267,-1.2926477761822222,0.0776890302145267,0.9223109697854732,0.0001082144071022,0.00012921363367,0.0010778020308498,True,54.60812135632054,0.0569091113953223,-1.5662576355159776,0.0569091113953223,0.9430908886046776,0.0002783061254787,0.0003630390573203,0.001918035898092,True,56.12064139634702,0.0858604864983884,-1.288737485665623,0.0858604864983884,0.9141395135016116,0.0005043911601505,0.0006601006520383,0.0027395272538079,True,90.00083458347368,0.2405423483805414,-0.7174846928975106,0.2405423483805414,0.7594576516194587,0.0008911960284328,0.0011615674387762,0.0037007335791884,True,0.9223109697854732,0.0776890302145267,-1.2926477761822222,0.9430908886046776,0.0569091113953223,-1.5662576355159776,0.9141395135016116,0.0858604864983884,-1.288737485665623,0.7594576516194587,0.2405423483805414,-0.7174846928975106,1,0,0,0.0,1,1,1,1,,0,1,0,1,1,0,0,1.0,1.0,0.0,0.0,0.0,,0.8446219395709466,1.2926477761822222,0.8861817772093553,1.5662576355159776,0.8282790270032232,1.288737485665623,0.5189153032389173,0.7174846928975106,0.5428572,0.5237865293642346,0.4970811
2025-07-30 10:35:00,2025-07-30 14:20:00,1,439.45,442.1,pivot,2.650000000000034,0.1264465,2.3235535000000342,73191.93525000107,1.0,2025-07-30,439.15,439.65,438.95,0.0,442.35,442.4,441.6,0.0,2025,0.0,0.0,0.0,0.0,0.0,0.0,0.0,0.0,0.0,0.0,0.0,0.0,0.0,0.0,0.0,1.0,1.0,1.0,1,10,2,7,333.3605178122949,0.7363049921636803,0.5154578880666312,0.7363049921636803,0.2636950078363197,0.0001082144071022,0.00012921363367,0.0010778020308498,True,171.23035982161247,0.2121187062242151,-0.7243469371593837,0.2121187062242151,0.7878812937757849,0.0002783061254787,0.0003630390573203,0.001918035898092,True,49.70177338119916,0.0748915403072331,-1.363665710924426,0.0748915403072331,0.9251084596927668,0.0005043911601505,0.0006601006520383,0.0027395272538079,True,85.54095680791833,0.7240206498871471,0.5197943499621703,0.7240206498871471,0.2759793501128529,0.0008911960284328,0.0011615674387762,0.0037007335791884,True,0.7363049921636803,0.2636950078363197,-0.5154578880666312,0.2121187062242151,0.7878812937757849,0.7243469371593837,0.0748915403072331,0.9251084596927668,1.363665710924426,0.7240206498871471,0.2759793501128529,-0.5197943499621703,1,0,0,0.0,1,1,1,1,,0,1,1,0,1,0,0,1.0,1.0,0.0,0.0,0.0,,0.47260998432736057,0.5154578880666312,-0.5757625875515697,0.7243469371593837,-0.8502169193855337,1.363665710924426,0.4480412997742942,0.5197943499621703,0.60744905,0.5222523385138234,0.47159815
2025-08-14 14:40:00,2025-08-14 15:45:00,1,436.4,436.0,eod,-0.3999999999999772,0.126172,-0.7261719999999772,-22874.41799999928,1.0,2025-08-14,436.25,436.55,436.15,0.0,436.0,436.0,436.0,0.0,2025,0.0,0.0,0.0,0.0,0.0,0.0,0.0,0.0,0.0,0.0,0.0,0.0,0.0,0.0,0.0,1.0,1.0,1.0,0,14,3,8,548.798555993837,0.395220619349042,-0.2113165436104367,0.395220619349042,0.6047793806509579,7.08978687716317e-05,0.0001153229552514,0.0010877706424866,True,214.26833135094745,0.1899875887569436,-0.6428928181866176,0.1899875887569436,0.8100124112430563,0.0002416082647824,0.000394238116338,0.0018599516855042,True,257.11700870689845,0.3451185105687723,-0.361576569830232,0.3451185105687723,0.6548814894312276,0.0004708028207667,0.0006743801846175,0.0021818923780035,True,202.61194824259076,0.6580988513197221,0.2647018152891516,0.6580988513197221,0.3419011486802779,0.0010005322304513,0.0011340134781062,0.0022125930673374,True,0.395220619349042,0.6047793806509579,0.2113165436104367,0.1899875887569436,0.8100124112430563,0.6428928181866176,0.3451185105687723,0.6548814894312276,0.361576569830232,0.6580988513197221,0.3419011486802779,-0.2647018152891516,1,0,0,0.0,1,1,1,1,,0,1,0,1,1,0,0,1.0,1.0,0.0,0.0,0.0,,-0.20955876130191592,0.2113165436104367,-0.6200248224861127,0.6428928181866176,-0.3097629788624553,0.361576569830232,0.31619770263944424,0.2647018152891516,0.51671255,0.5502496060248441,0.48096094
2025-08-20 14:05:00,2025-08-20 14:15:00,1,420.95,422.4,pivot,1.4499999999999886,0.1253005,1.1246994999999886,35428.03424999964,1.0,2025-08-20,421.55,421.7,420.9,0.0,422.65,422.8,422.35,0.0,2025,0.0,0.0,0.0,0.0,0.0,0.0,0.0,0.0,0.0,0.0,0.0,0.0,0.0,0.0,0.0,1.0,1.0,1.0,1,14,2,8,495.1867039637624,0.4691983258276836,-0.0645358936561152,0.4691983258276836,0.5308016741723164,-5.6823070884364514e-05,-4.460919574484269e-05,0.0011461146956911,True,102.38180780759252,0.8499007405732377,0.9031553710422812,0.8499007405732377,0.1500992594267622,-0.0001433375050529,-8.638515833218315e-05,0.0020668596592672,True,125.63439057906744,0.7548057089568116,0.5457523316307384,0.7548057089568116,0.2451942910431883,-0.00026667100184,-5.94024711426001e-05,0.0027180772849093,True,12.353949039585446,0.975170091393591,2.223726652339404,0.975170091393591,0.0248299086064089,-0.0004793636663189,-0.0001509523741489,0.0029030629577921,True,0.4691983258276836,0.5308016741723164,0.0645358936561152,0.8499007405732377,0.1500992594267622,-0.9031553710422812,0.7548057089568116,0.2451942910431883,-0.5457523316307384,0.975170091393591,0.0248299086064089,-2.223726652339404,1,0,0,0.0,1,1,1,1,,0,1,0,1,1,0,0,1.0,1.0,0.0,0.0,0.0,,-0.06160334834463277,0.0645358936561152,0.6998014811464756,0.9031553710422812,0.5096114179136233,0.5457523316307384,0.9503401827871821,2.223726652339404,0.52063483,0.5274954335161316,0.48287734
2025-08-22 10:45:00,2025-08-22 11:20:00,-1,429.15,429.25,pivot,-0.1000000000000227,0.125752,-0.4257520000000228,-13411.188000000717,1.0,2025-08-22,428.8,429.15,428.75,0.0,428.8,429.25,428.75,0.0,2025,0.0,0.0,0.0,0.0,0.0,0.0,0.0,0.0,0.0,0.0,0.0,0.0,0.0,0.0,0.0,1.0,1.0,1.0,0,10,4,8,443.01509730498617,0.6165208466108729,0.2374971168838079,0.6165208466108729,0.3834791533891271,9.82101558435293e-05,9.43711128857721e-05,0.0010739298750708,True,135.31031232282615,0.1674807163661612,-0.8396799430994832,0.1674807163661612,0.8325192836338388,0.0002837346126441,0.000282490401815,0.0018610385997654,True,164.6665809605676,0.6498166110054249,0.3141019264530968,0.6498166110054249,0.3501833889945751,0.0005701180044548,0.0005850742478382,0.0025894918878418,True,90.94321337862291,0.2695083829690283,-0.5765435877428162,0.2695083829690283,0.7304916170309717,0.0011320981626834,0.0010843226410772,0.0032940723718186,True,0.3834791533891271,0.6165208466108729,0.2374971168838079,0.8325192836338388,0.1674807163661612,-0.8396799430994832,0.3501833889945751,0.6498166110054249,0.3141019264530968,0.7304916170309717,0.2695083829690283,-0.5765435877428162,1,0,0,0.0,1,1,1,1,,0,1,1,0,1,0,0,1.0,1.0,0.0,0.0,0.0,,-0.23304169322174584,0.2374971168838079,0.6650385672676775,0.8396799430994832,-0.2996332220108498,0.3141019264530968,0.46098323406194336,0.5765435877428162,0.50440896,0.5093197221123672,0.46460977
2025-08-28 12:20:00,2025-08-28 15:15:00,1,433.5,432.85,pivot,-0.6499999999999773,0.1259905,-0.9759904999999772,-30743.700749999283,1.0,2025-08-28,433.25,433.5,433.05,0.0,432.8,432.9,432.65,0.0,2025,0.0,0.0,0.0,0.0,0.0,0.0,0.0,0.0,0.0,0.0,0.0,0.0,0.0,0.0,0.0,1.0,1.0,1.0,0,12,3,8,505.9071948396432,0.662248969019582,0.2212794123850021,0.662248969019582,0.337751030980418,5.894861017165313e-05,0.0001216824790875,0.0010144550956458,True,191.82141622269995,0.8078549647339811,0.5164111873402162,0.8078549647339811,0.1921450352660189,0.0001957579073269,0.0003441712294068,0.0017925061148201,True,161.80354621003897,0.8023695861125721,0.5523517004002545,0.8023695861125721,0.1976304138874278,0.0004653896293669,0.000665339367062,0.0021403685647774,True,136.99115566423967,0.7976631808757378,0.635176516480625,0.7976631808757378,0.2023368191242621,0.0011007001456398,0.0012288041313053,0.0022484464877046,True,0.662248969019582,0.337751030980418,-0.2212794123850021,0.8078549647339811,0.1921450352660189,-0.5164111873402162,0.8023695861125721,0.1976304138874278,-0.5523517004002545,0.7976631808757378,0.2023368191242621,-0.635176516480625,1,0,0,0.0,1,1,1,1,,0,1,0,1,1,0,0,1.0,1.0,0.0,0.0,0.0,,0.324497938039164,0.2212794123850021,0.6157099294679622,0.5164111873402162,0.6047391722251443,0.5523517004002545,0.5953263617514757,0.635176516480625,0.5156203,0.5240626913729911,0.48209035
2025-09-02 12:50:00,2025-09-02 15:15:00,1,427.7,427.75,pivot,0.0500000000000113,0.1256635,-0.2756634999999886,-8683.400249999642,1.0,2025-09-02,427.95,428.05,427.6,0.0,427.85,427.95,427.6,0.0,2025,0.0,0.0,0.0,0.0,0.0,0.0,0.0,0.0,0.0,0.0,0.0,0.0,0.0,0.0,0.0,1.0,1.0,1.0,0,12,1,9,606.4199829935149,0.4641636914091586,-0.1199486104509269,0.4641636914091586,0.5358363085908414,5.894861017165313e-05,0.0001216824790875,0.0010144550956458,True,346.60137246915104,0.5548045528434392,0.0037296660721905,0.5548045528434392,0.4451954471565608,0.0001957579073269,0.0003441712294068,0.0017925061148201,True,243.18503664008205,0.5896842369754003,0.0717249312357317,0.5896842369754003,0.4103157630245997,0.0004653896293669,0.000665339367062,0.0021403685647774,True,209.9640402096861,0.6170330504624204,0.1821618872889692,0.6170330504624204,0.3829669495375796,0.0011007001456398,0.0012288041313053,0.0022484464877046,True,0.4641636914091586,0.5358363085908414,0.1199486104509269,0.5548045528434392,0.4451954471565608,-0.0037296660721905,0.5896842369754003,0.4103157630245997,-0.0717249312357317,0.6170330504624204,0.3829669495375796,-0.1821618872889692,1,0,0,0.0,1,1,1,1,,0,1,0,1,1,0,0,1.0,1.0,0.0,0.0,0.0,,-0.07167261718168283,0.1199486104509269,0.10960910568687843,0.0037296660721905,0.17936847395080058,0.0717249312357317,0.23406610092484081,0.1821618872889692,0.51930624,0.5236432835388742,0.48592377
2025-09-04 10:55:00,2025-09-04 12:05:00,1,432.15,431.95,pivot,-0.1999999999999886,0.125923,-0.5259229999999886,-16566.574499999642,1.0,2025-09-04,432.2,432.45,431.95,0.0,431.7,432.0,431.55,0.0,2025,0.0,0.0,0.0,0.0,0.0,0.0,0.0,0.0,0.0,0.0,0.0,0.0,0.0,0.0,0.0,1.0,1.0,1.0,0,10,3,9,635.0810688801,0.4607137456795623,-0.1285814643211966,0.4607137456795623,0.5392862543204376,6.153622595933032e-05,0.0001240095116148,0.0009644431432594,True,128.80319924595725,0.8700820538168353,0.7138809922629955,0.8700820538168353,0.1299179461831646,0.0001752878888702,0.0003516891743521,0.0017805814934258,True,258.17863666753624,0.573969576785385,0.0400666013054949,0.573969576785385,0.426030423214615,0.0004174712013015,0.0006111092929313,0.0020979896149323,True,217.65771101014715,0.5060221913598353,-0.0565965543860271,0.5060221913598353,0.4939778086401647,0.0010154081559041,0.0011697105028928,0.0022400000919823,True,0.4607137456795623,0.5392862543204376,0.1285814643211966,0.8700820538168353,0.1299179461831646,-0.7138809922629955,0.573969576785385,0.426030423214615,-0.0400666013054949,0.5060221913598353,0.4939778086401647,0.0565965543860271,1,0,0,0.0,1,1,1,1,,0,1,1,0,1,0,0,1.0,1.0,0.0,0.0,0.0,,-0.07857250864087534,0.1285814643211966,0.7401641076336707,0.7138809922629955,0.14793915357076998,0.0400666013054949,0.012044382719670566,0.0565965543860271,0.5365265,0.5141753734160859,0.4671737
2025-09-08 11:00:00,2025-09-08 11:45:00,1,434.3,433.8,pivot,-0.5,0.126043,-0.8260430000000001,-26020.3545,1.0,2025-09-08,434.15,434.45,434.05,0.0,433.8,433.85,433.75,0.0,2025,0.0,0.0,0.0,0.0,0.0,0.0,0.0,0.0,0.0,0.0,0.0,0.0,0.0,0.0,0.0,1.0,1.0,1.0,0,11,0,9,186.17685677871947,0.1030083845839712,-0.9633706644419984,0.1030083845839712,0.8969916154160287,6.153622595933032e-05,0.0001240095116148,0.0009644431432594,True,229.00108556110797,0.1864306037221748,-0.6496730976631656,0.1864306037221748,0.8135693962778252,0.0001752878888702,0.0003516891743521,0.0017805814934258,True,269.0574985760746,0.5116362519320312,-0.0718578940137325,0.5116362519320312,0.4883637480679688,0.0004174712013015,0.0006111092929313,0.0020979896149323,True,208.13406217839645,0.603578269390471,0.1460756976942311,0.603578269390471,0.396421730609529,0.0010154081559041,0.0011697105028928,0.0022400000919823,True,0.1030083845839712,0.8969916154160287,0.9633706644419984,0.1864306037221748,0.8135693962778252,0.6496730976631656,0.5116362519320312,0.4883637480679688,0.0718578940137325,0.603578269390471,0.396421730609529,-0.1460756976942311,1,0,0,0.0,1,1,1,1,,0,1,1,0,1,0,0,1.0,1.0,0.0,0.0,0.0,,-0.7939832308320575,0.9633706644419984,-0.6271387925556504,0.6496730976631656,0.023272503864062433,0.0718578940137325,0.20715653878094198,0.1460756976942311,0.5129576,0.6276707458081672,0.47886342
2025-09-12 12:20:00,2025-09-12 15:45:00,1,463.15,464.4,eod,1.25,0.1278265,0.9221735000000001,29048.46525,1.0,2025-09-12,463.2,463.35,463.05,0.0,464.4,464.4,464.4,0.0,2025,0.0,0.0,0.0,0.0,0.0,0.0,0.0,0.0,0.0,0.0,0.0,0.0,0.0,0.0,0.0,1.0,1.0,1.0,1,12,4,9,528.2069930429502,0.5776608384895228,0.1547507226111329,0.5776608384895228,0.4223391615104772,7.123543292463019e-05,7.62766939182306e-05,0.0009018773609461,True,268.28288888219646,0.6531786113201572,0.3131115934362294,0.6531786113201572,0.3468213886798428,0.0002294139308155,0.0002635028401877,0.0015718073574903,True,226.23939765332608,0.4014825878321365,-0.2214918830996306,0.4014825878321365,0.5985174121678635,0.0005354613853721,0.0005720954938966,0.0020956970400134,True,180.1483066455168,0.4478391934559682,-0.140145623467699,0.4478391934559682,0.5521608065440318,0.001153566810849,0.0012312662157838,0.0026230935226049,True,0.5776608384895228,0.4223391615104772,-0.1547507226111329,0.6531786113201572,0.3468213886798428,-0.3131115934362294,0.4014825878321365,0.5985174121678635,0.2214918830996306,0.4478391934559682,0.5521608065440318,0.140145623467699,1,0,0,0.0,1,1,1,1,,0,1,0,1,1,0,0,1.0,1.0,0.0,0.0,0.0,,0.1553216769790456,0.1547507226111329,0.3063572226403144,0.3131115934362294,-0.197034824335727,0.2214918830996306,-0.10432161308806359,0.140145623467699,0.5054873,0.5472203693164784,0.45313632
2025-09-15 10:35:00,2025-09-15 10:40:00,1,465.9,465.3,pivot,-0.5999999999999659,0.127936,-0.9279359999999659,-29229.983999998927,1.0,2025-09-15,465.3,465.95,465.3,0.0,465.25,465.6,464.9,0.0,2025,0.0,0.0,0.0,0.0,0.0,0.0,0.0,0.0,0.0,0.0,0.0,0.0,0.0,0.0,0.0,1.0,1.0,1.0,0,10,0,9,182.01061511890344,0.894030313617178,1.108450483455416,0.894030313617178,0.105969686382822,7.123543292463019e-05,7.62766939182306e-05,0.0009018773609461,True,10.05892040563617,0.0132341100315126,-2.489581123977582,0.0132341100315126,0.9867658899684874,0.0002294139308155,0.0002635028401877,0.0015718073574903,True,40.16804447759312,0.0499802812369927,-1.554112597938387,0.0499802812369927,0.9500197187630072,0.0005354613853721,0.0005720954938966,0.0020956970400134,True,8.806624722543575,0.0164245090377154,-2.228193828878697,0.0164245090377154,0.9835754909622844,0.001153566810849,0.0012312662157838,0.0026230935226049,True,0.894030313617178,0.105969686382822,-1.108450483455416,0.0132341100315126,0.9867658899684874,2.489581123977582,0.0499802812369927,0.9500197187630072,1.554112597938387,0.0164245090377154,0.9835754909622844,2.228193828878697,1,0,0,0.0,1,1,1,1,,0,1,1,0,1,0,0,1.0,1.0,0.0,0.0,0.0,,0.788060627234356,1.108450483455416,-0.9735317799369747,2.489581123977582,-0.9000394375260145,1.554112597938387,-0.9671509819245689,2.228193828878697,0.50379264,0.5906807272905872,0.4576289
2025-09-25 10:35:00,2025-09-25 10:45:00,-1,481.5,481.8,pivot,-0.3000000000000113,0.128899,-0.6288990000000113,-19810.318500000358,1.0,2025-09-25,480.7,481.5,480.7,0.0,481.5,481.9,481.1,0.0,2025,0.0,0.0,0.0,0.0,0.0,0.0,0.0,0.0,0.0,0.0,0.0,0.0,0.0,0.0,0.0,1.0,1.0,1.0,0,10,3,9,544.6759054891168,0.4627861278287946,-0.0859600780183766,0.4627861278287946,0.5372138721712054,6.78442214416452e-05,7.56703266874498e-05,0.0008802961611001,True,86.40300834988473,0.0809512132655281,-1.2964389938677068,0.0809512132655281,0.919048786734472,0.000226085661109,0.0002515749384616,0.001474422288432,True,222.55005923245832,0.372149434687527,-0.2842705554437858,0.372149434687527,0.6278505653124731,0.0005435474751371,0.0005642453104316,0.0019848883383324,True,116.325293463754,0.7614586269937312,0.6467478131063202,0.7614586269937312,0.2385413730062687,0.001125905003543,0.0012487571059793,0.0025709492683494,True,0.5372138721712054,0.4627861278287946,-0.0859600780183766,0.919048786734472,0.0809512132655281,-1.2964389938677068,0.6278505653124731,0.372149434687527,-0.2842705554437858,0.2385413730062687,0.7614586269937312,0.6467478131063202,1,0,0,0.0,1,1,1,1,,0,1,1,0,1,0,0,1.0,1.0,0.0,0.0,0.0,,0.07442774434241084,0.0859600780183766,0.8380975734689439,1.2964389938677068,0.2557011306249461,0.2842705554437858,-0.5229172539874625,0.6467478131063202,0.54144084,0.5186267572334758,0.45757154
2025-09-25 12:10:00,2025-09-25 15:45:00,1,481.85,481.1,eod,-0.75,0.1288885,-1.0788885,-33984.98775,1.0,2025-09-25,481.35,481.95,481.3,0.0,481.1,481.1,481.1,0.0,2025,0.0,0.0,0.0,0.0,0.0,0.0,0.0,0.0,0.0,0.0,0.0,0.0,0.0,0.0,0.0,1.0,1.0,1.0,0,12,3,9,544.6759054891168,0.4627861278287946,-0.0859600780183766,0.4627861278287946,0.5372138721712054,6.78442214416452e-05,7.56703266874498e-05,0.0008802961611001,True,315.92468078805155,0.5604152619558407,0.1109731241732607,0.5604152619558407,0.4395847380441593,0.000226085661109,0.0002515749384616,0.001474422288432,True,140.63862361480767,0.8308635926430965,0.8148873517031957,0.8308635926430965,0.1691364073569035,0.0005435474751371,0.0005642453104316,0.0019848883383324,True,84.74736731957199,0.1307772336240947,-1.0907291376284962,0.1307772336240947,0.8692227663759052,0.001125905003543,0.0012487571059793,0.0025709492683494,True,0.4627861278287946,0.5372138721712054,0.0859600780183766,0.5604152619558407,0.4395847380441593,-0.1109731241732607,0.8308635926430965,0.1691364073569035,-0.8148873517031957,0.1307772336240947,0.8692227663759052,1.0907291376284962,1,0,0,0.0,1,1,1,1,,0,1,0,1,1,0,0,1.0,1.0,0.0,0.0,0.0,,-0.07442774434241084,0.0859600780183766,0.12083052391168136,0.1109731241732607,0.661727185286193,0.8148873517031957,-0.7384455327518105,1.0907291376284962,0.518857,0.5810841230397881,0.48736775
2025-09-29 12:45:00,2025-09-29 15:45:00,1,477.05,477.05,eod,0.0,0.128623,-0.328623,-10351.6245,1.0,2025-09-29,476.6,477.1,476.55,0.0,477.05,477.05,477.05,0.0,2025,0.0,0.0,0.0,0.0,0.0,0.0,0.0,0.0,0.0,0.0,0.0,0.0,0.0,0.0,0.0,1.0,1.0,1.0,0,12,0,9,448.28369026594106,0.7877219137988039,0.5140592079029594,0.7877219137988039,0.2122780862011961,5.172658680004307e-05,9.298157569301376e-05,0.0008388330845798,True,388.24503642834543,0.6104163674531126,0.1027160404757431,0.6104163674531126,0.3895836325468874,0.000146282909498,0.0002723436038402,0.0014310089097316,True,285.6269405562936,0.4879527664534444,-0.111809004323061,0.4879527664534444,0.5120472335465556,0.0003566194272202,0.0005284119614592,0.0019133527668743,True,221.34288133842836,0.5712820339211387,0.0892889950645688,0.5712820339211387,0.4287179660788612,0.0009422438806171,0.0010665684163886,0.0021497944638116,True,0.7877219137988039,0.2122780862011961,-0.5140592079029594,0.6104163674531126,0.3895836325468874,-0.1027160404757431,0.4879527664534444,0.5120472335465556,0.111809004323061,0.5712820339211387,0.4287179660788612,-0.0892889950645688,1,0,0,0.0,1,1,1,1,,0,1,0,1,1,0,0,1.0,1.0,0.0,0.0,0.0,,0.5754438275976077,0.5140592079029594,0.22083273490622518,0.1027160404757431,-0.024094467093111194,0.111809004323061,0.14256406784227754,0.0892889950645688,0.51512593,0.5849084238423252,0.5154984
2025-10-02 14:50:00,2025-10-02 14:55:00,1,497.5,497.85,pivot,0.3500000000000227,0.1298605,0.020139500000022733,634.394250000716,1.0,2025-10-02,497.85,497.95,497.25,0.0,497.6,498.0,497.6,0.0,2025,0.0,0.0,0.0,0.0,0.0,0.0,0.0,0.0,0.0,0.0,0.0,0.0,0.0,0.0,0.0,1.0,1.0,1.0,1,14,3,10,101.48323997361528,0.0607104468113852,-1.308608201923315,0.0607104468113852,0.9392895531886148,5.172658680004307e-05,9.298157569301376e-05,0.0008388330845798,True,325.2349273629807,0.2507482462757827,-0.5414577934066551,0.2507482462757827,0.7492517537242174,0.000146282909498,0.0002723436038402,0.0014310089097316,True,286.1424849945522,0.4842564684567764,-0.1185345066331229,0.4842564684567764,0.5157435315432235,0.0003566194272202,0.0005284119614592,0.0019133527668743,True,22.457845386404788,0.022472117727057,-1.6636399224045315,0.022472117727057,0.977527882272943,0.0009422438806171,0.0010665684163886,0.0021497944638116,True,0.0607104468113852,0.9392895531886148,1.308608201923315,0.2507482462757827,0.7492517537242174,0.5414577934066551,0.4842564684567764,0.5157435315432235,0.1185345066331229,0.022472117727057,0.977527882272943,1.6636399224045315,1,0,0,0.0,1,1,1,1,,0,1,0,1,1,0,0,1.0,1.0,0.0,0.0,0.0,,-0.8785791063772297,1.308608201923315,-0.4985035074484347,0.5414577934066551,-0.03148706308644711,0.1185345066331229,-0.9550557645458859,1.6636399224045315,0.5095415,0.660072072912299,0.5352907
2025-10-02 14:55:00,2025-10-02 15:25:00,1,497.85,496.0,pivot,-1.8500000000000227,0.1298155,-2.1798155000000228,-68664.18825000072,1.0,2025-10-02,497.6,498.0,497.6,0.0,494.85,496.7,494.0,0.0,2025,0.0,0.0,0.0,0.0,0.0,0.0,0.0,0.0,0.0,0.0,0.0,0.0,0.0,0.0,0.0,1.0,1.0,1.0,0,14,3,10,671.3058065184497,0.6037964609310604,0.1288023274669968,0.6037964609310604,0.3962035390689395,5.172658680004307e-05,9.298157569301376e-05,0.0008388330845798,True,384.9420416147456,0.3593696775150132,-0.3307655367787568,0.3593696775150132,0.6406303224849867,0.000146282909498,0.0002723436038402,0.0014310089097316,True,178.35207374958577,0.7969102113390031,0.5649363476496574,0.7969102113390031,0.2030897886609969,0.0003566194272202,0.0005284119614592,0.0019133527668743,True,10.52968173787913,0.014452189590219,-1.896510405013773,0.014452189590219,0.9855478104097808,0.0009422438806171,0.0010665684163886,0.0021497944638116,True,0.6037964609310604,0.3962035390689395,-0.1288023274669968,0.3593696775150132,0.6406303224849867,0.3307655367787568,0.7969102113390031,0.2030897886609969,-0.5649363476496574,0.014452189590219,0.9855478104097808,1.896510405013773,1,0,0,0.0,1,1,1,1,,0,1,0,1,1,0,0,1.0,1.0,0.0,0.0,0.0,,0.20759292186212092,0.1288023274669968,-0.28126064496997355,0.3307655367787568,0.5938204226780062,0.5649363476496574,-0.9710956208195618,1.896510405013773,0.5405958,0.6103825247066997,0.51431346
2025-10-14 14:05:00,2025-10-14 14:50:00,1,496.75,496.75,pivot,0.0,0.129805,-0.329805,-10388.8575,1.0,2025-10-14,497.6,497.7,496.3,0.0,496.85,497.1,496.35,0.0,2025,0.0,0.0,0.0,0.0,0.0,0.0,0.0,0.0,0.0,0.0,0.0,0.0,0.0,0.0,0.0,1.0,1.0,0.0,0,14,1,10,3.14500009648772,0.9997664915495944,4.9176200248966815,0.9997664915495944,0.0002335084504055,-4.254845022231719e-05,-5.257726596261265e-05,0.0008914854512841,True,3.003664839792368,0.9967808219531142,3.963925063913746,0.9967808219531142,0.0032191780468857,-0.0001630520644023,-0.0002375972895419,0.0014584352625323,True,2.506745703102797,0.9968931338321244,2.810287700193588,0.9968931338321244,0.0031068661678755,-0.0004286875340268,-0.0005495069758107,0.0017368031097496,True,0.0722763504952876,1.437678342264885e-05,-4.509119941340952,1.437678342264885e-05,0.9999856232165774,-0.0010583489201099,-0.0012201461728073,0.0021018029307727,True,0.9997664915495944,0.0002335084504055,-4.9176200248966815,0.9967808219531142,0.0032191780468857,-3.963925063913746,0.9968931338321244,0.0031068661678755,-2.810287700193588,1.437678342264885e-05,0.9999856232165774,4.509119941340952,1,0,0,0.0,1,1,1,1,,0,1,0,1,1,0,0,1.0,1.0,0.0,0.0,0.0,,0.9995329830991889,4.9176200248966815,0.9935616439062286,3.963925063913746,0.9937862676642489,2.810287700193588,-0.9999712464331547,4.509119941340952,0.5107371,0.6241777165826421,0.49692303
2025-10-15 13:00:00,2025-10-15 15:45:00,-1,508.55,511.5,eod,-2.9499999999999886,0.1306015,-3.2806014999999884,-103338.94724999963,1.0,2025-10-15,508.25,508.65,507.95,0.0,511.5,511.5,511.5,0.0,2025,0.0,0.0,0.0,0.0,0.0,0.0,0.0,0.0,0.0,0.0,0.0,0.0,0.0,0.0,0.0,1.0,1.0,1.0,0,13,2,10,253.49497501664888,0.8759654575381934,0.8025092764107293,0.8759654575381934,0.1240345424618065,5.482188797353922e-05,0.0001014144736787,0.0008549959393961,True,410.2927998399216,0.4896873477675521,-0.0977984686105068,0.4896873477675521,0.5103126522324479,0.0001234946216906,0.0002340731416113,0.0013871635797886,True,236.45539219139948,0.7390060931620899,0.4669598741114111,0.7390060931620899,0.2609939068379101,0.0002497705008726,0.0003407626182351,0.0015896178497638,True,128.49155947325997,0.8278293650677525,0.8731726936083304,0.8278293650677525,0.1721706349322475,0.0006967535303682,0.0007486298203431,0.0018506113542808,True,0.1240345424618065,0.8759654575381934,0.8025092764107293,0.5103126522324479,0.4896873477675521,-0.0977984686105068,0.2609939068379101,0.7390060931620899,0.4669598741114111,0.1721706349322475,0.8278293650677525,0.8731726936083304,1,0,0,0.0,1,1,1,1,,0,1,0,1,1,0,0,1.0,1.0,0.0,0.0,0.0,,-0.751930915076387,0.8025092764107293,0.020625304464895855,0.0977984686105068,-0.4780121863241798,0.4669598741114111,-0.655658730135505,0.8731726936083304,0.51125854,0.6178316479718833,0.4819854
2025-10-16 10:50:00,2025-10-16 12:30:00,-1,520.8,521.75,pivot,-0.9500000000000456,0.1312765,-1.281276500000046,-40360.20975000144,1.0,2025-10-16,521.1,521.3,520.5,0.0,522.2,522.35,521.75,0.0,2025,0.0,0.0,0.0,0.0,0.0,0.0,0.0,0.0,0.0,0.0,0.0,0.0,0.0,0.0,0.0,1.0,1.0,1.0,0,10,3,10,118.24450560875552,0.0641670828338476,-1.4527524937076468,0.0641670828338476,0.9358329171661524,7.890967811901278e-05,9.843635556691966e-05,0.0009261720301488,True,47.43069004107127,0.0543596388768519,-1.5803021657535452,0.0543596388768519,0.945640361123148,0.0002361927805951,0.0002847365937121,0.0015756610556173,True,221.86593871116696,0.5315413177629634,0.0325030466361122,0.5315413177629634,0.4684586822370365,0.0005309813506079,0.0005994546834808,0.0022362564259587,True,159.13811248213983,0.3853070912079549,-0.2954318256918292,0.3853070912079549,0.6146929087920451,0.0009868936796971,0.001154468089245,0.0029328711527659,True,0.9358329171661524,0.0641670828338476,-1.4527524937076468,0.945640361123148,0.0543596388768519,-1.5803021657535452,0.4684586822370365,0.5315413177629634,0.0325030466361122,0.6146929087920451,0.3853070912079549,-0.2954318256918292,1,0,0,0.0,1,1,1,1,,0,1,1,0,1,0,0,1.0,1.0,0.0,0.0,0.0,,0.8716658343323047,1.4527524937076468,0.8912807222462961,1.5803021657535452,-0.06308263552592691,0.0325030466361122,0.22938581758409016,0.2954318256918292,0.5032764,0.6195613375305111,0.49947318
2025-10-17 10:45:00,2025-10-17 11:10:00,1,532.65,530.15,pivot,-2.5,0.131884,-2.8318839999999996,-89204.34599999999,1.0,2025-10-17,533.25,533.3,531.9,0.0,529.5,530.15,528.8,0.0,2025,0.0,0.0,0.0,0.0,0.0,0.0,0.0,0.0,0.0,0.0,0.0,0.0,0.0,0.0,0.0,1.0,2.0,2.0,0,10,4,10,21.635784104509657,0.9847928464020193,2.4973102890411814,0.9847928464020193,0.0152071535979807,7.899997559024607e-05,0.0001125392315975,0.0009343531743384,True,4.280987796480871,0.9944353026557384,3.531487340247953,0.9944353026557384,0.0055646973442614,0.0002591341263445,0.0003312580685095,0.0015873523023448,True,2.173208128693994,0.9942057750394888,3.84600051875628,0.9942057750394888,0.0057942249605112,0.0005959057248628,0.0006947443112,0.0023232548802527,True,0.4560827038380728,0.9998840435689058,4.925613099968085,0.9998840435689058,0.0001159564310941,0.0010566964372059,0.0012866112617894,0.0031241464995434,True,0.9847928464020193,0.0152071535979807,-2.4973102890411814,0.9944353026557384,0.0055646973442614,-3.531487340247953,0.9942057750394888,0.0057942249605112,-3.84600051875628,0.9998840435689058,0.0001159564310941,-4.925613099968085,1,0,0,0.0,1,1,1,1,,0,1,1,0,0,0,0,1.0,1.0,0.0,0.0,0.0,,0.9695856928040385,2.4973102890411814,0.9888706053114771,3.531487340247953,0.9884115500789776,3.84600051875628,0.9997680871378117,4.925613099968085,0.5299601,0.6385270207558307,0.5019052
2025-10-17 11:10:00,2025-10-17 12:05:00,-1,530.15,525.75,pivot,4.399999999999977,0.131677,4.068322999999977,128152.1744999993,1.0,2025-10-17,529.5,530.15,528.8,0.0,526.2,526.25,525.35,0.0,2025,0.0,0.0,0.0,0.0,0.0,0.0,0.0,0.0,0.0,0.0,0.0,0.0,0.0,0.0,0.0,1.0,1.0,2.0,1,11,4,10,43.9490314779273,0.0267214962925041,-1.9342742761489229,0.0267214962925041,0.9732785037074958,7.899997559024607e-05,0.0001125392315975,0.0009343531743384,True,1.1766172466963143,0.0031953360117798,-3.347192496890276,0.0031953360117798,0.9968046639882202,0.0002591341263445,0.0003312580685095,0.0015873523023448,True,175.9163448527759,0.275561456950094,-0.5017951655033547,0.275561456950094,0.724438543049906,0.0005959057248628,0.0006947443112,0.0023232548802527,True,17.089390573083424,0.9591934542701702,1.7976631578335256,0.9591934542701702,0.0408065457298297,0.0010566964372059,0.0012866112617894,0.0031241464995434,True,0.9732785037074958,0.0267214962925041,-1.9342742761489229,0.9968046639882202,0.0031953360117798,-3.347192496890276,0.724438543049906,0.275561456950094,-0.5017951655033547,0.0408065457298297,0.9591934542701702,1.7976631578335256,1,0,0,0.0,1,1,1,1,,0,1,1,0,1,0,0,1.0,1.0,0.0,0.0,0.0,,0.9465570074149917,1.9342742761489229,0.9936093279764404,3.347192496890276,0.448877086099812,0.5017951655033547,-0.9183869085403406,1.7976631578335256,0.50670767,0.5385577584432467,0.51835907
2025-10-17 12:35:00,2025-10-17 13:10:00,1,529.15,526.8,pivot,-2.3500000000000227,0.1316785,-2.681678500000023,-84472.87275000072,1.0,2025-10-17,527.75,529.3,526.65,0.0,526.35,527.2,526.15,0.0,2025,0.0,0.0,0.0,0.0,0.0,0.0,0.0,0.0,0.0,0.0,0.0,0.0,0.0,0.0,0.0,1.0,1.0,1.0,0,12,4,10,131.74856283386288,0.9147391680612114,1.2961776469249295,0.9147391680612114,0.0852608319387886,7.899997559024607e-05,0.0001125392315975,0.0009343531743384,True,4.633268937041013,0.9928796595776678,3.312931330953836,0.9928796595776678,0.0071203404223322,0.0002591341263445,0.0003312580685095,0.0015873523023448,True,12.31549885782001,0.9740893937041378,2.147986157620965,0.9740893937041378,0.0259106062958621,0.0005959057248628,0.0006947443112,0.0023232548802527,True,25.42151392644689,0.9438043912190824,1.5600004015305422,0.9438043912190824,0.0561956087809176,0.0010566964372059,0.0012866112617894,0.0031241464995434,True,0.9147391680612114,0.0852608319387886,-1.2961776469249295,0.9928796595776678,0.0071203404223322,-3.312931330953836,0.9740893937041378,0.0259106062958621,-2.147986157620965,0.9438043912190824,0.0561956087809176,-1.5600004015305422,1,0,0,0.0,1,1,1,1,,0,1,0,1,1,0,0,1.0,1.0,0.0,0.0,0.0,,0.8294783361224227,1.2961776469249295,0.9857593191553355,3.312931330953836,0.9481787874082758,2.147986157620965,0.8876087824381649,1.5600004015305422,0.5088607,0.622549916092547,0.49628866
2025-10-17 13:10:00,2025-10-17 13:45:00,1,526.8,527.8,pivot,1.0,0.131638,0.6683619999999999,21053.403,1.0,2025-10-17,526.35,527.2,526.15,0.0,527.8,528.1,527.55,0.0,2025,0.0,0.0,0.0,0.0,0.0,0.0,0.0,0.0,0.0,0.0,0.0,0.0,0.0,0.0,0.0,1.0,1.0,1.0,1,13,4,10,507.3225082407778,0.607941410550038,0.1845144318377133,0.607941410550038,0.3920585894499619,7.899997559024607e-05,0.0001125392315975,0.0009343531743384,True,179.38203382449183,0.1791014972446743,-0.8066734989770006,0.1791014972446743,0.8208985027553256,0.0002591341263445,0.0003312580685095,0.0015873523023448,True,4.009352259924465,0.012063751548479,-2.460065111875095,0.012063751548479,0.987936248451521,0.0005959057248628,0.0006947443112,0.0023232548802527,True,155.5848387705134,0.5586707819145692,0.0444619768796867,0.5586707819145692,0.4413292180854308,0.0010566964372059,0.0012866112617894,0.0031241464995434,True,0.607941410550038,0.3920585894499619,-0.1845144318377133,0.1791014972446743,0.8208985027553256,0.8066734989770006,0.012063751548479,0.987936248451521,2.460065111875095,0.5586707819145692,0.4413292180854308,-0.0444619768796867,1,0,0,0.0,1,1,1,1,,0,1,0,1,1,0,0,1.0,1.0,0.0,0.0,0.0,,0.21588282110007612,0.1845144318377133,-0.6417970055106513,0.8066734989770006,-0.9758724969030419,2.460065111875095,0.1173415638291384,0.0444619768796867,0.50639534,0.5906296904126697,0.5087836
2025-10-20 10:55:00,2025-10-20 11:05:00,1,530.4,531.9,pivot,1.5,0.131869,1.168131,36796.1265,1.0,2025-10-20,531.05,531.15,530.3,0.0,532.25,532.4,531.75,0.0,2025,0.0,0.0,0.0,0.0,0.0,0.0,0.0,0.0,0.0,0.0,0.0,0.0,0.0,0.0,0.0,1.0,1.0,2.0,1,10,0,10,499.1459875311698,0.5518429012032763,0.0708698627206331,0.5518429012032763,0.4481570987967237,8.549457803800859e-05,0.0001185905261851,0.0009884755497791,True,269.27550532655147,0.5823237830138653,0.1284140795341555,0.5823237830138653,0.4176762169861346,0.0002707016752887,0.0003446418697189,0.001724077936363,True,169.94990711040126,0.7095204984808622,0.3750182084839807,0.7095204984808622,0.2904795015191378,0.0006301262543242,0.0007395428774887,0.0025586290415679,True,65.87775843857318,0.8406347178130869,0.808912968464869,0.8406347178130869,0.1593652821869131,0.0011053416876558,0.0013545326218666,0.0034662202322433,True,0.5518429012032763,0.4481570987967237,-0.0708698627206331,0.5823237830138653,0.4176762169861346,-0.1284140795341555,0.7095204984808622,0.2904795015191378,-0.3750182084839807,0.8406347178130869,0.1593652821869131,-0.808912968464869,1,0,0,0.0,1,1,1,1,,0,1,1,0,1,0,0,1.0,1.0,0.0,0.0,0.0,,0.10368580240655256,0.0708698627206331,0.16464756602773073,0.1284140795341555,0.41904099696172437,0.3750182084839807,0.6812694356261737,0.808912968464869,0.5217669,0.5549333787689178,0.49101976
2025-10-20 11:05:00,2025-10-20 12:35:00,1,531.9,534.15,pivot,2.25,0.1319815,1.9180184999999996,60417.58274999999,1.0,2025-10-20,532.25,532.4,531.75,0.0,533.95,534.4,533.65,0.0,2025,0.0,0.0,0.0,0.0,0.0,0.0,0.0,0.0,0.0,0.0,0.0,0.0,0.0,0.0,0.0,1.0,1.0,2.0,1,11,0,10,183.9535591348568,0.8728867869065232,1.023682716592074,0.8728867869065232,0.1271132130934767,8.549457803800859e-05,0.0001185905261851,0.0009884755497791,True,123.65972812470253,0.8436243685217041,0.8933442892796272,0.8436243685217041,0.1563756314782959,0.0002707016752887,0.0003446418697189,0.001724077936363,True,181.11799690092943,0.6760176535813198,0.3001773343420459,0.6760176535813198,0.3239823464186802,0.0006301262543242,0.0007395428774887,0.0025586290415679,True,61.30679675003541,0.8521444539141952,0.8614327957060182,0.8521444539141952,0.1478555460858047,0.0011053416876558,0.0013545326218666,0.0034662202322433,True,0.8728867869065232,0.1271132130934767,-1.023682716592074,0.8436243685217041,0.1563756314782959,-0.8933442892796272,0.6760176535813198,0.3239823464186802,-0.3001773343420459,0.8521444539141952,0.1478555460858047,-0.8614327957060182,1,0,0,0.0,1,1,1,1,,0,1,1,0,1,0,0,1.0,1.0,0.0,0.0,0.0,,0.7457735738130465,1.023682716592074,0.6872487370434082,0.8933442892796272,0.35203530716263964,0.3001773343420459,0.7042889078283905,0.8614327957060182,0.5147877,0.5250362416171056,0.4680856
2025-10-23 12:30:00,2025-10-23 13:35:00,-1,543.0,537.4,pivot,5.600000000000023,0.132412,5.267588000000022,165929.0220000007,1.0,2025-10-23,542.65,543.4,542.35,0.0,536.75,537.45,536.6,0.0,2025,0.0,0.0,0.0,0.0,0.0,0.0,0.0,0.0,0.0,0.0,0.0,0.0,0.0,0.0,0.0,1.0,1.0,1.0,1,12,3,10,74.59907407896893,0.0480551515369691,-1.641613073017055,0.0480551515369691,0.9519448484630308,8.657241080210452e-05,0.0001162938223292,0.0010220808092492,True,24.01067271430779,0.0292958561388304,-2.014110929117993,0.0292958561388304,0.9707041438611697,0.0002816351853902,0.00034597836183,0.0018121872397066,True,23.059684575752136,0.0392356464623219,-1.6516458804929808,0.0392356464623219,0.960764353537678,0.0006547766622994,0.0007755785607388,0.0026918487625257,True,132.40755533815448,0.3194683247950896,-0.4207021118499646,0.3194683247950896,0.6805316752049104,0.0012682316398434,0.001583491922722,0.003763926726583,True,0.9519448484630308,0.0480551515369691,-1.641613073017055,0.9707041438611697,0.0292958561388304,-2.014110929117993,0.960764353537678,0.0392356464623219,-1.6516458804929808,0.6805316752049104,0.3194683247950896,-0.4207021118499646,1,0,0,0.0,1,1,1,1,,0,1,0,1,1,0,0,1.0,1.0,0.0,0.0,0.0,,0.9038896969260617,1.641613073017055,0.9414082877223393,2.014110929117993,0.9215287070753561,1.6516458804929808,0.36106335040982085,0.4207021118499646,0.51058877,0.5251822832182605,0.47784933
2025-10-24 13:50:00,2025-10-24 15:25:00,1,550.7,551.45,pivot,0.75,0.1330645,0.41693550000000007,13133.468250000002,1.0,2025-10-24,550.65,550.75,550.5,0.0,551.3,551.55,551.25,0.0,2025,0.0,0.0,0.0,0.0,0.0,0.0,0.0,0.0,0.0,0.0,0.0,0.0,0.0,0.0,0.0,1.0,1.0,1.0,1,13,4,10,416.63817807377455,0.7694012993509434,0.4485370945601665,0.7694012993509434,0.2305987006490566,7.456089334543134e-05,0.0001347714763893,0.0009149426637807,True,254.5317587541,0.7675781140349736,0.4222239011115405,0.7675781140349736,0.2324218859650264,0.0002062456657274,0.0003741822230673,0.0014814409556853,True,197.49889908062303,0.7528817014437246,0.4448540436891778,0.7528817014437246,0.2471182985562754,0.0003742428776047,0.0006061003505543,0.0017024691805933,True,222.71720869864515,0.4603607887627424,-0.2056083291371528,0.4603607887627424,0.5396392112372577,0.0008142756206237,0.0010600559968003,0.0020622236637003,True,0.7694012993509434,0.2305987006490566,-0.4485370945601665,0.7675781140349736,0.2324218859650264,-0.4222239011115405,0.7528817014437246,0.2471182985562754,-0.4448540436891778,0.4603607887627424,0.5396392112372577,0.2056083291371528,1,0,0,0.0,1,1,1,1,,0,1,0,1,1,0,0,1.0,1.0,0.0,0.0,0.0,,0.5388025987018867,0.4485370945601665,0.5351562280699471,0.4222239011115405,0.5057634028874491,0.4448540436891778,-0.07927842247451528,0.2056083291371528,0.5132494,0.5981343187581594,0.4991457
2025-10-27 10:25:00,2025-10-27 10:40:00,1,562.8,564.8,pivot,2.0,0.133828,1.666172,52484.418,1.0,2025-10-27,562.65,563.35,561.95,0.0,564.4,565.0,564.25,0.0,2025,0.0,0.0,0.0,0.0,0.0,0.0,0.0,0.0,0.0,0.0,0.0,0.0,0.0,0.0,0.0,1.0,1.0,1.0,1,10,0,10,46.69617369846095,0.970257265870459,1.9788589902495648,0.970257265870459,0.0297427341295409,8.657241080210452e-05,0.0001162938223292,0.0010220808092492,True,269.5890765007813,0.3988061031918996,-0.2400402138960467,0.3988061031918996,0.6011938968081003,0.0002816351853902,0.00034597836183,0.0018121872397066,True,4.162126103353607,0.0073089262786006,-3.0886143149579164,0.0073089262786006,0.9926910737213994,0.0006547766622994,0.0007755785607388,0.0026918487625257,True,11.863098343810336,0.0387245695666189,-1.553566875990042,0.0387245695666189,0.961275430433381,0.0012682316398434,0.001583491922722,0.003763926726583,True,0.970257265870459,0.0297427341295409,-1.9788589902495648,0.3988061031918996,0.6011938968081003,0.2400402138960467,0.0073089262786006,0.9926910737213994,3.0886143149579164,0.0387245695666189,0.961275430433381,1.553566875990042,1,0,0,0.0,1,1,1,1,,0,1,1,0,1,0,0,1.0,1.0,0.0,0.0,0.0,,0.9405145317409181,1.9788589902495648,-0.20238779361620074,0.2400402138960467,-0.9853821474427988,3.0886143149579164,-0.9225508608667622,1.553566875990042,0.5170592,0.5100131384852093,0.5350439
2025-10-27 10:40:00,2025-10-27 12:05:00,1,564.8,563.95,pivot,-0.849999999999909,0.1338625,-1.183862499999909,-37291.66874999713,1.0,2025-10-27,564.4,565.0,564.25,0.0,564.15,564.25,563.15,0.0,2025,0.0,0.0,0.0,0.0,0.0,0.0,0.0,0.0,0.0,0.0,0.0,0.0,0.0,0.0,0.0,1.0,1.0,1.0,0,10,0,10,25.89776510601296,0.9824494350722957,2.317665111366286,0.9824494350722957,0.0175505649277043,8.657241080210452e-05,0.0001162938223292,0.0010220808092492,True,17.513205255947756,0.977232205084712,2.162051202918277,0.977232205084712,0.0227677949152879,0.0002816351853902,0.00034597836183,0.0018121872397066,True,32.84872146593146,0.9221054905899287,1.2628577055026,0.9221054905899287,0.0778945094100711,0.0006547766622994,0.0007755785607388,0.0026918487625257,True,145.0093935677509,0.4706334511974723,-0.137938463701827,0.4706334511974723,0.5293665488025276,0.0012682316398434,0.001583491922722,0.003763926726583,True,0.9824494350722957,0.0175505649277043,-2.317665111366286,0.977232205084712,0.0227677949152879,-2.162051202918277,0.9221054905899287,0.0778945094100711,-1.2628577055026,0.4706334511974723,0.5293665488025276,0.137938463701827,1,0,0,0.0,1,1,1,1,,0,1,1,0,1,0,0,1.0,1.0,0.0,0.0,0.0,,0.9648988701445913,2.317665111366286,0.9544644101694241,2.162051202918277,0.8442109811798576,1.2628577055026,-0.05873309760505535,0.137938463701827,0.56738347,0.5010741048204773,0.56707656
2025-10-28 14:10:00,2025-10-28 14:55:00,-1,556.65,558.75,pivot,-2.1000000000000227,0.133462,-2.433462000000023,-76654.05300000073,1.0,2025-10-28,556.75,557.3,556.5,0.0,559.6,559.7,558.6,0.0,2025,0.0,0.0,0.0,0.0,0.0,0.0,0.0,0.0,0.0,0.0,0.0,0.0,0.0,0.0,0.0,1.0,1.0,1.0,0,14,1,10,418.4544346754347,0.2324510215946413,-0.5445325354434487,0.2324510215946413,0.7675489784053586,-4.254845022231719e-05,-5.257726596261265e-05,0.0008914854512841,True,229.765053907211,0.2273529056951345,-0.5746937283633065,0.2273529056951345,0.7726470943048656,-0.0001630520644023,-0.0002375972895419,0.0014584352625323,True,229.06651152901003,0.3883081372077244,-0.1998110438488305,0.3883081372077244,0.6116918627922756,-0.0004286875340268,-0.0005495069758107,0.0017368031097496,True,210.36451959341505,0.4577589219309788,-0.0165496364306733,0.4577589219309788,0.5422410780690212,-0.0010583489201099,-0.0012201461728073,0.0021018029307727,True,0.7675489784053586,0.2324510215946413,-0.5445325354434487,0.7726470943048656,0.2273529056951345,-0.5746937283633065,0.6116918627922756,0.3883081372077244,-0.1998110438488305,0.5422410780690212,0.4577589219309788,-0.0165496364306733,1,0,0,0.0,1,1,1,1,,0,1,0,1,1,0,0,1.0,1.0,0.0,0.0,0.0,,0.5350979568107174,0.5445325354434487,0.5452941886097311,0.5746937283633065,0.22338372558455122,0.1998110438488305,0.08448215613804244,0.0165496364306733,0.52479947,0.5874387459847225,0.5847645
2025-10-28 15:00:00,2025-10-28 15:45:00,1,559.6,561.15,eod,1.5499999999999543,0.1336225,1.2163774999999546,38315.89124999857,1.0,2025-10-28,559.9,560.25,559.4,0.0,561.15,561.15,561.15,0.0,2025,0.0,0.0,0.0,0.0,0.0,0.0,0.0,0.0,0.0,0.0,0.0,0.0,0.0,0.0,0.0,1.0,1.0,1.0,1,15,1,10,367.5889930463246,0.72626439079397,0.429395605970497,0.72626439079397,0.27373560920603,-5.6823070884364514e-05,-4.460919574484269e-05,0.0011461146956911,True,15.095661187217004,0.9751063028335047,2.167933359564381,0.9751063028335047,0.0248936971664952,-0.0001433375050529,-8.638515833218315e-05,0.0020668596592672,True,12.592553331930388,0.9731932619528072,1.903230076723197,0.9731932619528072,0.0268067380471929,-0.00026667100184,-5.94024711426001e-05,0.0027180772849093,True,104.77055077630828,0.7665309701653682,0.7308049781308319,0.7665309701653682,0.2334690298346318,-0.0004793636663189,-0.0001509523741489,0.0029030629577921,True,0.72626439079397,0.27373560920603,-0.429395605970497,0.9751063028335047,0.0248936971664952,-2.167933359564381,0.9731932619528072,0.0268067380471929,-1.903230076723197,0.7665309701653682,0.2334690298346318,-0.7308049781308319,1,0,0,0.0,1,1,1,1,,0,1,0,0,1,0,0,1.0,1.0,0.0,0.0,0.0,,0.45252878158793997,0.429395605970497,0.9502126056670095,2.167933359564381,0.9463865239056143,1.903230076723197,0.5330619403307364,0.7308049781308319,0.5168714,0.5100946947697474,0.5673933
2025-10-29 13:55:00,2025-10-29 14:30:00,-1,565.75,568.5,pivot,-2.75,0.1340275,-3.0840275000000004,-97146.86625,1.0,2025-10-29,566.1,566.8,565.5,0.0,569.25,569.35,568.5,0.0,2025,0.0,0.0,0.0,0.0,0.0,0.0,0.0,0.0,0.0,0.0,0.0,0.0,0.0,0.0,0.0,1.0,1.0,1.0,0,13,2,10,63.733219519102114,0.0461439929273474,-1.5044830001765943,0.0461439929273474,0.9538560070726524,-6.304435575148934e-05,-6.619238166092062e-05,0.0011868385029387,True,28.81919847472546,0.049924491891269,-1.569829989534743,0.049924491891269,0.950075508108731,-0.0001475374841425,-0.0001175129418102,0.002058059047548,True,19.73149685206706,0.0306774131941523,-1.7073606609152263,0.0306774131941523,0.9693225868058476,-0.0002715590611409,-4.9607888283883286e-05,0.0024470420901095,True,2.035083332957943,0.0031385104955589,-2.487961596792804,0.0031385104955589,0.996861489504441,-0.0003695947551571,8.385380858210958e-06,0.0028314240155509,True,0.9538560070726524,0.0461439929273474,-1.5044830001765943,0.950075508108731,0.049924491891269,-1.569829989534743,0.9693225868058476,0.0306774131941523,-1.7073606609152263,0.996861489504441,0.0031385104955589,-2.487961596792804,1,0,0,0.0,1,1,1,1,,0,1,0,1,1,0,0,1.0,1.0,0.0,0.0,0.0,,0.907712014145305,1.5044830001765943,0.900151016217462,1.569829989534743,0.9386451736116953,1.7073606609152263,0.9937229790088821,2.487961596792804,0.53294134,0.5229824092456407,0.5265386
2025-10-29 14:30:00,2025-10-29 14:35:00,1,568.5,569.25,pivot,0.75,0.1341325,0.41586749999999995,13099.826249999998,1.0,2025-10-29,569.25,569.35,568.5,0.0,569.65,569.9,568.8,0.0,2025,0.0,0.0,0.0,0.0,0.0,0.0,0.0,0.0,0.0,0.0,0.0,0.0,0.0,0.0,0.0,1.0,1.0,1.0,1,14,2,10,95.83153455601102,0.9331985807132662,1.27302594237975,0.9331985807132662,0.0668014192867337,8.171593185471579e-05,0.0001458369137548,0.0009239979543,True,221.3624022037514,0.7994697359105096,0.4880557259058515,0.7994697359105096,0.2005302640894903,0.0002156304621034,0.0004033629398884,0.001521065942878,True,36.29898822479074,0.93791132342413,1.5354972179382655,0.93791132342413,0.0620886765758701,0.000390764357715,0.000619836944406,0.0017222667470676,True,10.628116485090532,0.0081951177289213,-2.1680987023473994,0.0081951177289213,0.9918048822710788,0.0008496056068098,0.0010676599309389,0.0020336729418929,True,0.9331985807132662,0.0668014192867337,-1.27302594237975,0.7994697359105096,0.2005302640894903,-0.4880557259058515,0.93791132342413,0.0620886765758701,-1.5354972179382655,0.0081951177289213,0.9918048822710788,2.1680987023473994,1,0,0,0.0,1,1,1,1,,0,1,0,1,1,0,0,1.0,1.0,0.0,0.0,0.0,,0.8663971614265326,1.27302594237975,0.5989394718210194,0.4880557259058515,0.8758226468482598,1.5354972179382655,-0.9836097645421574,2.1680987023473994,0.5104671,0.5887140210654211,0.5284989
2025-10-30 10:40:00,2025-10-30 10:45:00,1,576.2,577.15,pivot,0.9499999999999318,0.1346005,0.6153994999999317,19385.08424999785,1.0,2025-10-30,577.15,577.3,575.4,0.0,576.9,577.9,576.8,0.0,2025,0.0,0.0,0.0,0.0,0.0,0.0,0.0,0.0,0.0,0.0,0.0,0.0,0.0,0.0,0.0,1.0,1.0,1.0,1,10,3,10,21.478400233951916,0.9852895608583316,2.354047686150585,0.9852895608583316,0.0147104391416683,8.656602622172943e-05,9.952925977237955e-05,0.0011422455825753,True,224.81656140542003,0.3488107953479089,-0.3115928923745372,0.3488107953479089,0.6511892046520911,0.0002891976915988,0.0003007672307795,0.0020821235218687,True,13.11745746469366,0.0289141044560189,-1.9923033773524208,0.0289141044560189,0.9710858955439812,0.00073870333637,0.0008223185861157,0.0029830751898406,True,0.5223713175580516,0.000303514326689,-3.7700309849214815,0.000303514326689,0.9996964856733108,0.0013703345891353,0.0016630481730815,0.0040631196743511,True,0.9852895608583316,0.0147104391416683,-2.354047686150585,0.3488107953479089,0.6511892046520911,0.3115928923745372,0.0289141044560189,0.9710858955439812,1.9923033773524208,0.000303514326689,0.9996964856733108,3.7700309849214815,1,0,0,0.0,1,1,1,1,,0,1,1,0,1,0,0,1.0,1.0,0.0,0.0,0.0,,0.9705791217166634,2.354047686150585,-0.3023784093041822,0.3115928923745372,-0.9421717910879622,1.9923033773524208,-0.9993929713466219,3.7700309849214815,0.6242345,0.5324605386748552,0.5140343
2025-10-30 10:45:00,2025-10-30 11:45:00,1,577.15,581.6,pivot,4.4500000000000455,0.1347625,4.115237500000045,129629.98125000144,1.0,2025-10-30,576.9,577.9,576.8,0.0,580.85,581.85,580.3,0.0,2025,0.0,0.0,0.0,0.0,0.0,0.0,0.0,0.0,0.0,0.0,0.0,0.0,0.0,0.0,0.0,1.0,1.0,1.0,1,10,3,10,18.46666672997398,0.986851504312052,2.4232253975155524,0.986851504312052,0.013148495687948,8.656602622172943e-05,9.952925977237955e-05,0.0011422455825753,True,8.383863438459093,0.9932650531955668,2.655772151588536,0.9932650531955668,0.006734946804433,0.0002891976915988,0.0003007672307795,0.0020821235218687,True,9.591257699091887,0.0232001569636227,-2.1609871172600763,0.0232001569636227,0.9767998430363772,0.00073870333637,0.0008223185861157,0.0029830751898406,True,5.33471523877378,0.0156367845806829,-2.5355912671793117,0.0156367845806829,0.9843632154193172,0.0013703345891353,0.0016630481730815,0.0040631196743511,True,0.986851504312052,0.013148495687948,-2.4232253975155524,0.9932650531955668,0.006734946804433,-2.655772151588536,0.0232001569636227,0.9767998430363772,2.1609871172600763,0.0156367845806829,0.9843632154193172,2.5355912671793117,1,0,0,0.0,1,1,1,1,,0,1,1,0,1,0,0,1.0,1.0,0.0,0.0,0.0,,0.9737030086241041,2.4232253975155524,0.9865301063911338,2.655772151588536,-0.9535996860727546,2.1609871172600763,-0.9687264308386343,2.5355912671793117,0.58200556,0.5009469979406668,0.5312133
2025-10-30 15:25:00,2025-10-30 15:30:00,-1,573.05,574.1,pivot,-1.0500000000000682,0.1344145,-1.3844145000000683,-43609.05675000215,1.0,2025-10-30,574.1,574.15,572.9,0.0,574.2,574.8,573.9,0.0,2025,0.0,0.0,0.0,0.0,0.0,0.0,0.0,0.0,0.0,0.0,0.0,0.0,0.0,0.0,0.0,1.0,1.0,1.0,0,15,3,10,25.68983876797968,0.0198764246172001,-2.2805873728317114,0.0198764246172001,0.9801235753827998,-4.254845022231719e-05,-5.257726596261265e-05,0.0008914854512841,True,15.57952149718988,0.024820610894496,-2.2189096795500034,0.024820610894496,0.975179389105504,-0.0001630520644023,-0.0002375972895419,0.0014584352625323,True,8.297589345732321,0.0089100205937634,-2.6312897198675578,0.0089100205937634,0.9910899794062366,-0.0004286875340268,-0.0005495069758107,0.0017368031097496,True,119.58281533491775,0.8467768821377476,0.9531825826843012,0.8467768821377476,0.1532231178622524,-0.0010583489201099,-0.0012201461728073,0.0021018029307727,True,0.9801235753827998,0.0198764246172001,-2.2805873728317114,0.975179389105504,0.024820610894496,-2.2189096795500034,0.9910899794062366,0.0089100205937634,-2.6312897198675578,0.1532231178622524,0.8467768821377476,0.9531825826843012,1,0,0,0.0,1,1,1,1,,0,1,0,0,1,0,0,1.0,1.0,0.0,0.0,0.0,,0.9602471507655997,2.2805873728317114,0.9503587782110079,2.2189096795500034,0.9821799588124731,2.6312897198675578,-0.6935537642754952,0.9531825826843012,0.5093585,0.6029765258085331,0.5419642
2025-10-30 15:30:00,2025-10-30 15:45:00,1,574.1,574.2,eod,0.1000000000000227,0.134449,-0.23444899999997726,-7385.143499999283,1.0,2025-10-30,574.2,574.8,573.9,0.0,574.2,574.2,574.2,0.0,2025,0.0,0.0,0.0,0.0,0.0,0.0,0.0,0.0,0.0,0.0,0.0,0.0,0.0,0.0,0.0,1.0,1.0,1.0,0,15,3,10,11.203987409943158,0.0071730348918565,-3.165912371952752,0.0071730348918565,0.9928269651081436,-4.254845022231719e-05,-5.257726596261265e-05,0.0008914854512841,True,4.40212660492006,0.0047998735549412,-3.773938699600643,0.0047998735549412,0.9952001264450588,-0.0001630520644023,-0.0002375972895419,0.0014584352625323,True,1.5195197594586158,0.0012110040790325,-4.5357076818623066,0.0012110040790325,0.9987889959209676,-0.0004286875340268,-0.0005495069758107,0.0017368031097496,True,128.56299035338938,0.2313040393793163,-0.663134870678646,0.2313040393793163,0.7686959606206837,-0.0010583489201099,-0.0012201461728073,0.0021018029307727,True,0.0071730348918565,0.9928269651081436,3.165912371952752,0.0047998735549412,0.9952001264450588,3.773938699600643,0.0012110040790325,0.9987889959209676,4.5357076818623066,0.2313040393793163,0.7686959606206837,0.663134870678646,1,0,0,0.0,1,1,1,1,,0,1,0,0,1,0,0,1.0,1.0,0.0,0.0,0.0,,-0.9856539302162871,3.165912371952752,-0.9904002528901177,3.773938699600643,-0.9975779918419351,4.5357076818623066,-0.5373919212413674,0.663134870678646,0.5022612,0.5558103980923448,0.55499256
2025-10-31 10:35:00,2025-10-31 11:35:00,1,580.05,579.9,pivot,-0.1499999999999772,0.1347985,-0.48479849999997726,-15271.152749999284,1.0,2025-10-31,580.0,580.3,579.45,0.0,579.9,580.3,579.3,0.0,2025,0.0,0.0,0.0,0.0,0.0,0.0,0.0,0.0,0.0,0.0,0.0,0.0,0.0,0.0,0.0,1.0,1.0,1.0,0,10,4,10,25.70181736256412,0.983028272571676,2.269239410515074,0.983028272571676,0.0169717274283238,8.656602622172943e-05,9.952925977237955e-05,0.0011422455825753,True,61.39856758914095,0.0945979945198034,-1.1844224690140623,0.0945979945198034,0.9054020054801966,0.0002891976915988,0.0003007672307795,0.0020821235218687,True,148.59936028453913,0.3187360383413377,-0.3919074153572532,0.3187360383413377,0.6812639616586622,0.00073870333637,0.0008223185861157,0.0029830751898406,True,63.2828290528347,0.1299180580210054,-0.9635234881520892,0.1299180580210054,0.8700819419789946,0.0013703345891353,0.0016630481730815,0.0040631196743511,True,0.983028272571676,0.0169717274283238,-2.269239410515074,0.0945979945198034,0.9054020054801966,1.1844224690140623,0.3187360383413377,0.6812639616586622,0.3919074153572532,0.1299180580210054,0.8700819419789946,0.9635234881520892,1,0,0,0.0,1,1,1,1,,0,1,1,0,1,0,0,1.0,1.0,0.0,0.0,0.0,,0.9660565451433523,2.269239410515074,-0.8108040109603931,1.1844224690140623,-0.36252792331732453,0.3919074153572532,-0.7401638839579892,0.9635234881520892,0.6414743,0.516285322746483,0.58056664
2025-11-03 11:45:00,2025-11-03 12:25:00,1,594.55,596.05,pivot,1.5,0.135718,1.164282,36674.883,1.0,2025-11-03,595.2,595.25,594.35,0.0,596.25,596.55,595.7,0.0,2025,0.0,0.0,0.0,0.0,0.0,0.0,0.0,0.0,0.0,0.0,0.0,0.0,0.0,0.0,0.0,1.0,1.0,1.0,1,11,0,11,29.08787070572745,0.0225070064251262,-2.074745325978606,0.0225070064251262,0.9774929935748736,8.656602622172943e-05,9.952925977237955e-05,0.0011422455825753,True,181.0137579882792,0.247373702107202,-0.5485912760639017,0.247373702107202,0.7526262978927979,0.0002891976915988,0.0003007672307795,0.0020821235218687,True,171.06550404214863,0.5323137666710565,0.034901665591969,0.5323137666710565,0.4676862333289435,0.00073870333637,0.0008223185861157,0.0029830751898406,True,122.87714297938808,0.486928691694051,-0.0983278203277768,0.486928691694051,0.5130713083059489,0.0013703345891353,0.0016630481730815,0.0040631196743511,True,0.0225070064251262,0.9774929935748736,2.074745325978606,0.247373702107202,0.7526262978927979,0.5485912760639017,0.5323137666710565,0.4676862333289435,-0.034901665591969,0.486928691694051,0.5130713083059489,0.0983278203277768,1,0,0,0.0,1,1,1,1,,0,1,1,0,1,0,0,1.0,1.0,0.0,0.0,0.0,,-0.9549859871497475,2.074745325978606,-0.5052525957855959,0.5485912760639017,0.06462753334211296,0.034901665591969,-0.02614261661189793,0.0983278203277768,0.5559216,0.521727798971299,0.58620024
2025-11-04 11:10:00,2025-11-04 12:20:00,-1,588.6,588.5,pivot,0.1000000000000227,0.135313,-0.2353129999999773,-7412.359499999285,1.0,2025-11-04,588.4,588.85,587.8,0.0,587.85,589.35,587.65,0.0,2025,0.0,0.0,0.0,0.0,0.0,0.0,0.0,0.0,0.0,0.0,0.0,0.0,0.0,0.0,0.0,1.0,1.0,1.0,0,11,1,11,10.704528812336726,0.0117351609619339,-3.0160602686948583,0.0117351609619339,0.988264839038066,-0.0001280894387702,-0.0001413887039826,0.001162317384223,True,63.720155982353816,0.1023670252274794,-1.1445362895017266,0.1023670252274794,0.8976329747725205,-0.0003551680215623,-0.00047185474017,0.0019601501747865,True,22.290209143060903,0.0705801171885097,-1.425738570631729,0.0705801171885097,0.9294198828114902,-0.0006817539651644,-0.0009219739114109,0.0028014416838522,True,32.77304709687899,0.0729009849421008,-1.3861760824043836,0.0729009849421008,0.9270990150578992,-0.0013902162113,-0.0015412869152956,0.0034099080113533,True,0.988264839038066,0.0117351609619339,-3.0160602686948583,0.8976329747725205,0.1023670252274794,-1.1445362895017266,0.9294198828114902,0.0705801171885097,-1.425738570631729,0.9270990150578992,0.0729009849421008,-1.3861760824043836,1,0,0,0.0,1,1,1,1,,0,1,1,0,1,0,0,1.0,1.0,0.0,0.0,0.0,,0.976529678076132,3.0160602686948583,0.795265949545041,1.1445362895017266,0.8588397656229805,1.425738570631729,0.8541980301157983,1.3861760824043836,0.57763517,0.5243131720154058,0.60698575
2025-11-04 12:20:00,2025-11-04 12:25:00,1,588.5,587.8,pivot,-0.7000000000000455,0.135289,-1.0352890000000454,-32611.60350000143,1.0,2025-11-04,587.85,589.35,587.65,0.0,589.15,589.2,587.0,0.0,2025,0.0,0.0,0.0,0.0,0.0,0.0,0.0,0.0,0.0,0.0,0.0,0.0,0.0,0.0,0.0,1.0,1.0,1.0,0,12,1,11,6.989145209838286,0.9861470864606152,2.609687294774276,0.9861470864606152,0.0138529135393846,-0.0001280894387702,-0.0001413887039826,0.001162317384223,True,0.7792372807528712,0.9991851881134054,3.806197195096468,0.9991851881134054,0.0008148118865946,-0.0003551680215623,-0.00047185474017,0.0019601501747865,True,24.101212133509623,0.9560201305700624,1.5438743696656008,0.9560201305700624,0.0439798694299374,-0.0006817539651644,-0.0009219739114109,0.0028014416838522,True,110.9746301022682,0.7430387069887816,0.6014866721917552,0.7430387069887816,0.2569612930112184,-0.0013902162113,-0.0015412869152956,0.0034099080113533,True,0.9861470864606152,0.0138529135393846,-2.609687294774276,0.9991851881134054,0.0008148118865946,-3.806197195096468,0.9560201305700624,0.0439798694299374,-1.5438743696656008,0.7430387069887816,0.2569612930112184,-0.6014866721917552,1,0,0,0.0,1,1,1,1,,0,1,0,1,1,0,0,1.0,1.0,0.0,0.0,0.0,,0.9722941729212307,2.609687294774276,0.9983703762268108,3.806197195096468,0.912040261140125,1.5438743696656008,0.4860774139775632,0.6014866721917552,0.60408604,0.5199525407742983,0.60892284
2025-11-04 14:35:00,2025-11-04 14:55:00,-1,586.6,582.6,pivot,4.0,0.135076,3.664924,115445.106,1.0,2025-11-04,586.2,586.65,585.9,0.0,583.05,583.1,582.1,0.0,2025,0.0,0.0,0.0,0.0,0.0,0.0,0.0,0.0,0.0,0.0,0.0,0.0,0.0,0.0,0.0,1.0,1.0,1.0,1,14,1,11,433.5871178072928,0.243393134350949,-0.5160198598526401,0.243393134350949,0.756606865649051,-4.254845022231719e-05,-5.257726596261265e-05,0.0008914854512841,True,274.21503598316536,0.3052456517826351,-0.3642303625403158,0.3052456517826351,0.6947543482173648,-0.0001630520644023,-0.0002375972895419,0.0014584352625323,True,171.8334914286244,0.2198263203377217,-0.6668249877496457,0.2198263203377217,0.7801736796622782,-0.0004286875340268,-0.0005495069758107,0.0017368031097496,True,220.55129938589783,0.5826669838398928,0.2553692933658792,0.5826669838398928,0.4173330161601072,-0.0010583489201099,-0.0012201461728073,0.0021018029307727,True,0.756606865649051,0.243393134350949,-0.5160198598526401,0.6947543482173648,0.3052456517826351,-0.3642303625403158,0.7801736796622782,0.2198263203377217,-0.6668249877496457,0.4173330161601072,0.5826669838398928,0.2553692933658792,1,0,0,0.0,1,1,1,1,,0,1,0,1,1,0,0,1.0,1.0,0.0,0.0,0.0,,0.513213731298102,0.5160198598526401,0.38950869643472974,0.3642303625403158,0.5603473593245565,0.6668249877496457,-0.1653339676797856,0.2553692933658792,0.5222029,0.540819100170976,0.5950757
2025-11-05 10:35:00,2025-11-05 11:05:00,-1,545.4,552.0,pivot,-6.600000000000023,0.132922,-6.932922000000023,-218387.0430000007,1.0,2025-11-05,545.3,548.8,544.85,0.0,555.25,556.05,551.9,0.0,2025,0.0,0.0,0.0,0.0,0.0,0.0,0.0,0.0,0.0,0.0,0.0,0.0,0.0,0.0,0.0,1.0,0.0,0.0,0,10,2,11,4.271222201997804,0.0096542881287335,-3.3289550376537065,0.0096542881287335,0.9903457118712664,-0.0001258559735682,-0.0001307166224756,0.0012203660926264,True,0.7640209230300457,0.0004104949168429,-4.783047658041221,0.0004104949168429,0.999589505083157,-0.0003419033608364,-0.000452893889723,0.0020145749305671,True,0.2697402678768805,0.0,-5.242358060096647,0.0,1.0,-0.0006933825813332,-0.0009029352330539,0.0028873561940492,True,1.605445589054017,0.0080935121216807,-3.571159643999166,0.0080935121216807,0.9919064878783193,-0.0016438637123484,-0.0018418970430139,0.003547362280719,True,0.9903457118712664,0.0096542881287335,-3.3289550376537065,0.999589505083157,0.0004104949168429,-4.783047658041221,1.0,0.0,-5.242358060096647,0.9919064878783193,0.0080935121216807,-3.571159643999166,1,0,0,0.0,1,1,1,1,,0,1,1,0,0,1,0,1.0,1.0,0.0,0.0,0.0,,0.9806914237425329,3.3289550376537065,0.9991790101663142,4.783047658041221,1.0,5.242358060096647,0.9838129757566385,3.571159643999166,0.7483734,0.5048269012389721,0.55568933
2025-11-05 11:45:00,2025-11-05 12:25:00,1,558.35,563.5,pivot,5.149999999999977,0.1336555,4.816344499999978,151714.8517499993,1.0,2025-11-05,558.45,560.0,558.35,0.0,566.7,566.85,563.0,0.0,2025,0.0,0.0,0.0,0.0,0.0,0.0,0.0,0.0,0.0,0.0,0.0,0.0,0.0,0.0,0.0,1.0,2.0,2.0,1,11,2,11,8.161999973664832,0.9920564055988672,3.1255317377366407,0.9920564055988672,0.0079435944011327,-0.0001258559735682,-0.0001307166224756,0.0012203660926264,True,2.790149179122809,0.996096108051722,3.081951923716889,0.996096108051722,0.0039038919482778,-0.0003419033608364,-0.000452893889723,0.0020145749305671,True,19.53430906527313,0.961605030798646,1.7443839732237536,0.961605030798646,0.0383949692013539,-0.0006933825813332,-0.0009029352330539,0.0028873561940492,True,4.3524732140526306e-47,1.0,6.781935031877354,1.0,0.0,-0.0016438637123484,-0.0018418970430139,0.003547362280719,True,0.9920564055988672,0.0079435944011327,-3.1255317377366407,0.996096108051722,0.0039038919482778,-3.081951923716889,0.961605030798646,0.0383949692013539,-1.7443839732237536,1.0,0.0,-6.781935031877354,1,0,0,0.0,1,1,1,1,,0,1,1,0,0,0,0,1.0,1.0,0.0,0.0,0.0,,0.9841128111977345,3.1255317377366407,0.9921922161034442,3.081951923716889,0.9232100615972921,1.7443839732237536,1.0,6.781935031877354,0.6483226,0.5468246092322742,0.53798413
2025-11-05 13:00:00,2025-11-05 13:30:00,-1,568.3,565.75,pivot,2.5499999999999545,0.1340215,2.2159784999999546,69803.32274999857,1.0,2025-11-05,566.95,568.35,566.45,0.0,564.4,565.9,563.15,0.0,2025,0.0,0.0,0.0,0.0,0.0,0.0,0.0,0.0,0.0,0.0,0.0,0.0,0.0,0.0,0.0,1.0,1.0,2.0,1,13,2,11,7.723090709666253,0.007715522387001,-3.0608128921472426,0.007715522387001,0.9922844776129988,2.705058649390906e-05,-3.2627343428663427e-06,0.0012071633699704,True,209.46345181831435,0.5755889477906255,0.1633498044775952,0.5755889477906255,0.4244110522093745,-2.534263490182262e-06,-1.0720943372780596e-05,0.0022261512013726,True,12.990519346668766,0.9748103220319502,1.926668456998424,0.9748103220319502,0.0251896779680498,1.206149753322365e-05,-2.410805884289327e-05,0.0029971711875518,True,2.216859502195312,0.9949687512068088,3.14970053970048,0.9949687512068088,0.0050312487931911,0.0001844843669532,6.80536220618445e-05,0.0037820702592405,True,0.9922844776129988,0.007715522387001,-3.0608128921472426,0.4244110522093745,0.5755889477906255,0.1633498044775952,0.0251896779680498,0.9748103220319502,1.926668456998424,0.0050312487931911,0.9949687512068088,3.14970053970048,1,0,0,0.0,1,1,1,1,,0,1,0,1,1,0,0,1.0,1.0,0.0,0.0,0.0,,0.9845689552259977,3.0608128921472426,-0.15117789558125105,0.1633498044775952,-0.9496206440639003,1.926668456998424,-0.9899375024136178,3.14970053970048,0.69050413,0.533899586280216,0.4611682
2025-11-07 10:35:00,2025-11-07 10:45:00,-1,559.8,562.1,pivot,-2.300000000000068,0.133657,-2.633657000000068,-82960.19550000214,1.0,2025-11-07,561.8,561.8,558.8,0.0,560.75,562.95,560.6,0.0,2025,0.0,0.0,0.0,0.0,0.0,0.0,0.0,0.0,0.0,0.0,0.0,0.0,0.0,0.0,0.0,1.0,1.0,1.0,0,10,4,11,10.538759739706082,0.0137931515755422,-2.928701949468948,0.0137931515755422,0.9862068484244576,-0.0001432238830048,-0.0001706271229666,0.0015212555472565,True,25.97050354182041,0.0630528245132321,-1.4308042945686563,0.0630528245132321,0.936947175486768,-0.0003599092416593,-0.0005340069321894,0.0026117073979882,True,9.417805521586953,0.0328611156586319,-2.085286661452654,0.0328611156586319,0.967138884341368,-0.0006838663349256,-0.0009188197434626,0.003858781563433,True,5.042714148568621,0.0257103243080412,-2.0539522003021067,0.0257103243080412,0.9742896756919588,-0.0015932554715101,-0.0018023090323234,0.0047765385671765,True,0.9862068484244576,0.0137931515755422,-2.928701949468948,0.936947175486768,0.0630528245132321,-1.4308042945686563,0.967138884341368,0.0328611156586319,-2.085286661452654,0.9742896756919588,0.0257103243080412,-2.0539522003021067,1,0,0,0.0,1,1,1,1,,0,1,1,0,1,0,0,1.0,1.0,0.0,0.0,0.0,,0.9724136968489154,2.928701949468948,0.8738943509735358,1.4308042945686563,0.934277768682736,2.085286661452654,0.9485793513839176,2.0539522003021067,0.5466173,0.5400760749300068,0.4680611
2025-11-07 10:45:00,2025-11-07 11:10:00,-1,562.1,559.1,pivot,3.0,0.133636,2.666364,83990.466,1.0,2025-11-07,560.75,562.95,560.6,0.0,557.3,559.6,557.25,0.0,2025,0.0,0.0,0.0,0.0,0.0,0.0,0.0,0.0,0.0,0.0,0.0,0.0,0.0,0.0,0.0,1.0,1.0,0.0,1,10,4,11,10.475991719198957,0.9814073212596256,2.397789834510207,0.9814073212596256,0.0185926787403742,-0.0001432238830048,-0.0001706271229666,0.0015212555472565,True,70.38683850771478,0.1308413863730678,-0.8504716146813294,0.1308413863730678,0.8691586136269323,-0.0003599092416593,-0.0005340069321894,0.0026117073979882,True,123.48519770136056,0.7595089963532701,0.4919416468479807,0.7595089963532701,0.2404910036467299,-0.0006838663349256,-0.0009188197434626,0.003858781563433,True,2.672650570474941,0.0153193557027608,-2.6379801613889406,0.0153193557027608,0.9846806442972392,-0.0015932554715101,-0.0018023090323234,0.0047765385671765,True,0.0185926787403742,0.9814073212596256,2.397789834510207,0.8691586136269323,0.1308413863730678,-0.8504716146813294,0.2404910036467299,0.7595089963532701,0.4919416468479807,0.9846806442972392,0.0153193557027608,-2.6379801613889406,1,0,0,0.0,1,1,1,1,,0,1,1,0,1,0,0,1.0,1.0,0.0,0.0,0.0,,-0.9628146425192514,2.397789834510207,0.7383172272538645,0.8504716146813294,-0.5190179927065401,0.4919416468479807,0.9693612885944785,2.6379801613889406,0.55971265,0.5319803553659632,0.48436102
2025-11-07 13:10:00,2025-11-07 13:30:00,-1,552.3,552.0,pivot,0.2999999999999545,0.133129,-0.03312900000004547,-1043.5635000014322,1.0,2025-11-07,551.7,552.45,551.5,0.0,551.85,552.15,551.1,0.0,2025,0.0,0.0,0.0,0.0,0.0,0.0,0.0,0.0,0.0,0.0,0.0,0.0,0.0,0.0,0.0,1.0,1.0,1.0,0,13,4,11,21.702746417730445,0.0331361351047618,-2.026921752037005,0.0331361351047618,0.966863864895238,-0.0001432238830048,-0.0001706271229666,0.0015212555472565,True,95.71478603274046,0.1721746661976519,-0.6612160755855458,0.1721746661976519,0.827825333802348,-0.0003599092416593,-0.0005340069321894,0.0026117073979882,True,40.13371239290281,0.109427172138468,-0.9090343570468749,0.109427172138468,0.8905728278615319,-0.0006838663349256,-0.0009188197434626,0.003858781563433,True,34.71525869944809,0.0965569217388956,-1.0018281145591952,0.0965569217388956,0.9034430782611044,-0.0015932554715101,-0.0018023090323234,0.0047765385671765,True,0.966863864895238,0.0331361351047618,-2.026921752037005,0.827825333802348,0.1721746661976519,-0.6612160755855458,0.8905728278615319,0.109427172138468,-0.9090343570468749,0.9034430782611044,0.0965569217388956,-1.0018281145591952,1,0,0,0.0,1,1,1,1,,0,1,0,1,1,0,0,1.0,1.0,0.0,0.0,0.0,,0.9337277297904762,2.026921752037005,0.6556506676046961,0.6612160755855458,0.7811456557230639,0.9090343570468749,0.8068861565222087,1.0018281145591952,0.5464663,0.5022304607590039,0.47006437
2025-11-07 14:40:00,2025-11-07 15:05:00,-1,557.75,559.65,pivot,-1.8999999999999773,0.133522,-2.233521999999977,-70355.94299999929,1.0,2025-11-07,558.25,558.5,556.95,0.0,559.85,560.25,559.3,0.0,2025,0.0,0.0,0.0,0.0,0.0,0.0,0.0,0.0,0.0,0.0,0.0,0.0,0.0,0.0,0.0,1.0,1.0,2.0,0,14,4,11,2.9967794793526608,0.9994542836248284,4.804561878996488,0.9994542836248284,0.0005457163751716,-4.254845022231719e-05,-5.257726596261265e-05,0.0008914854512841,True,355.1517151972972,0.6245615775395064,0.286100820340132,0.6245615775395064,0.3754384224604936,-0.0001630520644023,-0.0002375972895419,0.0014584352625323,True,1.9221500647921703,0.9986524244754884,3.3238435368841666,0.9986524244754884,0.0013475755245115,-0.0004286875340268,-0.0005495069758107,0.0017368031097496,True,3.473698271738704e-07,0.9999999999703968,4.700988843420099,0.9999999999703968,2.960331979551256e-11,-0.0010583489201099,-0.0012201461728073,0.0021018029307727,True,0.0005457163751716,0.9994542836248284,4.804561878996488,0.3754384224604936,0.6245615775395064,0.286100820340132,0.0013475755245115,0.9986524244754884,3.3238435368841666,2.960331979551256e-11,0.9999999999703968,4.700988843420099,1,0,0,0.0,1,1,1,1,,0,1,0,1,1,0,0,1.0,1.0,0.0,0.0,0.0,,-0.9989085672496567,4.804561878996488,-0.24912315507901278,0.286100820340132,-0.9973048489509769,3.3238435368841666,-0.9999999999407935,4.700988843420099,0.5558822,0.6080659853479033,0.47783834
2025-11-11 14:35:00,2025-11-11 14:45:00,1,578.1,579.15,pivot,1.0499999999999543,0.1347175,0.7152824999999545,22531.398749998567,1.0,2025-11-11,579.2,579.55,576.95,0.0,581.1,581.4,578.6,0.0,2025,0.0,0.0,0.0,0.0,0.0,0.0,0.0,0.0,0.0,0.0,0.0,0.0,0.0,0.0,0.0,1.0,1.0,0.0,1,14,1,11,2.047849480145441,0.9985577272416286,4.4208360326888245,0.9985577272416286,0.0014422727583713,-4.254845022231719e-05,-5.257726596261265e-05,0.0008914854512841,True,33.67922412024998,0.9720350837442896,1.7021399674432265,0.9720350837442896,0.0279649162557105,-0.0001630520644023,-0.0002375972895419,0.0014584352625323,True,244.31238091243665,0.6943392857466912,0.515051344436382,0.6943392857466912,0.3056607142533087,-0.0004286875340268,-0.0005495069758107,0.0017368031097496,True,45.43392891812695,0.0729728735831441,-1.5484416700360593,0.0729728735831441,0.927027126416856,-0.0010583489201099,-0.0012201461728073,0.0021018029307727,True,0.9985577272416286,0.0014422727583713,-4.4208360326888245,0.9720350837442896,0.0279649162557105,-1.7021399674432265,0.6943392857466912,0.3056607142533087,-0.515051344436382,0.0729728735831441,0.927027126416856,1.5484416700360593,1,0,0,0.0,1,1,1,1,,0,1,0,1,1,0,0,1.0,1.0,0.0,0.0,0.0,,0.9971154544832573,4.4208360326888245,0.9440701674885791,1.7021399674432265,0.38867857149338253,0.515051344436382,-0.854054252833712,1.5484416700360593,0.5245743,0.6325324412174528,0.5076058
2025-11-11 15:10:00,2025-11-11 15:45:00,-1,580.1,581.7,eod,-1.6000000000000227,0.134854,-1.9348540000000227,-60947.90100000072,1.0,2025-11-11,580.25,581.3,579.75,0.0,581.7,581.7,581.7,0.0,2025,0.0,0.0,0.0,0.0,0.0,0.0,0.0,0.0,0.0,0.0,0.0,0.0,0.0,0.0,0.0,1.0,1.0,1.0,0,15,1,11,4.623978743005366,0.9926517705185542,3.060180524208332,0.9926517705185542,0.0073482294814457,-4.254845022231719e-05,-5.257726596261265e-05,0.0008914854512841,True,124.3149596137812,0.1111783336062271,-1.018049520361447,0.1111783336062271,0.8888216663937728,-0.0001630520644023,-0.0002375972895419,0.0014584352625323,True,12.747012258334568,0.991351402529309,2.304893016903922,0.991351402529309,0.008648597470691,-0.0004286875340268,-0.0005495069758107,0.0017368031097496,True,152.04739148932396,0.799415035961424,0.7856108762331248,0.799415035961424,0.2005849640385759,-0.0010583489201099,-0.0012201461728073,0.0021018029307727,True,0.0073482294814457,0.9926517705185542,3.060180524208332,0.8888216663937728,0.1111783336062271,-1.018049520361447,0.008648597470691,0.991351402529309,2.304893016903922,0.2005849640385759,0.799415035961424,0.7856108762331248,1,0,0,0.0,1,1,1,1,,0,1,0,0,1,0,0,1.0,1.0,0.0,0.0,0.0,,-0.9853035410371086,3.060180524208332,0.7776433327875457,1.018049520361447,-0.982702805058618,2.304893016903922,-0.5988300719228481,0.7856108762331248,0.5462283,0.5845753371197049,0.5032955
2025-11-12 12:00:00,2025-11-12 12:30:00,-1,585.9,585.85,pivot,0.0499999999999545,0.1351525,-0.2851525000000455,-8982.303750001432,1.0,2025-11-12,585.45,585.9,584.8,0.0,586.05,586.45,585.45,0.0,2025,0.0,0.0,0.0,0.0,0.0,0.0,0.0,0.0,0.0,0.0,0.0,0.0,0.0,0.0,0.0,1.0,1.0,1.0,0,12,2,11,183.6253607563828,0.8569577154253225,0.7795223374281152,0.8569577154253225,0.1430422845746775,0.0001061956725591,0.0001817807028104,0.0010808505814276,True,11.78829765671603,0.0169642558822975,-1.981233619764988,0.0169642558822975,0.9830357441177024,0.000306587037268,0.0005302386848343,0.0017725736457463,True,3.266922009370438,0.0043527777808477,-2.5534378740955344,0.0043527777808477,0.9956472222191524,0.0005639896223859,0.0009155756882063,0.0021254410018318,True,139.5453283422916,0.1721048454742087,-0.8269791223029986,0.1721048454742087,0.8278951545257912,0.0009995865297066,0.001477205927341,0.0027144141746054,True,0.1430422845746775,0.8569577154253225,0.7795223374281152,0.9830357441177024,0.0169642558822975,-1.981233619764988,0.9956472222191524,0.0043527777808477,-2.5534378740955344,0.8278951545257912,0.1721048454742087,-0.8269791223029986,1,0,0,0.0,1,1,1,1,,0,1,0,1,1,0,0,1.0,1.0,0.0,0.0,0.0,,-0.713915430850645,0.7795223374281152,0.9660714882354049,1.981233619764988,0.9912944444383046,2.5534378740955344,0.6557903090515825,0.8269791223029986,0.5094703,0.6570225792118489,0.48011515
2025-11-14 10:55:00,2025-11-14 11:20:00,1,572.6,572.35,pivot,-0.25,0.1343485,-0.5843484999999999,-18406.97775,1.0,2025-11-14,573.0,573.5,572.4,0.0,571.9,572.65,571.75,0.0,2025,0.0,0.0,0.0,0.0,0.0,0.0,0.0,0.0,0.0,0.0,0.0,0.0,0.0,0.0,0.0,1.0,1.0,1.0,0,10,4,11,41.12190085174179,0.0592634258477871,-1.4377227400886392,0.0592634258477871,0.9407365741522128,-0.0001432238830048,-0.0001706271229666,0.0015212555472565,True,15.484157647042524,0.0310560025173148,-2.03183980950655,0.0310560025173148,0.9689439974826852,-0.0003599092416593,-0.0005340069321894,0.0026117073979882,True,41.58472770248645,0.1121083716849,-0.8922627551423508,0.1121083716849,0.8878916283150999,-0.0006838663349256,-0.0009188197434626,0.003858781563433,True,82.68053579419978,0.2486787936919221,-0.4447208451747045,0.2486787936919221,0.7513212063080779,-0.0015932554715101,-0.0018023090323234,0.0047765385671765,True,0.0592634258477871,0.9407365741522128,1.4377227400886392,0.0310560025173148,0.9689439974826852,2.03183980950655,0.1121083716849,0.8878916283150999,0.8922627551423508,0.2486787936919221,0.7513212063080779,0.4447208451747045,1,0,0,0.0,1,1,1,1,,0,1,1,0,1,0,0,1.0,1.0,0.0,0.0,0.0,,-0.8814731483044257,1.4377227400886392,-0.9378879949653705,2.03183980950655,-0.7757832566302,0.8922627551423508,-0.5026424126161557,0.4447208451747045,0.6319384,0.5338580217576507,0.5011972
2025-11-14 15:10:00,2025-11-14 15:45:00,-1,565.7,563.05,eod,2.650000000000091,0.1338625,2.3161375000000906,72958.33125000286,1.0,2025-11-14,565.35,566.0,565.0,0.0,563.05,563.05,563.05,0.0,2025,0.0,0.0,0.0,0.0,0.0,0.0,0.0,0.0,0.0,0.0,0.0,0.0,0.0,0.0,0.0,1.0,1.0,1.0,1,15,4,11,108.81584029575372,0.0666506265402007,-1.3281907884549005,0.0666506265402007,0.9333493734597992,-4.254845022231719e-05,-5.257726596261265e-05,0.0008914854512841,True,191.00566248486567,0.1744014898445257,-0.7455357867291692,0.1744014898445257,0.8255985101554743,-0.0001630520644023,-0.0002375972895419,0.0014584352625323,True,232.2538984870509,0.738647643313148,0.6218114531051995,0.738647643313148,0.2613523566868519,-0.0004286875340268,-0.0005495069758107,0.0017368031097496,True,112.2695498474305,0.1844728085454104,-0.8471174089470394,0.1844728085454104,0.8155271914545896,-0.0010583489201099,-0.0012201461728073,0.0021018029307727,True,0.9333493734597992,0.0666506265402007,-1.3281907884549005,0.8255985101554743,0.1744014898445257,-0.7455357867291692,0.2613523566868519,0.738647643313148,0.6218114531051995,0.8155271914545896,0.1844728085454104,-0.8471174089470394,1,0,0,0.0,1,1,1,1,,0,1,0,0,1,0,0,1.0,1.0,0.0,0.0,0.0,,0.8666987469195985,1.3281907884549005,0.6511970203109485,0.7455357867291692,-0.4772952866262961,0.6218114531051995,0.6310543829091793,0.8471174089470394,0.51470596,0.6049433583681503,0.47983405
2025-11-18 10:30:00,2025-11-18 11:05:00,-1,566.85,564.4,pivot,2.450000000000045,0.1339375,2.1160625000000453,66655.96875000143,1.0,2025-11-18,566.8,567.55,566.25,0.0,564.95,565.0,563.65,0.0,2025,0.0,0.0,0.0,0.0,0.0,0.0,0.0,0.0,0.0,0.0,0.0,0.0,0.0,0.0,0.0,1.0,1.0,1.0,1,10,1,11,49.52085238510535,0.0665668660763479,-1.3325041677633542,0.0665668660763479,0.933433133923652,-0.0001432238830048,-0.0001706271229666,0.0015212555472565,True,21.866394239984377,0.9679125212683284,1.6899826608363704,0.9679125212683284,0.0320874787316717,-0.0003599092416593,-0.0005340069321894,0.0026117073979882,True,44.17984344458455,0.8983791262149594,0.9460760219390656,0.8983791262149594,0.1016208737850405,-0.0006838663349256,-0.0009188197434626,0.003858781563433,True,64.93791730130555,0.1880361234245721,-0.6152364698128653,0.1880361234245721,0.8119638765754278,-0.0015932554715101,-0.0018023090323234,0.0047765385671765,True,0.933433133923652,0.0665668660763479,-1.3325041677633542,0.0320874787316717,0.9679125212683284,1.6899826608363704,0.1016208737850405,0.8983791262149594,0.9460760219390656,0.8119638765754278,0.1880361234245721,-0.6152364698128653,1,0,0,0.0,1,1,1,1,,0,1,1,0,1,0,0,1.0,1.0,0.0,0.0,0.0,,0.8668662678473041,1.3325041677633542,-0.9358250425366567,1.6899826608363704,-0.7967582524299189,0.9460760219390656,0.6239277531508557,0.6152364698128653,0.6055779,0.5150687452717123,0.47939476
2025-11-18 14:35:00,2025-11-18 15:45:00,-1,558.15,556.55,eod,1.6000000000000227,0.133441,1.2665590000000229,39896.60850000072,1.0,2025-11-18,558.3,558.5,557.75,0.0,556.55,556.55,556.55,0.0,2025,0.0,0.0,0.0,0.0,0.0,0.0,0.0,0.0,0.0,0.0,0.0,0.0,0.0,0.0,0.0,1.0,1.0,1.0,1,14,1,11,52.08729822092384,0.0370385223298074,-1.7504165050347988,0.0370385223298074,0.9629614776701924,-4.254845022231719e-05,-5.257726596261265e-05,0.0008914854512841,True,216.36645172495184,0.2072316697939331,-0.6360534888018382,0.2072316697939331,0.7927683302060669,-0.0001630520644023,-0.0002375972895419,0.0014584352625323,True,232.35583275937825,0.4090932918028674,-0.1481701179489376,0.4090932918028674,0.5909067081971325,-0.0004286875340268,-0.0005495069758107,0.0017368031097496,True,86.70911812508237,0.8947275459115273,1.17829338355747,0.8947275459115273,0.1052724540884727,-0.0010583489201099,-0.0012201461728073,0.0021018029307727,True,0.9629614776701924,0.0370385223298074,-1.7504165050347988,0.7927683302060669,0.2072316697939331,-0.6360534888018382,0.5909067081971325,0.4090932918028674,-0.1481701179489376,0.1052724540884727,0.8947275459115273,1.17829338355747,1,0,0,0.0,1,1,1,1,,0,1,0,1,1,0,0,1.0,1.0,0.0,0.0,0.0,,0.9259229553403849,1.7504165050347988,0.5855366604121337,0.6360534888018382,0.18181341639426513,0.1481701179489376,-0.7894550918230545,1.17829338355747,0.51763546,0.5448805715851054,0.501744
2025-11-19 10:30:00,2025-11-19 10:35:00,-1,552.95,553.95,pivot,-1.0,0.133207,-1.3332070000000003,-41996.020500000006,1.0,2025-11-19,553.95,554.05,551.55,0.0,554.4,554.8,552.35,0.0,2025,0.0,0.0,0.0,0.0,0.0,0.0,0.0,0.0,0.0,0.0,0.0,0.0,0.0,0.0,0.0,1.0,1.0,1.0,0,10,2,11,147.1060710788363,0.1671892519684634,-0.7054247519410833,0.1671892519684634,0.8328107480315365,-0.0001665398214595,-0.0002012039386249,0.0016324194983921,True,4.532260629160373,0.9934380732144218,2.644833505503452,0.9934380732144218,0.0065619267855782,-0.0004027253998858,-0.0006061217759538,0.0027282513338324,True,8.571249982641088,0.9755354147869792,1.856601130377042,0.9755354147869792,0.0244645852130208,-0.0008051133693821,-0.0010768185511979,0.0039933054292747,True,1.629256249885089,0.9887557532119532,2.8834221113895704,0.9887557532119532,0.0112442467880468,-0.0016790539557081,-0.0019846536518362,0.0049711253078692,True,0.8328107480315365,0.1671892519684634,-0.7054247519410833,0.0065619267855782,0.9934380732144218,2.644833505503452,0.0244645852130208,0.9755354147869792,1.856601130377042,0.0112442467880468,0.9887557532119532,2.8834221113895704,1,0,0,0.0,1,1,1,1,,0,1,1,0,1,0,0,1.0,1.0,0.0,0.0,0.0,,0.6656214960630731,0.7054247519410833,-0.9868761464288436,2.644833505503452,-0.9510708295739585,1.856601130377042,-0.9775115064239064,2.8834221113895704,0.60426366,0.525881409117132,0.535923
2025-11-19 12:25:00,2025-11-19 13:20:00,1,555.3,553.55,pivot,-1.75,0.1332655,-2.0832655,-65622.86325,1.0,2025-11-19,554.55,555.4,554.0,0.0,553.75,554.15,553.2,0.0,2025,0.0,0.0,0.0,0.0,0.0,0.0,0.0,0.0,0.0,0.0,0.0,0.0,0.0,0.0,0.0,1.0,1.0,1.0,0,12,2,11,21.864110162391786,0.0319665381516842,-2.08228337746562,0.0319665381516842,0.9680334618483156,-0.0001665398214595,-0.0002012039386249,0.0016324194983921,True,19.38543093190645,0.0390683622861582,-1.8870163336090768,0.0390683622861582,0.9609316377138416,-0.0004027253998858,-0.0006061217759538,0.0027282513338324,True,85.68931359411174,0.2201182172435742,-0.4743981470915307,0.2201182172435742,0.7798817827564257,-0.0008051133693821,-0.0010768185511979,0.0039933054292747,True,107.39540262649408,0.4259182289635308,-0.0718261649087856,0.4259182289635308,0.5740817710364692,-0.0016790539557081,-0.0019846536518362,0.0049711253078692,True,0.0319665381516842,0.9680334618483156,2.08228337746562,0.0390683622861582,0.9609316377138416,1.8870163336090768,0.2201182172435742,0.7798817827564257,0.4743981470915307,0.4259182289635308,0.5740817710364692,0.0718261649087856,1,0,0,0.0,1,1,1,1,,0,1,0,1,1,0,0,1.0,1.0,0.0,0.0,0.0,,-0.9360669236966315,2.08228337746562,-0.9218632754276834,1.8870163336090768,-0.5597635655128516,0.4743981470915307,-0.14816354207293836,0.0718261649087856,0.5872882,0.5402548471544761,0.5534311
2025-11-20 14:20:00,2025-11-20 15:45:00,-1,570.6,566.0,eod,4.600000000000023,0.134098,4.265902000000023,134375.91300000073,1.0,2025-11-20,571.05,571.3,570.45,0.0,566.0,566.0,566.0,0.0,2025,0.0,0.0,0.0,0.0,0.0,0.0,0.0,0.0,0.0,0.0,0.0,0.0,0.0,0.0,0.0,1.0,1.0,1.0,1,14,3,11,23.208509616105115,0.0191499532459891,-2.11687234414597,0.0191499532459891,0.9808500467540108,0.0001035711567834,0.000182225320267,0.0011205395506545,True,5.485110540423626,0.0095014886337429,-2.480726060455041,0.0095014886337429,0.990498511366257,0.0003221109012803,0.0005452596730077,0.0018425325938617,True,8.688678954742098,0.0115128358126883,-2.1230633710273072,0.0115128358126883,0.9884871641873116,0.0005654512645444,0.0009164859010828,0.002245508622053,True,15.219887208712706,0.01804803884278,-1.8291780395166977,0.01804803884278,0.98195196115722,0.0010223359202306,0.0014709796676207,0.002766139715444,True,0.9808500467540108,0.0191499532459891,-2.11687234414597,0.990498511366257,0.0095014886337429,-2.480726060455041,0.9884871641873116,0.0115128358126883,-2.1230633710273072,0.98195196115722,0.01804803884278,-1.8291780395166977,1,0,0,0.0,1,1,1,1,,0,1,0,1,1,0,0,1.0,1.0,0.0,0.0,0.0,,0.9617000935080217,2.11687234414597,0.9809970227325141,2.480726060455041,0.9769743283746234,2.1230633710273072,0.9639039223144401,1.8291780395166977,0.5432006,0.5996678455843534,0.61848104
2025-11-24 12:15:00,2025-11-24 14:05:00,-1,549.45,541.75,pivot,7.700000000000045,0.132736,7.367264000000046,232068.81600000145,1.0,2025-11-24,548.25,549.45,548.15,0.0,543.65,543.75,541.6,0.0,2025,0.0,0.0,0.0,0.0,0.0,0.0,0.0,0.0,0.0,0.0,0.0,0.0,0.0,0.0,0.0,1.0,1.0,1.0,1,12,0,11,13.144935577111246,0.0126796387769969,-2.443942976071145,0.0126796387769969,0.987320361223003,9.8217324794508e-05,0.0001184223060284,0.0014227107437239,True,15.173623354728756,0.0314240833285382,-2.030254936629044,0.0314240833285382,0.9685759166714616,0.0003535542056072,0.0003523225373936,0.0024968846641247,True,57.91561165826449,0.1371553228737408,-0.9563145077714804,0.1371553228737408,0.8628446771262591,0.0008201034399723,0.0008417200701817,0.0035390053424341,True,100.712025808664,0.5764049272103801,0.1244674556464816,0.5764049272103801,0.4235950727896199,0.0015336697484977,0.0016950923799485,0.004664959960791,True,0.987320361223003,0.0126796387769969,-2.443942976071145,0.9685759166714616,0.0314240833285382,-2.030254936629044,0.8628446771262591,0.1371553228737408,-0.9563145077714804,0.4235950727896199,0.5764049272103801,0.1244674556464816,1,0,0,0.0,1,1,1,1,,0,1,0,1,1,0,0,1.0,1.0,0.0,0.0,0.0,,0.9746407224460062,2.443942976071145,0.9371518333429234,2.030254936629044,0.7256893542525183,0.9563145077714804,-0.15280985442076017,0.1244674556464816,0.6107625,0.503973395205229,0.63313377
2025-11-24 14:05:00,2025-11-24 14:20:00,1,541.75,544.45,pivot,2.700000000000045,0.132586,2.367414000000046,74573.54100000144,1.0,2025-11-24,543.65,543.75,541.6,0.0,544.9,545.3,544.35,0.0,2025,0.0,0.0,0.0,0.0,0.0,0.0,0.0,0.0,0.0,0.0,0.0,0.0,0.0,0.0,0.0,1.0,1.0,1.0,1,14,0,11,1.706067266658212,0.000144129369937,-4.9076132291059285,0.000144129369937,0.9998558706300628,-4.254845022231719e-05,-5.257726596261265e-05,0.0008914854512841,True,5.3188819049508576,0.0058269047753648,-3.6298492706673775,0.0058269047753648,0.9941730952246352,-0.0001630520644023,-0.0002375972895419,0.0014584352625323,True,19.433968077956973,0.0195128963131671,-2.179920781534578,0.0195128963131671,0.9804871036868328,-0.0004286875340268,-0.0005495069758107,0.0017368031097496,True,0.0002932640949607,2.9650542472552195e-08,-4.929513354297467,2.9650542472552195e-08,0.9999999703494576,-0.0010583489201099,-0.0012201461728073,0.0021018029307727,True,0.000144129369937,0.9998558706300628,4.9076132291059285,0.0058269047753648,0.9941730952246352,3.6298492706673775,0.0195128963131671,0.9804871036868328,2.179920781534578,2.9650542472552195e-08,0.9999999703494576,4.929513354297467,1,0,0,0.0,1,1,1,1,,0,1,0,1,1,0,0,1.0,1.0,0.0,0.0,0.0,,-0.9997117412601257,4.9076132291059285,-0.9883461904492703,3.6298492706673775,-0.9609742073736657,2.179920781534578,-0.9999999406989152,4.929513354297467,0.50281435,0.5781110236598199,0.6471786
2025-11-25 13:35:00,2025-11-25 13:50:00,1,543.45,543.95,pivot,0.5,0.132622,0.16737799999999997,5272.406999999999,1.0,2025-11-25,544.05,544.25,543.45,0.0,544.7,544.95,543.8,0.0,2025,0.0,0.0,0.0,0.0,0.0,0.0,0.0,0.0,0.0,0.0,0.0,0.0,0.0,0.0,0.0,1.0,1.0,0.0,1,13,1,11,604.3661675981231,0.469729496482206,-0.0443551112283777,0.469729496482206,0.5302705035177939,-4.254845022231719e-05,-5.257726596261265e-05,0.0008914854512841,True,288.7814636503629,0.7459991843918652,0.5420129365980645,0.7459991843918652,0.2540008156081348,-0.0001630520644023,-0.0002375972895419,0.0014584352625323,True,27.761561218741484,0.9777865681263292,1.9098517263655488,0.9777865681263292,0.0222134318736707,-0.0004286875340268,-0.0005495069758107,0.0017368031097496,True,4.281385591214718,0.0037040916168936,-3.5652756258609526,0.0037040916168936,0.9962959083831064,-0.0010583489201099,-0.0012201461728073,0.0021018029307727,True,0.469729496482206,0.5302705035177939,0.0443551112283777,0.7459991843918652,0.2540008156081348,-0.5420129365980645,0.9777865681263292,0.0222134318736707,-1.9098517263655488,0.0037040916168936,0.9962959083831064,3.5652756258609526,1,0,0,0.0,1,1,1,1,,0,1,0,1,1,0,0,1.0,1.0,0.0,0.0,0.0,,-0.0605410070355879,0.0443551112283777,0.4919983687837304,0.5420129365980645,0.9555731362526585,1.9098517263655488,-0.9925918167662129,3.5652756258609526,0.5033707,0.5689496077835337,0.6565584
2025-11-25 13:50:00,2025-11-25 14:35:00,1,543.95,545.25,pivot,1.2999999999999543,0.132676,0.9673239999999544,30470.705999998565,1.0,2025-11-25,544.7,544.95,543.8,0.0,545.2,545.8,545.15,0.0,2025,0.0,0.0,0.0,0.0,0.0,0.0,0.0,0.0,0.0,0.0,0.0,0.0,0.0,0.0,0.0,1.0,1.0,1.0,1,13,1,11,512.1917965619432,0.3127391992375585,-0.3534590393429255,0.3127391992375585,0.6872608007624414,-4.254845022231719e-05,-5.257726596261265e-05,0.0008914854512841,True,47.93864951959392,0.9632186525600864,1.551157003069101,0.9632186525600864,0.0367813474399134,-0.0001630520644023,-0.0002375972895419,0.0014584352625323,True,33.23496612800573,0.9720376621934416,1.8004719300974945,0.9720376621934416,0.0279623378065585,-0.0004286875340268,-0.0005495069758107,0.0017368031097496,True,137.82115982490328,0.2615368148016417,-0.555411938309015,0.2615368148016417,0.7384631851983583,-0.0010583489201099,-0.0012201461728073,0.0021018029307727,True,0.3127391992375585,0.6872608007624414,0.3534590393429255,0.9632186525600864,0.0367813474399134,-1.551157003069101,0.9720376621934416,0.0279623378065585,-1.8004719300974945,0.2615368148016417,0.7384631851983583,0.555411938309015,1,0,0,0.0,1,1,1,1,,0,1,0,1,1,0,0,1.0,1.0,0.0,0.0,0.0,,-0.37452160152488295,0.3534590393429255,0.9264373051201731,1.551157003069101,0.944075324386883,1.8004719300974945,-0.4769263703967166,0.555411938309015,0.5126841,0.5821610522586915,0.67824084
2025-11-25 14:40:00,2025-11-25 15:10:00,-1,545.25,546.0,pivot,-0.75,0.1327375,-1.0827375,-34106.23125,1.0,2025-11-25,545.5,545.75,544.9,0.0,545.5,546.1,545.4,0.0,2025,0.0,0.0,0.0,0.0,0.0,0.0,0.0,0.0,0.0,0.0,0.0,0.0,0.0,0.0,0.0,1.0,1.0,1.0,0,14,1,11,4.395337064972207,0.9925933482396796,3.0459836954368718,0.9925933482396796,0.0074066517603205,-4.254845022231719e-05,-5.257726596261265e-05,0.0008914854512841,True,365.2475177867999,0.5594563617181725,0.1629124690316445,0.5594563617181725,0.4405436382818275,-0.0001630520644023,-0.0002375972895419,0.0014584352625323,True,122.70547391856532,0.8915093662861945,1.10891653390215,0.8915093662861945,0.1084906337138055,-0.0004286875340268,-0.0005495069758107,0.0017368031097496,True,16.949769140109634,0.9859314918048138,2.1537914801962112,0.9859314918048138,0.0140685081951862,-0.0010583489201099,-0.0012201461728073,0.0021018029307727,True,0.0074066517603205,0.9925933482396796,3.0459836954368718,0.4405436382818275,0.5594563617181725,0.1629124690316445,0.1084906337138055,0.8915093662861945,1.10891653390215,0.0140685081951862,0.9859314918048138,2.1537914801962112,1,0,0,0.0,1,1,1,1,,0,1,0,1,1,0,0,1.0,1.0,0.0,0.0,0.0,,-0.9851866964793591,3.0459836954368718,-0.11891272343634496,0.1629124690316445,-0.783018732572389,1.10891653390215,-0.9718629836096275,2.1537914801962112,0.5233877,0.6157060465938807,0.68707883
2025-11-26 10:50:00,2025-11-26 11:15:00,1,555.55,555.5,pivot,-0.0499999999999545,0.1333315,-0.3833314999999545,-12074.942249998567,1.0,2025-11-26,555.7,556.3,555.5,0.0,555.05,555.65,554.95,0.0,2025,0.0,0.0,0.0,0.0,0.0,0.0,0.0,0.0,0.0,0.0,0.0,0.0,0.0,0.0,0.0,1.0,1.0,2.0,0,10,2,11,438.70005370900304,0.6255701638394623,0.151358471554991,0.6255701638394623,0.3744298361605377,9.930389845865924e-05,0.0001854765186907,0.0011532852241792,True,125.31586014978424,0.8307972288039785,0.6602291277670531,0.8307972288039785,0.1692027711960214,0.0003178159276297,0.0005472936298119,0.0018996194138552,True,10.245831978600616,0.9764708827168102,2.420235112623777,0.9764708827168102,0.0235291172831898,0.0005538091349639,0.0009050638451866,0.0022745414778683,True,2.865623611623364,0.994329688961466,3.649742030772774,0.994329688961466,0.0056703110385341,0.0010369233618436,0.0014855388071034,0.0028173218001605,True,0.6255701638394623,0.3744298361605377,-0.151358471554991,0.8307972288039785,0.1692027711960214,-0.6602291277670531,0.9764708827168102,0.0235291172831898,-2.420235112623777,0.994329688961466,0.0056703110385341,-3.649742030772774,1,0,0,0.0,1,1,1,1,,0,1,1,0,1,0,0,1.0,1.0,0.0,0.0,0.0,,0.2511403276789246,0.151358471554991,0.6615944576079571,0.6602291277670531,0.9529417654336203,2.420235112623777,0.9886593779229319,3.649742030772774,0.5713239,0.5536410527594512,0.67011315
2025-11-26 11:15:00,2025-11-26 11:30:00,1,555.5,554.8,pivot,-0.7000000000000455,0.133309,-1.0333090000000456,-32549.233500001432,1.0,2025-11-26,555.05,555.65,554.95,0.0,553.7,554.85,553.45,0.0,2025,0.0,0.0,0.0,0.0,0.0,0.0,0.0,0.0,0.0,0.0,0.0,0.0,0.0,0.0,0.0,1.0,1.0,2.0,0,11,2,11,498.16114036670336,0.540996340064009,-0.0047049107840742,0.540996340064009,0.459003659935991,9.930389845865924e-05,0.0001854765186907,0.0011532852241792,True,264.11489881039586,0.2702600245712316,-0.5249882585333935,0.2702600245712316,0.7297399754287683,0.0003178159276297,0.0005472936298119,0.0018996194138552,True,242.81651921838397,0.3874875469375166,-0.35833274446072,0.3874875469375166,0.6125124530624835,0.0005538091349639,0.0009050638451866,0.0022745414778683,True,21.180885503197462,0.9460569520311718,1.9415287601045292,0.9460569520311718,0.0539430479688282,0.0010369233618436,0.0014855388071034,0.0028173218001605,True,0.540996340064009,0.459003659935991,0.0047049107840742,0.2702600245712316,0.7297399754287683,0.5249882585333935,0.3874875469375166,0.6125124530624835,0.35833274446072,0.9460569520311718,0.0539430479688282,-1.9415287601045292,1,0,0,0.0,1,1,1,1,,0,1,1,0,1,0,0,1.0,1.0,0.0,0.0,0.0,,0.08199268012801797,0.0047049107840742,-0.45947995085753673,0.5249882585333935,-0.2250249061249669,0.35833274446072,0.8921139040623436,1.9415287601045292,0.5731113,0.5498394662663496,0.61868286
2025-11-26 13:15:00,2025-11-26 14:15:00,-1,556.2,557.45,pivot,-1.25,0.1334095,-1.5834095000000001,-49877.39925,1.0,2025-11-26,556.5,556.6,555.85,0.0,558.3,558.3,557.3,0.0,2025,0.0,0.0,0.0,0.0,0.0,0.0,0.0,0.0,0.0,0.0,0.0,0.0,0.0,0.0,0.0,1.0,1.0,1.0,0,13,2,11,111.04899943565415,0.0795380116567261,-1.1740057297504316,0.0795380116567261,0.920461988343274,9.930389845865924e-05,0.0001854765186907,0.0011532852241792,True,98.9655474423852,0.0899793696805612,-1.0450712408764269,0.0899793696805612,0.9100206303194388,0.0003178159276297,0.0005472936298119,0.0018996194138552,True,96.96395103300672,0.0963397567665604,-1.0695829202544014,0.0963397567665604,0.9036602432334396,0.0005538091349639,0.0009050638451866,0.0022745414778683,True,189.16295461232608,0.5081271050230525,-0.1440099142920433,0.5081271050230525,0.4918728949769475,0.0010369233618436,0.0014855388071034,0.0028173218001605,True,0.920461988343274,0.0795380116567261,-1.1740057297504316,0.9100206303194388,0.0899793696805612,-1.0450712408764269,0.9036602432334396,0.0963397567665604,-1.0695829202544014,0.4918728949769475,0.5081271050230525,-0.1440099142920433,1,0,0,0.0,1,1,1,1,,0,1,0,1,1,0,0,1.0,1.0,0.0,0.0,0.0,,0.8409239766865478,1.1740057297504316,0.8200412606388776,1.0450712408764269,0.8073204864668793,1.0695829202544014,-0.016254210046105,0.1440099142920433,0.5465042,0.5061562363648259,0.5499475
2025-11-27 11:40:00,2025-11-27 13:35:00,1,566.25,562.9,pivot,-3.3500000000000227,0.1338745,-3.683874500000023,-116042.04675000072,1.0,2025-11-27,565.0,566.3,564.85,0.0,564.2,564.35,562.9,0.0,2025,0.0,0.0,0.0,0.0,0.0,0.0,0.0,0.0,0.0,0.0,0.0,0.0,0.0,0.0,0.0,1.0,1.0,1.0,0,11,3,11,43.76070488904899,0.0512834619135828,-1.5660905752193155,0.0512834619135828,0.9487165380864172,0.0001239605938138,0.0001230731242438,0.0015420785192998,True,147.785706556491,0.278889358252098,-0.4551082979045354,0.278889358252098,0.7211106417479021,0.0004062800547517,0.0003536696269223,0.002715430738961,True,78.1362463320711,0.2087272585422036,-0.6768659004475416,0.2087272585422036,0.7912727414577965,0.0008669354198627,0.0008242307967009,0.0038231268110313,True,41.75939692892659,0.1235209056739141,-1.0443421398984314,0.1235209056739141,0.8764790943260858,0.001483899509725,0.0016445860889011,0.004864843865642,True,0.0512834619135828,0.9487165380864172,1.5660905752193155,0.278889358252098,0.7211106417479021,0.4551082979045354,0.2087272585422036,0.7912727414577965,0.6768659004475416,0.1235209056739141,0.8764790943260858,1.0443421398984314,1,0,0,0.0,1,1,1,1,,0,1,1,0,1,0,0,1.0,1.0,0.0,0.0,0.0,,-0.8974330761728344,1.5660905752193155,-0.4422212834958041,0.4551082979045354,-0.5825454829155929,0.6768659004475416,-0.7529581886521717,1.0443421398984314,0.5377939,0.503053694248221,0.5284065
2025-11-28 11:45:00,2025-11-28 13:20:00,-1,557.15,555.2,pivot,1.949999999999932,0.1333705,1.6166294999999318,50923.82924999785,1.0,2025-11-28,557.5,557.7,557.15,0.0,554.95,555.3,554.9,0.0,2025,0.0,0.0,0.0,0.0,0.0,0.0,0.0,0.0,0.0,0.0,0.0,0.0,0.0,0.0,0.0,1.0,1.0,1.0,1,11,4,11,588.5296348719128,0.6349877555084988,0.2602914478792673,0.6349877555084988,0.3650122444915011,-4.254845022231719e-05,-5.257726596261265e-05,0.0008914854512841,True,89.92564063059737,0.0843074120558958,-1.189244652017873,0.0843074120558958,0.915692587944104,-0.0001630520644023,-0.0002375972895419,0.0014584352625323,True,106.91397022857036,0.1335021012055211,-1.0252519500180488,0.1335021012055211,0.8664978987944789,-0.0004286875340268,-0.0005495069758107,0.0017368031097496,True,208.06984116777372,0.6718668121629865,0.452470294438185,0.6718668121629865,0.3281331878370135,-0.0010583489201099,-0.0012201461728073,0.0021018029307727,True,0.3650122444915011,0.6349877555084988,0.2602914478792673,0.915692587944104,0.0843074120558958,-1.189244652017873,0.8664978987944789,0.1335021012055211,-1.0252519500180488,0.3281331878370135,0.6718668121629865,0.452470294438185,1,0,0,0.0,1,1,1,1,,0,1,1,0,1,0,0,1.0,1.0,0.0,0.0,0.0,,-0.26997551101699774,0.2602914478792673,0.8313851758882083,1.189244652017873,0.7329957975889578,1.0252519500180488,-0.343733624325973,0.452470294438185,0.5233731,0.5881610059862322,0.52734274
2025-12-01 14:15:00,2025-12-01 14:55:00,-1,552.6,553.45,pivot,-0.8500000000000227,0.1331815,-1.1831815000000228,-37270.217250000715,1.0,2025-12-01,551.4,553.05,551.3,0.0,554.0,554.1,553.05,0.0,2025,0.0,0.0,0.0,0.0,0.0,0.0,0.0,0.0,0.0,0.0,0.0,0.0,0.0,0.0,0.0,1.0,1.0,1.0,0,14,0,12,25.08119520006207,0.0243685519346232,-1.9969659219219107,0.0243685519346232,0.9756314480653768,-6.741010810357068e-05,-7.186296545863286e-05,0.0012286732798719,True,32.230735624786334,0.0556678723164182,-1.516686344955549,0.0556678723164182,0.9443321276835818,-0.0001662053759737,-0.0001211229623413,0.0021789428872691,True,23.97248571794861,0.0399032241801455,-1.61026094678965,0.0399032241801455,0.9600967758198544,-0.0002634087600175,-2.539382549012477e-05,0.0026704406536198,True,62.32662814794139,0.0815802272194697,-1.2177100742122755,0.0815802272194697,0.9184197727805302,-0.0004733509653072,-1.0594747698659816e-05,0.0031741581994283,True,0.9756314480653768,0.0243685519346232,-1.9969659219219107,0.9443321276835818,0.0556678723164182,-1.516686344955549,0.9600967758198544,0.0399032241801455,-1.61026094678965,0.9184197727805302,0.0815802272194697,-1.2177100742122755,1,0,0,0.0,1,1,1,1,,0,1,0,1,1,0,0,1.0,1.0,0.0,0.0,0.0,,0.9512628961307537,1.9969659219219107,0.8886642553671635,1.516686344955549,0.920193551639709,1.61026094678965,0.8368395455610605,1.2177100742122755,0.5473515,0.5143088777913122,0.5186044
2025-12-02 12:45:00,2025-12-02 12:55:00,-1,564.55,565.35,pivot,-0.8000000000000682,0.133897,-1.1338970000000683,-35717.75550000215,1.0,2025-12-02,564.65,564.8,564.2,0.0,565.5,566.05,565.3,0.0,2025,0.0,0.0,0.0,0.0,0.0,0.0,0.0,0.0,0.0,0.0,0.0,0.0,0.0,0.0,0.0,1.0,1.0,1.0,0,12,1,12,283.1710713143351,0.1875592421919252,-0.6401297465723365,0.1875592421919252,0.8124407578080748,0.000105638673607,0.0001756319695124,0.0012450571334415,True,6.7536534703205815,0.0108818500511891,-2.340797855639799,0.0108818500511891,0.9891181499488108,0.0003178159276297,0.0005472936298119,0.0018996194138552,True,6.628815014154039,0.0058214237174407,-2.4232285879831243,0.0058214237174407,0.9941785762825592,0.0005538091349639,0.0009050638451866,0.0022745414778683,True,14.588937972797424,0.0161465437057838,-1.879947723511024,0.0161465437057838,0.9838534562942162,0.0010369233618436,0.0014855388071034,0.0028173218001605,True,0.8124407578080748,0.1875592421919252,-0.6401297465723365,0.9891181499488108,0.0108818500511891,-2.340797855639799,0.9941785762825592,0.0058214237174407,-2.4232285879831243,0.9838534562942162,0.0161465437057838,-1.879947723511024,1,0,0,0.0,1,1,1,1,,0,1,0,1,1,0,0,1.0,1.0,0.0,0.0,0.0,,0.6248815156161496,0.6401297465723365,0.9782362998976216,2.340797855639799,0.9883571525651186,2.4232285879831243,0.9677069125884323,1.879947723511024,0.5776624,0.6077013565165665,0.518365
2025-12-02 12:55:00,2025-12-02 14:15:00,1,565.35,565.55,pivot,0.1999999999999318,0.133927,-0.1339270000000682,-4218.700500002149,1.0,2025-12-02,565.5,566.05,565.3,0.0,565.55,565.75,565.25,0.0,2025,0.0,0.0,0.0,0.0,0.0,0.0,0.0,0.0,0.0,0.0,0.0,0.0,0.0,0.0,0.0,1.0,1.0,1.0,0,12,1,12,481.1055151212513,0.534923620710813,0.0011923739047028,0.534923620710813,0.465076379289187,0.000105638673607,0.0001756319695124,0.0012450571334415,True,93.01505489050837,0.8659006319241257,0.8318393305434798,0.8659006319241257,0.1340993680758743,0.0003178159276297,0.0005472936298119,0.0018996194138552,True,76.43690385948949,0.0751989682907752,-1.1758440432968778,0.0751989682907752,0.9248010317092248,0.0005538091349639,0.0009050638451866,0.0022745414778683,True,93.78141097264336,0.120237085696778,-0.9984354278427788,0.120237085696778,0.879762914303222,0.0010369233618436,0.0014855388071034,0.0028173218001605,True,0.534923620710813,0.465076379289187,-0.0011923739047028,0.8659006319241257,0.1340993680758743,-0.8318393305434798,0.0751989682907752,0.9248010317092248,1.1758440432968778,0.120237085696778,0.879762914303222,0.9984354278427788,1,0,0,0.0,1,1,1,1,,0,1,0,1,1,0,0,1.0,1.0,0.0,0.0,0.0,,0.06984724142162602,0.0011923739047028,0.7318012638482514,0.8318393305434798,-0.8496020634184496,1.1758440432968778,-0.7595258286064439,0.9984354278427788,0.571134,0.5109218250697035,0.52492905
2025-12-02 14:15:00,2025-12-02 15:45:00,-1,565.55,565.45,eod,0.099999999999909,0.13393,-0.23393000000009095,-7368.795000002865,1.0,2025-12-02,565.55,565.75,565.25,0.0,565.45,565.45,565.45,0.0,2025,0.0,0.0,0.0,0.0,0.0,0.0,0.0,0.0,0.0,0.0,0.0,0.0,0.0,0.0,0.0,1.0,1.0,1.0,0,14,1,12,284.430218521476,0.1883559960603827,-0.6379245130568278,0.1883559960603827,0.8116440039396173,0.000105638673607,0.0001756319695124,0.0012450571334415,True,265.24974850655474,0.272411912107561,-0.5207382342929415,0.272411912107561,0.727588087892439,0.0003178159276297,0.0005472936298119,0.0018996194138552,True,116.6768688175938,0.1181989304067667,-0.9805101077498776,0.1181989304067667,0.8818010695932332,0.0005538091349639,0.0009050638451866,0.0022745414778683,True,105.93876166225851,0.1382648747099916,-0.9349663293110966,0.1382648747099916,0.8617351252900084,0.0010369233618436,0.0014855388071034,0.0028173218001605,True,0.8116440039396173,0.1883559960603827,-0.6379245130568278,0.727588087892439,0.272411912107561,-0.5207382342929415,0.8818010695932332,0.1181989304067667,-0.9805101077498776,0.8617351252900084,0.1382648747099916,-0.9349663293110966,1,0,0,0.0,1,1,1,1,,0,1,0,1,1,0,0,1.0,1.0,0.0,0.0,0.0,,0.6232880078792347,0.6379245130568278,0.455176175784878,0.5207382342929415,0.7636021391864666,0.9805101077498776,0.7234702505800168,0.9349663293110966,0.5422595,0.565315433678025,0.5688571
2025-12-04 14:45:00,2025-12-04 15:10:00,-1,566.95,568.9,pivot,-1.949999999999932,0.1340755,-2.2840754999999313,-71948.37824999784,1.0,2025-12-04,566.9,567.15,566.5,0.0,569.15,569.2,568.75,0.0,2025,0.0,0.0,0.0,0.0,0.0,0.0,0.0,0.0,0.0,0.0,0.0,0.0,0.0,0.0,0.0,1.0,1.0,1.0,0,14,3,12,408.9094225128351,0.2819647018057318,-0.4242707164701916,0.2819647018057318,0.7180352981942681,0.000105638673607,0.0001756319695124,0.0012450571334415,True,207.67880213476363,0.1882187144383273,-0.7056623034070549,0.1882187144383273,0.8117812855616726,0.0003178159276297,0.0005472936298119,0.0018996194138552,True,218.25646579335051,0.5748565715888544,-0.0101102669897331,0.5748565715888544,0.4251434284111456,0.0005538091349639,0.0009050638451866,0.0022745414778683,True,152.89576438966293,0.2309980469316093,-0.6837277246815553,0.2309980469316093,0.7690019530683907,0.0010369233618436,0.0014855388071034,0.0028173218001605,True,0.7180352981942681,0.2819647018057318,-0.4242707164701916,0.8117812855616726,0.1882187144383273,-0.7056623034070549,0.4251434284111456,0.5748565715888544,-0.0101102669897331,0.7690019530683907,0.2309980469316093,-0.6837277246815553,1,0,0,0.0,1,1,1,1,,0,1,0,1,1,0,0,1.0,1.0,0.0,0.0,0.0,,0.43607059638853635,0.4242707164701916,0.6235625711233453,0.7056623034070549,-0.14971314317770879,0.0101102669897331,0.5380039061367814,0.6837277246815553,0.5399031,0.5417141929233377,0.6088487
2025-12-04 15:10:00,2025-12-04 15:45:00,1,568.9,570.3,eod,1.3999999999999773,0.134176,1.065823999999977,33573.45599999928,1.0,2025-12-04,569.15,569.2,568.75,0.0,570.3,570.3,570.3,0.0,2025,0.0,0.0,0.0,0.0,0.0,0.0,0.0,0.0,0.0,0.0,0.0,0.0,0.0,0.0,0.0,1.0,1.0,1.0,1,15,3,12,481.3220111462575,0.5343744616716765,0.0002786325754181,0.5343744616716765,0.4656255383283235,0.000105638673607,0.0001756319695124,0.0012450571334415,True,69.18594483834705,0.8929664810620546,1.0103251888286156,0.8929664810620546,0.1070335189379454,0.0003178159276297,0.0005472936298119,0.0018996194138552,True,143.2182304685922,0.7346041223797393,0.376392399829946,0.7346041223797393,0.2653958776202607,0.0005538091349639,0.0009050638451866,0.0022745414778683,True,159.0878910388525,0.6277402232756509,0.0978394315605532,0.6277402232756509,0.372259776724349,0.0010369233618436,0.0014855388071034,0.0028173218001605,True,0.5343744616716765,0.4656255383283235,-0.0002786325754181,0.8929664810620546,0.1070335189379454,-1.0103251888286156,0.7346041223797393,0.2653958776202607,-0.376392399829946,0.6277402232756509,0.372259776724349,-0.0978394315605532,1,0,0,0.0,1,1,1,1,,0,1,0,0,1,0,0,1.0,1.0,0.0,0.0,0.0,,0.06874892334335297,0.0002786325754181,0.7859329621241091,1.0103251888286156,0.4692082447594786,0.376392399829946,0.2554804465513019,0.0978394315605532,0.539137,0.5184236771943515,0.631529
2025-12-08 14:40:00,2025-12-08 15:15:00,-1,585.6,587.7,pivot,-2.1000000000000227,0.135199,-2.435199000000023,-76708.76850000072,1.0,2025-12-08,585.8,585.9,585.45,0.0,588.6,588.7,587.6,0.0,2025,0.0,0.0,0.0,0.0,0.0,0.0,0.0,0.0,0.0,0.0,0.0,0.0,0.0,0.0,0.0,1.0,1.0,1.0,0,14,0,12,153.63525254678473,0.105545009142866,-0.9683812915350656,0.105545009142866,0.894454990857134,0.0001092847416146,0.0001812493308908,0.0012443991438012,True,268.31026562318704,0.5642020917218051,0.0240775533231835,0.5642020917218051,0.4357979082781948,0.0003648882113067,0.0005487736812512,0.0020321603367108,True,207.099320016886,0.3216132340214137,-0.4871050551773321,0.3216132340214137,0.6783867659785863,0.0006577797288842,0.000996022451811,0.0023952311019351,True,98.32367169919236,0.1399205484646898,-0.9602922129638346,0.1399205484646898,0.8600794515353102,0.0012110733289412,0.0016884164004864,0.0030019528859848,True,0.894454990857134,0.105545009142866,-0.9683812915350656,0.4357979082781948,0.5642020917218051,0.0240775533231835,0.6783867659785863,0.3216132340214137,-0.4871050551773321,0.8600794515353102,0.1399205484646898,-0.9602922129638346,1,0,0,0.0,1,1,1,1,,0,1,0,1,1,0,0,1.0,1.0,0.0,0.0,0.0,,0.788909981714268,0.9683812915350656,-0.12840418344361032,0.0240775533231835,0.3567735319571726,0.4871050551773321,0.7201589030706204,0.9602922129638346,0.51996183,0.5681941985025988,0.61241287
2025-12-09 15:30:00,2025-12-09 15:45:00,-1,585.3,585.1,eod,0.1999999999999318,0.135112,-0.1351120000000682,-4256.0280000021485,1.0,2025-12-09,585.25,585.6,585.15,0.0,585.1,585.1,585.1,0.0,2025,0.0,0.0,0.0,0.0,0.0,0.0,0.0,0.0,0.0,0.0,0.0,0.0,0.0,0.0,0.0,1.0,1.0,1.0,0,15,1,12,349.3847646422512,0.6991656759061678,0.3270807146513517,0.6991656759061678,0.3008343240938321,0.0001151837206511,0.0001773631102348,0.001285282320202,True,108.79030416635877,0.1115467653047369,-0.9056445102937852,0.1115467653047369,0.888453234695263,0.0003976183651429,0.0005413465132401,0.0021049114629042,True,85.65585271133266,0.0886053870657943,-1.1407529660524618,0.0886053870657943,0.9113946129342057,0.0007086234626078,0.0010371323268326,0.0024045829768055,True,160.16368603712826,0.3850813415328152,-0.3913250679465843,0.3850813415328152,0.6149186584671849,0.0013158377803505,0.0017915513708104,0.0030506535321631,True,0.3008343240938321,0.6991656759061678,0.3270807146513517,0.888453234695263,0.1115467653047369,-0.9056445102937852,0.9113946129342057,0.0886053870657943,-1.1407529660524618,0.6149186584671849,0.3850813415328152,-0.3913250679465843,1,0,0,0.0,1,1,1,1,,0,1,0,0,1,0,0,1.0,1.0,0.0,0.0,0.0,,-0.39833135181233575,0.3270807146513517,0.7769064693905261,0.9056445102937852,0.8227892258684113,1.1407529660524618,0.22983731693436965,0.3913250679465843,0.5174618,0.5026806524636447,0.60191214
2025-12-16 13:00:00,2025-12-16 13:10:00,1,566.2,563.85,pivot,-2.3500000000000227,0.1339015,-2.6839015000000224,-84542.89725000071,1.0,2025-12-16,564.85,566.4,564.85,0.0,564.85,565.35,563.85,0.0,2025,0.0,0.0,0.0,0.0,0.0,0.0,0.0,0.0,0.0,0.0,0.0,0.0,0.0,0.0,0.0,1.0,1.0,1.0,0,13,1,12,21.38581491424944,0.9612087260637896,1.881957550817016,0.9612087260637896,0.0387912739362102,-0.0001943214552843,-0.0001946081326463,0.0017459483615306,True,9.023934621521398,0.9788622601761692,2.051373000617078,0.9788622601761692,0.0211377398238308,-0.0005432271713406,-0.0006548937554848,0.002991784852513,True,33.579292053890846,0.9171855241055702,1.1788584337433925,0.9171855241055702,0.0828144758944298,-0.0009645278993038,-0.0011611211286525,0.00428273534197,True,35.24455773032707,0.8936061714960902,1.023731745051501,0.8936061714960902,0.1063938285039097,-0.0018762533031869,-0.0021493472704805,0.0054647403669127,True,0.9612087260637896,0.0387912739362102,-1.881957550817016,0.9788622601761692,0.0211377398238308,-2.051373000617078,0.9171855241055702,0.0828144758944298,-1.1788584337433925,0.8936061714960902,0.1063938285039097,-1.023731745051501,1,0,0,0.0,1,1,1,1,,0,1,0,1,1,0,0,1.0,1.0,0.0,0.0,0.0,,0.9224174521275794,1.881957550817016,0.9577245203523383,2.051373000617078,0.8343710482111404,1.1788584337433925,0.7872123429921806,1.023731745051501,0.5362415,0.5131545558513216,0.5742258
2025-12-18 15:20:00,2025-12-18 15:30:00,-1,567.0,566.55,pivot,0.4500000000000455,0.1340065,0.11599350000004542,3653.7952500014308,1.0,2025-12-18,566.85,567.0,566.65,0.0,566.4,566.7,566.1,0.0,2025,0.0,0.0,0.0,0.0,0.0,0.0,0.0,0.0,0.0,0.0,0.0,0.0,0.0,0.0,0.0,1.0,1.0,1.0,1,15,3,12,15.957584090025064,0.0175176484052847,-2.032476506119202,0.0175176484052847,0.9824823515947152,0.0001293428019155,0.0001901717688587,0.0013063761039142,True,38.783411168258816,0.0513452350977012,-1.333105656489732,0.0513452350977012,0.9486547649022988,0.000424487108234,0.000567443650861,0.0021428009458481,True,37.32366395611377,0.0401754262151148,-1.4839795818978827,0.0401754262151148,0.9598245737848852,0.0007618876027424,0.0011037521168399,0.0024641058504095,True,123.24920903364747,0.1996954166573782,-0.8126249746265929,0.1996954166573782,0.8003045833426218,0.0014129614106187,0.0018846728889915,0.0030782889931208,True,0.9824823515947152,0.0175176484052847,-2.032476506119202,0.9486547649022988,0.0513452350977012,-1.333105656489732,0.9598245737848852,0.0401754262151148,-1.4839795818978827,0.8003045833426218,0.1996954166573782,-0.8126249746265929,1,0,0,0.0,1,1,1,1,,0,1,0,0,1,0,0,1.0,1.0,0.0,0.0,0.0,,0.9649647031894305,2.032476506119202,0.8973095298045977,1.333105656489732,0.9196491475697703,1.4839795818978827,0.6006091666852436,0.8126249746265929,0.5303563,0.5439814898829085,0.5389594
2025-12-18 15:30:00,2025-12-18 15:45:00,-1,566.55,566.15,eod,0.3999999999999772,0.133981,0.06601899999997725,2079.5984999992834,1.0,2025-12-18,566.4,566.7,566.1,0.0,566.15,566.15,566.15,0.0,2025,0.0,0.0,0.0,0.0,0.0,0.0,0.0,0.0,0.0,0.0,0.0,0.0,0.0,0.0,0.0,1.0,1.0,1.0,1,15,3,12,406.3561719266524,0.3271090743035604,-0.3481057496692978,0.3271090743035604,0.6728909256964396,0.0001293428019155,0.0001901717688587,0.0013063761039142,True,15.77711099872256,0.0286588010523888,-1.7443784617275142,0.0286588010523888,0.9713411989476112,0.000424487108234,0.000567443650861,0.0021428009458481,True,33.76505765725184,0.036939988151694,-1.520413494139901,0.036939988151694,0.963060011848306,0.0007618876027424,0.0011037521168399,0.0024641058504095,True,102.07919273282738,0.1495351306303495,-0.955918751978058,0.1495351306303495,0.8504648693696505,0.0014129614106187,0.0018846728889915,0.0030782889931208,True,0.6728909256964396,0.3271090743035604,-0.3481057496692978,0.9713411989476112,0.0286588010523888,-1.7443784617275142,0.963060011848306,0.036939988151694,-1.520413494139901,0.8504648693696505,0.1495351306303495,-0.955918751978058,1,0,0,0.0,1,1,1,1,,0,1,0,0,1,0,0,1.0,1.0,0.0,0.0,0.0,,0.3457818513928792,0.3481057496692978,0.9426823978952223,1.7443784617275142,0.9261200236966121,1.520413494139901,0.700929738739301,0.955918751978058,0.55515754,0.543584612559646,0.5311787
2025-12-19 15:05:00,2025-12-19 15:45:00,-1,569.8,571.0,eod,-1.2000000000000457,0.134224,-1.5342240000000456,-48328.05600000144,1.0,2025-12-19,570.2,570.45,569.65,0.0,571.0,571.0,571.0,0.0,2025,0.0,0.0,0.0,0.0,0.0,0.0,0.0,0.0,0.0,0.0,0.0,0.0,0.0,0.0,0.0,1.0,1.0,1.0,0,15,4,12,200.60745644467005,0.1386850685952025,-0.8159252518300811,0.1386850685952025,0.8613149314047974,0.0001293428019155,0.0001901717688587,0.0013063761039142,True,29.87742240614408,0.0427507060425212,-1.449019741165611,0.0427507060425212,0.9572492939574788,0.000424487108234,0.000567443650861,0.0021428009458481,True,13.590619373307554,0.018124877465521,-1.867652711925626,0.018124877465521,0.981875122534479,0.0007618876027424,0.0011037521168399,0.0024641058504095,True,130.4907458756377,0.2225092900794991,-0.7545215862372505,0.2225092900794991,0.7774907099205008,0.0014129614106187,0.0018846728889915,0.0030782889931208,True,0.8613149314047974,0.1386850685952025,-0.8159252518300811,0.9572492939574788,0.0427507060425212,-1.449019741165611,0.981875122534479,0.018124877465521,-1.867652711925626,0.7774907099205008,0.2225092900794991,-0.7545215862372505,1,0,0,0.0,1,1,1,1,,0,1,0,0,1,0,0,1.0,1.0,0.0,0.0,0.0,,0.722629862809595,0.8159252518300811,0.9144985879149576,1.449019741165611,0.9637502450689579,1.867652711925626,0.5549814198410017,0.7545215862372505,0.51403177,0.5587729174468645,0.518679
2025-12-26 13:00:00,2025-12-26 13:20:00,-1,590.35,589.8,pivot,0.5500000000000682,0.1354045,0.21459550000006816,6759.758250002147,1.0,2025-12-26,590.0,590.6,589.95,0.0,589.8,589.9,589.5,0.0,2025,0.0,0.0,0.0,0.0,0.0,0.0,0.0,0.0,0.0,0.0,0.0,0.0,0.0,0.0,0.0,1.0,1.0,1.0,1,13,4,12,258.0767263704069,0.2771378259873059,-0.5069237907441053,0.2771378259873059,0.722862174012694,8.803888193127072e-05,0.0001143754660486,0.0015610018658255,True,68.4546954164866,0.1266973466845011,-0.9955471058462072,0.1266973466845011,0.8733026533154988,0.0003118405058955,0.0002951673006712,0.0026743410829857,True,70.41314458465058,0.1665032000050228,-0.835482632111837,0.1665032000050228,0.8334967999949772,0.0007448668374531,0.0007062634178524,0.0036787463009546,True,40.127226169925365,0.1098354357826149,-1.131136273973445,0.1098354357826149,0.8901645642173851,0.0015741323549512,0.0017965005940638,0.0048747238693236,True,0.722862174012694,0.2771378259873059,-0.5069237907441053,0.8733026533154988,0.1266973466845011,-0.9955471058462072,0.8334967999949772,0.1665032000050228,-0.835482632111837,0.8901645642173851,0.1098354357826149,-1.131136273973445,1,0,0,0.0,1,1,1,1,,0,1,0,1,1,0,0,1.0,1.0,0.0,0.0,0.0,,0.44572434802538813,0.5069237907441053,0.7466053066309977,0.9955471058462072,0.6669935999899543,0.835482632111837,0.7803291284347702,1.131136273973445,0.5110335,0.5012803186562652,0.5300065
2025-12-29 08:45:00,2025-12-29 10:40:00,1,595.6,603.45,pivot,7.850000000000023,0.1359715,7.514028500000022,236691.8977500007,1.0,2025-12-29,594.95,596.25,594.55,0.0,603.6,604.2,603.45,0.0,2025,0.0,0.0,0.0,0.0,0.0,0.0,0.0,0.0,0.0,0.0,0.0,0.0,0.0,0.0,0.0,2.0,1.0,1.0,1,8,0,12,149.36238946751604,0.1157074644898056,-0.877563105337961,0.1157074644898056,0.8842925355101944,-9.720741197139728e-05,-0.0001047531610668,0.0013283758160565,True,274.1141483549369,0.5759928934290692,0.1548497580496731,0.5759928934290692,0.4240071065709307,-0.0002754258755745,-0.0003464642633736,0.0022374220517833,True,65.67476414820219,0.9017412266086008,1.0596392133395716,0.9017412266086008,0.0982587733913993,-0.0005708138167634,-0.0006840923810567,0.0026472820724786,True,182.36550240055848,0.5606161729899212,0.1809121930629412,0.5606161729899212,0.4393838270100788,-0.0010939055223354,-0.0012802249615526,0.0028618260187592,True,0.1157074644898056,0.8842925355101944,0.877563105337961,0.5759928934290692,0.4240071065709307,-0.1548497580496731,0.9017412266086008,0.0982587733913993,-1.0596392133395716,0.5606161729899212,0.4393838270100788,-0.1809121930629412,1,0,0,0.0,1,1,1,1,,0,1,0,0,1,0,0,1.0,1.0,0.0,0.0,0.0,,-0.7685850710203888,0.877563105337961,0.15198578685813852,0.1548497580496731,0.8034824532172015,1.0596392133395716,0.12123234597984239,0.1809121930629412,0.5214995,0.5097978836882932,0.5404836
2026-01-05 13:55:00,2026-01-05 15:00:00,1,648.45,647.5,pivot,-0.9500000000000456,0.1388785,-1.2888785000000456,-40599.67275000144,1.0,2026-01-05,648.25,648.7,648.0,0.0,647.85,648.15,647.25,0.0,2026,0.0,0.0,0.0,0.0,0.0,0.0,0.0,0.0,0.0,0.0,0.0,0.0,0.0,0.0,0.0,1.0,1.0,1.0,0,13,0,1,341.03543837824594,0.7020816608329764,0.3550297947035686,0.7020816608329764,0.2979183391670236,0.0001186918451998,0.0001767272679425,0.0012407665006797,True,183.03069834391624,0.719137608616494,0.4001099054791567,0.719137608616494,0.280862391383506,0.0004223448566006,0.0005560532735494,0.0020825893814605,True,174.60539291003244,0.5458283613863325,-0.0311665206175452,0.5458283613863325,0.4541716386136675,0.0008237069862056,0.0011587365605141,0.0025130431560683,True,59.843999736888335,0.8215566362923518,0.8692346981032304,0.8215566362923518,0.1784433637076482,0.0014682080022301,0.0019137198478929,0.0032239374773489,True,0.7020816608329764,0.2979183391670236,-0.3550297947035686,0.719137608616494,0.280862391383506,-0.4001099054791567,0.5458283613863325,0.4541716386136675,0.0311665206175452,0.8215566362923518,0.1784433637076482,-0.8692346981032304,1,0,0,0.0,1,1,1,1,,0,1,0,1,1,0,0,1.0,1.0,0.0,0.0,0.0,,0.4041633216659528,0.3550297947035686,0.438275217232988,0.4001099054791567,0.09165672277266501,0.0311665206175452,0.6431132725847035,0.8692346981032304,0.55594707,0.5022305785579938,0.54496306
2026-01-05 15:00:00,2026-01-05 15:25:00,-1,647.5,648.75,pivot,-1.25,0.1388875,-1.5888875,-50049.95625,1.0,2026-01-05,647.85,648.15,647.25,0.0,649.0,649.3,648.55,0.0,2026,0.0,0.0,0.0,0.0,0.0,0.0,0.0,0.0,0.0,0.0,0.0,0.0,0.0,0.0,0.0,1.0,1.0,1.0,0,15,0,1,148.43678609064068,0.0988926801525877,-1.0133315160075456,0.0988926801525877,0.9011073198474122,0.0001186918451998,0.0001767272679425,0.0012407665006797,True,189.8307470031069,0.2086843126117676,-0.6376752191027111,0.2086843126117676,0.7913156873882324,0.0004223448566006,0.0005560532735494,0.0020825893814605,True,107.6709808165147,0.1205057782214967,-1.0445327613444908,0.1205057782214967,0.8794942217785033,0.0008237069862056,0.0011587365605141,0.0025130431560683,True,81.67395462169425,0.1259292316247263,-1.072306500694635,0.1259292316247263,0.8740707683752736,0.0014682080022301,0.0019137198478929,0.0032239374773489,True,0.9011073198474122,0.0988926801525877,-1.0133315160075456,0.7913156873882324,0.2086843126117676,-0.6376752191027111,0.8794942217785033,0.1205057782214967,-1.0445327613444908,0.8740707683752736,0.1259292316247263,-1.072306500694635,1,0,0,0.0,1,1,1,1,,0,1,0,0,1,0,0,1.0,1.0,0.0,0.0,0.0,,0.8022146396948245,1.0133315160075456,0.5826313747764649,0.6376752191027111,0.7589884435570067,1.0445327613444908,0.7481415367505473,1.072306500694635,0.5257962,0.5456577707228631,0.53333926
2026-01-06 10:35:00,2026-01-06 11:20:00,1,646.65,645.85,pivot,-0.7999999999999545,0.138775,-1.1387749999999544,-35871.412499998565,1.0,2026-01-06,646.7,646.8,645.8,0.0,645.75,645.95,645.4,0.0,2026,0.0,0.0,0.0,0.0,0.0,0.0,0.0,0.0,0.0,0.0,0.0,0.0,0.0,0.0,0.0,1.0,1.0,1.0,0,10,1,1,395.055322592303,0.4941209696310731,0.0087082199200212,0.4941209696310731,0.5058790303689269,-6.263283656314077e-05,-8.987201501526417e-05,0.0014271203768327,True,6.3066615522209934,0.985779088012682,2.5493488610713686,0.985779088012682,0.0142209119873181,-0.0002659359857852,-0.0002829805613996,0.0027017752950392,True,5.947538880150793,0.9833553924533522,2.2183261933229232,0.9833553924533522,0.0166446075466477,-0.000524702027848,-0.0005372333866027,0.0035711295256547,True,30.32270502239541,0.9267086578689592,1.3017642680253,0.9267086578689592,0.0732913421310408,-0.0006916505498171,-0.0006098421736335,0.0046443925969339,True,0.4941209696310731,0.5058790303689269,-0.0087082199200212,0.985779088012682,0.0142209119873181,-2.5493488610713686,0.9833553924533522,0.0166446075466477,-2.2183261933229232,0.9267086578689592,0.0732913421310408,-1.3017642680253,1,0,0,0.0,1,1,1,1,,0,1,1,0,1,0,0,1.0,1.0,0.0,0.0,0.0,,-0.011758060737853793,0.0087082199200212,0.9715581760253639,2.5493488610713686,0.9667107849067046,2.2183261933229232,0.8534173157379183,1.3017642680253,0.5394015,0.514269980320875,0.5332422
2026-01-06 13:40:00,2026-01-06 14:35:00,1,654.95,657.65,pivot,2.699999999999932,0.139378,2.360621999999932,74359.59299999785,1.0,2026-01-06,656.55,656.7,654.1,0.0,657.85,658.0,656.5,0.0,2026,0.0,0.0,0.0,0.0,0.0,0.0,0.0,0.0,0.0,0.0,0.0,0.0,0.0,0.0,0.0,1.0,1.0,1.0,1,13,1,1,32.60557571813148,0.974581665738269,2.086295437488867,0.974581665738269,0.025418334261731,8.565490026556636e-05,0.0001469410371177,0.0013968336891549,True,6.745830222545087,0.9907998157880482,2.5598356056667257,0.9907998157880482,0.0092001842119517,0.0003701364283367,0.0003853705451415,0.0024250475047804,True,17.73004136176693,0.9650208533784737,1.841850171361924,0.9650208533784737,0.0349791466215263,0.0007718683126989,0.0008020542626715,0.0033947651195727,True,18.477213705322946,0.944842383720454,1.6932771245675229,0.944842383720454,0.055157616279546,0.0013976379632317,0.0015695027413416,0.0043766433126191,True,0.974581665738269,0.025418334261731,-2.086295437488867,0.9907998157880482,0.0092001842119517,-2.5598356056667257,0.9650208533784737,0.0349791466215263,-1.841850171361924,0.944842383720454,0.055157616279546,-1.6932771245675229,1,0,0,0.0,1,1,1,1,,0,1,0,1,1,0,0,1.0,1.0,0.0,0.0,0.0,,0.949163331476538,2.086295437488867,0.9815996315760965,2.5598356056667257,0.9300417067569473,1.841850171361924,0.8896847674409081,1.6932771245675229,0.55525124,0.5361519229707178,0.4993322
2026-01-08 11:10:00,2026-01-08 11:50:00,1,674.5,671.5,pivot,-3.0,0.14038,-3.34038,-105221.97,1.0,2026-01-08,673.2,674.7,672.5,0.0,668.95,671.6,668.75,0.0,2026,0.0,0.0,0.0,0.0,0.0,0.0,0.0,0.0,0.0,0.0,0.0,0.0,0.0,0.0,0.0,1.0,1.0,1.0,0,11,3,1,16.84938811028677,0.0167651670774223,-2.086485382194873,0.0167651670774223,0.9832348329225776,0.0001018675525,0.0001608923640626,0.0012481959218264,True,9.14632695286384,0.0181001690301398,-2.125885902422437,0.0181001690301398,0.98189983096986,0.0003799123024907,0.0005176569733035,0.0020533738341618,True,118.84140537393029,0.1374350401846959,-0.993553763480346,0.1374350401846959,0.862564959815304,0.0008362148613136,0.0011503949798692,0.0025000419325599,True,82.07103116813556,0.121414990572927,-1.085562824409965,0.121414990572927,0.878585009427073,0.0015751478777072,0.0020393843185983,0.0032434565180635,True,0.0167651670774223,0.9832348329225776,2.086485382194873,0.0181001690301398,0.98189983096986,2.125885902422437,0.1374350401846959,0.862564959815304,0.993553763480346,0.121414990572927,0.878585009427073,1.085562824409965,1,0,0,0.0,1,1,1,1,,0,1,1,0,1,0,0,1.0,1.0,0.0,0.0,0.0,,-0.9664696658451554,2.086485382194873,-0.9637996619397202,2.125885902422437,-0.7251299196306081,0.993553763480346,-0.7571700188541459,1.085562824409965,0.5986754,0.5134380669379375,0.48055694
2026-01-08 11:50:00,2026-01-08 12:20:00,-1,671.5,670.45,pivot,1.0499999999999543,0.1402585,0.7097414999999544,22356.857249998564,1.0,2026-01-08,668.95,671.6,668.75,0.0,669.7,670.65,668.65,0.0,2026,0.0,0.0,0.0,0.0,0.0,0.0,0.0,0.0,0.0,0.0,0.0,0.0,0.0,0.0,0.0,1.0,1.0,1.0,1,11,3,1,75.4773743998822,0.0555503816468637,-1.3216294599469791,0.0555503816468637,0.9444496183531365,0.0001018675525,0.0001608923640626,0.0012481959218264,True,7.822486456823267,0.0135183495751326,-2.387845709737514,0.0135183495751326,0.9864816504248674,0.0003799123024907,0.0005176569733035,0.0020533738341618,True,25.542382421927517,0.028534560373848,-1.6502531776733682,0.028534560373848,0.971465439626152,0.0008362148613136,0.0011503949798692,0.0025000419325599,True,0.0305443812123146,9.43005069808652e-06,-3.1904350805952344,9.43005069808652e-06,0.999990569949302,0.0015751478777072,0.0020393843185983,0.0032434565180635,True,0.9444496183531365,0.0555503816468637,-1.3216294599469791,0.9864816504248674,0.0135183495751326,-2.387845709737514,0.971465439626152,0.028534560373848,-1.6502531776733682,0.999990569949302,9.43005069808652e-06,-3.1904350805952344,1,0,0,0.0,1,1,1,1,,0,1,1,0,1,0,0,1.0,1.0,0.0,0.0,0.0,,0.8888992367062728,1.3216294599469791,0.9729633008497347,2.387845709737514,0.9429308792523039,1.6502531776733682,0.9999811398986039,3.1904350805952344,0.52236295,0.5881913952647284,0.5038605
2026-01-08 14:40:00,2026-01-08 14:45:00,-1,671.75,670.4,pivot,1.3500000000000227,0.1402645,1.009735500000023,31806.668250000723,1.0,2026-01-08,670.4,671.95,669.45,0.0,669.65,670.8,669.45,0.0,2026,0.0,0.0,0.0,0.0,0.0,0.0,0.0,0.0,0.0,0.0,0.0,0.0,0.0,0.0,0.0,1.0,1.0,1.0,1,14,3,1,5.546908495159351,0.0076449413112346,-2.8707513373606166,0.0076449413112346,0.9923550586887652,0.0001018675525,0.0001608923640626,0.0012481959218264,True,8.869168974650602,0.0172442518545591,-2.1719350246120914,0.0172442518545591,0.9827557481454408,0.0003799123024907,0.0005176569733035,0.0020533738341618,True,1.5998498946795523,0.0023563781771556,-2.6896902008910226,0.0023563781771556,0.9976436218228444,0.0008362148613136,0.0011503949798692,0.0025000419325599,True,80.76008750397992,0.7406761089517396,0.5222556613821399,0.7406761089517396,0.2593238910482603,0.0015751478777072,0.0020393843185983,0.0032434565180635,True,0.9923550586887652,0.0076449413112346,-2.8707513373606166,0.9827557481454408,0.0172442518545591,-2.1719350246120914,0.9976436218228444,0.0023563781771556,-2.6896902008910226,0.2593238910482603,0.7406761089517396,0.5222556613821399,1,0,0,0.0,1,1,1,1,,0,1,0,1,1,0,0,1.0,1.0,0.0,0.0,0.0,,0.9847101173775306,2.8707513373606166,0.9655114962908816,2.1719350246120914,0.9952872436456888,2.6896902008910226,-0.4813522179034793,0.5222556613821399,0.54108167,0.5535569195555486,0.4855396
2026-01-08 14:45:00,2026-01-08 15:05:00,-1,670.4,664.95,pivot,5.449999999999932,0.1400605,5.109939499999933,160963.09424999787,1.0,2026-01-08,669.65,670.8,669.45,0.0,666.05,666.2,664.15,0.0,2026,0.0,0.0,0.0,0.0,0.0,0.0,0.0,0.0,0.0,0.0,0.0,0.0,0.0,0.0,0.0,1.0,1.0,1.0,1,14,3,1,150.2890586903416,0.8818258765937725,0.945116247104182,0.8818258765937725,0.1181741234062274,0.0001018675525,0.0001608923640626,0.0012481959218264,True,41.51088861655741,0.0493886710738851,-1.3744373499889504,0.0493886710738851,0.9506113289261148,0.0003799123024907,0.0005176569733035,0.0020533738341618,True,16.13303433975924,0.0194257109561537,-1.827243616027035,0.0194257109561537,0.9805742890438462,0.0008362148613136,0.0011503949798692,0.0025000419325599,True,97.56703011299987,0.6874736384253309,0.3365058040738314,0.6874736384253309,0.312526361574669,0.0015751478777072,0.0020393843185983,0.0032434565180635,True,0.1181741234062274,0.8818258765937725,0.945116247104182,0.9506113289261148,0.0493886710738851,-1.3744373499889504,0.9805742890438462,0.0194257109561537,-1.827243616027035,0.312526361574669,0.6874736384253309,0.3365058040738314,1,0,0,0.0,1,1,1,1,,0,1,0,1,1,0,0,1.0,1.0,0.0,0.0,0.0,,-0.7636517531875451,0.945116247104182,0.9012226578522297,1.3744373499889504,0.9611485780876925,1.827243616027035,-0.3749472768506619,0.3365058040738314,0.50301564,0.5171721445148807,0.5005944
2026-01-08 15:05:00,2026-01-08 15:45:00,-1,664.95,664.4,eod,0.5500000000000682,0.1398805,0.2101195000000682,6618.764250002148,1.0,2026-01-08,666.05,666.2,664.15,0.0,664.4,664.4,664.4,0.0,2026,0.0,0.0,0.0,0.0,0.0,0.0,0.0,0.0,0.0,0.0,0.0,0.0,0.0,0.0,0.0,1.0,1.0,1.0,1,15,3,1,27.09378934102544,0.0257075801814583,-1.9557044117693887,0.0257075801814583,0.9742924198185416,-6.741010810357068e-05,-7.186296545863286e-05,0.0012286732798719,True,6.328154675711972,0.0098950168571887,-3.035378819517625,0.0098950168571887,0.9901049831428111,-0.0001662053759737,-0.0001211229623413,0.0021789428872691,True,0.8438273640847065,0.0007124208054638,-4.073320019240776,0.0007124208054638,0.999287579194536,-0.0002634087600175,-2.539382549012477e-05,0.0026704406536198,True,0.1820848690196515,6.091523211436358e-05,-3.244326258318713,6.091523211436358e-05,0.9999390847678856,-0.0004733509653072,-1.0594747698659816e-05,0.0031741581994283,True,0.9742924198185416,0.0257075801814583,-1.9557044117693887,0.9901049831428111,0.0098950168571887,-3.035378819517625,0.999287579194536,0.0007124208054638,-4.073320019240776,0.9999390847678856,6.091523211436358e-05,-3.244326258318713,1,0,0,0.0,1,1,1,1,,0,1,0,0,1,0,0,1.0,1.0,0.0,0.0,0.0,,0.9485848396370833,1.9557044117693887,0.9802099662856224,3.035378819517625,0.9985751583890722,4.073320019240776,0.9998781695357712,3.244326258318713,0.54797226,0.5116212691356216,0.48739934
2026-01-09 10:35:00,2026-01-09 12:40:00,1,659.65,669.85,pivot,10.200000000000044,0.139885,9.860115000000047,310593.62250000145,1.0,2026-01-09,659.9,660.05,659.05,0.0,669.95,670.5,669.85,0.0,2026,0.0,0.0,0.0,0.0,0.0,0.0,0.0,0.0,0.0,0.0,0.0,0.0,0.0,0.0,0.0,1.0,1.0,1.0,1,10,4,1,20.46670272137488,0.9768504522694464,2.017299495423952,0.9768504522694464,0.0231495477305535,-9.720741197139728e-05,-0.0001047531610668,0.0013283758160565,True,25.34862892348453,0.9575470177530828,1.5091207572184575,0.9575470177530828,0.042452982246917,-0.0002754258755745,-0.0003464642633736,0.0022374220517833,True,159.79333650300163,0.2781555050221271,-0.398164134808939,0.2781555050221271,0.7218444949778728,-0.0005708138167634,-0.0006840923810567,0.0026472820724786,True,24.540313285332136,0.9652162848202056,1.7978674107356512,0.9652162848202056,0.0347837151797942,-0.0010939055223354,-0.0012802249615526,0.0028618260187592,True,0.9768504522694464,0.0231495477305535,-2.017299495423952,0.9575470177530828,0.042452982246917,-1.5091207572184575,0.2781555050221271,0.7218444949778728,0.398164134808939,0.9652162848202056,0.0347837151797942,-1.7978674107356512,1,0,0,0.0,1,1,1,1,,0,1,1,0,1,0,0,1.0,1.0,0.0,0.0,0.0,,0.9537009045388929,2.017299495423952,0.9150940355061659,1.5091207572184575,-0.44368898995574574,0.398164134808939,0.9304325696404114,1.7978674107356512,0.6029874,0.5253822745499666,0.4798466
2026-01-09 13:30:00,2026-01-09 13:55:00,-1,668.9,668.4,pivot,0.5,0.140119,0.15988100000000002,5036.2515,1.0,2026-01-09,670.7,670.8,668.85,0.0,668.6,669.2,668.0,0.0,2026,0.0,0.0,0.0,0.0,0.0,0.0,0.0,0.0,0.0,0.0,0.0,0.0,0.0,0.0,0.0,1.0,1.0,1.0,1,13,4,1,202.8376368177131,0.1327502320813054,-0.8472110447053027,0.1327502320813054,0.8672497679186946,0.0001018675525,0.0001608923640626,0.0012481959218264,True,168.90023929056562,0.1737838245892346,-0.7251138422751233,0.1737838245892346,0.8262161754107654,0.0003799123024907,0.0005176569733035,0.0020533738341618,True,142.05629098187455,0.1851217627090514,-0.8486528843576199,0.1851217627090514,0.8148782372909487,0.0008362148613136,0.0011503949798692,0.0025000419325599,True,72.76547345026272,0.1029806816653391,-1.1583779956811102,0.1029806816653391,0.8970193183346609,0.0015751478777072,0.0020393843185983,0.0032434565180635,True,0.8672497679186946,0.1327502320813054,-0.8472110447053027,0.8262161754107654,0.1737838245892346,-0.7251138422751233,0.8148782372909487,0.1851217627090514,-0.8486528843576199,0.8970193183346609,0.1029806816653391,-1.1583779956811102,1,0,0,0.0,1,1,1,1,,0,1,0,1,1,0,0,1.0,1.0,0.0,0.0,0.0,,0.7344995358373891,0.8472110447053027,0.6524323508215308,0.7251138422751233,0.6297564745818973,0.8486528843576199,0.7940386366693217,1.1583779956811102,0.5407971,0.538249439472229,0.49246657
2026-01-09 14:00:00,2026-01-09 14:20:00,1,668.6,668.35,pivot,-0.25,0.1401085,-0.5901085,-18588.41775,1.0,2026-01-09,668.55,669.55,668.15,0.0,668.2,668.65,667.65,0.0,2026,0.0,0.0,0.0,0.0,0.0,0.0,0.0,0.0,0.0,0.0,0.0,0.0,0.0,0.0,0.0,1.0,1.0,1.0,0,14,4,1,59.10341908375484,0.9487245785790528,1.4907494224756077,0.9487245785790528,0.0512754214209471,0.0001018675525,0.0001608923640626,0.0012481959218264,True,27.2796911075174,0.0361370517845331,-1.5617393223234677,0.0361370517845331,0.9638629482154668,0.0003799123024907,0.0005176569733035,0.0020533738341618,True,157.63114446573985,0.2300997443051283,-0.7293348368892584,0.2300997443051283,0.7699002556948716,0.0008362148613136,0.0011503949798692,0.0025000419325599,True,75.64780499134338,0.1084861067561788,-1.135711180503507,0.1084861067561788,0.8915138932438211,0.0015751478777072,0.0020393843185983,0.0032434565180635,True,0.9487245785790528,0.0512754214209471,-1.4907494224756077,0.0361370517845331,0.9638629482154668,1.5617393223234677,0.2300997443051283,0.7699002556948716,0.7293348368892584,0.1084861067561788,0.8915138932438211,1.135711180503507,1,0,0,0.0,1,1,1,1,,0,1,0,1,1,0,0,1.0,1.0,0.0,0.0,0.0,,0.8974491571581057,1.4907494224756077,-0.9277258964309337,1.5617393223234677,-0.5398005113897433,0.7293348368892584,-0.7830277864876424,1.135711180503507,0.57114345,0.5384402185646997,0.48698565
2026-01-09 14:20:00,2026-01-09 15:45:00,-1,668.35,670.0,eod,-1.6499999999999773,0.1401505,-1.990150499999977,-62689.74074999928,1.0,2026-01-09,668.2,668.65,667.65,0.0,670.0,670.0,670.0,0.0,2026,0.0,0.0,0.0,0.0,0.0,0.0,0.0,0.0,0.0,0.0,0.0,0.0,0.0,0.0,0.0,1.0,1.0,1.0,0,14,4,1,59.25999386232909,0.0449041516320291,-1.4472814156109688,0.0449041516320291,0.9550958483679708,0.0001018675525,0.0001608923640626,0.0012481959218264,True,157.88479103742824,0.1611879423693236,-0.7622427059661436,0.1611879423693236,0.8388120576306763,0.0003799123024907,0.0005176569733035,0.0020533738341618,True,75.32882421416976,0.0776498867663447,-1.2379401803788284,0.0776498867663447,0.9223501132336552,0.0008362148613136,0.0011503949798692,0.0025000419325599,True,24.44843668419405,0.0272840714804127,-1.6656583744612965,0.0272840714804127,0.9727159285195872,0.0015751478777072,0.0020393843185983,0.0032434565180635,True,0.9550958483679708,0.0449041516320291,-1.4472814156109688,0.8388120576306763,0.1611879423693236,-0.7622427059661436,0.9223501132336552,0.0776498867663447,-1.2379401803788284,0.9727159285195872,0.0272840714804127,-1.6656583744612965,1,0,0,0.0,1,1,1,1,,0,1,0,1,1,0,0,1.0,1.0,0.0,0.0,0.0,,0.9101916967359417,1.4472814156109688,0.6776241152613527,0.7622427059661436,0.8447002264673106,1.2379401803788284,0.9454318570391745,1.6656583744612965,0.5240362,0.534703880890864,0.4729691
2026-01-13 10:45:00,2026-01-13 11:50:00,-1,676.35,675.65,pivot,0.7000000000000455,0.14056,0.3594400000000454,11322.36000000143,1.0,2026-01-13,677.0,677.15,675.8,0.0,674.9,675.7,674.35,0.0,2026,0.0,0.0,0.0,0.0,0.0,0.0,0.0,0.0,0.0,0.0,0.0,0.0,0.0,0.0,0.0,1.0,1.0,1.0,1,10,1,1,66.63179163718908,0.0625790672903286,-1.388138195396616,0.0625790672903286,0.9374209327096714,0.0001091392213351,0.0001462448229976,0.0014333581821093,True,28.63048279634518,0.0500495140287803,-1.5822515117266251,0.0500495140287803,0.9499504859712196,0.0003633041586916,0.0003774789503273,0.0024271532632077,True,7.596369997405154,0.0333982202499673,-1.9374650098560828,0.0333982202499673,0.9666017797500326,0.000771680395628,0.0008558283277371,0.0033666759305262,True,47.52208059376482,0.1188850600837137,-1.057733013398101,0.1188850600837137,0.8811149399162863,0.0015983446822329,0.0018645942538275,0.0045498176448451,True,0.9374209327096714,0.0625790672903286,-1.388138195396616,0.9499504859712196,0.0500495140287803,-1.5822515117266251,0.9666017797500326,0.0333982202499673,-1.9374650098560828,0.8811149399162863,0.1188850600837137,-1.057733013398101,1,0,0,0.0,1,1,1,1,,0,1,1,0,1,0,0,1.0,1.0,0.0,0.0,0.0,,0.8748418654193428,1.388138195396616,0.8999009719424392,1.5822515117266251,0.9332035595000653,1.9374650098560828,0.7622298798325726,1.057733013398101,0.5115202,0.5121520311326303,0.4753722
2026-01-14 10:45:00,2026-01-14 11:40:00,-1,680.8,680.7,pivot,0.099999999999909,0.140845,-0.24084500000009096,-7586.617500002865,1.0,2026-01-14,679.8,681.25,679.6,0.0,680.5,681.1,680.2,0.0,2026,0.0,0.0,0.0,0.0,0.0,0.0,0.0,0.0,0.0,0.0,0.0,0.0,0.0,0.0,0.0,1.0,1.0,1.0,0,10,2,1,17.809317704583613,0.0259902917207185,-2.142575923154838,0.0259902917207185,0.9740097082792816,0.0001091392213351,0.0001462448229976,0.0014333581821093,True,63.68048068823072,0.09942081379512,-1.1198427760132936,0.09942081379512,0.90057918620488,0.0003633041586916,0.0003774789503273,0.0024271532632077,True,32.483271098507274,0.069923876032611,-1.274738017029972,0.069923876032611,0.930076123967389,0.000771680395628,0.0008558283277371,0.0033666759305262,True,75.13017035055648,0.2151281259490313,-0.7154038521567739,0.2151281259490313,0.7848718740509687,0.0015983446822329,0.0018645942538275,0.0045498176448451,True,0.9740097082792816,0.0259902917207185,-2.142575923154838,0.90057918620488,0.09942081379512,-1.1198427760132936,0.930076123967389,0.069923876032611,-1.274738017029972,0.7848718740509687,0.2151281259490313,-0.7154038521567739,1,0,0,0.0,1,1,1,1,,0,1,1,0,1,0,0,1.0,1.0,0.0,0.0,0.0,,0.948019416558563,2.142575923154838,0.80115837240976,1.1198427760132936,0.8601522479347781,1.274738017029972,0.5697437481019374,0.7154038521567739,0.5327433,0.504567314661228,0.50484467
2026-01-14 14:10:00,2026-01-14 14:15:00,-1,683.35,683.7,pivot,-0.3500000000000227,0.1410115,-0.6910115000000228,-21766.86225000072,1.0,2026-01-14,683.8,684.0,683.0,0.0,683.85,683.95,683.3,0.0,2026,0.0,0.0,0.0,0.0,0.0,0.0,0.0,0.0,0.0,0.0,0.0,0.0,0.0,0.0,0.0,1.0,1.0,1.0,0,14,2,1,423.5875434238789,0.3949914861207165,-0.231128750419769,0.3949914861207165,0.6050085138792834,9.71363685190152e-05,0.0001539620173486,0.001298812526148,True,174.28242241974343,0.1962210748659498,-0.6676301159834875,0.1962210748659498,0.8037789251340501,0.0003582501268548,0.0005004078220466,0.0021726501301252,True,139.80092110627217,0.188734136433378,-0.8182826166067175,0.188734136433378,0.811265863566622,0.0007718768847092,0.0010498099686211,0.0025333270557795,True,104.67825605956676,0.1896382816346041,-0.858171457026936,0.1896382816346041,0.8103617183653958,0.001509623215768,0.0019462471471083,0.0033750434831088,True,0.6050085138792834,0.3949914861207165,-0.231128750419769,0.8037789251340501,0.1962210748659498,-0.6676301159834875,0.811265863566622,0.188734136433378,-0.8182826166067175,0.8103617183653958,0.1896382816346041,-0.858171457026936,1,0,0,0.0,1,1,1,1,,0,1,0,1,1,0,0,1.0,1.0,0.0,0.0,0.0,,0.21001702775856695,0.231128750419769,0.6075578502681003,0.6676301159834875,0.622531727133244,0.8182826166067175,0.6207234367307917,0.858171457026936,0.5816215,0.5235804325896093,0.5414833
2026-01-14 14:15:00,2026-01-14 14:50:00,-1,683.7,684.3,pivot,-0.599999999999909,0.14104,-0.941039999999909,-29642.75999999713,1.0,2026-01-14,683.85,683.95,683.3,0.0,684.75,685.1,684.25,0.0,2026,0.0,0.0,0.0,0.0,0.0,0.0,0.0,0.0,0.0,0.0,0.0,0.0,0.0,0.0,0.0,1.0,1.0,1.0,0,14,2,1,313.4766767305249,0.2282449048499417,-0.5690579098047948,0.2282449048499417,0.7717550951500582,9.71363685190152e-05,0.0001539620173486,0.001298812526148,True,216.7101087594233,0.2685372561767215,-0.4996411207696337,0.2685372561767215,0.7314627438232786,0.0003582501268548,0.0005004078220466,0.0021726501301252,True,125.2881666885722,0.1593783223576152,-0.9050620617607535,0.1593783223576152,0.8406216776423847,0.0007718768847092,0.0010498099686211,0.0025333270557795,True,90.36454296840805,0.1464812123870274,-0.9882510076936484,0.1464812123870274,0.8535187876129726,0.001509623215768,0.0019462471471083,0.0033750434831088,True,0.7717550951500582,0.2282449048499417,-0.5690579098047948,0.7314627438232786,0.2685372561767215,-0.4996411207696337,0.8406216776423847,0.1593783223576152,-0.9050620617607535,0.8535187876129726,0.1464812123870274,-0.9882510076936484,1,0,0,0.0,1,1,1,1,,0,1,0,1,1,0,0,1.0,1.0,0.0,0.0,0.0,,0.5435101903001165,0.5690579098047948,0.4629254876465571,0.4996411207696337,0.6812433552847695,0.9050620617607535,0.7070375752259452,0.9882510076936484,0.51796895,0.5146302188595262,0.5353232
2026-01-16 14:55:00,2026-01-16 15:20:00,-1,703.6,705.15,pivot,-1.5499999999999543,0.1422625,-1.8922624999999547,-59606.26874999857,1.0,2026-01-16,703.75,704.7,703.25,0.0,705.1,705.65,704.7,0.0,2026,0.0,0.0,0.0,0.0,0.0,0.0,0.0,0.0,0.0,0.0,0.0,0.0,0.0,0.0,0.0,1.0,1.0,1.0,0,14,4,1,77.33043663377663,0.931714227424341,1.3281200491881124,0.931714227424341,0.068285772575659,9.16476574210298e-05,0.0001439314581983,0.0012830946682786,True,126.14266352192584,0.139261237201174,-0.8478717990208049,0.139261237201174,0.860738762798826,0.000344334355184,0.0004716078733022,0.0021464785520118,True,73.82823566540169,0.0870589577506393,-1.1968984602072836,0.0870589577506393,0.9129410422493608,0.0007901378884902,0.0010816210531218,0.0025632924787719,True,120.52144047020784,0.2864256934621454,-0.6131093173268165,0.2864256934621454,0.7135743065378546,0.0015784736241399,0.0019792347876675,0.003344011987256,True,0.068285772575659,0.931714227424341,1.3281200491881124,0.860738762798826,0.139261237201174,-0.8478717990208049,0.9129410422493608,0.0870589577506393,-1.1968984602072836,0.7135743065378546,0.2864256934621454,-0.6131093173268165,1,0,0,0.0,1,1,1,1,,0,1,0,1,1,0,0,1.0,1.0,0.0,0.0,0.0,,-0.8634284548486819,1.3281200491881124,0.721477525597652,0.8478717990208049,0.8258820844987215,1.1968984602072836,0.42714861307570917,0.6131093173268165,0.5265252,0.5240655284670032,0.5439275
2026-01-21 10:55:00,2026-01-21 11:05:00,1,715.2,711.35,pivot,-3.850000000000023,0.1427965,-4.192796500000023,-132073.08975000074,1.0,2026-01-21,713.65,715.55,713.45,0.0,712.6,713.2,711.0,0.0,2026,0.0,0.0,0.0,0.0,0.0,0.0,0.0,0.0,0.0,0.0,0.0,0.0,0.0,0.0,0.0,1.0,1.0,1.0,0,10,2,1,248.52054128710128,0.2030576530785559,-0.6997322608692716,0.2030576530785559,0.7969423469214441,0.0001067098861857,0.0001580020908738,0.0013252405911686,True,130.56334299921497,0.1756595238791687,-0.7940513083014372,0.1756595238791687,0.8243404761208313,0.0003704422412543,0.0004289218404894,0.0022131581442621,True,155.36827052207252,0.4514201452394029,-0.1445860710766295,0.4514201452394029,0.5485798547605971,0.0008017970959912,0.0009437038923251,0.0031388479868655,True,32.72227986611832,0.8870356920758982,1.2037776708840002,0.8870356920758982,0.1129643079241018,0.0016089761126797,0.0020649720218515,0.0042341490260267,True,0.2030576530785559,0.7969423469214441,0.6997322608692716,0.1756595238791687,0.8243404761208313,0.7940513083014372,0.4514201452394029,0.5485798547605971,0.1445860710766295,0.8870356920758982,0.1129643079241018,-1.2037776708840002,1,0,0,0.0,1,1,1,1,,0,1,1,0,1,0,0,1.0,1.0,0.0,0.0,0.0,,-0.5938846938428881,0.6997322608692716,-0.6486809522416626,0.7940513083014372,-0.09715970952119424,0.1445860710766295,0.7740713841517963,1.2037776708840002,0.54622793,0.5155093326879815,0.5327754
2026-01-22 10:55:00,2026-01-22 11:40:00,1,731.85,731.75,pivot,-0.1000000000000227,0.143908,-0.44390800000002273,-13983.102000000716,1.0,2026-01-22,731.25,732.65,731.15,0.0,731.55,732.4,731.3,0.0,2026,0.0,0.0,0.0,0.0,0.0,0.0,0.0,0.0,0.0,0.0,0.0,0.0,0.0,0.0,0.0,1.0,1.0,1.0,0,10,3,1,97.33364257659188,0.0703584717643655,-1.3051449763432217,0.0703584717643655,0.9296415282356344,0.0001067098861857,0.0001580020908738,0.0013252405911686,True,186.71684268638944,0.2899295745999043,-0.4718150404295626,0.2899295745999043,0.7100704254000956,0.0003704422412543,0.0004289218404894,0.0022131581442621,True,96.9669471178325,0.7650408305446169,0.5938600279396693,0.7650408305446169,0.2349591694553831,0.0008017970959912,0.0009437038923251,0.0031388479868655,True,97.97768321275312,0.5960753981434551,0.110646801274427,0.5960753981434551,0.4039246018565449,0.0016089761126797,0.0020649720218515,0.0042341490260267,True,0.0703584717643655,0.9296415282356344,1.3051449763432217,0.2899295745999043,0.7100704254000956,0.4718150404295626,0.7650408305446169,0.2349591694553831,-0.5938600279396693,0.5960753981434551,0.4039246018565449,-0.110646801274427,1,0,0,0.0,1,1,1,1,,0,1,1,0,1,0,0,1.0,1.0,0.0,0.0,0.0,,-0.8592830564712689,1.3051449763432217,-0.42014085080019126,0.4718150404295626,0.5300816610892338,0.5938600279396693,0.19215079628691023,0.110646801274427,0.5371289,0.501306389996385,0.52021545
2026-01-22 12:40:00,2026-01-22 13:35:00,-1,729.65,729.1,pivot,0.5499999999999545,0.1437625,0.20623749999995453,6496.481249998567,1.0,2026-01-22,729.1,730.0,728.8,0.0,728.65,729.5,728.3,0.0,2026,0.0,0.0,0.0,0.0,0.0,0.0,0.0,0.0,0.0,0.0,0.0,0.0,0.0,0.0,0.0,1.0,1.0,1.0,1,12,3,1,13.224897146872555,0.0162182135034637,-2.087324086437817,0.0162182135034637,0.9837817864965362,8.737034274067835e-05,0.0001381321831372,0.0012451343067647,True,38.54959007665297,0.0575728494072437,-1.3657061149404832,0.0575728494072437,0.9424271505927564,0.0003377036201078,0.0004355350409332,0.0021707984541935,True,28.491491859886253,0.0421997093724955,-1.603449615076636,0.0421997093724955,0.9578002906275044,0.0008184728766549,0.0010402207158943,0.0025240114505308,True,71.28308413795017,0.1068249849875677,-1.1623255013342817,0.1068249849875677,0.8931750150124322,0.0015782068034153,0.0019831411484101,0.0034121078708809,True,0.9837817864965362,0.0162182135034637,-2.087324086437817,0.9424271505927564,0.0575728494072437,-1.3657061149404832,0.9578002906275044,0.0421997093724955,-1.603449615076636,0.8931750150124322,0.1068249849875677,-1.1623255013342817,1,0,0,0.0,1,1,1,1,,0,1,0,1,1,0,0,1.0,1.0,0.0,0.0,0.0,,0.9675635729930725,2.087324086437817,0.8848543011855127,1.3657061149404832,0.9156005812550089,1.603449615076636,0.7863500300248645,1.1623255013342817,0.6095144,0.5429987533776341,0.5109949
2026-01-22 14:45:00,2026-01-22 15:30:00,-1,725.25,722.8,pivot,2.450000000000045,0.1434415,2.1065585000000455,66356.59275000144,1.0,2026-01-22,726.0,726.1,725.1,0.0,723.0,724.25,722.75,0.0,2026,0.0,0.0,0.0,0.0,0.0,0.0,0.0,0.0,0.0,0.0,0.0,0.0,0.0,0.0,0.0,1.0,1.0,1.0,1,14,3,1,75.48456425375645,0.0589521249840239,-1.3974799528845916,0.0589521249840239,0.941047875015976,-6.741010810357068e-05,-7.186296545863286e-05,0.0012286732798719,True,15.28376368708074,0.0341860443341071,-1.9312286200829476,0.0341860443341071,0.9658139556658928,-0.0001662053759737,-0.0001211229623413,0.0021789428872691,True,12.044456041113104,0.0277905319012079,-1.868311120329477,0.0277905319012079,0.972209468098792,-0.0002634087600175,-2.539382549012477e-05,0.0026704406536198,True,77.7171156813509,0.1028780968708535,-1.1228265988451651,0.1028780968708535,0.8971219031291464,-0.0004733509653072,-1.0594747698659816e-05,0.0031741581994283,True,0.941047875015976,0.0589521249840239,-1.3974799528845916,0.9658139556658928,0.0341860443341071,-1.9312286200829476,0.972209468098792,0.0277905319012079,-1.868311120329477,0.8971219031291464,0.1028780968708535,-1.1228265988451651,1,0,0,0.0,1,1,1,1,,0,1,0,1,1,0,0,1.0,1.0,0.0,0.0,0.0,,0.8820957500319521,1.3974799528845916,0.9316279113317857,1.9312286200829476,0.9444189361975841,1.868311120329477,0.7942438062582929,1.1228265988451651,0.5677956,0.5090265182933658,0.5175187
2026-01-23 10:35:00,2026-01-23 11:30:00,-1,728.9,730.25,pivot,-1.3500000000000227,0.1437745,-1.6937745000000226,-53353.89675000071,1.0,2026-01-23,727.55,729.15,727.45,0.0,730.3,730.55,729.85,0.0,2026,0.0,0.0,0.0,0.0,0.0,0.0,0.0,0.0,0.0,0.0,0.0,0.0,0.0,0.0,0.0,1.0,1.0,1.0,0,10,4,1,376.5112043025866,0.4856371345625337,-0.0675434229333385,0.4856371345625337,0.5143628654374663,0.0001067098861857,0.0001580020908738,0.0013252405911686,True,222.72425547028817,0.5090602383770045,-0.0080909840027331,0.5090602383770045,0.4909397616229954,0.0003704422412543,0.0004289218404894,0.0022131581442621,True,136.58733516784636,0.2872277555374041,-0.4969689969166195,0.2872277555374041,0.7127722444625959,0.0008017970959912,0.0009437038923251,0.0031388479868655,True,77.07658798770048,0.1828881072738912,-0.8432825841081161,0.1828881072738912,0.8171118927261087,0.0016089761126797,0.0020649720218515,0.0042341490260267,True,0.5143628654374663,0.4856371345625337,-0.0675434229333385,0.4909397616229954,0.5090602383770045,-0.0080909840027331,0.7127722444625959,0.2872277555374041,-0.4969689969166195,0.8171118927261087,0.1828881072738912,-0.8432825841081161,1,0,0,0.0,1,1,1,1,,0,1,1,0,1,0,0,1.0,1.0,0.0,0.0,0.0,,0.02872573087493263,0.0675434229333385,-0.01812047675400913,0.0080909840027331,0.4255444889251918,0.4969689969166195,0.6342237854522175,0.8432825841081161,0.5201918,0.5292527925264716,0.5176964
2026-01-28 10:25:00,2026-01-28 10:35:00,1,755.9,757.95,pivot,2.050000000000068,0.1454155,1.7045845000000683,53694.41175000215,1.0,2026-01-28,756.9,757.0,755.45,0.0,757.45,758.3,755.85,0.0,2026,0.0,0.0,0.0,0.0,0.0,0.0,0.0,0.0,0.0,0.0,0.0,0.0,0.0,0.0,0.0,1.0,1.0,1.0,1,10,2,1,48.37068490444225,0.0426744090795926,-1.58832975515593,0.0426744090795926,0.9573255909204074,0.0001046813399438,0.0001473252861207,0.0013807321820682,True,130.03258567762978,0.1807602307639338,-0.773428180328635,0.1807602307639338,0.8192397692360662,0.0003747593608548,0.0004133138558052,0.0022414755535934,True,153.3986330437227,0.3810464696500543,-0.2807840128443529,0.3810464696500543,0.6189535303499457,0.0008258233771373,0.0009353583572199,0.0030959641963459,True,97.01826224676704,0.5929074877884275,0.0801144728975897,0.5929074877884275,0.4070925122115725,0.0017476828572312,0.0023035598907023,0.0042725648245588,True,0.0426744090795926,0.9573255909204074,1.58832975515593,0.1807602307639338,0.8192397692360662,0.773428180328635,0.3810464696500543,0.6189535303499457,0.2807840128443529,0.5929074877884275,0.4070925122115725,-0.0801144728975897,1,0,0,0.0,1,1,1,1,,0,1,1,0,1,0,0,1.0,1.0,0.0,0.0,0.0,,-0.9146511818408147,1.58832975515593,-0.6384795384721325,0.773428180328635,-0.23790706069989143,0.2807840128443529,0.185814975576855,0.0801144728975897,0.5439939,0.5098879655559017,0.5382594
2026-01-29 10:30:00,2026-01-29 10:35:00,1,749.65,751.95,pivot,2.300000000000068,0.145048,1.9549520000000682,61580.98800000215,1.0,2026-01-29,751.85,754.4,748.8,0.0,755.35,755.85,750.45,0.0,2026,0.0,0.0,0.0,0.0,0.0,0.0,0.0,0.0,0.0,0.0,0.0,0.0,0.0,0.0,0.0,1.0,1.0,0.0,1,10,3,1,72.06184860632129,0.0909212559461263,-1.205579266476444,0.0909212559461263,0.9090787440538736,-0.0002118774768641,-0.0002048271468546,0.0017775566447462,True,2.576627836479433,0.0071621970591946,-3.41687694271781,0.0071621970591946,0.9928378029408054,-0.0005671492181249,-0.0006697294684027,0.0030098129433481,True,3.0670453175376178,0.0074068755486181,-3.114386599722466,0.0074068755486181,0.9925931244513818,-0.0010440107505166,-0.0012336422534077,0.0042920502578484,True,0.8360553527267459,0.0015199336324588,-4.597250503079476,0.0015199336324588,0.9984800663675412,-0.0020426598648261,-0.002268767916541,0.0055145190544064,True,0.0909212559461263,0.9090787440538736,1.205579266476444,0.0071621970591946,0.9928378029408054,3.41687694271781,0.0074068755486181,0.9925931244513818,3.114386599722466,0.0015199336324588,0.9984800663675412,4.597250503079476,1,0,0,0.0,1,1,1,1,,0,1,1,0,1,0,0,1.0,1.0,0.0,0.0,0.0,,-0.8181574881077472,1.205579266476444,-0.9856756058816107,3.41687694271781,-0.9851862489027637,3.114386599722466,-0.9969601327350823,4.597250503079476,0.58255297,0.523593012692803,0.526646
2026-01-29 12:25:00,2026-01-29 12:30:00,1,765.7,766.9,pivot,1.1999999999999318,0.145978,0.8540219999999319,26901.692999997853,1.0,2026-01-29,766.85,767.1,765.35,0.0,767.7,767.9,766.5,0.0,2026,0.0,0.0,0.0,0.0,0.0,0.0,0.0,0.0,0.0,0.0,0.0,0.0,0.0,0.0,0.0,1.0,2.0,2.0,1,12,3,1,312.96038157714224,0.6115901052275797,0.2162908426293398,0.6115901052275797,0.3884098947724202,0.0001226149059795,0.000149103003391,0.0014293122167423,True,59.27285794678373,0.9281450304344,1.3533723141498488,0.9281450304344,0.0718549695656,0.0004201275110572,0.0004159609930625,0.0023087231420991,True,1.6276040018701627,0.9959678628325196,3.2185274845717013,0.9959678628325196,0.0040321371674805,0.0008101905011788,0.0008998980609818,0.0031761923034526,True,10.05126645056488,0.967104117486005,2.083631075218952,0.967104117486005,0.032895882513995,0.0017221807666837,0.0022295793597286,0.0042997844290661,True,0.6115901052275797,0.3884098947724202,-0.2162908426293398,0.9281450304344,0.0718549695656,-1.3533723141498488,0.9959678628325196,0.0040321371674805,-3.2185274845717013,0.967104117486005,0.032895882513995,-2.083631075218952,1,0,0,0.0,1,1,1,1,,0,1,0,1,0,0,0,1.0,1.0,0.0,0.0,0.0,,0.2231802104551595,0.2162908426293398,0.8562900608688,1.3533723141498488,0.9919357256650391,3.2185274845717013,0.93420823497201,2.083631075218952,0.5434725,0.5339330008778493,0.494007
2026-01-29 13:30:00,2026-01-29 14:00:00,-1,762.2,761.6,pivot,0.6000000000000227,0.145714,0.25428600000002277,8010.009000000717,1.0,2026-01-29,763.0,763.95,762.2,0.0,762.3,763.8,761.45,0.0,2026,0.0,0.0,0.0,0.0,0.0,0.0,0.0,0.0,0.0,0.0,0.0,0.0,0.0,0.0,0.0,1.0,1.0,1.0,1,13,3,1,12.157508731403585,0.0162887629613794,-2.575728238300965,0.0162887629613794,0.9837112370386206,0.0001226149059795,0.000149103003391,0.0014293122167423,True,185.4906395341677,0.3367482247352906,-0.3504398159645261,0.3367482247352906,0.6632517752647094,0.0004201275110572,0.0004159609930625,0.0023087231420991,True,45.87313763556773,0.0906593633695701,-1.1692490437474734,0.0906593633695701,0.90934063663043,0.0008101905011788,0.0008998980609818,0.0031761923034526,True,28.262588979812275,0.0590382074742195,-1.3704378011679563,0.0590382074742195,0.9409617925257804,0.0017221807666837,0.0022295793597286,0.0042997844290661,True,0.9837112370386206,0.0162887629613794,-2.575728238300965,0.6632517752647094,0.3367482247352906,-0.3504398159645261,0.90934063663043,0.0906593633695701,-1.1692490437474734,0.9409617925257804,0.0590382074742195,-1.3704378011679563,1,0,0,0.0,1,1,1,1,,0,1,0,1,1,0,0,1.0,1.0,0.0,0.0,0.0,,0.9674224740772412,2.575728238300965,0.32650355052941876,0.3504398159645261,0.8186812732608598,1.1692490437474734,0.8819235850515609,1.3704378011679563,0.57575786,0.5379558912067706,0.48544198
2026-01-30 10:40:00,2026-01-30 11:10:00,-1,777.8,775.2,pivot,2.599999999999909,0.14659,2.253409999999909,70982.41499999714,1.0,2026-01-30,776.35,779.75,776.25,0.0,772.15,775.35,771.35,0.0,2026,0.0,0.0,0.0,0.0,0.0,0.0,0.0,0.0,0.0,0.0,0.0,0.0,0.0,0.0,0.0,1.0,1.0,2.0,1,10,4,1,13.733225812814783,0.0172991846714658,-2.089751818191516,0.0172991846714658,0.982700815328534,8.320116467645673e-05,0.0001251663864782,0.0012509801770388,True,226.02358972329503,0.5968817304343982,0.1526692797117303,0.5968817304343982,0.4031182695656018,0.000299833222525,0.0003903870889543,0.0020487447792306,True,94.74351102154792,0.8255254930382024,0.9054816845559306,0.8255254930382024,0.1744745069617975,0.0007394164887031,0.0009204981339813,0.002376088129266,True,0.3855369927563042,0.9992400446652808,4.170800347604958,0.9992400446652808,0.0007599553347192,0.001640958135602,0.0018886666545656,0.0032371967174593,True,0.982700815328534,0.0172991846714658,-2.089751818191516,0.4031182695656018,0.5968817304343982,0.1526692797117303,0.1744745069617975,0.8255254930382024,0.9054816845559306,0.0007599553347192,0.9992400446652808,4.170800347604958,1,0,0,0.0,1,1,1,1,,0,1,1,0,1,0,0,1.0,1.0,0.0,0.0,0.0,,0.9654016306570682,2.089751818191516,-0.19376346086879637,0.1526692797117303,-0.6510509860764049,0.9054816845559306,-0.9984800893305616,4.170800347604958,0.72004664,0.5447914920454672,0.47053444
2026-01-30 11:10:00,2026-01-30 11:35:00,-1,775.2,765.85,pivot,9.350000000000025,0.1462315,9.003768500000023,283618.7077500007,1.0,2026-01-30,772.15,775.35,771.35,0.0,767.5,770.05,765.6,0.0,2026,0.0,0.0,0.0,0.0,0.0,0.0,0.0,0.0,0.0,0.0,0.0,0.0,0.0,0.0,0.0,1.0,1.0,1.0,1,11,4,1,13.350174898492314,0.0177544211072213,-2.4959338493086207,0.0177544211072213,0.9822455788927786,0.0001226149059795,0.000149103003391,0.0014293122167423,True,206.4531757127259,0.4933103650361428,-0.012231373792274,0.4933103650361428,0.5066896349638572,0.0004201275110572,0.0004159609930625,0.0023087231420991,True,2.486103926618422,0.0032446528568686,-3.742611673993315,0.0032446528568686,0.9967553471431312,0.0008101905011788,0.0008998980609818,0.0031761923034526,True,4.265333293924697,0.0098882721968714,-2.35940509203084,0.0098882721968714,0.9901117278031284,0.0017221807666837,0.0022295793597286,0.0042997844290661,True,0.9822455788927786,0.0177544211072213,-2.4959338493086207,0.5066896349638572,0.4933103650361428,-0.012231373792274,0.9967553471431312,0.0032446528568686,-3.742611673993315,0.9901117278031284,0.0098882721968714,-2.35940509203084,1,0,0,0.0,1,1,1,1,,0,1,1,0,1,0,0,1.0,1.0,0.0,0.0,0.0,,0.9644911577855574,2.4959338493086207,0.013379269927714432,0.012231373792274,0.9935106942862626,3.742611673993315,0.980223455606257,2.35940509203084,0.5237259,0.5309834151998977,0.45583305
2026-01-30 11:35:00,2026-01-30 11:50:00,-1,765.85,768.85,pivot,-3.0,0.146041,-3.346041,-105400.2915,1.0,2026-01-30,767.5,770.05,765.6,0.0,770.6,771.4,768.85,0.0,2026,0.0,0.0,0.0,0.0,0.0,0.0,0.0,0.0,0.0,0.0,0.0,0.0,0.0,0.0,0.0,1.0,0.0,0.0,0,11,4,1,132.8786735496352,0.1315985929389271,-0.9405599780920954,0.1315985929389271,0.8684014070610728,-0.0001206995322666,-0.0001404071599854,0.0015141302522753,True,6.5242856900268045,0.0186464658210342,-2.5097885381354823,0.0186464658210342,0.9813535341789658,-0.000384819943852,-0.0003437031380768,0.0028412361304271,True,3.882069688849208,0.0091586917986535,-3.2308137754834965,0.0091586917986535,0.9908413082013464,-0.0007315767184166,-0.000643570241979,0.0038730908021826,True,0.349190030594398,0.0005663131230802,-4.256636170885282,0.0005663131230802,0.9994336868769198,-0.0012694843129628,-0.0009432001207483,0.0052322224993356,True,0.8684014070610728,0.1315985929389271,-0.9405599780920954,0.9813535341789658,0.0186464658210342,-2.5097885381354823,0.9908413082013464,0.0091586917986535,-3.2308137754834965,0.9994336868769198,0.0005663131230802,-4.256636170885282,1,0,0,0.0,1,1,1,1,,0,1,1,0,0,1,0,1.0,1.0,0.0,0.0,0.0,,0.7368028141221458,0.9405599780920954,0.9627070683579315,2.5097885381354823,0.9816826164026929,3.2308137754834965,0.9988673737538396,4.256636170885282,0.68856716,0.50494402431682,0.4856084
2026-01-30 15:00:00,2026-01-30 15:25:00,1,774.95,771.2,pivot,-3.75,0.1463845,-4.0963845,-129036.11175,1.0,2026-01-30,775.45,776.65,774.45,0.0,768.5,771.75,768.05,0.0,2026,0.0,0.0,0.0,0.0,0.0,0.0,0.0,0.0,0.0,0.0,0.0,0.0,0.0,0.0,0.0,1.0,1.0,1.0,0,15,4,1,122.06426810311284,0.8995828044373048,1.086150481721084,0.8995828044373048,0.1004171955626952,8.320116467645673e-05,0.0001251663864782,0.0012509801770388,True,34.87161312548391,0.0522194596282565,-1.4476584470686993,0.0522194596282565,0.9477805403717434,0.000299833222525,0.0003903870889543,0.0020487447792306,True,175.33160225410575,0.3164512038952072,-0.4959186392110578,0.3164512038952072,0.6835487961047928,0.0007394164887031,0.0009204981339813,0.002376088129266,True,66.70076925403107,0.0969333677516286,-1.2399398113319795,0.0969333677516286,0.9030666322483714,0.001640958135602,0.0018886666545656,0.0032371967174593,True,0.8995828044373048,0.1004171955626952,-1.086150481721084,0.0522194596282565,0.9477805403717434,1.4476584470686993,0.3164512038952072,0.6835487961047928,0.4959186392110578,0.0969333677516286,0.9030666322483714,1.2399398113319795,1,0,0,0.0,1,1,1,1,,0,1,0,0,1,0,0,1.0,1.0,0.0,0.0,0.0,,0.7991656088746095,1.086150481721084,-0.895561080743487,1.4476584470686993,-0.3670975922095856,0.4959186392110578,-0.8061332644967427,1.2399398113319795,0.596343,0.541475101709877,0.5162705
2026-01-30 15:30:00,2026-01-30 15:45:00,-1,768.5,771.5,eod,-3.0,0.1462,-3.3462,-105405.3,1.0,2026-01-30,772.15,772.4,768.4,0.0,771.5,771.5,771.5,0.0,2026,0.0,0.0,0.0,0.0,0.0,0.0,0.0,0.0,0.0,0.0,0.0,0.0,0.0,0.0,0.0,1.0,1.0,1.0,0,15,4,1,50.40261322884437,0.0409912083170665,-1.628650548002908,0.0409912083170665,0.9590087916829336,-6.741010810357068e-05,-7.186296545863286e-05,0.0012286732798719,True,5.274373181654979,0.0088418934997592,-3.117799033898837,0.0088418934997592,0.9911581065002408,-0.0001662053759737,-0.0001211229623413,0.0021789428872691,True,8.27854720908265,0.0201322231164589,-2.1696190603414096,0.0201322231164589,0.9798677768835412,-0.0002634087600175,-2.539382549012477e-05,0.0026704406536198,True,10.692109860680514,0.0157679754709571,-1.9112110663602455,0.0157679754709571,0.9842320245290428,-0.0004733509653072,-1.0594747698659816e-05,0.0031741581994283,True,0.9590087916829336,0.0409912083170665,-1.628650548002908,0.9911581065002408,0.0088418934997592,-3.117799033898837,0.9798677768835412,0.0201322231164589,-2.1696190603414096,0.9842320245290428,0.0157679754709571,-1.9112110663602455,1,0,0,0.0,1,1,1,1,,0,1,0,0,1,0,0,1.0,1.0,0.0,0.0,0.0,,0.9180175833658671,1.628650548002908,0.9823162130004817,3.117799033898837,0.9597355537670823,2.1696190603414096,0.9684640490580857,1.9112110663602455,0.5548126,0.5039028651477077,0.502378
2026-02-02 10:25:00,2026-02-02 10:35:00,1,757.15,752.7,pivot,-4.449999999999932,0.1452955,-4.7952954999999315,-151051.80824999785,1.0,2026-02-02,757.05,759.25,756.8,0.0,753.35,754.85,752.7,0.0,2026,0.0,0.0,0.0,0.0,0.0,0.0,0.0,0.0,0.0,0.0,0.0,0.0,0.0,0.0,0.0,1.0,1.0,1.0,0,10,0,2,5.637991358925016,0.9894420310522112,3.123930320686904,0.9894420310522112,0.0105579689477888,-0.0002118774768641,-0.0002048271468546,0.0017775566447462,True,30.225806274569223,0.0642699226602962,-1.436102073236661,0.0642699226602962,0.9357300773397036,-0.0005671492181249,-0.0006697294684027,0.0030098129433481,True,107.80332594829972,0.3383437274306218,-0.2642459273808063,0.3383437274306218,0.6616562725693782,-0.0010440107505166,-0.0012336422534077,0.0042920502578484,True,93.73709904281924,0.5866210324225891,0.2085298640803993,0.5866210324225891,0.4133789675774109,-0.0020426598648261,-0.002268767916541,0.0055145190544064,True,0.9894420310522112,0.0105579689477888,-3.123930320686904,0.0642699226602962,0.9357300773397036,1.436102073236661,0.3383437274306218,0.6616562725693782,0.2642459273808063,0.5866210324225891,0.4133789675774109,-0.2085298640803993,1,0,0,0.0,1,1,1,1,,0,1,1,0,1,0,0,1.0,1.0,0.0,0.0,0.0,,0.9788840621044224,3.123930320686904,-0.8714601546794074,1.436102073236661,-0.3233125451387564,0.2642459273808063,0.17324206484517823,0.2085298640803993,0.56944525,0.5217053297440548,0.50240684
2026-02-03 13:10:00,2026-02-03 14:15:00,1,766.8,769.1,pivot,2.300000000000068,0.146077,1.953923000000068,61548.57450000214,1.0,2026-02-03,767.35,767.45,766.25,0.0,771.45,771.9,769.0,0.0,2026,0.0,0.0,0.0,0.0,0.0,0.0,0.0,0.0,0.0,0.0,0.0,0.0,0.0,0.0,0.0,1.0,1.0,1.0,1,13,1,2,17.688986739420127,0.982798386323286,2.299840519287487,0.982798386323286,0.0172016136767139,8.320116467645673e-05,0.0001251663864782,0.0012509801770388,True,36.978195465713625,0.948566765334338,1.5939932769443277,0.948566765334338,0.0514332346656618,0.000299833222525,0.0003903870889543,0.0020487447792306,True,103.50527226556169,0.7928699704673821,0.7660920933017755,0.7928699704673821,0.2071300295326179,0.0007394164887031,0.0009204981339813,0.002376088129266,True,91.86585484446312,0.7327330920076276,0.6065879734311144,0.7327330920076276,0.2672669079923724,0.001640958135602,0.0018886666545656,0.0032371967174593,True,0.982798386323286,0.0172016136767139,-2.299840519287487,0.948566765334338,0.0514332346656618,-1.5939932769443277,0.7928699704673821,0.2071300295326179,-0.7660920933017755,0.7327330920076276,0.2672669079923724,-0.6065879734311144,1,0,0,0.0,1,1,1,1,,0,1,0,1,1,0,0,1.0,1.0,0.0,0.0,0.0,,0.9655967726465721,2.299840519287487,0.8971335306686763,1.5939932769443277,0.5857399409347641,0.7660920933017755,0.4654661840152552,0.6065879734311144,0.5565542,0.5005367557831202,0.47223285
2026-02-06 11:35:00,2026-02-06 12:15:00,1,749.8,743.65,pivot,-6.149999999999977,0.1448035,-6.4948034999999775,-204586.31024999928,1.0,2026-02-06,751.45,751.8,749.7,0.0,743.55,745.4,743.1,0.0,2026,0.0,0.0,0.0,0.0,0.0,0.0,0.0,0.0,0.0,0.0,0.0,0.0,0.0,0.0,0.0,1.0,2.0,2.0,0,11,4,2,10.19624687078328,0.9851569692484892,2.389012523289652,0.9851569692484892,0.0148430307515108,-0.0001206995322666,-0.0001404071599854,0.0015141302522753,True,56.87714320117209,0.8891672155132347,1.0854683149325826,0.8891672155132347,0.1108327844867652,-0.000384819943852,-0.0003437031380768,0.0028412361304271,True,1.8430082771988103,0.9973534863317914,3.304416386366757,0.9973534863317914,0.0026465136682085,-0.0007315767184166,-0.000643570241979,0.0038730908021826,True,1.6187297748435173e-05,1.0,5.57531531557486,1.0,0.0,-0.0012694843129628,-0.0009432001207483,0.0052322224993356,True,0.9851569692484892,0.0148430307515108,-2.389012523289652,0.8891672155132347,0.1108327844867652,-1.0854683149325826,0.9973534863317914,0.0026465136682085,-3.304416386366757,1.0,0.0,-5.57531531557486,1,0,0,0.0,1,1,1,1,,0,1,1,0,0,0,0,1.0,1.0,0.0,0.0,0.0,,0.9703139384969783,2.389012523289652,0.7783344310264695,1.0854683149325826,0.994706972663583,3.304416386366757,1.0,5.57531531557486,0.59726095,0.5346618760457335,0.46986252
2026-02-09 12:05:00,2026-02-09 12:45:00,1,780.05,782.3,pivot,2.25,0.1468705,1.9031295000000004,59948.57925000001,1.0,2026-02-09,782.25,782.55,779.9,0.0,781.5,782.7,781.2,0.0,2026,0.0,0.0,0.0,0.0,0.0,0.0,0.0,0.0,0.0,0.0,0.0,0.0,0.0,0.0,0.0,1.0,1.0,1.0,1,12,0,2,6.056469422985499,0.011119134026359,-2.7602007949689558,0.011119134026359,0.988880865973641,8.320116467645673e-05,0.0001251663864782,0.0012509801770388,True,8.724964961715155,0.0113634957121984,-2.562717047078756,0.0113634957121984,0.9886365042878016,0.000299833222525,0.0003903870889543,0.0020487447792306,True,8.028335789400769,0.0075052613360641,-2.5132995629451163,0.0075052613360641,0.992494738663936,0.0007394164887031,0.0009204981339813,0.002376088129266,True,18.02198654965958,0.0231638206774053,-1.8284324408448935,0.0231638206774053,0.9768361793225946,0.001640958135602,0.0018886666545656,0.0032371967174593,True,0.011119134026359,0.988880865973641,2.7602007949689558,0.0113634957121984,0.9886365042878016,2.562717047078756,0.0075052613360641,0.992494738663936,2.5132995629451163,0.0231638206774053,0.9768361793225946,1.8284324408448935,1,0,0,0.0,1,1,1,1,,0,1,0,1,1,0,0,1.0,1.0,0.0,0.0,0.0,,-0.977761731947282,2.7602007949689558,-0.9772730085756032,2.562717047078756,-0.9849894773278719,2.5132995629451163,-0.9536723586451893,1.8284324408448935,0.53839576,0.516484525061821,0.47449738
2026-02-09 12:45:00,2026-02-09 13:10:00,-1,782.3,780.65,pivot,1.6499999999999773,0.1468885,1.3031114999999773,41048.01224999929,1.0,2026-02-09,781.5,782.7,781.2,0.0,780.15,780.9,779.8,0.0,2026,0.0,0.0,0.0,0.0,0.0,0.0,0.0,0.0,0.0,0.0,0.0,0.0,0.0,0.0,0.0,1.0,1.0,1.0,1,12,0,2,25.608838424743112,0.0221644333650247,-1.890135776273435,0.0221644333650247,0.9778355666349752,8.320116467645673e-05,0.0001251663864782,0.0012509801770388,True,17.9375232473031,0.0334607350940799,-1.8136097753160385,0.0334607350940799,0.96653926490592,0.000299833222525,0.0003903870889543,0.0020487447792306,True,65.2546228242523,0.0790822254801952,-1.2760578612860038,0.0790822254801952,0.9209177745198048,0.0007394164887031,0.0009204981339813,0.002376088129266,True,13.969275976041,0.0180670078347851,-1.925997337397591,0.0180670078347851,0.9819329921652148,0.001640958135602,0.0018886666545656,0.0032371967174593,True,0.9778355666349752,0.0221644333650247,-1.890135776273435,0.96653926490592,0.0334607350940799,-1.8136097753160385,0.9209177745198048,0.0790822254801952,-1.2760578612860038,0.9819329921652148,0.0180670078347851,-1.925997337397591,1,0,0,0.0,1,1,1,1,,0,1,0,1,1,0,0,1.0,1.0,0.0,0.0,0.0,,0.9556711332699505,1.890135776273435,0.9330785298118401,1.8136097753160385,0.8418355490396097,1.2760578612860038,0.9638659843304297,1.925997337397591,0.54794765,0.5855267922121002,0.5084014
2026-02-10 10:30:00,2026-02-10 11:15:00,-1,783.3,786.25,pivot,-2.950000000000045,0.1470865,-3.2970865000000456,-103858.22475000143,1.0,2026-02-10,780.65,783.35,780.45,0.0,785.7,786.5,784.8,0.0,2026,0.0,0.0,0.0,0.0,0.0,0.0,0.0,0.0,0.0,0.0,0.0,0.0,0.0,0.0,0.0,1.0,1.0,1.0,0,10,1,2,66.44721642784538,0.0526908069901633,-1.370231895627951,0.0526908069901633,0.9473091930098366,8.320116467645673e-05,0.0001251663864782,0.0012509801770388,True,36.11269667190025,0.0534541239608978,-1.4308873914897011,0.0534541239608978,0.946545876039102,0.000299833222525,0.0003903870889543,0.0020487447792306,True,62.09930786787771,0.0759348321698286,-1.2966165252440285,0.0759348321698286,0.9240651678301712,0.0007394164887031,0.0009204981339813,0.002376088129266,True,112.1845285675053,0.262020883277,-0.7013008945465206,0.262020883277,0.7379791167229999,0.001640958135602,0.0018886666545656,0.0032371967174593,True,0.9473091930098366,0.0526908069901633,-1.370231895627951,0.946545876039102,0.0534541239608978,-1.4308873914897011,0.9240651678301712,0.0759348321698286,-1.2966165252440285,0.7379791167229999,0.262020883277,-0.7013008945465206,1,0,0,0.0,1,1,1,1,,0,1,1,0,1,0,0,1.0,1.0,0.0,0.0,0.0,,0.8946183860196734,1.370231895627951,0.8930917520782042,1.4308873914897011,0.8481303356603427,1.2966165252440285,0.47595823344599986,0.7013008945465206,0.5209465,0.5182498323548884,0.48164454
2026-02-19 10:35:00,2026-02-19 10:50:00,-1,833.15,834.75,pivot,-1.6000000000000227,0.150037,-1.950037000000023,-61426.16550000072,1.0,2026-02-19,831.0,833.25,830.2,0.0,835.7,835.75,833.6,0.0,2026,0.0,0.0,0.0,0.0,0.0,0.0,0.0,0.0,0.0,0.0,0.0,0.0,0.0,0.0,0.0,1.0,1.0,1.0,0,10,3,2,148.81331030146893,0.1660403851305826,-0.829999575081337,0.1660403851305826,0.8339596148694174,0.0001921141593241,0.0001914032199476,0.0016740232491575,True,28.48757025132089,0.0608986739464535,-1.5406505431690234,0.0608986739464535,0.9391013260535463,0.0005608125224297,0.0005308853225868,0.0027521703665559,True,15.274992029638655,0.0423832482103948,-1.779985428200731,0.0423832482103948,0.9576167517896051,0.0010578724291854,0.0011619044288579,0.0037421776539547,True,33.15980005433437,0.0861774785067867,-1.2385107971536151,0.0861774785067867,0.9138225214932132,0.0019846913560213,0.0024782071797699,0.0047547678165201,True,0.8339596148694174,0.1660403851305826,-0.829999575081337,0.9391013260535463,0.0608986739464535,-1.5406505431690234,0.9576167517896051,0.0423832482103948,-1.779985428200731,0.9138225214932132,0.0861774785067867,-1.2385107971536151,1,0,0,0.0,1,1,1,1,,0,1,1,0,1,0,0,1.0,1.0,0.0,0.0,0.0,,0.6679192297388348,0.829999575081337,0.8782026521070928,1.5406505431690234,0.9152335035792103,1.779985428200731,0.8276450429864265,1.2385107971536151,0.5050832,0.5104565940971185,0.46238887
2026-02-19 10:50:00,2026-02-19 12:15:00,-1,834.75,836.3,pivot,-1.5499999999999543,0.1501315,-1.9001314999999546,-59854.14224999857,1.0,2026-02-19,835.7,835.75,833.6,0.0,837.15,837.35,835.9,0.0,2026,0.0,0.0,0.0,0.0,0.0,0.0,0.0,0.0,0.0,0.0,0.0,0.0,0.0,0.0,0.0,1.0,1.0,1.0,0,10,3,2,8.051320750877963,0.9896164558245698,2.503715063760596,0.9896164558245698,0.0103835441754301,0.0001921141593241,0.0001914032199476,0.0016740232491575,True,171.76089295552563,0.4963042135994861,0.0030551219021542,0.4963042135994861,0.5036957864005138,0.0005608125224297,0.0005308853225868,0.0027521703665559,True,38.90724105704939,0.100904942894067,-1.157576881276351,0.100904942894067,0.899095057105933,0.0010578724291854,0.0011619044288579,0.0037421776539547,True,14.363912332453571,0.036493873782231,-1.7147173305783627,0.036493873782231,0.963506126217769,0.0019846913560213,0.0024782071797699,0.0047547678165201,True,0.0103835441754301,0.9896164558245698,2.503715063760596,0.5036957864005138,0.4963042135994861,0.0030551219021542,0.899095057105933,0.100904942894067,-1.157576881276351,0.963506126217769,0.036493873782231,-1.7147173305783627,1,0,0,0.0,1,1,1,1,,0,1,1,0,1,0,0,1.0,1.0,0.0,0.0,0.0,,-0.9792329116491397,2.503715063760596,0.0073915728010277015,0.0030551219021542,0.7981901142118659,1.157576881276351,0.927012252435538,1.7147173305783627,0.5315325,0.5663719760805651,0.46984845
2026-02-19 12:20:00,2026-02-19 12:40:00,-1,837.15,836.1,pivot,1.0499999999999543,0.1501975,0.6998024999999546,22043.778749998568,1.0,2026-02-19,835.45,837.25,835.15,0.0,837.35,837.5,835.65,0.0,2026,0.0,0.0,0.0,0.0,0.0,0.0,0.0,0.0,0.0,0.0,0.0,0.0,0.0,0.0,0.0,1.0,1.0,1.0,1,12,3,2,192.05708742558625,0.2176272667827311,-0.6497849587740028,0.2176272667827311,0.782372733217269,0.0001921141593241,0.0001914032199476,0.0016740232491575,True,59.89536825904915,0.1123632253871776,-1.1040918086369471,0.1123632253871776,0.8876367746128223,0.0005608125224297,0.0005308853225868,0.0027521703665559,True,42.44784829854191,0.1084996259913785,-1.1080780419036382,0.1084996259913785,0.8915003740086215,0.0010578724291854,0.0011619044288579,0.0037421776539547,True,64.54311290155151,0.1675589834600529,-0.8855174631362205,0.1675589834600529,0.8324410165399471,0.0019846913560213,0.0024782071797699,0.0047547678165201,True,0.782372733217269,0.2176272667827311,-0.6497849587740028,0.8876367746128223,0.1123632253871776,-1.1040918086369471,0.8915003740086215,0.1084996259913785,-1.1080780419036382,0.8324410165399471,0.1675589834600529,-0.8855174631362205,1,0,0,0.0,1,1,1,1,,0,1,0,1,1,0,0,1.0,1.0,0.0,0.0,0.0,,0.5647454664345379,0.6497849587740028,0.7752735492256447,1.1040918086369471,0.783000748017243,1.1080780419036382,0.6648820330798941,0.8855174631362205,0.5186027,0.5114109398115817,0.52356935
2026-02-23 14:35:00,2026-02-23 14:45:00,1,861.6,862.2,pivot,0.6000000000000227,0.151714,0.24828600000002274,7821.009000000717,1.0,2026-02-23,862.85,862.95,860.7,0.0,861.55,862.7,861.25,0.0,2026,0.0,0.0,0.0,0.0,0.0,0.0,0.0,0.0,0.0,0.0,0.0,0.0,0.0,0.0,0.0,1.0,1.0,1.0,1,14,0,2,11.886813930263315,0.984363333223264,2.4894066400689723,0.984363333223264,0.015636666776736,-0.000122920221415,-0.0001494591226472,0.001508372564283,True,133.01336004061764,0.8221956044261076,0.6910405194601107,0.8221956044261076,0.1778043955738923,-0.0003708022259478,-0.0005120877218261,0.0025061453534664,True,77.13994389706302,0.187532280840659,-0.6395117561587416,0.187532280840659,0.812467719159341,-0.0007154702757542,-0.0009916412440942,0.0032527966023298,True,103.23899399959514,0.3110637007468195,-0.2549955840457353,0.3110637007468195,0.6889362992531805,-0.0012908623152558,-0.0017318347906087,0.0041201278164262,True,0.984363333223264,0.015636666776736,-2.4894066400689723,0.8221956044261076,0.1778043955738923,-0.6910405194601107,0.187532280840659,0.812467719159341,0.6395117561587416,0.3110637007468195,0.6889362992531805,0.2549955840457353,1,0,0,0.0,1,1,1,1,,0,1,0,1,1,0,0,1.0,1.0,0.0,0.0,0.0,,0.9687266664465279,2.4894066400689723,0.6443912088522153,0.6910405194601107,-0.624935438318682,0.6395117561587416,-0.37787259850636096,0.2549955840457353,0.6325472,0.5020553261603737,0.5387442
2026-02-24 10:40:00,2026-02-24 11:00:00,1,876.95,877.35,pivot,0.3999999999999772,0.152629,0.047370999999977244,1492.1864999992831,1.0,2026-02-24,878.5,879.2,875.65,0.0,879.45,879.8,877.15,0.0,2026,0.0,0.0,0.0,0.0,0.0,0.0,0.0,0.0,0.0,0.0,0.0,0.0,0.0,0.0,0.0,1.0,2.0,2.0,1,10,1,2,151.48663692884935,0.835386000729467,0.9051834021689308,0.835386000729467,0.164613999270533,0.0001741652439703,0.0001716800161196,0.0017036508379626,True,28.464699530799525,0.9521423208208798,1.684128054419642,0.9521423208208798,0.0478576791791202,0.0005065401575541,0.0004707624635629,0.0028126349969096,True,1.6981668519511033,0.997330799933264,3.120722773053122,0.997330799933264,0.0026692000667359,0.0009843600436861,0.0010814849362392,0.0038323831041615,True,0.3625127426618977,0.9997224593375934,4.463629128010113,0.9997224593375934,0.0002775406624065,0.0020558888200976,0.0024391871177509,0.0048765155964652,True,0.835386000729467,0.164613999270533,-0.9051834021689308,0.9521423208208798,0.0478576791791202,-1.684128054419642,0.997330799933264,0.0026692000667359,-3.120722773053122,0.9997224593375934,0.0002775406624065,-4.463629128010113,1,0,0,0.0,1,1,1,1,,0,1,1,0,0,0,0,1.0,1.0,0.0,0.0,0.0,,0.670772001458934,0.9051834021689308,0.9042846416417596,1.684128054419642,0.9946615998665281,3.120722773053122,0.9994449186751869,4.463629128010113,0.5454941,0.529687936635091,0.54218936
2026-02-24 11:00:00,2026-02-24 11:55:00,1,877.35,882.35,pivot,5.0,0.152791,4.647209,146387.0835,1.0,2026-02-24,879.45,879.8,877.15,0.0,882.2,882.5,881.6,0.0,2026,0.0,0.0,0.0,0.0,0.0,0.0,0.0,0.0,0.0,0.0,0.0,0.0,0.0,0.0,0.0,1.0,2.0,2.0,1,11,1,2,100.12143496905064,0.1146514239095149,-1.1031767016764995,0.1146514239095149,0.885348576090485,0.0001741652439703,0.0001716800161196,0.0017036508379626,True,159.1620366207258,0.5374460661267738,0.0960552270762619,0.5374460661267738,0.4625539338732262,0.0005065401575541,0.0004707624635629,0.0028126349969096,True,63.13438188405709,0.8191549959567302,0.8351690646312349,0.8191549959567302,0.1808450040432697,0.0009843600436861,0.0010814849362392,0.0038323831041615,True,2.864856524097456,0.986985122894074,2.643207590862385,0.986985122894074,0.0130148771059258,0.0020558888200976,0.0024391871177509,0.0048765155964652,True,0.1146514239095149,0.885348576090485,1.1031767016764995,0.5374460661267738,0.4625539338732262,-0.0960552270762619,0.8191549959567302,0.1808450040432697,-0.8351690646312349,0.986985122894074,0.0130148771059258,-2.643207590862385,1,0,0,0.0,1,1,1,1,,0,1,1,0,0,0,0,1.0,1.0,0.0,0.0,0.0,,-0.7706971521809701,1.1031767016764995,0.07489213225354763,0.0960552270762619,0.6383099919134605,0.8351690646312349,0.9739702457881483,2.643207590862385,0.567662,0.5570754986199058,0.50215864
2026-03-03 10:30:00,2026-03-03 11:10:00,1,913.45,902.35,pivot,-11.100000000000025,0.154474,-11.454474000000024,-360815.93100000074,1.0,2026-03-03,913.25,914.85,912.8,0.0,900.3,903.0,899.65,0.0,2026,0.0,0.0,0.0,0.0,0.0,0.0,0.0,0.0,0.0,0.0,0.0,0.0,0.0,0.0,0.0,1.0,1.0,1.0,0,10,1,3,24.653281306009585,0.9565040762369956,1.7412647054235546,0.9565040762369956,0.0434959237630044,-0.0001913054173516,-0.000134318806079,0.0021459954588218,True,109.07064195491404,0.2864572581599505,-0.4676622278065537,0.2864572581599505,0.7135427418400495,-0.0006182362654769,-0.0005670073135843,0.0037913391927257,True,85.13311763312606,0.3696987547360956,-0.2508771657107789,0.3696987547360956,0.6303012452639044,-0.0012326455795934,-0.0013283527465099,0.005332520621938,True,8.896799767024726,0.956107799870408,1.6014778277967687,0.956107799870408,0.0438922001295919,-0.0026575728580834,-0.0029600746923808,0.0067324078974935,True,0.9565040762369956,0.0434959237630044,-1.7412647054235546,0.2864572581599505,0.7135427418400495,0.4676622278065537,0.3696987547360956,0.6303012452639044,0.2508771657107789,0.956107799870408,0.0438922001295919,-1.6014778277967687,1,0,0,0.0,1,1,1,1,,0,1,1,0,1,0,0,1.0,1.0,0.0,0.0,0.0,,0.9130081524739913,1.7412647054235546,-0.427085483680099,0.4676622278065537,-0.2606024905278088,0.2508771657107789,0.912215599740816,1.6014778277967687,0.52119595,0.5257167825644905,0.45316836
2026-03-03 14:10:00,2026-03-03 14:35:00,1,880.45,873.7,pivot,-6.75,0.1526245,-7.1026245,-223732.67175,1.0,2026-03-03,880.4,881.15,876.4,0.0,872.65,874.45,869.65,0.0,2026,0.0,0.0,0.0,0.0,0.0,0.0,0.0,0.0,0.0,0.0,0.0,0.0,0.0,0.0,0.0,1.0,1.0,1.0,0,14,1,3,14.502563419435884,0.9791724542414498,2.226536808182394,0.9791724542414498,0.0208275457585501,-0.000122920221415,-0.0001494591226472,0.001508372564283,True,235.48548036332983,0.5065202875026198,0.0673853809807685,0.5065202875026198,0.4934797124973802,-0.0003708022259478,-0.0005120877218261,0.0025061453534664,True,19.455308046638542,0.0609377087999792,-1.588845473301824,0.0609377087999792,0.9390622912000208,-0.0007154702757542,-0.0009916412440942,0.0032527966023298,True,5.386313682077729,0.0242221123682401,-2.670335021093147,0.0242221123682401,0.9757778876317598,-0.0012908623152558,-0.0017318347906087,0.0041201278164262,True,0.9791724542414498,0.0208275457585501,-2.226536808182394,0.5065202875026198,0.4934797124973802,-0.0673853809807685,0.0609377087999792,0.9390622912000208,1.588845473301824,0.0242221123682401,0.9757778876317598,2.670335021093147,1,0,0,0.0,1,1,1,1,,0,1,0,1,1,0,0,1.0,1.0,0.0,0.0,0.0,,0.9583449084828998,2.226536808182394,0.013040575005239585,0.0673853809807685,-0.8781245824000417,1.588845473301824,-0.9515557752635196,2.670335021093147,0.5861258,0.5014239640296421,0.51533884
2026-03-04 10:25:00,2026-03-04 10:30:00,1,809.35,807.25,pivot,-2.1000000000000227,0.148498,-2.448498000000023,-77127.68700000072,1.0,2026-03-04,807.4,810.25,806.1,0.0,805.0,808.1,802.5,0.0,2026,0.0,0.0,0.0,0.0,0.0,0.0,0.0,0.0,0.0,0.0,0.0,0.0,0.0,0.0,0.0,1.0,0.0,0.0,0,10,2,3,21.580350533941303,0.0281764504507317,-1.727322092413298,0.0281764504507317,0.9718235495492684,-0.0002472160001322,-0.0001488637679839,0.0027178784076903,True,0.1081097632250748,5.187400620836309e-05,-4.798869312741399,5.187400620836309e-05,0.9999481259937916,-0.0006616921145126,-0.000619075128047,0.0042557546586283,True,59.05070320058408,0.2284510852509447,-0.6133092438107626,0.2284510852509447,0.7715489147490553,-0.0012326455795934,-0.0013283527465099,0.005332520621938,True,0.2876097514675102,0.00050801512108,-4.347998057050431,0.00050801512108,0.99949198487892,-0.0026575728580834,-0.0029600746923808,0.0067324078974935,True,0.0281764504507317,0.9718235495492684,1.727322092413298,5.187400620836309e-05,0.9999481259937916,4.798869312741399,0.2284510852509447,0.7715489147490553,0.6133092438107626,0.00050801512108,0.99949198487892,4.347998057050431,1,0,0,0.0,1,1,1,1,,0,1,1,0,0,1,0,1.0,1.0,0.0,0.0,0.0,,-0.9436470990985367,1.727322092413298,-0.9998962519875833,4.798869312741399,-0.5430978294981106,0.6133092438107626,-0.99898396975784,4.347998057050431,0.6148527,0.525627425425932,0.5620108
2026-03-04 10:30:00,2026-03-04 11:10:00,-1,807.25,796.8,pivot,10.450000000000044,0.1481215,10.101878500000046,318209.1727500014,1.0,2026-03-04,805.0,808.1,802.5,0.0,796.3,802.55,794.6,0.0,2026,0.0,0.0,0.0,0.0,0.0,0.0,0.0,0.0,0.0,0.0,0.0,0.0,0.0,0.0,0.0,1.0,0.0,0.0,1,10,2,3,20.15130048377167,0.0263566302121088,-1.7587196215464798,0.0263566302121088,0.9736433697878912,-0.0002472160001322,-0.0001488637679839,0.0027178784076903,True,3.789023629793748,0.0091941039990482,-2.6819520970937294,0.0091941039990482,0.9908058960009518,-0.0006616921145126,-0.000619075128047,0.0042557546586283,True,0.0117433776386092,0.001631786945843,-4.067352117294792,0.001631786945843,0.9983682130541568,-0.0012326455795934,-0.0013283527465099,0.005332520621938,True,0.3033672470132367,0.0005682564212664,-4.317976082642126,0.0005682564212664,0.9994317435787335,-0.0026575728580834,-0.0029600746923808,0.0067324078974935,True,0.9736433697878912,0.0263566302121088,-1.7587196215464798,0.9908058960009518,0.0091941039990482,-2.6819520970937294,0.9983682130541568,0.001631786945843,-4.067352117294792,0.9994317435787335,0.0005682564212664,-4.317976082642126,1,0,0,0.0,1,1,1,1,,0,1,1,0,0,1,0,1.0,1.0,0.0,0.0,0.0,,0.9472867395757825,1.7587196215464798,0.9816117920019036,2.6819520970937294,0.9967364261083138,4.067352117294792,0.9988634871574671,4.317976082642126,0.58306605,0.5372323219711563,0.61778724
2026-03-04 11:10:00,2026-03-04 12:00:00,-1,796.8,782.7,pivot,14.099999999999907,0.147385,13.752614999999912,433207.3724999972,1.0,2026-03-04,796.3,802.55,794.6,0.0,768.85,782.8,768.5,0.0,2026,0.0,0.0,0.0,0.0,0.0,0.0,0.0,0.0,0.0,0.0,0.0,0.0,0.0,0.0,0.0,1.0,0.0,0.0,1,11,2,3,14.953950120907823,0.0203016088078732,-1.8833475098779409,0.0203016088078732,0.9796983911921268,-0.0002472160001322,-0.0001488637679839,0.0027178784076903,True,44.14438542014246,0.1174779406171249,-1.0632364547601176,0.1174779406171249,0.8825220593828751,-0.0006616921145126,-0.000619075128047,0.0042557546586283,True,91.70428868489267,0.5801420628727865,0.1792046478174593,0.5801420628727865,0.4198579371272135,-0.0012326455795934,-0.0013283527465099,0.005332520621938,True,0.307289364733902,0.0005838822751976,-4.310443119995518,0.0005838822751976,0.9994161177248024,-0.0026575728580834,-0.0029600746923808,0.0067324078974935,True,0.9796983911921268,0.0203016088078732,-1.8833475098779409,0.8825220593828751,0.1174779406171249,-1.0632364547601176,0.4198579371272135,0.5801420628727865,0.1792046478174593,0.9994161177248024,0.0005838822751976,-4.310443119995518,1,0,0,0.0,1,1,1,1,,0,1,1,0,0,1,0,1.0,1.0,0.0,0.0,0.0,,0.9593967823842535,1.8833475098779409,0.7650441187657502,1.0632364547601176,-0.160284125745573,0.1792046478174593,0.9988322354496049,4.310443119995518,0.56826264,0.5588337901062592,0.6348919
2026-03-04 12:00:00,2026-03-04 12:05:00,-1,782.7,769.05,pivot,13.650000000000093,0.1465525,13.303447500000091,419058.59625000285,1.0,2026-03-04,768.85,782.8,768.5,0.0,788.0,788.5,764.55,0.0,2026,0.0,0.0,0.0,0.0,0.0,0.0,0.0,0.0,0.0,0.0,0.0,0.0,0.0,0.0,0.0,1.0,0.0,0.0,1,12,2,3,0.5351355251207298,0.0002588797485712,-4.353352356735527,0.0002588797485712,0.9997411202514288,-0.0002472160001322,-0.0001488637679839,0.0027178784076903,True,0.7842265709486135,0.0017929923950528,-3.4974126805300814,0.0017929923950528,0.9982070076049472,-0.0006616921145126,-0.000619075128047,0.0042557546586283,True,0.0967707115023868,0.0,-5.613848684361136,0.0,1.0,-0.0012326455795934,-0.0013283527465099,0.005332520621938,True,0.7194520404613487,0.0018221517755603,-3.919302024056301,0.0018221517755603,0.9981778482244396,-0.0026575728580834,-0.0029600746923808,0.0067324078974935,True,0.9997411202514288,0.0002588797485712,-4.353352356735527,0.9982070076049472,0.0017929923950528,-3.4974126805300814,1.0,0.0,-5.613848684361136,0.9981778482244396,0.0018221517755603,-3.919302024056301,1,0,0,0.0,1,1,1,1,,0,1,0,1,0,1,0,1.0,1.0,0.0,0.0,0.0,,0.9994822405028576,4.353352356735527,0.9964140152098944,3.4974126805300814,1.0,5.613848684361136,0.9963556964488792,3.919302024056301,0.60916716,0.5549507149592937,0.6447149
2026-03-04 12:30:00,2026-03-04 13:00:00,1,761.25,795.0,pivot,33.75,0.1466875,33.4033125,1052204.34375,1.0,2026-03-04,754.5,763.5,754.45,0.0,791.45,797.45,785.9,0.0,2026,0.0,0.0,0.0,0.0,0.0,0.0,0.0,0.0,0.0,0.0,0.0,0.0,0.0,0.0,0.0,1.0,0.0,0.0,1,12,2,3,9.069500964314631,0.0141100767526927,-2.071813091873468,0.0141100767526927,0.9858899232473072,-0.0002472160001322,-0.0001488637679839,0.0027178784076903,True,0.3663420760346972,0.0,-5.987183223619324,0.0,1.0,-0.0006616921145126,-0.000619075128047,0.0042557546586283,True,0.1687883302653911,0.0017534088352933,-3.702828483296433,0.0017534088352933,0.9982465911647066,-0.0012326455795934,-0.0013283527465099,0.005332520621938,True,1.8426183534967176e-32,0.0,-7.334374963153277,0.0,1.0,-0.0026575728580834,-0.0029600746923808,0.0067324078974935,True,0.0141100767526927,0.9858899232473072,2.071813091873468,0.0,1.0,5.987183223619324,0.0017534088352933,0.9982465911647066,3.702828483296433,0.0,1.0,7.334374963153277,1,0,0,0.0,1,1,1,1,,0,1,0,1,0,1,0,1.0,1.0,0.0,0.0,0.0,,-0.9717798464946145,2.071813091873468,-1.0,5.987183223619324,-0.9964931823294133,3.702828483296433,-1.0,7.334374963153277,0.57056016,0.5269331944115019,0.66005933
2026-03-04 13:00:00,2026-03-04 13:05:00,-1,795.0,791.5,pivot,3.5,0.147595,3.1524050000000003,99300.7575,1.0,2026-03-04,791.45,797.45,785.9,0.0,800.1,800.1,791.5,0.0,2026,0.0,0.0,0.0,0.0,0.0,0.0,0.0,0.0,0.0,0.0,0.0,0.0,0.0,0.0,0.0,1.0,2.0,0.0,1,13,2,3,21.30199371105685,0.0278163261804375,-1.733374937075718,0.0278163261804375,0.9721836738195624,-0.0002472160001322,-0.0001488637679839,0.0027178784076903,True,3.318848361441429e-05,1.0,5.261787032813852,1.0,0.0,-0.0006616921145126,-0.000619075128047,0.0042557546586283,True,0.9288494815167144,0.992517518479866,3.229849787254096,0.992517518479866,0.0074824815201339,-0.0012326455795934,-0.0013283527465099,0.005332520621938,True,58.431790968457605,0.3327312298311794,-0.3295699673586785,0.3327312298311794,0.6672687701688206,-0.0026575728580834,-0.0029600746923808,0.0067324078974935,True,0.9721836738195624,0.0278163261804375,-1.733374937075718,0.0,1.0,5.261787032813852,0.0074824815201339,0.992517518479866,3.229849787254096,0.6672687701688206,0.3327312298311794,-0.3295699673586785,1,0,0,0.0,1,1,1,1,,0,1,0,1,0,0,0,1.0,1.0,0.0,0.0,0.0,,0.9443673476391249,1.733374937075718,-1.0,5.261787032813852,-0.9850350369597322,3.229849787254096,0.33453754033764116,0.3295699673586785,0.5356754,0.5626308962968432,0.6916654
2026-03-04 13:05:00,2026-03-04 13:30:00,1,791.5,779.8,pivot,-11.700000000000044,0.147139,-12.047139000000044,-379484.8785000014,1.0,2026-03-04,800.1,800.1,791.5,0.0,781.35,781.75,773.05,0.0,2026,0.0,0.0,0.0,0.0,0.0,0.0,0.0,0.0,0.0,0.0,0.0,0.0,0.0,0.0,0.0,1.0,2.0,1.0,0,13,2,3,6.6720948255357405e-15,0.9989990283209222,6.970677830325857,0.9989990283209222,0.0010009716790777,-0.0002472160001322,-0.0001488637679839,0.0027178784076903,True,0.0435330816565246,0.9999848225711804,4.743034906905554,0.9999848225711804,1.5177428819734828e-05,-0.0006616921145126,-0.000619075128047,0.0042557546586283,True,5.0965911166825545e-51,1.0,8.336966240162011,1.0,0.0,-0.0012326455795934,-0.0013283527465099,0.005332520621938,True,3.046947692714408,0.9860800009750912,2.699383359538775,0.9860800009750912,0.0139199990249088,-0.0026575728580834,-0.0029600746923808,0.0067324078974935,True,0.9989990283209222,0.0010009716790777,-6.970677830325857,0.9999848225711804,1.5177428819734828e-05,-4.743034906905554,1.0,0.0,-8.336966240162011,0.9860800009750912,0.0139199990249088,-2.699383359538775,1,0,0,0.0,1,1,1,1,,0,1,0,1,0,0,0,1.0,1.0,0.0,0.0,0.0,,0.9979980566418446,6.970677830325857,0.9999696451423606,4.743034906905554,1.0,8.336966240162011,0.9721600019501824,2.699383359538775,0.5345881,0.6082572056456144,0.7222527
2026-03-04 14:05:00,2026-03-04 14:30:00,-1,774.15,765.1,pivot,9.049999999999956,0.1461775,8.703822499999953,274170.40874999855,1.0,2026-03-04,776.35,778.75,772.3,0.0,762.7,765.25,759.4,0.0,2026,0.0,0.0,0.0,0.0,0.0,0.0,0.0,0.0,0.0,0.0,0.0,0.0,0.0,0.0,0.0,1.0,1.0,2.0,1,14,2,3,25.001504271317025,0.0328537766346506,-1.654785191800783,0.0328537766346506,0.9671462233653494,-0.0002472160001322,-0.0001488637679839,0.0027178784076903,True,5.609865301042498,0.0137938401337558,-2.454318411407349,0.0137938401337558,0.9862061598662442,-0.0006616921145126,-0.000619075128047,0.0042557546586283,True,17.867330231099956,0.0705166813471602,-1.4534625196647932,0.0705166813471602,0.9294833186528396,-0.0012326455795934,-0.0013283527465099,0.005332520621938,True,1.116358623000523,0.0032585896394291,-3.691307445455142,0.0032585896394291,0.9967414103605708,-0.0026575728580834,-0.0029600746923808,0.0067324078974935,True,0.9671462233653494,0.0328537766346506,-1.654785191800783,0.9862061598662442,0.0137938401337558,-2.454318411407349,0.9294833186528396,0.0705166813471602,-1.4534625196647932,0.9967414103605708,0.0032585896394291,-3.691307445455142,1,0,0,0.0,1,1,1,1,,0,1,0,1,1,0,0,1.0,1.0,0.0,0.0,0.0,,0.9342924467306988,1.654785191800783,0.9724123197324883,2.454318411407349,0.8589666373056795,1.4534625196647932,0.9934828207211417,3.691307445455142,0.50024956,0.5208014660603525,0.74049795
2026-03-04 15:00:00,2026-03-04 15:25:00,-1,770.3,749.85,pivot,20.44999999999993,0.1456045,20.10439549999993,633288.4582499978,1.0,2026-03-04,762.95,770.3,762.55,0.0,756.95,757.3,749.5,0.0,2026,0.0,0.0,0.0,0.0,0.0,0.0,0.0,0.0,0.0,0.0,0.0,0.0,0.0,0.0,0.0,1.0,0.0,0.0,1,15,2,3,19.16121131746413,0.9566593027658206,1.669874709811539,0.9566593027658206,0.0433406972341794,-0.0002472160001322,-0.0001488637679839,0.0027178784076903,True,3.712349985812848,0.988391652735484,2.8857431550925785,0.988391652735484,0.0116083472645159,-0.0006616921145126,-0.000619075128047,0.0042557546586283,True,6.613504664999941,0.9727411119028698,1.996616581767611,0.9727411119028698,0.0272588880971301,-0.0012326455795934,-0.0013283527465099,0.005332520621938,True,69.04087814946006,0.659638435280305,0.372718153847539,0.659638435280305,0.340361564719695,-0.0026575728580834,-0.0029600746923808,0.0067324078974935,True,0.0433406972341794,0.9566593027658206,1.669874709811539,0.0116083472645159,0.988391652735484,2.8857431550925785,0.0272588880971301,0.9727411119028698,1.996616581767611,0.340361564719695,0.659638435280305,0.372718153847539,1,0,0,0.0,1,1,1,1,,0,1,0,0,0,1,0,1.0,1.0,0.0,0.0,0.0,,-0.9133186055316411,1.669874709811539,-0.9767833054709681,2.8857431550925785,-0.9454822238057398,1.996616581767611,-0.31927687056061,0.372718153847539,0.66410035,0.5108756496993497,0.7551895
2026-03-04 15:25:00,2026-03-04 15:45:00,-1,749.85,761.4,eod,-11.549999999999956,0.1453375,-11.895337499999956,-374703.1312499986,1.0,2026-03-04,756.95,757.3,749.5,0.0,761.4,761.4,761.4,0.0,2026,0.0,0.0,0.0,0.0,0.0,0.0,0.0,0.0,0.0,0.0,0.0,0.0,0.0,0.0,0.0,1.0,0.0,0.0,0,15,2,3,3.832030029661047,0.0042354537938712,-3.934047085328156,0.0042354537938712,0.9957645462061288,-0.000122920221415,-0.0001494591226472,0.001508372564283,True,0.0704327292923094,0.0003235249086491,-4.583533582799655,0.0003235249086491,0.9996764750913508,-0.0003708022259478,-0.0005120877218261,0.0025061453534664,True,0.0359379237962144,0.0,-7.34750218079635,0.0,1.0,-0.0007154702757542,-0.0009916412440942,0.0032527966023298,True,8.806740352820548e-25,0.0,-7.123882748980248,0.0,1.0,-0.0012908623152558,-0.0017318347906087,0.0041201278164262,True,0.9957645462061288,0.0042354537938712,-3.934047085328156,0.9996764750913508,0.0003235249086491,-4.583533582799655,1.0,0.0,-7.34750218079635,1.0,0.0,-7.123882748980248,1,0,0,0.0,1,1,1,1,,0,1,0,0,0,1,0,1.0,1.0,0.0,0.0,0.0,,0.9915290924122575,3.934047085328156,0.9993529501827018,4.583533582799655,1.0,7.34750218079635,1.0,7.123882748980248,0.75103545,0.538353662371149,0.7640896
2026-03-05 15:10:00,2026-03-05 15:45:00,-1,829.2,820.0,eod,9.200000000000044,0.149476,8.850524000000046,278791.50600000145,1.0,2026-03-05,831.55,834.7,828.75,0.0,820.0,820.0,820.0,0.0,2026,0.0,0.0,0.0,0.0,0.0,0.0,0.0,0.0,0.0,0.0,0.0,0.0,0.0,0.0,0.0,1.0,0.0,1.0,1,15,3,3,1.3033946571113506,0.0003740627017419,-4.781629516953756,0.0003740627017419,0.999625937298258,0.0001474311940231,0.0002152132703473,0.0014445700641565,True,1.6582196441854362e-21,0.0,-6.947508152051715,0.0,1.0,0.0004747760598137,0.0006759372081766,0.0024425065926376,True,0.0003693322734923,7.11528441296693e-08,-4.654187865502614,7.11528441296693e-08,0.9999999288471558,0.0009766068832126,0.001216846898906,0.0028732999773556,True,3.684609925120989,0.006890052895284,-2.3020895424122574,0.006890052895284,0.993109947104716,0.0020696763025213,0.0023999166541482,0.0039494998236915,True,0.999625937298258,0.0003740627017419,-4.781629516953756,1.0,0.0,-6.947508152051715,0.9999999288471558,7.11528441296693e-08,-4.654187865502614,0.993109947104716,0.006890052895284,-2.3020895424122574,1,0,0,0.0,1,1,1,1,,0,1,0,0,0,1,0,1.0,1.0,0.0,0.0,0.0,,0.9992518745965161,4.781629516953756,1.0,6.947508152051715,0.9999998576943117,4.654187865502614,0.986219894209432,2.3020895424122574,0.70772046,0.5119207239709824,0.76696426
2026-03-06 10:30:00,2026-03-06 15:45:00,-1,802.75,827.65,eod,-24.899999999999977,0.148912,-25.24891199999998,-795340.7279999993,1.0,2026-03-06,809.45,810.0,801.75,0.0,827.65,827.65,827.65,0.0,2026,0.0,0.0,0.0,0.0,0.0,0.0,0.0,0.0,0.0,0.0,0.0,0.0,0.0,0.0,0.0,1.0,1.0,1.0,0,10,4,3,5.003190107985514,0.0077945677054551,-3.314350873724901,0.0077945677054551,0.9922054322945448,-0.000122920221415,-0.0001494591226472,0.001508372564283,True,0.8552897210193575,0.0,-5.242691654114233,0.0,1.0,-0.0003708022259478,-0.0005120877218261,0.0025061453534664,True,0.0144631168331353,4.067589345164754e-06,-4.777021794591236,4.067589345164754e-06,0.9999959324106548,-0.0007154702757542,-0.0009916412440942,0.0032527966023298,True,2.5593875334703548e-21,0.0,-6.924289454026965,0.0,1.0,-0.0012908623152558,-0.0017318347906087,0.0041201278164262,True,0.9922054322945448,0.0077945677054551,-3.314350873724901,1.0,0.0,-5.242691654114233,0.9999959324106548,4.067589345164754e-06,-4.777021794591236,1.0,0.0,-6.924289454026965,1,0,0,0.0,1,1,1,1,,0,1,1,0,1,0,0,1.0,1.0,0.0,0.0,0.0,,0.9844108645890898,3.314350873724901,1.0,5.242691654114233,0.9999918648213096,4.777021794591236,1.0,6.924289454026965,0.56963664,0.5349770703641223,0.73913914
2026-03-09 12:15:00,2026-03-09 12:45:00,1,759.95,757.5,pivot,-2.450000000000045,0.1455235,-2.7955235000000456,-88058.99025000143,1.0,2026-03-09,759.55,763.2,759.05,0.0,757.7,758.55,756.25,0.0,2026,0.0,0.0,0.0,0.0,0.0,0.0,0.0,0.0,0.0,0.0,0.0,0.0,0.0,0.0,0.0,1.0,1.0,1.0,0,12,0,3,191.76117850616885,0.4570827309243858,-0.0866855532225311,0.4570827309243858,0.5429172690756141,-0.0002398022800673,-0.0001595904201468,0.0034689607584861,True,4.978435369796012,0.0244812835007743,-2.044805442392289,0.0244812835007743,0.9755187164992256,-0.0006723212927408,-0.0006707819655084,0.0056502147665399,True,57.53615798920386,0.2994283051403413,-0.3731095749616625,0.2994283051403413,0.7005716948596586,-0.0013000278358457,-0.0014696414462826,0.0073194109531463,True,41.23611829055936,0.8056256006172166,0.6717182597436377,0.8056256006172166,0.1943743993827834,-0.0032898377304711,-0.0040086591200917,0.0093987896651316,True,0.4570827309243858,0.5429172690756141,0.0866855532225311,0.0244812835007743,0.9755187164992256,2.044805442392289,0.2994283051403413,0.7005716948596586,0.3731095749616625,0.8056256006172166,0.1943743993827834,-0.6717182597436377,1,0,0,0.0,1,1,1,1,,0,1,0,1,1,0,0,1.0,1.0,0.0,0.0,0.0,,-0.08583453815122832,0.0866855532225311,-0.9510374329984513,2.044805442392289,-0.40114338971931734,0.3731095749616625,0.6112512012344331,0.6717182597436377,0.5018282,0.5340884427990356,0.70130706
2026-03-09 15:10:00,2026-03-09 15:45:00,1,768.7,771.25,eod,2.5499999999999545,0.1461985,2.2038014999999542,69419.74724999856,1.0,2026-03-09,770.3,771.15,767.9,0.0,771.25,771.25,771.25,0.0,2026,0.0,0.0,0.0,0.0,0.0,0.0,0.0,0.0,0.0,0.0,0.0,0.0,0.0,0.0,0.0,1.0,1.0,2.0,1,15,0,3,1.1980891902761344,0.0015358364658206,-4.363174764972227,0.0015358364658206,0.9984641635341792,-0.0001869491574187,-0.0002181926754376,0.0019599945813451,True,20.003494689822865,0.0536671703656177,-1.5818271484088977,0.0536671703656177,0.9463328296343824,-0.0005237772878771,-0.0006611697449309,0.0034065750492981,True,8.647270572334683,0.0264998206622578,-2.107637438274519,0.0264998206622578,0.973500179337742,-0.0008638784857246,-0.0012664554934785,0.0043880139556173,True,2.1224627345382574,0.9949611928586696,3.3219038327311194,0.9949611928586696,0.0050388071413305,-0.0014243157358655,-0.002086208472699,0.0052995719104487,True,0.0015358364658206,0.9984641635341792,4.363174764972227,0.0536671703656177,0.9463328296343824,1.5818271484088977,0.0264998206622578,0.973500179337742,2.107637438274519,0.9949611928586696,0.0050388071413305,-3.3219038327311194,1,0,0,0.0,1,1,1,1,,0,1,0,0,1,0,0,1.0,1.0,0.0,0.0,0.0,,-0.9969283270683587,4.363174764972227,-0.8926656592687646,1.5818271484088977,-0.9470003586754843,2.107637438274519,0.989922385717339,3.3219038327311194,0.5035702,0.5748058284026444,0.7040016
2026-03-10 11:40:00,2026-03-10 11:45:00,1,826.35,822.85,pivot,-3.5,0.149476,-3.849476,-121258.494,1.0,2026-03-10,822.85,826.95,822.6,0.0,820.1,823.75,819.7,0.0,2026,0.0,0.0,0.0,0.0,0.0,0.0,0.0,0.0,0.0,0.0,0.0,0.0,0.0,0.0,0.0,1.0,1.0,1.0,0,11,1,3,6.718630149604389,0.007169791055984,-2.8249831705788053,0.007169791055984,0.992830208944016,0.0001474311940231,0.0002152132703473,0.0014445700641565,True,5.333498316128644,0.0090059831744547,-2.5252621625702427,0.0090059831744547,0.9909940168255452,0.0004747760598137,0.0006759372081766,0.0024425065926376,True,9.782824175852642,0.0144046356347182,-2.209200059609365,0.0144046356347182,0.9855953643652818,0.0009766068832126,0.001216846898906,0.0028732999773556,True,20.99118678046889,0.0340286271843606,-1.6169519197532418,0.0340286271843606,0.9659713728156394,0.0020696763025213,0.0023999166541482,0.0039494998236915,True,0.007169791055984,0.992830208944016,2.8249831705788053,0.0090059831744547,0.9909940168255452,2.5252621625702427,0.0144046356347182,0.9855953643652818,2.209200059609365,0.0340286271843606,0.9659713728156394,1.6169519197532418,1,0,0,0.0,1,1,1,1,,0,1,1,0,1,0,0,1.0,1.0,0.0,0.0,0.0,,-0.9856604178880319,2.8249831705788053,-0.9819880336510906,2.5252621625702427,-0.9711907287305637,2.209200059609365,-0.9319427456312788,1.6169519197532418,0.5305346,0.5022398658070197,0.7050756
2026-03-10 11:45:00,2026-03-10 12:30:00,1,822.85,816.85,pivot,-6.0,0.149191,-6.349191,-199999.5165,1.0,2026-03-10,820.1,823.75,819.7,0.0,814.4,817.4,814.3,0.0,2026,0.0,0.0,0.0,0.0,0.0,0.0,0.0,0.0,0.0,0.0,0.0,0.0,0.0,0.0,0.0,1.0,0.0,1.0,0,11,1,3,362.1158632444943,0.4904352699840125,-0.0651990015644408,0.4904352699840125,0.5095647300159875,0.0001474311940231,0.0002152132703473,0.0014445700641565,True,21.550048435488023,0.0311319395024755,-1.7851722350444548,0.0311319395024755,0.9688680604975244,0.0004747760598137,0.0006759372081766,0.0024425065926376,True,21.546001043912582,0.0355111017583201,-1.7057754785247694,0.0355111017583201,0.9644888982416798,0.0009766068832126,0.001216846898906,0.0028732999773556,True,35.65883589691371,0.0577900495007498,-1.4030975545937636,0.0577900495007498,0.9422099504992502,0.0020696763025213,0.0023999166541482,0.0039494998236915,True,0.4904352699840125,0.5095647300159875,0.0651990015644408,0.0311319395024755,0.9688680604975244,1.7851722350444548,0.0355111017583201,0.9644888982416798,1.7057754785247694,0.0577900495007498,0.9422099504992502,1.4030975545937636,1,0,0,0.0,1,1,1,1,,0,1,1,0,0,1,0,1.0,1.0,0.0,0.0,0.0,,-0.019129460031974965,0.0651990015644408,-0.9377361209950489,1.7851722350444548,-0.9289777964833598,1.7057754785247694,-0.8844199009985003,1.4030975545937636,0.75737894,0.5187243371534074,0.67141247
2026-03-10 13:00:00,2026-03-10 13:10:00,1,810.45,810.5,pivot,0.0499999999999545,0.1486285,-0.2986285000000454,-9406.797750001431,1.0,2026-03-10,807.3,811.9,806.65,0.0,813.85,814.35,810.25,0.0,2026,0.0,0.0,0.0,0.0,0.0,0.0,0.0,0.0,0.0,0.0,0.0,0.0,0.0,0.0,0.0,1.0,0.0,0.0,0,13,1,3,0.1057121235494504,1.0,5.32911133545381,1.0,0.0,0.0001474311940231,0.0002152132703473,0.0014445700641565,True,208.16187973836827,0.3597933862291977,-0.3523677635259959,0.3597933862291977,0.6402066137708022,0.0004747760598137,0.0006759372081766,0.0024425065926376,True,0.6780664961004366,0.0008616021102762,-3.5173282820103555,0.0008616021102762,0.9991383978897236,0.0009766068832126,0.001216846898906,0.0028732999773556,True,1.6663345777440417,0.0017506002999637,-2.8429858236653365,0.0017506002999637,0.9982493997000362,0.0020696763025213,0.0023999166541482,0.0039494998236915,True,1.0,0.0,-5.32911133545381,0.3597933862291977,0.6402066137708022,0.3523677635259959,0.0008616021102762,0.9991383978897236,3.5173282820103555,0.0017506002999637,0.9982493997000362,2.8429858236653365,1,0,0,0.0,1,1,1,1,,0,1,0,1,0,1,0,1.0,1.0,0.0,0.0,0.0,,1.0,5.32911133545381,-0.2804132275416045,0.3523677635259959,-0.9982767957794474,3.5173282820103555,-0.9964987994000726,2.8429858236653365,0.70922965,0.5012342177693562,0.6159368
2026-03-10 13:30:00,2026-03-10 14:05:00,-1,815.05,820.35,pivot,-5.300000000000068,0.149062,-5.649062000000067,-177945.45300000213,1.0,2026-03-10,815.6,817.55,814.4,0.0,819.4,821.2,817.65,0.0,2026,0.0,0.0,0.0,0.0,0.0,0.0,0.0,0.0,0.0,0.0,0.0,0.0,0.0,0.0,0.0,1.0,1.0,1.0,0,13,1,3,250.28583807632,0.7244716692694508,0.4443499634938338,0.7244716692694508,0.2755283307305491,0.0001474311940231,0.0002152132703473,0.0014445700641565,True,4.482925473559643,0.987376709477765,3.0944040062245914,0.987376709477765,0.0126232905222349,0.0004747760598137,0.0006759372081766,0.0024425065926376,True,23.527666423506297,0.949166968820947,1.7557107602920965,0.949166968820947,0.050833031179053,0.0009766068832126,0.001216846898906,0.0028732999773556,True,47.38289258678094,0.0792824084028983,-1.27304181948259,0.0792824084028983,0.9207175915971016,0.0020696763025213,0.0023999166541482,0.0039494998236915,True,0.2755283307305491,0.7244716692694508,0.4443499634938338,0.0126232905222349,0.987376709477765,3.0944040062245914,0.050833031179053,0.949166968820947,1.7557107602920965,0.9207175915971016,0.0792824084028983,-1.27304181948259,1,0,0,0.0,1,1,1,1,,0,1,0,1,1,0,0,1.0,1.0,0.0,0.0,0.0,,-0.4489433385389017,0.4443499634938338,-0.9747534189555301,3.0944040062245914,-0.898333937641894,1.7557107602920965,0.8414351831942033,1.27304181948259,0.6054821,0.5125869394402766,0.5741569
2026-03-11 11:05:00,2026-03-11 13:05:00,1,849.55,851.9,pivot,2.3500000000000227,0.1510435,1.9989565000000225,62967.129750000706,1.0,2026-03-11,849.55,850.5,849.25,0.0,851.15,852.4,851.0,0.0,2026,0.0,0.0,0.0,0.0,0.0,0.0,0.0,0.0,0.0,0.0,0.0,0.0,0.0,0.0,0.0,1.0,1.0,1.0,1,11,2,3,122.16507704881984,0.1409937237757548,-0.8935685662623919,0.1409937237757548,0.8590062762242452,0.0001800676860555,0.0002212437828376,0.0018250083145739,True,140.256087295039,0.2545635749073364,-0.5379521874368147,0.2545635749073364,0.7454364250926635,0.0005236531717564,0.0007089139572728,0.0030649914613392,True,119.86974412527768,0.6468308316210992,0.2370641647036369,0.6468308316210992,0.3531691683789008,0.0011915012714422,0.0014409856332778,0.0036013053640196,True,30.134764996687515,0.8954924087199404,1.088208414324468,0.8954924087199404,0.1045075912800596,0.0024320909085242,0.0026773025904595,0.0050231711463613,True,0.1409937237757548,0.8590062762242452,0.8935685662623919,0.2545635749073364,0.7454364250926635,0.5379521874368147,0.6468308316210992,0.3531691683789008,-0.2370641647036369,0.8954924087199404,0.1045075912800596,-1.088208414324468,1,0,0,0.0,1,1,1,1,,0,1,1,0,1,0,0,1.0,1.0,0.0,0.0,0.0,,-0.7180125524484904,0.8935685662623919,-0.4908728501853271,0.5379521874368147,0.29366166324219845,0.2370641647036369,0.7909848174398808,1.088208414324468,0.52586144,0.534260532486906,0.5300756
2026-03-11 15:05:00,2026-03-11 15:20:00,1,831.65,833.15,pivot,1.5,0.149944,1.1500560000000002,36226.764,1.0,2026-03-11,834.0,834.85,829.0,0.0,830.6,834.7,830.35,0.0,2026,0.0,0.0,0.0,0.0,0.0,0.0,0.0,0.0,0.0,0.0,0.0,0.0,0.0,0.0,0.0,2.0,0.0,0.0,1,15,2,3,9.762166651834544,0.0157542121076543,-2.6232165091664457,0.0157542121076543,0.9842457878923456,-0.0001869491574187,-0.0002181926754376,0.0019599945813451,True,1.8519546133859075,0.0098730081452031,-2.979267133261574,0.0098730081452031,0.9901269918547968,-0.0005237772878771,-0.0006611697449309,0.0034065750492981,True,0.9847858725902052,0.0006924360791864,-4.8545120227211545,0.0006924360791864,0.9993075639208135,-0.0008638784857246,-0.0012664554934785,0.0043880139556173,True,0.8659717523668403,0.0,-5.417965270060879,0.0,1.0,-0.0014243157358655,-0.002086208472699,0.0052995719104487,True,0.0157542121076543,0.9842457878923456,2.6232165091664457,0.0098730081452031,0.9901269918547968,2.979267133261574,0.0006924360791864,0.9993075639208135,4.8545120227211545,0.0,1.0,5.417965270060879,1,0,0,0.0,1,1,1,1,,0,1,0,0,0,1,0,1.0,1.0,0.0,0.0,0.0,,-0.9684915757846914,2.6232165091664457,-0.9802539837095937,2.979267133261574,-0.9986151278416271,4.8545120227211545,-1.0,5.417965270060879,0.60658795,0.5202530772732173,0.49192336
2026-03-11 15:20:00,2026-03-11 15:45:00,-1,833.15,837.5,eod,-4.350000000000023,0.1501195,-4.700119500000023,-148053.7642500007,1.0,2026-03-11,830.6,834.7,830.35,0.0,837.5,837.5,837.5,0.0,2026,0.0,0.0,0.0,0.0,0.0,0.0,0.0,0.0,0.0,0.0,0.0,0.0,0.0,0.0,0.0,2.0,0.0,0.0,0,15,2,3,14.34062426654777,0.9791336132412296,2.156604685242153,0.9791336132412296,0.0208663867587702,-0.0001869491574187,-0.0002181926754376,0.0019599945813451,True,1.4194009430561714,0.9950943839834046,3.472629758254,0.9950943839834046,0.0049056160165954,-0.0005237772878771,-0.0006611697449309,0.0034065750492981,True,135.44445403571652,0.6765489939249131,0.3702797731744048,0.6765489939249131,0.3234510060750869,-0.0008638784857246,-0.0012664554934785,0.0043880139556173,True,7.66487261509072,0.0397910947426142,-2.0801436839843865,0.0397910947426142,0.9602089052573856,-0.0014243157358655,-0.002086208472699,0.0052995719104487,True,0.0208663867587702,0.9791336132412296,2.156604685242153,0.0049056160165954,0.9950943839834046,3.472629758254,0.3234510060750869,0.6765489939249131,0.3702797731744048,0.9602089052573856,0.0397910947426142,-2.0801436839843865,1,0,0,0.0,1,1,1,1,,0,1,0,0,0,1,0,1.0,1.0,0.0,0.0,0.0,,-0.9582672264824594,2.156604685242153,-0.9901887679668091,3.472629758254,-0.35309798784982616,0.3702797731744048,0.9204178105147713,2.0801436839843865,0.5184469,0.602726364296921,0.51543784
2026-03-16 14:35:00,2026-03-16 14:50:00,1,820.65,825.25,pivot,4.600000000000023,0.149377,4.250623000000022,133894.6245000007,1.0,2026-03-16,822.35,822.65,820.5,0.0,825.95,826.6,825.25,0.0,2026,0.0,0.0,0.0,0.0,0.0,0.0,0.0,0.0,0.0,0.0,0.0,0.0,0.0,0.0,0.0,1.0,1.0,1.0,1,14,0,3,283.58001340212434,0.4135701127863257,-0.1751294761663758,0.4135701127863257,0.5864298872136742,0.0001760752142934,0.00020657904465,0.0018743181034997,True,168.76633367050292,0.3639612920250361,-0.3070126489005666,0.3639612920250361,0.6360387079749639,0.0005357634696887,0.0007073569588201,0.0030965524273222,True,127.70511198052844,0.6101124028800538,0.1582117712819111,0.6101124028800538,0.3898875971199462,0.0011955206983503,0.0014351794467766,0.0036312357996119,True,32.24444330507717,0.0810148485507117,-1.1743375464474946,0.0810148485507117,0.9189851514492884,0.0024995058247043,0.0027727737836866,0.0050508258856855,True,0.4135701127863257,0.5864298872136742,0.1751294761663758,0.3639612920250361,0.6360387079749639,0.3070126489005666,0.6101124028800538,0.3898875971199462,-0.1582117712819111,0.0810148485507117,0.9189851514492884,1.1743375464474946,1,0,0,0.0,1,1,1,1,,0,1,0,1,1,0,0,1.0,1.0,0.0,0.0,0.0,,-0.17285977442734846,0.1751294761663758,-0.2720774159499278,0.3070126489005666,0.22022480576010756,0.1582117712819111,-0.8379703028985767,1.1743375464474946,0.56359875,0.5038466262055579,0.56226337
2026-03-17 14:55:00,2026-03-17 15:00:00,1,849.25,848.15,pivot,-1.1000000000000227,0.150922,-1.4509220000000227,-45704.04300000072,1.0,2026-03-17,848.05,849.85,847.6,0.0,845.25,848.25,844.9,0.0,2026,0.0,0.0,0.0,0.0,0.0,0.0,0.0,0.0,0.0,0.0,0.0,0.0,0.0,0.0,0.0,1.0,1.0,1.0,0,14,1,3,9.28160421777047,0.0160465473628146,-2.3272383257820946,0.0160465473628146,0.9839534526371854,0.0001609389557473,0.0001961025287541,0.0018748153092802,True,16.79601931102723,0.0368343193529397,-1.7236104811262554,0.0368343193529397,0.9631656806470602,0.0005224223020409,0.0006986373222937,0.0030947338910443,True,21.511559412055096,0.0465341800118234,-1.5212025242833755,0.0465341800118234,0.9534658199881764,0.0011904652545072,0.001430432601586,0.0036026288401122,True,29.48520526369175,0.0749706834307036,-1.234798745780252,0.0749706834307036,0.9250293165692964,0.002492140254095,0.0027374256308781,0.0051171154377763,True,0.0160465473628146,0.9839534526371854,2.3272383257820946,0.0368343193529397,0.9631656806470602,1.7236104811262554,0.0465341800118234,0.9534658199881764,1.5212025242833755,0.0749706834307036,0.9250293165692964,1.234798745780252,1,0,0,0.0,1,1,1,1,,0,1,0,1,1,0,0,1.0,1.0,0.0,0.0,0.0,,-0.9679069052743707,2.3272383257820946,-0.9263313612941205,1.7236104811262554,-0.906931639976353,1.5212025242833755,-0.8500586331385929,1.234798745780252,0.598339,0.5032073303568895,0.57708275
2026-03-17 15:00:00,2026-03-17 15:45:00,1,848.15,844.3,eod,-3.850000000000023,0.1507735,-4.200773500000023,-132324.3652500007,1.0,2026-03-17,845.25,848.25,844.9,0.0,844.3,844.3,844.3,0.0,2026,0.0,0.0,0.0,0.0,0.0,0.0,0.0,0.0,0.0,0.0,0.0,0.0,0.0,0.0,0.0,1.0,1.0,1.0,0,15,1,3,176.48501912386587,0.2109902382840145,-0.6381568575651608,0.2109902382840145,0.7890097617159855,0.0001609389557473,0.0001961025287541,0.0018748153092802,True,13.085759784212136,0.0306296334890397,-1.857625478077497,0.0306296334890397,0.9693703665109604,0.0005224223020409,0.0006986373222937,0.0030947338910443,True,6.235532334316204,0.016395878745645,-2.17257471763014,0.016395878745645,0.9836041212543548,0.0011904652545072,0.001430432601586,0.0036026288401122,True,9.228782676221012,0.0316917108635287,-1.7049474761578218,0.0316917108635287,0.9683082891364712,0.002492140254095,0.0027374256308781,0.0051171154377763,True,0.2109902382840145,0.7890097617159855,0.6381568575651608,0.0306296334890397,0.9693703665109604,1.857625478077497,0.016395878745645,0.9836041212543548,2.17257471763014,0.0316917108635287,0.9683082891364712,1.7049474761578218,1,0,0,0.0,1,1,1,1,,0,1,0,0,1,0,0,1.0,1.0,0.0,0.0,0.0,,-0.5780195234319709,0.6381568575651608,-0.9387407330219207,1.857625478077497,-0.9672082425087098,2.17257471763014,-0.9366165782729424,1.7049474761578218,0.5839401,0.5173377260375028,0.54497993
2026-03-25 11:05:00,2026-03-25 12:15:00,1,852.8,843.0,pivot,-9.799999999999956,0.150874,-10.150873999999954,-319752.53099999856,1.0,2026-03-25,850.25,853.25,850.15,0.0,843.75,844.55,841.2,0.0,2026,0.0,0.0,0.0,0.0,0.0,0.0,0.0,0.0,0.0,0.0,0.0,0.0,0.0,0.0,0.0,1.0,1.0,1.0,0,11,2,3,25.49257943386676,0.0306874397268436,-1.8481997120099447,0.0306874397268436,0.9693125602731564,0.0001609389557473,0.0001961025287541,0.0018748153092802,True,62.81623904162535,0.1189363703223444,-0.980594046830687,0.1189363703223444,0.8810636296776555,0.0005224223020409,0.0006986373222937,0.0030947338910443,True,60.55697050627158,0.1139521293633073,-1.029286813960825,0.1139521293633073,0.8860478706366927,0.0011904652545072,0.001430432601586,0.0036026288401122,True,29.012674533658267,0.0738673148304259,-1.242099362476199,0.0738673148304259,0.926132685169574,0.002492140254095,0.0027374256308781,0.0051171154377763,True,0.0306874397268436,0.9693125602731564,1.8481997120099447,0.1189363703223444,0.8810636296776555,0.980594046830687,0.1139521293633073,0.8860478706366927,1.029286813960825,0.0738673148304259,0.926132685169574,1.242099362476199,1,0,0,0.0,1,1,1,1,,0,1,1,0,1,0,0,1.0,1.0,0.0,0.0,0.0,,-0.9386251205463128,1.8481997120099447,-0.7621272593553111,0.980594046830687,-0.7720957412733853,1.029286813960825,-0.8522653703391482,1.242099362476199,0.59030914,0.5172325001876348,0.53170216
2026-03-25 12:15:00,2026-03-25 12:50:00,1,843.0,842.6,pivot,-0.3999999999999772,0.150568,-0.7505679999999773,-23642.891999999283,1.0,2026-03-25,843.75,844.55,841.2,0.0,845.25,845.95,842.55,0.0,2026,0.0,0.0,0.0,0.0,0.0,0.0,0.0,0.0,0.0,0.0,0.0,0.0,0.0,0.0,0.0,1.0,1.0,0.0,0,12,2,3,263.0457625217311,0.3555602060596491,-0.2938093430508633,0.3555602060596491,0.6444397939403508,0.0001609389557473,0.0001961025287541,0.0018748153092802,True,167.7153326607742,0.3566026569942349,-0.321274526338283,0.3566026569942349,0.6433973430057651,0.0005224223020409,0.0006986373222937,0.0030947338910443,True,17.465364244371127,0.0380392817181928,-1.6417124088275998,0.0380392817181928,0.9619607182818072,0.0011904652545072,0.001430432601586,0.0036026288401122,True,11.63162640337623,0.0363648768360636,-1.6182058863396902,0.0363648768360636,0.9636351231639364,0.002492140254095,0.0027374256308781,0.0051171154377763,True,0.3555602060596491,0.6444397939403508,0.2938093430508633,0.3566026569942349,0.6433973430057651,0.321274526338283,0.0380392817181928,0.9619607182818072,1.6417124088275998,0.0363648768360636,0.9636351231639364,1.6182058863396902,1,0,0,0.0,1,1,1,1,,0,1,0,1,1,0,0,1.0,1.0,0.0,0.0,0.0,,-0.28887958788070167,0.2938093430508633,-0.28679468601153024,0.321274526338283,-0.9239214365636144,1.6417124088275998,-0.9272702463278728,1.6182058863396902,0.5350241,0.5217552068024884,0.51620996
2026-03-27 13:00:00,2026-03-27 13:25:00,-1,796.25,798.45,pivot,-2.200000000000045,0.147841,-2.5478410000000453,-80256.99150000143,1.0,2026-03-27,795.85,796.3,794.0,0.0,797.85,798.5,796.6,0.0,2026,0.0,0.0,0.0,0.0,0.0,0.0,0.0,0.0,0.0,0.0,0.0,0.0,0.0,0.0,0.0,1.0,1.0,2.0,0,13,4,3,6.418747126564396,0.9824707926120764,2.5916835298942367,0.9824707926120764,0.0175292073879237,-0.0001213090729217,-0.000113073648394,0.0016480969686111,True,37.97920405977502,0.9114303663929244,1.2608522622861982,0.9114303663929244,0.0885696336070754,-0.0003738534386905,-0.0002860883744207,0.003174448864628,True,1.870697021148742,0.9930765242980718,3.1576054896473176,0.9930765242980718,0.0069234757019281,-0.0007646103640377,-0.0005993732507386,0.0045202190862106,True,9.53182049499878,0.9446342077368785,1.557671124295104,0.9446342077368785,0.0553657922631216,-0.001358316763399,-0.0009733862674131,0.0060565422417836,True,0.0175292073879237,0.9824707926120764,2.5916835298942367,0.0885696336070754,0.9114303663929244,1.2608522622861982,0.0069234757019281,0.9930765242980718,3.1576054896473176,0.0553657922631216,0.9446342077368785,1.557671124295104,1,0,0,0.0,1,1,1,1,,0,1,0,1,1,0,0,1.0,1.0,0.0,0.0,0.0,,-0.9649415852241526,2.5916835298942367,-0.822860732785849,1.2608522622861982,-0.9861530485961437,3.1576054896473176,-0.8892684154737569,1.557671124295104,0.6075098,0.502670940663235,0.53852046
2026-03-27 13:25:00,2026-03-27 14:05:00,1,798.45,806.9,pivot,8.449999999999932,0.1481605,8.101839499999933,255207.94424999788,1.0,2026-03-27,797.85,798.5,796.6,0.0,809.0,809.9,805.9,0.0,2026,0.0,0.0,0.0,0.0,0.0,0.0,0.0,0.0,0.0,0.0,0.0,0.0,0.0,0.0,0.0,1.0,1.0,2.0,1,13,4,3,10.572144301876062,0.9797883281134908,2.393144996938924,0.9797883281134908,0.020211671886509,-0.0001213090729217,-0.000113073648394,0.0016480969686111,True,76.21572225999712,0.8315704407375136,0.8017981558704825,0.8315704407375136,0.1684295592624863,-0.0003738534386905,-0.0002860883744207,0.003174448864628,True,14.330578348110487,0.9569781365019332,1.719168770607155,0.9569781365019332,0.0430218634980666,-0.0007646103640377,-0.0005993732507386,0.0045202190862106,True,3.080138714023966,0.983756554743097,2.485010079225473,0.983756554743097,0.016243445256903,-0.001358316763399,-0.0009733862674131,0.0060565422417836,True,0.9797883281134908,0.020211671886509,-2.393144996938924,0.8315704407375136,0.1684295592624863,-0.8017981558704825,0.9569781365019332,0.0430218634980666,-1.719168770607155,0.983756554743097,0.016243445256903,-2.485010079225473,1,0,0,0.0,1,1,1,1,,0,1,0,1,1,0,0,1.0,1.0,0.0,0.0,0.0,,0.9595766562269819,2.393144996938924,0.6631408814750274,0.8017981558704825,0.9139562730038666,1.719168770607155,0.967513109486194,2.485010079225473,0.57723886,0.5272327460359584,0.5524303
2026-03-27 14:05:00,2026-03-27 14:30:00,1,806.9,807.6,pivot,0.7000000000000455,0.148435,0.35156500000004554,11074.297500001434,1.0,2026-03-27,809.0,809.9,805.9,0.0,808.45,809.1,806.3,0.0,2026,0.0,0.0,0.0,0.0,0.0,0.0,0.0,0.0,0.0,0.0,0.0,0.0,0.0,0.0,0.0,1.0,2.0,2.0,1,14,4,3,8.85668864530873,0.9876136027205048,2.519242331663694,0.9876136027205048,0.0123863972794951,0.0001609389557473,0.0001961025287541,0.0018748153092802,True,94.5278767912918,0.7981543856335873,0.6183502161053772,0.7981543856335873,0.2018456143664126,0.0005224223020409,0.0006986373222937,0.0030947338910443,True,9.601353288778402,0.9640393051055874,2.062138943530367,0.9640393051055874,0.0359606948944125,0.0011904652545072,0.001430432601586,0.0036026288401122,True,13.455742671586025,0.9421886134749594,1.576423063367832,0.9421886134749594,0.0578113865250405,0.002492140254095,0.0027374256308781,0.0051171154377763,True,0.9876136027205048,0.0123863972794951,-2.519242331663694,0.7981543856335873,0.2018456143664126,-0.6183502161053772,0.9640393051055874,0.0359606948944125,-2.062138943530367,0.9421886134749594,0.0578113865250405,-1.576423063367832,1,0,0,0.0,1,1,1,1,,0,1,0,1,0,0,0,1.0,1.0,0.0,0.0,0.0,,0.9752272054410097,2.519242331663694,0.5963087712671747,0.6183502161053772,0.928078610211175,2.062138943530367,0.8843772269499189,1.576423063367832,0.51407206,0.5261921773326118,0.5961274
2026-03-27 14:30:00,2026-03-27 14:40:00,-1,807.6,810.1,pivot,-2.5,0.148531,-2.848531,-89728.7265,1.0,2026-03-27,808.45,809.1,806.3,0.0,806.45,811.1,806.3,0.0,2026,0.0,0.0,0.0,0.0,0.0,0.0,0.0,0.0,0.0,0.0,0.0,0.0,0.0,0.0,0.0,1.0,1.0,2.0,0,14,4,3,14.383500432980938,0.0206429050784339,-2.118561172808416,0.0206429050784339,0.979357094921566,0.0001609389557473,0.0001961025287541,0.0018748153092802,True,34.952898212826774,0.0681641747145822,-1.3260223383595655,0.0681641747145822,0.9318358252854178,0.0005224223020409,0.0006986373222937,0.0030947338910443,True,28.171229994025232,0.9249055547964928,1.4163236532237578,0.9249055547964928,0.0750944452035071,0.0011904652545072,0.001430432601586,0.0036026288401122,True,19.32067181087399,0.9227385910463316,1.3403761279550606,0.9227385910463316,0.0772614089536682,0.002492140254095,0.0027374256308781,0.0051171154377763,True,0.979357094921566,0.0206429050784339,-2.118561172808416,0.9318358252854178,0.0681641747145822,-1.3260223383595655,0.0750944452035071,0.9249055547964928,1.4163236532237578,0.0772614089536682,0.9227385910463316,1.3403761279550606,1,0,0,0.0,1,1,1,1,,0,1,0,1,1,0,0,1.0,1.0,0.0,0.0,0.0,,0.9587141898431321,2.118561172808416,0.8636716505708355,1.3260223383595655,-0.8498111095929858,1.4163236532237578,-0.8454771820926634,1.3403761279550606,0.5922103,0.5392395448432319,0.60425293
2026-03-31 10:30:00,2026-03-31 11:00:00,1,763.05,771.9,pivot,8.850000000000023,0.1460485,8.503951500000024,267874.47225000075,1.0,2026-03-31,767.55,767.85,762.0,0.0,769.1,772.05,768.25,0.0,2026,0.0,0.0,0.0,0.0,0.0,0.0,0.0,0.0,0.0,0.0,0.0,0.0,0.0,0.0,0.0,1.0,2.0,2.0,1,10,1,3,26.198491631453805,0.9360958405588238,1.2302085007988286,0.9360958405588238,0.0639041594411762,-0.0001976424911654,-7.373980277211574e-05,0.0038091024282693,True,13.922238908846504,0.9366918354264469,1.4133739353363308,0.9366918354264469,0.0633081645735532,-0.000461574077839,-0.0003647028355373,0.0062835537669102,True,59.45933553379052,0.3713355989861654,-0.2499768150553002,0.3713355989861654,0.6286644010138346,-0.0011573367820002,-0.001199860902249,0.0078030232028402,True,4.194956749428619,0.9808773087939954,2.049327175742914,0.9808773087939954,0.0191226912060046,-0.0029825850285503,-0.0036134975106598,0.0098166855022052,True,0.9360958405588238,0.0639041594411762,-1.2302085007988286,0.9366918354264469,0.0633081645735532,-1.4133739353363308,0.3713355989861654,0.6286644010138346,0.2499768150553002,0.9808773087939954,0.0191226912060046,-2.049327175742914,1,0,0,0.0,1,1,1,1,,0,1,1,0,0,0,0,1.0,1.0,0.0,0.0,0.0,,0.8721916811176476,1.2302085007988286,0.8733836708528937,1.4133739353363308,-0.25732880202766917,0.2499768150553002,0.9617546175879907,2.049327175742914,0.54719174,0.5013374380660225,0.5950062
2026-03-31 11:00:00,2026-03-31 11:30:00,1,771.9,766.25,pivot,-5.649999999999977,0.1461445,-5.996144499999978,-188878.5517499993,1.0,2026-03-31,769.1,772.05,768.25,0.0,765.05,766.7,764.5,0.0,2026,0.0,0.0,0.0,0.0,0.0,0.0,0.0,0.0,0.0,0.0,0.0,0.0,0.0,0.0,0.0,1.0,1.0,2.0,0,11,1,3,0.6785805448420104,0.999512837710173,4.667533782674926,0.999512837710173,0.000487162289827,-0.0001213090729217,-0.000113073648394,0.0016480969686111,True,11.818214936738489,0.9670827144399018,2.047885363753738,0.9670827144399018,0.0329172855600982,-0.0003738534386905,-0.0002860883744207,0.003174448864628,True,0.6615102442225886,0.9988052029883964,4.210453976112846,0.9988052029883964,0.0011947970116036,-0.0007646103640377,-0.0005993732507386,0.0045202190862106,True,1.615575084128156,0.98645130768513,2.6839987243326022,0.98645130768513,0.0135486923148699,-0.001358316763399,-0.0009733862674131,0.0060565422417836,True,0.999512837710173,0.000487162289827,-4.667533782674926,0.9670827144399018,0.0329172855600982,-2.047885363753738,0.9988052029883964,0.0011947970116036,-4.210453976112846,0.98645130768513,0.0135486923148699,-2.6839987243326022,1,0,0,0.0,1,1,1,1,,0,1,1,0,1,0,0,1.0,1.0,0.0,0.0,0.0,,0.9990256754203459,4.667533782674926,0.9341654288798036,2.047885363753738,0.9976104059767927,4.210453976112846,0.9729026153702601,2.6839987243326022,0.6035357,0.5554663721789691,0.563234
2026-03-31 15:10:00,2026-03-31 15:20:00,1,747.85,747.2,pivot,-0.6499999999999773,0.1448515,-0.9948514999999772,-31337.822249999284,1.0,2026-03-31,746.55,748.25,746.2,0.0,749.4,749.4,746.2,0.0,2026,0.0,0.0,0.0,0.0,0.0,0.0,0.0,0.0,0.0,0.0,0.0,0.0,0.0,0.0,0.0,1.0,1.0,0.0,0,15,1,3,10.06392812962452,0.0186291439089003,-2.5179147634480405,0.0186291439089003,0.9813708560910996,-0.0002273522072461,-0.0002499822096176,0.0021159260715514,True,10.020126936354163,0.0249343824481242,-2.0840355901079644,0.0249343824481242,0.9750656175518758,-0.0006070643165827,-0.0006967107668046,0.0036113333535864,True,35.62634224374221,0.1324293512959341,-0.9128266844948392,0.1324293512959341,0.8675706487040659,-0.0010201313810906,-0.0013960369480056,0.0046535459914358,True,59.41588993425092,0.2744680004273693,-0.3482299293369454,0.2744680004273693,0.7255319995726306,-0.0016480158403851,-0.0023576223022717,0.0058222319374076,True,0.0186291439089003,0.9813708560910996,2.5179147634480405,0.0249343824481242,0.9750656175518758,2.0840355901079644,0.1324293512959341,0.8675706487040659,0.9128266844948392,0.2744680004273693,0.7255319995726306,0.3482299293369454,1,0,0,0.0,1,1,1,1,,0,1,0,0,1,0,0,1.0,1.0,0.0,0.0,0.0,,-0.9627417121821994,2.5179147634480405,-0.9501312351037516,2.0840355901079644,-0.7351412974081317,0.9128266844948392,-0.4510639991452613,0.3482299293369454,0.6373783,0.505906467194464,0.4844023
2026-04-07 10:40:00,2026-04-07 11:15:00,-1,821.1,813.9,pivot,7.2000000000000455,0.14905,6.850950000000045,215804.92500000144,1.0,2026-04-07,821.4,822.3,820.55,0.0,816.9,817.0,813.6,0.0,2026,0.0,0.0,0.0,0.0,0.0,0.0,0.0,0.0,0.0,0.0,0.0,0.0,0.0,0.0,0.0,1.0,0.0,0.0,1,10,1,4,197.54105688739253,0.3076907832643162,-0.370979161867296,0.3076907832643162,0.6923092167356838,0.0002227640992562,0.0001549707133592,0.0022134201078772,True,47.803445527818376,0.1266838927133931,-0.9664392009548528,0.1266838927133931,0.8733161072866069,0.0005221425944855,0.0004949028479754,0.0038290235288769,True,18.53244650143353,0.06523640612912,-1.397652435926543,0.06523640612912,0.93476359387088,0.0010452787968498,0.0011440808744898,0.0051399336122786,True,1.941018285739588,0.0128691113137809,-2.8896538654335737,0.0128691113137809,0.9871308886862192,0.0021027385012016,0.0025084546215659,0.0062144644844141,True,0.6923092167356838,0.3076907832643162,-0.370979161867296,0.8733161072866069,0.1266838927133931,-0.9664392009548528,0.93476359387088,0.06523640612912,-1.397652435926543,0.9871308886862192,0.0128691113137809,-2.8896538654335737,1,0,0,0.0,1,1,1,1,,0,1,1,0,0,1,0,1.0,1.0,0.0,0.0,0.0,,0.3846184334713676,0.370979161867296,0.7466322145732138,0.9664392009548528,0.8695271877417601,1.397652435926543,0.9742617773724384,2.8896538654335737,0.59092975,0.5158469106297503,0.5145756
2026-04-08 14:10:00,2026-04-08 14:45:00,-1,890.5,884.8,pivot,5.7000000000000455,0.153259,5.346741000000046,168422.34150000144,1.0,2026-04-08,891.1,891.9,890.1,0.0,886.0,888.15,884.5,0.0,2026,0.0,0.0,0.0,0.0,0.0,0.0,0.0,0.0,0.0,0.0,0.0,0.0,0.0,0.0,0.0,1.0,1.0,1.0,1,14,2,4,9.118957859373594,0.0124104725913313,-2.443029528346657,0.0124104725913313,0.9875895274086688,0.0002061646759195,0.00021747686698,0.002010427645693,True,118.81690735501152,0.2615573335490174,-0.5380112449898701,0.2615573335490174,0.7384426664509827,0.0005766251181101,0.0007582557166679,0.0033864286846319,True,117.48605101842182,0.4111132132853347,-0.2350629551868929,0.4111132132853347,0.5888867867146652,0.0013057667390185,0.0014960539805437,0.0039809211888221,True,38.95871184609154,0.8348553634429977,0.8685172731659273,0.8348553634429977,0.1651446365570023,0.0026812353729358,0.0029447468499181,0.0055440188839529,True,0.9875895274086688,0.0124104725913313,-2.443029528346657,0.7384426664509827,0.2615573335490174,-0.5380112449898701,0.5888867867146652,0.4111132132853347,-0.2350629551868929,0.1651446365570023,0.8348553634429977,0.8685172731659273,1,0,0,0.0,1,1,1,1,,0,1,0,1,1,0,0,1.0,1.0,0.0,0.0,0.0,,0.9751790548173375,2.443029528346657,0.4768853329019653,0.5380112449898701,0.17777357342933053,0.2350629551868929,-0.6697107268859954,0.8685172731659273,0.51709026,0.526402302851028,0.5158125
2026-04-10 11:10:00,2026-04-10 11:50:00,1,887.85,888.3,pivot,0.4499999999999318,0.1532845,0.09671549999993173,3046.5382499978496,1.0,2026-04-10,887.1,888.15,886.5,0.0,888.6,889.4,888.3,0.0,2026,0.0,0.0,0.0,0.0,0.0,0.0,0.0,0.0,0.0,0.0,0.0,0.0,0.0,0.0,0.0,1.0,1.0,1.0,1,11,4,4,45.597570511124026,0.0726791015792415,-1.3177357370648246,0.0726791015792415,0.9273208984207584,0.0002227640992562,0.0001549707133592,0.0022134201078772,True,11.099792761097914,0.0397757751013827,-1.8335166963264304,0.0397757751013827,0.9602242248986173,0.0005221425944855,0.0004949028479754,0.0038290235288769,True,8.480424379609655,0.0338153791966891,-1.8845259076589227,0.0338153791966891,0.9661846208033108,0.0010452787968498,0.0011440808744898,0.0051399336122786,True,42.293415578853526,0.1330435104342017,-0.9204909506485324,0.1330435104342017,0.8669564895657983,0.0021027385012016,0.0025084546215659,0.0062144644844141,True,0.0726791015792415,0.9273208984207584,1.3177357370648246,0.0397757751013827,0.9602242248986173,1.8335166963264304,0.0338153791966891,0.9661846208033108,1.8845259076589227,0.1330435104342017,0.8669564895657983,0.9204909506485324,1,0,0,0.0,1,1,1,1,,0,1,1,0,1,0,0,1.0,1.0,0.0,0.0,0.0,,-0.8546417968415169,1.3177357370648246,-0.9204484497972345,1.8335166963264304,-0.9323692416066217,1.8845259076589227,-0.7339129791315966,0.9204909506485324,0.5726763,0.5432590646510469,0.50853544
2026-04-20 10:50:00,2026-04-20 10:55:00,1,946.35,948.6,pivot,2.25,0.1568485,1.8931515,59634.27225,1.0,2026-04-20,948.6,948.6,946.15,0.0,948.35,949.45,947.9,0.0,2026,0.0,0.0,0.0,0.0,0.0,0.0,0.0,0.0,0.0,0.0,0.0,0.0,0.0,0.0,0.0,1.0,1.0,2.0,1,10,0,4,211.72637473239465,0.5473691884873988,0.1111979670157795,0.5473691884873988,0.4526308115126012,0.0001485704400883,0.000114520776005,0.0022967115667551,True,116.5984385521368,0.6016631677969503,0.2165799620812895,0.6016631677969503,0.3983368322030497,0.000433832803254,0.0004048242776565,0.0039893355913189,True,92.0756291864374,0.4053857076530684,-0.1894431808975253,0.4053857076530684,0.5946142923469315,0.0009439329384002,0.0009781349895774,0.0054420970126334,True,34.62455643810541,0.8491562091651468,0.9595832768006558,0.8491562091651468,0.1508437908348532,0.0020217551142355,0.0022562221581728,0.0066068463935332,True,0.5473691884873988,0.4526308115126012,-0.1111979670157795,0.6016631677969503,0.3983368322030497,-0.2165799620812895,0.4053857076530684,0.5946142923469315,0.1894431808975253,0.8491562091651468,0.1508437908348532,-0.9595832768006558,1,0,0,0.0,1,1,1,1,,0,1,1,0,1,0,0,1.0,1.0,0.0,0.0,0.0,,0.09473837697479759,0.1111979670157795,0.20332633559390056,0.2165799620812895,-0.1892285846938631,0.1894431808975253,0.6983124183302936,0.9595832768006558,0.5229166,0.50070216379633,0.49125558
2026-05-11 14:45:00,2026-05-11 14:55:00,-1,1215.6,1217.1,pivot,-1.5,0.172981,-1.872981,-58998.9015,1.0,2026-05-11,1218.6,1219.35,1215.1,0.0,1215.45,1218.05,1214.85,0.0,2026,0.0,0.0,0.0,0.0,0.0,0.0,0.0,0.0,0.0,0.0,0.0,0.0,0.0,0.0,0.0,1.0,1.0,1.0,0,14,0,5,12.139112598552035,0.0188923060072788,-2.4291051883362997,0.0188923060072788,0.9811076939927212,0.0001220711722234,0.0001614303509715,0.0015637920331067,True,33.73267462157182,0.055449437280026,-1.490269108697179,0.055449437280026,0.944550562719974,0.0004206669325156,0.0004862525566535,0.0027121599464148,True,22.21971492902403,0.0464870841482016,-1.6343767983032311,0.0464870841482016,0.9535129158517984,0.0009687718909271,0.0011629432216122,0.0033611399442397,True,106.9068891322414,0.4176657845206689,-0.2215712102623664,0.4176657845206689,0.5823342154793312,0.002157609543261,0.0024258856656373,0.0046617046181543,True,0.9811076939927212,0.0188923060072788,-2.4291051883362997,0.944550562719974,0.055449437280026,-1.490269108697179,0.9535129158517984,0.0464870841482016,-1.6343767983032311,0.5823342154793312,0.4176657845206689,-0.2215712102623664,1,0,0,0.0,1,1,1,1,,0,1,0,1,1,0,0,1.0,1.0,0.0,0.0,0.0,,0.9622153879854425,2.4291051883362997,0.8891011254399479,1.490269108697179,0.9070258317035969,1.6343767983032311,0.1646684309586623,0.2215712102623664,0.52998143,0.513116921400865,0.45119977
2026-05-12 10:30:00,2026-05-12 11:25:00,-1,1199.7,1201.4,pivot,-1.7000000000000457,0.172033,-2.0720330000000455,-65269.03950000143,1.0,2026-05-12,1168.95,1200.35,1166.0,0.0,1199.6,1203.0,1197.85,0.0,2026,0.0,0.0,0.0,0.0,0.0,0.0,0.0,0.0,0.0,0.0,0.0,0.0,0.0,0.0,0.0,2.0,0.0,0.0,0,10,1,5,121.70491726145752,0.1576490344473206,-0.8052788450021936,0.1576490344473206,0.8423509655526793,-0.000110413105679,-8.032602477331566e-05,0.0020123849599327,True,0.7228196468197363,0.0015278633312178,-3.725589896959866,0.0015278633312178,0.998472136668782,-0.0002438509837386,-0.0002531376731421,0.0038374916548573,True,0.2667953100690559,0.0005582753030414,-3.955521461970595,0.0005582753030414,0.9994417246969584,-0.0004756162747039,-0.0004235749381016,0.0056524339104191,True,5.584832452761416,0.0422205624818309,-1.7392889657566313,0.0422205624818309,0.9577794375181692,-0.0013271035036923,-0.0008623558110632,0.0076343952782248,True,0.8423509655526793,0.1576490344473206,-0.8052788450021936,0.998472136668782,0.0015278633312178,-3.725589896959866,0.9994417246969584,0.0005582753030414,-3.955521461970595,0.9577794375181692,0.0422205624818309,-1.7392889657566313,1,0,0,0.0,1,1,1,1,,0,1,1,0,0,1,0,1.0,1.0,0.0,0.0,0.0,,0.6847019311053587,0.8052788450021936,0.9969442733375642,3.725589896959866,0.9988834493939169,3.955521461970595,0.9155588750363383,1.7392889657566313,0.6138984,0.5095817264579178,0.4985511
2026-05-13 10:35:00,2026-05-13 10:40:00,1,1194.15,1200.45,pivot,6.2999999999999545,0.171838,5.928161999999953,186737.10299999852,1.0,2026-05-13,1200.4,1201.3,1192.7,0.0,1202.5,1204.9,1199.15,0.0,2026,0.0,0.0,0.0,0.0,0.0,0.0,0.0,0.0,0.0,0.0,0.0,0.0,0.0,0.0,0.0,1.0,2.0,2.0,1,10,2,5,1.286393982932885,0.9989686696668032,3.8109476140921377,0.9989686696668032,0.0010313303331969,-0.000129578629577,-0.0001824955778487,0.0018124594032069,True,2.0307192871130955,0.995608843823306,2.9902100184838147,0.995608843823306,0.004391156176694,-0.0003405961614318,-0.000463002786633,0.0031944451131297,True,0.3799396662846163,1.0,5.582838203302937,1.0,0.0,-0.000571183683318,-0.000559850241861,0.0044827183845653,True,6.997749118435311e-09,1.0,6.844743247386562,1.0,0.0,-0.0007087850191918,-0.0006462799455739,0.0054736149726315,True,0.9989686696668032,0.0010313303331969,-3.8109476140921377,0.995608843823306,0.004391156176694,-2.9902100184838147,1.0,0.0,-5.582838203302937,1.0,0.0,-6.844743247386562,1,0,0,0.0,1,1,1,1,,0,1,1,0,0,0,0,1.0,1.0,0.0,0.0,0.0,,0.9979373393336063,3.8109476140921377,0.9912176876466119,2.9902100184838147,1.0,5.582838203302937,1.0,6.844743247386562,0.6028683,0.5520535000465525,0.5183039
2026-05-13 10:40:00,2026-05-13 11:00:00,1,1200.45,1200.25,pivot,-0.2000000000000454,0.172021,-0.5720210000000454,-18018.66150000143,1.0,2026-05-13,1202.5,1204.9,1199.15,0.0,1197.0,1202.15,1196.6,0.0,2026,0.0,0.0,0.0,0.0,0.0,0.0,0.0,0.0,0.0,0.0,0.0,0.0,0.0,0.0,0.0,1.0,2.0,2.0,0,10,2,5,281.2591251155611,0.6722747360029523,0.3317542599416449,0.6722747360029523,0.3277252639970477,-0.000129578629577,-0.0001824955778487,0.0018124594032069,True,11.156415698386583,0.9819732798627732,2.051302086843618,0.9819732798627732,0.0180267201372268,-0.0003405961614318,-0.000463002786633,0.0031944451131297,True,0.6247218748611848,0.99914920513424,4.50153201150854,0.99914920513424,0.0008507948657601,-0.000571183683318,-0.000559850241861,0.0044827183845653,True,6.348309128593871e-11,1.0,7.032445861016432,1.0,0.0,-0.0007087850191918,-0.0006462799455739,0.0054736149726315,True,0.6722747360029523,0.3277252639970477,-0.3317542599416449,0.9819732798627732,0.0180267201372268,-2.051302086843618,0.99914920513424,0.0008507948657601,-4.50153201150854,1.0,0.0,-7.032445861016432,1,0,0,0.0,1,1,1,1,,0,1,1,0,0,0,0,1.0,1.0,0.0,0.0,0.0,,0.3445494720059046,0.3317542599416449,0.9639465597255463,2.051302086843618,0.9982984102684799,4.50153201150854,1.0,7.032445861016432,0.54438317,0.5221431521089791,0.5108727
2026-05-13 11:00:00,2026-05-13 11:25:00,-1,1200.25,1202.2,pivot,-1.9500000000000453,0.1720735,-2.3220735000000454,-73145.31525000143,1.0,2026-05-13,1197.0,1202.15,1196.6,0.0,1202.25,1203.0,1201.0,0.0,2026,0.0,0.0,0.0,0.0,0.0,0.0,0.0,0.0,0.0,0.0,0.0,0.0,0.0,0.0,0.0,1.0,2.0,2.0,0,11,2,5,0.6298110529425122,0.0,-5.533337991049846,0.0,1.0,0.0001220711722234,0.0001614303509715,0.0015637920331067,True,33.27784638990734,0.0543361345518544,-1.5024272712356763,0.0543361345518544,0.9456638654481456,0.0004206669325156,0.0004862525566535,0.0027121599464148,True,12.409965937507357,0.9789982695322716,2.264759447083912,0.9789982695322716,0.0210017304677284,0.0009687718909271,0.0011629432216122,0.0033611399442397,True,2.0307699998498963e-14,1.0,5.757982437307925,1.0,0.0,0.002157609543261,0.0024258856656373,0.0046617046181543,True,1.0,0.0,-5.533337991049846,0.9456638654481456,0.0543361345518544,-1.5024272712356763,0.0210017304677284,0.9789982695322716,2.264759447083912,0.0,1.0,5.757982437307925,1,0,0,0.0,1,1,1,1,,0,1,1,0,0,0,0,1.0,1.0,0.0,0.0,0.0,,1.0,5.533337991049846,0.8913277308962912,1.5024272712356763,-0.9579965390645433,2.264759447083912,-1.0,5.757982437307925,0.6581356,0.5054477881226729,0.47949255
2026-05-13 11:30:00,2026-05-13 12:00:00,1,1202.15,1200.65,pivot,-1.5,0.172084,-1.8720839999999999,-58970.64599999999,1.0,2026-05-13,1206.6,1206.65,1201.8,0.0,1201.75,1203.55,1198.3,0.0,2026,0.0,0.0,0.0,0.0,0.0,0.0,0.0,0.0,0.0,0.0,0.0,0.0,0.0,0.0,0.0,1.0,2.0,2.0,0,11,2,5,216.87260415597945,0.7392198946635801,0.4822444810934641,0.7392198946635801,0.2607801053364199,0.0001220711722234,0.0001614303509715,0.0015637920331067,True,37.55539271749672,0.9431445978660796,1.496286204880997,0.9431445978660796,0.0568554021339203,0.0004206669325156,0.0004862525566535,0.0027121599464148,True,48.23348467991051,0.8803639617349411,1.1179626199621433,0.8803639617349411,0.1196360382650588,0.0009687718909271,0.0011629432216122,0.0033611399442397,True,5.958650967816203,0.9812901304057832,2.417528342209457,0.9812901304057832,0.0187098695942169,0.002157609543261,0.0024258856656373,0.0046617046181543,True,0.7392198946635801,0.2607801053364199,-0.4822444810934641,0.9431445978660796,0.0568554021339203,-1.496286204880997,0.8803639617349411,0.1196360382650588,-1.1179626199621433,0.9812901304057832,0.0187098695942169,-2.417528342209457,1,0,0,0.0,1,1,1,1,,0,1,1,0,0,0,0,1.0,1.0,0.0,0.0,0.0,,0.4784397893271602,0.4822444810934641,0.8862891957321594,1.496286204880997,0.7607279234698824,1.1179626199621433,0.9625802608115662,2.417528342209457,0.55179965,0.5173794614313976,0.46133527
2026-05-15 10:35:00,2026-05-15 10:55:00,-1,1227.95,1215.55,pivot,12.400000000000093,0.173305,12.02669500000009,378840.89250000287,1.0,2026-05-15,1231.8,1234.75,1227.95,0.0,1206.85,1218.6,1204.8,0.0,2026,0.0,0.0,0.0,0.0,0.0,0.0,0.0,0.0,0.0,0.0,0.0,0.0,0.0,0.0,0.0,1.0,1.0,1.0,1,10,4,5,10.27006879378123,0.0126395943870583,-2.341669172671041,0.0126395943870583,0.9873604056129416,-0.000110413105679,-8.032602477331566e-05,0.0020123849599327,True,14.047683887242504,0.0373212992708509,-1.8367554155807813,0.0373212992708509,0.9626787007291492,-0.0002438509837386,-0.0002531376731421,0.0038374916548573,True,7.274132700330551,0.0231282415191829,-2.079926390338858,0.0231282415191829,0.9768717584808172,-0.0004756162747039,-0.0004235749381016,0.0056524339104191,True,3.184083059837316,0.0149551904342457,-2.5998554815571007,0.0149551904342457,0.9850448095657542,-0.0013271035036923,-0.0008623558110632,0.0076343952782248,True,0.9873604056129416,0.0126395943870583,-2.341669172671041,0.9626787007291492,0.0373212992708509,-1.8367554155807813,0.9768717584808172,0.0231282415191829,-2.079926390338858,0.9850448095657542,0.0149551904342457,-2.5998554815571007,1,0,0,0.0,1,1,1,1,,0,1,1,0,1,0,0,1.0,1.0,0.0,0.0,0.0,,0.9747208112258833,2.341669172671041,0.9253574014582983,1.8367554155807813,0.9537435169616343,2.079926390338858,0.9700896191315086,2.5998554815571007,0.5348235,0.561866669379402,0.47811037
2026-05-15 11:25:00,2026-05-15 11:50:00,-1,1201.45,1205.7,pivot,-4.25,0.1722145,-4.6222145,-145599.75675,1.0,2026-05-15,1195.15,1206.8,1194.05,0.0,1205.7,1211.3,1204.4,0.0,2026,0.0,0.0,0.0,0.0,0.0,0.0,0.0,0.0,0.0,0.0,0.0,0.0,0.0,0.0,0.0,1.0,0.0,0.0,0,11,4,5,122.53999690140154,0.2913557495520252,-0.4086170522675383,0.2913557495520252,0.7086442504479747,-0.0002661648747661,-0.0001463516317855,0.0038440551305893,True,4.010298754875866,0.0249795722166903,-2.032173668873762,0.0249795722166903,0.9750204277833096,-0.0005817526714248,-0.0004967132661988,0.0063528523425207,True,1.4001842993434206,0.0130181794747908,-2.8937515448793887,0.0130181794747908,0.9869818205252092,-0.0013770214074746,-0.0013519652801901,0.008144654226047,True,0.6160943309302865,0.0143838500088377,-2.948699372542443,0.0143838500088377,0.9856161499911622,-0.0030123610274504,-0.0037396713415324,0.0108651208129153,True,0.7086442504479747,0.2913557495520252,-0.4086170522675383,0.9750204277833096,0.0249795722166903,-2.032173668873762,0.9869818205252092,0.0130181794747908,-2.8937515448793887,0.9856161499911622,0.0143838500088377,-2.948699372542443,1,0,0,0.0,1,1,1,1,,0,1,1,0,0,1,0,1.0,1.0,0.0,0.0,0.0,,0.41728850089594954,0.4086170522675383,0.9500408555666192,2.032173668873762,0.9739636410504184,2.8937515448793887,0.9712322999823245,2.948699372542443,0.530832,0.5618376877164069,0.53814125
2026-05-15 13:55:00,2026-05-15 14:20:00,1,1176.55,1178.35,pivot,1.7999999999999543,0.170647,1.4293529999999546,45024.61949999857,1.0,2026-05-15,1173.25,1176.8,1171.7,0.0,1174.45,1181.85,1174.25,0.0,2026,0.0,0.0,0.0,0.0,0.0,0.0,0.0,0.0,0.0,0.0,0.0,0.0,0.0,0.0,0.0,1.0,0.0,0.0,1,13,4,5,29.495508141211552,0.0731272390817806,-1.1267441436398835,0.0731272390817806,0.9268727609182194,-0.0002269615933968,-0.000155681224693,0.0040312993911495,True,28.139448039876708,0.1193082572689773,-0.9163341507017744,0.1193082572689773,0.8806917427310227,-0.0004650223181095,-0.0005211663351293,0.0065377459996741,True,28.23120538948501,0.154106756221746,-0.7747559925019953,0.154106756221746,0.845893243778254,-0.0012053369340164,-0.0014128033611818,0.0085928716626048,True,6.731072844116476,0.0705640103149754,-1.4364247329627158,0.0705640103149754,0.9294359896850244,-0.0031352397907084,-0.00425845309321,0.0116189703312919,True,0.0731272390817806,0.9268727609182194,1.1267441436398835,0.1193082572689773,0.8806917427310227,0.9163341507017744,0.154106756221746,0.845893243778254,0.7747559925019953,0.0705640103149754,0.9294359896850244,1.4364247329627158,1,0,0,0.0,1,1,1,1,,0,1,0,1,0,1,0,1.0,1.0,0.0,0.0,0.0,,-0.8537455218364387,1.1267441436398835,-0.7613834854620454,0.9163341507017744,-0.6917864875565081,0.7747559925019953,-0.858871979370049,1.4364247329627158,0.6698793,0.5400506425883712,0.5188081
2026-05-15 14:45:00,2026-05-15 14:55:00,1,1157.8,1154.5,pivot,-3.2999999999999545,0.169369,-3.669368999999955,-115585.12349999858,1.0,2026-05-15,1154.8,1159.9,1154.25,0.0,1149.7,1156.05,1149.0,0.0,2026,0.0,0.0,0.0,0.0,0.0,0.0,0.0,0.0,0.0,0.0,0.0,0.0,0.0,0.0,0.0,1.0,0.0,0.0,0,14,4,5,150.1494271726375,0.3850231744626495,-0.1965899554085872,0.3850231744626495,0.6149768255373504,-0.0002269615933968,-0.000155681224693,0.0040312993911495,True,5.083083021018817,0.0315085056270925,-1.8732431253993975,0.0315085056270925,0.9684914943729076,-0.0004650223181095,-0.0005211663351293,0.0065377459996741,True,11.622256992385172,0.0709832457707351,-1.27190644874049,0.0709832457707351,0.9290167542292648,-0.0012053369340164,-0.0014128033611818,0.0085928716626048,True,4.567783977096844,0.0517266816083596,-1.72691210991176,0.0517266816083596,0.9482733183916404,-0.0031352397907084,-0.00425845309321,0.0116189703312919,True,0.3850231744626495,0.6149768255373504,0.1965899554085872,0.0315085056270925,0.9684914943729076,1.8732431253993975,0.0709832457707351,0.9290167542292648,1.27190644874049,0.0517266816083596,0.9482733183916404,1.72691210991176,1,0,0,0.0,1,1,1,1,,0,1,0,1,0,1,0,1.0,1.0,0.0,0.0,0.0,,-0.22995365107470095,0.1965899554085872,-0.9369829887458151,1.8732431253993975,-0.8580335084585297,1.27190644874049,-0.8965466367832808,1.72691210991176,0.6194809,0.5020629095535719,0.5287667
2026-05-15 14:55:00,2026-05-15 15:25:00,-1,1154.5,1165.1,pivot,-10.599999999999907,0.169588,-10.969587999999908,-345542.0219999971,1.0,2026-05-15,1149.7,1156.05,1149.0,0.0,1165.0,1168.15,1164.5,0.0,2026,0.0,0.0,0.0,0.0,0.0,0.0,0.0,0.0,0.0,0.0,0.0,0.0,0.0,0.0,0.0,1.0,0.0,0.0,0,14,4,5,62.56689484593881,0.1020358806530393,-1.0754768973072275,0.1020358806530393,0.8979641193469607,-0.0002489959705932,-0.0002785510829892,0.0021534007647523,True,34.732666643116616,0.0990077915305413,-1.1598329576160122,0.0990077915305413,0.9009922084694588,-0.0006915793247465,-0.0008407914987825,0.0036317580719136,True,0.7230378208127278,0.005329157486945,-3.9123847237074094,0.005329157486945,0.994670842513055,-0.0012071125204979,-0.0016017462979116,0.0047506165829724,True,2.5693871580059198,0.0128474778820138,-2.9765392576582705,0.0128474778820138,0.9871525221179862,-0.0022007238582214,-0.0027994441102209,0.0059131356858564,True,0.8979641193469607,0.1020358806530393,-1.0754768973072275,0.9009922084694588,0.0990077915305413,-1.1598329576160122,0.994670842513055,0.005329157486945,-3.9123847237074094,0.9871525221179862,0.0128474778820138,-2.9765392576582705,1,0,0,0.0,1,1,1,1,,0,1,0,1,0,1,0,1.0,1.0,0.0,0.0,0.0,,0.7959282386939215,1.0754768973072275,0.8019844169389175,1.1598329576160122,0.9893416850261101,3.9123847237074094,0.9743050442359724,2.9765392576582705,0.5076469,0.5213310322645767,0.5873573
2026-05-15 15:25:00,2026-05-15 15:45:00,-1,1165.1,1172.7,eod,-7.600000000000136,0.170134,-7.970134000000137,-251059.2210000043,1.0,2026-05-15,1165.0,1168.15,1164.5,0.0,1172.7,1172.7,1172.7,0.0,2026,0.0,0.0,0.0,0.0,0.0,0.0,0.0,0.0,0.0,0.0,0.0,0.0,0.0,0.0,0.0,1.0,1.0,0.0,0,15,4,5,9.955546728105093,0.9692633417439848,1.681116272781442,0.9692633417439848,0.0307366582560153,-0.0002269615933968,-0.000155681224693,0.0040312993911495,True,4.609904503270268,0.975687361244057,1.999177372051904,0.975687361244057,0.024312638755943,-0.0004650223181095,-0.0005211663351293,0.0065377459996741,True,11.734150161590732,0.9365240171328284,1.3624945026559157,0.9365240171328284,0.0634759828671716,-0.0012053369340164,-0.0014128033611818,0.0085928716626048,True,26.337927578843512,0.2341811260703877,-0.4849479558265241,0.2341811260703877,0.7658188739296123,-0.0031352397907084,-0.00425845309321,0.0116189703312919,True,0.0307366582560153,0.9692633417439848,1.681116272781442,0.024312638755943,0.975687361244057,1.999177372051904,0.0634759828671716,0.9365240171328284,1.3624945026559157,0.7658188739296123,0.2341811260703877,-0.4849479558265241,1,0,0,0.0,1,1,1,1,,0,1,0,0,1,0,0,1.0,1.0,0.0,0.0,0.0,,-0.9385266834879694,1.681116272781442,-0.9513747224881139,1.999177372051904,-0.8730480342656568,1.3624945026559157,0.5316377478592247,0.4849479558265241,0.5610044,0.5024916579560366,0.64397454
2026-05-18 11:45:00,2026-05-18 11:50:00,-1,1184.3,1182.7,pivot,1.599999999999909,0.17101,1.2289899999999092,38713.18499999714,1.0,2026-05-18,1182.95,1189.25,1181.85,0.0,1176.5,1183.05,1174.45,0.0,2026,0.0,0.0,0.0,0.0,0.0,0.0,0.0,0.0,0.0,0.0,0.0,0.0,0.0,0.0,0.0,1.0,1.0,2.0,1,11,0,5,10.715337916424692,0.0174974631503896,-2.143543545703254,0.0174974631503896,0.9825025368496104,0.0001563413261212,0.0001342007848141,0.0022508428428869,True,5.836441366506239,0.0244896740426554,-2.2353758206777954,0.0244896740426554,0.9755103259573444,0.0004022673686253,0.0004032378048513,0.0038413521400987,True,34.989452651440246,0.8867118511831009,1.0320376785276346,0.8867118511831009,0.113288148816899,0.0009088040518724,0.0009711022264064,0.0051523554686756,True,3.082938857914308,0.9879351080480356,2.4957371363183216,0.9879351080480356,0.0120648919519643,0.0020333377015545,0.0022241274420573,0.0064739075467352,True,0.9825025368496104,0.0174974631503896,-2.143543545703254,0.9755103259573444,0.0244896740426554,-2.2353758206777954,0.113288148816899,0.8867118511831009,1.0320376785276346,0.0120648919519643,0.9879351080480356,2.4957371363183216,1,0,0,0.0,1,1,1,1,,0,1,1,0,1,0,0,1.0,1.0,0.0,0.0,0.0,,0.9650050736992208,2.143543545703254,0.951020651914689,2.2353758206777954,-0.773423702366202,1.0320376785276346,-0.9758702160960714,2.4957371363183216,0.5920023,0.5293605075149207,0.6825326
2026-05-18 13:50:00,2026-05-18 14:20:00,1,1173.9,1163.0,pivot,-10.900000000000093,0.170107,-11.270107000000092,-355008.3705000029,1.0,2026-05-18,1175.2,1175.55,1171.8,0.0,1169.95,1170.45,1162.9,0.0,2026,0.0,0.0,0.0,0.0,0.0,0.0,0.0,0.0,0.0,0.0,0.0,0.0,0.0,0.0,0.0,1.0,1.0,1.0,0,13,0,5,6.997411409950711,0.9915639441832236,2.7926559524065584,0.9915639441832236,0.0084360558167763,0.0001300778662668,0.0001739972010288,0.0016458282436628,True,49.246243003618616,0.9160798023146876,1.291372134834359,0.9160798023146876,0.0839201976853123,0.0004593933437559,0.0005290086209425,0.0027885295792093,True,6.768833520172231,0.0119567684804429,-2.633046532925065,0.0119567684804429,0.9880432315195572,0.0009864865853135,0.0011599168042025,0.003510281749461,True,15.798411288659675,0.0555962967685017,-1.4537498858127125,0.0555962967685017,0.9444037032314982,0.0021790733647819,0.0026093807385957,0.0048570242325007,True,0.9915639441832236,0.0084360558167763,-2.7926559524065584,0.9160798023146876,0.0839201976853123,-1.291372134834359,0.0119567684804429,0.9880432315195572,2.633046532925065,0.0555962967685017,0.9444037032314982,1.4537498858127125,1,0,0,0.0,1,1,1,1,,0,1,0,1,1,0,0,1.0,1.0,0.0,0.0,0.0,,0.9831278883664473,2.7926559524065584,0.8321596046293752,1.291372134834359,-0.9760864630391143,2.633046532925065,-0.8888074064629965,1.4537498858127125,0.5373319,0.5153951117656477,0.7008893
2026-05-19 13:10:00,2026-05-19 14:05:00,1,1132.2,1130.6,pivot,-1.6000000000001364,0.167884,-1.9678840000001365,-61988.3460000043,1.0,2026-05-19,1131.5,1134.6,1130.95,0.0,1134.65,1135.3,1126.75,0.0,2026,0.0,0.0,0.0,0.0,0.0,0.0,0.0,0.0,0.0,0.0,0.0,0.0,0.0,0.0,0.0,1.0,1.0,1.0,0,13,1,5,10.447351333800627,0.0167661122289549,-2.5227476470920127,0.0167661122289549,0.983233887771045,-0.0002489959705932,-0.0002785510829892,0.0021534007647523,True,7.762556574874438,0.0227724849407443,-2.220128982066719,0.0227724849407443,0.9772275150592556,-0.0006915793247465,-0.0008407914987825,0.0036317580719136,True,15.781349034156827,0.0523040028624226,-1.684082878662362,0.0523040028624226,0.9476959971375774,-0.0012071125204979,-0.0016017462979116,0.0047506165829724,True,16.414305590555124,0.9501223341704904,1.3773690417443871,0.9501223341704904,0.0498776658295095,-0.0022007238582214,-0.0027994441102209,0.0059131356858564,True,0.0167661122289549,0.983233887771045,2.5227476470920127,0.0227724849407443,0.9772275150592556,2.220128982066719,0.0523040028624226,0.9476959971375774,1.684082878662362,0.9501223341704904,0.0498776658295095,-1.3773690417443871,1,0,0,0.0,1,1,1,1,,0,1,0,1,1,0,0,1.0,1.0,0.0,0.0,0.0,,-0.9664677755420902,2.5227476470920127,-0.9544550301185113,2.220128982066719,-0.8953919942751547,1.684082878662362,0.9002446683409809,1.3773690417443871,0.53317475,0.5599524477032565,0.69009924
2026-05-20 12:30:00,2026-05-20 12:35:00,1,1110.0,1108.15,pivot,-1.849999999999909,0.1665445,-2.2165444999999093,-69821.15174999714,1.0,2026-05-20,1108.4,1110.6,1105.45,0.0,1111.5,1114.6,1107.8,0.0,2026,0.0,0.0,0.0,0.0,0.0,0.0,0.0,0.0,0.0,0.0,0.0,0.0,0.0,0.0,0.0,1.0,1.0,0.0,0,12,2,5,26.72152938778981,0.067857999302677,-1.1725221395686816,0.067857999302677,0.9321420006973228,-0.0002269615933968,-0.000155681224693,0.0040312993911495,True,6.067076880593759,0.0349191213494351,-1.780521590667255,0.0349191213494351,0.9650808786505648,-0.0004650223181095,-0.0005211663351293,0.0065377459996741,True,34.8913774254603,0.1910508878043581,-0.6397178050415032,0.1910508878043581,0.8089491121956419,-0.0012053369340164,-0.0014128033611818,0.0085928716626048,True,1.5534499400271111,0.0236935470262938,-2.536574511343895,0.0236935470262938,0.976306452973706,-0.0031352397907084,-0.00425845309321,0.0116189703312919,True,0.067857999302677,0.9321420006973228,1.1725221395686816,0.0349191213494351,0.9650808786505648,1.780521590667255,0.1910508878043581,0.8089491121956419,0.6397178050415032,0.0236935470262938,0.976306452973706,2.536574511343895,1,0,0,0.0,1,1,1,1,,0,1,0,1,1,0,0,1.0,1.0,0.0,0.0,0.0,,-0.8642840013946458,1.1725221395686816,-0.9301617573011297,1.780521590667255,-0.6178982243912838,0.6397178050415032,-0.9526129059474122,2.536574511343895,0.5459857,0.522962529398188,0.7106528
2026-05-20 14:00:00,2026-05-20 14:45:00,1,1110.85,1114.3,pivot,3.450000000000045,0.1667545,3.083245500000046,97122.23325000145,1.0,2026-05-20,1115.9,1120.4,1110.8,0.0,1113.55,1114.5,1112.75,0.0,2026,0.0,0.0,0.0,0.0,0.0,0.0,0.0,0.0,0.0,0.0,0.0,0.0,0.0,0.0,0.0,1.0,1.0,2.0,1,14,2,5,84.96627654410864,0.1870982805871035,-0.6076883642679317,0.1870982805871035,0.8129017194128965,-0.0002269615933968,-0.000155681224693,0.0040312993911495,True,35.59007392414244,0.1497734945971267,-0.7710428995514758,0.1497734945971267,0.8502265054028733,-0.0004650223181095,-0.0005211663351293,0.0065377459996741,True,22.41247489259557,0.122401959039757,-0.9193183796156656,0.122401959039757,0.877598040960243,-0.0012053369340164,-0.0014128033611818,0.0085928716626048,True,37.981761775469735,0.7512281939331136,0.5564103862030118,0.7512281939331136,0.2487718060668864,-0.0031352397907084,-0.00425845309321,0.0116189703312919,True,0.1870982805871035,0.8129017194128965,0.6076883642679317,0.1497734945971267,0.8502265054028733,0.7710428995514758,0.122401959039757,0.877598040960243,0.9193183796156656,0.7512281939331136,0.2487718060668864,-0.5564103862030118,1,0,0,0.0,1,1,1,1,,0,1,0,1,1,0,0,1.0,1.0,0.0,0.0,0.0,,-0.6258034388257929,0.6076883642679317,-0.7004530108057465,0.7710428995514758,-0.7551960819204859,0.9193183796156656,0.5024563878662271,0.5564103862030118,0.54100394,0.5068063168325606,0.74209064
2026-05-22 15:10:00,2026-05-22 15:45:00,-1,1227.35,1228.15,eod,-0.8000000000001819,0.173665,-1.1736650000001818,-36970.44750000573,1.0,2026-05-22,1226.85,1227.5,1225.95,0.0,1228.15,1228.15,1228.15,0.0,2026,0.0,0.0,0.0,0.0,0.0,0.0,0.0,0.0,0.0,0.0,0.0,0.0,0.0,0.0,0.0,1.0,1.0,1.0,0,15,4,5,97.40165678524563,0.8977052352716995,1.156780567648671,0.8977052352716995,0.1022947647283004,0.0001300778662668,0.0001739972010288,0.0016458282436628,True,38.001425766382376,0.0727068543293298,-1.3263561591017656,0.0727068543293298,0.9272931456706702,0.0004593933437559,0.0005290086209425,0.0027885295792093,True,33.38906351938382,0.084067544050683,-1.2680457598478485,0.084067544050683,0.9159324559493168,0.0009864865853135,0.0011599168042025,0.003510281749461,True,31.214079055705646,0.0910003116082967,-1.131333960847277,0.0910003116082967,0.9089996883917032,0.0021790733647819,0.0026093807385957,0.0048570242325007,True,0.1022947647283004,0.8977052352716995,1.156780567648671,0.9272931456706702,0.0727068543293298,-1.3263561591017656,0.9159324559493168,0.084067544050683,-1.2680457598478485,0.9089996883917032,0.0910003116082967,-1.131333960847277,1,0,0,0.0,1,1,1,1,,0,1,0,0,1,0,0,1.0,1.0,0.0,0.0,0.0,,-0.7954104705433991,1.156780567648671,0.8545862913413405,1.3263561591017656,0.8318649118986339,1.2680457598478485,0.8179993767834065,1.131333960847277,0.52854097,0.5263288876819725,0.7640327
2026-05-26 14:45:00,2026-05-26 15:25:00,-1,1269.6,1264.0,pivot,5.599999999999909,0.176008,5.2239919999999085,164555.7479999971,1.0,2026-05-26,1269.7,1271.1,1268.65,0.0,1263.65,1265.4,1263.15,0.0,2026,0.0,0.0,0.0,0.0,0.0,0.0,0.0,0.0,0.0,0.0,0.0,0.0,0.0,0.0,0.0,1.0,1.0,1.0,1,14,1,5,312.2990983182921,0.6037205603989078,0.1577702285402766,0.6037205603989078,0.3962794396010922,0.0001300778662668,0.0001739972010288,0.0016458282436628,True,193.47519332421447,0.5493150125332049,0.0648064191768682,0.5493150125332049,0.4506849874667951,0.0004593933437559,0.0005290086209425,0.0027885295792093,True,150.9299529995162,0.4299388326934398,-0.1844266323817283,0.4299388326934398,0.5700611673065601,0.0009864865853135,0.0011599168042025,0.003510281749461,True,26.543571294447688,0.0810287967075486,-1.2016010695038215,0.0810287967075486,0.9189712032924514,0.0021790733647819,0.0026093807385957,0.0048570242325007,True,0.3962794396010922,0.6037205603989078,0.1577702285402766,0.4506849874667951,0.5493150125332049,0.0648064191768682,0.5700611673065601,0.4299388326934398,-0.1844266323817283,0.9189712032924514,0.0810287967075486,-1.2016010695038215,1,0,0,0.0,1,1,1,1,,0,1,0,1,1,0,0,1.0,1.0,0.0,0.0,0.0,,-0.20744112079781557,0.1577702285402766,-0.09863002506640983,0.0648064191768682,0.1401223346131203,0.1844266323817283,0.8379424065849028,1.2016010695038215,0.5074542,0.5109789362279423,0.75017905
2026-05-27 13:15:00,2026-05-27 13:40:00,1,1336.7,1323.15,pivot,-13.549999999999956,0.1797955,-13.929795499999956,-438788.5582499986,1.0,2026-05-27,1331.0,1337.25,1330.95,0.0,1325.35,1325.9,1320.45,0.0,2026,0.0,0.0,0.0,0.0,0.0,0.0,0.0,0.0,0.0,0.0,0.0,0.0,0.0,0.0,0.0,1.0,1.0,1.0,0,13,2,5,242.343523330672,0.463490931287127,-0.0651417080524169,0.463490931287127,0.5365090687128731,0.0001507468076022,0.0001427803269932,0.0021918419283438,True,115.18438004775166,0.3264874666105414,-0.3456835618668197,0.3264874666105414,0.6735125333894585,0.0004306230187282,0.0003502708448158,0.0037198243993486,True,35.37632714205258,0.1162309259188958,-1.1075635198729157,0.1162309259188958,0.8837690740811042,0.0008413025514226,0.0008498514036118,0.0047139453684341,True,35.525205250324575,0.1373467658910743,-0.9074123995648558,0.1373467658910743,0.8626532341089257,0.0018180138572274,0.0019881764003557,0.0067205762948667,True,0.463490931287127,0.5365090687128731,0.0651417080524169,0.3264874666105414,0.6735125333894585,0.3456835618668197,0.1162309259188958,0.8837690740811042,1.1075635198729157,0.1373467658910743,0.8626532341089257,0.9074123995648558,1,0,0,0.0,1,1,1,1,,0,1,0,1,1,0,0,1.0,1.0,0.0,0.0,0.0,,-0.07301813742574609,0.0651417080524169,-0.3470250667789171,0.3456835618668197,-0.7675381481622083,1.1075635198729157,-0.7253064682178514,0.9074123995648558,0.5845006,0.5023838554485986,0.7177899
2026-05-27 13:40:00,2026-05-27 13:45:00,1,1323.15,1325.55,pivot,2.399999999999864,0.1794609999999999,2.0205389999998635,63646.978499995705,1.0,2026-05-27,1325.35,1325.9,1320.45,0.0,1327.1,1328.4,1324.15,0.0,2026,0.0,0.0,0.0,0.0,0.0,0.0,0.0,0.0,0.0,0.0,0.0,0.0,0.0,0.0,0.0,1.0,1.0,0.0,1,13,2,5,33.81882324027138,0.9427044619258534,1.5100469883173693,0.9427044619258534,0.0572955380741465,-0.000110413105679,-8.032602477331566e-05,0.0020123849599327,True,9.692451491090496,0.0272352359419547,-2.057114953541836,0.0272352359419547,0.9727647640580452,-0.0002438509837386,-0.0002531376731421,0.0038374916548573,True,8.099260371412596,0.0287915970756717,-1.9503204116505963,0.0287915970756717,0.9712084029243282,-0.0004756162747039,-0.0004235749381016,0.0056524339104191,True,4.19641199551844,0.0303907812061526,-2.0664653395981167,0.0303907812061526,0.9696092187938472,-0.0013271035036923,-0.0008623558110632,0.0076343952782248,True,0.9427044619258534,0.0572955380741465,-1.5100469883173693,0.0272352359419547,0.9727647640580452,2.057114953541836,0.0287915970756717,0.9712084029243282,1.9503204116505963,0.0303907812061526,0.9696092187938472,2.0664653395981167,1,0,0,0.0,1,1,1,1,,0,1,0,1,1,0,0,1.0,1.0,0.0,0.0,0.0,,0.8854089238517069,1.5100469883173693,-0.9455295281160906,2.057114953541836,-0.9424168058486565,1.9503204116505963,-0.9392184375876946,2.0664653395981167,0.5899498,0.5101817127362357,0.68159366
2026-05-27 14:15:00,2026-05-27 14:35:00,-1,1315.45,1317.35,pivot,-1.899999999999864,0.178984,-2.2789839999998636,-71787.9959999957,1.0,2026-05-27,1314.5,1315.55,1310.55,0.0,1315.65,1322.7,1315.45,0.0,2026,0.0,0.0,0.0,0.0,0.0,0.0,0.0,0.0,0.0,0.0,0.0,0.0,0.0,0.0,0.0,1.0,0.0,0.0,0,14,2,5,315.30878345786846,0.5339038032361382,0.0679161216569648,0.5339038032361382,0.4660961967638618,-0.0001069985148417,-0.0001322486631791,0.0019472352064969,True,27.498754635343914,0.0666490648042673,-1.4600432470218407,0.0666490648042673,0.9333509351957326,-0.0003358895109858,-0.0003619471569104,0.0034729063478068,True,117.11772172598307,0.4254179256017046,-0.1654064902428245,0.4254179256017046,0.5745820743982955,-0.0005060348867784,-0.0002971528837183,0.0050606402299578,True,9.340584731354786,0.0483800719039581,-1.5240307084153193,0.0483800719039581,0.951619928096042,-0.0006224315571759,-0.0002556998663851,0.0065737234732237,True,0.4660961967638618,0.5339038032361382,0.0679161216569648,0.9333509351957326,0.0666490648042673,-1.4600432470218407,0.5745820743982955,0.4254179256017046,-0.1654064902428245,0.951619928096042,0.0483800719039581,-1.5240307084153193,1,0,0,0.0,1,1,1,1,,0,1,0,1,0,1,0,1.0,1.0,0.0,0.0,0.0,,-0.06780760647227635,0.0679161216569648,0.8667018703914653,1.4600432470218407,0.14916414879659085,0.1654064902428245,0.9032398561920839,1.5240307084153193,0.588436,0.5253092097545766,0.6583833
2026-05-27 14:45:00,2026-05-27 15:10:00,1,1324.1,1309.95,pivot,-14.149999999999864,0.1790215,-14.529021499999864,-457664.1772499957,1.0,2026-05-27,1310.25,1325.0,1310.25,0.0,1313.3,1314.45,1306.7,0.0,2026,0.0,0.0,0.0,0.0,0.0,0.0,0.0,0.0,0.0,0.0,0.0,0.0,0.0,0.0,0.0,1.0,1.0,0.0,0,14,2,5,149.84811876403316,0.1972175546802915,-0.6147220807837365,0.1972175546802915,0.8027824453197084,-0.0001069985148417,-0.0001322486631791,0.0019472352064969,True,40.21852942077615,0.106774884488964,-1.10789837354919,0.106774884488964,0.8932251155110359,-0.0003358895109858,-0.0003619471569104,0.0034729063478068,True,42.40817648360006,0.1434380656605909,-0.8553508982354436,0.1434380656605909,0.8565619343394091,-0.0005060348867784,-0.0002971528837183,0.0050606402299578,True,34.95670608420087,0.1362218558530729,-0.8373172112626145,0.1362218558530729,0.863778144146927,-0.0006224315571759,-0.0002556998663851,0.0065737234732237,True,0.1972175546802915,0.8027824453197084,0.6147220807837365,0.106774884488964,0.8932251155110359,1.10789837354919,0.1434380656605909,0.8565619343394091,0.8553508982354436,0.1362218558530729,0.863778144146927,0.8373172112626145,1,0,0,0.0,1,1,1,1,,0,1,0,1,1,0,0,1.0,1.0,0.0,0.0,0.0,,-0.6055648906394169,0.6147220807837365,-0.7864502310220719,1.10789837354919,-0.7131238686788182,0.8553508982354436,-0.7275562882938541,0.8373172112626145,0.6053399,0.5281504368170893,0.6480632
2026-05-28 12:55:00,2026-05-28 13:20:00,-1,1265.3,1239.5,pivot,25.799999999999955,0.175144,25.424855999999956,800882.9639999986,1.0,2026-05-28,1259.05,1265.3,1258.3,0.0,1242.2,1243.15,1237.5,0.0,2026,0.0,0.0,0.0,0.0,0.0,0.0,0.0,0.0,0.0,0.0,0.0,0.0,0.0,0.0,0.0,1.0,0.0,0.0,1,12,3,5,17.508379476867844,0.9747132597513668,2.116882957747547,0.9747132597513668,0.025286740248633,-0.0002489959705932,-0.0002785510829892,0.0021534007647523,True,75.11263938686969,0.1926639463702662,-0.6707558730122396,0.1926639463702662,0.8073360536297337,-0.0006915793247465,-0.0008407914987825,0.0036317580719136,True,6.313316575480269,0.0241112892715929,-2.244051922122946,0.0241112892715929,0.9758887107284072,-0.0012071125204979,-0.0016017462979116,0.0047506165829724,True,3.128451606347715,0.0188930773868111,-2.621175095150197,0.0188930773868111,0.9811069226131888,-0.0022007238582214,-0.0027994441102209,0.0059131356858564,True,0.025286740248633,0.9747132597513668,2.116882957747547,0.8073360536297337,0.1926639463702662,-0.6707558730122396,0.9758887107284072,0.0241112892715929,-2.244051922122946,0.9811069226131888,0.0188930773868111,-2.621175095150197,1,0,0,0.0,1,1,1,1,,0,1,0,1,0,1,0,1.0,1.0,0.0,0.0,0.0,,-0.9494265195027338,2.116882957747547,0.6146721072594675,0.6707558730122396,0.9517774214568143,2.244051922122946,0.9622138452263777,2.621175095150197,0.5607377,0.5911268241694282,0.6579914
2026-05-28 13:20:00,2026-05-28 13:25:00,-1,1239.5,1242.3,pivot,-2.7999999999999545,0.174454,-3.1744539999999546,-99995.30099999857,1.0,2026-05-28,1242.2,1243.15,1237.5,0.0,1247.2,1249.6,1239.55,0.0,2026,0.0,0.0,0.0,0.0,0.0,0.0,0.0,0.0,0.0,0.0,0.0,0.0,0.0,0.0,0.0,1.0,0.0,0.0,0,13,3,5,3.50698228882906,0.006661321060239,-3.271772122743261,0.006661321060239,0.9933386789397608,-0.0002489959705932,-0.0002785510829892,0.0021534007647523,True,3.34340853498122,0.0112744410534744,-2.913732160548686,0.0112744410534744,0.9887255589465256,-0.0006915793247465,-0.0008407914987825,0.0036317580719136,True,8.503452254576239,0.0306040795513441,-2.0589542543177237,0.0306040795513441,0.969395920448656,-0.0012071125204979,-0.0016017462979116,0.0047506165829724,True,0.8171119031817291,0.0025536894098715,-4.539588358313796,0.0025536894098715,0.9974463105901284,-0.0022007238582214,-0.0027994441102209,0.0059131356858564,True,0.9933386789397608,0.006661321060239,-3.271772122743261,0.9887255589465256,0.0112744410534744,-2.913732160548686,0.969395920448656,0.0306040795513441,-2.0589542543177237,0.9974463105901284,0.0025536894098715,-4.539588358313796,1,0,0,0.0,1,1,1,1,,0,1,0,1,0,1,0,1.0,1.0,0.0,0.0,0.0,,0.9866773578795218,3.271772122743261,0.9774511178930512,2.913732160548686,0.9387918408973118,2.0589542543177237,0.9948926211802569,4.539588358313796,0.6173791,0.5431329986254484,0.6647163
2026-05-28 13:25:00,2026-05-28 13:45:00,1,1242.3,1254.4,pivot,12.100000000000136,0.174901,11.725099000000137,369340.6185000043,1.0,2026-05-28,1247.2,1249.6,1239.55,0.0,1251.65,1255.5,1249.9,0.0,2026,0.0,0.0,0.0,0.0,0.0,0.0,0.0,0.0,0.0,0.0,0.0,0.0,0.0,0.0,0.0,1.0,0.0,0.0,1,13,3,5,24.6420535061626,0.0454211630569421,-1.795953911140375,0.0454211630569421,0.954578836943058,-0.0002489959705932,-0.0002785510829892,0.0021534007647523,True,9.864456017648518,0.026236106192243,-2.1130262350577973,0.026236106192243,0.973763893807757,-0.0006915793247465,-0.0008407914987825,0.0036317580719136,True,0.6972189379992618,0.0055978214047204,-3.832598950464208,0.0055978214047204,0.9944021785952796,-0.0012071125204979,-0.0016017462979116,0.0047506165829724,True,0.7331724263530347,0.0002364523411187,-4.950315440902809,0.0002364523411187,0.9997635476588812,-0.0022007238582214,-0.0027994441102209,0.0059131356858564,True,0.0454211630569421,0.954578836943058,1.795953911140375,0.026236106192243,0.973763893807757,2.1130262350577973,0.0055978214047204,0.9944021785952796,3.832598950464208,0.0002364523411187,0.9997635476588812,4.950315440902809,1,0,0,0.0,1,1,1,1,,0,1,0,1,0,1,0,1.0,1.0,0.0,0.0,0.0,,-0.9091576738861159,1.795953911140375,-0.9475277876155139,2.1130262350577973,-0.9888043571905591,3.832598950464208,-0.9995270953177625,4.950315440902809,0.6191008,0.5276725784842192,0.6592173
2026-05-28 13:45:00,2026-05-28 14:20:00,-1,1254.4,1262.65,pivot,-8.25,0.1755115,-8.6255115,-271703.61225,1.0,2026-05-28,1251.65,1255.5,1249.9,0.0,1270.7,1270.7,1262.15,0.0,2026,0.0,0.0,0.0,0.0,0.0,0.0,0.0,0.0,0.0,0.0,0.0,0.0,0.0,0.0,0.0,1.0,1.0,0.0,0,13,3,5,29.589443210242116,0.9450341848949848,1.5365725165185564,0.9450341848949848,0.054965815105015,-0.0002489959705932,-0.0002785510829892,0.0021534007647523,True,1.914583044887868,0.9935948616356292,3.2516586082614944,0.9935948616356292,0.0064051383643708,-0.0006915793247465,-0.0008407914987825,0.0036317580719136,True,83.44715595416979,0.8078969618153661,0.6726493434461236,0.8078969618153661,0.1921030381846339,-0.0012071125204979,-0.0016017462979116,0.0047506165829724,True,86.18647868527651,0.4371511025675193,-0.0173551172899965,0.4371511025675193,0.5628488974324807,-0.0022007238582214,-0.0027994441102209,0.0059131356858564,True,0.054965815105015,0.9450341848949848,1.5365725165185564,0.0064051383643708,0.9935948616356292,3.2516586082614944,0.1921030381846339,0.8078969618153661,0.6726493434461236,0.5628488974324807,0.4371511025675193,-0.0173551172899965,1,0,0,0.0,1,1,1,1,,0,1,0,1,1,0,0,1.0,1.0,0.0,0.0,0.0,,-0.8900683697899698,1.5365725165185564,-0.9871897232712583,3.2516586082614944,-0.6157939236307322,0.6726493434461236,0.12569779486496135,0.0173551172899965,0.5992383,0.5102311367938636,0.6699684
2026-05-28 14:20:00,2026-05-28 14:55:00,1,1262.65,1283.75,pivot,21.09999999999991,0.176392,20.723607999999906,652793.6519999971,1.0,2026-05-28,1270.7,1270.7,1262.15,0.0,1282.6,1284.05,1280.8,0.0,2026,0.0,0.0,0.0,0.0,0.0,0.0,0.0,0.0,0.0,0.0,0.0,0.0,0.0,0.0,0.0,1.0,2.0,1.0,1,14,3,5,5.87644115683226,0.9914657760318089,2.816095609302638,0.9914657760318089,0.0085342239681911,-0.0002489959705932,-0.0002785510829892,0.0021534007647523,True,2.5215815426445216,0.991113287124314,2.9320482452157863,0.991113287124314,0.0088867128756859,-0.0006915793247465,-0.0008407914987825,0.0036317580719136,True,3.489684628315772,0.9886216373442904,2.191794643539005,0.9886216373442904,0.0113783626557096,-0.0012071125204979,-0.0016017462979116,0.0047506165829724,True,1.7141067718919023,0.9962550791649192,3.255973873010191,0.9962550791649192,0.0037449208350807,-0.0022007238582214,-0.0027994441102209,0.0059131356858564,True,0.9914657760318089,0.0085342239681911,-2.816095609302638,0.991113287124314,0.0088867128756859,-2.9320482452157863,0.9886216373442904,0.0113783626557096,-2.191794643539005,0.9962550791649192,0.0037449208350807,-3.255973873010191,1,0,0,0.0,1,1,1,1,,0,1,0,1,0,0,0,1.0,1.0,0.0,0.0,0.0,,0.9829315520636177,2.816095609302638,0.9822265742486281,2.9320482452157863,0.9772432746885809,2.191794643539005,0.9925101583298385,3.255973873010191,0.515703,0.5899040310424397,0.6792351
2026-05-28 14:55:00,2026-05-28 15:45:00,1,1283.75,1294.25,eod,10.5,0.17734,10.122660000000002,318863.79000000004,1.0,2026-05-28,1282.6,1284.05,1280.8,0.0,1294.25,1294.25,1294.25,0.0,2026,0.0,0.0,0.0,0.0,0.0,0.0,0.0,0.0,0.0,0.0,0.0,0.0,0.0,0.0,0.0,1.0,2.0,2.0,1,14,3,5,13.013337362722488,0.9804545771099296,2.283176240555493,0.9804545771099296,0.0195454228900703,-0.0001071738191224,-0.0001378540399803,0.0020475687963755,True,62.72377964022814,0.8532337941933692,0.8557027886868458,0.8532337941933692,0.1467662058066308,-0.0003524303209264,-0.0003637808762597,0.0035761196938846,True,3.063552733456823,0.982614454657585,2.8141511717265413,0.982614454657585,0.0173855453424149,-0.0005415576439892,-0.0002598840271786,0.0052606148932121,True,1.7115100471148623,0.9932555472968896,3.433445785438875,0.9932555472968896,0.0067444527031105,-0.0006093675766305,-0.0001285198834506,0.0068450193702185,True,0.9804545771099296,0.0195454228900703,-2.283176240555493,0.8532337941933692,0.1467662058066308,-0.8557027886868458,0.982614454657585,0.0173855453424149,-2.8141511717265413,0.9932555472968896,0.0067444527031105,-3.433445785438875,1,0,0,0.0,1,1,1,1,,0,1,0,1,0,0,0,1.0,1.0,0.0,0.0,0.0,,0.9609091542198592,2.283176240555493,0.7064675883867384,0.8557027886868458,0.9652289093151701,2.8141511717265413,0.9865110945937791,3.433445785438875,0.50768554,0.5278781929006011,0.7303879
2026-05-29 15:05:00,2026-05-29 15:25:00,-1,1343.3,1345.3,pivot,-2.0,0.1806579999999999,-2.3806580000000004,-74990.72700000001,1.0,2026-05-29,1343.45,1344.55,1343.1,0.0,1348.35,1348.4,1343.05,0.0,2026,0.0,0.0,0.0,0.0,0.0,0.0,0.0,0.0,0.0,0.0,0.0,0.0,0.0,0.0,0.0,1.0,1.0,1.0,0,15,4,5,246.66192070134255,0.2601735014341003,-0.4681805061602869,0.2601735014341003,0.7398264985658998,0.0001300778662668,0.0001739972010288,0.0016458282436628,True,34.99357647362501,0.0646745062098044,-1.4047326430046487,0.0646745062098044,0.9353254937901956,0.0004593933437559,0.0005290086209425,0.0027885295792093,True,25.950626620983392,0.0623772263954398,-1.475586243498184,0.0623772263954398,0.93762277360456,0.0009864865853135,0.0011599168042025,0.003510281749461,True,41.9872579788324,0.1136028125090134,-1.0051036241770257,0.1136028125090134,0.8863971874909866,0.0021790733647819,0.0026093807385957,0.0048570242325007,True,0.7398264985658998,0.2601735014341003,-0.4681805061602869,0.9353254937901956,0.0646745062098044,-1.4047326430046487,0.93762277360456,0.0623772263954398,-1.475586243498184,0.8863971874909866,0.1136028125090134,-1.0051036241770257,1,0,0,0.0,1,1,1,1,,0,1,0,0,1,0,0,1.0,1.0,0.0,0.0,0.0,,0.4796529971317995,0.4681805061602869,0.8706509875803912,1.4047326430046487,0.8752455472091203,1.475586243498184,0.7727943749819732,1.0051036241770257,0.55061185,0.5004399095425373,0.7528572
2026-06-01 14:55:00,2026-06-01 15:45:00,-1,1411.95,1417.7,eod,-5.75,0.1848895,-6.134889500000001,-193249.01925,1.0,2026-06-01,1412.15,1414.95,1410.0,0.0,1417.7,1417.7,1417.7,0.0,2026,0.0,0.0,0.0,0.0,0.0,0.0,0.0,0.0,0.0,0.0,0.0,0.0,0.0,0.0,0.0,1.0,1.0,1.0,0,14,0,6,26.41630467737312,0.9762697739914216,1.950724191622107,0.9762697739914216,0.0237302260085784,0.0001219411028181,0.0001808324372378,0.001704316115822,True,1.0062278270264322,0.9958358968738112,3.717471398698319,0.9958358968738112,0.0041641031261888,0.0004629071894288,0.0005724347317072,0.0028387067311563,True,152.23443909817004,0.4687268626056916,-0.103151331012616,0.4687268626056916,0.5312731373943085,0.0009860338393875,0.001141855140021,0.0035280219931739,True,42.96704614653055,0.1156732839194269,-0.9952105104557912,0.1156732839194269,0.884326716080573,0.0021790733647819,0.0026093807385957,0.0048570242325007,True,0.0237302260085784,0.9762697739914216,1.950724191622107,0.0041641031261888,0.9958358968738112,3.717471398698319,0.5312731373943085,0.4687268626056916,-0.103151331012616,0.884326716080573,0.1156732839194269,-0.9952105104557912,1,0,0,0.0,1,1,1,1,,0,1,0,1,1,0,0,1.0,1.0,0.0,0.0,0.0,,-0.9525395479828431,1.950724191622107,-0.9916717937476225,3.717471398698319,0.0625462747886169,0.103151331012616,0.7686534321611461,0.9952105104557912,0.5133525,0.5108056908634083,0.7203859
2026-06-02 11:00:00,2026-06-02 11:25:00,-1,1365.5,1374.25,pivot,-8.75,0.1821925,-9.132192499999999,-287664.06375,1.0,2026-06-02,1368.35,1372.35,1364.75,0.0,1376.5,1380.4,1372.3,0.0,2026,0.0,0.0,0.0,0.0,0.0,0.0,0.0,0.0,0.0,0.0,0.0,0.0,0.0,0.0,0.0,1.0,0.0,0.0,0,11,1,6,147.55899270703046,0.6395886710509069,0.2192086083847918,0.6395886710509069,0.3604113289490931,-0.0002368728646149,-0.0001343774102278,0.0034359990673319,True,5.373580356211744,0.02687656540026,-1.9014070428296277,0.02687656540026,0.97312343459974,-0.0003355570957819,-0.0003429751611654,0.005984227714857,True,8.75344173047994,0.0511040842301161,-1.5157598457392607,0.0511040842301161,0.948895915769884,-0.0010986407657697,-0.0012155155742496,0.0077847771010622,True,48.56378571848568,0.4832005996471964,0.0613872699441689,0.4832005996471964,0.5167994003528036,-0.003143995545695,-0.0042340060672795,0.0121628508246582,True,0.3604113289490931,0.6395886710509069,0.2192086083847918,0.97312343459974,0.02687656540026,-1.9014070428296277,0.948895915769884,0.0511040842301161,-1.5157598457392607,0.5167994003528036,0.4832005996471964,0.0613872699441689,1,0,0,0.0,1,1,1,1,,0,1,1,0,0,1,0,1.0,1.0,0.0,0.0,0.0,,-0.2791773421018138,0.2192086083847918,0.9462468691994801,1.9014070428296277,0.8977918315397678,1.5157598457392607,0.03359880070560717,0.0613872699441689,0.58428276,0.5014710665142084,0.6890112
2026-06-02 14:30:00,2026-06-02 15:00:00,1,1399.25,1406.75,pivot,7.5,0.18418,7.115819999999999,224148.33,1.0,2026-06-02,1406.7,1406.7,1399.2,0.0,1402.35,1407.6,1401.8,0.0,2026,0.0,0.0,0.0,0.0,0.0,0.0,0.0,0.0,0.0,0.0,0.0,0.0,0.0,0.0,0.0,1.0,2.0,2.0,1,14,1,6,20.845795118824768,0.9813845311987812,2.07823348578255,0.9813845311987812,0.0186154688012187,0.0001219411028181,0.0001808324372378,0.001704316115822,True,53.52270495105277,0.913821293847986,1.1982344034456691,0.913821293847986,0.086178706152014,0.0004629071894288,0.0005724347317072,0.0028387067311563,True,5.157457318671707,0.9867723263366852,2.638840597554981,0.9867723263366852,0.0132276736633148,0.0009860338393875,0.001141855140021,0.0035280219931739,True,2.3288214136579217,0.9942884770928512,3.1067496496093794,0.9942884770928512,0.0057115229071488,0.0021790733647819,0.0026093807385957,0.0048570242325007,True,0.9813845311987812,0.0186154688012187,-2.07823348578255,0.913821293847986,0.086178706152014,-1.1982344034456691,0.9867723263366852,0.0132276736633148,-2.638840597554981,0.9942884770928512,0.0057115229071488,-3.1067496496093794,1,0,0,0.0,1,1,1,1,,0,1,0,1,0,0,0,1.0,1.0,0.0,0.0,0.0,,0.9627690623975625,2.07823348578255,0.8276425876959721,1.1982344034456691,0.9735446526733704,2.638840597554981,0.9885769541857024,3.1067496496093794,0.52762854,0.5554665619785539,0.67015636
2026-06-04 14:55:00,2026-06-04 15:20:00,1,1386.2,1383.45,pivot,-2.75,0.1830895,-3.1330895,-98692.31925,1.0,2026-06-04,1388.8,1389.0,1384.15,0.0,1386.7,1388.2,1383.0,0.0,2026,0.0,0.0,0.0,0.0,0.0,0.0,0.0,0.0,0.0,0.0,0.0,0.0,0.0,0.0,0.0,1.0,1.0,1.0,0,14,3,6,6.507525985477833,0.0123775269255664,-2.7721245974673563,0.0123775269255664,0.9876224730744336,-0.0001071738191224,-0.0001378540399803,0.0020475687963755,True,28.62845118339825,0.0663961647273328,-1.4439872910962857,0.0663961647273328,0.9336038352726672,-0.0003524303209264,-0.0003637808762597,0.0035761196938846,True,50.04714331246162,0.1674348524386709,-0.7766850313298634,0.1674348524386709,0.832565147561329,-0.0005415576439892,-0.0002598840271786,0.0052606148932121,True,30.58903567791595,0.1252157403098927,-0.8985425718449233,0.1252157403098927,0.8747842596901073,-0.0006093675766305,-0.0001285198834506,0.0068450193702185,True,0.0123775269255664,0.9876224730744336,2.7721245974673563,0.0663961647273328,0.9336038352726672,1.4439872910962857,0.1674348524386709,0.832565147561329,0.7766850313298634,0.1252157403098927,0.8747842596901073,0.8985425718449233,1,0,0,0.0,1,1,1,1,,0,1,0,1,1,0,0,1.0,1.0,0.0,0.0,0.0,,-0.9752449461488673,2.7721245974673563,-0.8672076705453344,1.4439872910962857,-0.6651302951226581,0.7766850313298634,-0.7495685193802146,0.8985425718449233,0.6196301,0.5327211970164806,0.6089711
2026-06-08 11:20:00,2026-06-08 11:55:00,-1,1219.0,1243.65,pivot,-24.65000000000009,0.1738795,-25.023879500000092,-788252.2042500029,1.0,2026-06-08,1231.5,1231.75,1218.25,0.0,1237.35,1246.65,1235.55,0.0,2026,0.0,0.0,0.0,0.0,0.0,0.0,0.0,0.0,0.0,0.0,0.0,0.0,0.0,0.0,0.0,1.0,2.0,2.0,0,11,0,6,17.722942030658793,0.9516317005429576,1.63470262639843,0.9516317005429576,0.0483682994570423,-0.0002676823756094,-0.0001736198312604,0.0034763668100598,True,12.121903922522474,0.9576447008096752,1.662747338362366,0.9576447008096752,0.0423552991903248,-0.000346305150695,-0.0004022342343981,0.0060213546851835,True,6.91466065137064,0.970273772990564,1.9821599868958009,0.970273772990564,0.029726227009436,-0.0011169861866417,-0.0011776369659953,0.0080818144971217,True,2.374084085625628,0.9816220081560936,2.1016879423570654,0.9816220081560936,0.0183779918439065,-0.0026583133401271,-0.0031032861280957,0.0111397645887832,True,0.0483682994570423,0.9516317005429576,1.63470262639843,0.0423552991903248,0.9576447008096752,1.662747338362366,0.029726227009436,0.970273772990564,1.9821599868958009,0.0183779918439065,0.9816220081560936,2.1016879423570654,1,0,0,0.0,1,1,1,1,,0,1,1,0,0,0,0,1.0,1.0,0.0,0.0,0.0,,-0.9032634010859153,1.63470262639843,-0.9152894016193505,1.662747338362366,-0.9405475459811281,1.9821599868958009,-0.963244016312187,2.1016879423570654,0.572868,0.5067002689416797,0.61179984
2026-06-08 12:05:00,2026-06-08 12:25:00,-1,1232.2,1238.85,pivot,-6.649999999999864,0.1741315,-7.024131499999863,-221260.1422499957,1.0,2026-06-08,1237.85,1241.5,1232.2,0.0,1236.9,1238.95,1234.0,0.0,2026,0.0,0.0,0.0,0.0,0.0,0.0,0.0,0.0,0.0,0.0,0.0,0.0,0.0,0.0,0.0,1.0,1.0,2.0,0,12,0,6,22.769605673298607,0.0578512070580249,-1.3993872465961648,0.0578512070580249,0.942148792941975,-0.0002676823756094,-0.0001736198312604,0.0034763668100598,True,19.89207930338121,0.0735451371611611,-1.2966181501928271,0.0735451371611611,0.9264548628388388,-0.000346305150695,-0.0004022342343981,0.0060213546851835,True,68.78726778903766,0.4934739137215842,-0.0041942294025747,0.4934739137215842,0.5065260862784158,-0.0011169861866417,-0.0011776369659953,0.0080818144971217,True,5.862693503581847,0.9674223510003382,1.7782897885285982,0.9674223510003382,0.0325776489996617,-0.0026583133401271,-0.0031032861280957,0.0111397645887832,True,0.942148792941975,0.0578512070580249,-1.3993872465961648,0.9264548628388388,0.0735451371611611,-1.2966181501928271,0.5065260862784158,0.4934739137215842,-0.0041942294025747,0.0325776489996617,0.9674223510003382,1.7782897885285982,1,0,0,0.0,1,1,1,1,,0,1,0,1,1,0,0,1.0,1.0,0.0,0.0,0.0,,0.88429758588395,1.3993872465961648,0.8529097256776778,1.2966181501928271,0.013052172556831554,0.0041942294025747,-0.9348447020006765,1.7782897885285982,0.525504,0.5069670966894325,0.5982045
2026-06-08 13:50:00,2026-06-08 14:20:00,-1,1218.3,1208.15,pivot,10.149999999999864,0.1727935,9.777206499999863,307982.0047499957,1.0,2026-06-08,1216.55,1224.45,1215.95,0.0,1212.65,1213.2,1207.55,0.0,2026,0.0,0.0,0.0,0.0,0.0,0.0,0.0,0.0,0.0,0.0,0.0,0.0,0.0,0.0,0.0,1.0,0.0,0.0,1,13,0,6,13.272013579535038,0.031469805504234,-1.844128490818613,0.031469805504234,0.968530194495766,-0.0002676823756094,-0.0001736198312604,0.0034763668100598,True,22.97023310589608,0.0892953589709251,-1.175589056090442,0.0892953589709251,0.9107046410290748,-0.000346305150695,-0.0004022342343981,0.0060213546851835,True,16.599106983016956,0.0859265069740213,-1.1824157437901253,0.0859265069740213,0.9140734930259788,-0.0011169861866417,-0.0011776369659953,0.0080818144971217,True,14.15208117910989,0.1124995187188934,-1.019602749466263,0.1124995187188934,0.8875004812811066,-0.0026583133401271,-0.0031032861280957,0.0111397645887832,True,0.968530194495766,0.031469805504234,-1.844128490818613,0.9107046410290748,0.0892953589709251,-1.175589056090442,0.9140734930259788,0.0859265069740213,-1.1824157437901253,0.8875004812811066,0.1124995187188934,-1.019602749466263,1,0,0,0.0,1,1,1,1,,0,1,0,1,0,1,0,1.0,1.0,0.0,0.0,0.0,,0.9370603889915321,1.844128490818613,0.8214092820581497,1.175589056090442,0.8281469860519576,1.1824157437901253,0.7750009625622132,1.019602749466263,0.56388557,0.5341619628927725,0.5903095
2026-06-08 14:45:00,2026-06-08 15:10:00,-1,1193.6,1193.65,pivot,-0.0500000000001819,0.1716175,-0.4216175000001819,-13280.95125000573,1.0,2026-06-08,1188.9,1194.05,1186.25,0.0,1186.0,1194.15,1185.65,0.0,2026,0.0,0.0,0.0,0.0,0.0,0.0,0.0,0.0,0.0,0.0,0.0,0.0,0.0,0.0,0.0,1.0,0.0,0.0,0,14,0,6,35.37353623055867,0.0710615884414415,-1.3782547093744333,0.0710615884414415,0.9289384115585584,-0.0002489959705932,-0.0002785510829892,0.0021534007647523,True,3.412104066128533,0.0126082265311224,-2.805118745434014,0.0126082265311224,0.9873917734688776,-0.0006915793247465,-0.0008407914987825,0.0036317580719136,True,6.970978616888883,0.0263054337271266,-2.175138905046833,0.0263054337271266,0.9736945662728732,-0.0012071125204979,-0.0016017462979116,0.0047506165829724,True,1.501793880492144,0.0086122180745646,-3.325972507896996,0.0086122180745646,0.9913877819254354,-0.0022007238582214,-0.0027994441102209,0.0059131356858564,True,0.9289384115585584,0.0710615884414415,-1.3782547093744333,0.9873917734688776,0.0126082265311224,-2.805118745434014,0.9736945662728732,0.0263054337271266,-2.175138905046833,0.9913877819254354,0.0086122180745646,-3.325972507896996,1,0,0,0.0,1,1,1,1,,0,1,0,1,0,1,0,1.0,1.0,0.0,0.0,0.0,,0.8578768231171169,1.3782547093744333,0.9747835469377553,2.805118745434014,0.9473891325457466,2.175138905046833,0.9827755638508708,3.325972507896996,0.54239434,0.5242752529900953,0.63223153
2026-06-09 10:25:00,2026-06-09 10:50:00,1,1225.0,1230.55,pivot,5.5499999999999545,0.1736665,5.176333499999954,163054.50524999856,1.0,2026-06-09,1222.1,1226.3,1218.3,0.0,1230.55,1236.2,1230.15,0.0,2026,0.0,0.0,0.0,0.0,0.0,0.0,0.0,0.0,0.0,0.0,0.0,0.0,0.0,0.0,0.0,1.0,1.0,0.0,1,10,1,6,88.02430408844162,0.8384664224629935,0.7882804911551777,0.8384664224629935,0.1615335775370064,-0.0002958583576998,-0.0003283903004793,0.002611734884801,True,34.84748263278865,0.1126745141129577,-1.091109252180736,0.1126745141129577,0.8873254858870423,-0.0009090521934108,-0.0009928337208306,0.0043566680718318,True,5.893825972536638,0.0279300275085097,-2.1376575308969343,0.0279300275085097,0.9720699724914902,-0.0016378405620452,-0.0020344178394564,0.0057969784651748,True,7.38929099589297,0.0387010327584269,-2.152022015749199,0.0387010327584269,0.961298967241573,-0.0030022698702621,-0.0038743159896148,0.0072541335523488,True,0.8384664224629935,0.1615335775370064,-0.7882804911551777,0.1126745141129577,0.8873254858870423,1.091109252180736,0.0279300275085097,0.9720699724914902,2.1376575308969343,0.0387010327584269,0.961298967241573,2.152022015749199,1,0,0,0.0,1,1,1,1,,0,1,1,0,1,0,0,1.0,1.0,0.0,0.0,0.0,,0.6769328449259872,0.7882804911551777,-0.7746509717740846,1.091109252180736,-0.9441399449829805,2.1376575308969343,-0.9225979344831461,2.152022015749199,0.57501477,0.5097897820735874,0.6883007
2026-06-09 14:15:00,2026-06-09 14:30:00,-1,1284.75,1279.4,pivot,5.349999999999909,0.1769245,4.973075499999909,156651.87824999713,1.0,2026-06-09,1284.95,1286.3,1283.55,0.0,1294.35,1294.55,1278.55,0.0,2026,0.0,0.0,0.0,0.0,0.0,0.0,0.0,0.0,0.0,0.0,0.0,0.0,0.0,0.0,0.0,1.0,1.0,2.0,1,14,1,6,2.0228777501618427,0.00221550547608,-4.422191161068008,0.00221550547608,0.99778449452392,0.0001219411028181,0.0001808324372378,0.001704316115822,True,178.4731249273149,0.3072545002430037,-0.3805036123846102,0.3072545002430037,0.6927454997569962,0.0004629071894288,0.0005724347317072,0.0028387067311563,True,6.706795165013552,0.0196814317334961,-2.265744611556615,0.0196814317334961,0.980318568266504,0.0009860338393875,0.001141855140021,0.0035280219931739,True,12.1467058344812,0.9628693748181124,1.906125111431952,0.9628693748181124,0.0371306251818875,0.0021790733647819,0.0026093807385957,0.0048570242325007,True,0.99778449452392,0.00221550547608,-4.422191161068008,0.6927454997569962,0.3072545002430037,-0.3805036123846102,0.980318568266504,0.0196814317334961,-2.265744611556615,0.0371306251818875,0.9628693748181124,1.906125111431952,1,0,0,0.0,1,1,1,1,,0,1,0,1,1,0,0,1.0,1.0,0.0,0.0,0.0,,0.9955689890478401,4.422191161068008,0.38549099951399246,0.3805036123846102,0.9606371365330079,2.265744611556615,-0.9257387496362249,1.906125111431952,0.5016275,0.5499936789954599,0.69787383
2026-06-10 10:25:00,2026-06-10 10:30:00,1,1255.35,1257.3,pivot,1.9500000000000453,0.1753795,1.5746205000000455,49600.54575000143,1.0,2026-06-10,1257.15,1259.65,1252.6,0.0,1258.5,1258.95,1250.25,0.0,2026,0.0,0.0,0.0,0.0,0.0,0.0,0.0,0.0,0.0,0.0,0.0,0.0,0.0,0.0,0.0,1.0,1.0,1.0,1,10,2,6,2.9594576272052806,0.9968187534772054,3.278697080676584,0.9968187534772054,0.0031812465227946,-0.0001291244206015,-0.000132275943533,0.002593159772166,True,10.031898521094284,0.9687365762423888,1.943303513155085,0.9687365762423888,0.0312634237576111,-0.0003839896813603,-0.0003963719999669,0.0046340243162027,True,5.531876703296981,0.975537580657064,2.1386922075007857,0.975537580657064,0.0244624193429361,-0.0007304577361633,-0.0006046941328746,0.0066800860624975,True,35.5713867469808,0.7643499277970073,0.5686100846927332,0.7643499277970073,0.2356500722029927,-0.0016747684028478,-0.0010248287920061,0.0087632611860598,True,0.9968187534772054,0.0031812465227946,-3.278697080676584,0.9687365762423888,0.0312634237576111,-1.943303513155085,0.975537580657064,0.0244624193429361,-2.1386922075007857,0.7643499277970073,0.2356500722029927,-0.5686100846927332,1,0,0,0.0,1,1,1,1,,0,1,1,0,1,0,0,1.0,1.0,0.0,0.0,0.0,,0.9936375069544108,3.278697080676584,0.9374731524847777,1.943303513155085,0.9510751613141278,2.1386922075007857,0.5286998555940146,0.5686100846927332,0.54903424,0.5053193425579108,0.71265864
2026-06-10 10:30:00,2026-06-10 12:00:00,-1,1257.3,1238.45,pivot,18.84999999999991,0.1748725,18.47512749999991,581966.5162499972,1.0,2026-06-10,1258.5,1258.95,1250.25,0.0,1242.55,1243.55,1238.15,0.0,2026,0.0,0.0,0.0,0.0,0.0,0.0,0.0,0.0,0.0,0.0,0.0,0.0,0.0,0.0,0.0,1.0,1.0,2.0,1,10,2,6,6.424755558243316,0.0155947651546567,-2.19841664013034,0.0155947651546567,0.9844052348453431,-0.0003121210431548,-0.0001561294769066,0.0037543452348333,True,36.11367966625539,0.8364304396299137,0.7749140075793911,0.8364304396299137,0.1635695603700863,-0.0003777852471218,-0.000395490747285,0.0062808151032888,True,32.00900569869635,0.8132152765617221,0.7109297354203459,0.8132152765617221,0.1867847234382779,-0.0011408220386713,-0.0011279740846368,0.0083830639680725,True,40.84806758020356,0.3268096946244189,-0.2996955548068425,0.3268096946244189,0.6731903053755811,-0.0025663640279043,-0.0027952317152727,0.011476727779212,True,0.9844052348453431,0.0155947651546567,-2.19841664013034,0.1635695603700863,0.8364304396299137,0.7749140075793911,0.1867847234382779,0.8132152765617221,0.7109297354203459,0.6731903053755811,0.3268096946244189,-0.2996955548068425,1,0,0,0.0,1,1,1,1,,0,1,1,0,1,0,0,1.0,1.0,0.0,0.0,0.0,,0.9688104696906864,2.19841664013034,-0.6728608792598274,0.7749140075793911,-0.6264305531234442,0.7109297354203459,0.3463806107511622,0.2996955548068425,0.59737206,0.5034055672868195,0.6830527
2026-06-10 13:35:00,2026-06-10 14:30:00,1,1210.3,1214.95,pivot,4.650000000000091,0.1727575,4.277242500000091,134733.13875000286,1.0,2026-06-10,1206.65,1211.9,1204.8,0.0,1205.3,1215.7,1204.75,0.0,2026,0.0,0.0,0.0,0.0,0.0,0.0,0.0,0.0,0.0,0.0,0.0,0.0,0.0,0.0,0.0,1.0,0.0,0.0,1,13,2,6,31.91148531906875,0.0630707789155648,-1.5784420587037402,0.0630707789155648,0.9369292210844352,-0.0002958583576998,-0.0003283903004793,0.002611734884801,True,8.004010582128421,0.0227274359248084,-2.242667978428453,0.0227274359248084,0.9772725640751916,-0.0009090521934108,-0.0009928337208306,0.0043566680718318,True,3.450756685959995,0.0148794403249834,-2.6649181897840277,0.0148794403249834,0.9851205596750164,-0.0016378405620452,-0.0020344178394564,0.0057969784651748,True,2.146894289792761,0.0101725009297777,-2.9960307618842448,0.0101725009297777,0.9898274990702224,-0.0030022698702621,-0.0038743159896148,0.0072541335523488,True,0.0630707789155648,0.9369292210844352,1.5784420587037402,0.0227274359248084,0.9772725640751916,2.242667978428453,0.0148794403249834,0.9851205596750164,2.6649181897840277,0.0101725009297777,0.9898274990702224,2.9960307618842448,1,0,0,0.0,1,1,1,1,,0,1,0,1,0,1,0,1.0,1.0,0.0,0.0,0.0,,-0.8738584421688704,1.5784420587037402,-0.9545451281503832,2.242667978428453,-0.970241119350033,2.6649181897840277,-0.9796549981404447,2.9960307618842448,0.5976839,0.5127891664417163,0.65784454
2026-06-10 15:30:00,2026-06-10 15:45:00,-1,1229.95,1229.4,eod,0.5499999999999545,0.1737805,0.17621949999995454,5550.914249998568,1.0,2026-06-10,1231.4,1233.0,1229.85,0.0,1229.4,1229.4,1229.4,0.0,2026,0.0,0.0,0.0,0.0,0.0,0.0,0.0,0.0,0.0,0.0,0.0,0.0,0.0,0.0,0.0,1.0,2.0,2.0,1,15,2,6,105.27240094356672,0.8633342638127407,0.8421129967714692,0.8633342638127407,0.1366657361872593,-0.0001071738191224,-0.0001378540399803,0.0020475687963755,True,1.5274997931561898,0.9941450130465131,3.302395852507221,0.9941450130465131,0.0058549869534867,-0.0003524303209264,-0.0003637808762597,0.0035761196938846,True,1.7552978251451206,0.9926465434338456,3.857765230983397,0.9926465434338456,0.0073534565661542,-0.0005415576439892,-0.0002598840271786,0.0052606148932121,True,1.1130086238138064,0.9951652976872846,3.631800737445,0.9951652976872846,0.0048347023127154,-0.0006093675766305,-0.0001285198834506,0.0068450193702185,True,0.1366657361872593,0.8633342638127407,0.8421129967714692,0.0058549869534867,0.9941450130465131,3.302395852507221,0.0073534565661542,0.9926465434338456,3.857765230983397,0.0048347023127154,0.9951652976872846,3.631800737445,1,0,0,0.0,1,1,1,1,,0,1,0,0,0,0,0,1.0,1.0,0.0,0.0,0.0,,-0.7266685276254814,0.8421129967714692,-0.9882900260930264,3.302395852507221,-0.9852930868676915,3.857765230983397,-0.9903305953745691,3.631800737445,0.57800096,0.5143666758312863,0.70257556
2026-06-11 11:00:00,2026-06-11 11:30:00,-1,1219.7,1203.05,pivot,16.65000000000009,0.1726825,16.27731750000009,512735.5012500028,1.0,2026-06-11,1221.75,1224.4,1218.0,0.0,1199.5,1207.45,1198.1,0.0,2026,0.0,0.0,0.0,0.0,0.0,0.0,0.0,0.0,0.0,0.0,0.0,0.0,0.0,0.0,0.0,1.0,1.0,2.0,1,11,3,6,1.3557368107281504,0.0048222189629145,-3.534015162418693,0.0048222189629145,0.9951777810370854,0.000131630441588,0.0001339508730747,0.0021142066031858,True,15.167633706087964,0.0338049482751965,-1.9684675465629764,0.0338049482751965,0.9661950517248036,0.0004204362563753,0.00037179155413,0.0035243060096276,True,55.15261320469574,0.1762019841254408,-0.856451194138373,0.1762019841254408,0.8237980158745591,0.0008197976750379,0.0008843038598377,0.0046576014727982,True,20.98932397532361,0.920745840690745,1.408143331805076,0.920745840690745,0.0792541593092549,0.0017906136979014,0.0019675942639515,0.0061096040873038,True,0.9951777810370854,0.0048222189629145,-3.534015162418693,0.9661950517248036,0.0338049482751965,-1.9684675465629764,0.8237980158745591,0.1762019841254408,-0.856451194138373,0.0792541593092549,0.920745840690745,1.408143331805076,1,0,0,0.0,1,1,1,1,,0,1,1,0,1,0,0,1.0,1.0,0.0,0.0,0.0,,0.990355562074171,3.534015162418693,0.932390103449607,1.9684675465629764,0.6475960317491183,0.856451194138373,-0.8414916813814901,1.408143331805076,0.5145943,0.509404609012253,0.70495826
2026-06-11 11:30:00,2026-06-11 11:35:00,-1,1203.05,1199.4,pivot,3.649999999999864,0.1720735,3.277926499999864,103254.68474999572,1.0,2026-06-11,1199.5,1207.45,1198.1,0.0,1208.0,1209.0,1198.6,0.0,2026,0.0,0.0,0.0,0.0,0.0,0.0,0.0,0.0,0.0,0.0,0.0,0.0,0.0,0.0,0.0,1.0,0.0,1.0,1,11,3,6,27.596447177824366,0.0718200186956231,-1.2814871235268483,0.0718200186956231,0.9281799813043768,-0.0003066756500567,-0.0001389365130221,0.003850747460662,True,2.953251283583639,0.0202359868348399,-2.2670997357300307,0.0202359868348399,0.97976401316516,-0.0003750279287784,-0.0003483136059129,0.0065082716636228,True,3.4015330020669783,0.0261962896050884,-2.080665146240515,0.0261962896050884,0.9738037103949116,-0.0011809588219908,-0.001116215284849,0.0085151615048441,True,5.095935233022011,0.0503455980295066,-1.649924667855759,0.0503455980295066,0.9496544019704932,-0.0025681383288287,-0.0028635660870239,0.0115608632385097,True,0.9281799813043768,0.0718200186956231,-1.2814871235268483,0.97976401316516,0.0202359868348399,-2.2670997357300307,0.9738037103949116,0.0261962896050884,-2.080665146240515,0.9496544019704932,0.0503455980295066,-1.649924667855759,1,0,0,0.0,1,1,1,1,,0,1,1,0,0,1,0,1.0,1.0,0.0,0.0,0.0,,0.8563599626087537,1.2814871235268483,0.9595280263303202,2.2670997357300307,0.9476074207898233,2.080665146240515,0.8993088039409867,1.649924667855759,0.6033934,0.5342130766137403,0.68347526
2026-06-11 11:35:00,2026-06-11 11:55:00,1,1199.4,1208.05,pivot,8.649999999999864,0.1722235,8.277776499999865,260749.95974999573,1.0,2026-06-11,1208.0,1209.0,1198.6,0.0,1213.45,1215.1,1207.85,0.0,2026,0.0,0.0,0.0,0.0,0.0,0.0,0.0,0.0,0.0,0.0,0.0,0.0,0.0,0.0,0.0,1.0,0.0,1.0,1,11,3,6,53.88738270445712,0.8537644676894741,0.8468517187483828,0.8537644676894741,0.1462355323105258,-0.0003066756500567,-0.0001389365130221,0.003850747460662,True,27.224601358169977,0.1205810857198936,-0.9839126587848284,0.1205810857198936,0.8794189142801063,-0.0003750279287784,-0.0003483136059129,0.0065082716636228,True,9.47698913033292,0.0567545272305322,-1.4735229577054247,0.0567545272305322,0.9432454727694678,-0.0011809588219908,-0.001116215284849,0.0085151615048441,True,3.620644714395825,0.03726699128006,-1.9109801785474176,0.03726699128006,0.96273300871994,-0.0025681383288287,-0.0028635660870239,0.0115608632385097,True,0.8537644676894741,0.1462355323105258,-0.8468517187483828,0.1205810857198936,0.8794189142801063,0.9839126587848284,0.0567545272305322,0.9432454727694678,1.4735229577054247,0.03726699128006,0.96273300871994,1.9109801785474176,1,0,0,0.0,1,1,1,1,,0,1,1,0,0,1,0,1.0,1.0,0.0,0.0,0.0,,0.7075289353789483,0.8468517187483828,-0.7588378285602128,0.9839126587848284,-0.8864909455389356,1.4735229577054247,-0.9254660174398801,1.9109801785474176,0.67337596,0.50696381669037,0.65745306
2026-06-11 13:00:00,2026-06-11 13:30:00,1,1230.4,1226.6,pivot,-3.800000000000182,0.17371,-4.173710000000182,-131471.86500000572,1.0,2026-06-11,1225.6,1233.5,1223.6,0.0,1226.55,1229.95,1226.55,0.0,2026,0.0,0.0,0.0,0.0,0.0,0.0,0.0,0.0,0.0,0.0,0.0,0.0,0.0,0.0,0.0,1.0,1.0,2.0,0,13,3,6,53.58150847957195,0.945774373840002,1.474841787690722,0.945774373840002,0.0542256261599979,0.0001219411028181,0.0001808324372378,0.001704316115822,True,87.41627171729169,0.8253214241499145,0.7475215066388028,0.8253214241499145,0.1746785758500855,0.0004629071894288,0.0005724347317072,0.0028387067311563,True,5.158727488417885,0.9867669697307404,2.6385452000117358,0.9867669697307404,0.0132330302692597,0.0009860338393875,0.001141855140021,0.0035280219931739,True,5.551041850442049,0.9803812922703324,2.3537020777623177,0.9803812922703324,0.0196187077296674,0.0021790733647819,0.0026093807385957,0.0048570242325007,True,0.945774373840002,0.0542256261599979,-1.474841787690722,0.8253214241499145,0.1746785758500855,-0.7475215066388028,0.9867669697307404,0.0132330302692597,-2.6385452000117358,0.9803812922703324,0.0196187077296674,-2.3537020777623177,1,0,0,0.0,1,1,1,1,,0,1,0,1,1,0,0,1.0,1.0,0.0,0.0,0.0,,0.891548747680004,1.474841787690722,0.650642848299829,0.7475215066388028,0.9735339394614807,2.6385452000117358,0.960762584540665,2.3537020777623177,0.513576,0.5155325169088557,0.6291963
2026-06-12 14:40:00,2026-06-12 15:05:00,1,1321.25,1309.25,pivot,-12.0,0.178915,-12.378915000000001,-389935.8225,1.0,2026-06-12,1316.1,1328.75,1312.0,0.0,1309.35,1312.45,1302.25,0.0,2026,0.0,0.0,0.0,0.0,0.0,0.0,0.0,0.0,0.0,0.0,0.0,0.0,0.0,0.0,0.0,2.0,0.0,0.0,0,14,4,6,8.005739258087475,0.0146769147332458,-2.673769573545874,0.0146769147332458,0.9853230852667542,0.000162072564556,0.0002317751793177,0.0019372626688591,True,5.536479261138338,0.0159462854402876,-2.279726239575151,0.0159462854402876,0.9840537145597124,0.0005476349717724,0.0007646650482062,0.00325405138127,True,5.467860176642005,0.0110696454123007,-2.4000815000861624,0.0110696454123007,0.9889303545876992,0.0011206736157817,0.0015342249530189,0.0040130870364747,True,0.5130603562950218,0.0008047696029278,-2.910815392454692,0.0008047696029278,0.999195230397072,0.0023472004192258,0.0031175216220322,0.0056149560599561,True,0.0146769147332458,0.9853230852667542,2.673769573545874,0.0159462854402876,0.9840537145597124,2.279726239575151,0.0110696454123007,0.9889303545876992,2.4000815000861624,0.0008047696029278,0.999195230397072,2.910815392454692,1,0,0,0.0,1,1,1,1,,0,1,0,1,0,1,0,1.0,1.0,0.0,0.0,0.0,,-0.9706461705335083,2.673769573545874,-0.9681074291194247,2.279726239575151,-0.9778607091753985,2.4000815000861624,-0.9983904607941443,2.910815392454692,0.5852827,0.519395331643166,0.59275806
2026-06-12 15:05:00,2026-06-12 15:10:00,-1,1309.25,1309.15,pivot,0.099999999999909,0.178552,-0.27855200000009095,-8774.388000002866,1.0,2026-06-12,1309.35,1312.45,1302.25,0.0,1312.85,1314.4,1308.55,0.0,2026,0.0,0.0,0.0,0.0,0.0,0.0,0.0,0.0,0.0,0.0,0.0,0.0,0.0,0.0,0.0,2.0,0.0,0.0,0,15,4,6,0.4349886295746785,0.0,-5.727871848721601,0.0,1.0,-0.0001071738191224,-0.0001378540399803,0.0020475687963755,True,3.7150277783604033,0.0097977585920914,-2.759975645495837,0.0097977585920914,0.9902022414079086,-0.0003524303209264,-0.0003637808762597,0.0035761196938846,True,1.2214519765256436e-11,0.0,-6.349765704044632,0.0,1.0,-0.0005415576439892,-0.0002598840271786,0.0052606148932121,True,9.746402670964418e-16,0.0,-5.963366483372129,0.0,1.0,-0.0006093675766305,-0.0001285198834506,0.0068450193702185,True,1.0,0.0,-5.727871848721601,0.9902022414079086,0.0097977585920914,-2.759975645495837,1.0,0.0,-6.349765704044632,1.0,0.0,-5.963366483372129,1,0,0,0.0,1,1,1,1,,0,1,0,0,0,1,0,1.0,1.0,0.0,0.0,0.0,,1.0,5.727871848721601,0.9804044828158172,2.759975645495837,1.0,6.349765704044632,1.0,5.963366483372129,0.6859072,0.5463185859812774,0.626729
2026-06-12 15:10:00,2026-06-12 15:45:00,-1,1309.15,1299.85,eod,9.300000000000182,0.17827,8.921730000000183,281034.49500000576,1.0,2026-06-12,1312.85,1314.4,1308.55,0.0,1299.85,1299.85,1299.85,0.0,2026,0.0,0.0,0.0,0.0,0.0,0.0,0.0,0.0,0.0,0.0,0.0,0.0,0.0,0.0,0.0,2.0,0.0,0.0,1,15,4,6,21.632650499291596,0.9651057050636912,1.885196957412852,0.9651057050636912,0.0348942949363089,-0.0002958583576998,-0.0003283903004793,0.002611734884801,True,120.61385075690248,0.4273894473214114,-0.1138681103716727,0.4273894473214114,0.5726105526785885,-0.0009090521934108,-0.0009928337208306,0.0043566680718318,True,0.749225491353303,0.0023025530601768,-3.809894273878434,0.0023025530601768,0.9976974469398232,-0.0016378405620452,-0.0020344178394564,0.0057969784651748,True,0.9515301516277964,0.0014639384500306,-3.907218926564974,0.0014639384500306,0.9985360615499692,-0.0030022698702621,-0.0038743159896148,0.0072541335523488,True,0.0348942949363089,0.9651057050636912,1.885196957412852,0.5726105526785885,0.4273894473214114,-0.1138681103716727,0.9976974469398232,0.0023025530601768,-3.809894273878434,0.9985360615499692,0.0014639384500306,-3.907218926564974,1,0,0,0.0,1,1,1,1,,0,1,0,0,0,1,0,1.0,1.0,0.0,0.0,0.0,,-0.9302114101273823,1.885196957412852,0.14522110535717714,0.1138681103716727,0.9953948938796464,3.809894273878434,0.9970721230999386,3.907218926564974,0.5130559,0.5680327153796673,0.64035213
2026-06-15 13:10:00,2026-06-15 13:45:00,1,1380.8,1379.55,pivot,-1.25,0.1828105,-1.6328105,-51433.53075,1.0,2026-06-15,1379.95,1381.2,1378.95,0.0,1380.55,1380.85,1377.15,0.0,2026,0.0,0.0,0.0,0.0,0.0,0.0,0.0,0.0,0.0,0.0,0.0,0.0,0.0,0.0,0.0,1.0,1.0,1.0,0,13,0,6,24.4328301034346,0.0483428368853498,-1.6362846711099837,0.0483428368853498,0.9516571631146502,0.000162072564556,0.0002317751793177,0.0019372626688591,True,28.92601046009916,0.0546089550793038,-1.3604401929642,0.0546089550793038,0.945391044920696,0.0005476349717724,0.0007646650482062,0.00325405138127,True,19.36137360963637,0.0465920853228387,-1.493227055135233,0.0465920853228387,0.9534079146771612,0.0011206736157817,0.0015342249530189,0.0040130870364747,True,17.16743672465719,0.050745561853044,-1.3942887683756615,0.050745561853044,0.949254438146956,0.0023472004192258,0.0031175216220322,0.0056149560599561,True,0.0483428368853498,0.9516571631146502,1.6362846711099837,0.0546089550793038,0.945391044920696,1.3604401929642,0.0465920853228387,0.9534079146771612,1.493227055135233,0.050745561853044,0.949254438146956,1.3942887683756615,1,0,0,0.0,1,1,1,1,,0,1,0,1,1,0,0,1.0,1.0,0.0,0.0,0.0,,-0.9033143262293004,1.6362846711099837,-0.8907820898413923,1.3604401929642,-0.9068158293543226,1.493227055135233,-0.898508876293912,1.3942887683756615,0.5437736,0.5270926171636294,0.6365118
2026-06-15 14:45:00,2026-06-15 15:00:00,1,1369.7,1371.85,pivot,2.149999999999864,0.1822465,1.7677534999998636,55684.235249995705,1.0,2026-06-15,1369.85,1371.2,1367.15,0.0,1372.35,1372.6,1369.05,0.0,2026,0.0,0.0,0.0,0.0,0.0,0.0,0.0,0.0,0.0,0.0,0.0,0.0,0.0,0.0,0.0,1.0,1.0,1.0,1,14,0,6,9.332619824646743,0.0178140418713031,-2.428619372697058,0.0178140418713031,0.9821859581286968,-0.0001071738191224,-0.0001378540399803,0.0020475687963755,True,5.297364845536432,0.0145882816348845,-2.465412856224673,0.0145882816348845,0.9854117183651157,-0.0003524303209264,-0.0003637808762597,0.0035761196938846,True,11.059877482036384,0.0411630277222184,-1.7232874202731852,0.0411630277222184,0.9588369722777816,-0.0005415576439892,-0.0002598840271786,0.0052606148932121,True,11.2035074934343,0.0563422018995486,-1.4177317123469944,0.0563422018995486,0.9436577981004514,-0.0006093675766305,-0.0001285198834506,0.0068450193702185,True,0.0178140418713031,0.9821859581286968,2.428619372697058,0.0145882816348845,0.9854117183651157,2.465412856224673,0.0411630277222184,0.9588369722777816,1.7232874202731852,0.0563422018995486,0.9436577981004514,1.4177317123469944,1,0,0,0.0,1,1,1,1,,0,1,0,1,1,0,0,1.0,1.0,0.0,0.0,0.0,,-0.9643719162573937,2.428619372697058,-0.9708234367302312,2.465412856224673,-0.9176739445555633,1.7232874202731852,-0.8873155962009027,1.4177317123469944,0.5863388,0.5339242991466391,0.6305037
2026-06-16 14:45:00,2026-06-16 15:15:00,1,1399.7,1401.65,pivot,1.9500000000000453,0.1840405,1.5659595000000455,49327.72425000143,1.0,2026-06-16,1396.85,1401.15,1396.45,0.0,1402.0,1402.6,1401.0,0.0,2026,0.0,0.0,0.0,0.0,0.0,0.0,0.0,0.0,0.0,0.0,0.0,0.0,0.0,0.0,0.0,1.0,1.0,1.0,1,14,1,6,153.90039692404045,0.8115608557609955,0.6438581715922846,0.8115608557609955,0.1884391442390045,-0.0001071738191224,-0.0001378540399803,0.0020475687963755,True,31.201000373831395,0.0771395943704697,-1.3441298619831916,0.0771395943704697,0.9228604056295304,-0.0003524303209264,-0.0003637808762597,0.0035761196938846,True,53.47483977233052,0.1782529032936799,-0.7373078479615846,0.1782529032936799,0.8217470967063201,-0.0005415576439892,-0.0002598840271786,0.0052606148932121,True,29.997131511893546,0.1232339069655096,-0.9079668865203984,0.1232339069655096,0.8767660930344904,-0.0006093675766305,-0.0001285198834506,0.0068450193702185,True,0.8115608557609955,0.1884391442390045,-0.6438581715922846,0.0771395943704697,0.9228604056295304,1.3441298619831916,0.1782529032936799,0.8217470967063201,0.7373078479615846,0.1232339069655096,0.8767660930344904,0.9079668865203984,1,0,0,0.0,1,1,1,1,,0,1,0,1,1,0,0,1.0,1.0,0.0,0.0,0.0,,0.6231217115219909,0.6438581715922846,-0.8457208112590607,1.3441298619831916,-0.6434941934126401,0.7373078479615846,-0.7535321860689808,0.9079668865203984,0.59043187,0.5412299289812407,0.6352052
2026-06-19 11:15:00,2026-06-19 11:55:00,1,1515.3,1521.4,pivot,6.100000000000136,0.191101,5.7088990000001365,179830.3185000043,1.0,2026-06-19,1507.6,1516.2,1507.25,0.0,1517.35,1522.7,1517.0,0.0,2026,0.0,0.0,0.0,0.0,0.0,0.0,0.0,0.0,0.0,0.0,0.0,0.0,0.0,0.0,0.0,1.0,0.0,0.0,1,11,4,6,137.36311475083824,0.2177066944885898,-0.6361016488639573,0.2177066944885898,0.7822933055114102,0.0001829185158822,0.0001844431043243,0.0022057036614979,True,106.99417769882103,0.2816078523439162,-0.4884712443367099,0.2816078523439162,0.7183921476560837,0.0006001594120175,0.0006099390255174,0.0036086359081798,True,16.239764214242825,0.0501909347049572,-1.6492705844237243,0.0501909347049572,0.9498090652950428,0.001007136530095,0.0011768367224561,0.0047563532224351,True,11.044090126933094,0.0465493654764194,-1.6010510713826451,0.0465493654764194,0.9534506345235806,0.0018311956887695,0.0023178628642561,0.0064908714195455,True,0.2177066944885898,0.7822933055114102,0.6361016488639573,0.2816078523439162,0.7183921476560837,0.4884712443367099,0.0501909347049572,0.9498090652950428,1.6492705844237243,0.0465493654764194,0.9534506345235806,1.6010510713826451,1,0,0,0.0,1,1,1,1,,0,1,1,0,0,1,0,1.0,1.0,0.0,0.0,0.0,,-0.5645866110228204,0.6361016488639573,-0.4367842953121675,0.4884712443367099,-0.8996181305900857,1.6492705844237243,-0.9069012690471612,1.6010510713826451,0.63541484,0.5275903575145658,0.6601018
2026-06-19 12:30:00,2026-06-19 12:50:00,-1,1486.6,1471.95,pivot,14.649999999999864,0.1887565,14.261243499999864,449229.1702499957,1.0,2026-06-19,1472.35,1487.05,1472.0,0.0,1466.4,1478.8,1465.0,0.0,2026,0.0,0.0,0.0,0.0,0.0,0.0,0.0,0.0,0.0,0.0,0.0,0.0,0.0,0.0,0.0,1.0,0.0,0.0,1,12,4,6,22.926887920788456,0.0354777622502196,-1.5483676153186354,0.0354777622502196,0.9645222377497804,-0.0001291244206015,-0.000132275943533,0.002593159772166,True,1.7665338615587676,0.0039087411257378,-3.09500163428162,0.0039087411257378,0.996091258874262,-0.0003839896813603,-0.0003963719999669,0.0046340243162027,True,0.3375994399192902,0.0107391929496931,-2.821164051996342,0.0107391929496931,0.9892608070503068,-0.0007304577361633,-0.0006046941328746,0.0066800860624975,True,5.839324253868917,0.0415454449661835,-1.8058689771299985,0.0415454449661835,0.9584545550338164,-0.0016747684028478,-0.0010248287920061,0.0087632611860598,True,0.9645222377497804,0.0354777622502196,-1.5483676153186354,0.996091258874262,0.0039087411257378,-3.09500163428162,0.9892608070503068,0.0107391929496931,-2.821164051996342,0.9584545550338164,0.0415454449661835,-1.8058689771299985,1,0,0,0.0,1,1,1,1,,0,1,0,1,0,1,0,1.0,1.0,0.0,0.0,0.0,,0.9290444754995608,1.5483676153186354,0.9921825177485242,3.09500163428162,0.9785216141006138,2.821164051996342,0.9169091100676329,1.8058689771299985,0.60200566,0.5283209389736563,0.6497358
2026-06-19 13:00:00,2026-06-19 13:25:00,1,1462.4,1474.55,pivot,12.149999999999864,0.1881085,11.761891499999862,370499.58224999567,1.0,2026-06-19,1451.95,1467.4,1451.25,0.0,1475.55,1476.85,1468.05,0.0,2026,0.0,0.0,0.0,0.0,0.0,0.0,0.0,0.0,0.0,0.0,0.0,0.0,0.0,0.0,0.0,2.0,0.0,0.0,1,13,4,6,63.79540722403565,0.1446814916887276,-0.8478807018638721,0.1446814916887276,0.8553185083112724,-0.0003066756500567,-0.0001389365130221,0.003850747460662,True,3.640502463623749,0.022931669327974,-2.141601950373708,0.022931669327974,0.977068330672026,-0.0003750279287784,-0.0003483136059129,0.0065082716636228,True,4.724694056556151,0.0329553723576123,-1.8856731844233412,0.0329553723576123,0.9670446276423876,-0.0011809588219908,-0.001116215284849,0.0085151615048441,True,1.0071258357169233,0.0138029343525713,-2.9201775861098853,0.0138029343525713,0.9861970656474288,-0.0025681383288287,-0.0028635660870239,0.0115608632385097,True,0.1446814916887276,0.8553185083112724,0.8478807018638721,0.022931669327974,0.977068330672026,2.141601950373708,0.0329553723576123,0.9670446276423876,1.8856731844233412,0.0138029343525713,0.9861970656474288,2.9201775861098853,1,0,0,0.0,1,1,1,1,,0,1,0,1,0,1,0,1.0,1.0,0.0,0.0,0.0,,-0.7106370166225449,0.8478807018638721,-0.9541366613440521,2.141601950373708,-0.9340892552847754,1.8856731844233412,-0.9723941312948575,2.9201775861098853,0.56698275,0.5294602104165056,0.6654637
