entry_time,exit_time,direction,entry_px,exit_px,exit_reason,gross_pts,cost_pts,net_pts,net_krw,size_factor,exit_date,entry_close,entry_volume,exit_close,exit_high,exit_low,exit_volume,year,atr_normalized,volatility_regime,trend_regime,momentum_regime,is_win,entry_hour,entry_dayofweek,entry_month,entry_open,entry_high,entry_low,entry_atr,entry_rsi,entry_macd,entry_macd_signal,entry_macd_hist,entry_bb_middle,entry_bb_upper,entry_bb_lower,entry_ma5,entry_ma10,entry_ma20,entry_ma60,entry_supertrend,entry_supertrend_dir,future_return_1,is_win_h1,future_return_5,is_win_h5,future_return_10,is_win_h10,future_return_20,is_win_h20,future_return_3,is_win_h3,future_return_4,is_win_h4,future_return_6,is_win_h6,future_return_7,is_win_h7,timestamp,ret_log_1m,ret_log_5m,ret_log_1m_kde_pdf,ret_log_1m_kde_cdf,ret_log_1m_kde_zscore,ret_log_1m_kde_left_tail,ret_log_1m_kde_right_tail,ret_log_1m_kde_median,ret_log_1m_kde_mean,ret_log_1m_kde_std,ret_log_1m_kde_ready,ret_log_5m_kde_pdf,ret_log_5m_kde_cdf,ret_log_5m_kde_zscore,ret_log_5m_kde_left_tail,ret_log_5m_kde_right_tail,ret_log_5m_kde_median,ret_log_5m_kde_mean,ret_log_5m_kde_std,ret_log_5m_kde_ready,rsi_oversold,rsi_overbought,macd_bullish,macd_strength,price_above_ma20,price_above_ma60,price_above_ma5,price_above_ma10,bb_position,bb_lower_touch,price_above_st,is_morning,is_afternoon,is_bull,is_neutral,is_bear,price_ma20_ratio,price_ma60_ratio,bb_width,atr_ratio,rsi_macd_interaction,rsi_bb_interaction,pnl_per_contract,_has_kde,filter_score,entry_score,exit_score
2024-01-03 10:40:00,2024-01-03 10:45:00,1,355.7,356.05,pivot,0.3500000000000227,0.1213525,0.12864750000002276,4052.3962500007165,1.0,2024-01-03,356.05,0.0,356.1,356.25,355.8,0.0,2024,0.0,1.0,1.0,1.0,1,10,2,1,355.7,356.3,355.7,0.6868406483937116,37.24088597377892,-1.563263358734048,-1.7242995353690405,0.1610361766349926,356.515,359.4818519561732,353.5481480438268,355.24,355.2,356.515,360.8033333333333,356.56388344092,-1.0,0.0011245431543436,1,0.0009839752600506,1,0.0009839752600506,1,-0.0026707899915658,0,0.0009839752600506,1,0.0022490863086871,1,0.0002811357885859,1,0.0008434073657576,1,2024-01-03 10:40:00,0.0009834914737243,0.0039397827800381,158.89403015220822,0.935878997188846,1.044657510547887,0.935878997188846,0.0641210028111539,8.175067033199716e-06,2.1961643026590588e-05,0.0009204259013017,True,9.252188209659208,0.9757370528755596,1.89379974658002,0.9757370528755596,0.0242629471244405,2.5571523575803057e-05,0.000105028275937,0.0020248996817251,True,0,0,1,0.16103617663499237,0,0,1,1,0.36264902798667864,1,0,1,0,1,0,0,-0.002291256676974973,-0.014347296410832995,0.016681765286326686,0.0019309548731900805,5.997129891717081,13.50537109975366,30.9952206915939,True,0.69080096,0.5593158989900548,43.407764
2024-01-09 15:05:00,2024-01-09 15:15:00,1,346.05,346.6,pivot,0.5500000000000114,0.1207795,0.3292205000000113,10370.445750000355,1.0,2024-01-09,346.6,0.0,346.65,346.8,346.55,0.0,2024,0.0,1.0,1.0,1.0,1,15,1,1,346.05,346.65,345.9,0.5172962293450288,44.48418334221038,-0.4582102830032681,-0.4789783716474078,0.0207680886441397,346.8125,347.8924000941867,345.7325999058133,346.26,346.4,346.8125,348.07916666666665,347.0074774624889,-1.0,0.0015893656985985,1,0.0008669267446901,1,0.0007224389539083,1,-0.0037566825603236,0,0.0011559023262533,1,0.0014448779078167,1,0.0007224389539083,1,-0.0001444877907817,0,2024-01-09 15:05:00,0.0014436266402071,0.0028893403516052,55.424553249124685,0.9724396654300396,1.402980220379651,0.9724396654300396,0.0275603345699604,1.2827479885975653e-05,2.0283365598471445e-05,0.0010145141420621,True,42.89694290664664,0.9428829436545584,1.2267312641724355,0.9428829436545584,0.0571170563454417,6.401141218688619e-05,0.0001005609562657,0.0022733417471192,True,0,0,1,0.020768088644139704,0,0,0,0,0.14695808246306427,1,0,0,0,1,0,0,-0.002203438809420571,-0.005863796175889727,0.0062412951549586015,0.0014948597871551187,0.9238514629131878,6.537310283906623,36.410923276978956,True,0.6868131,0.5552065482813091,63.32233
2024-01-11 14:15:00,2024-01-11 15:00:00,1,343.55,343.75,pivot,0.1999999999999886,0.120619,-0.020619000000011368,-649.498500000358,1.0,2024-01-11,344.0,0.0,343.75,343.85,343.6,0.0,2024,0.0,1.0,1.0,1.0,1,14,3,1,343.55,344.05,343.55,0.3338769511680997,70.1146627852298,0.1552624929776129,0.0530126567901425,0.1022498361874704,343.0925,343.72017323255045,342.4648267674495,343.45,343.15500000000003,343.0925,343.0433333333333,343.50816056991675,1.0,0.0023286275651288,1,0.0017464706738465,1,0.0010187745597437,1,-0.0046572551302576,0,0.0040750982389753,1,0.0020375491194876,1,0.0013098530053849,1,0.000291078445641,1,2024-01-11 14:15:00,0.0014545457109943,0.0026197075089941,54.01755405203849,0.9730378946482396,1.4137430775291928,0.9730378946482396,0.0269621053517604,1.2827479885975653e-05,2.0283365598471445e-05,0.0010145141420621,True,57.5636540444241,0.9294188269158729,1.1081248808810835,0.9294188269158729,0.0705811730841272,6.401141218688619e-05,0.0001005609562657,0.0022733417471192,True,0,1,1,0.10224983618747041,1,1,1,1,0.8644412221794451,1,1,0,1,1,0,0,0.0013316838888081462,0.0014747974579150558,0.0036540429780263606,0.0009718438398139999,7.169212784129473,60.6100047907637,128.36559452772195,True,0.6758243,0.5582996100723356,62.095184
2024-01-11 15:25:00,2024-01-11 15:45:00,1,343.3,343.55,eod,0.25,0.1206055,0.029394500000000004,925.9267500000001,1.0,2024-01-11,342.85,0.0,343.55,343.55,343.55,0.0,2024,0.0,1.0,1.0,1.0,0,15,3,1,343.3,343.4,342.7,0.477685538403342,39.52558748886717,0.0891041198611333,0.2168632365081405,-0.1277591166470071,343.82,344.9213866869911,342.71861331300886,343.71,343.79,343.82,343.27166666666665,343.6645042902365,-1.0,0.0007282260413632,1,-0.0046606466647247,0,-0.0049519370812699,0,-0.0065540343722691,0,-0.0042237110399067,0,-0.0037867754150888,0,-0.0039324206233615,0,-0.0056801631226332,0,2024-01-11 15:25:00,-0.0014573013363119,-0.0026216152504075,50.92311452394678,0.0252560547947831,-1.4564456429429022,0.0252560547947831,0.9747439452052168,1.2827479885975653e-05,2.0283365598471445e-05,0.0010145141420621,True,42.52320416842559,0.058558031712353,-1.1974337822823204,0.058558031712353,0.9414419682876468,6.401141218688619e-05,0.0001005609562657,0.0022733417471192,True,0,0,0,0.12775911664700718,0,1,0,0,0.2639339542860446,1,0,0,0,1,0,0,-0.0015147101660354845,8.253228468792428e-05,0.006416467736621812,0.0013914521945917332,-5.049754142531665,10.432144601415724,-133.04689775706106,True,0.72096294,0.6298309987334888,54.28597
2024-01-12 11:15:00,2024-01-12 11:25:00,1,341.7,341.45,pivot,-0.25,0.1204945,-0.4704945,-14820.57675,1.0,2024-01-12,341.5,0.0,341.4,341.45,341.2,0.0,2024,0.0,1.0,1.0,1.0,0,11,4,1,341.7,341.75,341.35,0.5370653356803703,45.679884707449126,-0.0297599253592579,-0.1345146305869558,0.1047547052276978,341.4175,342.7410816648717,340.0939183351284,341.96,341.91,341.4175,342.5183333333333,342.4621105790608,-1.0,-0.0007316359379572,0,0.0002926543751829,1,-0.001316944688323,0,-0.0027802165642376,0,-0.00102429031314,0,-0.0007316359379572,0,0.0001463271875914,1,-0.0005853087503657,0,2024-01-12 11:15:00,-0.0007317965932142,-0.0027779826330694,282.2355506908668,0.1271407198495394,-0.7413203302262068,0.1271407198495394,0.8728592801504605,1.2827479885975653e-05,2.0283365598471445e-05,0.0010145141420621,True,35.515816630736644,0.0524032168905473,-1.2662168338671074,0.0524032168905473,0.9475967831094528,6.401141218688619e-05,0.0001005609562657,0.0022733417471192,True,0,0,1,0.10475470522769792,1,0,0,0,0.6067180089818417,1,0,1,0,1,0,0,0.0008267486098916314,-0.0023948883035801232,0.0077470393027311985,0.0015717452024593805,4.785182857364053,27.71480870022361,-32.26514486391,True,0.69409424,0.5622854303727155,52.540382
2024-01-17 10:50:00,2024-01-17 10:55:00,-1,330.9,330.5,pivot,0.3999999999999772,0.119842,0.18015799999997728,5674.976999999284,1.0,2024-01-17,330.55,0.0,330.65,330.8,330.5,0.0,2024,0.0,1.0,1.0,0.0,0,10,2,1,330.9,331.05,330.5,0.6407982252914232,25.48417738860085,-1.1998454151776627,-1.1619974675672866,-0.0378479476103761,332.21750000000003,334.08361755757915,330.3513824424209,331.09000000000003,331.445,332.21750000000003,335.4316666666667,332.68802456819253,-1.0,0.0007555152614082,1,0.0033242671501963,1,0.0054397098821394,1,0.0057419159867028,1,-0.0001511030522816,0,0.001662133575098,1,0.0031731640979146,1,0.0037775763070414,1,2024-01-17 10:50:00,-0.0012093727853445,-0.0036237394327297,114.18718276611015,0.0564809132590499,-1.130023598205877,0.0564809132590499,0.94351908674095,-3.829830701341588e-07,6.498933655379731e-06,0.0010759702017996,True,23.52318423079644,0.0425631580147454,-1.536042351651889,0.0425631580147454,0.9574368419852546,9.40566050227364e-06,2.8021383935523004e-05,0.002377382897508,True,1,0,0,0.03784794761037613,0,0,0,0,0.14699437217952563,1,0,1,0,1,0,0,-0.003981565427621796,-0.013694973305127516,0.011279042354663744,0.0019365313547640471,-0.964523810697296,3.7460306557490446,-4.7597461468704,True,0.73245543,0.5891434068568344,50.532333
2024-01-17 13:55:00,2024-01-17 14:00:00,1,328.9,329.2,pivot,0.3000000000000113,0.119743,0.08025700000001139,2528.0955000003587,1.0,2024-01-17,329.25,0.0,328.75,329.35,328.7,0.0,2024,0.0,1.0,1.0,1.0,0,13,2,1,328.9,329.3,328.9,0.4475274239582152,53.87872416366816,-0.311880247778447,-0.5297662348650142,0.2178859870865671,328.5975,329.5503212962819,327.64467870371817,328.78,328.425,328.5975,330.45666666666665,328.8571730106462,1.0,-0.0004560656734569,0,-0.0009121313469138,0,-0.0034965034965034,0,-0.0048647005168743,0,-0.0006080875646092,0,-0.0015202189115232,0,-0.0015202189115232,0,-0.0019762845849801,0,2024-01-17 13:55:00,0.0009115770913835,0.0042611539137618,212.98273934625792,0.900131897505858,0.8411739992560575,0.900131897505858,0.099868102494142,-3.829830701341588e-07,6.498933655379731e-06,0.0010759702017996,True,13.740804365268064,0.9767861731956696,1.7805850855003016,0.9767861731956696,0.0232138268043304,9.40566050227364e-06,2.8021383935523004e-05,0.002377382897508,True,0,0,1,0.2178859870865672,1,0,1,1,0.6587391052133188,1,1,0,1,1,0,0,0.0009197324414714268,-0.004732948211209097,0.005793987815639127,0.0013606793066531324,11.73941899736571,35.492022545609984,-19.1547582851898,True,0.66710967,0.5617239357637889,46.587505
2024-01-23 11:00:00,2024-01-23 11:55:00,1,335.9,335.9,pivot,0.0,0.120154,-0.22015400000000002,-6934.851000000001,1.0,2024-01-23,336.4,0.0,335.8,335.95,335.75,0.0,2024,0.0,1.0,1.0,1.0,1,11,1,1,335.9,336.4,335.7,0.574087252180243,62.98884362731363,0.1065903308353313,-0.0226178423608448,0.1292081731961761,335.115,336.2566055185531,333.9733944814469,335.51,335.16,335.115,335.30749999999995,335.46167276830494,1.0,0.0016373920809765,1,0.0010419767788032,1,0.0001488538255433,1,-0.0008931229532597,0,0.00044656147663,1,0.0007442691277165,1,0.0007442691277165,1,0.0002977076510867,1,2024-01-23 11:00:00,0.001487431480546,0.0055145828699669,58.05598854433707,0.9701439248265512,1.376369479762208,0.9701439248265512,0.0298560751734489,-3.829830701341588e-07,6.498933655379731e-06,0.0010759702017996,True,2.6621628601448046,0.9858882534131362,2.307815662248739,0.9858882534131362,0.0141117465868637,9.40566050227364e-06,2.8021383935523004e-05,0.002377382897508,True,0,0,1,0.1292081731961761,1,1,1,1,0.8438140352522571,1,1,1,0,1,0,0,0.0023370050610299737,0.0017639178326883881,0.006797293947919573,0.0017091016736535964,8.138673416824794,53.15087031703693,14.066686513845,True,0.6780047,0.545966846290227,63.05551
2024-01-24 14:45:00,2024-01-24 15:45:00,1,334.65,334.85,eod,0.2000000000000454,0.120085,-0.02008499999995453,-632.6774999985678,1.0,2024-01-24,334.95,0.0,334.85,334.85,334.85,0.0,2024,0.0,1.0,1.0,1.0,0,14,2,1,334.65,335.0,334.5,0.3738768112440422,60.62345696597163,0.0333897398618319,-0.0194488996723123,0.0528386395341442,334.46500000000003,335.034487305843,333.89551269415705,334.56,334.36499999999995,334.46500000000003,334.2725,334.481387745678,1.0,0.0002988196623338,1,-0.0001494098311667,0,0.0005976393246676,1,-0.0013446884805019,0,-0.0005976393246675,0,-0.0004482294935006,0,0.0002988196623338,1,-0.0001494098311667,0,2024-01-24 14:45:00,0.0008960574076253,0.002840273977576,232.4755164464146,0.8743815820386149,0.7892481892007834,0.8743815820386149,0.125618417961385,-1.4533805996573256e-05,-1.3578166151040652e-05,0.0011525342550326,True,57.67421736893162,0.9324479983561674,1.161242611516997,0.9324479983561674,0.0675520016438325,-3.107214701930607e-05,-7.305319548854714e-05,0.0025088014719497,True,0,0,1,0.0528386395341442,1,1,1,1,0.6624267987203852,1,1,0,1,1,0,0,0.0005528163753173329,0.0011280442253100186,0.003403480088707506,0.001117217424903757,3.203260989938678,40.158602525331624,-18.82563872702625,True,0.6628531,0.5789392628648735,45.3925
2024-01-30 11:15:00,2024-01-30 11:35:00,-1,340.0,339.3,pivot,0.6999999999999886,0.120379,0.4796209999999886,15108.06149999964,1.0,2024-01-30,339.7,0.0,339.0,339.35,338.9,0.0,2024,0.0,1.0,1.0,1.0,1,11,1,1,340.0,340.15,339.7,0.5002861431176552,39.85798346565237,-0.2630483344623826,-0.1806913490931747,-0.0823569853692079,340.5125,341.70098643346114,339.32401356653884,339.96,340.1,340.5125,340.66416666666663,340.1989949789386,-1.0,0.0005882352941176,1,0.0029411764705882,1,0.0035294117647058,1,0.005735294117647,1,0.0020588235294117,1,0.0029411764705882,1,0.0030882352941176,1,0.0030882352941176,1,2024-01-30 11:15:00,-0.0010297904551095,-0.0019116247274223,194.5669162458028,0.1045595954286991,-0.8817198139848059,0.1045595954286991,0.8954404045713008,-1.4533805996573256e-05,-1.3578166151040652e-05,0.0011525342550326,True,103.47070770549982,0.1580882476514371,-0.7328485543756128,0.1580882476514371,0.8419117523485629,-3.107214701930607e-05,-7.305319548854714e-05,0.0025088014719497,True,0,0,0,0.08235698536920794,0,0,1,0,0.2843896297126974,1,0,1,0,1,0,0,-0.0015073529411764371,-0.0019534313725489147,0.006991096667418533,0.0014714298326989857,-3.282583361126862,11.335197158891692,64.85294117646855,True,0.61758894,0.6211847064502902,42.555946
2024-02-05 08:45:00,2024-02-05 10:40:00,-1,353.7,346.2,pivot,7.5,0.120997,7.279003,229288.5945,1.0,2024-02-05,352.85,0.0,346.8,346.8,346.05,0.0,2024,0.0,1.0,1.0,1.0,1,8,0,2,353.7,354.05,352.35,0.4766267999409416,44.82020939208147,0.418266829654442,0.551199854876443,-0.1329330252220009,353.56000000000006,354.8449738901177,352.2750261098824,353.7,353.875,353.56000000000006,352.2325,353.0597468286991,-1.0,0.0038167938931296,1,0.0159739892564319,1,0.017953067571388,1,0.0245971162001696,1,0.0103194797851285,1,0.0130053717839976,1,0.0156912637828668,1,0.0171048911506927,1,2024-02-05 08:45:00,-0.0033951086509436,-0.0032538756869351,4.303211951953515,0.0054554059114976,-2.875480701696771,0.0054554059114976,0.9945445940885024,-2.9501788767991048e-05,-1.8196954096289943e-05,0.0011743816242114,True,41.943710617690165,0.0723357528311144,-1.2322306081517589,0.0723357528311144,0.9276642471688856,-9.54084393425842e-05,-8.739778724381037e-05,0.0025697120966998,True,0,0,0,0.13293302522200096,1,1,0,0,0.5544758150638801,1,1,0,0,1,0,0,0.00039581566299103625,0.004148996324568766,0.00726589703204789,0.001347545377271534,-5.958086025572928,24.85172213400815,325.0636132315477,True,0.66766196,0.6224140109221469,69.92575
2024-02-05 14:15:00,2024-02-05 14:55:00,-1,349.55,350.05,pivot,-0.5,0.120988,-0.720988,-22711.122,1.0,2024-02-05,350.05,0.0,349.85,350.2,349.75,0.0,2024,0.0,1.0,1.0,1.0,0,14,0,2,349.55,350.15,349.5,0.509753134231923,65.99638689325197,0.4254083536118855,0.3837062684870965,0.041702085124789,348.985,350.06549696316523,347.9045030368348,349.42,349.415,348.985,347.71833333333336,348.33331061269547,1.0,-0.0011443284222571,0,0.0005721642111285,1,-0.0010012873694749,0,-0.0027177800028607,0,-0.0012873694750393,0,-0.0005721642111285,0,-0.0001430410527821,0,-0.0014304105278214,0,2024-02-05 14:15:00,0.0014293884652124,0.0014293884652124,98.12368172703611,0.94318972010318,1.2326362993637188,0.94318972010318,0.0568102798968198,-2.9501788767991048e-05,-1.8196954096289943e-05,0.0011743816242114,True,136.59231590255396,0.7755541598479272,0.5902553264251905,0.7755541598479272,0.2244458401520728,-9.54084393425842e-05,-8.739778724381037e-05,0.0025697120966998,True,0,0,1,0.04170208512478901,1,1,1,1,0.7614537658416373,1,1,0,1,1,0,0,0.0016163638964382713,0.005240070566919323,0.006182216925562678,0.0014583124995906824,2.7521869441509024,50.25319733180838,-40.55213846373795,True,0.5442695,0.5440917516445936,63.081802
2024-02-07 12:35:00,2024-02-07 13:35:00,1,352.95,352.0,pivot,-0.9499999999999886,0.1211485,-1.1711484999999888,-36891.177749999646,1.0,2024-02-07,352.05,0.0,351.7,352.0,351.55,0.0,2024,0.0,1.0,1.0,1.0,0,12,2,2,352.95,352.95,352.05,0.5225032810872192,37.25408044240389,-0.1216628465552958,0.0350390808943614,-0.1567019274496572,353.3125,354.50452393271166,352.12047606728834,352.98999999999995,353.015,353.3125,352.0866666666667,353.4361422259152,-1.0,-0.0028332625017707,0,-0.003683241252302,0,-0.003683241252302,0,-0.0041082306275676,0,-0.0033999150021249,0,-0.0028332625017707,0,-0.0042498937526561,0,-0.0059498512537185,0,2024-02-07 12:35:00,-0.0026948459681545,-0.0028364789972136,8.49014240596001,0.010003762214605,-2.279198651337423,0.010003762214605,0.989996237785395,-2.9501788767991048e-05,-1.8196954096289943e-05,0.0011743816242114,True,58.29438355836456,0.0932689304272934,-1.0698012487470383,0.0932689304272934,0.9067310695727064,-9.54084393425842e-05,-8.739778724381037e-05,0.0025697120966998,True,0,0,0,0.1567019274496572,0,1,0,0,0.34794768374516527,1,0,0,1,1,0,0,-0.0010270576568919432,0.002446049959861984,0.006754633419530604,0.0014803889533566207,-5.837786210689267,12.962470999990495,-107.09732256693435,True,0.67776144,0.6342340435558639,67.04377
2024-02-14 10:55:00,2024-02-14 14:50:00,-1,351.7,352.75,pivot,-1.0500000000000114,0.1211335,-1.2711335000000115,-40040.70525000036,1.0,2024-02-14,351.35,0.0,352.45,352.75,352.45,0.0,2024,0.0,1.0,1.0,1.0,0,10,2,2,351.7,351.7,351.05,0.6159766277978559,37.25297515692561,-0.5781286673403088,-0.767072152348218,0.1889434850079092,351.59000000000003,352.7207193812699,350.4592806187302,351.82,352.02000000000004,351.59000000000003,354.875,353.16313255377963,-1.0,0.0008529997156667,1,-0.0015638328120557,0,-0.0015638328120557,0,-0.0035541654819448,0,-0.0008529997156667,0,-0.0014216661927779,0,-0.0024168325277225,0,-0.0024168325277225,0,2024-02-14 10:55:00,-0.0011378183562916,-0.0038349596037995,171.5131509298721,0.1007221532454934,-0.9620733806569368,0.1007221532454934,0.8992778467545066,-1.623322575618672e-05,1.092284999163845e-05,0.0011940265985728,True,28.42063430799517,0.0477436162025861,-1.4454538462069777,0.0477436162025861,0.9522563837974138,-3.8479750989246805e-05,5.442419071016453e-05,0.0026907699645449,True,0,0,1,0.18894348500790925,1,0,0,0,0.5486416001273554,1,0,1,0,1,0,0,0.00031276656241102305,-0.009027580324139925,0.006430022071480475,0.0017514262945631388,7.038706953062587,20.438531899600285,-26.86949104350105,True,0.7568557,0.6806921203382502,52.540382
2024-02-26 10:40:00,2024-02-26 12:10:00,1,354.75,355.95,pivot,1.1999999999999886,0.121321,0.9786789999999888,30828.388499999644,1.0,2024-02-26,355.3,0.0,356.05,356.15,355.95,0.0,2024,0.0,1.0,1.0,1.0,1,10,0,2,354.75,355.5,354.75,0.7997614238595995,48.21768001027488,-0.8601058640035717,-1.0310585262104826,0.1709526622069108,354.9875,357.4528119805719,352.52218801942814,354.39,353.98,354.9875,357.5075,355.5967466992785,-1.0,0.0012684989429175,1,0.0023960535588443,1,0.004369274136716,1,0.0031007751937985,1,0.0019732205778717,1,0.0018322762508808,1,0.0045102184637069,1,0.0054968287526426,1,2024-02-26 10:40:00,0.0014082525915569,0.0066360991855002,102.83449075209964,0.9414937113391952,1.086084202676772,0.9414937113391952,0.0585062886608048,1.18889695157728e-05,2.9119050294226097e-05,0.0012698219326491,True,6.587712240273715,0.9748394881245892,2.27325244212252,0.9748394881245892,0.0251605118754106,5.976329660764444e-05,0.0001499004698595,0.0028532681172816,True,0,0,1,0.17095266220691085,0,0,1,1,0.4518316541939411,1,0,1,0,1,0,0,-0.0006694855532065155,-0.007773079633544731,0.01389886951696614,0.0022544367127825212,8.242940763197437,21.786274120436627,62.15644820295855,True,0.6824369,0.5593158989900548,46.15587
2024-02-28 12:45:00,2024-02-28 14:35:00,1,356.95,356.8,pivot,-0.1499999999999772,0.1214125,-0.3714124999999773,-11699.493749999285,1.0,2024-02-28,357.35,0.0,356.6,356.9,356.6,0.0,2024,0.0,1.0,1.0,1.0,1,12,2,2,356.95,357.45,356.9,0.3971522527194577,78.55733975620691,0.4288280244495581,0.370662686539049,0.058165337910509,356.18500000000006,357.0688313744551,355.301168625545,356.74,356.5,356.18500000000006,354.90083333333337,356.0114023042948,1.0,0.0011206051267685,1,0.0022412102535369,1,0.0022412102535369,1,0.0002801512816921,1,0.002381285894383,1,0.0021011346126908,1,0.0021011346126908,1,0.002661437176075,1,2024-02-28 12:45:00,0.0011199777175183,0.0029426210541975,175.5951006079601,0.901951017696233,0.8590642823031982,0.901951017696233,0.098048982303767,1.18889695157728e-05,2.9119050294226097e-05,0.0012698219326491,True,58.01867846662786,0.9041809435330396,0.9787795852142852,0.9041809435330396,0.0958190564669603,5.976329660764444e-05,0.0001499004698595,0.0028532681172816,True,0,1,1,0.058165337910509096,1,1,1,1,0.9327748607428752,1,1,0,1,1,0,0,0.0021431573049444726,0.005740766680674106,0.00495212984706565,0.0011126271262626634,4.569314212270438,73.27631165142664,75.0105056730645,True,0.6574293,0.6016565614708378,46.853554
2024-03-05 08:45:00,2024-03-05 11:15:00,-1,360.1,360.0,pivot,0.1000000000000227,0.121603,-0.12160299999997727,-3830.494499999284,1.0,2024-03-05,359.85,0.0,359.7,360.0,359.45,0.0,2024,0.0,1.0,1.0,1.0,0,8,1,3,360.1,360.25,359.55,0.4192621737379732,28.7418237497942,-0.1031686392965411,0.0285555753477644,-0.1317242146443056,361.3625,362.1728767829816,360.5521232170185,360.92,361.225,361.3625,361.1625,360.86548165261325,-1.0,0.0009719522354902,1,0.0001388503193557,1,-0.0069425159677867,0,-0.00097195223549,0,-0.0022216051096916,0,-0.0019439044709802,0,-0.00097195223549,0,-0.0013885031935573,0,2024-03-05 08:45:00,-0.0042981002043147,-0.0047130666671475,2.8753793455714765,0.0031532553661415,-3.532714964007921,0.0031532553661415,0.9968467446338584,2.0701687318946763e-05,3.7737454786444894e-05,0.0012273386625514,True,13.840435168021903,0.0283614428470871,-1.7655771465195946,0.0283614428470871,0.9716385571529128,0.0001157861616501,0.0001971652827625,0.0027810917011411,True,1,0,0,0.1317242146443055,0,0,0,0,-0.27895864399954273,1,0,0,0,1,0,0,-0.0035059705637322646,-0.0029505692863093583,0.004500843004618358,0.0011642937343459404,-3.785994160886691,-8.017780179316443,-69.98056095528541,True,0.70851946,0.5450271549434903,63.79616
2024-03-08 12:00:00,2024-03-08 13:30:00,-1,361.8,361.0,pivot,0.8000000000000114,0.121684,0.5783160000000115,18216.95400000036,1.0,2024-03-08,361.0,0.0,361.05,361.2,360.85,0.0,2024,0.0,1.0,1.0,1.0,1,12,4,3,361.8,361.8,360.95,0.4452238228129307,33.62334479615734,0.0874314851442932,0.368539085691716,-0.2811076005474228,362.49,363.4461986161995,361.5338013838005,361.91,362.37,362.49,360.53333333333336,361.69986832463707,-1.0,0.0024875621890548,1,0.0016583747927032,1,0.0015201768933112,1,0.0023493642896628,1,0.0023493642896628,1,0.0024875621890548,1,0.0017965726920951,1,0.0017965726920951,1,2024-03-08 12:00:00,-0.0022136146283138,-0.0045602234765404,23.236355919150583,0.0227404367608323,-1.834336480869891,0.0227404367608323,0.9772595632391676,2.0701687318946763e-05,3.7737454786444894e-05,0.0012273386625514,True,15.219757575286986,0.030599584422898,-1.7106191634569132,0.030599584422898,0.969400415577102,0.0001157861616501,0.0001971652827625,0.0027810917011411,True,0,0,0,0.2811076005474228,0,1,0,0,0.13919629859826832,1,1,0,1,1,0,0,-0.0019071310116086171,0.0035010134512621655,0.005285785606409701,0.0012305799414398305,-9.451777778026464,4.680245142118449,74.00497512437819,True,0.73423994,0.5910395501190898,74.91945
2024-03-14 11:00:00,2024-03-14 15:05:00,1,365.4,366.1,pivot,0.7000000000000455,0.121945,0.47805500000004547,15058.732500001432,1.0,2024-03-14,365.7,0.0,366.1,366.15,365.95,0.0,2024,0.0,1.0,1.0,1.0,1,11,3,3,365.4,365.85,365.4,0.3880672215801016,73.21455132955722,0.4153244309434285,0.3516238033275888,0.0637006276158397,364.64,365.6109463663837,363.6690536336163,365.25,364.895,364.64,363.5975,364.45516696804873,1.0,0.0013683634373289,1,0.0008210180623974,1,0.0017788724685277,1,0.0001368363437329,1,0.0013683634373289,1,0.0008210180623974,1,0.0013683634373289,1,0.0012315270935961,1,2024-03-14 11:00:00,0.0008206812114291,0.0028753357250936,280.5860087154524,0.8545099405951361,0.653531555963201,0.8545099405951361,0.1454900594048639,2.324118762207872e-05,2.8583292471421536e-05,0.0012120270425049,True,48.31216639216294,0.9118067880005524,0.9843880122701684,0.9118067880005524,0.0881932119994477,8.542163113951312e-05,0.0001404241573045,0.0027782861368677,True,0,1,1,0.06370062761583972,1,1,1,1,0.8913707421505721,1,1,1,0,1,0,0,0.002079912424739986,0.004932950191570751,0.00531443002946751,0.0010620339944720897,4.6638128703049055,65.26130895484857,43.103448275860345,True,0.6549629,0.5628377817565926,48.92264
2024-04-02 12:35:00,2024-04-02 13:10:00,-1,379.2,379.3,pivot,-0.1000000000000227,0.122755,-0.3227550000000227,-10166.782500000716,1.0,2024-04-02,378.7,0.0,379.1,379.4,379.05,0.0,2024,0.0,1.0,1.0,1.0,0,12,1,4,379.2,379.3,378.7,0.3803830478275378,42.00167025372862,0.2134396030344305,0.345555937034504,-0.1321163340000735,379.3825000000001,380.1008863533641,378.66411364663605,379.32,379.49,379.3825000000001,378.235,378.8406333720673,-1.0,0.0013185654008438,1,-0.0001318565400844,0,0.0013185654008438,1,0.0031645569620252,1,-0.0003955696202532,0,-0.0003955696202532,0,-0.0002637130801688,0,0.0002637130801686,1,2024-04-02 12:35:00,-0.0014512833208925,-0.0023737318280237,66.99025237186137,0.0408722293651296,-1.389608434099908,0.0408722293651296,0.9591277706348704,2.347969913501745e-06,2.672027313829021e-05,0.0010636115597471,True,62.748257707544,0.090848690258231,-1.0338300761234138,0.090848690258231,0.9091513097417688,4.844744985826536e-05,0.0001323414016969,0.00242406686321,True,0,0,0,0.1321163340000735,0,1,0,0,0.37297921296424436,1,1,0,1,1,0,0,-0.0004812763713083287,0.002544831223628626,0.0037889575599368403,0.0010031198518658697,-5.549106695802562,15.665749914419415,-12.4604430379758,True,0.68554515,0.6110841700304314,51.159893
2024-04-05 10:30:00,2024-04-05 10:55:00,-1,374.75,373.0,pivot,1.75,0.1224325,1.5275675,48118.37625,1.0,2024-04-05,374.25,0.0,372.85,373.0,372.4,0.0,2024,0.0,1.0,1.0,1.0,1,10,4,4,374.75,374.75,374.15,0.6191372275652338,32.37856837874601,-0.3703965472297454,-0.2967153504422621,-0.0736811967874833,375.3850000000001,376.79664331443615,373.973356685564,375.17,375.675,375.3850000000001,376.5541666666667,375.7313376697708,-1.0,0.0008005336891261,1,0.0050700466977984,1,0.0041360907271514,1,0.0024016010673781,1,0.0020013342228152,1,0.0046697798532354,1,0.0049366244162775,1,0.0046697798532354,1,2024-04-05 10:30:00,-0.0013351136829693,-0.004532132524298,84.11930849496663,0.0496959034266709,-1.2803865693518093,0.0496959034266709,0.950304096573329,2.347969913501745e-06,2.672027313829021e-05,0.0010636115597471,True,13.448570212422942,0.0269325695476708,-1.9242348454935176,0.0269325695476708,0.9730674304523292,4.844744985826536e-05,0.0001323414016969,0.00242406686321,True,0,0,0,0.0736811967874833,0,0,0,0,0.2750848271988077,1,0,1,0,1,0,0,-0.001694462975317157,-0.004814320658216609,0.007533786868237902,0.0016521340295269748,-2.385691668411369,8.906852887412127,63.0420280186788,True,0.73340225,0.6102916122146274,54.95014
2024-04-05 12:05:00,2024-04-05 12:20:00,1,373.6,374.05,pivot,0.4499999999999886,0.1224295,0.22757049999998857,7168.47074999964,1.0,2024-04-05,374.0,0.0,374.1,374.15,373.95,0.0,2024,0.0,1.0,1.0,1.0,1,12,4,4,373.6,374.0,373.6,0.4547054594577546,49.83044913090863,-0.4085037447371178,-0.5801051857584852,0.1716014410213674,373.47,374.52949342648094,372.410506573519,373.64,373.42,373.47,375.44,374.5028630966883,-1.0,0.0006691648822269,1,0.0018736616702355,1,0.0032119914346894,1,0.0010706638115631,1,0.0013383297644539,1,0.0008029978586722,1,0.0021413276231262,1,0.0020074946466809,1,2024-04-05 12:05:00,0.0010700910598443,0.0025433384970086,148.8123744484267,0.9264675493657464,0.9644950167085956,0.9264675493657464,0.0735324506342535,7.660730757500851e-06,1.8520635840173254e-05,0.0010902808265332,True,59.13465286985532,0.9260776792468972,1.0183812375117487,0.9260776792468972,0.0739223207531029,7.787832396891278e-06,8.666129724114206e-05,0.0024123354882008,True,0,0,1,0.17160144102136743,1,0,0,1,0.5613500738894803,1,0,0,1,1,0,0,0.0003479657387580178,-0.004925053533190511,0.005671806351611185,0.001217091700904054,8.550976877605866,27.972326301581553,42.15738758029785,True,0.6886674,0.6333548554294702,43.789272
2024-04-09 10:30:00,2024-04-09 10:40:00,-1,375.75,374.55,pivot,1.1999999999999886,0.122509,0.9774909999999888,30790.966499999646,1.0,2024-04-09,375.25,0.0,374.9,374.95,374.4,0.0,2024,0.0,1.0,1.0,1.0,1,10,1,4,375.75,376.0,375.25,0.543752362300182,33.214928696858,-0.0567215070259976,0.2138705980384477,-0.2705921050644454,377.0675,378.37949927990417,375.7555007200958,376.23,376.705,377.0675,375.96583333333336,376.291884666479,-1.0,0.003193612774451,1,0.0030605455755155,1,0.0037258815701928,1,0.0069194943446441,1,0.0018629407850964,1,0.0027944111776447,1,0.0045242847638056,1,0.0033266799733865,1,2024-04-09 10:30:00,-0.0013315581195125,-0.0039893669930334,90.40423973417126,0.0465015216184441,-1.238285332087895,0.0465015216184441,0.953498478381556,7.660730757500851e-06,1.8520635840173254e-05,0.0010902808265332,True,17.853093917742335,0.0325221631106261,-1.6896606256514315,0.0325221631106261,0.967477836889374,7.787832396891278e-06,8.666129724114206e-05,0.0024123354882008,True,0,0,0,0.2705921050644453,0,0,0,0,-0.0020963121626965137,1,0,1,0,1,0,0,-0.0035063206919494225,-0.0005744067420714955,0.006983362767287671,0.0014471120753165188,-8.987697475648265,-0.0696288590103209,58.6826347305366,True,0.7384808,0.6044230676136884,48.962326
2024-04-11 15:10:00,2024-04-11 15:45:00,-1,372.5,372.8,eod,-0.3000000000000113,0.122359,-0.5223590000000113,-16454.308500000356,1.0,2024-04-11,372.15,0.0,372.8,372.8,372.8,0.0,2024,0.0,1.0,1.0,1.0,1,15,3,4,372.5,372.55,372.1,0.4673626894507345,40.5595216819796,0.1238446969837809,0.3002452963515303,-0.1764005993677493,372.975,374.0053295357776,371.9446704642225,372.78,373.21,372.975,372.0191666666667,372.6475654212006,-1.0,0.0018791946308724,1,-0.0008053691275168,0,0.0173154362416107,1,0.0229530201342282,1,0.0002684563758389,1,-0.0009395973154363,0,0.0167785234899328,1,0.0177181208053691,1,2024-04-11 15:10:00,-0.0009400390136946,-0.0048250998317569,197.95654680226173,0.1013365154210643,-0.8791860098858589,0.1013365154210643,0.8986634845789356,7.660730757500851e-06,1.8520635840173254e-05,0.0010902808265332,True,10.781527551927644,0.0206580878180786,-2.0361020069647475,0.0206580878180786,0.9793419121819212,7.787832396891278e-06,8.666129724114206e-05,0.0024123354882008,True,0,0,0,0.1764005993677494,0,1,0,0,0.26949122416374044,1,0,0,0,1,0,0,-0.0012751677852349604,0.0012908277404920642,0.005531970661892907,0.0012546649381227771,-7.1547239347704235,10.930435149572455,8.45637583892535,True,0.72882867,0.624512099677904,48.137054
2024-04-15 14:35:00,2024-04-15 14:50:00,-1,366.3,366.85,pivot,-0.5500000000000114,0.1219945,-0.7719945000000115,-24317.82675000036,1.0,2024-04-15,365.95,0.0,367.2,367.2,366.8,0.0,2024,0.0,1.0,1.0,1.0,0,14,0,4,366.3,366.4,365.85,0.4468541910462152,51.98832101922455,0.3454522110346829,0.4007635796301532,-0.0553113685954703,366.015,366.9980671681508,365.0319328318492,366.26,366.375,366.015,364.81166666666667,365.4659035605003,1.0,-0.001092001092001,0,-0.002047502047502,0,-0.0025935025935025,0,0.0143325143325143,1,-0.0024570024570023,0,-0.0021840021840022,0,-0.0019110019110018,0,-0.002047502047502,0,2024-04-15 14:35:00,-0.0009559577375326,-0.0023200283350736,192.19601017506727,0.0982017902213797,-0.8937865820050763,0.0982017902213797,0.9017982097786202,7.660730757500851e-06,1.8520635840173254e-05,0.0010902808265332,True,65.99601856171242,0.091359012420073,-0.9976595892596012,0.091359012420073,0.908640987579927,7.787832396891278e-06,8.666129724114206e-05,0.0024123354882008,True,0,0,0,0.05531136859547031,1,1,1,0,0.6449544900050551,1,1,0,1,1,0,0,0.0007780507780508463,0.004063154063154092,0.005367552105655454,0.001219913161469329,-2.875545186553965,33.53010106917306,-77.39557739557245,True,0.68917614,0.6648947700681932,49.60068
2024-04-15 14:50:00,2024-04-15 15:45:00,-1,366.85,367.2,eod,-0.3499999999999659,0.1220215,-0.5720214999999659,-18018.677249998924,1.0,2024-04-15,367.2,0.0,367.2,367.2,367.2,0.0,2024,0.0,1.0,1.0,1.0,0,14,0,4,366.85,367.2,366.8,0.4848901813879528,65.51744454573434,0.4211214547224813,0.3967308301333302,0.024390624589151,366.255,367.22665079511046,365.28334920488953,366.6,366.54,366.255,364.945,365.5269986611863,1.0,-0.0006814774430966,0,0.0002725909772387,1,0.0118577075098814,1,0.0164917541229385,1,-0.0004088864658579,0,-0.0005451819544772,0,-0.0005451819544772,0,-0.0010903639089545,0,2024-04-15 14:50:00,0.0009536135863321,0.0030001386201448,194.6262721935108,0.906593864160272,0.8576624734980433,0.906593864160272,0.093406135839728,7.660730757500851e-06,1.8520635840173254e-05,0.0010902808265332,True,36.82390313456665,0.94755563427295,1.2077413515466866,0.94755563427295,0.0524443657270499,7.787832396891278e-06,8.666129724114206e-05,0.0024123354882008,True,0,0,1,0.02439062458915109,1,1,1,1,0.8061799583729997,1,1,0,1,1,0,0,0.001621916314570062,0.005192858116396428,0.005297264795477514,0.0013217668839796996,1.598011393955525,52.81885071658542,-12.87992367452385,True,0.6988529,0.6085401906632003,45.3925
2024-04-17 13:30:00,2024-04-17 14:20:00,1,357.35,357.7,pivot,0.3499999999999659,0.1214515,0.1285484999999659,4049.277749998926,1.0,2024-04-17,357.65,0.0,357.7,357.75,357.5,0.0,2024,0.0,1.0,1.0,1.0,1,13,2,4,357.35,357.85,357.3,0.4683220380254191,60.20540332811317,0.0349655252288698,-0.0877270795145077,0.1226926047433775,356.9775,357.8367989821357,356.11820101786424,357.25,356.86,356.9775,357.435,357.5746151664658,1.0,0.0009794319294808,1,0.0033580523296487,1,0.0009794319294808,1,-0.0064362669651602,0,0.0016790261648243,1,0.0020987827060305,1,0.0025185392472365,1,0.0009794319294808,1,2024-04-17 13:30:00,0.0008391608884049,0.0037817819426023,255.54486498031912,0.8645017734850892,0.667664502580091,0.8645017734850892,0.1354982265149108,6.12821164683679e-06,-3.62471962466358e-06,0.0012622890759846,True,22.963176938649788,0.9635814040150084,1.3795708887197728,0.9635814040150084,0.0364185959849916,4.74799580984329e-05,-1.659434121773268e-05,0.0027533027225189,True,0,0,1,0.12269260474337751,1,0,1,1,0.716746445500399,1,0,0,1,1,0,0,0.0010423954106618225,-0.000237862040016733,0.004809284914709536,0.0013105415923476119,7.386757753951813,43.15200883534301,52.88932419196545,True,0.6717273,0.5458888071995394,47.46159
2024-04-18 14:30:00,2024-04-18 15:45:00,1,360.4,360.35,eod,-0.0499999999999545,0.1216225,-0.2716224999999545,-8556.108749998568,1.0,2024-04-18,360.85,0.0,360.35,360.35,360.35,0.0,2024,0.0,1.0,1.0,1.0,1,14,3,4,360.4,360.9,360.35,0.3985058865066685,68.12190660317584,0.2182712678270491,0.1046082357195754,0.1136630321074737,359.715,360.69913734805255,358.7308626519474,360.27,359.82,359.715,359.53,359.4082247205732,1.0,0.0012486126526083,1,0.0019422863485017,1,0.002219755826859,1,-0.0205327413984461,0,0.0016648168701443,1,0.0016648168701443,1,0.0011098779134296,1,0.001803551609323,1,2024-04-18 14:30:00,0.0012478337840995,0.0036091099697791,114.76658188749307,0.9367313772734924,0.9914198954371648,0.9367313772734924,0.0632686227265074,6.12821164683679e-06,-3.62471962466358e-06,0.0012622890759846,True,26.207101767006016,0.959330720909275,1.316856399894786,0.959330720909275,0.040669279090725,4.74799580984329e-05,-1.659434121773268e-05,0.0027533027225189,True,0,0,1,0.1136630321074737,1,1,1,1,0.8480205285143854,1,1,0,1,1,0,0,0.001900665926748064,0.0024139844617092248,0.005461361531923254,0.0011057322045135087,7.7429424574591,57.76877524103278,52.441731409545454,True,0.7083643,0.5902229926088599,46.902187
2024-04-19 10:35:00,2024-04-19 10:55:00,-1,351.05,351.7,pivot,-0.6499999999999773,0.1210825,-0.8710824999999773,-27439.098749999284,1.0,2024-04-19,350.25,0.0,350.95,351.95,350.4,0.0,2024,0.0,1.0,1.0,0.0,0,10,4,4,351.05,351.15,350.2,0.871578997623576,19.32803510606917,-1.6679983411225408,-1.5822023006144108,-0.0857960405081299,353.06,355.50660882456833,350.6133911754317,351.54,352.53000000000003,353.06,357.5225,353.36419874000933,-1.0,0.0027061672126477,1,0.0038456060390258,1,0.0054123344252956,1,0.001709158239567,1,-0.0018515880928641,0,0.0002848597065945,1,0.0031334567725395,1,0.006266913545079,1,2024-04-19 10:35:00,-0.0022814782461414,-0.0068288784370717,13.784731270161055,0.0138202171159997,-1.8045418992000424,0.0138202171159997,0.9861797828840004,6.12821164683679e-06,-3.62471962466358e-06,0.0012622890759846,True,3.8492044437976856,0.0103970369791398,-2.474222699936726,0.0103970369791398,0.98960296302086,4.74799580984329e-05,-1.659434121773268e-05,0.0027533027225189,True,1,0,0,0.08579604050812994,0,0,0,0,0.08922734606856743,1,0,1,0,1,0,0,-0.005725680102549468,-0.018437544509329065,0.013938805438361086,0.002482777375369822,-1.6582688829028673,1.724589277234654,-58.325024925219154,True,0.7212625,0.6149545827171554,77.992195
2024-04-19 14:30:00,2024-04-19 15:45:00,-1,353.7,354.05,eod,-0.3500000000000227,0.1212325,-0.5712325000000228,-17993.823750000716,1.0,2024-04-19,352.7,0.0,354.05,354.05,354.05,0.0,2024,0.0,1.0,1.0,1.0,1,14,4,4,353.7,353.8,352.65,0.7426926622827377,50.69193015420482,0.4293655375278717,0.509798748098836,-0.0804332105709642,353.105,353.8876406067959,352.3223593932041,353.14,353.2,353.105,351.655,351.57665392074654,1.0,0.0018377155781735,1,0.0012722646310432,1,0.0011309018942606,1,-0.0138535482046933,0,0.0022618037885213,1,0.0014136273678258,1,0.0016963528413909,1,0.0021204410517387,1,2024-04-19 14:30:00,-0.0028312589694286,-0.0008502196912904,8.459411739932849,0.0077426508721753,-2.240084544499673,0.0077426508721753,0.9922573491278248,6.12821164683679e-06,-3.62471962466358e-06,0.0012622890759846,True,200.53227425089247,0.2924566738638278,-0.302772863751811,0.2924566738638278,0.7075433261361721,4.74799580984329e-05,-1.659434121773268e-05,0.0027533027225189,True,0,0,0,0.08043321057096425,1,1,1,1,0.8801233892245136,1,1,0,1,1,0,0,0.0016822165677126675,0.005781735934407736,0.004425448723753996,0.002099781346572626,-4.077314692341766,44.61515337365107,71.24681933842095,True,0.5408491,0.5474234853348856,43.65667
2024-04-23 11:20:00,2024-04-23 12:10:00,1,358.6,358.55,pivot,-0.0500000000000113,0.1215145,-0.27151450000001137,-8552.706750000358,1.0,2024-04-23,358.9,0.0,359.05,359.1,358.55,0.0,2024,0.0,1.0,1.0,1.0,1,11,1,4,358.6,359.2,358.5,0.643842226232798,54.4580387975026,-0.0528579402529203,-0.0042301100942133,-0.0486278301587069,358.8,360.19774254228327,357.4022574577168,358.36,358.26,358.8,358.025,357.78551246011773,1.0,0.0004182933630785,1,0.0011154489682096,1,0.0012548800892358,1,0.0009760178471833,1,0.0018126045733407,1,0.0015337423312882,1,0.0012548800892358,1,0.0004182933630785,1,2024-04-23 11:20:00,0.0008362369825288,0.0036287548542024,256.9034284842659,0.8637521931308761,0.6653481505402249,0.8637521931308761,0.1362478068691238,6.12821164683679e-06,-3.62471962466358e-06,0.0012622890759846,True,25.805452438354504,0.9598429218264316,1.3239914251365277,0.9598429218264316,0.0401570781735683,4.74799580984329e-05,-1.659434121773268e-05,0.0027533027225189,True,0,0,0,0.048627830158707,0,1,1,1,0.42845606613886306,1,1,1,0,1,0,0,-0.0005577244841048205,0.0016034578918015768,0.007795552383063164,0.0017954328673530338,-2.6481762614212276,23.332877072815545,57.09704406023205,True,0.68520653,0.5814303785191427,47.46159
2024-05-20 10:35:00,2024-05-20 13:15:00,-1,375.5,374.75,pivot,0.75,0.1225075,0.5274924999999999,16616.01375,1.0,2024-05-20,375.1,0.0,374.65,374.9,374.6,0.0,2024,0.0,1.0,1.0,1.0,1,10,0,5,375.5,375.55,375.05,0.5482721383636028,49.78671650617643,0.6677044985640919,0.8824935542351459,-0.214789055671054,375.775,377.3442774082501,374.20572259174986,375.96,376.155,375.775,373.33,374.978130365204,1.0,0.0001331557922769,1,0.0018641810918774,1,0.0013315579227696,1,0.0023968042609852,1,0.0015978695073236,1,0.0017310252996004,1,0.0013315579227696,1,0.0013315579227696,1,2024-05-20 10:35:00,-0.0010658141163477,-0.002662408388449,178.4160796805123,0.1007329619965937,-0.7186735712443963,0.1007329619965937,0.8992670380034062,-1.1187490397563493e-06,2.8661012958471483e-06,0.0014870175562365,True,58.66958831109961,0.0834611784776582,-0.8403555194198975,0.0834611784776582,0.9165388215223418,-3.345431535626041e-06,1.67383030593901e-05,0.0031881110192004,True,0,0,0,0.214789055671054,0,1,0,0,0.4123800551278481,1,1,1,0,1,0,0,-0.0007323568575232417,0.005778961384820282,0.008358335063915399,0.0014601122193438156,-10.693641823324112,20.53104889745158,50.3328894806934,True,0.6946268,0.6513477975593502,52.540382
2024-05-29 08:45:00,2024-05-29 11:35:00,1,371.65,367.7,pivot,-3.9499999999999886,0.1221805,-4.172180499999989,-131423.68574999965,1.0,2024-05-29,370.55,0.0,367.7,367.8,367.6,0.0,2024,0.0,1.0,1.0,1.0,0,8,2,5,371.65,371.7,370.5,0.396845505318061,29.312108029161493,-0.1488086236494723,-0.0996117728147634,-0.0491968508347088,371.8125,372.5607435605525,371.0642564394475,371.71,371.775,371.8125,372.12,371.8941745937798,-1.0,-0.0037669850665948,0,-0.0017489573523475,0,-0.0045741961522937,0,-0.0083411812188886,0,-0.002825238799946,0,-0.0032288443427956,0,-0.0012108166285483,0,-0.0016144221713977,0,2024-05-29 08:45:00,-0.0040398654459023,-0.0030986889058384,2.023519447714968,0.0023479841163754,-2.9548203153770927,0.0023479841163754,0.9976520158836244,-9.972841337770875e-06,1.311867574700612e-05,0.0013716516366688,True,34.99103866877046,0.0509687360419271,-1.0752370293945963,0.0509687360419271,0.9490312639580728,-4.948197944370029e-05,6.742878238344944e-05,0.0029445764995692,True,1,0,0,0.04919685083470891,0,0,0,0,0.39141236318824363,1,0,0,0,1,0,0,-0.00043723933808697093,-0.0012646307009283662,0.004026603312538731,0.001067793637341749,-1.442063406361528,11.473121473723191,-88.995022198299,True,0.7183883,0.5744576380684566,46.18674
2024-06-21 11:45:00,2024-06-21 12:50:00,1,382.0,382.9,pivot,0.8999999999999773,0.122947,0.6770529999999773,21327.169499999283,1.0,2024-06-21,382.35,0.0,383.05,383.1,382.85,0.0,2024,0.0,1.0,1.0,1.0,1,11,4,6,382.0,382.4,382.0,0.4117711586307984,46.90503364450948,-0.3968473630409903,-0.5329040695244583,0.136056706483468,382.18,382.8977450108272,381.4622549891727,382.08,381.965,382.18,384.37,382.7836710127192,-1.0,0.0009162303664922,1,0.0007853403141361,1,0.0024869109947643,1,0.0011780104712041,1,0.0011780104712041,1,0.0017015706806282,1,0.0014397905759162,1,0.0015706806282723,1,2024-06-21 11:45:00,0.000915810883659,0.0022255687657224,199.5750992739673,0.9147920937522356,0.8229993284464949,0.9147920937522356,0.0852079062477643,-5.9192440160493655e-06,1.4605793257237803e-05,0.0010950253047021,True,70.8510729484331,0.9142582485696424,0.8862519087037304,0.9142582485696424,0.0857417514303575,3.825643416723808e-05,7.412602026068777e-05,0.0024275747384381,True,0,0,1,0.13605670648346807,0,0,0,1,0.374607278849286,1,0,1,0,1,0,0,-0.0004712041884816933,-0.006204188481675405,0.003757827281817956,0.001077934970237692,6.381744395168217,17.570967017903904,37.10732984292915,True,0.6632629,0.6214627089559037,47.2065
2024-06-27 12:55:00,2024-06-27 13:10:00,-1,383.0,383.2,pivot,-0.1999999999999886,0.122986,-0.4229859999999887,-13324.058999999645,1.0,2024-06-27,382.65,0.0,383.3,383.4,383.2,0.0,2024,0.0,1.0,1.0,1.0,0,12,3,6,383.0,383.0,382.45,0.3378248749276992,43.000279660212485,0.1017279369474977,0.1917007661222765,-0.0899728291747787,383.185,383.6608372185387,382.7091627814613,383.06000000000006,383.11,383.185,382.4725,382.5672015731781,1.0,-0.0,0,-0.0007832898172324,0,-0.0010443864229764,0,-0.0027415143603133,0,-0.0007832898172324,0,-0.0007832898172324,0,-0.0010443864229764,0,-0.0010443864229764,0,2024-06-27 12:55:00,-0.0009142559247159,-0.0023492571493753,177.447346745553,0.0823280098319922,-0.848255938912573,0.0823280098319922,0.9176719901680076,-5.9192440160493655e-06,1.4605793257237803e-05,0.0010950253047021,True,55.99263016213155,0.0739316138779115,-0.9982733512852344,0.0739316138779115,0.9260683861220884,3.825643416723808e-05,7.412602026068777e-05,0.0024275747384381,True,0,0,0,0.08997282917477879,0,1,0,0,0.30560579039178126,1,1,0,1,1,0,0,-0.0004830287206266378,0.0013772845953001957,0.0024847896529435307,0.0008820492817955592,-3.8688568163360086,13.141134452626872,-24.6736292428206,True,0.69514376,0.6848824618934537,47.83828
2024-07-02 10:35:00,2024-07-02 10:45:00,1,383.7,384.2,pivot,0.5,0.123037,0.276963,8724.3345,1.0,2024-07-02,384.0,0.0,384.15,384.35,384.0,0.0,2024,0.0,1.0,1.0,1.0,1,10,1,7,383.7,384.15,383.65,0.6039604447489193,47.385027297098354,-0.5364803191581018,-0.6557050939529282,0.1192247747948264,383.875,385.50385171231454,382.2461482876855,383.57,383.415,383.875,385.5525,384.9854573811991,-1.0,0.0013031013812874,1,0.0024758926244461,1,0.001563721657545,1,-0.0003909304143861,0,0.0009121709669012,1,0.0009121709669012,1,0.0028668230388324,1,0.0023455824863175,1,2024-07-02 10:35:00,0.0009118739640526,0.0031298930089275,205.68793513314432,0.915026280174387,0.8416779639411318,0.915026280174387,0.0849737198256129,1.5035213597014324e-05,2.505341002708904e-05,0.0010536340405932,True,27.466770383399155,0.9587426058034852,1.2852996106921433,0.9587426058034852,0.0412573941965147,0.0001257639978934,0.000122578888942,0.0023397767298521,True,0,0,1,0.1192247747948264,0,0,1,1,0.44628117505203285,1,0,1,0,1,0,0,-0.0004560854834506421,-0.0048279906176701085,0.008490235664917979,0.001574043379590616,5.649469208143253,21.147045662021707,28.733385457387797,True,0.6988529,0.6068833067105291,42.562126
2024-07-05 11:30:00,2024-07-05 12:00:00,1,397.85,397.8,pivot,-0.0500000000000113,0.1238695,-0.2738695000000114,-8626.88925000036,1.0,2024-07-05,398.3,0.0,397.75,398.1,397.75,0.0,2024,0.0,1.0,1.0,2.0,1,11,4,7,397.85,398.35,397.8,0.5072789989895725,86.2408780728964,1.130000755537253,1.0386798490203055,0.0913209065169473,396.1875,398.2185419951439,394.1564580048561,397.64,396.9450000000001,396.1875,393.0625,396.5670809154525,1.0,0.0036445896694733,1,-0.0001256755058439,0,-0.001382430564283,0,0.0,0,0.0012567550584391,1,-0.0001256755058439,0,-0.0002513510116878,0,-0.0005027020233757,0,2024-07-05 11:30:00,0.0010047727547157,0.0044033536582699,164.56550030839972,0.9321944099643424,0.9298478474907872,0.9321944099643424,0.0678055900356576,1.5035213597014324e-05,2.505341002708904e-05,0.0010536340405932,True,6.894107408170048,0.978968021427416,1.8295654943104032,0.978968021427416,0.0210319785725838,0.0001257639978934,0.000122578888942,0.0023397767298521,True,0,1,1,0.09132090651694758,1,1,1,1,0.9092726797316296,1,1,1,0,1,0,0,0.004178710569310099,0.012033429684554536,0.010210089205197337,0.001275050896040147,7.875595164434421,78.41647430775124,39.58778434083165,True,0.69080096,0.5955924010560306,47.615585
2024-07-22 10:50:00,2024-07-22 11:00:00,1,381.15,380.85,pivot,-0.2999999999999545,0.12286,-0.5228599999999546,-16470.08999999857,1.0,2024-07-22,380.85,0.0,380.75,381.1,380.45,0.0,2024,0.0,1.0,1.0,0.0,0,10,0,7,381.15,381.2,380.8,0.704957202115657,33.74654882247259,-0.7948598315209665,-0.8320691437221748,0.0372093122012082,381.9,383.86549177065257,379.9345082293474,381.48,381.515,381.9,383.8891666666667,383.1360534284506,-1.0,-0.0007870916961824,0,-0.0011806375442738,0,-0.0001311819493636,0,-0.0002623638987274,0,-0.0007870916961824,0,-0.000524727797455,0,-0.0022300931391839,0,-0.0018365472910927,0,2024-07-22 10:50:00,-0.0009185749612498,-0.00249131447285,158.59715681697642,0.0694990663872273,-0.9623906405734364,0.0694990663872273,0.9305009336127726,2.170695780589252e-05,3.6933037256973447e-05,0.0009928483904804,True,34.85031997778077,0.0600512613998736,-1.2262180602220496,0.0600512613998736,0.9399487386001264,0.0001661424536347,0.000185347173701,0.0021828594223008,True,0,0,1,0.03720931220120827,0,0,0,0,0.30920805388287587,1,0,1,0,1,0,0,-0.0019677292404565133,-0.007186584459311907,0.010313481677305999,0.0018495531998311875,1.2556858708486975,10.434704686660206,-24.7933884297456,True,0.722314,0.6353277788745348,47.83828
2024-07-23 10:45:00,2024-07-23 11:00:00,-1,383.1,383.35,pivot,-0.25,0.1229935,-0.47299349999999996,-14899.29525,1.0,2024-07-23,382.5,0.0,383.5,383.55,383.1,0.0,2024,0.0,1.0,1.0,1.0,0,10,1,7,383.1,383.2,382.5,0.6721395106009652,30.316628008005864,-0.144336157009036,0.3039513981001246,-0.4482875551091607,385.1,387.2235521397606,382.9764478602394,383.5,384.39,385.1,383.1933333333333,384.0512938622855,-1.0,0.0002610284521013,1,-0.0002610284521011,0,-0.0014356564865569,0,-0.0009135995823543,0,-0.001044113808405,0,-0.0011746280344557,0,0.0005220569042026,1,-0.0007830853563037,0,2024-07-23 10:45:00,-0.0016979041498227,-0.0066445427186686,23.8911295635614,0.0148645802631404,-1.7473334334964816,0.0148645802631404,0.9851354197368596,2.170695780589252e-05,3.6933037256973447e-05,0.0009928483904804,True,3.40389563767266,0.0095024016627086,-3.128872992274787,0.0095024016627086,0.9904975983372912,0.0001661424536347,0.000185347173701,0.0021828594223008,True,0,0,0,0.44828755510916063,0,0,0,0,0.029090912685236732,1,0,1,0,1,0,0,-0.0052205690420255805,-0.00024362655529445388,0.011086150559961467,0.0017544753604828117,-13.590567048862853,0.881938378291701,-32.8895849647575,True,0.7212625,0.6149545827171554,73.56922
2024-07-24 15:10:00,2024-07-24 15:45:00,-1,381.2,380.95,eod,0.25,0.1228645,0.02713550000000003,854.768250000001,1.0,2024-07-24,380.55,0.0,380.95,380.95,380.95,0.0,2024,0.0,1.0,1.0,1.0,1,15,2,7,381.2,381.2,380.55,0.4253134177685133,35.924405633116734,-0.2257835326340114,-0.2065143349760709,-0.0192691976579404,381.19,381.9324000945834,380.4475999054166,381.05,381.325,381.19,382.1358333333334,381.823907947212,-1.0,0.0007869884575026,1,0.0006558237145855,1,0.0145592864637985,1,0.0196747114375655,1,0.0003934942287512,1,0.0010493179433367,1,0.0163955928646379,1,0.0154774396642181,1,2024-07-24 15:10:00,-0.0017065970666463,-0.002231118452918,24.87180579096709,0.0170094695471707,-1.6740439688000004,0.0170094695471707,0.9829905304528292,6.134651829750339e-06,-7.413323473287881e-06,0.0010150173919213,True,58.70274980717437,0.0861537385739631,-0.9715114843390328,0.0861537385739631,0.9138462614260368,8.24953877591639e-05,-3.96712923448148e-05,0.0022557089606245,True,0,0,0,0.019269197657940496,1,0,1,0,0.5067349129350547,1,0,0,0,1,0,0,2.623294858339692e-05,-0.0024549667715986143,0.0038950687019065487,0.001115722502016037,-0.6922344728885539,18.204150560740995,12.395068205662799,True,0.68917614,0.6153839364090458,56.44831
2024-07-26 12:10:00,2024-07-26 12:50:00,-1,375.9,375.95,pivot,-0.0500000000000113,0.1225555,-0.2725555000000114,-8585.498250000359,1.0,2024-07-26,375.6,0.0,375.7,376.05,375.65,0.0,2024,0.0,1.0,1.0,1.0,0,12,4,7,375.9,376.0,375.55,0.4886000599196047,45.06432305481366,0.2494102250719834,0.4165448364898203,-0.1671346114178369,376.335,377.1130542566509,375.5569457433492,376.08,376.42,376.335,374.94916666666666,375.3249647815056,1.0,-0.0003990422984837,0,-0.0007980845969673,0,0.0006650704974727,1,0.0005320563979781,1,-0.0005320563979783,0,-0.0006650704974727,0,-0.0001330140994945,0,-0.0001330140994945,0,2024-07-26 12:10:00,-0.0007984032360243,-0.0022604889620233,239.8407352852035,0.1072969811699993,-0.7792870534501637,0.1072969811699993,0.8927030188300007,6.134651829750339e-06,-7.413323473287881e-06,0.0010150173919213,True,56.94426051389792,0.0844371108785248,-0.9845320067636936,0.0844371108785248,0.9155628891214752,8.24953877591639e-05,-3.96712923448148e-05,0.0022557089606245,True,0,0,0,0.16713461141783692,0,1,0,0,0.22045651297342989,1,1,0,1,1,0,0,-0.00115722266560256,0.0025294847920545923,0.004139687452252447,0.001299813939663753,-7.53180812257415,9.934723520172364,-16.75977653631645,True,0.68917614,0.6402925998495632,52.540382
2024-07-31 11:25:00,2024-07-31 11:35:00,-1,377.4,378.25,pivot,-0.8500000000000227,0.1226695,-1.0726695000000228,-33789.08925000072,1.0,2024-07-31,377.75,0.0,378.1,378.25,377.9,0.0,2024,0.0,1.0,1.0,1.0,0,11,2,7,377.4,377.75,377.4,0.501838877255949,57.43716928006872,-0.025831843397043,-0.0148022252358246,-0.0110296181612184,377.45,378.8222820045796,376.0777179954204,377.14,376.985,377.45,376.8733333333333,376.7986335417256,1.0,-0.0021197668256492,0,-0.0021197668256492,0,-0.0026497085320614,0,-0.0039745627980922,0,-0.00172231054584,0,-0.0019872813990461,0,-0.0018547959724431,0,-0.0019872813990461,0,2024-07-31 11:25:00,0.0009269682183992,0.002120048495138,185.50552011943105,0.9140571587138168,0.920557174004484,0.9140571587138168,0.0859428412861833,6.134651829750339e-06,-7.413323473287881e-06,0.0010150173919213,True,84.1741473490057,0.9063821518153669,0.9574461179091216,0.9063821518153669,0.0936178481846332,8.24953877591639e-05,-3.96712923448148e-05,0.0022557089606245,True,0,0,0,0.0110296181612184,0,1,1,1,0.48178217019782416,1,1,1,0,1,0,0,-0.00013248542660310378,0.0013955131602191291,0.007272294671857991,0.0013297267547852385,-0.6335100454204216,27.672204065771307,-54.25278219396,True,0.6433915,0.5675283430472218,45.979355
2024-08-01 11:25:00,2024-08-01 11:30:00,1,383.15,383.55,pivot,0.4000000000000341,0.123001,0.1769990000000341,5575.468500001074,1.0,2024-08-01,383.5,0.0,383.15,383.55,383.15,0.0,2024,0.0,1.0,1.0,1.0,1,11,3,8,383.15,383.6,383.1,0.5264938887328476,60.14641581785087,0.1101084574146398,0.0787047039249616,0.0314037534896782,382.6775,383.3475157150754,382.0074842849245,382.9,382.745,382.6775,381.83,383.4748984861943,1.0,0.0,0,0.0005219887772414,1,0.0010439775544826,1,0.0033929270520684,1,0.001174474748793,1,0.0005219887772414,1,0.0009134803601723,1,0.001174474748793,1,2024-08-01 11:25:00,0.0009130633908975,0.0030032013170767,190.90589075775725,0.9114335788735224,0.9068580712971076,0.9114335788735224,0.0885664211264776,6.134651829750339e-06,-7.413323473287881e-06,0.0010150173919213,True,33.03836544350875,0.9539007860585856,1.3489650759639735,0.9539007860585856,0.0460992139414144,8.24953877591639e-05,-3.96712923448148e-05,0.0022557089606245,True,0,0,1,0.03140375348967821,1,1,1,1,0.8526036698607932,1,0,1,0,1,0,0,0.001233198486232463,0.003445125929792492,0.0034974068384469002,0.0013741195060233528,1.8888232156314704,51.28105485527291,36.9959545869795,True,0.7083643,0.6193490358037703,45.3925
2024-08-01 14:30:00,2024-08-01 14:45:00,-1,383.3,383.05,pivot,0.25,0.1229905,0.027009500000000002,850.79925,1.0,2024-08-01,383.0,0.0,383.4,383.4,383.0,0.0,2024,0.0,1.0,1.0,1.0,0,14,3,8,383.3,383.35,382.8,0.3265337604885437,34.34088039161827,-0.1059463132890528,0.0281317647104636,-0.1340780779995164,383.9125,384.71438922034906,383.110610779651,383.42,383.63,383.9125,383.4283333333333,383.55731908326027,-1.0,0.0002608922515001,1,-0.0005217845030002,0,0.0018262457605008,1,0.0306548395512653,1,-0.0002608922515,0,-0.00013044612575,0,0.0011740151317505,1,0.0019566918862509,1,2024-08-01 14:30:00,-0.0007829832058634,-0.0020865943929535,247.6021101325363,0.1111034507191603,-0.7640951658197849,0.1111034507191603,0.8888965492808396,6.134651829750339e-06,-7.413323473287881e-06,0.0010150173919213,True,68.35183528130533,0.0954110155194806,-0.9074411355097924,0.0954110155194806,0.9045889844805194,8.24953877591639e-05,-3.96712923448148e-05,0.0022557089606245,True,0,0,0,0.1340780779995164,0,0,0,0,0.1180893916160841,1,0,0,1,1,0,0,-0.0015979650404383287,-0.0003348117227583445,0.004184133683010903,0.000851901279646605,-4.604359239719458,4.055293673006913,-8.21810592225,True,0.6854235,0.6640149492012032,49.93572
2024-08-02 14:00:00,2024-08-02 14:55:00,-1,367.3,366.55,pivot,0.75,0.1220155,0.5279845000000001,16631.51175,1.0,2024-08-02,366.65,0.0,366.6,366.7,366.25,0.0,2024,0.0,1.0,1.0,1.0,1,14,4,8,367.3,367.4,366.65,0.3641211169586628,23.576426333202026,-0.4821193169896105,-0.5011458300439039,0.0190265130542933,367.67,368.3360172309071,367.00398276909294,367.24,367.49,367.67,369.0441666666667,368.0664330227205,-1.0,0.000544514021236,1,0.0029948271167983,1,0.0021780560849442,1,0.0283147291042745,1,0.0010890280424721,1,0.0027225701061802,1,0.0039477266539613,1,0.0057173972229785,1,2024-08-02 14:00:00,-0.0017712382858131,-0.0025876759417236,28.921541856356647,0.0164050787582152,-1.6074923975332018,0.0164050787582152,0.9835949212417848,-7.917723070744808e-06,-3.251409558737959e-06,0.0010998415164933,True,49.11618846555081,0.0691329030235142,-1.0649022849566308,0.0691329030235142,0.9308670969764858,5.201947331688204e-05,-1.476158359289545e-05,0.0024161037068631,True,1,0,1,0.01902651305429337,0,0,1,0,0.22222940876763198,1,0,0,1,1,0,0,-0.001007350939286699,-0.004748616026862706,0.003626557206137071,0.000991345268060612,0.44857718340225267,5.239375284881116,34.30438333787115,True,0.7178097,0.6336556218906918,51.13254
2024-08-05 11:40:00,2024-08-05 13:25:00,1,346.15,339.15,pivot,-7.0,0.120559,-7.220559,-227447.6085,1.0,2024-08-05,345.05,0.0,339.0,339.2,338.5,0.0,2024,0.0,1.0,1.0,0.0,0,11,0,8,346.15,346.15,344.6,1.2536901972747192,27.384927213434736,-2.270014546381674,-2.4943988317333283,0.2243842853516544,348.075,351.12122285576595,345.028777144234,346.80000000000007,346.795,348.075,356.785,349.12435111416545,-1.0,-0.0033222591362125,0,-0.0050556117290192,0,-0.0078000866676296,0,-0.0202224469160768,0,-0.0041889354326158,0,-0.0052000577784196,0,-0.0050556117290192,0,-0.0070778564206268,0,2024-08-05 11:40:00,-0.0031828730574234,-0.0033273086754979,1.266422093578051,0.0020133112103461,-2.8909816552501333,0.0020133112103461,0.997986688789654,-7.917723070744808e-06,-3.251409558737959e-06,0.0010998415164933,True,24.08287146460988,0.042701314898071,-1.371028521042162,0.042701314898071,0.957298685101929,5.201947331688204e-05,-1.476158359289545e-05,0.0024161037068631,True,1,0,1,0.22438428535165444,0,0,0,0,0.18403493586223893,1,0,1,0,1,0,0,-0.005561172901921166,-0.03072367470749689,0.01760059428436205,0.0036218119233705597,6.144747322193625,5.039783323316543,-131.9514661273977,True,0.70751953,0.5599415090361985,51.133133
2024-08-06 15:10:00,2024-08-06 15:30:00,1,344.7,341.9,pivot,-2.800000000000012,0.120598,-3.0205980000000117,-95148.83700000036,1.0,2024-08-06,343.9,0.0,341.95,342.3,341.4,0.0,2024,0.0,1.0,1.0,1.0,0,15,1,8,344.7,344.85,343.9,1.1508461144462008,47.714502969095406,0.0640658885352536,-0.0527956558723315,0.1168615444075851,343.7225,345.5948683292278,341.85013167077216,344.6,344.44,343.7225,344.0366666666667,344.4897235248244,-1.0,-0.0053669857847402,0,-0.0136350449666376,0,-0.0053669857847402,0,0.0021758050478677,1,-0.0081230055120394,0,-0.0079779518421816,0,-0.0205976211198142,0,-0.0166811720336524,0,2024-08-06 15:10:00,-0.0023235560845991,-0.0011624529062576,10.704656273898086,0.0062579009983522,-2.1096718393013028,0.0062579009983522,0.9937420990016476,-7.917723070744808e-06,-3.251409558737959e-06,0.0010998415164933,True,172.11588228757992,0.2126525503474337,-0.4750174089815218,0.2126525503474337,0.7873474496525663,5.201947331688204e-05,-1.476158359289545e-05,0.0024161037068631,True,0,0,1,0.11686154440758512,1,1,1,1,0.761033041613974,1,1,0,0,1,0,0,0.0028357992457208113,0.0019243786867806745,0.010863755899204009,0.0033386890468413135,5.575990507608794,36.31231332366967,-255.87467362924107,True,0.5393504,0.5414330166646162,45.72654
2024-08-07 14:40:00,2024-08-07 15:45:00,1,350.05,350.5,eod,0.4499999999999886,0.1210165,0.22898349999998865,7212.980249999642,1.0,2024-08-07,349.75,0.0,350.5,350.5,350.5,0.0,2024,0.0,1.0,1.0,1.0,0,14,2,8,350.05,350.15,349.45,0.8663250064258396,36.6966787073043,-0.2022501582344489,0.0227643634615728,-0.2250145216960217,351.4225,352.69383373933385,350.1511662606662,350.78000000000003,351.055,351.4225,350.8308333333334,349.9762565973602,-1.0,-0.0024282245393515,0,-0.0018568775889159,0,0.0005713469504356,1,-0.0177117554635051,0,-0.0022853878017426,0,-0.0029995714897872,0,-0.0027138980145693,0,-0.0035709184402228,0,2024-08-07 14:40:00,-0.000857387877616,-0.0042796071023649,227.21129435993532,0.1035789121892554,-0.7765995875301916,0.1035789121892554,0.8964210878107446,-7.917723070744808e-06,-3.251409558737959e-06,0.0010998415164933,True,11.299055083711556,0.0269300945045259,-1.7651748584539124,0.0269300945045259,0.973069905495474,5.201947331688204e-05,-1.476158359289545e-05,0.0024161037068631,True,0,0,0,0.22501452169602168,0,0,0,0,-0.03978745215995416,1,1,0,1,1,0,0,-0.003920868447364669,-0.002230633718992607,0.00726372654954344,0.0024748607525377506,-8.257285607156662,-1.4600673484960784,-71.9897157548919,True,0.72882867,0.6185981211832803,48.137054
2024-08-09 10:35:00,2024-08-09 10:40:00,1,352.25,352.8,pivot,0.5500000000000114,0.1211515,0.3288485000000113,10358.727750000357,1.0,2024-08-09,352.85,0.0,352.5,352.95,352.45,0.0,2024,0.0,1.0,1.0,1.0,1,10,4,8,352.25,353.35,352.15,1.1755387713633254,60.82211732074261,0.8518745271989587,1.083948199305233,-0.2320736721062739,352.2275,353.5339516036309,350.9210483963691,351.99,352.47,352.2275,348.85083333333336,350.27762453317723,1.0,0.0007097232079489,1,-0.0007097232079489,0,0.0015613910574876,1,0.0028388928317956,1,0.0007097232079489,1,-0.0001419446415898,0,0.0019872249822568,1,0.0021291696238466,1,2024-08-09 10:35:00,0.0015599520996474,0.0025539173926987,47.9069491728409,0.9740323860109744,1.4212988742143315,0.9740323860109744,0.0259676139890255,-7.917723070744808e-06,-3.251409558737959e-06,0.0010998415164933,True,54.08242727276877,0.9212784988541396,1.0631493048063736,0.9212784988541396,0.0787215011458603,5.201947331688204e-05,-1.476158359289545e-05,0.0024161037068631,True,0,0,0,0.23207367210627416,1,1,1,0,0.5086111111722301,1,1,1,0,1,0,0,6.38750887153429e-05,0.00964986988407848,0.0074177521852712815,0.003337228591521151,-14.115212111903343,30.934804674350644,22.356281050390347,True,0.68027234,0.5572598753992337,79.768616
2024-08-20 10:30:00,2024-08-20 10:40:00,1,368.95,369.85,pivot,0.9000000000000341,0.122164,0.6778360000000341,21351.834000001072,1.0,2024-08-20,369.4,0.0,369.7,370.15,369.7,0.0,2024,0.0,1.0,1.0,1.0,1,10,1,8,368.95,369.45,368.9,0.6755036204749714,59.55658758624586,0.3475730216642887,0.4321813238039301,-0.0846083021396414,369.265,370.5761264760848,367.9538735239152,368.8200000000001,368.835,369.265,367.68500000000006,367.5379892715212,1.0,0.0024393549261418,1,0.0024393549261418,1,0.0027103943623797,1,0.0025748746442607,1,0.0025748746442607,1,0.0025748746442607,1,0.0020327957717847,1,0.0033879929529746,1,2024-08-20 10:30:00,0.0012189342607638,0.0025750505521312,147.1259944258837,0.8906387706309694,0.5639021103547388,0.8906387706309694,0.1093612293690305,-4.228272655004901e-05,-5.993834192703626e-05,0.0022678982383776,True,66.09573222352934,0.8770152773760075,0.6049847143304213,0.8770152773760075,0.1229847226239925,-0.00012599043842,-0.0003018317355362,0.0047552974802869,True,0,0,0,0.08460830213964138,0,1,1,1,0.3798742891148624,1,1,1,0,1,0,0,-0.0008537742241496076,0.0034286488684101626,0.007107339618294125,0.0018308812047024567,-5.038981756903106,22.624016371432184,81.10855129421205,True,0.64027315,0.5641204947694134,46.853554
2024-08-27 08:45:00,2024-08-27 11:00:00,-1,366.2,365.05,pivot,1.1499999999999773,0.1219375,0.9280624999999773,29233.968749999283,1.0,2024-08-27,365.6,0.0,364.75,365.1,364.55,0.0,2024,0.0,1.0,1.0,1.0,1,8,1,8,366.2,366.85,365.45,0.4433147283320208,31.117007473818845,-0.0847132822387379,0.0342162794529713,-0.1189295616917092,367.0375,367.90739110285045,366.1676088971496,366.8,367.0700000000001,367.0375,366.97333333333336,367.2567795212734,-1.0,0.0004096122337519,1,0.0035499726925177,1,-0.0010922992900055,0,0.0030038230475149,1,0.0002730748225012,1,-0.0002730748225014,0,0.0025942108137629,1,0.0017749863462588,1,2024-08-27 08:45:00,-0.0040944509227936,-0.0051834790728964,5.219969208191819,0.0128394066032254,-1.722292884571325,0.0128394066032254,0.9871605933967746,-4.7236861938623e-05,-3.632390012579638e-05,0.0023562351438721,True,15.042737912087276,0.0606894510756583,-1.005331025119938,0.0606894510756583,0.9393105489243416,-0.0001304051374032,-0.0001803392245715,0.0049766094185027,True,0,0,0,0.1189295616917092,0,0,0,0,0.01861790673813022,1,0,0,0,1,0,0,-0.0022870016384490283,-0.0021117786273439896,0.00475090717012797,0.0012105809075150758,-3.7007320600189146,0.5793335431172603,8.6018569087878,True,0.73746914,0.6335555898882994,74.01024
2024-09-05 14:35:00,2024-09-05 15:45:00,1,346.15,346.1,eod,-0.0499999999999545,0.1207675,-0.27076749999995453,-8529.176249998567,1.0,2024-09-05,346.6,0.0,346.1,346.1,346.1,0.0,2024,0.0,1.0,1.0,1.0,1,14,3,9,346.15,346.9,346.1,0.5929550944801981,54.32831701127718,-0.4280721292716976,-0.6295534483528453,0.2014813190811477,345.8125,347.1057517165888,344.5192482834112,345.79,345.45,345.8125,347.93833333333333,346.11932284223343,1.0,0.0007222302470027,1,0.0002888920988011,1,0.0,0,-0.0062111801242235,0,0.0004333381482017,1,0.0004333381482017,1,0.0002888920988011,1,-0.0001444460494004,0,2024-09-05 14:35:00,0.0012991701574714,0.0036129817465236,137.00380919654924,0.897006950643014,0.5655596709379039,0.897006950643014,0.102993049356986,-3.0007372948386592e-05,-1.9914432248426454e-05,0.0023323526366941,True,34.06836633694259,0.9211614372043324,0.7618136376722755,0.9211614372043324,0.0788385627956674,-7.583197737461589e-05,-0.0001033892971574,0.0048783204446647,True,0,0,1,0.20148131908114775,1,0,1,1,0.6304850384773474,1,1,0,1,1,0,0,0.0009750108334536394,-0.005166353700226362,0.007472204053669376,0.0017130004173918768,10.94614097489088,34.25319104126462,13.65015166835355,True,0.6587471,0.5807473098903119,46.853554
2024-09-06 10:25:00,2024-09-06 10:30:00,1,342.05,343.1,pivot,1.0500000000000114,0.1205545,0.8294455000000115,26127.53325000036,1.0,2024-09-06,343.1,0.0,342.7,343.1,342.35,0.0,2024,0.0,1.0,1.0,1.0,1,10,4,9,342.05,343.35,341.95,1.0482686343236352,47.21546998071326,-0.9965923079598724,-1.0315699980549484,0.034977690095076,343.3075,347.0283198024377,339.5866801975623,341.74,342.02,343.3075,345.1725,344.3613361259057,-1.0,0.0019003069726647,1,0.0058470983774302,1,0.0071626955123519,1,0.0092091799444524,1,0.004677678701944,1,0.0052623885396872,1,0.0057009209179944,1,0.0086244701067095,1,2024-09-06 10:25:00,0.0030650246573971,0.0037961791829134,13.685628992344183,0.9797271222409006,1.2769288734428592,0.9797271222409006,0.0202728777590993,-4.165703573276111e-05,-5.040926901165967e-05,0.0024397865779391,True,31.92489557659844,0.9257082000517224,0.7917367397875096,0.9257082000517224,0.0742917999482777,-0.0001485185496086,-0.0002555005715999,0.0051174583051442,True,0,0,1,0.03497769009507601,0,0,1,1,0.3310184224487109,1,0,1,0,1,0,0,-0.0036763631048092184,-0.009128782341762906,0.021755999429543565,0.003064664915432349,1.6514880766787525,15.62919038819017,147.34687911123598,True,0.6799374,0.555980851095968,79.87468
2024-09-09 15:30:00,2024-09-09 15:45:00,1,340.8,341.5,eod,0.6999999999999886,0.120469,0.4795309999999886,15105.22649999964,1.0,2024-09-09,341.3,0.0,341.5,341.5,341.5,0.0,2024,0.0,1.0,1.0,1.0,1,15,0,9,340.8,341.45,340.65,0.502172188157939,67.38154152331083,0.2878328137049379,0.2613113720168252,0.0265214416881127,340.385,341.13970454436884,339.63029545563114,340.58000000000004,340.285,340.385,339.19499999999994,339.61270600145696,1.0,0.0020539906103286,1,-0.0022007042253521,0,-0.0038145539906103,0,-0.0001467136150235,0,0.0004401408450703,1,-0.0001467136150235,0,-0.0041079812206573,0,-0.0086561032863849,0,2024-09-09 15:30:00,0.0016127853360193,0.0033751591215916,88.43929701347528,0.926279545017746,0.6816967599009917,0.926279545017746,0.0737204549822538,-4.165703573276111e-05,-5.040926901165967e-05,0.0024397865779391,True,41.0035107726436,0.91042031796139,0.7094654175378331,0.91042031796139,0.0895796820386098,-0.0001485185496086,-0.0002555005715999,0.0051174583051442,True,0,0,1,0.026521441688112712,1,1,1,1,0.7749420306903547,1,1,0,0,1,0,0,0.0012177230046948957,0.004709507042253741,0.004429017279159912,0.0014735099417779898,1.7870556243656326,52.216788619120955,13.86443661971445,True,0.647761,0.6131758713854192,44.02318
2024-09-10 08:45:00,2024-09-10 10:40:00,1,341.75,341.2,pivot,-0.5500000000000114,0.1204885,-0.7704885000000113,-24270.38775000036,1.0,2024-09-10,341.95,0.0,340.7,341.35,340.55,0.0,2024,0.0,1.0,1.0,1.0,0,8,1,9,341.75,342.75,341.45,0.539117856115774,72.94584708132632,0.4308278459413373,0.3094240363965319,0.1214038095448053,340.52,341.6375160433745,339.4024839566255,341.21000000000004,340.64,340.52,339.3508333333333,340.44221039290073,1.0,-0.0023408924652524,0,-0.0114118507681052,0,-0.0054133138258961,0,-0.001609363569861,0,-0.0049743964886612,0,-0.0068763716166789,0,-0.009070958302853,0,-0.0061448427212875,0,2024-09-10 08:45:00,0.0013168485332602,0.0048369460372448,135.96508945041387,0.8935747960263818,0.5604005754580413,0.8935747960263818,0.1064252039736182,-4.165703573276111e-05,-5.040926901165967e-05,0.0024397865779391,True,18.187132651758287,0.9510830852825706,0.9951124767788996,0.9510830852825706,0.0489169147174294,-0.0001485185496086,-0.0002555005715999,0.0051174583051442,True,0,1,1,0.1214038095448054,1,1,1,1,1.0503276696976305,1,1,0,0,1,0,0,0.0035991221653255837,0.0070202389661059295,0.006539962214335085,0.0015775211590805384,8.855903726145833,76.61704157904917,-156.6934893928278,True,0.63817847,0.5427058818613865,45.3925
2024-09-11 15:00:00,2024-09-11 15:45:00,1,334.15,335.85,eod,1.7000000000000457,0.1201,1.4799000000000455,46616.85000000143,1.0,2024-09-11,334.75,0.0,335.85,335.85,335.85,0.0,2024,0.0,1.0,1.0,1.0,1,15,2,9,334.15,334.8,334.15,0.565915165449949,50.79425143115472,-0.3404642340636883,-0.4352063043283581,0.0947420702646698,334.46500000000003,335.70261230272433,333.22738769727573,334.34,334.02000000000004,334.46500000000003,335.4941666666667,334.930701209746,-1.0,0.0032919347598384,1,0.0049379021397576,1,0.019003441568158,1,0.0199012419572049,1,0.0035912015561874,1,0.0038904683525363,1,0.0055364357324555,1,0.0050875355379322,1,2024-09-11 15:00:00,0.0016443684099886,0.0041909955072126,84.33846924441784,0.9289979413102336,0.6946417749506053,0.9289979413102336,0.0710020586897665,-4.165703573276111e-05,-5.040926901165967e-05,0.0024397865779391,True,25.61381828276519,0.93704065249085,0.8688876027270986,0.93704065249085,0.0629593475091501,-0.0001485185496086,-0.0002555005715999,0.0051174583051442,True,0,0,1,0.0947420702646698,0,0,0,1,0.3727388216379802,1,0,0,0,1,0,0,-0.0009426904084993404,-0.004022644520923821,0.007407525379166849,0.0016935961856948947,4.812352538131765,18.932989424431902,113.1228490199031,True,0.6574955,0.6076743014129768,43.789272
2024-09-19 11:05:00,2024-09-19 12:05:00,-1,341.6,343.35,pivot,-1.75,0.1205485,-1.9705485,-62072.27775,1.0,2024-09-19,342.1,0.0,343.5,343.6,343.3,0.0,2024,0.0,1.0,1.0,1.0,0,11,3,9,341.6,342.2,341.4,0.7307437190502585,49.61190534247971,-0.4580410786808784,-0.4712313410737403,0.0131902623928619,341.9475,343.51240288986713,340.38259711013285,341.38,341.345,341.9475,342.53333333333336,343.01315883293853,-1.0,-0.0016100702576111,0,-0.0026346604215456,0,-0.0070257611241217,0,-0.0068793911007024,0,-0.001463700234192,0,-0.0013173302107728,0,-0.0043911007025761,0,-0.0054156908665104,0,2024-09-19 11:05:00,0.0014626300691441,0.0029274025589589,110.44379012182397,0.9114400326344594,0.6201523329281693,0.9114400326344594,0.0885599673655406,-4.165703573276111e-05,-5.040926901165967e-05,0.0024397865779391,True,54.243746611650096,0.8892094816175492,0.6219695287716009,0.8892094816175492,0.1107905183824508,-0.0001485185496086,-0.0002555005715999,0.0051174583051442,True,0,0,1,0.013190262392861918,0,0,1,1,0.3889707462839849,1,0,1,0,1,0,0,-0.0010172716627633728,-0.002732240437158481,0.009162194905545326,0.0021391795054164476,0.6543940492771345,19.29757984563475,-46.106557377048,True,0.6355668,0.571309146443191,46.853554
2024-09-19 15:20:00,2024-09-19 15:45:00,1,344.95,345.75,eod,0.8000000000000114,0.120721,0.5792790000000114,18247.28850000036,1.0,2024-09-19,345.5,0.0,345.75,345.75,345.75,0.0,2024,0.0,1.0,1.0,1.0,1,15,3,9,344.95,345.5,344.9,0.4368834026775267,65.29008219735681,0.2426335628514948,0.199396237170963,0.0432373256805318,344.67749999999995,345.4134025981304,343.9415974018695,345.03000000000003,344.635,344.67749999999995,343.62416666666667,343.90333073231074,1.0,0.0014494854326714,1,0.0129004203507754,1,0.0131903174373097,1,0.0108711407450355,1,0.0023191766922742,1,0.0131903174373097,1,0.0115958834613712,1,0.0162342368459197,1,2024-09-19 15:20:00,0.0015931642156069,0.0031888706541489,91.07684496120284,0.9245217117087564,0.6736546136781146,0.9245217117087564,0.0754782882912437,-4.165703573276111e-05,-5.040926901165967e-05,0.0024397865779391,True,46.0131743224709,0.9023091142962008,0.673062880118937,0.9023091142962008,0.0976908857037991,-0.0001485185496086,-0.0002555005715999,0.0051174583051442,True,0,0,1,0.04323732568053179,1,1,0,1,0.6851467848410362,1,1,0,0,1,0,0,0.0007899695608060194,0.0038435522056336317,0.004266720383420503,0.001266512255913978,2.8229685476758077,44.73328989952599,73.0540658066373,True,0.6129824,0.5959087878849111,45.250324
2024-09-24 10:35:00,2024-09-24 10:50:00,-1,347.1,346.35,pivot,0.75,0.1208035,0.5291965000000001,16669.68975,1.0,2024-09-24,346.7,0.0,346.65,346.7,346.3,0.0,2024,0.0,1.0,1.0,1.0,1,10,1,9,347.1,347.25,346.7,0.5295447924952804,33.308725383083086,-0.2065970747684673,0.0066375590825628,-0.2132346338510302,348.3875,350.3694912906999,346.4055087093001,347.46,347.6,348.3875,347.6666666666667,347.9790887753388,-1.0,0.0010083549409392,1,0.0017286084701815,1,0.0011524056467877,1,-0.001296456352636,0,0.0012964563526362,1,0.0011524056467877,1,0.0021607605877268,1,0.0008643042350907,1,2024-09-24 10:35:00,-0.0011530701767629,-0.0024486868555172,157.84026074662054,0.101180901263428,-0.6938216110358196,0.101180901263428,0.898819098736572,-1.030890114202882e-05,-4.344447245594431e-06,0.0016556499700295,True,74.85554989682706,0.1124749196555809,-0.6796924221721821,0.1124749196555809,0.887525080344419,-1.0706856977050005e-05,-1.958442601378824e-05,0.0035738259693119,True,0,0,0,0.21323463385103011,0,0,0,0,0.17520038911338875,1,0,1,0,1,0,0,-0.003709305675597712,-0.0016325746662825204,0.011420289776432781,0.0015256260227464143,-7.1025738611062375,5.8357016479871655,40.8383751080403,True,0.6640653,0.6320662483317278,47.777718
2024-09-25 14:55:00,2024-09-25 15:30:00,1,348.65,346.25,pivot,-2.3999999999999773,0.120847,-2.620846999999977,-82556.68049999927,1.0,2024-09-25,347.4,0.0,346.4,346.6,346.0,0.0,2024,0.0,1.0,1.0,0.0,0,14,2,9,348.65,348.8,347.4,0.6725857606283031,24.69951642337349,-0.7813591167232516,-0.4555813175392636,-0.325777799183988,350.425,352.7962088861774,348.0537911138226,348.74,349.72,350.425,351.4441666666667,350.3334647917973,-1.0,-0.0025813853434675,0,-0.0034418471246235,0,0.0088914384052775,1,0.018213107701133,1,-0.0012906926717337,0,-0.0030116162340454,0,-0.0070271045461063,0,-0.0064534633586691,0,2024-09-25 14:55:00,-0.0034482792789161,-0.0087411891393292,5.379872153072404,0.0070102537588332,-2.0801104665915826,0.0070102537588332,0.9929897462411668,-1.030890114202882e-05,-4.344447245594431e-06,0.0016556499700295,True,1.614328419586136,0.0072834306347967,-2.440411141506868,0.0072834306347967,0.9927165693652032,-1.0706856977050005e-05,-1.958442601378824e-05,0.0035738259693119,True,1,0,0,0.325777799183988,0,0,0,0,0.12571833920935083,1,0,0,1,1,0,0,-0.005091065538505763,-0.008014245422821569,0.013602230811285731,0.001929114471901056,-8.046554101315383,3.1051821840205998,-40.65681915961155,True,0.71399397,0.6014746896670474,60.135815
2024-10-02 13:15:00,2024-10-02 13:20:00,-1,345.8,345.2,pivot,0.6000000000000227,0.12073,0.3792700000000227,11947.005000000716,1.0,2024-10-02,345.2,0.0,345.1,345.45,344.95,0.0,2024,0.0,1.0,1.0,1.0,1,13,2,10,345.8,345.85,345.15,0.5664987894105089,44.205918718755726,0.2356679632449072,0.3307623165753092,-0.0950943533304019,345.73,347.25191015792444,344.2080898420756,345.92,346.24,345.73,344.7308333333333,345.17427473626407,1.0,0.0020242914979756,1,0.0033256217466744,1,0.0023134759976865,1,0.0059282822440717,1,0.0044823597455176,1,0.0047715442452285,1,0.0033256217466744,1,0.0036148062463851,1,2024-10-02 13:15:00,-0.0018811958373208,-0.0039031491547209,47.82539910902607,0.0381720423150815,-1.1592029179496328,0.0381720423150815,0.9618279576849184,-6.875210995159331e-06,-2.142099032483759e-05,0.0016043565955523,True,27.881972071804697,0.0507680845993864,-1.095572523121214,0.0507680845993864,0.9492319154006136,-2.5007155890082943e-05,-0.0001013481224459,0.0034701500375748,True,0,0,0,0.09509435333040198,1,1,0,0,0.5229974153321438,1,1,0,1,1,0,0,0.0002024291497975511,0.003091864276074949,0.008802256552483654,0.0016382266900246065,-4.2037332539363845,23.11958123229208,141.1943319838044,True,0.73853827,0.5860715180104635,50.40299
2024-11-06 12:25:00,2024-11-06 13:05:00,-1,343.0,339.1,pivot,3.899999999999977,0.120463,3.679536999999977,115905.41549999928,1.0,2024-11-06,342.1,0.0,339.0,339.25,338.7,0.0,2024,0.0,1.0,1.0,1.0,1,12,2,11,343.0,343.15,342.1,0.5488411799137218,35.20398709597433,-0.1615965255189166,-0.0116488613784155,-0.1499476641405011,343.345,344.2768346375251,342.41316536247496,342.79,343.325,343.345,343.1808333333333,342.9930066091486,-1.0,0.0075801749271137,1,0.0094752186588921,1,0.0094752186588921,1,0.0093294460641399,1,0.0072886297376093,1,0.0093294460641399,1,0.0093294460641399,1,0.0113702623906704,1,2024-11-06 12:25:00,-0.0026273551823808,-0.0042295694935259,14.336041496570656,0.0115988731044423,-2.146999524195261,0.0115988731044423,0.9884011268955576,5.741967967223662e-06,-1.4977830775122945e-05,0.0012167573034674,True,18.41810746052421,0.0363490341864709,-1.5905772303835888,0.0363490341864709,0.963650965813529,8.324675630715213e-06,-8.681697054878426e-05,0.0026045591775371,True,0,0,0,0.1499476641405011,0,0,1,0,0.31488131793622826,1,1,0,1,1,0,0,-0.001005830903790167,-0.0005272108843535935,0.005433438119679715,0.001600120058057498,-5.2787556334736925,11.085077853390368,229.59183673469295,True,0.72099453,0.5847049358218491,67.7358
2024-11-06 13:45:00,2024-11-06 13:55:00,1,339.8,340.15,pivot,0.3499999999999659,0.1203985,0.12960149999996587,4082.447249998925,1.0,2024-11-06,340.25,0.0,339.9,340.5,339.85,0.0,2024,0.0,1.0,1.0,1.0,0,13,2,11,339.8,340.35,339.65,0.643774911488359,43.48981988424539,-0.8082539616574991,-0.9111164490508972,0.1028624873933981,340.3775,342.9741527039717,337.7808472960283,339.72,339.555,340.3775,342.4266666666667,341.066223814968,-1.0,0.0008828722778105,1,-0.0011771630370807,0,0.0005885815185402,1,0.0055915244261329,1,-0.0002942907592702,0,0.0,0,-0.0014714537963507,0,-0.0005885815185402,0,2024-11-06 13:45:00,0.0013234322937436,0.0029433428165969,127.55596068781522,0.9273189128869344,1.0999811718447916,0.9273189128869344,0.0726810871130656,5.741967967223662e-06,-1.4977830775122945e-05,0.0012167573034674,True,58.48471093289117,0.920555683310716,1.163406004854553,0.920555683310716,0.079444316689284,8.324675630715213e-06,-8.681697054878426e-05,0.0026045591775371,True,0,0,1,0.1028624873933981,0,0,1,1,0.388799145315684,1,0,0,1,1,0,0,-0.0016995291347851275,-0.007730037276829503,0.015283417916254852,0.0018945700750098852,4.4734710495843455,16.908804800927648,-9.2701589170113,True,0.68428195,0.6279202598420809,47.420494
2024-11-07 11:25:00,2024-11-07 13:15:00,1,341.55,342.9,pivot,1.349999999999966,0.1205335,1.129466499999966,35578.194749998926,1.0,2024-11-07,341.9,0.0,342.85,342.95,342.65,0.0,2024,0.0,1.0,1.0,1.0,1,11,3,11,341.55,342.0,341.4,0.5607045271717913,65.6970040250927,0.4078522814882603,0.2813511473516171,0.1265011341366432,340.595,342.3999347566033,338.79006524339667,341.45,341.25,340.595,340.24083333333334,340.85971324806883,1.0,0.0017566974088712,1,0.0021958717610891,1,0.0045381349729176,1,0.0043917435221783,1,0.0030742204655248,1,0.0026350461133069,1,0.0036597862684819,1,0.0032206119162639,1,2024-11-07 11:25:00,0.0010242154673971,0.001902950146086,208.80615393285024,0.8779447135749314,0.8540678533105097,0.8779447135749314,0.1220552864250685,5.741967967223662e-06,-1.4977830775122945e-05,0.0012167573034674,True,114.07394364593894,0.8323647342257668,0.7639554262369963,0.8323647342257668,0.1676352657742331,8.324675630715213e-06,-8.681697054878426e-05,0.0026045591775371,True,0,0,1,0.1265011341366432,1,1,1,1,0.7645524987831834,1,1,1,0,1,0,0,0.002796076709120141,0.00383301615185674,0.010569080700356035,0.0016416469833751759,8.31074551855384,50.22880858995348,96.8379446640312,True,0.59582967,0.5442035476287859,42.242348
2024-11-15 10:35:00,2024-11-15 11:30:00,1,319.15,319.4,pivot,0.25,0.1191565,0.030843499999999992,971.5702499999998,1.0,2024-11-15,319.5,0.0,319.5,319.65,319.25,0.0,2024,0.0,1.0,1.0,1.0,1,10,4,11,319.15,319.9,318.85,1.3393390412642987,39.74215227800828,-2.2432275827467265,-3.1952766314154464,0.95204904866872,318.0775,319.4472771618345,316.70772283816547,318.53000000000003,318.075,318.0775,330.1025,321.0566813127975,-1.0,0.0006266645777848,1,0.0003133322888924,1,0.0007833307222309,1,0.0037599874667085,1,0.0025066583111389,1,0.0026633244555852,1,0.0020366598778005,1,0.0015666614444618,1,2024-11-15 10:35:00,0.0010960621155231,0.0064369482011305,185.89290457664893,0.8921074000406821,0.9131154940530508,0.8921074000406821,0.1078925999593178,5.741967967223662e-06,-1.4977830775122945e-05,0.0012167573034674,True,2.785001792138952,0.9902708796272034,2.5047482998056663,0.9902708796272034,0.0097291203727966,8.324675630715213e-06,-8.681697054878426e-05,0.0026045591775371,True,0,0,1,0.9520490486687199,1,0,1,1,0.8914870352209732,1,0,1,0,1,0,0,0.003360488798370644,-0.034317718940937,0.0085839082678021,0.004196581674022556,37.83647826832518,35.429613507622044,78.95973680087535,True,0.6806237,0.5515327914036036,58.60331
2024-11-15 13:50:00,2024-11-15 15:45:00,1,321.5,320.5,eod,-1.0,0.11926,-1.2192599999999998,-38406.689999999995,1.0,2024-11-15,322.1,0.0,320.5,320.5,320.5,0.0,2024,0.0,1.0,1.0,1.0,1,13,4,11,321.5,322.3,321.4,0.6206434255163226,64.3152519823968,0.2848498234187673,0.2684442952592011,0.0164055281595661,321.3275,322.4322624177901,320.22273758220985,321.38,321.22,321.3275,319.6325,321.0566813127975,1.0,0.0020217729393467,1,0.0034214618973562,1,0.0007776049766718,1,-0.0034214618973562,0,0.0027993779160185,1,0.0031104199066874,1,0.0017107309486781,1,0.0020217729393467,1,2024-11-15 13:50:00,0.001864512659479,0.0038883321406288,47.18936808001769,0.9720677832654075,1.5446716324596252,0.9720677832654075,0.0279322167345924,5.741967967223662e-06,-1.4977830775122945e-05,0.0012167573034674,True,28.00182422749925,0.9597086848861304,1.5262272193548407,0.9597086848861304,0.0402913151138696,8.324675630715213e-06,-8.681697054878426e-05,0.0026045591775371,True,0,0,1,0.016405528159566196,1,1,1,1,0.5780710844350887,1,1,0,1,1,0,0,0.0005365474339036194,0.005808709175738746,0.006872550032909121,0.00193046166568063,1.0551256774868,37.17878745918011,88.18040435458275,True,0.6827111,0.556516015129925,65.11063
2024-11-18 10:45:00,2024-11-18 11:05:00,-1,329.2,328.8,pivot,0.3999999999999772,0.11974,0.18025999999997727,5678.189999999284,1.0,2024-11-18,328.85,0.0,329.2,329.3,328.75,0.0,2024,0.0,1.0,1.0,1.0,1,10,0,11,329.2,329.25,328.8,0.7014579621079505,61.33492960803817,1.3860676607165487,1.671262509442149,-0.2851948487256002,328.92,331.0858594989085,326.7541405010915,329.33000000000004,329.59000000000003,328.92,324.25749999999994,327.84146982868714,1.0,0.0012150668286755,1,-0.0,0,0.0025820170109354,1,0.0039489671931956,1,0.0013669501822599,1,-0.0,0,-0.0003037667071689,0,0.0021263669501822,1,2024-11-18 10:45:00,-0.0010637490555546,-0.0033394080820705,197.0179753924808,0.1132085869793764,-0.8619395353459542,0.1132085869793764,0.8867914130206236,5.741967967223662e-06,-1.4977830775122945e-05,0.0012167573034674,True,38.36979678647478,0.0607249009479922,-1.2488067614564329,0.0607249009479922,0.9392750990520078,8.324675630715213e-06,-8.681697054878426e-05,0.0026045591775371,True,0,0,0,0.2851948487256002,1,1,0,0,0.5646394653349122,1,1,1,0,1,0,0,0.0008505467800728212,0.015013669501822759,0.013158320163478149,0.0021307957536693518,-17.492405971159783,34.63212186023715,43.05893074118685,True,0.722314,0.5840756092167202,52.540382
2024-11-27 15:30:00,2024-11-27 15:45:00,1,333.15,333.5,eod,0.3500000000000227,0.1199995,0.13000050000002275,4095.0157500007163,1.0,2024-11-27,333.5,0.0,333.5,333.5,333.5,0.0,2024,0.0,1.0,1.0,1.0,0,15,2,11,333.15,333.5,333.0,0.3480358487315295,59.61122159724685,-0.1714497036325042,-0.3196261568967691,0.1481764532642648,332.74750000000006,333.4542159043277,332.0407840956724,332.94,332.625,332.74750000000006,333.8641666666667,333.1867765315179,1.0,0.0010505778177998,1,-0.0049527239981989,0,-0.0016509079993995,0,0.0010505778177998,1,-0.0025514032717993,0,-0.003902146180399,0,-0.004352393816599,0,-0.004352393816599,0,2024-11-27 15:30:00,0.0012001201560444,0.0033038023743852,154.8473774241845,0.9036183623374702,0.8619842558128393,0.9036183623374702,0.0963816376625298,1.1897660928294285e-05,-2.8608792843847467e-05,0.0014254656516081,True,44.091686429262325,0.9291471771388582,0.9188982511996124,0.9291471771388582,0.0708528228611418,7.1014419916625134e-06,-0.0001487819835998,0.0037573086611905,True,0,0,1,0.1481764532642649,1,0,1,1,0.7847678943795926,1,0,0,0,1,0,0,0.0012081644904695127,-0.0021436790234630027,0.004242628871845512,0.0010446821213613373,8.83297939103018,46.78097285426671,-80.36920306167795,True,0.6499982,0.6085401906632003,45.3925
2024-11-29 14:25:00,2024-11-29 14:55:00,-1,327.25,325.6,pivot,1.6499999999999773,0.1195855,1.4304144999999775,45058.05674999929,1.0,2024-11-29,326.8,0.0,325.3,325.7,325.2,0.0,2024,0.0,1.0,1.0,1.0,1,14,4,11,327.25,327.25,326.8,0.4003584261215653,43.17124844739974,0.1509152172566814,0.2674484301599591,-0.1165332129032777,327.4075,328.249349467955,326.5656505320449,327.25,327.525,327.4075,326.37416666666667,326.7067133174993,1.0,0.0022918258212375,1,0.0050420168067226,1,0.0044308632543926,1,-0.0035141329258975,0,0.0039724980901451,1,0.0044308632543926,1,0.0059587471352176,1,0.0051948051948051,1,2024-11-29 14:25:00,-0.0015288185212869,-0.0030553033238814,77.3780064250921,0.0518764039947905,-1.078327065487879,0.0518764039947905,0.9481235960052096,1.2866847037248737e-05,-2.550711037966476e-05,0.0013941145122117,True,52.66718467982632,0.0783248406011212,-0.7946952918958894,0.0783248406011212,0.9216751593988788,1.0645304592970851e-05,-0.0001204403509756,0.0036930670193152,True,0,0,0,0.11653321290327773,0,1,0,0,0.40645596036156273,1,1,0,1,1,0,0,-0.00048128342245997645,0.0026763432645785564,0.005144992928678733,0.0012234023716472583,-5.030884286621131,17.547211247695486,125.13368983957066,True,0.6946268,0.6605674240356005,50.532333
2024-12-06 10:40:00,2024-12-06 15:05:00,1,322.6,323.05,pivot,0.4499999999999886,0.1193695,0.23063049999998855,7264.86074999964,1.0,2024-12-06,321.85,0.0,322.75,323.25,322.75,0.0,2024,0.0,1.0,1.0,0.0,0,10,4,12,322.6,322.7,321.35,0.8745729296300777,32.12548590172864,-0.5867731842939747,-0.3239689357964267,-0.2628042484975479,324.4275,326.89592694422583,321.9590730557742,322.95,323.52000000000004,324.4275,324.6875,324.88572857597467,-1.0,-0.0068195908245506,0,-0.0038747675139491,0,0.0012399256044636,1,-0.000154990700558,0,-0.0083694978301303,0,-0.005269683818971,0,-0.0027898326100435,0,0.0009299442033476,1,2024-12-06 10:40:00,-0.0023275671924836,-0.0029473378971688,24.52809789421561,0.0209174071473587,-1.4812435845812613,0.0209174071473587,0.9790825928526412,-6.416194741864383e-06,-3.330343684358282e-05,0.0015488767543176,True,62.11518740148199,0.0936716392868363,-0.7079447521673443,0.0936716392868363,0.9063283607131636,-3.562900430598344e-05,-0.0001658693527143,0.0039289344767922,True,0,0,0,0.262804248497548,0,0,0,0,0.12982497734541087,1,0,1,0,1,0,0,-0.0056649101053936335,-0.0064708617482950315,0.01530332885446885,0.0027110134210479777,-8.442714180022366,4.170690479402237,-263.63918164910444,True,0.68538576,0.6334491737846012,53.84803
2024-12-09 10:50:00,2024-12-09 10:55:00,-1,317.45,317.15,pivot,0.3000000000000113,0.119038,0.08096200000001137,2550.303000000358,1.0,2024-12-09,317.15,0.0,317.4,317.45,316.95,0.0,2024,0.0,1.0,1.0,1.0,1,10,0,12,317.45,317.65,316.95,0.7872452357371779,37.9208229113145,-0.5433303997760959,-0.6782477898467063,0.1349173900706104,317.565,318.9464942327154,316.1835057672846,317.85,317.93,317.565,320.27833333333336,319.4663329927275,-1.0,0.0001575051189164,1,0.0012600409513308,1,0.0045676484485745,1,0.0056701842809891,1,0.0020475665459126,1,0.002205071664829,1,0.0031501023783272,1,0.0029925972594108,1,2024-12-09 10:50:00,-0.0011029702528402,-0.0028337550449072,186.4846623999028,0.116932962307347,-0.6906080893879185,0.116932962307347,0.8830670376926529,-6.416194741864383e-06,-3.330343684358282e-05,0.0015488767543176,True,67.62706309275043,0.1011214471142456,-0.6790354249865179,0.1011214471142456,0.8988785528857544,-3.562900430598344e-05,-0.0001658693527143,0.0039289344767922,True,0,0,1,0.13491739007061043,0,0,0,0,0.45837840025796894,1,0,1,0,1,0,0,-0.00036226177350766765,-0.008909539560035835,0.008703696536244431,0.0024799030894225166,5.116178456524358,17.38208614255408,64.4983461962469,True,0.66423106,0.5643326763680169,47.777718
2024-12-27 10:35:00,2024-12-27 12:00:00,-1,320.3,317.7,pivot,2.6000000000000227,0.11914,2.380860000000023,74997.09000000072,1.0,2024-12-27,319.95,0.0,317.75,317.8,317.45,0.0,2024,0.0,1.0,1.0,1.0,1,10,4,12,320.3,320.35,319.9,0.5622964774612105,39.22569507571466,-0.2010233427739649,-0.1722919078551303,-0.0287314349188345,320.53,321.19759584337544,319.8624041566245,320.25,320.545,320.53,321.20750000000004,321.6026655539157,-1.0,0.0026537620980331,1,0.0074929753356229,1,0.0078051826412738,1,0.0076490789884482,1,0.0037464876678113,1,0.0046831095847642,1,0.0078051826412738,1,0.0059319388073681,1,2024-12-27 10:35:00,-0.0010933230296432,-0.0024972699102765,180.99392371005607,0.11120613356402,-0.7560176898426315,0.11120613356402,0.8887938664359799,-4.681387056777516e-06,-9.756781891933756e-06,0.0014332551503878,True,76.21129064148008,0.1105796390140146,-0.7847161203118221,0.1105796390140146,0.8894203609859853,-6.101232877103471e-06,-5.002537066031658e-05,0.0031186367608247,True,0,0,0,0.02873143491883462,0,0,1,0,0.32774008984459335,1,0,1,0,1,0,0,-0.0007180768029970694,-0.0028332812987824766,0.0041685659904805855,0.0017555306820518592,-1.1270105052139427,12.855832828331346,118.01436153605594,True,0.66284615,0.6234871790426849,46.55057
2025-01-02 11:45:00,2025-01-02 12:15:00,1,317.6,317.1,pivot,-0.5,0.119041,-0.7190409999999999,-22649.7915,1.0,2025-01-02,317.9,0.0,316.85,317.2,316.85,0.0,2025,0.0,1.0,1.0,1.0,0,11,3,1,317.6,318.05,317.5,0.6018814613531661,51.12144821160585,-0.2917260596177584,-0.4351793382909825,0.143453278673224,317.5625,318.72456485879826,316.40043514120174,317.54,317.305,317.5625,318.95,318.0743404264722,-1.0,0.0004722921914356,1,-0.0015743073047858,0,-0.0020465994962217,0,-0.0045654911838792,0,-0.0011020151133501,0,-0.0014168765743074,0,-0.0023614609571788,0,-0.0015743073047858,0,2025-01-02 11:45:00,0.0011015816677731,0.0036240487155085,175.5585471924444,0.8858374363426753,0.775394701609367,0.8858374363426753,0.1141625636573246,-4.681387056777516e-06,-9.756781891933756e-06,0.0014332551503878,True,35.321801149131744,0.930327834991538,1.1781026031377866,0.930327834991538,0.0696721650084618,-6.101232877103471e-06,-5.002537066031658e-05,0.0031186367608247,True,0,0,1,0.1434532786732241,1,0,1,1,0.5161350718576944,1,0,1,0,1,0,0,0.00011807304785901365,-0.004250629722921806,0.007317788783364357,0.0018950927624469965,7.3335393564782825,26.385572346166587,-34.713476070528145,True,0.6842331,0.5789392628648735,45.3925
2025-01-02 14:20:00,2025-01-02 15:45:00,1,316.7,317.6,eod,0.9000000000000341,0.119029,0.6809710000000341,21450.586500001074,1.0,2025-01-02,317.2,0.0,317.6,317.6,317.6,0.0,2025,0.0,1.0,1.0,1.0,1,14,3,1,316.7,317.35,316.7,0.3918985449867862,59.42788697005415,-0.0929900074706893,-0.20994041474108,0.1169504072703906,316.4825,316.9529700886859,316.01202991131413,316.66,316.545,316.4825,317.1491666666667,317.2918521140575,-1.0,0.0014209030628354,1,0.0031575623618566,1,0.0045784654246921,1,0.0132617619197978,1,0.002841806125671,1,0.0025260498894853,1,0.0036311967161352,1,0.0029996842437637,1,2025-01-02 14:20:00,0.0014196705594443,0.0026832941677996,100.7439115118877,0.9288999710433604,0.9973292898682412,0.9288999710433604,0.0711000289566397,-4.681387056777516e-06,-9.756781891933756e-06,0.0014332551503878,True,62.08278803801142,0.8857549442622049,0.8764469055181237,0.8857549442622049,0.114245055737795,-6.101232877103471e-06,-5.002537066031658e-05,0.0031186367608247,True,0,0,1,0.11695040727039069,1,0,1,1,0.731151783323242,1,0,0,1,1,0,0,0.0006867698137037345,-0.0014182717608674231,0.002971077288827824,0.00123744409531666,6.950115584366572,43.45080553728715,89.5168929586365,True,0.6838069,0.597945681373419,44.02318
2025-01-08 13:40:00,2025-01-08 14:20:00,-1,335.25,335.15,pivot,0.1000000000000227,0.120112,-0.12011199999997726,-3783.527999999284,1.0,2025-01-08,334.7,0.0,335.45,335.5,335.0,0.0,2025,0.0,1.0,1.0,1.0,1,13,2,1,335.25,335.25,334.7,0.4404882364813369,40.61515582315965,0.0726554231599152,0.2523776266833678,-0.1797222035234525,335.64250000000004,336.3739549316716,334.9110450683285,335.18999999999994,335.45500000000004,335.64250000000004,334.005,334.77768561122485,-1.0,0.0011931394481729,1,0.0002982848620433,1,-0.0002982848620433,0,0.0011931394481729,1,0.0016405667412379,1,0.0008948545861297,1,0.0005965697240864,1,0.0002982848620433,1,2025-01-08 13:40:00,-0.001641913944507,-0.003132227186066,71.31850491879962,0.0525345941485946,-1.1236206616430788,0.0525345941485946,0.9474654058514052,-1.415753805924838e-06,-1.2080948190836065e-06,0.0014601955141059,True,48.795007545873055,0.0794880056437528,-0.9567491609202652,0.0794880056437528,0.9205119943562472,5.794256572581866e-06,-1.093779247657703e-05,0.0032623905210298,True,0,0,0,0.17972220352345258,0,1,1,0,0.23169912252617347,1,1,0,1,1,0,0,-0.0011707680835198835,0.0037136465324384923,0.004363638667690082,0.0013139097285051063,-7.299445300986635,9.410495965489895,51.67785234899385,True,0.68917614,0.6149356656611531,49.305187
2025-01-09 13:35:00,2025-01-09 14:20:00,-1,335.25,335.75,pivot,-0.5,0.12013,-0.72013,-22684.095,1.0,2025-01-09,334.85,0.0,336.0,336.05,335.6,0.0,2025,0.0,1.0,1.0,1.0,1,13,3,1,335.25,335.35,334.85,0.4588611175942673,23.615722055082745,-0.394824168224261,-0.1281085574506726,-0.2667156107735883,336.69,338.5157226402964,334.8642773597036,335.41,335.93,336.69,336.18,336.4482185171635,-1.0,0.0005965697240864,1,-0.0004474272930648,0,-0.0008948545861297,0,0.0016405667412379,1,0.0001491424310216,1,-0.0002982848620433,0,-0.0004474272930648,0,-0.0013422818791945,0,2025-01-09 13:35:00,-0.0013429831161236,-0.0035772880599156,119.13735601060714,0.0806855434814985,-0.9189009337055148,0.0806855434814985,0.9193144565185014,-1.415753805924838e-06,-1.2080948190836065e-06,0.0014601955141059,True,34.252618222985824,0.0610046759586877,-1.093170864876516,0.0610046759586877,0.9389953240413124,5.794256572581866e-06,-1.093779247657703e-05,0.0032623905210298,True,1,0,0,0.2667156107735884,0,0,0,0,0.10563560745289238,1,0,0,1,1,0,0,-0.004295302013422812,-0.0027740492170022575,0.01089170851780116,0.0013687132515861813,-6.298681731780694,2.494661144727334,4.697986577180401,True,0.73398113,0.649095894816564,47.83828
2025-01-15 11:10:00,2025-01-15 12:45:00,-1,331.2,331.35,pivot,-0.1500000000000341,0.1198765,-0.36987650000003414,-11651.109750001075,1.0,2025-01-15,330.55,0.0,331.6,331.6,331.35,0.0,2025,0.0,1.0,1.0,1.0,1,11,2,1,331.2,331.3,330.45,0.5778132731087403,37.52927516050022,-0.1618323271812869,-0.0105072929088072,-0.1513250342724796,331.755,332.6540638410605,330.85593615893947,331.33000000000004,331.56,331.755,331.37583333333333,332.3151723197161,-1.0,0.0024154589371981,1,0.0004528985507245,1,0.0009057971014493,1,-0.0001509661835749,0,0.0012077294685989,1,0.0012077294685989,1,0.0006038647342994,1,0.0009057971014493,1,2025-01-15 11:10:00,-0.0018135111514012,-0.0039251258123468,54.409855181176496,0.0385536278491168,-1.321427476790056,0.0385536278491168,0.9614463721508832,1.627258868253428e-05,7.872974707582796e-06,0.0013783458858697,True,25.770292067672862,0.0439884141095245,-1.283577773431854,0.0439884141095245,0.9560115858904756,4.999326941800197e-06,3.608809407918408e-05,0.0030860723739669,True,0,0,0,0.1513250342724797,0,0,0,0,0.191345611594536,1,0,1,0,1,0,0,-0.0016757246376811802,-0.0005308977455716907,0.0054291294750031666,0.0017446052932027184,-5.679118849884013,7.181062108285543,38.04347826086535,True,0.7263758,0.6200753142718133,52.872448
2025-01-17 10:35:00,2025-01-17 11:15:00,-1,333.05,333.55,pivot,-0.5,0.119998,-0.719998,-22679.937,1.0,2025-01-17,332.7,0.0,333.4,333.6,333.4,0.0,2025,0.0,1.0,1.0,1.0,1,10,4,1,333.05,333.1,332.55,0.506287218269701,34.66994301156194,-0.309809355446589,-0.2490248908955283,-0.0607844645510606,333.685,334.67659626811883,332.6934037318812,333.30000000000007,333.48999999999995,333.685,334.2225,334.3678952664179,-1.0,0.0007506380423359,1,-0.0007506380423359,0,-0.0021017865185407,0,-0.0003002552169342,0,0.0001501276084672,1,-0.0001501276084672,0,-0.0015012760846719,0,-0.0015012760846719,0,2025-01-17 10:35:00,-0.0010514458347574,-0.0028513563251844,184.68328519082064,0.120229724421921,-0.7685435276622029,0.120229724421921,0.879770275578079,1.627258868253428e-05,7.872974707582796e-06,0.0013783458858697,True,61.94566646211982,0.0892751171333013,-0.9356372986003602,0.0892751171333013,0.9107248828666986,4.999326941800197e-06,3.608809407918408e-05,0.0030860723739669,True,0,0,0,0.06078446455106071,0,0,0,0,0.17980920238603762,1,0,1,0,1,0,0,-0.001906620627533376,-0.0035204924185558133,0.005954639051907078,0.0015201537855268007,-2.107393921973578,6.2339747996783315,4.7290196667168,True,0.6751098,0.5659749525212893,52.540382
2025-02-04 10:35:00,2025-02-04 10:40:00,-1,331.05,330.7,pivot,0.3500000000000227,0.1198525,0.13014750000002273,4099.6462500007165,1.0,2025-02-04,330.7,0.0,330.55,331.15,330.4,0.0,2025,0.0,1.0,1.0,2.0,1,10,1,2,331.05,331.1,330.6,0.681330907319888,64.86431617067484,1.596317082212522,1.858720185695728,-0.2624031034832059,330.425,333.3329745167636,327.51702548323647,331.38,331.43,330.425,325.19166666666666,329.8097027643168,1.0,0.001510345869204,1,0.0009062075215224,1,0.0016613804561244,1,0.0033227609122489,1,0.0016613804561244,1,0.0016613804561244,1,0.0013593112822836,1,0.001510345869204,1,2025-02-04 10:35:00,-0.0010578013831081,-0.0036220987381818,182.8503478208058,0.1190497010303087,-0.7731545243763114,0.1190497010303087,0.8809502989696912,1.627258868253428e-05,7.872974707582796e-06,0.0013783458858697,True,33.37729950674076,0.052997485444898,-1.1853859498306696,0.052997485444898,0.947002514555102,4.999326941800197e-06,3.608809407918408e-05,0.0030860723739669,True,0,0,0,0.26240310348320595,1,1,0,0,0.6074631150302453,0,1,1,0,1,0,0,0.0018879323365050596,0.017696219100840804,0.017568189196578,0.002058090642863277,-17.020597868500975,39.402679555344854,52.3334843679186,True,0.718372,0.5796450667049816,52.540382
2025-02-04 14:15:00,2025-02-04 15:10:00,1,327.05,327.9,pivot,0.8499999999999659,0.1196485,0.6303514999999659,19856.072249998924,1.0,2025-02-04,326.65,0.0,328.05,328.1,327.6,0.0,2025,0.0,1.0,1.0,1.0,1,14,1,2,327.05,327.2,326.3,0.5349330794366838,24.70368399514939,-0.651026746466357,-0.4299567900655842,-0.2210699564007728,328.535,330.24629375509727,326.82370624490267,327.31,328.04,328.535,329.8533333333333,328.49666387474383,-1.0,-0.0009172909341079,0,0.0021403455129184,1,0.0025989909799723,1,0.0110074912092951,1,0.0009172909341079,1,0.0022932273352698,1,0.0025989909799723,1,0.0033634000917289,1,2025-02-04 14:15:00,-0.0010709096104941,-0.006408322205215,176.4055091685943,0.1121711448799032,-0.7311224399723008,0.1121711448799032,0.8878288551200967,1.0987338160191738e-05,-9.085405286014188e-07,0.0014635046217512,True,4.5526784423821125,0.0133475155803688,-1.9475776838420464,0.0133475155803688,0.9866524844196312,-1.2591534013011167e-05,-4.389710459131884e-06,0.0032881525332138,True,1,0,0,0.22106995640077287,0,0,0,0,0.06611774116024809,1,0,0,1,1,0,0,-0.0045405901238343175,-0.008571574173163996,0.010465028314308525,0.0016356308804056988,-5.461242343746144,1.6333517840958507,28.89466442439885,True,0.72882867,0.5653623758770425,56.242
2025-02-27 10:40:00,2025-02-27 10:55:00,-1,346.95,346.25,pivot,0.6999999999999886,0.120796,0.47920399999998864,15094.925999999643,1.0,2025-02-27,346.4,0.0,345.9,346.35,345.85,0.0,2025,0.0,1.0,1.0,1.0,1,10,3,2,346.95,347.1,346.3,0.5072949663903294,35.866588353216216,-0.2200040260625542,-0.1815247306692835,-0.0384792953932706,347.115,347.76152919708846,346.46847080291155,347.04999999999995,347.125,347.115,347.53333333333336,348.1792906804416,-1.0,0.0021616947686986,1,0.0043233895373973,1,0.0024499207378583,1,0.0038910505836574,1,0.0030263726761781,1,0.0036028246144977,1,0.0037469375990777,1,0.0038910505836574,1,2025-02-27 10:40:00,-0.0014423772874239,-0.0031704883165667,82.21352079968732,0.0469797503651132,-1.141960407797025,0.0469797503651132,0.9530202496348869,1.9500023189098045e-05,3.085453800337656e-05,0.0012900901076503,True,38.16102236354079,0.050125785948945,-1.182370699134596,0.050125785948945,0.949874214051055,3.905491236143483e-05,0.000153664175022,0.0028114300312261,True,0,0,0,0.03847929539327069,0,0,0,0,0.37239555402673796,1,0,1,0,1,0,0,-0.0004755728491137641,-0.0016813181534324003,0.0037269300884188216,0.0014621558333775169,-1.3801210479922457,13.3565580408449,95.33073929961014,True,0.7313107,0.6102918799230113,56.390804
2025-02-27 10:55:00,2025-02-27 11:45:00,-1,346.25,346.1,pivot,0.1499999999999772,0.1207705,-0.07077050000002275,-2229.2707500007164,1.0,2025-02-27,345.9,0.0,345.75,346.15,345.65,0.0,2025,0.0,1.0,1.0,1.0,1,10,3,2,346.25,346.35,345.85,0.5025244319094615,31.286645015478257,-0.3670749223937264,-0.2519308605008977,-0.1151440618928287,346.93999999999994,347.85513588437806,346.0248641156218,346.33000000000004,346.83,346.93999999999994,347.5258333333333,347.62041641177365,-1.0,0.0015884476534296,1,0.0002888086642599,1,0.0014440433212996,1,0.0014440433212996,1,0.0017328519855596,1,0.0018772563176894,1,0.0004332129963898,1,0.0004332129963898,1,2025-02-27 10:55:00,-0.0010113415584252,-0.0040392438069053,180.20830291283147,0.1015508387053919,-0.8078475218500643,0.1015508387053919,0.8984491612946081,1.9500023189098045e-05,3.085453800337656e-05,0.0012900901076503,True,16.16421792659619,0.0274321273900653,-1.4913790972414265,0.0274321273900653,0.9725678726099346,3.905491236143483e-05,0.000153664175022,0.0028114300312261,True,0,0,0,0.11514406189282872,0,0,0,0,0.12300680599535643,1,0,1,0,1,0,0,-0.001992779783393331,-0.0036847172081828443,0.005285983447671432,0.001451334099377506,-3.602471390081189,3.8484702736645193,54.5848375451274,True,0.7384808,0.6185981211832803,44.51783
2025-03-04 10:30:00,2025-03-04 10:50:00,-1,333.65,333.65,pivot,-0.0,0.120019,-0.220019,-6930.5985,1.0,2025-03-04,333.0,0.0,334.1,334.15,333.55,0.0,2025,0.0,1.0,1.0,1.0,0,10,1,3,333.65,333.9,332.8,0.8984649315247697,38.90136490694913,-0.0853840519352502,0.1113431749988038,-0.1967272269340541,334.5675,337.018552405776,332.116447594224,334.07,334.545,334.5675,334.4316666666667,333.38962631164384,-1.0,0.0016484339877115,1,0.001798291622958,1,-0.0013487187172187,0,-0.0,0,-0.0001498576352465,0,-0.0013487187172187,0,0.0010490034467255,1,0.0008991458114789,1,2025-03-04 10:30:00,-0.0020998957768844,-0.0034475039766352,13.682133175496231,0.0144316810610727,-1.6485907974353688,0.0144316810610727,0.9855683189389272,1.0367245199290833e-05,7.22795300255602e-06,0.0012781362926233,True,26.661476043364225,0.0430838350782474,-1.2259169189050416,0.0430838350782474,0.9569161649217524,5.494589651008107e-05,3.968373649536738e-05,0.0028445546833999,True,0,0,0,0.196727226934054,0,0,0,0,0.3128354991843728,1,1,1,0,1,0,0,-0.00274988760677362,-0.002342774364353948,0.01469235669579506,0.002692836599804495,-7.652957642093829,12.169727909618873,-4.72051551026475,True,0.7263758,0.6327364273073606,66.656624
2025-03-07 13:05:00,2025-03-07 14:15:00,1,338.7,338.95,pivot,0.25,0.1203295,0.029670500000000002,934.62075,1.0,2025-03-07,339.0,0.0,339.2,339.2,338.95,0.0,2025,0.0,1.0,1.0,1.0,1,13,4,3,338.7,339.25,338.7,0.3722861231715989,67.2568438339279,0.1152242028757086,0.0308619320671345,0.0843622708085741,338.13,338.75018673037044,337.50981326962955,338.38,338.11499999999995,338.13,337.8866666666666,337.9562030971591,1.0,0.0011809861234131,1,0.0008857395925598,1,0.0017714791851196,1,-0.0011809861234129,0,0.0013286093888396,1,0.0007381163271331,1,0.0019191024505463,1,0.0019191024505463,1,2025-03-07 13:05:00,0.0010329817195376,0.003250113660206,171.96328298411015,0.9076470994630124,0.8025386435352381,0.9076470994630124,0.0923529005369877,1.0367245199290833e-05,7.22795300255602e-06,0.0012781362926233,True,35.359880744582604,0.943644131647529,1.1286230292726886,0.943644131647529,0.0563558683524709,5.494589651008107e-05,3.968373649536738e-05,0.0028445546833999,True,0,0,1,0.0843622708085741,1,1,1,1,0.9595390163052357,1,1,0,1,1,0,0,0.001682905225863576,0.002401338450940034,0.0036621596124620545,0.0010991618635122495,5.6739400732478025,64.53556577220203,41.8511957484474,True,0.67851,0.5910673179598134,45.3925
2025-03-11 10:35:00,2025-03-11 10:40:00,1,330.6,330.9,pivot,0.2999999999999545,0.119845,0.08015499999995451,2524.8824999985673,1.0,2025-03-11,330.9,0.0,331.1,331.55,330.85,0.0,2025,0.0,1.0,1.0,1.0,1,10,1,3,330.6,331.1,330.5,0.7851048453493751,39.12098919210077,-1.364998691930623,-1.636018350906549,0.2710196589759257,331.00249999999994,332.5707625319532,329.43423746804666,330.4,330.36,331.00249999999994,335.96666666666664,332.2332078248977,-1.0,0.0015124016938898,1,0.0012099213551118,1,0.0071082879612824,1,0.0119479733817301,1,0.0013611615245008,1,0.0007562008469449,1,0.0040834845735026,1,0.0046884452510585,1,2025-03-11 10:35:00,0.0009070295406426,0.0034814233301423,219.4977645219876,0.8831234347635394,0.7039950221531169,0.8831234347635394,0.1168765652364606,1.0367245199290833e-05,7.22795300255602e-06,0.0012781362926233,True,28.868057710638297,0.951054212097046,1.2099396836109586,0.951054212097046,0.0489457879029539,5.494589651008107e-05,3.968373649536738e-05,0.0028445546833999,True,0,0,1,0.27101965897592595,0,0,1,1,0.3716732715986647,1,0,1,0,1,0,0,-0.0012174833635811195,-0.01623311151441808,0.0094873716391608,0.002374787795975121,10.602557149644028,14.540226041204097,42.8765880217752,True,0.6807949,0.5883991370948713,45.3925
2025-03-17 11:25:00,2025-03-17 11:45:00,-1,345.75,346.25,pivot,-0.5,0.12076,-0.72076,-22703.94,1.0,2025-03-17,346.2,0.0,346.4,346.45,346.25,0.0,2025,0.0,1.0,1.0,1.0,0,11,0,3,345.75,346.2,345.75,0.4023246410498011,61.71609044761029,0.5235559743987892,0.7575420033101646,-0.2339860289113754,346.265,346.83263591226176,345.6973640877382,346.0,346.115,346.265,343.0991666666667,345.293410229332,1.0,-0.0014461315979754,0,-0.0013015184381778,0,-0.0015907447577729,0,-0.0039045553145336,0,-0.0014461315979754,0,-0.0018799710773679,0,-0.0017353579175705,0,-0.0010122921185828,0,2025-03-17 11:25:00,0.0013006721972413,0.0014452958145301,104.43641825749474,0.933521240393876,0.9951465557300336,0.933521240393876,0.0664787596061241,1.8094160248338463e-05,6.250552068476488e-06,0.0013007346884934,True,143.21706438892662,0.7749161901376579,0.502069885774328,0.7749161901376579,0.2250838098623421,6.024149201903217e-05,3.2291279519022884e-05,0.0028143582697294,True,0,0,0,0.23398602891137543,0,1,0,0,0.04636414920618837,1,1,1,0,1,0,0,-0.0014895155459146389,0.007666907688599595,0.003283504915469433,0.0011636287521324688,-14.440702923771601,2.8614140259356207,-45.5531453362251,True,0.5643409,0.5940240352616202,47.197113
2025-03-19 10:40:00,2025-03-19 10:45:00,-1,351.75,350.5,pivot,1.25,0.1210675,1.0289325,32411.37375,1.0,2025-03-19,350.5,0.0,350.85,350.9,350.35,0.0,2025,0.0,1.0,1.0,1.0,1,10,2,3,351.75,351.85,350.3,0.6293762515192329,45.70860344135279,0.6980888904657263,0.9217929391097186,-0.2237040486439923,351.665,353.0434430588095,350.2865569411905,351.77,351.93500000000006,351.665,349.0133333333333,350.61377231421164,-1.0,0.0025586353944562,1,0.0032693674484718,1,-0.0007107320540156,0,0.0008528784648187,1,0.0024164889836532,1,0.0031272210376688,1,0.0042643923240938,1,0.00227434257285,1,2025-03-19 10:40:00,-0.003702125828813,-0.0052642932983868,4.504721539370542,0.0022964270279245,-2.850985995596535,0.0022964270279245,0.9977035729720756,1.8094160248338463e-05,6.250552068476488e-06,0.0013007346884934,True,6.968272699250439,0.0200166353292656,-1.881986609478499,0.0200166353292656,0.9799833646707344,6.024149201903217e-05,3.2291279519022884e-05,0.0028143582697294,True,0,0,0,0.2237040486439923,1,1,0,0,0.5308318865464849,1,1,1,0,1,0,0,0.0002416488983652581,0.007780146884624531,0.007837629332250148,0.0017892715039637041,-10.225199647693339,24.263584196178456,76.11940298507581,True,0.70851946,0.5661170820491743,54.642834
2025-03-24 10:50:00,2025-03-24 10:55:00,-1,354.8,354.25,pivot,0.5500000000000114,0.1212715,0.3287285000000114,10354.94775000036,1.0,2025-03-24,354.2,0.0,354.1,354.35,353.9,0.0,2025,0.0,1.0,1.0,1.0,1,10,0,3,354.8,354.8,354.05,0.5404696695623905,45.94341651492372,0.2106514869199713,0.2209546989631826,-0.0103032120432112,354.4875,355.82830690685194,353.1466930931481,354.85,354.98,354.4875,354.39166666666665,354.23552413686065,-1.0,0.0019729425028184,1,0.0021138669673055,1,0.0005636978579481,1,0.0021138669673055,1,0.0019729425028184,1,0.0019729425028184,1,0.0014092446448703,1,0.0007046223224351,1,2025-03-24 10:50:00,-0.0015515906914189,-0.0033821903718177,59.85229725625363,0.0343968600718721,-1.1849101963173037,0.0343968600718721,0.965603139928128,1.743266971161024e-05,2.3507203171147373e-05,0.0013292972745829,True,26.373325018988773,0.0426216182458759,-1.215748388501647,0.0426216182458759,0.957378381754124,7.894841024307117e-05,0.0001192762993126,0.0028800915586207,True,0,0,0,0.010303212043211302,1,1,0,0,0.616534304232411,1,1,1,0,1,0,0,0.0008807779030439684,0.0011508831266441935,0.007558099813145005,0.0015233079750912922,-0.47336476234283037,28.325692335088355,62.147688838779594,True,0.7263758,0.5651575395158398,52.872448
2025-04-01 10:50:00,2025-04-01 11:45:00,1,338.8,339.75,pivot,0.9499999999999886,0.1203565,0.7296434999999886,22983.77024999964,1.0,2025-04-01,339.2,0.0,339.65,339.85,339.65,0.0,2025,0.0,1.0,1.0,1.0,1,10,1,4,338.8,339.25,338.6,0.7859834460571999,69.05857524682123,0.6417706651120625,0.4508373207475178,0.1909333443645446,336.995,339.2282181172694,334.7617818827306,337.78,337.255,336.995,335.3375,336.60623828718,1.0,0.0007378984651711,1,0.0035419126328216,1,0.0028040141676504,1,0.0044273907910271,1,0.0010330578512395,1,0.0014757969303423,1,0.0047225501770955,1,0.0039846517119243,1,2025-04-01 10:50:00,0.0011799411398485,0.0069521765110791,132.47488817816955,0.9165523162768852,0.8697760973002989,0.9165523162768852,0.0834476837231148,6.4412760031409e-06,2.8421202982370495e-07,0.0013562765537938,True,4.7482805991177885,0.984693688068493,2.371690394726065,0.984693688068493,0.015306311931507,2.136342535280006e-05,1.9904846420007448e-06,0.002930477789973,True,0,0,1,0.19093334436454468,1,1,1,1,0.9041253261474976,0,1,1,0,1,0,0,0.00532762691853603,0.010219893742621116,0.013183105769004819,0.0023199039139822904,13.185584728926134,62.43760686831376,32.54132231404425,True,0.6864319,0.5837002545824641,43.275524
2025-04-03 10:30:00,2025-04-03 10:35:00,-1,330.5,329.9,pivot,0.6000000000000227,0.119812,0.38018800000002273,11975.922000000715,1.0,2025-04-03,329.95,0.0,330.1,330.15,329.35,0.0,2025,0.0,1.0,1.0,2.0,0,10,3,4,330.5,330.75,329.7,1.0253367000703542,38.42936921364109,-0.7358678938696812,-0.9979468325393936,0.2620789386697124,330.1625,333.3220927453303,327.00290725466976,331.22,331.15500000000003,330.1625,334.7191666666667,330.020479136568,-1.0,0.0012102874432677,1,-0.0027231467473524,0,-0.0039334341906203,0,-0.0057488653555218,0,-0.0012102874432677,0,-0.0027231467473524,0,-0.0040847201210288,0,-0.0030257186081694,0,2025-04-03 10:30:00,-0.0018168059501566,-0.0051390681421343,37.71357824955116,0.0242370196797646,-1.3397637503233053,0.0242370196797646,0.9757629803202352,6.4412760031409e-06,2.8421202982370495e-07,0.0013562765537938,True,8.909893990215938,0.0220192454646944,-1.7543414402822168,0.0220192454646944,0.9779807545353056,2.136342535280006e-05,1.9904846420007448e-06,0.002930477789973,True,0,0,1,0.26207893866971244,1,0,0,0,0.5534087819543813,0,1,1,0,1,0,0,0.0010211800302571173,-0.012766011094301649,0.019120077127565856,0.0031023803330419188,10.071528297257576,21.26715040779631,-38.124054462932556,True,0.7291092,0.5821372553978467,49.94617
2025-04-03 12:05:00,2025-04-03 12:50:00,1,332.25,332.1,pivot,-0.1499999999999772,0.1199305,-0.3699304999999773,-11652.810749999284,1.0,2025-04-03,332.7,0.0,332.15,332.15,331.85,0.0,2025,0.0,1.0,1.0,1.0,1,12,3,4,332.25,332.85,332.2,0.6629242140117274,60.45097253086997,0.1181577602261541,-0.0537104223303965,0.1718681825565506,331.4425,332.7830713631362,330.1019286368638,332.0,331.79,331.4425,332.6858333333333,330.7200561463524,1.0,0.0004514672686229,1,-0.0004514672686229,0,-0.000300978179082,0,0.0028592927012791,1,0.000150489089541,1,-0.000752445447705,0,-0.000150489089541,0,-0.0010534236267871,0,2025-04-03 12:05:00,0.0013534854310763,0.004367805723999,95.6906113783852,0.9361785206499186,0.9977325164703854,0.9361785206499186,0.0638214793500814,6.4412760031409e-06,2.8421202982370495e-07,0.0013562765537938,True,17.738299770796004,0.961414478808636,1.4897963923477435,0.961414478808636,0.038585521191364,2.136342535280006e-05,1.9904846420007448e-06,0.002930477789973,True,0,0,1,0.1718681825565506,1,0,1,1,0.8011775509328022,1,1,0,1,1,0,0,0.0024303987960872975,-0.0013117632304989557,0.008069654556124472,0.0019952572280262674,10.389598782656584,48.4319621237885,4.7404063205415,True,0.68964696,0.5502096130552505,50.09024
2025-04-04 12:00:00,2025-04-04 13:05:00,-1,328.95,326.95,pivot,2.0,0.119677,1.780323,56080.1745,1.0,2025-04-04,327.75,0.0,326.9,327.0,326.3,0.0,2025,0.0,1.0,0.0,0.0,1,12,4,4,328.95,328.95,327.65,1.476294572255477,33.304360307958575,-0.6767933099494599,-0.179018572737797,-0.4977747372116627,331.38,335.26375835346056,327.49624164653943,329.33000000000004,330.115,331.38,331.26416666666665,331.67442484057284,-1.0,0.0042559659522723,1,0.0024319805441556,1,0.0042559659522723,1,0.0071439428484571,1,0.0057759537923695,1,0.0056239550083598,1,0.0039519683842529,1,0.004407964736282,1,2025-04-04 12:00:00,-0.0036546408881976,-0.0086580627431146,4.031971973746005,0.0025667303382499,-2.6948228884468337,0.0025667303382499,0.99743326966175,6.4412760031409e-06,2.8421202982370495e-07,0.0013562765537938,True,1.9072380145588903,0.0096019663124968,-2.9551676717660245,0.0096019663124968,0.9903980336875032,2.136342535280006e-05,1.9904846420007448e-06,0.002930477789973,True,0,0,0,0.4977747372116629,0,0,0,0,0.1871587031367706,1,0,0,1,0,1,0,-0.007387140902872798,-0.007035010386583569,0.023613061884545154,0.004487899596459879,-16.57806920029661,6.233200884037265,181.94254445963927,True,0.7003214,0.56040183069859,67.4407
2025-04-04 14:00:00,2025-04-04 14:40:00,-1,326.2,327.25,pivot,-1.0500000000000114,0.1196035,-1.2696035000000114,-39992.51025000036,1.0,2025-04-04,325.9,0.0,327.75,327.8,327.25,0.0,2025,0.0,1.0,1.0,1.0,0,14,4,4,326.2,326.4,325.85,0.7793433909035775,31.02847351246349,-0.7972602646688642,-0.8734030536182421,0.0761427889493778,326.8725,328.05102494788616,325.69397505211384,326.34,326.425,326.8725,329.3958333333333,328.17141589170944,-1.0,-0.0007664009809932,0,-0.0026057633353771,0,-0.0059779276517473,0,0.0534947884733292,1,-0.0009196811771919,0,-0.0015328019619865,0,-0.0026057633353771,0,-0.0032188841201717,0,2025-04-04 14:00:00,-0.0010733727933873,-0.0024517327635086,177.72996540178335,0.1090503264929325,-0.6228555958471638,0.1090503264929325,0.8909496735070674,7.556532870725675e-06,-1.172253647869367e-05,0.0017044885909143,True,72.9466294424438,0.1107208651207054,-0.6442055876973647,0.1107208651207054,0.8892791348792946,8.806858624153473e-06,-6.148710381591302e-05,0.0037103770990816,True,0,0,1,0.07614278894937787,0,0,0,0,0.21468571742743714,1,0,0,1,1,0,0,-0.0020616186388718997,-0.009797159207030429,0.007225781409479829,0.0023891581572764485,2.3625945100808665,6.661370096701455,-28.96995708154485,True,0.63792115,0.6124288052196268,47.777718
2025-04-04 14:40:00,2025-04-04 15:45:00,1,327.25,329.15,eod,1.8999999999999773,0.119692,1.680307999999977,52929.70199999928,1.0,2025-04-04,327.75,0.0,329.15,329.15,329.15,0.0,2025,0.0,1.0,1.0,1.0,1,14,4,4,327.25,327.8,327.25,0.7158012525052684,56.88949677133314,-0.2571135905538426,-0.5279026180070854,0.2707890274532427,326.63,327.4977860518054,325.7622139481946,327.16,326.70500000000004,326.63,329.075,328.17141589170944,-1.0,0.0024446142093201,1,0.0073338426279602,1,0.0068754774637127,1,-0.0491978609625669,0,0.0039724980901451,1,0.0059587471352176,1,0.0073338426279602,1,0.0076394194041252,1,2025-04-04 14:40:00,0.0015267178537998,0.0038211739273234,83.61738947562147,0.933884396718026,0.9025818057563452,0.933884396718026,0.0661156032819738,7.556532870725675e-06,-1.172253647869367e-05,0.0017044885909143,True,35.19392290429488,0.9251498173156484,1.0464329979021023,0.9251498173156484,0.0748501826843517,8.806858624153473e-06,-6.148710381591302e-05,0.0037103770990816,True,0,0,1,0.2707890274532428,1,0,1,1,0.8572309088801945,1,0,0,1,1,0,0,0.001894576012223085,-0.005576776165011424,0.005303505282233219,0.0021873223911543726,15.405051503013691,48.7674350230268,125.13368983957066,True,0.6948937,0.5946142248090721,46.902187
2025-04-09 14:35:00,2025-04-09 15:00:00,-1,303.95,304.4,pivot,-0.4499999999999886,0.1182505,-0.6682504999999886,-21049.890749999642,1.0,2025-04-09,303.35,0.0,304.3,304.6,304.15,0.0,2025,0.0,1.0,1.0,1.0,1,14,2,4,303.95,304.25,303.15,0.7865766822865966,31.9124775512271,-0.5919229212527739,-0.6182471523717317,0.0263242311189577,304.39250000000004,305.3884259101253,303.3965740898748,304.08000000000004,304.22,304.39250000000004,306.2683333333334,306.0297325275002,-1.0,0.0004935022207599,1,-0.0011515051817733,0,-0.0026320118440533,0,-0.055601250205626,0,0.0001645007402533,1,-0.0014805066622799,0,-0.0016450074025333,0,-0.0041125185063332,0,2025-04-09 14:35:00,-0.0021404470179148,-0.0026337463784073,25.84714077175892,0.0234920434573226,-1.248893358854445,0.0234920434573226,0.9765079565426772,7.556532870725675e-06,-1.172253647869367e-05,0.0017044885909143,True,62.48224415010008,0.0982303309739824,-0.6932608750814178,0.0982303309739824,0.9017696690260176,8.806858624153473e-06,-6.148710381591302e-05,0.0037103770990816,True,0,0,1,0.026324231118957764,0,0,0,0,0.27784492023889834,1,0,0,1,1,0,0,-0.0014558315512421527,-0.007627350989746291,0.006553221978123149,0.002587848930043088,0.8400714346370515,8.866719779846328,5.18177331797895,True,0.6609687,0.6152765924099152,46.29786
2025-04-10 10:50:00,2025-04-10 11:15:00,-1,320.85,321.85,pivot,-1.0,0.119281,-1.2192809999999998,-38407.3515,1.0,2025-04-10,321.3,0.0,322.65,322.7,321.8,0.0,2025,0.0,1.0,1.0,1.0,0,10,3,4,320.85,321.4,320.75,0.9194744617569264,71.92757718199792,1.973010677341108,2.44943781748622,-0.4764271401451116,320.4825,321.2559236936733,319.7090763063267,320.8,320.65500000000003,320.4825,311.55916666666667,318.7090122008462,1.0,-0.0021817048465014,0,-0.0056100981767179,0,-0.0038959015116097,0,-0.002025868786037,0,-0.0026492130278945,0,-0.0031167212092878,0,-0.0056100981767179,0,-0.0046750818139317,0,2025-04-10 10:50:00,0.0015573901294533,0.002492989761088,79.62680199697057,0.9363836207640204,0.9205768077862364,0.9363836207640204,0.0636163792359795,7.556532870725675e-06,-1.172253647869367e-05,0.0017044885909143,True,73.08492794041214,0.8562948872434806,0.6884682598801686,0.8562948872434806,0.1437051127565194,8.806858624153473e-06,-6.148710381591302e-05,0.0037103770990816,True,0,1,0,0.4764271401451121,1,1,1,1,0.7375799985222876,1,1,1,0,1,0,0,0.0011453950444132983,0.028956937301958398,0.004821092059674577,0.0028657455563563233,-34.26824989438605,53.05234227160975,-83.45021037867676,True,0.6570727,0.544641116489471,50.319416
2025-04-10 11:15:00,2025-04-10 12:35:00,1,321.85,321.5,pivot,-0.3500000000000227,0.1193005,-0.5693005000000227,-17932.965750000716,1.0,2025-04-10,322.65,0.0,322.0,322.05,321.45,0.0,2025,0.0,1.0,1.0,1.0,0,11,3,4,321.85,322.7,321.8,0.7811237158050088,76.77418921410859,1.7251125011092654,2.0008822754922835,-0.2757697743830181,320.83,322.34601971917454,319.31398028082543,321.91,321.355,320.83,312.95416666666665,320.2651043644777,1.0,0.0024856299518407,1,0.0007767593599502,1,0.0010874631039302,1,0.0012428149759203,1,-0.00015535187199,0,0.0004660556159701,1,0.0021749262078607,1,0.0026409818238308,1,2025-04-10 11:15:00,0.0024825458832237,0.0041928782600359,20.797401213073105,0.9758183810746835,1.463352957008864,0.9758183810746835,0.0241816189253164,7.556532870725675e-06,-1.172253647869367e-05,0.0017044885909143,True,28.263357875772265,0.9369366591863054,1.14661266233689,0.9369366591863054,0.0630633408136945,8.806858624153473e-06,-6.148710381591302e-05,0.0037103770990816,True,0,1,0,0.2757697743830181,1,1,0,1,0.8364072337249718,1,1,1,0,1,0,0,0.0031691781885972927,0.027639687224897843,0.009420660053904309,0.002426980630122755,-21.172000838013865,64.21448722205014,-4.893583967685,True,0.6650205,0.5496033500654549,85.63937
2025-06-05 14:35:00,2025-06-05 14:40:00,1,375.6,375.9,pivot,0.2999999999999545,0.122545,0.0774549999999545,2439.832499998567,1.0,2025-06-05,375.95,0.0,376.35,376.5,375.9,0.0,2025,0.0,1.0,1.0,1.0,1,14,3,6,375.6,376.0,375.6,0.525067968847522,50.46442797353125,-0.3273989075872237,-0.4238892318296424,0.0964903242424187,375.6475,376.6706401639563,374.62435983604365,375.53,375.36,375.6475,377.0158333333333,376.4553040091156,-1.0,0.001996805111821,1,0.0015974440894567,1,0.002129925452609,1,0.018503727369542,1,0.0023961661341852,1,0.0022630457933971,1,0.0014643237486686,1,0.0013312034078807,1,2025-06-05 14:35:00,0.000931408489928,0.0023968054083905,198.3997369672936,0.910066482417194,0.8482392368463892,0.910066482417194,0.0899335175828059,9.313162051157338e-06,4.994023219618413e-05,0.0010391741143795,True,67.70106346522745,0.9062337710503288,0.9371451305284136,0.9062337710503288,0.0937662289496711,8.055380893689452e-05,0.0002513567641201,0.0022893451338327,True,0,0,1,0.09649032424241871,0,0,1,1,0.47678714917402837,1,0,0,1,1,0,0,-0.00012646432374855378,-0.003769524316648818,0.005448030691993223,0.0013979445389976624,4.869329017874215,24.060790748198055,75.47923322683381,True,0.6519751,0.5969029870130649,48.80973
2025-06-05 14:40:00,2025-06-05 15:45:00,1,375.9,376.1,eod,0.2000000000000454,0.12256,-0.022559999999954523,-710.6399999985674,1.0,2025-06-05,376.35,0.0,376.1,376.1,376.1,0.0,2025,0.0,1.0,1.0,1.0,1,14,3,6,375.9,376.5,375.9,0.5304202567869865,54.92278455290789,-0.2406856118596465,-0.3872485078356433,0.1465628959759967,375.67,376.73543789136966,374.6045621086304,375.8200000000001,375.39,375.67,377.0433333333333,376.4553040091156,-1.0,0.0010641127959564,1,0.0006650704974727,1,0.0005320563979783,1,0.0140994945464219,1,0.00146315509444,1,0.0007980845969673,1,0.0005320563979783,1,0.0009310986964618,1,2025-06-05 14:40:00,0.0010634056565052,0.0038602377386748,142.96198970858683,0.9324171560368744,0.9752604595180366,0.9324171560368744,0.0675828439631255,9.313162051157338e-06,4.994023219618413e-05,0.0010391741143795,True,18.440326234891828,0.9608489884343344,1.5763813508156856,0.9608489884343344,0.0391510115656654,8.055380893689452e-05,0.0002513567641201,0.0022893451338327,True,0,0,1,0.1465628959759968,1,0,1,1,0.6079368407408019,1,0,0,1,1,0,0,0.0006118648576748108,-0.003041589075108584,0.005668730467516044,0.0014110674562037417,8.049642359139918,33.38958412578254,46.089385474859995,True,0.69156224,0.5745813532164644,46.902187
2025-06-13 11:20:00,2025-06-13 11:35:00,-1,387.75,386.7,pivot,1.0500000000000114,0.1232335,0.8267665000000114,26043.14475000036,1.0,2025-06-13,387.1,0.0,386.95,387.2,386.7,0.0,2025,0.0,1.0,1.0,1.0,1,11,4,6,387.75,388.0,387.0,0.9222287791210848,40.572721841742286,-0.3534215888820426,-0.455285774129385,0.1018641852473423,387.6375,389.49955178473726,385.7754482152627,388.04,388.375,387.6375,389.97,389.7629939620393,-1.0,0.0021921341070277,1,0.0033526756931012,1,0.000902643455835,1,0.0011605415860734,1,0.0020631850419084,1,0.0039974210186976,1,0.0034816247582205,1,0.001418439716312,1,2025-06-13 11:20:00,-0.0016777444730456,-0.0047677430691805,42.6454742360577,0.0257117883441792,-1.585454334554096,0.0257117883441792,0.9742882116558208,1.1857629779822364e-05,6.247717099638172e-05,0.0010976170086485,True,9.102096680860342,0.0160984293936436,-1.996829363378313,0.0160984293936436,0.9839015706063564,6.66731998340935e-05,0.0003148160073456,0.0025453146722198,True,0,0,1,0.10186418524734236,1,0,0,0,0.5302086120595955,1,0,1,0,1,0,0,0.00029013539651840455,-0.005725338491296008,0.00960439347382218,0.002378410777875138,4.1329072536761275,21.51200653519021,64.9903288201146,True,0.7291092,0.6022488036305093,56.981876
2025-06-16 10:40:00,2025-06-16 15:45:00,1,388.9,394.2,eod,5.300000000000011,0.123493,5.076507000000012,159909.97050000037,1.0,2025-06-16,389.3,0.0,394.2,394.2,394.2,0.0,2025,0.0,1.0,1.0,1.0,1,10,0,6,388.9,389.45,388.6,0.8651749971975484,58.06566089798517,0.1733969097951444,0.1035777889259243,0.06981912086922,388.31000000000006,389.8142396249,386.80576037510014,388.66,388.475,388.31000000000006,387.7508333333333,388.3628270017467,1.0,0.0020570840833119,1,0.0021856518385189,1,0.0023142195937259,1,0.0050141424530728,1,0.0025713551041398,1,0.0028284906145539,1,0.0015428130624839,1,0.0030856261249679,1,2025-06-16 10:40:00,0.0010280134547085,0.0025720178787884,167.40239906943083,0.9062280087498538,0.8796659272809584,0.9062280087498538,0.0937719912501462,1.1857629779822364e-05,6.247717099638172e-05,0.0010976170086485,True,60.858142887242224,0.8920043249504817,0.8868066082667585,0.8920043249504817,0.1079956750495183,6.66731998340935e-05,0.0003148160073456,0.0025453146722198,True,0,0,1,0.06981912086922011,1,1,1,1,0.6961123714046459,1,1,1,0,1,0,0,0.0015170995114423198,0.002954915573840837,0.007735868474671761,0.0022246721450181243,4.054093396587568,40.42022490487447,80.9976857804037,True,0.69571346,0.5860535348998526,46.853554
2025-06-17 11:10:00,2025-06-17 12:00:00,-1,398.95,398.5,pivot,0.4499999999999886,0.1239235,0.22607649999998858,7121.409749999641,1.0,2025-06-17,398.6,0.0,397.55,398.8,397.4,0.0,2025,0.0,1.0,1.0,1.0,1,11,1,6,398.95,399.05,398.55,1.053993502887471,47.09695617669954,0.3649044872695981,0.8179113232813928,-0.4530068360117947,400.3625,403.1551359945161,397.5698640054839,399.04,399.515,400.3625,396.1841666666667,398.6678341276582,-1.0,0.0027572377490912,1,0.0053891465095876,1,0.0035092116806616,1,0.0038851986464469,1,0.0053891465095876,1,0.0057651334753728,1,0.0038851986464469,1,0.0031332247148765,1,2025-06-17 11:10:00,-0.0008776879755954,-0.0033811315161364,217.07320575220712,0.1108048851330406,-0.8565511824105925,0.1108048851330406,0.8891951148669593,1.1857629779822364e-05,6.247717099638172e-05,0.0010976170086485,True,28.27148880832804,0.0377331060298574,-1.452059175166248,0.0377331060298574,0.9622668939701426,6.66731998340935e-05,0.0003148160073456,0.0025453146722198,True,0,0,0,0.4530068360117947,0,1,0,0,0.24710273684544865,1,1,1,0,1,0,0,-0.0035405439278105594,0.006932781885783336,0.013999929788274742,0.002641918794053067,-21.335243103392813,11.637786768352614,169.75811505200937,True,0.74512905,0.6275930329092123,42.926956
2025-06-17 14:10:00,2025-06-17 14:55:00,1,395.15,394.7,pivot,-0.4499999999999886,0.1236955,-0.6736954999999886,-21221.40824999964,1.0,2025-06-17,395.65,0.0,394.9,395.0,394.55,0.0,2025,0.0,1.0,1.0,1.0,1,14,1,6,395.15,395.9,395.1,0.7819419938186938,47.0121173256525,-0.6265836834307379,-0.742138620780729,0.1155549373499911,395.66,397.879198529452,393.440801470548,395.28,394.825,395.66,398.0175,396.47296719175546,-1.0,0.0006326711375427,1,0.0002530684550171,1,-0.0001265342275084,0,-0.0058205744653927,0,0.0016449449576111,1,0.0,0,0.0010122738200684,1,-0.0013918765025938,0,2025-06-17 14:10:00,0.0013910846378571,0.0029108417692732,79.97465804099681,0.9489120842142472,1.2104472292176396,0.9489120842142472,0.0510879157857526,1.1857629779822364e-05,6.247717099638172e-05,0.0010976170086485,True,47.39618598041415,0.9101895289392912,1.0199233086035762,0.9101895289392912,0.0898104710607087,6.66731998340935e-05,0.0003148160073456,0.0025453146722198,True,0,0,1,0.11555493734999112,0,0,0,1,0.38509365132690837,1,0,0,1,1,0,0,-0.0012906491205872397,-0.007256737947614848,0.01123218286449197,0.001978848522886736,5.432482272256205,18.10406791754453,51.81576616474965,True,0.6698357,0.5533591938680194,55.56015
2025-06-23 10:35:00,2025-06-23 11:55:00,1,401.6,402.55,pivot,0.9499999999999886,0.1241245,0.7258754999999886,22865.07824999964,1.0,2025-06-23,402.05,0.0,402.7,402.8,402.25,0.0,2025,0.0,1.0,1.0,1.0,1,10,0,6,401.6,402.15,401.4,0.8817111989854266,55.37626944959828,-0.4759693327980017,-0.8088904174950805,0.3329210846970788,400.3425,402.29517023867766,398.3898297613224,400.86,400.775,400.3425,403.28,401.5611695928685,1.0,0.0009960159362549,1,0.0021165338645417,1,0.0029880478087649,1,0.000871513944223,1,0.0013695219123504,1,0.0014940239043823,1,0.0034860557768923,1,0.0026145418326692,1,2025-06-23 10:35:00,0.0012444003596868,0.0024903511812245,123.62205275656576,0.9097892961565832,0.9675825394268408,0.9097892961565832,0.0902107038434166,2.399517466845896e-05,7.01315035741336e-05,0.0012136110442922,True,75.36923686288759,0.8591367588619006,0.7578317039194863,0.8591367588619006,0.1408632411380994,0.0001325508842753,0.0003495233733425,0.0028249383033326,True,0,0,1,0.3329210846970788,1,0,1,1,0.8219949726000814,1,1,1,0,1,0,0,0.003131225099601718,-0.0041832669322707915,0.009724453379868657,0.0021954960134099267,18.435927691637968,45.519015088917264,43.1399402390376,True,0.6701846,0.5660550050489133,54.184135
2025-06-25 10:45:00,2025-06-25 11:10:00,-1,419.75,420.35,pivot,-0.6000000000000227,0.125203,-0.8252030000000227,-25993.894500000715,1.0,2025-06-25,419.05,0.0,420.15,420.4,420.0,0.0,2025,0.0,1.0,1.0,1.0,0,10,2,6,419.75,419.85,418.85,0.9833403485673872,48.293734958458,0.2955927796338073,0.3783533217430749,-0.0827605421092675,419.215,421.1877352131023,417.2422647868976,419.53,419.89,419.215,418.3891666666667,419.0855685202313,-1.0,0.0025014889815366,1,-0.0009529481834424,0,0.0013103037522334,1,0.0023823704586063,1,-0.0004764740917212,0,-0.0014294222751638,0,-0.0003573555687908,0,0.0009529481834424,1,2025-06-25 10:45:00,-0.001669051412735,-0.0033353217339917,55.348457147630754,0.0421851384616526,-1.4330645098268722,0.0421851384616526,0.9578148615383472,2.399517466845896e-05,7.01315035741336e-05,0.0012136110442922,True,36.92737649976446,0.0623849204403302,-1.3043984369453794,0.0623849204403302,0.9376150795596698,0.0001325508842753,0.0003495233733425,0.0028249383033326,True,0,0,0,0.08276054210926759,1,1,1,0,0.635598532546773,1,1,1,0,1,0,0,0.0012745681953544373,0.0032420091324199866,0.009399572188695023,0.002342680997182578,-3.9968156856432677,30.695427070798697,-15.008933889217799,True,0.7209304,0.6131584467494487,51.6453
2025-06-25 14:25:00,2025-06-25 15:05:00,1,419.25,419.75,pivot,0.5,0.12517,0.27483,8657.145,1.0,2025-06-25,419.8,0.0,420.1,420.25,419.75,0.0,2025,0.0,1.0,1.0,1.0,1,14,2,6,419.25,420.0,419.1,0.6002012457465478,63.44123790799326,0.2122046700869191,-0.0063566536371945,0.2185613237241137,418.27,419.7401951212671,416.7998048787329,419.2,418.755,418.27,418.8891666666667,419.0855685202313,1.0,0.0023852116875372,1,0.0003577817531305,1,0.001669648181276,1,-0.0031007751937984,0,0.0020274299344067,1,0.0022659511031603,1,0.0013118664281455,1,0.0013118664281455,1,2025-06-25 14:25:00,0.0014302743797003,0.0022655467867141,95.41402272055076,0.9299989697127616,1.1207403578956447,0.9299989697127616,0.0700010302872384,2.399517466845896e-05,7.01315035741336e-05,0.0012136110442922,True,87.49733108548715,0.8408840924725693,0.6782531891444037,0.8408840924725693,0.1591159075274306,0.0001325508842753,0.0003495233733425,0.0028249383033326,True,0,0,1,0.2185613237241136,1,1,1,1,0.833289094020177,1,1,0,1,1,0,0,0.002337507453786567,0.000860663883919593,0.0070134531724131005,0.0014316070262290943,13.865800935867428,52.86489165987022,63.86404293381105,True,0.64886785,0.5779471515224798,63.32316
2025-06-26 10:55:00,2025-06-26 11:20:00,-1,412.45,412.85,pivot,-0.4000000000000341,0.124759,-0.6247590000000341,-19679.908500001075,1.0,2025-06-26,411.7,0.0,412.5,413.05,412.25,0.0,2025,0.0,1.0,1.0,0.0,0,10,3,6,412.45,412.75,411.65,0.9725750978704654,19.43909501341628,-1.612888203943328,-1.2712701164117095,-0.3416180875316184,415.395,419.3586373525728,411.4313626474272,412.72,413.7950000000001,415.395,417.765,415.1441584693744,-1.0,-0.0012122681537156,0,-0.0001212268153715,0,0.0046066189841192,1,-0.0004849072614862,0,-0.0036368044611468,0,-0.0009698145229725,0,0.0007273608922293,1,0.0023033094920596,1,2025-06-26 10:55:00,-0.0019412769988767,-0.0041207184718088,37.54834995477599,0.029575575493449,-1.657374915884939,0.029575575493449,0.9704244245065508,2.399517466845896e-05,7.01315035741336e-05,0.0012136110442922,True,21.86485906929639,0.0398312438017703,-1.5824210531881917,0.0398312438017703,0.9601687561982296,0.0001325508842753,0.0003495233733425,0.0028249383033326,True,1,0,0,0.3416180875316186,0,0,0,0,0.12849779911267525,1,0,1,0,1,0,0,-0.007140259425384879,-0.012886410473996843,0.019219965341606582,0.0023580436364903997,-6.640746461828689,2.4978809259661725,-114.5593405261242,True,0.7281529,0.5948803126646462,61.805264
2025-07-01 11:00:00,2025-07-01 11:50:00,-1,422.5,421.8,pivot,0.6999999999999886,0.125329,0.4746709999999886,14952.13649999964,1.0,2025-07-01,421.75,0.0,421.4,421.8,421.4,0.0,2025,0.0,1.0,1.0,1.0,1,11,1,7,422.5,422.55,421.5,0.7908993195025269,48.66928424375802,0.7878653629250607,1.1717710146480087,-0.383905651722948,423.05,424.2148356605816,421.88516433941845,422.61,423.16,423.05,419.1816666666666,421.1241475457713,1.0,0.0010650887573964,1,-0.0001183431952662,0,0.002603550295858,1,0.0043786982248521,1,0.0007100591715976,1,0.0005917159763313,1,0.000473372781065,1,-0.0003550295857987,0,2025-07-01 11:00:00,-0.0017767253711509,-0.0044949212183953,58.28869959464954,0.0498449551542298,-1.39104581828449,0.0498449551542298,0.9501550448457702,5.556812651880662e-05,8.582745827271393e-05,0.001338958648911,True,21.649770004231804,0.0449515233576988,-1.580784414791509,0.0449515233576988,0.9550484766423012,0.0002469069676662,0.0004251857715126,0.0031124465448104,True,0,0,0,0.383905651722948,0,1,0,0,0.2639151948157941,1,1,1,0,1,0,0,-0.001301775147929021,0.007854043392505053,0.00551401496133296,0.0018719510520769868,-18.684413286489328,12.844563632736657,22.3668639053244,True,0.73212147,0.6251571461092226,58.860264
2025-07-01 14:35:00,2025-07-01 15:45:00,1,419.8,416.9,eod,-2.900000000000034,0.125101,-3.1251010000000345,-98440.68150000108,1.0,2025-07-01,418.9,0.0,416.9,416.9,416.9,0.0,2025,0.0,1.0,1.0,1.0,0,14,1,7,419.8,419.85,418.75,0.5550420470124233,32.68330000411754,-0.3942476258260399,-0.3740261509449288,-0.020221474881111,420.18500000000006,421.32890835576126,419.04109164423886,419.9,419.86,420.18500000000006,421.52166666666665,420.9965755668417,-1.0,-0.001191043353978,0,-0.0046450690805145,0,-0.0071462601238685,0,-0.0131014768937589,0,-0.0029776083849452,0,-0.0038113387327299,0,-0.0054787994282992,0,-0.0046450690805145,0,2025-07-01 14:35:00,-0.002027068004661,-0.0033365140580819,40.97882302618396,0.0374166666993587,-1.5780139772442638,0.0374166666993587,0.9625833333006412,5.556812651880662e-05,8.582745827271393e-05,0.001338958648911,True,36.596616621007264,0.0774593664218524,-1.2085990154165662,0.0774593664218524,0.9225406335781476,0.0002469069676662,0.0004251857715126,0.0031124465448104,True,0,0,0,0.02022147488111109,0,0,0,0,0.3317172883382538,1,0,0,1,1,0,0,-0.0009171033825632391,-0.004101159282197798,0.005449777778757494,0.0013221582825450769,-0.6609045300650779,10.84161565131151,-93.79466412577379,True,0.6792594,0.637333823592246,54.96176
2025-07-14 10:55:00,2025-07-14 11:45:00,-1,430.45,430.6,pivot,-0.1500000000000341,0.1258315,-0.37583150000003407,-11838.692250001073,1.0,2025-07-14,429.7,0.0,430.3,430.7,430.3,0.0,2025,0.0,1.0,1.0,1.0,1,10,0,7,430.45,430.45,429.55,0.7814101230349114,41.78521334895409,0.256840612123085,0.4732520418472521,-0.2164114297241671,431.09,432.354328409664,429.82567159033607,430.73,431.2600000000001,431.09,429.9175,429.4049069717372,1.0,0.0020908351724938,1,0.0008131025670808,1,0.0003484725287489,1,-0.0022069926820768,0,0.0022069926820768,1,0.0012777326054129,1,0.000116157509583,1,-0.000232315019166,0,2025-07-14 10:55:00,-0.001860033086836,-0.0038325347416384,63.95894895927528,0.059054524512509,-1.3627821722238012,0.059054524512509,0.940945475487491,4.3384789001395776e-05,6.489382648514195e-05,0.0014124978683718,True,34.33890572605288,0.0760419063248182,-1.2687357791969267,0.0760419063248182,0.9239580936751818,0.000188800238339,0.0003223101819531,0.0032747913251264,True,0,0,0,0.2164114297241671,0,1,0,0,0.24690120260362353,1,1,1,0,1,0,0,-0.0014868161226622985,0.0012370774770588233,0.0058744495744637495,0.0018153330770935333,-9.042797762176507,10.316819426905747,69.5202694854192,True,0.67731214,0.612788409100687,53.001793
2025-07-23 12:10:00,2025-07-23 15:45:00,1,428.5,430.4,eod,1.8999999999999773,0.125767,1.6742329999999772,52738.33949999928,1.0,2025-07-23,429.1,0.0,430.4,430.4,430.4,0.0,2025,0.0,1.0,1.0,1.0,1,12,2,7,428.5,429.2,428.4,0.8161633525033452,57.831442983946594,-0.0406450588916982,-0.198746054700754,0.1581009958090558,428.0825,429.37102220975913,426.7939777902408,428.27,427.815,428.0825,428.4175,429.269916360265,-1.0,0.0007001166861143,1,0.0018669778296382,1,0.0014002333722287,1,0.002100350058343,1,0.0019836639439907,1,0.0017502917152858,1,0.000933488914819,1,0.0010501750291715,1,2025-07-23 12:10:00,0.0015159468823512,0.0051401982335627,101.6824227716346,0.918907381892386,1.145472541580074,0.918907381892386,0.081092618107614,3.133531280125289e-05,3.918736549278935e-05,0.0012892142441244,True,16.1824160621901,0.9622519476510286,1.7006675167212222,0.9622519476510286,0.0377480523489713,0.0001746534171088,0.0001929760867059,0.0029089884402536,True,0,0,1,0.1581009958090558,1,1,1,1,0.6620072967458108,1,0,0,1,1,0,0,0.0009743290548425162,0.00019253208868140446,0.006014105996542261,0.00190469860560874,9.143208724836589,38.28483723671197,62.48541423570705,True,0.67293113,0.5716235016146929,48.138275
2025-07-28 11:10:00,2025-07-28 11:25:00,-1,429.5,429.9,pivot,-0.3999999999999772,0.125782,-0.6257819999999773,-19712.132999999285,1.0,2025-07-28,428.95,0.0,430.5,430.6,429.85,0.0,2025,0.0,1.0,1.0,1.0,0,11,0,7,429.5,429.55,428.85,0.7834111917563465,33.300824334624025,-0.4483546535583969,-0.2950387763307259,-0.1533158772276709,430.65,432.10566046180224,429.1943395381977,429.81000000000006,430.11,430.65,431.10583333333335,431.4985052711299,-1.0,0.0004656577415599,1,-0.0034924330616996,0,-0.0013969732246799,0,-0.0015133876600697,0,-0.0023282887077997,0,-0.0030267753201397,0,-0.0033760186263096,0,-0.0027939464493596,0,2025-07-28 11:10:00,-0.0012813794053358,-0.0032584690765093,119.08469926364712,0.0984948707131338,-1.024319097347125,0.0984948707131338,0.901505129286866,3.133531280125289e-05,3.918736549278935e-05,0.0012892142441244,True,43.35373783752213,0.085603865216386,-1.186476066888177,0.085603865216386,0.914396134783614,0.0001746534171088,0.0001929760867059,0.0029089884402536,True,0,0,0,0.15331587722767098,0,0,0,0,0.10499030159266984,1,0,1,0,1,0,0,-0.0026775320139696794,-0.0037388436166085,0.0067783956312096275,0.0018240074313302598,-5.105545095267453,3.4962635901766954,-73.34109429569055,True,0.67219716,0.657906891321834,52.540382
2025-08-06 12:20:00,2025-08-06 15:45:00,-1,429.75,431.3,eod,-1.5500000000000114,0.1258315,-1.7758315000000118,-55938.69225000037,1.0,2025-08-06,429.3,0.0,431.3,431.3,431.3,0.0,2025,0.0,1.0,1.0,1.0,1,12,2,8,429.75,429.9,429.3,0.5021114459636501,41.94900099353431,0.0135579466364106,0.1054543034678827,-0.0918963568314721,430.0425,430.7732350379715,429.3117649620285,429.72,429.97,430.0425,429.9883333333333,430.7727589957843,-1.0,0.0005817335660267,1,0.0004653868528213,1,0.0004653868528213,1,0.0005817335660267,1,0.0013961605584642,1,0.0016288539848749,1,0.0008144269924375,1,0.0008144269924375,1,2025-08-06 12:20:00,-0.0011640089778951,-0.0015129476263905,144.6897866676712,0.1099819818803291,-0.9598506603511708,0.1099819818803291,0.8900180181196709,1.7726732910847144e-05,2.895976254953476e-05,0.0012428691146685,True,122.75002973262602,0.217474987559088,-0.6059477572478827,0.217474987559088,0.782525012440912,0.0001167773437366,0.0001517252954889,0.0027472218552968,True,0,0,0,0.0918963568314721,0,0,1,0,0.2998590564289962,1,0,0,1,1,0,0,-0.0006806282722513512,-0.00055458599961207,0.003400744795678878,0.0011683803280131474,-3.8549603640256067,12.578787856060222,43.9790575916223,True,0.58128315,0.6117211421922608,42.555946
2025-08-20 10:30:00,2025-08-20 10:35:00,-1,418.7,417.75,pivot,0.9499999999999886,0.1250935,0.7249064999999887,22834.554749999643,1.0,2025-08-20,417.8,0.0,417.75,418.1,417.6,0.0,2025,0.0,1.0,1.0,0.0,0,10,2,8,418.7,418.7,417.65,1.0543452337025967,30.12864843363917,-1.407351580038778,-1.4115947368749262,0.004243156836148,420.045,422.89952549472827,417.19047450527165,419.02,420.07,420.045,424.7466666666666,421.42127495055286,-1.0,0.0022689276331502,1,0.00083592070695,1,-0.0019106759016002,0,-0.00059708621925,0,-0.0009553379508001,0,-0.00011941724385,0,0.0011941724385001,1,-0.0002388344877,0,2025-08-20 10:30:00,-0.0021518239026321,-0.0084609930958969,32.68855655152819,0.0297741778197289,-1.7846629373137417,0.0297741778197289,0.9702258221802712,-7.699925569765708e-06,-5.718349176210776e-06,0.0012025271039058,True,4.497598568399857,0.0095472843055183,-3.1031984450259085,0.0095472843055183,0.9904527156944816,-9.10076546663454e-06,-2.81820708944929e-05,0.0027174578662603,True,0,0,1,0.004243156836148287,0,0,0,0,0.26440918070553315,1,0,1,0,1,0,0,-0.0032123238595653863,-0.014441525356261344,0.013635182683201848,0.0025181400375032166,0.12784058056509578,7.966291248103578,-30.09314545020315,True,0.72774684,0.6149545827171554,63.56806
2025-08-22 14:00:00,2025-08-22 14:55:00,1,428.25,429.15,pivot,0.8999999999999773,0.125722,0.6742779999999773,21239.756999999285,1.0,2025-08-22,428.75,0.0,428.8,429.2,428.7,0.0,2025,0.0,1.0,1.0,1.0,1,14,4,8,428.25,429.0,428.25,0.4434840389339573,61.87055970797956,-0.0218123656607076,-0.1621355475991904,0.1403231819384827,427.8375,428.5437689295204,427.1312310704796,428.15,427.855,427.8375,428.6116666666667,427.54935145324106,1.0,0.0012842965557501,1,0.0017513134851138,1,0.0021015761821365,1,0.0113251605370695,1,0.0012842965557501,1,0.0011675423234092,1,0.0019848219497957,1,0.0015178050204319,1,2025-08-22 14:00:00,0.0010501138588243,0.0029197101033348,163.626928247926,0.8891093953084868,0.8780111521571353,0.8891093953084868,0.1108906046915132,-7.699925569765708e-06,-5.718349176210776e-06,0.0012025271039058,True,53.66374363880212,0.912150652222253,1.0847977482300903,0.912150652222253,0.087849347777747,-9.10076546663454e-06,-2.81820708944929e-05,0.0027174578662603,True,0,0,1,0.1403231819384828,1,0,1,1,0.792027571055762,1,1,0,1,1,0,0,0.0009632224168126625,-0.0008445222805993667,0.0032983954676959965,0.001035572770423718,8.681873806538572,49.00318912537155,40.45534150612815,True,0.68020093,0.6011715740268492,46.853554
2025-09-09 11:00:00,2025-09-09 11:05:00,1,438.05,438.5,pivot,0.4499999999999886,0.1262965,0.2237034999999886,7046.660249999641,1.0,2025-09-09,438.5,0.0,438.9,438.95,438.45,0.0,2025,0.0,1.0,1.0,1.0,1,11,1,9,438.05,438.55,438.0,0.5152612764065636,72.41791637063486,0.7538751653063969,0.7271821469480771,0.0266930183583197,437.205,438.8368862227047,435.5731137772954,438.15,437.82,437.205,435.20416666666665,436.7432921333158,1.0,0.0019404177605295,1,0.003310124415021,1,0.0049081155119278,1,0.0058212532815888,1,0.0026252710877753,1,0.0021687022029448,1,0.003310124415021,1,0.0031959821938134,1,2025-09-09 11:00:00,0.0010267526998648,0.0013692380048851,166.158889677883,0.9009472853025752,0.9021403042809352,0.9009472853025752,0.0990527146974247,-1.1420477084108084e-05,-1.0838201751186392e-05,0.0011501436048166,True,149.31659414710074,0.7877098184455907,0.5500071900848655,0.7877098184455907,0.2122901815544092,-4.237988454896708e-05,-5.676558896479109e-05,0.002592699912941,True,0,1,1,0.02669301835831972,1,1,0,1,0.7589028537171723,1,1,1,0,1,0,0,0.0019290035384089198,0.006496594757067366,0.007450684728705174,0.0011762613318264208,1.9330527711526169,54.95816339392632,82.69603926492195,True,0.53626364,0.5528129569531226,45.424763
2025-09-22 13:20:00,2025-09-22 15:30:00,-1,479.4,479.05,pivot,0.3499999999999659,0.1287535,0.12124649999996588,3819.2647499989253,1.0,2025-09-22,478.9,0.0,478.8,479.35,478.8,0.0,2025,0.0,1.0,1.0,1.0,1,13,0,9,479.4,479.45,478.6,0.5486296106225986,33.78653160036821,-0.0868861648676215,0.2167518714985114,-0.3036380363661329,480.6125,482.0414764521959,479.18352354780416,479.74,480.44,480.6125,479.59583333333336,479.8726941156172,-1.0,0.0013558614935335,1,0.0016687526074258,1,0.0012515644555693,1,0.0004171881518564,1,0.0017730496453899,1,0.0020859407592824,1,0.0013558614935335,1,0.0013558614935335,1,2025-09-22 13:20:00,-0.0010435146517202,-0.0045833413568444,139.33140739249382,0.0770476963325049,-1.0287694517184334,0.0770476963325049,0.9229523036674953,3.181527774563726e-05,5.951710439713295e-05,0.0010721855652643,True,7.439794316374103,0.0173258273145751,-2.06308432121284,0.0173258273145751,0.9826741726854248,0.0001759779763702,0.0002924728661059,0.0023633615809188,True,0,0,0,0.3036380363661329,0,0,0,0,0.07574528322813329,1,0,0,1,1,0,0,-0.0025292031706300256,-0.0004084967320262466,0.005961520451380405,0.001144408866546931,-10.2588761107581,2.559170405366165,55.85106382978185,True,0.71076214,0.6114135316029471,43.44694
2025-09-25 10:35:00,2025-09-25 10:45:00,-1,481.5,481.8,pivot,-0.3000000000000113,0.128899,-0.5288990000000113,-16660.318500000358,1.0,2025-09-25,480.7,0.0,481.5,481.9,481.1,0.0,2025,0.0,1.0,1.0,1.0,0,10,3,9,481.5,481.5,480.7,0.8264240592410838,47.84198511428126,0.3303563523413686,0.3357823319326117,-0.0054259795912431,480.85,482.8591894191476,478.84081058085246,481.5400000000001,481.535,480.85,480.3,480.1341412270384,1.0,-0.0005192107995846,0,-0.0021806853582554,0,0.0002076843198338,1,0.0002076843198338,1,-0.0002076843198338,0,-0.0003115264797507,0,-0.0010384215991692,0,-0.0008307372793353,0,2025-09-25 10:35:00,-0.0016628563382652,-0.0034266167166476,40.18372890758639,0.0277077164222021,-1.606413570992027,0.0277077164222021,0.9722922835777978,3.181527774563726e-05,5.951710439713295e-05,0.0010721855652643,True,20.2162605408346,0.0324649673875796,-1.573643920075795,0.0324649673875796,0.9675350326124204,0.0001759779763702,0.0002924728661059,0.0023633615809188,True,0,0,0,0.00542597959124308,1,1,0,0,0.66175677459912,1,1,1,0,1,0,0,0.0013499480789199944,0.0024922118380062068,0.008345542758660687,0.0017163531863781593,-0.25958963483464625,31.659757759645874,-6.5420560747647,True,0.71494186,0.5706334804554406,54.44094
2025-09-26 11:45:00,2025-09-26 11:50:00,1,470.8,469.75,pivot,-1.0500000000000114,0.1282165,-1.2782165000000114,-40263.81975000036,1.0,2025-09-26,469.75,0.0,469.35,469.95,469.35,0.0,2025,0.0,1.0,1.0,1.0,0,11,4,9,470.8,470.8,469.6,0.8668575144851606,30.49341273563704,-1.139003671160765,-1.3436036274838534,0.2045999563230884,471.155,473.0465045570579,469.2634954429421,470.64,470.485,471.155,475.7916666666667,472.7400550189584,-1.0,-0.0030798640611724,0,-0.00392948173322,0,-0.0050977060322855,0,-0.0083899745114698,0,-0.0031860662701784,0,-0.0044604927782498,0,-0.0042480883602378,0,-0.0054163126593033,0,2025-09-26 11:45:00,-0.0023389336624976,-0.0010638298875651,14.044163170055876,0.0115032438913408,-2.236973565581892,0.0115032438913408,0.9884967561086592,3.181527774563726e-05,5.951710439713295e-05,0.0010721855652643,True,176.4361526533519,0.2093504632968801,-0.5738871125863658,0.2093504632968801,0.7906495367031199,0.0001759779763702,0.0002924728661059,0.0023633615809188,True,0,0,1,0.20459995632308847,0,0,1,1,0.40615935904691547,1,0,1,0,1,0,0,-0.0007540356839421439,-0.010602520532427091,0.008035278492174655,0.0018412436586345807,6.2389509138532455,12.38518497185939,-100.3610875106196,True,0.5663993,0.5485872551996018,42.754684
2025-09-26 11:50:00,2025-09-26 13:20:00,1,469.75,468.05,pivot,-1.6999999999999886,0.128134,-1.9281339999999887,-60736.22099999964,1.0,2025-09-26,469.35,0.0,467.5,468.35,467.45,0.0,2025,0.0,1.0,1.0,1.0,0,11,4,9,469.75,469.95,469.35,0.8477962634505037,28.510020389595297,-1.1671689338990063,-1.308316688766884,0.1411477548678776,470.9625,472.7589511843551,469.1660488156449,470.39,470.435,470.9625,475.5975,472.1160495170624,-1.0,-0.0011708355508249,0,-0.0020223523150611,0,-0.0030867482703565,0,-0.0062799361362426,0,-0.0022352315061203,0,-0.0017030335284726,0,-0.0031931878658861,0,-0.0025545502927088,0,2025-09-26 11:50:00,-0.0008518795105737,-0.0026597175102612,206.03334325601924,0.110068695191081,-0.8500362665731606,0.110068695191081,0.8899313048089189,3.181527774563726e-05,5.951710439713295e-05,0.0010721855652643,True,39.69484387928861,0.0545139698844491,-1.2491488396030606,0.0545139698844491,0.9454860301155508,0.0001759779763702,0.0002924728661059,0.0023633615809188,True,1,0,1,0.14114775486787767,0,0,0,0,0.16252909888133943,1,0,1,0,1,0,0,-0.0025811601915912237,-0.012448110697179405,0.007648541498052609,0.001804781827462488,4.024125369228789,4.6337079230095375,-70.40979244278945,True,0.7190313,0.6636683660953905,52.540382
2025-10-01 11:10:00,2025-10-01 12:15:00,1,480.1,479.2,pivot,-0.9000000000000341,0.128779,-1.128779000000034,-35556.53850000107,1.0,2025-10-01,479.7,0.0,478.95,479.3,478.9,0.0,2025,0.0,1.0,1.0,1.0,1,11,2,10,480.1,480.3,479.55,0.7085171963629588,55.162302395450425,0.6383043003100397,0.6815464293075795,-0.0432421289975397,479.465,481.0732353898613,477.8567646101386,480.36,480.07,479.465,477.61,478.8903542235136,1.0,-0.0003124349093939,0,-0.0003124349093939,0,-0.0022911893355551,0,-0.0012497396375755,0,0.0002082899395958,1,-0.0002082899395959,0,-0.0003124349093939,0,-0.0007290147885857,0,2025-10-01 11:10:00,-0.0009376465759635,-0.0022904747129795,171.8148395032037,0.0987230942574212,-0.9624733707733362,0.0987230942574212,0.9012769057425788,2.681802710255625e-05,5.325765540502146e-05,0.0010295393737203,True,56.12362445918455,0.0756854965168819,-1.1102733768303792,0.0756854965168819,0.924314503483118,0.0001672812930653,0.0002681495172574,0.0023044993094776,True,0,0,0,0.043242128997539764,1,1,0,1,0.6974213488906084,1,1,1,0,1,0,0,0.0013226411164341757,0.005186419495938365,0.006699585044204686,0.0014757700403310952,-2.3853353959853605,38.47136734454667,6.5611330972676996,True,0.67873114,0.5918913669639314,52.540382
2025-10-02 10:45:00,2025-10-02 10:50:00,1,498.95,499.4,pivot,0.4499999999999886,0.1299505,0.22004949999998868,6931.559249999644,1.0,2025-10-02,499.4,0.0,499.45,499.55,498.85,0.0,2025,0.0,1.0,1.0,2.0,0,10,3,10,498.95,499.65,498.9,1.0898533569140885,85.96971006362696,3.081862252122733,3.209088636097285,-0.1272263839745528,495.86500000000007,500.12683800446064,491.6031619955395,498.44,497.485,495.86500000000007,486.5708333333333,496.0367137901522,1.0,0.0010021044192804,1,0.0008016835354244,1,0.0014029461869926,1,-0.0013027357450645,0,-0.0005010522096402,0,0.0006012626515683,1,0.0002004208838561,1,0.000100210441928,1,2025-10-02 10:45:00,0.0009014875153512,0.003912328810304,210.86806139716109,0.8795813928593751,0.8238925888585119,0.8795813928593751,0.1204186071406249,2.681802710255625e-05,5.325765540502146e-05,0.0010295393737203,True,22.556040784268767,0.9567754906956012,1.5813323432379318,0.9567754906956012,0.0432245093043989,0.0001672812930653,0.0002681495172574,0.0023044993094776,True,0,1,0,0.127226383974552,1,1,1,1,0.8619330435332204,0,1,1,0,1,0,0,0.006182984266960462,0.024810435247352765,0.017083226794109917,0.0021842937306625686,-10.93761534273598,74.10013384681052,-15.783144603666301,True,0.62331676,0.563203771358708,45.3925
2025-10-10 10:45:00,2025-10-10 10:50:00,-1,508.0,507.4,pivot,0.6000000000000227,0.130462,0.36953800000002274,11640.447000000717,1.0,2025-10-10,507.4,0.0,507.3,507.9,507.2,0.0,2025,0.0,1.0,1.0,2.0,1,10,4,10,508.0,508.05,506.9,1.3279217846709868,57.84884154209716,1.8262134643323409,2.214560080353935,-0.3883466160215945,507.555,510.8765247004088,504.2334752995913,508.25999999999993,508.73,507.555,501.5208333333333,504.9132965181624,1.0,0.0013779527559054,1,0.0068897637795275,1,0.0036417322834646,1,0.0052165354330708,1,0.0041338582677165,1,0.0049212598425196,1,0.0067913385826771,1,0.0052165354330708,1,2025-10-10 10:45:00,-0.0012802207667089,-0.0028536304727591,92.1767221424425,0.0543887351687642,-1.2952184794014272,0.0543887351687642,0.9456112648312358,2.681802710255625e-05,5.325765540502146e-05,0.0010295393737203,True,34.42685066172137,0.050483346085284,-1.35464566085038,0.050483346085284,0.949516653914716,0.0001672812930653,0.0002681495172574,0.0023044993094776,True,0,0,0,0.38834661602159426,1,1,0,0,0.5669873085612118,1,1,1,0,1,0,0,0.0008759842519684905,0.012754265091863554,0.013076868899247081,0.0026140192611633596,-22.46540185364287,32.799558969337696,130.21653543306974,True,0.74973565,0.6235056260572522,53.001793
2025-10-15 11:10:00,2025-10-15 13:00:00,1,505.4,508.55,pivot,3.150000000000034,0.1304185,2.9195815000000342,91966.81725000108,1.0,2025-10-15,505.9,0.0,508.25,508.65,507.95,0.0,2025,0.0,1.0,1.0,1.0,1,11,2,10,505.4,506.1,505.25,1.0304019425064974,67.8121219001941,1.071410634136214,1.1384438224694382,-0.0670331883332242,504.3850000000001,505.9817401061676,502.7882598938325,505.03,504.845,504.3850000000001,500.33166666666665,502.873942111038,1.0,0.0020775623268698,1,0.0032647407993669,1,0.0031658092599921,1,0.0053423031262367,1,0.0030668777206173,1,0.0029679461812425,1,0.0031658092599921,1,0.0034626038781163,1,2025-10-15 11:10:00,0.0010877627772187,0.0035643602093051,161.9950153732524,0.8902088791163291,0.7136438656659545,0.8902088791163291,0.1097911208836709,2.691353702660389e-05,7.819210424437789e-05,0.0014146701478787,True,34.456479861085086,0.9254047888743236,0.9970036547394632,0.9254047888743236,0.0745952111256763,0.0002123298031992,0.0003914538862031,0.00318244201816,True,0,0,0,0.06703318833322425,1,1,1,1,0.8178350678608891,1,1,1,0,1,0,0,0.0020083102493072273,0.010028360374620753,0.006318718267382448,0.002038785006938064,-4.545662738611269,55.45913131603613,96.60664819944496,True,0.63140726,0.5864271855701876,45.3925
2025-10-16 10:40:00,2025-10-16 10:50:00,1,521.6,520.8,pivot,-0.8000000000000682,0.131272,-1.0312720000000681,-32485.06800000215,1.0,2025-10-16,520.9,0.0,521.1,521.3,520.5,0.0,2025,0.0,1.0,1.0,1.0,0,10,3,10,521.6,521.9,520.6,1.3457482469554785,63.64642070579678,2.1158802445551146,2.392983049006557,-0.2771028044514425,520.3075,523.8412880405707,516.7737119594293,521.58,521.465,520.3075,513.55,517.6680319067677,1.0,-0.0015337423312884,0,0.0009585889570552,1,0.0013420245398771,1,0.0019171779141104,1,-0.0011503067484663,0,-0.002396472392638,0,0.000575153374233,1,0.0007668711656441,1,2025-10-16 10:40:00,-0.0012470623708341,-0.0023968181744117,115.75970692301684,0.0767846678378894,-0.9367939777804056,0.0767846678378894,0.9232153321621106,2.691353702660389e-05,7.819210424437789e-05,0.0014146701478787,True,60.92147123072546,0.0911789526131245,-0.8761422972371794,0.0911789526131245,0.9088210473868754,0.0002123298031992,0.0003914538862031,0.00318244201816,True,0,0,0,0.27710280445144253,1,1,1,1,0.6828774087694409,1,1,1,0,1,0,0,0.0024779524539877648,0.015433282208589087,0.013549800769059425,0.002580038817015871,-17.636601670872643,43.4627028490242,-36.23466257668845,True,0.68792003,0.5653429745824142,44.898582
2025-10-17 10:40:00,2025-10-17 10:45:00,1,532.1,532.65,pivot,0.5499999999999545,0.1319425,0.31805749999995453,10018.811249998567,1.0,2025-10-17,532.65,0.0,533.25,533.3,531.9,0.0,2025,0.0,1.0,2.0,2.0,0,10,4,10,532.1,532.7,531.6,1.2992709135698255,82.55613969070481,2.099503101440632,1.3396545585156154,0.7598485429250168,526.3625,532.7044136262318,520.0205863737681,530.9,528.8900000000001,526.3625,524.405,528.0995294520274,1.0,0.0021612478857357,1,-0.0036647246758129,0,-0.0121217816199963,0,-0.0067656455553467,0,-0.0011276075925578,0,-0.0028190189813944,0,-0.0048862995677504,0,-0.0064837436572073,0,2025-10-17 10:40:00,0.0009391435701531,0.0077271398425346,206.5032489348709,0.8629991021925371,0.6085881342726955,0.8629991021925371,0.1370008978074629,2.691353702660389e-05,7.819210424437789e-05,0.0014146701478787,True,4.633275460545315,0.9822761572328108,2.30504936601253,0.9822761572328108,0.017723842767189,0.0002123298031992,0.0003914538862031,0.00318244201816,True,0,1,1,0.7598485429250164,1,1,1,1,0.9523476933104399,0,1,1,0,0,0,0,0.010782747603833994,0.014461567374553749,0.023837299854282547,0.002441779578218052,62.7301624534962,78.62214920305718,-35.5196391655707,True,0.6101073,0.5453822493266647,48.174988
2025-10-17 10:45:00,2025-10-17 11:10:00,1,532.65,530.15,pivot,-2.5,0.131884,-2.7318839999999995,-86054.34599999999,1.0,2025-10-17,533.25,0.0,529.5,530.15,528.8,0.0,2025,0.0,1.0,2.0,2.0,0,10,4,10,532.65,533.3,531.9,1.3064658483148364,83.62129113809537,2.296074507443336,1.5309385483011595,0.7651359591421765,526.82,533.7660628772896,519.8739371227105,531.75,529.775,526.82,524.5925,528.5345765068245,1.0,-0.0008448324415656,0,-0.0059138270909602,0,-0.0119215244532057,0,-0.0064770487186706,0,-0.0038486811226883,0,-0.0046935135642542,0,-0.0075096217028067,0,-0.0092931568572231,0,2025-10-17 10:45:00,0.0011258092942533,0.0080019254931604,152.27250482833162,0.8961786178486203,0.740538132920831,0.8961786178486203,0.1038213821513797,2.691353702660389e-05,7.819210424437789e-05,0.0014146701478787,True,4.243184411271545,0.9834989028834892,2.39139364159017,0.9834989028834892,0.0165010971165109,0.0002123298031992,0.0003914538862031,0.00318244201816,True,0,1,1,0.7651359591421767,1,1,1,1,0.9196621959082264,0,1,1,0,0,0,0,0.01094527363184066,0.015127194217591297,0.026081152266177007,0.0024527660721202224,63.981656799653784,76.9033402327419,-121.23345536468145,True,0.6170431,0.5552735384632116,43.07303
2025-10-17 11:10:00,2025-10-17 12:05:00,-1,530.15,525.75,pivot,4.399999999999977,0.131677,4.168322999999978,131302.1744999993,1.0,2025-10-17,529.5,0.0,526.2,526.25,525.35,0.0,2025,0.0,1.0,1.0,2.0,1,11,4,10,530.15,530.15,528.8,1.3949377012151962,56.90410434451847,1.784960408046004,1.8795384423988664,-0.0945780343528626,528.625,534.9957803389389,522.2542196610611,530.7900000000001,531.27,528.625,525.2541666666667,528.5345765068245,1.0,0.0028293879090823,1,0.0072620956333113,1,0.0082995378666414,1,0.0074507214939166,1,0.0079222861454304,1,0.008488163727247,1,0.0052815240969536,1,0.0066962180514947,1,2025-10-17 11:10:00,-0.001226820330346,-0.0070571923099987,119.86170747681244,0.0791939727143812,-0.9224853133058952,0.0791939727143812,0.9208060272856188,2.691353702660389e-05,7.819210424437789e-05,0.0014146701478787,True,3.448696893969542,0.0088833067234632,-2.3405441964684464,0.0088833067234632,0.9911166932765368,0.0002123298031992,0.0003914538862031,0.00318244201816,True,0,0,0,0.09457803435286238,1,1,0,0,0.6196870649172301,0,1,1,0,1,0,0,0.002876544374233665,0.009234807758810257,0.02403387848321742,0.002631213243827589,-5.381878335514746,35.262737402998454,249.55201358105757,True,0.70260066,0.6274230447235712,44.644577
2025-10-22 11:10:00,2025-10-22 12:30:00,1,535.85,535.65,pivot,-0.2000000000000454,0.132145,-0.43214500000004546,-13612.567500001433,1.0,2025-10-22,536.5,0.0,535.3,535.8,535.2,0.0,2025,0.0,1.0,1.0,1.0,1,11,2,10,535.85,536.7,535.75,1.381502862670098,60.27497558091105,0.1950852111089034,-0.2298013876286256,0.424886598737529,533.6575,536.8889694426938,530.4260305573063,535.3,534.74,533.6575,535.5758333333333,536.3024390975694,1.0,0.0012130260334048,1,0.0018661938975459,1,0.0010264066436501,1,0.000373238779509,1,0.001306335728282,1,0.0014929551180366,1,0.0027059811514415,1,0.002239432677055,1,2025-10-22 11:10:00,0.0012122909117471,0.0045770945350488,132.32653686742063,0.9084479422654016,0.8016701343442393,0.9084479422654016,0.0915520577345984,2.691353702660389e-05,7.819210424437789e-05,0.0014146701478787,True,20.01057564067872,0.9523158168617036,1.3152291934813314,0.9523158168617036,0.0476841831382964,0.0002123298031992,0.0003914538862031,0.00318244201816,True,0,0,1,0.424886598737529,1,1,1,1,0.8392419515148377,0,0,1,0,1,0,0,0.004091630120369498,0.0005116481602439143,0.012061097108122663,0.0025781522117572044,25.61002936356091,50.58528813403298,41.149575440883005,True,0.6263256,0.570015728345014,45.3925
2025-10-23 13:35:00,2025-10-23 14:10:00,1,537.4,538.15,pivot,0.75,0.1322665,0.5177335000000001,16308.60525,1.0,2025-10-23,536.75,0.0,538.0,538.6,537.45,0.0,2025,0.0,1.0,1.0,0.0,0,13,3,10,537.4,537.45,536.6,1.1865089906923596,27.68517290559153,-1.5624447436015316,-1.0750955594430138,-0.4873491841585178,541.0175,546.9672257806582,535.0677742193419,537.69,538.575,541.0175,540.9391666666667,540.6886930646579,-1.0,-0.0040007443245254,0,0.0015816896166729,1,0.0013956084852995,1,0.0004652028284331,1,-0.0001860811313733,0,-9.304056568655476e-05,0,0.0013956084852995,1,0.0011164867882397,1,2025-10-23 13:35:00,-0.0013032956601821,-0.0021402325203063,115.92144040416213,0.0901736317614294,-0.907256209844807,0.0901736317614294,0.9098263682385704,3.64708742360648e-05,8.128652322225767e-05,0.001526120370828,True,78.9708200305875,0.1367488198218541,-0.7182570326291903,0.1367488198218541,0.863251180178146,0.000241860492755,0.0004036938898299,0.0035418050844893,True,1,0,0,0.4873491841585178,0,0,0,0,0.195994392568466,1,0,0,1,1,0,0,-0.006731484927428477,-0.006585721374519331,0.022142634092512572,0.0022078693537260136,-13.492346428827533,5.426138646784365,-5.861555638258951,True,0.6415414,0.6351433315262047,43.075615
2025-10-24 10:25:00,2025-10-24 10:55:00,1,545.1,548.25,pivot,3.1499999999999773,0.1328005,2.917199499999977,91891.78424999928,1.0,2025-10-24,544.1,0.0,548.85,548.95,547.95,0.0,2025,0.0,1.0,1.0,1.0,1,10,4,10,545.1,545.45,544.1,1.4856435775875194,49.07744662709317,1.4799563512939358,1.812460286203193,-0.332503934909258,545.65,548.6219743609842,542.6780256390158,546.5899999999999,546.61,545.65,540.92,544.7885482100996,-1.0,-0.0006420840212805,0,0.0057787561915244,1,0.0083470922766464,1,0.0064208402128049,1,0.0015593469088241,1,0.0043111355714548,1,0.0068794716565767,1,0.007246376811594,1,2025-10-24 10:25:00,-0.0018362105783555,-0.0062294081987761,54.99429722695493,0.0467187286420228,-1.256452071691664,0.0467187286420228,0.9532812713579772,3.64708742360648e-05,8.128652322225767e-05,0.001526120370828,True,8.094131068018587,0.0220922917363016,-1.8728026896947016,0.0220922917363016,0.9779077082636984,0.000241860492755,0.0004036938898299,0.0035418050844893,True,0,0,0,0.33250393490925734,0,1,0,0,0.4074689191097496,1,1,1,0,1,0,0,-0.0010089891762978436,0.007668317739864362,0.01090432713624721,0.0027254514356769757,-16.31844411880757,19.997534129808077,49.119427627959155,True,0.72584426,0.616205590709251,44.367085
2025-10-28 14:55:00,2025-10-28 15:00:00,1,558.75,559.6,pivot,0.8500000000000227,0.1335505,0.6164495000000229,19418.15925000072,1.0,2025-10-28,559.6,0.0,559.9,560.25,559.4,0.0,2025,0.0,1.0,1.0,1.0,1,14,1,10,558.75,559.7,558.6,0.928267819031172,64.54911694915471,-0.0189472048095922,-0.3461148151234316,0.3271676103138394,557.455,559.3916003917308,555.5183996082693,558.0,557.1949999999999,557.455,558.0158333333333,558.6094038201528,1.0,0.0020581655480983,1,0.0046532438478747,1,0.0176286353467561,1,0.010380313199105,1,0.003579418344519,1,0.0040268456375838,1,0.0040268456375838,1,0.0039373601789709,1,2025-10-28 14:55:00,0.0015200968635475,0.0054652288520914,100.23662885323664,0.9183937562465144,0.9427895517471848,0.9183937562465144,0.0816062437534856,3.64708742360648e-05,8.128652322225767e-05,0.001526120370828,True,18.193956860070696,0.9486615828375498,1.429083431052581,0.9486615828375498,0.0513384171624502,0.000241860492755,0.0004036938898299,0.0035418050844893,True,0,0,1,0.3271676103138394,1,1,1,1,0.8343487911934739,1,1,0,1,1,0,0,0.0023176733780759895,0.0013139448173006495,0.006931902968163706,0.0016613294300334173,21.118380340123494,53.856477699133414,112.75167785234851,True,0.6347494,0.5779866853395889,42.562126
2025-10-29 10:35:00,2025-10-29 11:30:00,1,567.75,570.05,pivot,2.2999999999999545,0.134134,2.0658659999999545,65074.77899999857,1.0,2025-10-29,568.5,0.0,569.2,570.2,568.9,0.0,2025,0.0,1.0,1.0,1.0,1,10,2,10,567.75,568.55,567.3,1.6523184764338896,66.70207977450208,1.410190446186789,1.285237341159414,0.1249531050273748,565.1575,568.3041398158454,562.0108601841547,566.8199999999999,565.79,565.1575,561.1158333333334,564.447520203311,1.0,0.0020255394099515,1,0.0073976221928666,1,0.0041391457507706,1,0.0036988110964333,1,0.0058124174372522,1,0.0058124174372522,1,0.0055482166446498,1,0.0051078819903125,1,2025-10-29 10:35:00,0.0013201322049228,0.003789051543868,129.52955780011416,0.8955700096867062,0.811761447773845,0.8955700096867062,0.1044299903132938,3.64708742360648e-05,8.128652322225767e-05,0.001526120370828,True,39.16556164247372,0.9018213907293794,0.9558283342196396,0.9018213907293794,0.0981786092706206,0.000241860492755,0.0004036938898299,0.0035418050844893,True,0,0,1,0.12495310502737489,1,1,1,1,0.9119473711203115,0,1,1,0,1,0,0,0.004566270365477715,0.011685013943930607,0.011084596445073829,0.0029102923407025795,8.33463197960769,60.828786298614475,183.0911492734443,True,0.61912835,0.5656309887342016,46.853554
2025-10-29 11:30:00,2025-10-29 11:45:00,-1,570.05,570.5,pivot,-0.4500000000000455,0.1342165,-0.6842165000000454,-21552.819750001432,1.0,2025-10-29,569.2,0.0,569.8,570.5,569.25,0.0,2025,0.0,1.0,1.0,2.0,1,11,2,10,570.05,570.2,568.9,1.5133762513021598,56.65811861550304,1.7102749488542486,1.877179272097794,-0.1669043232435454,568.4449999999999,573.4526678072571,563.4373321927428,570.1600000000001,570.55,568.4449999999999,563.3733333333333,566.985226966179,1.0,0.0007016928339618,1,-0.0004385580212262,0,0.0002631348127356,1,0.004034733795281,1,0.0004385580212262,1,0.0007016928339618,1,0.0007016928339618,1,0.0017542320849048,1,2025-10-29 11:30:00,-0.0015799178218388,-0.002982196754516,77.27313971037974,0.0636351758986456,-1.0885146262478105,0.0636351758986456,0.9363648241013544,3.64708742360648e-05,8.128652322225767e-05,0.001526120370828,True,44.0796236354659,0.085690014608495,-0.9559788197193024,0.085690014608495,0.914309985391505,0.000241860492755,0.0004036938898299,0.0035418050844893,True,0,0,0,0.16690432324354543,1,1,0,0,0.6602542402746893,0,1,1,0,1,0,0,0.0028155424962722888,0.011712422886881187,0.017569223076070947,0.0026548131765672485,-9.456484943773056,37.40876306187219,13.8145776686253,True,0.67200375,0.5812954957740195,47.83828
2025-10-29 14:30:00,2025-10-29 14:35:00,1,568.5,569.25,pivot,0.75,0.1341325,0.5158674999999999,16249.826249999998,1.0,2025-10-29,569.25,0.0,569.65,569.9,568.8,0.0,2025,0.0,1.0,1.0,1.0,1,14,2,10,568.5,569.35,568.5,1.1576292039466864,57.18216723338531,-0.3078560908270447,-0.4958808964897903,0.1880248056627456,567.76,570.2361175094097,565.2838824905903,567.65,566.965,567.76,568.3675,567.387527298255,1.0,0.0020228671943711,1,0.0031662269129286,1,0.0074758135444151,1,0.0218117854001758,1,0.0021108179419525,1,0.0029023746701846,1,0.0053649956024625,1,0.0065083553210203,1,2025-10-29 14:30:00,0.0014063463687332,0.0039604012160969,115.85044268028015,0.9061310659026665,0.8682538224635593,0.9061310659026665,0.0938689340973335,3.64708742360648e-05,8.128652322225767e-05,0.001526120370828,True,36.45981443836577,0.9083130552739344,1.004207527354589,0.9083130552739344,0.0916869447260655,0.000241860492755,0.0004036938898299,0.0035418050844893,True,0,0,1,0.1880248056627456,1,1,1,1,0.6494274801554982,1,1,0,1,1,0,0,0.0013016710642040617,0.00023306948109067725,0.008711055442074697,0.002036287078182386,10.751665881431892,37.13567077620772,66.49076517150375,True,0.66128176,0.6016565614708378,46.853554
2025-10-30 10:40:00,2025-10-30 10:45:00,1,576.2,577.15,pivot,0.9499999999999318,0.1346005,0.7153994999999317,22535.08424999785,1.0,2025-10-30,577.15,0.0,576.9,577.9,576.8,0.0,2025,0.0,1.0,1.0,1.0,1,10,3,10,576.2,577.3,575.4,2.209815642402208,52.80162407269496,0.1138302882420703,0.7896663004827704,-0.6758360122407001,578.36,584.548410222293,572.171589777707,574.78,575.995,578.36,572.9083333333333,575.9524509697611,1.0,0.001214855952794,1,0.0075494619923636,1,0.0073759111419645,1,0.0065081568899687,1,0.0043387712599791,1,0.0062478306143698,1,0.0091114196459562,1,0.0083304408191599,1,2025-10-30 10:40:00,0.0015606037500628,0.0040800438560512,95.23241140818234,0.9223513560842926,0.969331944660368,0.9223513560842926,0.0776486439157073,3.64708742360648e-05,8.128652322225767e-05,0.001526120370828,True,34.72479146917344,0.9125817717501578,1.0379876584177916,0.9125817717501578,0.0874182282498422,0.000241860492755,0.0004036938898299,0.0035418050844893,True,0,0,0,0.6758360122407001,0,1,1,1,0.3254802184720372,1,1,1,0,1,0,0,-0.0037486983686219506,0.005712715492306043,0.02148007713395691,0.003835153839642846,-35.68523905312272,17.185884138859134,136.67129468934164,True,0.66128176,0.6160281133685144,44.02318
2025-11-03 12:35:00,2025-11-03 13:10:00,-1,597.6,595.2,pivot,2.3999999999999773,0.135784,2.164215999999977,68172.80399999928,1.0,2025-11-03,598.5,0.0,595.6,595.6,594.0,0.0,2025,0.0,1.0,1.0,1.0,0,12,0,11,597.6,598.65,597.35,1.079175265055932,74.8545004118946,1.6001799953885438,1.6413206571540562,-0.0411406617655123,595.47,598.283014870228,592.656985129772,596.8,596.63,595.47,589.5525,594.7848130080042,1.0,-0.0014223560910308,0,0.0029283801874163,1,0.0019243641231592,1,-0.0015896921017401,0,-0.0011713520749664,0,-8.366800535467624e-05,0,0.0040997322623829,1,0.00334672021419,1,2025-11-03 12:35:00,0.0015048911794203,0.0046893403633859,119.34500871071556,0.8887086757285294,0.8171818767761261,0.8887086757285294,0.1112913242714705,3.800559536296628e-05,9.529424826344916e-05,0.001724948840909,True,34.09639716521094,0.903361178963892,1.0466727672239833,0.903361178963892,0.0966388210361079,0.0002828966077742,0.0004771371035496,0.0040243745626514,True,0,1,0,0.04114066176551234,1,1,1,1,0.8785973587525583,1,1,0,1,1,0,0,0.003564257028112442,0.013466365461847412,0.009414373729009426,0.00180584883710832,-3.0795636830721573,65.76696635263289,-36.897590361441594,True,0.6309804,0.5656309887342016,46.853554
2025-11-04 10:35:00,2025-11-04 11:10:00,-1,591.45,588.6,pivot,2.8500000000000227,0.1354015,2.6145985000000227,82359.85275000072,1.0,2025-11-04,590.35,0.0,588.4,588.85,587.8,0.0,2025,0.0,1.0,1.0,0.0,1,10,1,11,591.45,592.1,590.1,2.0750512161780765,36.87734617519929,-1.5869474432374773,-1.334935507876886,-0.2520119353605912,593.1625,596.7766352648326,589.5483647351674,590.97,592.205,593.1625,596.2758333333333,597.0180298700739,-1.0,0.001183531997633,1,0.0050722799898554,1,0.007862033984276,1,0.0050722799898554,1,0.0024516019950968,1,0.0014371459971257,1,0.0048186659903627,1,0.0051568179896864,1,2025-11-04 10:35:00,-0.0016924773440071,-0.0035508999096302,84.8065260240048,0.0744907349517178,-1.0364200664226264,0.0744907349517178,0.925509265048282,3.800559536296628e-05,9.529424826344916e-05,0.001724948840909,True,38.57978423344923,0.093541023333065,-1.00091006701077,0.093541023333065,0.906458976666935,0.0002828966077742,0.0004771371035496,0.0040243745626514,True,0,0,0,0.2520119353605912,0,0,1,0,0.26308302339103357,1,0,1,0,1,0,0,-0.0028954264942091085,-0.0081593259503478,0.012221270656294232,0.003508413587248417,-9.29353138057447,9.701803726409198,77.2254628455492,True,0.67776126,0.6458259153415782,44.898582
2025-11-05 10:30:00,2025-11-05 10:35:00,-1,547.3,545.4,pivot,1.8999999999999773,0.132781,1.6672189999999771,52517.39849999928,1.0,2025-11-05,545.3,0.0,545.3,548.8,544.85,0.0,2025,0.0,1.0,0.0,0.0,0,10,2,11,547.3,547.9,544.4,3.2941697768972964,21.06843106659132,-7.491828996795448,-7.163716488638262,-0.3281125081571856,556.6075,569.7983371316964,543.4166628683035,549.1999999999999,552.2099999999999,556.6075,575.2808333333335,556.3540652689943,-1.0,0.0036543029417138,1,-0.0093184725013704,0,-0.0128814178695415,0,-0.0266764114745112,0,-0.0094098300749133,0,-0.0097752603690846,0,-0.0084962543394849,0,-0.0145258541933127,0,2025-11-05 10:30:00,-0.0037523496185505,-0.010217202546655,9.47546463089838,0.0106507439102385,-2.2305843370904386,0.0106507439102385,0.9893492560897614,3.800559536296628e-05,9.529424826344916e-05,0.001724948840909,True,2.670947923749588,0.0092275329935038,-2.65739172229505,0.0092275329935038,0.9907724670064962,0.0002828966077742,0.0004771371035496,0.0040243745626514,True,1,0,0,0.3281125081571856,0,0,0,0,0.14719828214560746,1,0,1,0,0,1,0,-0.017006212315000924,-0.051125220780803074,0.04820331493402673,0.006018947153110354,-6.912815760196048,3.1012368605053906,-296.40964735976894,True,0.70610625,0.5972351514275093,90.772736
2025-11-07 11:10:00,2025-11-07 11:45:00,-1,559.1,556.15,pivot,2.950000000000045,0.1334575,2.7165425000000454,85571.08875000144,1.0,2025-11-07,557.3,0.0,556.5,557.7,555.8,0.0,2025,0.0,1.0,1.0,0.0,1,11,4,11,559.1,559.6,557.25,2.552661275218248,33.86136155013871,-2.228390522763675,-1.9503284639969665,-0.2780620587667086,562.8100000000001,569.8849818689562,555.735018131044,559.47,560.255,562.8100000000001,567.8466666666666,565.7970305131535,-1.0,0.0033088892863531,1,0.0055446252906457,1,0.0057234841709891,1,0.0107315328206045,1,0.0083169379359684,1,0.0034877481666965,1,0.005455195850474,1,0.0046503308889286,1,2025-11-07 11:10:00,-0.003224653457109,-0.0061714788248271,16.41854434973443,0.0175798707572231,-1.9246644460614084,0.0175798707572231,0.9824201292427768,3.800559536296628e-05,9.529424826344916e-05,0.001724948840909,True,12.277479504378176,0.0351281311231011,-1.6520867590407335,0.0351281311231011,0.9648718688768988,0.0002828966077742,0.0004771371035496,0.0040243745626514,True,0,0,0,0.27806205876670864,0,0,0,0,0.2378085153632039,1,0,1,0,1,0,0,-0.006635664460740541,-0.01564419006736998,0.025308466710628207,0.004565661375815145,-9.415559905275437,8.052520118415163,261.9835449830046,True,0.72695786,0.5910395501190898,69.27705
2025-11-07 12:15:00,2025-11-07 12:45:00,1,555.45,554.35,pivot,-1.1000000000000227,0.133294,-1.3332940000000228,-41998.76100000072,1.0,2025-11-07,554.05,0.0,553.5,554.6,553.2,0.0,2025,0.0,1.0,1.0,0.0,0,12,4,11,555.45,555.65,553.8,2.145990524741636,32.90457916648906,-2.1857787769874903,-2.289075909083817,0.1032971320963267,557.365,561.9764388693153,552.7535611306847,555.5699999999999,555.95,557.365,563.8625,560.7904894839605,-1.0,-0.0009901881357459,0,-0.0019803762714916,0,-0.005671077504726,0,-0.0084616077054641,0,-0.0013502565487442,0,-0.000450085516248,0,-0.0035106670267351,0,-0.004230803852732,0,2025-11-07 12:15:00,-0.0024336394903647,-0.0034234267669238,29.78424996683689,0.0347554507327871,-1.4660920246744549,0.0347554507327871,0.9652445492672128,3.800559536296628e-05,9.529424826344916e-05,0.001724948840909,True,41.31351878244488,0.0986861145444817,-0.9692347990351264,0.0986861145444817,0.9013138854555184,0.0002828966077742,0.0004771371035496,0.0040243745626514,True,0,0,1,0.10329713209632674,0,0,0,0,0.2923641563653317,1,0,0,1,1,0,0,-0.0034476550544602818,-0.015145377621747967,0.01660433475313815,0.003863517012767371,3.3989486607348596,9.620119528566843,-42.5330812854423,True,0.6620236,0.5926752554458403,46.730305
2025-11-07 12:45:00,2025-11-07 13:10:00,1,554.35,552.3,pivot,-2.050000000000068,0.1331995,-2.283199500000068,-71920.78425000215,1.0,2025-11-07,553.5,0.0,551.7,552.45,551.5,0.0,2025,0.0,1.0,1.0,0.0,0,12,4,11,554.35,554.6,553.2,1.8910680722872808,34.483564977207166,-1.880697405548858,-2.041689608311296,0.1609922027624377,555.5725,557.779301692129,553.365698307871,554.4200000000001,554.85,555.5725,561.9783333333332,559.1475184468457,-1.0,-0.0022548931180662,0,-0.0047803734103003,0,-0.0060431135564174,0,-9.01957247227712e-05,0,-0.0037882204383512,0,-0.0036980247136286,0,-0.0003607828988906,0,-0.003337241814738,0,2025-11-07 12:45:00,-0.0015345040696691,-0.0025261651831639,103.1387481639822,0.0894454290823842,-0.9448386405904656,0.0894454290823842,0.9105545709176156,3.800559536296628e-05,9.529424826344916e-05,0.001724948840909,True,66.4451389026254,0.1467528916791058,-0.7462780215803134,0.1467528916791058,0.8532471083208941,0.0002828966077742,0.0004771371035496,0.0040243745626514,True,0,0,1,0.16099220276243797,0,0,0,0,0.22301543805221818,1,0,0,1,1,0,0,-0.0022052854694686896,-0.013760861068518475,0.007961763117629778,0.003411325105596249,5.551585084782231,7.690367348993985,-119.3289438080628,True,0.6679848,0.6404415518244252,43.075615
2025-11-11 11:00:00,2025-11-11 11:45:00,-1,589.55,585.65,pivot,3.899999999999977,0.135256,3.664743999999977,115439.43599999927,1.0,2025-11-11,588.5,0.0,585.7,586.45,585.5,0.0,2025,0.0,1.0,1.0,1.0,1,11,1,11,589.55,590.15,588.45,1.9538345069366847,47.837726936287744,1.2840916721805795,2.1369916841242733,-0.8529000119436936,591.8050000000001,595.0003749515506,588.6096250484495,590.29,590.675,591.8050000000001,583.5183333333333,588.3476268651036,1.0,0.001611398524298,1,0.0062759731998981,1,0.0072936985836654,1,0.0075481299296072,1,0.0037316597404799,1,0.0065304045458398,1,0.0033076074972435,1,0.0041557119837162,1,2025-11-11 11:00:00,-0.0017826073223508,-0.0042390907057668,91.0065464905736,0.1046971576790319,-0.8705267962871805,0.1046971576790319,0.895302842320968,5.008422411693399e-05,9.376824390805978e-05,0.0021554483724817,True,33.238481906841685,0.10897812077744,-0.9360384138329202,0.10897812077744,0.8910218792225599,0.0004250550283828,0.0004691737531297,0.0050299906385433,True,0,0,0,0.8529000119436938,0,1,0,0,0.14714626073758952,1,1,1,0,1,0,0,-0.0038249512339922132,0.010230967121816027,0.010840047329490453,0.0033141116223164868,-40.80079787531897,7.0391426408606055,117.54728182511685,True,0.65750015,0.6297382060036854,48.669827
2025-11-11 13:25:00,2025-11-11 14:35:00,1,583.3,578.1,pivot,-5.199999999999932,0.134842,-5.434841999999932,-171197.52299999786,1.0,2025-11-11,582.35,0.0,579.2,579.55,576.95,0.0,2025,0.0,1.0,1.0,1.0,0,13,1,11,583.3,583.55,582.3,1.6032964620685322,35.48370098765213,-0.977931632015725,-0.7192648730328092,-0.2586667589829158,585.2525,587.7524947423526,582.7525052576475,583.8,584.78,585.2525,587.4033333333333,587.6270686399662,-1.0,-0.0010286302074402,0,-0.0048002743013885,0,-0.0096862677867306,0,-0.0055717469569689,0,-0.0006857534716269,0,-0.0023144179667408,0,-0.0064289387965026,0,-0.0059146236927823,0,2025-11-11 13:25:00,-0.0016299922109309,-0.0063334686205282,105.47517199376162,0.1198632322978748,-0.7997224507188265,0.1198632322978748,0.8801367677021251,5.008422411693399e-05,9.376824390805978e-05,0.0021554483724817,True,15.51916687391977,0.0611840656327593,-1.3524165078024883,0.0611840656327593,0.9388159343672406,0.0004250550283828,0.0004691737531297,0.0050299906385433,True,0,0,0,0.2586667589829158,0,0,0,0,0.10949917875372203,1,0,0,1,1,0,0,-0.003347334133379222,-0.007034687696439831,0.008571900368086938,0.002748665287276757,-9.178453931194865,3.8854361172905434,-21.60123435624735,True,0.7109221,0.5815613409864803,55.728436
2025-11-11 14:45:00,2025-11-11 15:10:00,1,579.15,580.1,pivot,0.9500000000000456,0.1347775,0.7152225000000455,22529.508750001434,1.0,2025-11-11,581.1,0.0,580.25,581.3,579.75,0.0,2025,0.0,1.0,1.0,1.0,1,14,1,11,579.15,581.4,578.6,1.8240790571148384,48.70439429696998,-1.5531418592996715,-1.7757040192417428,0.2225621599420713,580.5649999999999,584.7820206526524,576.3479793473475,579.4399999999999,578.8900000000001,580.5649999999999,585.5866666666666,582.1470450233024,-1.0,0.0002590002590002,1,0.0018993352326686,1,0.0044030044030045,1,0.0047483380816714,1,0.0016403349736683,1,0.0015540015540015,1,0.0037986704653372,1,0.0044030044030045,1,2025-11-11 14:45:00,0.0035340294506733,0.0062144166851114,19.748554249760783,0.969224082134984,1.5960768305502102,0.969224082134984,0.0307759178650158,5.008422411693399e-05,9.376824390805978e-05,0.0021554483724817,True,25.076663056829663,0.9176909364481366,1.1421975396847877,0.9176909364481366,0.0823090635518634,0.0004250550283828,0.0004691737531297,0.0050299906385433,True,0,0,1,0.2225621599420713,0,0,0,1,0.33222752310805537,1,0,0,1,1,0,0,-0.002443235776569047,-0.011113988891766574,0.01456279254995225,0.003149579654864609,10.839755193403937,16.180940281760435,51.670551670551454,True,0.65921724,0.5512871792035173,58.575596
2025-11-19 10:30:00,2025-11-19 10:35:00,-1,552.95,553.95,pivot,-1.0,0.133207,-1.2332070000000002,-38846.020500000006,1.0,2025-11-19,553.95,0.0,554.4,554.8,552.35,0.0,2025,0.0,1.0,1.0,1.0,0,10,2,11,552.95,554.05,551.55,2.4789124487913394,53.154732102034,-0.4842195727503622,-1.3138498903689928,0.8296303176186306,550.7299999999999,557.8677720261333,543.5922279738666,553.58,552.2950000000001,550.7299999999999,555.7375,551.8607353470155,1.0,-0.0026222985803416,0,-0.0052445971606835,0,-0.0046116285378423,0,-0.0064201103173884,0,-0.0050637489827289,0,-0.0028031467582963,0,-0.0087711366307982,0,-0.0067818066732977,0,2025-11-19 10:30:00,0.0018068484453129,0.006429143347548,106.69010134347312,0.8756284524551503,0.7982125779920536,0.8756284524551503,0.1243715475448496,3.47152958538164e-05,5.7009502901212e-05,0.0021921966536953,True,23.41217525267735,0.9232546415018348,1.213214992755773,0.9232546415018348,0.0767453584981652,0.0003254567119426,0.0002820061651872,0.0050668160376075,True,0,0,1,0.8296303176186306,1,0,0,1,0.6555107106161495,0,1,1,0,1,0,0,0.004014829550592533,-0.005041142960484508,0.0258170613116316,0.00448306799672907,44.09877727674368,34.84349621281536,-159.50809295596034,True,0.6354891,0.58388280797679,48.0807
2025-11-26 11:30:00,2025-11-26 12:05:00,-1,554.8,554.75,pivot,0.0499999999999545,0.1332865,-0.18328650000004545,-5773.524750001432,1.0,2025-11-26,553.7,0.0,555.35,555.45,554.75,0.0,2025,0.0,1.0,1.0,1.0,1,11,2,11,554.8,554.85,553.45,1.0998490967032997,55.74102601619224,1.4423525583421224,1.7847623568640334,-0.342409798521911,554.1200000000001,557.6074813748119,550.6325186251884,554.78,555.145,554.1200000000001,548.935,552.234251764929,1.0,0.0007209805335255,1,0.0005407354001441,1,-0.0009012256669069,0,-0.0024333093006489,0,0.0016222062004325,1,-0.0001802451333814,0,-0.0,0,-0.0009913482335978,0,2025-11-26 11:30:00,-0.0019846646117548,-0.0031555721988098,83.2942934668263,0.1024066963095624,-0.9313371185082552,0.1024066963095624,0.8975933036904375,3.47152958538164e-05,5.7009502901212e-05,0.0021921966536953,True,57.47165237962436,0.1706053582114879,-0.6784494125072363,0.1706053582114879,0.8293946417885121,0.0003254567119426,0.0002820061651872,0.0050668160376075,True,0,0,0,0.342409798521911,1,1,1,0,0.5974915600856137,1,1,1,0,1,0,0,0.0012256669069932162,0.010571377072819051,0.012572030911361755,0.0019824244713469714,-19.086273487608985,33.30479259518748,51.09949531362375,True,0.66919464,0.617449986004895,47.44268
2025-11-27 11:40:00,2025-11-27 13:35:00,1,566.25,562.9,pivot,-3.3500000000000227,0.1338745,-3.583874500000023,-112892.04675000072,1.0,2025-11-27,565.0,0.0,564.2,564.35,562.9,0.0,2025,0.0,1.0,1.0,1.0,0,11,3,11,566.25,566.3,564.85,1.172372239594814,41.347629298173686,0.1126810021617075,0.6044810659941755,-0.491800063832468,567.72,570.3719903199601,565.06800968004,566.7,566.765,567.72,563.7608333333334,565.9329511639102,-1.0,-0.0020309050772626,0,-0.0069757174392936,0,-0.0063576158940397,0,-0.0067991169977925,0,-0.0041501103752759,0,-0.0049448123620308,0,-0.0058278145695363,0,-0.0054746136865342,0,2025-11-27 11:40:00,-0.0022099456508028,-0.0036217521148984,77.40048953531492,0.1024117375227024,-0.8523471724033002,0.1024117375227024,0.8975882624772976,-2.7736054851501576e-05,9.92837065721686e-06,0.0026044246914093,True,56.02010604396516,0.1690522681774879,-0.6244230758543905,0.1690522681774879,0.830947731822512,8.34662377360985e-05,5.330877291231664e-05,0.0058855302276941,True,0,0,0,0.491800063832468,0,1,0,0,0.22284966710923812,1,1,1,0,1,0,0,-0.0025960264900662736,0.004395879323031558,0.009366853227232063,0.0020704145511608193,-20.334766728163043,9.214305424854187,-130.72847682119084,True,0.63814396,0.6049625444825222,48.669827
2025-11-27 13:35:00,2025-11-27 13:45:00,1,562.9,563.5,pivot,0.6000000000000227,0.133792,0.36620800000002274,11535.552000000716,1.0,2025-11-27,564.2,0.0,563.75,563.9,562.95,0.0,2025,0.0,1.0,1.0,1.0,1,13,3,11,562.9,564.35,562.9,1.1005100554295897,53.82613758862605,-0.6219538792649928,-0.8489269817946001,0.2269731025296073,562.8025,564.2283792388921,561.3766207611079,562.6299999999999,562.5550000000001,562.8025,565.6308333333333,564.6425604914344,-1.0,0.0010659086871558,1,0.0007994315153669,1,0.000532954343578,1,0.0002664771717889,1,0.0002664771717889,1,0.0009770829632262,1,-0.0014212115828743,0,-0.0005329543435778,0,2025-11-27 13:35:00,0.002306806097915,0.0039959206036199,68.2344475102218,0.9069326524534884,0.8819136659370971,0.9069326524534884,0.0930673475465115,-2.7736054851501576e-05,9.92837065721686e-06,0.0026044246914093,True,52.48668486245408,0.8364309021499512,0.6698821819240354,0.8364309021499512,0.1635690978500488,8.34662377360985e-05,5.330877291231664e-05,0.0058855302276941,True,0,0,1,0.22697310252960734,1,0,1,1,0.5341894311034803,1,0,0,1,1,0,0,0.000173210161662761,-0.004851364955290982,0.005066190225233945,0.0019550720473078516,12.21708544567597,28.753353816965802,8.394030911350349,True,0.6555038,0.5927323790725905,46.853554
2025-12-01 14:05:00,2025-12-01 14:15:00,-1,555.1,552.6,pivot,2.5,0.133231,2.266769,71403.22350000001,1.0,2025-12-01,553.65,0.0,551.4,553.05,551.3,0.0,2025,0.0,1.0,1.0,1.0,1,14,0,12,555.1,555.2,553.45,0.9749451404549866,38.68224626183167,0.0483641988746512,0.2680796482958351,-0.2197154494211838,555.41,557.129424635363,553.690575364637,555.03,555.54,555.41,554.4975,556.0167330307648,-1.0,0.0044136191677176,1,0.003242658980364,1,0.0019816249324446,1,-0.0056746532156367,0,0.0059448747973339,1,0.0045937668888489,1,0.0044136191677176,1,0.0037831021437579,1,2025-12-01 14:05:00,-0.0025254816345388,-0.0035158927360714,60.13362952983356,0.0806472576483234,-0.9735009860562076,0.0806472576483234,0.9193527423516766,-2.7736054851501576e-05,9.92837065721686e-06,0.0026044246914093,True,57.97472133312087,0.1751459633181775,-0.6064366965934621,0.1751459633181775,0.8248540366818224,8.34662377360985e-05,5.330877291231664e-05,0.0058855302276941,True,0,0,0,0.21971544942118387,0,1,1,0,0.40985356565671766,1,0,0,1,1,0,0,-0.0005584579355070175,0.0010853900198163886,0.006195008594354162,0.0017563414528102802,-8.499087122039253,15.854056558022949,187.26355611601784,True,0.6089665,0.6265757749500288,42.740578
2025-12-01 14:15:00,2025-12-01 14:55:00,-1,552.6,553.45,pivot,-0.8500000000000227,0.1331815,-1.0831815000000227,-34120.217250000715,1.0,2025-12-01,551.4,0.0,554.0,554.1,553.05,0.0,2025,0.0,1.0,1.0,1.0,0,14,0,12,552.6,553.05,551.3,1.045233309882109,28.67797475213179,-0.4229080287002489,0.0612297387169997,-0.4841377674172487,555.2475000000001,557.8020573358091,552.692942664191,553.5699999999999,554.685,555.2475000000001,554.365,555.2870465365654,-1.0,0.0014477017734347,1,-0.0007238508867172,0,-0.0016286644951139,0,-0.01085776330076,0,-0.0012667390517552,0,-9.048136083958474e-05,0,-0.0009048136083966,0,-0.0016286644951139,0,2025-12-01 14:15:00,-0.002264391167268,-0.0074981154403213,74.03713882999847,0.0982516092330601,-0.8732521794264758,0.0982516092330601,0.90174839076694,-2.7736054851501576e-05,9.92837065721686e-06,0.0026044246914093,True,13.165938090393272,0.0514746099508279,-1.2830490917709945,0.0514746099508279,0.948525390049172,8.34662377360985e-05,5.330877291231664e-05,0.0058855302276941,True,1,0,0,0.4841377674172486,0,0,0,0,-0.018191540054351397,1,0,0,1,1,0,0,-0.004790988056460435,-0.0031939920376402213,0.009245592963478185,0.0018914826454616521,-13.88409067054531,-0.5216965263810835,-39.9022801302888,True,0.719931,0.6730658577119876,55.728436
2025-12-15 12:05:00,2025-12-15 13:10:00,-1,577.5,576.85,pivot,0.6499999999999773,0.1346305,0.41536949999997724,13084.139249999283,1.0,2025-12-15,576.1,0.0,575.95,577.1,575.85,0.0,2025,0.0,1.0,1.0,1.0,1,12,0,12,577.5,577.55,575.85,1.0133173704919254,37.496165383914615,0.0531452756599719,0.1682490669242933,-0.1151037912643214,577.7475,579.6321959898927,575.8628040101072,577.76,578.265,577.7475,578.505,577.8639649785569,-1.0,0.0039826839826839,1,0.0026839826839826,1,0.0020779220779221,1,-0.0018181818181817,0,0.0038961038961038,1,0.003030303030303,1,0.003116883116883,1,0.0027705627705628,1,2025-12-15 12:05:00,-0.0024271856576111,-0.0050212208346578,62.701661538942105,0.0820011444116126,-0.947113409107246,0.0820011444116126,0.9179988555883872,-4.435571977578379e-05,-1.441525542229787e-05,0.0025474989362289,True,32.33525847331721,0.0982106615021398,-0.8661542841107742,0.0982106615021398,0.90178933849786,-4.339193908291513e-05,-7.416485894783928e-05,0.0057115182207853,True,0,0,0,0.11510379126432141,0,0,0,0,0.4343395430013013,1,0,0,1,1,0,0,-0.00042857142857133406,-0.0017402597402597323,0.006527085679282244,0.0017546621134059315,-4.315950793562581,16.286067337150687,122.72727272726969,True,0.6614845,0.6698748477313355,43.967728
2025-12-17 14:40:00,2025-12-17 14:45:00,1,568.7,570.0,pivot,1.2999999999999543,0.134161,1.0658389999999545,33573.92849999857,1.0,2025-12-17,569.95,0.0,570.45,570.6,569.75,0.0,2025,0.0,1.0,1.0,1.0,1,14,2,12,568.7,570.1,568.65,0.9547332211719,64.53075400823218,0.068336966484594,-0.1228562472043535,0.1911932136889476,568.0225,570.653784462098,565.3912155379021,568.0799999999999,567.45,568.0225,567.5958333333333,567.2740980621688,1.0,0.0030771935994373,1,0.0066819061016352,1,0.0080007033585369,1,-0.0017583963425356,0,0.0050993493933532,1,0.0062423070160013,1,0.0084403024441708,1,0.0085282222612975,1,2025-12-17 14:40:00,0.0022835070523341,0.0054539192191799,54.08881543777601,0.935757460706122,1.02274316563691,0.935757460706122,0.064242539293878,-3.277006100385237e-05,4.347070348608671e-07,0.0022323027149024,True,22.878773790372524,0.937888280172808,1.1090645373975911,0.937888280172808,0.0621117198271919,1.541960076953456e-05,5.509792461292823e-06,0.0049126171137914,True,0,0,1,0.19119321368894748,1,1,1,1,0.6287394065064016,1,1,0,1,1,0,0,0.00119131352206789,0.001941562628216533,0.009253681948647573,0.001678799404205908,12.337842240604846,40.5730279765465,160.6295058906258,True,0.6336764,0.5775385572861368,48.70012
2025-12-23 15:05:00,2025-12-23 15:20:00,-1,585.75,585.2,pivot,0.5499999999999545,0.1351285,0.31487149999995456,9918.452249998569,1.0,2025-12-23,584.8,0.0,585.05,585.45,584.95,0.0,2025,0.0,1.0,1.0,1.0,1,15,1,12,585.75,585.75,584.7,0.5994635740469942,35.203697945058764,-0.2022806260439438,-0.0872638981818549,-0.1150167278620889,586.1899999999999,587.2775370661203,585.1024629338796,585.66,585.885,586.1899999999999,586.4524999999999,585.6213279107312,-1.0,0.0021340162185232,1,0.001109688433632,1,-0.0011950490823731,0,-0.003755868544601,0,0.0011950490823731,1,0.0010243277848912,1,0.0015364916773367,1,-0.0039265898420827,0,2025-12-23 15:05:00,-0.0016231689523364,-0.0017085259580643,113.97473325742868,0.1014247065852371,-0.7712906957328682,0.1014247065852371,0.8985752934147628,-3.161909135319301e-05,1.828492282002732e-05,0.0021281909456936,True,111.17242657871402,0.2667390752333815,-0.3860628950498839,0.2667390752333815,0.7332609247666184,3.83160896332006e-05,9.339906980389397e-05,0.0046674390390078,True,0,0,0,0.11501672786208891,0,0,1,0,0.2977080443016189,1,1,0,0,1,0,0,-0.0007511737089200869,-0.001199317114809855,0.0037133147797537383,0.0010234119915441644,-4.049014146286002,10.480424067408364,37.64404609475265,True,0.54991746,0.6079723177717946,43.45793
