entry_time,exit_time,direction,entry_px,exit_px,exit_reason,gross_pts,cost_pts,net_pts,net_krw,size_factor,exit_date,entry_close,entry_high,entry_low,entry_volume,exit_close,exit_high,exit_low,exit_volume,year,entry_rsi,entry_macd,entry_macd_signal,entry_macd_hist,entry_atr,entry_supertrend,entry_supertrend_dir,entry_ma5,entry_ma10,entry_ma20,entry_ma60,entry_bb_upper,entry_bb_lower,entry_bb_middle,atr_normalized,volatility_regime,trend_regime,momentum_regime,is_win,entry_hour,entry_dayofweek,entry_month,ret_log_5m_kde_pdf,ret_log_5m_kde_cdf,ret_log_5m_kde_zscore,ret_log_5m_kde_left_tail,ret_log_5m_kde_right_tail,ret_log_5m_kde_median,ret_log_5m_kde_mean,ret_log_5m_kde_std,ret_log_5m_kde_ready,ret_log_15m_kde_pdf,ret_log_15m_kde_cdf,ret_log_15m_kde_zscore,ret_log_15m_kde_left_tail,ret_log_15m_kde_right_tail,ret_log_15m_kde_median,ret_log_15m_kde_mean,ret_log_15m_kde_std,ret_log_15m_kde_ready,ret_log_30m_kde_pdf,ret_log_30m_kde_cdf,ret_log_30m_kde_zscore,ret_log_30m_kde_left_tail,ret_log_30m_kde_right_tail,ret_log_30m_kde_median,ret_log_30m_kde_mean,ret_log_30m_kde_std,ret_log_30m_kde_ready,ret_log_60m_kde_pdf,ret_log_60m_kde_cdf,ret_log_60m_kde_zscore,ret_log_60m_kde_left_tail,ret_log_60m_kde_right_tail,ret_log_60m_kde_median,ret_log_60m_kde_mean,ret_log_60m_kde_std,ret_log_60m_kde_ready,kde_aligned_tail_5m,kde_opposite_tail_5m,kde_aligned_zscore_5m,kde_aligned_tail_15m,kde_opposite_tail_15m,kde_aligned_zscore_15m,kde_aligned_tail_30m,kde_opposite_tail_30m,kde_aligned_zscore_30m,kde_aligned_tail_60m,kde_opposite_tail_60m,kde_aligned_zscore_60m,rsi_oversold,rsi_overbought,macd_bullish,macd_strength,price_above_ma20,price_above_ma60,price_above_ma5,price_above_ma10,bb_position,bb_lower_touch,price_above_st,is_morning,is_afternoon,is_bull,is_neutral,is_bear,kde_tail_spread_5m,kde_zscore_abs_5m,kde_tail_spread_15m,kde_zscore_abs_15m,kde_tail_spread_30m,kde_zscore_abs_30m,kde_tail_spread_60m,kde_zscore_abs_60m,filter_score,entry_score,exit_score
2025-02-24 11:10:00,2025-02-24 15:45:00,1,346.9,347.5,eod,0.6000000000000227,0.120832,0.27916800000002273,8793.792000000716,1.0,2025-02-24,347.3,347.35,346.8,0.0,347.5,347.5,347.5,0.0,2025,0.0,0.0,0.0,0.0,0.0,0.0,0.0,0.0,0.0,0.0,0.0,0.0,0.0,0.0,0.0,1.0,1.0,1.0,1,11,0,2,173.39314497233852,0.9112237568225152,1.191915965651225,0.9112237568225152,0.0887762431774847,1.71406813318272e-05,3.127260894742767e-05,0.0008196968776983,True,129.23400509687386,0.8845497008523229,1.0370731457267774,0.8845497008523229,0.1154502991476771,1.110174708634886e-05,9.21702672399108e-05,0.0014393683743506,True,130.0597710146857,0.8142047962305259,0.6987546085182116,0.8142047962305259,0.1857952037694741,5.2198832198354455e-06,0.0001694640645953,0.002025656036092,True,112.02465231964985,0.7880838920793594,0.6998184946602777,0.7880838920793594,0.2119161079206406,0.000103592572168,0.0003216069190232,0.002629602505582,True,0.9112237568225152,0.0887762431774847,-1.191915965651225,0.8845497008523229,0.1154502991476771,-1.0370731457267774,0.8142047962305259,0.1857952037694741,-0.6987546085182116,0.7880838920793594,0.2119161079206406,-0.6998184946602777,1,0,0,0.0,1,1,1,1,,0,1,1,0,1,0,0,0.8224475136450305,1.191915965651225,0.7690994017046457,1.0370731457267774,0.6284095924610518,0.6987546085182116,0.5761677841587187,0.6998184946602777,0.75867534,0.5541658091004834,0.73321784
2025-02-27 10:40:00,2025-02-27 10:55:00,-1,346.95,346.25,pivot,0.6999999999999886,0.120796,0.3792039999999887,11944.925999999645,1.0,2025-02-27,346.4,347.1,346.3,0.0,345.9,346.35,345.85,0.0,2025,0.0,0.0,0.0,0.0,0.0,0.0,0.0,0.0,0.0,0.0,0.0,0.0,0.0,0.0,0.0,1.0,1.0,1.0,1,10,3,2,62.20741095423312,0.0253213230634392,-1.8937053553074472,0.0253213230634392,0.9746786769365609,1.816823557373071e-05,3.537701632893986e-05,0.0007803507021888,True,14.237719085980515,0.0152358952328988,-2.276680125301428,0.0152358952328988,0.9847641047671012,2.790254164285064e-05,0.0001110218776285,0.0013149405413097,True,56.48485992013047,0.0552453688615921,-1.3727288608726806,0.0552453688615921,0.944754631138408,4.210901245704854e-05,0.0002046185993848,0.0018295125635395,True,70.78499645168847,0.0897170195269931,-1.1996866901685703,0.0897170195269931,0.9102829804730068,0.0001712040082127,0.0004306725442536,0.0025218714442658,True,0.9746786769365609,0.0253213230634392,-1.8937053553074472,0.9847641047671012,0.0152358952328988,-2.276680125301428,0.944754631138408,0.0552453688615921,-1.3727288608726806,0.9102829804730068,0.0897170195269931,-1.1996866901685703,1,0,0,0.0,1,1,1,1,,0,1,1,0,1,0,0,0.9493573538731217,1.8937053553074472,0.9695282095342024,2.276680125301428,0.8895092622768158,1.3727288608726806,0.8205659609460138,1.1996866901685703,0.73457056,0.49940750694439673,0.7255541
2025-02-27 10:55:00,2025-02-27 11:45:00,-1,346.25,346.1,pivot,0.1499999999999772,0.1207705,-0.17077050000002275,-5379.270750000716,1.0,2025-02-27,345.9,346.35,345.85,0.0,345.75,346.15,345.65,0.0,2025,0.0,0.0,0.0,0.0,0.0,0.0,0.0,0.0,0.0,0.0,0.0,0.0,0.0,0.0,0.0,1.0,1.0,1.0,0,10,3,2,144.34736201536833,0.0676677834616309,-1.3413437981387637,0.0676677834616309,0.9323322165383692,1.816823557373071e-05,3.537701632893986e-05,0.0007803507021888,True,119.22454378774344,0.0839783204950767,-1.1829300062771348,0.0839783204950767,0.9160216795049232,2.790254164285064e-05,0.0001110218776285,0.0013149405413097,True,6.485990455228928,0.0096052898438729,-2.4770294304504823,0.0096052898438729,0.990394710156127,4.210901245704854e-05,0.0002046185993848,0.0018295125635395,True,36.88472787188128,0.0440623926804988,-1.5440436021134607,0.0440623926804988,0.9559376073195012,0.0001712040082127,0.0004306725442536,0.0025218714442658,True,0.9323322165383692,0.0676677834616309,-1.3413437981387637,0.9160216795049232,0.0839783204950767,-1.1829300062771348,0.990394710156127,0.0096052898438729,-2.4770294304504823,0.9559376073195012,0.0440623926804988,-1.5440436021134607,1,0,0,0.0,1,1,1,1,,0,1,1,0,1,0,0,0.8646644330767382,1.3413437981387637,0.8320433590098465,1.1829300062771348,0.9807894203122541,2.4770294304504823,0.9118752146390023,1.5440436021134607,0.75846994,0.5266586392780634,0.73572385
2025-02-27 15:25:00,2025-02-27 15:45:00,1,346.45,346.55,eod,0.1000000000000227,0.12079,-0.22078999999997725,-6954.8849999992835,1.0,2025-02-27,346.75,346.8,346.35,0.0,346.55,346.55,346.55,0.0,2025,0.0,0.0,0.0,0.0,0.0,0.0,0.0,0.0,0.0,0.0,0.0,0.0,0.0,0.0,0.0,1.0,1.0,1.0,0,15,3,2,216.56127462690029,0.8922450675070611,1.0736356363914112,0.8922450675070611,0.1077549324929388,1.1762666547147013e-05,3.190928356896543e-05,0.0007764662514218,True,53.17680064308831,0.9561799396689498,1.6613041406740858,0.9561799396689498,0.0438200603310502,3.479837680014641e-05,0.0001079015914254,0.00132540550811,True,93.11270655013622,0.8856912425143529,1.0704843061419484,0.8856912425143529,0.114308757485647,6.75622969693994e-05,0.0002256113326183,0.0018119581888958,True,38.85971912553847,0.9459490800963988,1.583918337901563,0.9459490800963988,0.0540509199036013,0.0001868351184355,0.0004051440626897,0.002389839580568,True,0.8922450675070611,0.1077549324929388,-1.0736356363914112,0.9561799396689498,0.0438200603310502,-1.6613041406740858,0.8856912425143529,0.114308757485647,-1.0704843061419484,0.9459490800963988,0.0540509199036013,-1.583918337901563,1,0,0,0.0,1,1,1,1,,0,1,0,0,1,0,0,0.7844901350141223,1.0736356363914112,0.9123598793378995,1.6613041406740858,0.7713824850287059,1.0704843061419484,0.8918981601927974,1.583918337901563,0.706847,0.5460657148902093,0.7198938
2025-03-04 10:30:00,2025-03-04 10:50:00,-1,333.65,333.65,pivot,-0.0,0.120019,-0.320019,-10080.5985,1.0,2025-03-04,333.0,333.9,332.8,0.0,334.1,334.15,333.55,0.0,2025,0.0,0.0,0.0,0.0,0.0,0.0,0.0,0.0,0.0,0.0,0.0,0.0,0.0,0.0,0.0,1.0,1.0,1.0,0,10,1,3,8.641878209347675,0.0095325346368887,-2.673623549481857,0.0095325346368887,0.9904674653631113,1.1554875055237245e-05,2.6629442435870508e-05,0.0007953719661589,True,7.264657188348117,0.0067219374795143,-3.1389437128262,0.0067219374795143,0.9932780625204856,3.353917096393232e-05,7.842913215497838e-05,0.0013615473080304,True,8.237746534156352,0.0094008276544834,-2.5583926554251537,0.0094008276544834,0.9905991723455164,3.3243131135849446e-05,0.0001454184522004,0.001871985400844,True,0.5385916788923041,0.0001666113411341,-3.475266521015458,0.0001666113411341,0.9998333886588658,0.0001502288373906,0.000318321089839,0.0024581327679714,True,0.9904674653631113,0.0095325346368887,-2.673623549481857,0.9932780625204856,0.0067219374795143,-3.1389437128262,0.9905991723455164,0.0094008276544834,-2.5583926554251537,0.9998333886588658,0.0001666113411341,-3.475266521015458,1,0,0,0.0,1,1,1,1,,0,1,1,0,1,0,0,0.9809349307262225,2.673623549481857,0.9865561250409712,3.1389437128262,0.9811983446910331,2.5583926554251537,0.9996667773177318,3.475266521015458,0.8881572,0.5874883062449103,0.6804476
2025-03-05 13:10:00,2025-03-05 13:55:00,1,336.65,336.35,pivot,-0.2999999999999545,0.12019,-0.6201899999999545,-19535.984999998567,1.0,2025-03-05,336.9,336.95,336.55,0.0,336.6,336.6,336.25,0.0,2025,0.0,0.0,0.0,0.0,0.0,0.0,0.0,0.0,0.0,0.0,0.0,0.0,0.0,0.0,0.0,1.0,1.0,1.0,0,13,2,3,202.1816867477975,0.8908724549467101,1.0713347461574725,0.8908724549467101,0.1091275450532899,-9.177598006370748e-07,1.779145191323466e-05,0.0008149434217639,True,73.89609400235854,0.9336109076702792,1.3478121893191497,0.9336109076702792,0.0663890923297207,2.0310923814001388e-05,7.865106621472426e-05,0.0014848347474793,True,29.85351843384371,0.96034672409856,1.670174811227464,0.96034672409856,0.0396532759014399,4.48104709823648e-05,0.0001654187963454,0.0020374080648908,True,40.41729389434106,0.940838563278292,1.4659124632077645,0.940838563278292,0.059161436721708,0.0001387403335319,0.0002681064341568,0.0026577900552726,True,0.8908724549467101,0.1091275450532899,-1.0713347461574725,0.9336109076702792,0.0663890923297207,-1.3478121893191497,0.96034672409856,0.0396532759014399,-1.670174811227464,0.940838563278292,0.059161436721708,-1.4659124632077645,1,0,0,0.0,1,1,1,1,,0,1,0,1,1,0,0,0.7817449098934202,1.0713347461574725,0.8672218153405585,1.3478121893191497,0.9206934481971202,1.670174811227464,0.8816771265565839,1.4659124632077645,0.7382782,0.45301626220067964,0.6733797
2025-03-07 13:05:00,2025-03-07 14:15:00,1,338.7,338.95,pivot,0.25,0.1203295,-0.0703295,-2215.37925,1.0,2025-03-07,339.0,339.25,338.7,0.0,339.2,339.2,338.95,0.0,2025,0.0,0.0,0.0,0.0,0.0,0.0,0.0,0.0,0.0,0.0,0.0,0.0,0.0,0.0,0.0,1.0,1.0,1.0,0,13,4,3,160.72818329440872,0.912280310828615,1.1682152682586922,0.912280310828615,0.0877196891713849,4.486270124810861e-06,2.43200788046304e-05,0.000863421039032,True,28.51294582956137,0.970643172926216,1.9408191211111088,0.970643172926216,0.029356827073784,3.2004483495463244e-05,7.651392177477403e-05,0.0014827234255653,True,42.895293758352864,0.948545278044258,1.4662345690862346,0.948545278044258,0.051454721955742,8.05138778499662e-05,0.0001461507041185,0.0020160492681678,True,81.60428305211315,0.8794237859018391,1.0787627932346897,0.8794237859018391,0.1205762140981608,0.0001059250281814,0.000216268292762,0.0026751789730083,True,0.912280310828615,0.0877196891713849,-1.1682152682586922,0.970643172926216,0.029356827073784,-1.9408191211111088,0.948545278044258,0.051454721955742,-1.4662345690862346,0.8794237859018391,0.1205762140981608,-1.0787627932346897,1,0,0,0.0,1,1,1,1,,0,1,0,1,1,0,0,0.8245606216572301,1.1682152682586922,0.9412863458524321,1.9408191211111088,0.8970905560885161,1.4662345690862346,0.7588475718036783,1.0787627932346897,0.72763395,0.3909350566102552,0.6577424
2025-03-19 10:40:00,2025-03-19 10:45:00,-1,351.75,350.5,pivot,1.25,0.1210675,0.9289324999999999,29261.37375,1.0,2025-03-19,350.5,351.85,350.3,0.0,350.85,350.9,350.35,0.0,2025,0.0,0.0,0.0,0.0,0.0,0.0,0.0,0.0,0.0,0.0,0.0,0.0,0.0,0.0,0.0,1.0,1.0,1.0,1,10,2,3,3.555442682380613,0.0008021858136948,-3.976688259999917,0.0008021858136948,0.9991978141863052,1.53508539795896e-05,3.940648498385976e-05,0.000940866386594,True,3.25676094676487,0.0017248387590264,-3.214989431955323,0.0017248387590264,0.9982751612409736,2.7777983068853395e-05,0.0001067287845052,0.0015823296456548,True,11.182654867170744,0.012225575041959,-2.30696537871414,0.012225575041959,0.9877744249580408,7.810760574684512e-05,0.0001855835171284,0.0021777843529622,True,32.60677355955504,0.0517102544074468,-1.614642172838901,0.0517102544074468,0.9482897455925532,4.219280865181842e-05,0.000174203132525,0.0029286506313488,True,0.9991978141863052,0.0008021858136948,-3.976688259999917,0.9982751612409736,0.0017248387590264,-3.214989431955323,0.9877744249580408,0.012225575041959,-2.30696537871414,0.9482897455925532,0.0517102544074468,-1.614642172838901,1,0,0,0.0,1,1,1,1,,0,1,1,0,1,0,0,0.9983956283726103,3.976688259999917,0.9965503224819472,3.214989431955323,0.9755488499160818,2.30696537871414,0.8965794911851064,1.614642172838901,0.9209364,0.5711228093916484,0.64002407
2025-03-24 10:50:00,2025-03-24 10:55:00,-1,354.8,354.25,pivot,0.5500000000000114,0.1212715,0.2287285000000114,7204.9477500003595,1.0,2025-03-24,354.2,354.8,354.05,0.0,354.1,354.35,353.9,0.0,2025,0.0,0.0,0.0,0.0,0.0,0.0,0.0,0.0,0.0,0.0,0.0,0.0,0.0,0.0,0.0,1.0,1.0,1.0,1,10,0,3,63.80020781407264,0.04102252495157,-1.659169671949961,0.04102252495157,0.95897747504843,3.2440210966407776e-05,6.247573212371662e-05,0.0009728157709426,True,23.194218751263733,0.0199381476962902,-2.021225851691629,0.0199381476962902,0.9800618523037098,5.817035680187748e-06,0.0001289597783924,0.0016675294845168,True,25.561978163805925,0.029206303613574,-1.83211986477463,0.029206303613574,0.970793696386426,3.096507482239024e-06,0.0001436850590083,0.0022315479618074,True,160.4736582392475,0.4489329224505882,-0.155018219603794,0.4489329224505882,0.5510670775494118,3.341592188480065e-05,0.0001860836712212,0.0030213880349777,True,0.95897747504843,0.04102252495157,-1.659169671949961,0.9800618523037098,0.0199381476962902,-2.021225851691629,0.970793696386426,0.029206303613574,-1.83211986477463,0.5510670775494118,0.4489329224505882,-0.155018219603794,1,0,0,0.0,1,1,1,1,,0,1,1,0,1,0,0,0.91795495009686,1.659169671949961,0.9601237046074196,2.021225851691629,0.941587392772852,1.83211986477463,0.10213415509882356,0.155018219603794,0.8316271,0.45824285166272066,0.6437236
2025-03-28 11:00:00,2025-03-28 13:10:00,-1,345.2,344.45,pivot,0.75,0.1206895,0.42931050000000004,13523.280750000002,1.0,2025-03-28,344.8,345.35,344.7,0.0,344.15,344.55,344.15,0.0,2025,0.0,0.0,0.0,0.0,0.0,0.0,0.0,0.0,0.0,0.0,0.0,0.0,0.0,0.0,0.0,1.0,1.0,1.0,1,11,4,3,94.13830908547904,0.0450187628763627,-1.5191150323327958,0.0450187628763627,0.9549812371236372,1.5473571055463193e-05,5.727381590768525e-05,0.0008962634736622,True,32.04768005927905,0.0240769838874081,-1.8578805611398344,0.0240769838874081,0.9759230161125918,2.1009360370317973e-05,0.0001536398887292,0.0014858048921489,True,14.497611145419253,0.0135301447966485,-2.2307874407572337,0.0135301447966485,0.9864698552033514,5.377473613787863e-05,0.0002481347046381,0.0019924145776702,True,173.65942941295856,0.5331202205944365,-0.0106152270599869,0.5331202205944365,0.4668797794055634,0.000100526743208,0.0003198662130553,0.0028073771920884,True,0.9549812371236372,0.0450187628763627,-1.5191150323327958,0.9759230161125918,0.0240769838874081,-1.8578805611398344,0.9864698552033514,0.0135301447966485,-2.2307874407572337,0.4668797794055634,0.5331202205944365,-0.0106152270599869,1,0,0,0.0,1,1,1,1,,0,1,1,0,1,0,0,0.9099624742472745,1.5191150323327958,0.9518460322251837,1.8578805611398344,0.9729397104067029,2.2307874407572337,-0.06624044118887312,0.0106152270599869,0.8112269,0.5099755088754537,0.6557338
2025-04-01 10:45:00,2025-04-01 10:50:00,1,337.9,338.8,pivot,0.9000000000000341,0.120301,0.5796990000000342,18260.518500001075,1.0,2025-04-01,338.8,339.0,337.9,0.0,339.2,339.25,338.6,0.0,2025,0.0,0.0,0.0,0.0,0.0,0.0,0.0,0.0,0.0,0.0,0.0,0.0,0.0,0.0,0.0,1.0,1.0,1.0,1,10,1,4,5.435592676187429,0.9958496528950448,3.087248589063768,0.9958496528950448,0.004150347104955,-5.933065646308245e-06,1.7868894823852113e-05,0.0009037444845793,True,1.413837371645817,0.99662058756206,3.8408702930408194,0.99662058756206,0.00337941243794,-2.47181809031492e-05,5.771091242435381e-05,0.0016424498597662,True,10.756535773859484,0.9787582926070592,2.4221808790770765,0.9787582926070592,0.0212417073929407,-6.022355437501581e-05,7.76780314958995e-05,0.0021059523221483,True,9.652820968726603,0.9733288351090988,2.346797465041192,0.9733288351090988,0.0266711648909011,-3.791801415396246e-06,0.0001905674208394,0.0028847166504903,True,0.9958496528950448,0.004150347104955,-3.087248589063768,0.99662058756206,0.00337941243794,-3.8408702930408194,0.9787582926070592,0.0212417073929407,-2.4221808790770765,0.9733288351090988,0.0266711648909011,-2.346797465041192,1,0,0,0.0,1,1,1,1,,0,1,1,0,1,0,0,0.9916993057900898,3.087248589063768,0.9932411751241199,3.8408702930408194,0.9575165852141184,2.4221808790770765,0.9466576702181977,2.346797465041192,0.9548864,0.7581682642869652,0.6630801
2025-04-01 10:50:00,2025-04-01 11:45:00,1,338.8,339.75,pivot,0.9499999999999886,0.1203565,0.6296434999999886,19833.77024999964,1.0,2025-04-01,339.2,339.25,338.6,0.0,339.65,339.85,339.65,0.0,2025,0.0,0.0,0.0,0.0,0.0,0.0,0.0,0.0,0.0,0.0,0.0,0.0,0.0,0.0,0.0,1.0,1.0,1.0,1,10,1,4,129.7644164711885,0.9279369510755968,1.28584159002152,0.9279369510755968,0.0720630489244033,-5.933065646308245e-06,1.7868894823852113e-05,0.0009037444845793,True,1.7105508630050346,1.0,5.01157758794671,1.0,0.0,-2.47181809031492e-05,5.771091242435381e-05,0.0016424498597662,True,4.246146648781577,0.9935277614307378,3.334806512103882,0.9935277614307378,0.0064722385692621,-6.022355437501581e-05,7.76780314958995e-05,0.0021059523221483,True,3.253596783814652,0.9937007324279314,3.632717931612442,0.9937007324279314,0.0062992675720685,-3.791801415396246e-06,0.0001905674208394,0.0028847166504903,True,0.9279369510755968,0.0720630489244033,-1.28584159002152,1.0,0.0,-5.01157758794671,0.9935277614307378,0.0064722385692621,-3.334806512103882,0.9937007324279314,0.0062992675720685,-3.632717931612442,1,0,0,0.0,1,1,1,1,,0,1,1,0,1,0,0,0.8558739021511935,1.28584159002152,1.0,5.01157758794671,0.9870555228614758,3.334806512103882,0.987401464855863,3.632717931612442,0.86012566,0.6383674372328539,0.6556421
2025-04-03 10:30:00,2025-04-03 10:35:00,-1,330.5,329.9,pivot,0.6000000000000227,0.119812,0.2801880000000227,8825.922000000715,1.0,2025-04-03,329.95,330.75,329.7,0.0,330.1,330.15,329.35,0.0,2025,0.0,0.0,0.0,0.0,0.0,0.0,0.0,0.0,0.0,0.0,0.0,0.0,0.0,0.0,0.0,1.0,1.0,2.0,1,10,3,4,27.88033473315597,0.0214445739051751,-1.958239181478909,0.0214445739051751,0.9785554260948248,-1.3832699835068188e-05,-5.767421780822083e-06,0.0009248300950694,True,1.6795541844668247,0.0027577835260711,-3.3461972106219093,0.0027577835260711,0.9972422164739289,-5.599633176198088e-05,-2.23575170329549e-05,0.0016642451294272,True,28.310877205152394,0.0364542939980101,-1.657251690576093,0.0364542939980101,0.96354570600199,-6.155488159886265e-05,2.68111556415722e-05,0.002206742812812,True,165.68026321402806,0.590156544154709,0.1260464175169604,0.590156544154709,0.409843455845291,-7.773532570388822e-05,7.570648534935875e-05,0.0030069178168569,True,0.9785554260948248,0.0214445739051751,-1.958239181478909,0.9972422164739289,0.0027577835260711,-3.3461972106219093,0.96354570600199,0.0364542939980101,-1.657251690576093,0.409843455845291,0.590156544154709,0.1260464175169604,1,0,0,0.0,1,1,1,1,,0,1,1,0,1,0,0,0.9571108521896498,1.958239181478909,0.9944844329478577,3.3461972106219093,0.9270914120039798,1.657251690576093,-0.18031308830941795,0.1260464175169604,0.849747,0.559443995985859,0.6204725
2025-04-03 12:05:00,2025-04-03 12:50:00,1,332.25,332.1,pivot,-0.1499999999999772,0.1199305,-0.46993049999997727,-14802.810749999284,1.0,2025-04-03,332.7,332.85,332.2,0.0,332.15,332.15,331.85,0.0,2025,0.0,0.0,0.0,0.0,0.0,0.0,0.0,0.0,0.0,0.0,0.0,0.0,0.0,0.0,0.0,1.0,1.0,1.0,0,12,3,4,86.07159162320795,0.9496507033139436,1.4697325055746169,0.9496507033139436,0.0503492966860563,-1.3832699835068188e-05,-5.767421780822083e-06,0.0009248300950694,True,22.51711037183491,0.9687358212907288,1.912785871270446,0.9687358212907288,0.0312641787092713,-5.599633176198088e-05,-2.23575170329549e-05,0.0016642451294272,True,35.13861195948549,0.9476875418691266,1.6252742376905909,0.9476875418691266,0.0523124581308733,-6.155488159886265e-05,2.68111556415722e-05,0.002206742812812,True,41.7463465420616,0.907749800351384,1.1765093456602227,0.907749800351384,0.0922501996486159,-7.773532570388822e-05,7.570648534935875e-05,0.0030069178168569,True,0.9496507033139436,0.0503492966860563,-1.4697325055746169,0.9687358212907288,0.0312641787092713,-1.912785871270446,0.9476875418691266,0.0523124581308733,-1.6252742376905909,0.907749800351384,0.0922501996486159,-1.1765093456602227,1,0,0,0.0,1,1,1,1,,0,1,0,1,1,0,0,0.8993014066278874,1.4697325055746169,0.9374716425814574,1.912785871270446,0.8953750837382534,1.6252742376905909,0.8154996007027681,1.1765093456602227,0.8471421,0.40759278709033586,0.6198628
2025-04-04 12:00:00,2025-04-04 13:05:00,-1,328.95,326.95,pivot,2.0,0.119677,1.680323,52930.1745,1.0,2025-04-04,327.75,328.95,327.65,0.0,326.9,327.0,326.3,0.0,2025,0.0,0.0,0.0,0.0,0.0,0.0,0.0,0.0,0.0,0.0,0.0,0.0,0.0,0.0,0.0,1.0,0.0,0.0,1,12,4,4,5.94047997967796,0.0026227416769735,-3.76454926637892,0.0026227416769735,0.9973772583230264,-8.834556089255883e-06,1.2982662619368288e-05,0.0009742530357013,True,1.0157051253518308,0.0018041401161217,-3.9494708935745217,0.0018041401161217,0.9981958598838784,-3.947411626640493e-05,2.1154853184560295e-05,0.0017759822855174,True,1.7679206429081915,0.0058053288585463,-2.9364072976846973,0.0058053288585463,0.9941946711414535,-9.689241800012524e-05,1.111665170563538e-05,0.0022820818633064,True,0.8792226675579585,0.0004554688394473,-4.822004532540598,0.0004554688394473,0.9995445311605526,-7.567389489791531e-05,9.428257765298732e-05,0.0030658881784339,True,0.9973772583230264,0.0026227416769735,-3.76454926637892,0.9981958598838784,0.0018041401161217,-3.9494708935745217,0.9941946711414535,0.0058053288585463,-2.9364072976846973,0.9995445311605526,0.0004554688394473,-4.822004532540598,1,0,0,0.0,1,1,1,1,,0,1,0,1,0,1,0,0.9947545166460529,3.76454926637892,0.9963917197677566,3.9494708935745217,0.9883893422829072,2.9364072976846973,0.9990890623211054,4.822004532540598,0.8767374,0.55573102264768,0.62091625
2025-04-04 14:00:00,2025-04-04 14:40:00,-1,326.2,327.25,pivot,-1.0500000000000114,0.1196035,-1.3696035000000115,-43142.51025000036,1.0,2025-04-04,325.9,326.4,325.85,0.0,327.75,327.8,327.25,0.0,2025,0.0,0.0,0.0,0.0,0.0,0.0,0.0,0.0,0.0,0.0,0.0,0.0,0.0,0.0,0.0,1.0,1.0,1.0,0,14,4,4,178.16125263886755,0.0954477794591013,-0.9877147676040956,0.0954477794591013,0.9045522205408988,-1.7330655411996104e-05,6.467290942436962e-06,0.0010932711747837,True,50.82211923896198,0.0547522126647626,-1.229501285886174,0.0547522126647626,0.9452477873352374,-1.2254016269511512e-05,2.8900172422633e-05,0.0020175927950684,True,74.11144895796862,0.1040982956444163,-0.9555070347300504,0.1040982956444163,0.8959017043555837,-6.727492249672761e-05,2.391474656678005e-05,0.0025909254668908,True,72.71428143491758,0.1358656381978172,-0.901138958696846,0.1358656381978172,0.8641343618021827,-0.0001710887791361,-0.0001072008349816,0.0034505969348878,True,0.9045522205408988,0.0954477794591013,-0.9877147676040956,0.9452477873352374,0.0547522126647626,-1.229501285886174,0.8959017043555837,0.1040982956444163,-0.9555070347300504,0.8641343618021827,0.1358656381978172,-0.901138958696846,1,0,0,0.0,1,1,1,1,,0,1,0,1,1,0,0,0.8091044410817975,0.9877147676040956,0.8904955746704748,1.229501285886174,0.7918034087111674,0.9555070347300504,0.7282687236043656,0.901138958696846,0.77263016,0.4650910436619913,0.63463473
2025-04-04 14:40:00,2025-04-04 15:45:00,1,327.25,329.15,eod,1.8999999999999773,0.119692,1.580307999999977,49779.70199999928,1.0,2025-04-04,327.75,327.8,327.25,0.0,329.15,329.15,329.15,0.0,2025,0.0,0.0,0.0,0.0,0.0,0.0,0.0,0.0,0.0,0.0,0.0,0.0,0.0,0.0,0.0,1.0,1.0,1.0,1,14,4,4,68.97537162713253,0.9495518291940928,1.390552131915624,0.9495518291940928,0.0504481708059071,-1.7330655411996104e-05,6.467290942436962e-06,0.0010932711747837,True,57.58227778154348,0.9038300840754284,1.045383423910042,0.9038300840754284,0.0961699159245714,-1.2254016269511512e-05,2.8900172422633e-05,0.0020175927950684,True,15.016048435027177,0.9697424404176012,1.8795637764838435,0.9697424404176012,0.0302575595823988,-6.727492249672761e-05,2.391474656678005e-05,0.0025909254668908,True,44.93265920287619,0.9036100326268,1.0497148785486168,0.9036100326268,0.0963899673732,-0.0001710887791361,-0.0001072008349816,0.0034505969348878,True,0.9495518291940928,0.0504481708059071,-1.390552131915624,0.9038300840754284,0.0961699159245714,-1.045383423910042,0.9697424404176012,0.0302575595823988,-1.8795637764838435,0.9036100326268,0.0963899673732,-1.0497148785486168,1,0,0,0.0,1,1,1,1,,0,1,0,1,1,0,0,0.8991036583881856,1.390552131915624,0.8076601681508571,1.045383423910042,0.9394848808352023,1.8795637764838435,0.8072200652535999,1.0497148785486168,0.8692164,0.5352407638506413,0.6477212
2025-04-07 10:25:00,2025-04-07 10:30:00,1,313.75,314.3,pivot,0.5500000000000114,0.1188415,0.23115850000001137,7281.492750000358,1.0,2025-04-07,314.3,314.75,313.7,0.0,314.65,314.8,313.55,0.0,2025,0.0,0.0,0.0,0.0,0.0,0.0,0.0,0.0,0.0,0.0,0.0,0.0,0.0,0.0,0.0,1.0,1.0,2.0,1,10,0,4,47.03952409370829,0.9623801478679548,1.5961145842257296,0.9623801478679548,0.0376198521320451,-1.7330655411996104e-05,6.467290942436962e-06,0.0010932711747837,True,1.2699083764657413,0.999633041164264,4.818908887832489,0.999633041164264,0.000366958835736,-1.2254016269511512e-05,2.8900172422633e-05,0.0020175927950684,True,1.6686065992220354,0.9966435995354948,4.126672744425735,0.9966435995354948,0.0033564004645051,-6.727492249672761e-05,2.391474656678005e-05,0.0025909254668908,True,5.512935201222765,0.9839989043070028,2.950223922229162,0.9839989043070028,0.0160010956929973,-0.0001710887791361,-0.0001072008349816,0.0034505969348878,True,0.9623801478679548,0.0376198521320451,-1.5961145842257296,0.999633041164264,0.000366958835736,-4.818908887832489,0.9966435995354948,0.0033564004645051,-4.126672744425735,0.9839989043070028,0.0160010956929973,-2.950223922229162,1,0,0,0.0,1,1,1,1,,0,1,1,0,1,0,0,0.9247602957359097,1.5961145842257296,0.999266082328528,4.818908887832489,0.9932871990709896,4.126672744425735,0.9679978086140054,2.950223922229162,0.9410518,0.6138128939810307,0.6358524
2025-04-07 10:30:00,2025-04-07 10:55:00,1,314.3,314.3,pivot,0.0,0.118858,-0.318858,-10044.027,1.0,2025-04-07,314.65,314.8,313.55,0.0,314.7,315.0,314.2,0.0,2025,0.0,0.0,0.0,0.0,0.0,0.0,0.0,0.0,0.0,0.0,0.0,0.0,0.0,0.0,0.0,1.0,1.0,2.0,0,10,0,4,146.45425214504172,0.9067813814043476,1.012099197344222,0.9067813814043476,0.0932186185956525,-1.7330655411996104e-05,6.467290942436962e-06,0.0010932711747837,True,3.3004212035574247,0.9905484901563202,3.2254237966402077,0.9905484901563202,0.0094515098436798,-1.2254016269511512e-05,2.8900172422633e-05,0.0020175927950684,True,2.0663529221096515,0.993936703090332,3.564521937913008,0.993936703090332,0.0060632969096681,-6.727492249672761e-05,2.391474656678005e-05,0.0025909254668908,True,5.472127710587546,0.9697838979190722,2.1108500876327576,0.9697838979190722,0.0302161020809278,-0.0001710887791361,-0.0001072008349816,0.0034505969348878,True,0.9067813814043476,0.0932186185956525,-1.012099197344222,0.9905484901563202,0.0094515098436798,-3.2254237966402077,0.993936703090332,0.0060632969096681,-3.564521937913008,0.9697838979190722,0.0302161020809278,-2.1108500876327576,1,0,0,0.0,1,1,1,1,,0,1,1,0,1,0,0,0.8135627628086951,1.012099197344222,0.9810969803126404,3.2254237966402077,0.9878734061806639,3.564521937913008,0.9395677958381443,2.1108500876327576,0.8318701,0.5770893008076257,0.6171534
2025-04-08 10:25:00,2025-04-08 10:30:00,1,314.15,314.5,pivot,0.3500000000000227,0.1188595,0.031140500000022733,980.9257500007161,1.0,2025-04-08,314.5,314.85,313.95,0.0,314.75,314.75,313.8,0.0,2025,0.0,0.0,0.0,0.0,0.0,0.0,0.0,0.0,0.0,0.0,0.0,0.0,0.0,0.0,0.0,1.0,1.0,0.0,1,10,1,4,151.8497787553338,0.8872691615448681,0.9071261186161116,0.8872691615448681,0.1127308384551318,-1.0450983936509742e-05,1.94625446211023e-05,0.0012060448094991,True,6.306286296836701,0.988931954420476,3.214930768186112,0.988931954420476,0.011068045579524,-3.306524236991079e-05,3.1016875539757715e-05,0.0022236591624341,True,4.264941248996818,0.9840646145441398,2.7279979352227097,0.9840646145441398,0.0159353854558601,-7.771105843432434e-05,1.8869674964981816e-05,0.0028011594474218,True,116.69055000966732,0.2730887637532439,-0.4845531864339122,0.2730887637532439,0.726911236246756,-0.0001271324663438,4.2770091794637936e-05,0.0036942288060014,True,0.8872691615448681,0.1127308384551318,-0.9071261186161116,0.988931954420476,0.011068045579524,-3.214930768186112,0.9840646145441398,0.0159353854558601,-2.7279979352227097,0.2730887637532439,0.726911236246756,0.4845531864339122,1,0,0,0.0,1,1,1,1,,0,1,1,0,1,0,0,0.7745383230897364,0.9071261186161116,0.977863908840952,3.214930768186112,0.9681292290882797,2.7279979352227097,-0.4538224724935121,0.4845531864339122,0.71567947,0.5418834449864214,0.5946841
2025-04-08 13:40:00,2025-04-08 14:05:00,1,309.2,310.8,pivot,1.6000000000000227,0.1186,1.2814000000000225,40364.10000000071,1.0,2025-04-08,309.75,309.85,309.2,0.0,310.05,310.85,309.85,0.0,2025,0.0,0.0,0.0,0.0,0.0,0.0,0.0,0.0,0.0,0.0,0.0,0.0,0.0,0.0,0.0,1.0,1.0,1.0,1,13,1,4,43.36076495134357,0.9571018834124888,1.5915345308357791,0.9571018834124888,0.042898116587511,-1.0450983936509742e-05,1.94625446211023e-05,0.0012060448094991,True,52.91755710202725,0.065148185582992,-1.1739278283738546,0.065148185582992,0.934851814417008,-3.306524236991079e-05,3.1016875539757715e-05,0.0022236591624341,True,26.12893893259042,0.0513143418918358,-1.444495188830272,0.0513143418918358,0.9486856581081642,-7.771105843432434e-05,1.8869674964981816e-05,0.0028011594474218,True,36.49577954820016,0.0595273408260793,-1.2757850513001958,0.0595273408260793,0.9404726591739206,-0.0001271324663438,4.2770091794637936e-05,0.0036942288060014,True,0.9571018834124888,0.042898116587511,-1.5915345308357791,0.065148185582992,0.934851814417008,1.1739278283738546,0.0513143418918358,0.9486856581081642,1.444495188830272,0.0595273408260793,0.9404726591739206,1.2757850513001958,1,0,0,0.0,1,1,1,1,,0,1,0,1,1,0,0,0.9142037668249778,1.5915345308357791,-0.8697036288340161,1.1739278283738546,-0.8973713162163284,1.444495188830272,-0.8809453183478413,1.2757850513001958,0.805462,0.5645764075786392,0.59568393
2025-04-08 14:10:00,2025-04-08 14:40:00,-1,310.1,310.45,pivot,-0.3499999999999659,0.1186165,-0.6686164999999659,-21061.419749998924,1.0,2025-04-08,309.6,310.15,309.45,0.0,309.65,310.65,309.5,0.0,2025,0.0,0.0,0.0,0.0,0.0,0.0,0.0,0.0,0.0,0.0,0.0,0.0,0.0,0.0,0.0,1.0,1.0,1.0,0,14,1,4,89.50827283895696,0.0591890513696209,-1.2204319552167011,0.0591890513696209,0.9408109486303792,-1.0450983936509742e-05,1.94625446211023e-05,0.0012060448094991,True,12.191622078511966,0.0234136096850085,-1.825979423424544,0.0234136096850085,0.9765863903149916,-3.306524236991079e-05,3.1016875539757715e-05,0.0022236591624341,True,204.74019138360876,0.4157970374916141,-0.179657201987522,0.4157970374916141,0.5842029625083859,-7.771105843432434e-05,1.8869674964981816e-05,0.0028011594474218,True,39.89531845177356,0.0656253277557845,-1.2328799310041598,0.0656253277557845,0.9343746722442154,-0.0001271324663438,4.2770091794637936e-05,0.0036942288060014,True,0.9408109486303792,0.0591890513696209,-1.2204319552167011,0.9765863903149916,0.0234136096850085,-1.825979423424544,0.5842029625083859,0.4157970374916141,-0.179657201987522,0.9343746722442154,0.0656253277557845,-1.2328799310041598,1,0,0,0.0,1,1,1,1,,0,1,0,1,1,0,0,0.8816218972607582,1.2204319552167011,0.9531727806299831,1.825979423424544,0.16840592501677176,0.179657201987522,0.8687493444884309,1.2328799310041598,0.8193621,0.5345341838081782,0.63893765
2025-04-09 13:45:00,2025-04-09 14:00:00,1,304.2,304.55,pivot,0.3500000000000227,0.1182625,0.03173750000002275,999.7312500007165,1.0,2025-04-09,304.95,305.4,304.2,0.0,304.3,304.65,303.85,0.0,2025,0.0,0.0,0.0,0.0,0.0,0.0,0.0,0.0,0.0,0.0,0.0,0.0,0.0,0.0,0.0,1.0,1.0,1.0,1,13,2,4,30.743693136761,0.9631740400672444,1.7672224356678818,0.9631740400672444,0.0368259599327556,-2.05230078272672e-05,-1.6276968968529408e-05,0.0013096109448851,True,67.32008011646673,0.8815854841436277,0.9329302147174546,0.8815854841436277,0.1184145158563723,-4.551867300314753e-05,-4.1401884877703445e-05,0.0023315503025874,True,129.07146753407153,0.7400048930906681,0.462367738459434,0.7400048930906681,0.2599951069093319,-0.0001187556532726,-7.710497809939221e-05,0.0030055220606463,True,140.75060957962765,0.3722919116269033,-0.2777452058401235,0.3722919116269033,0.6277080883730967,-0.0001271324663438,4.2770091794637936e-05,0.0036942288060014,True,0.9631740400672444,0.0368259599327556,-1.7672224356678818,0.8815854841436277,0.1184145158563723,-0.9329302147174546,0.7400048930906681,0.2599951069093319,-0.462367738459434,0.3722919116269033,0.6277080883730967,0.2777452058401235,1,0,0,0.0,1,1,1,1,,0,1,0,1,1,0,0,0.9263480801344888,1.7672224356678818,0.7631709682872554,0.9329302147174546,0.48000978618133616,0.462367738459434,-0.2554161767461934,0.2777452058401235,0.85472107,0.5483175011913127,0.68064517
2025-04-09 14:35:00,2025-04-09 15:00:00,-1,303.95,304.4,pivot,-0.4499999999999886,0.1182505,-0.7682504999999885,-24199.89074999964,1.0,2025-04-09,303.35,304.25,303.15,0.0,304.3,304.6,304.15,0.0,2025,0.0,0.0,0.0,0.0,0.0,0.0,0.0,0.0,0.0,0.0,0.0,0.0,0.0,0.0,0.0,1.0,1.0,1.0,0,14,2,4,35.0638979149853,0.0377700098223923,-1.621985565440215,0.0377700098223923,0.9622299901776076,-2.05230078272672e-05,-1.6276968968529408e-05,0.0013096109448851,True,29.89110025851048,0.0494867874321614,-1.4642487921265577,0.0494867874321614,0.9505132125678386,-4.551867300314753e-05,-4.1401884877703445e-05,0.0023315503025874,True,87.06919854216555,0.1618151584572107,-0.7412363492129168,0.1618151584572107,0.8381848415427893,-0.0001187556532726,-7.710497809939221e-05,0.0030055220606463,True,86.92835090958746,0.1825815843236144,-0.7245129121005743,0.1825815843236144,0.8174184156763855,-0.0001271324663438,4.2770091794637936e-05,0.0036942288060014,True,0.9622299901776076,0.0377700098223923,-1.621985565440215,0.9505132125678386,0.0494867874321614,-1.4642487921265577,0.8381848415427893,0.1618151584572107,-0.7412363492129168,0.8174184156763855,0.1825815843236144,-0.7245129121005743,1,0,0,0.0,1,1,1,1,,0,1,0,1,1,0,0,0.9244599803552153,1.621985565440215,0.9010264251356772,1.4642487921265577,0.6763696830855785,0.7412363492129168,0.6348368313527711,0.7245129121005743,0.80527365,0.37698625284627457,0.69146585
2025-04-10 11:15:00,2025-04-10 12:35:00,1,321.85,321.5,pivot,-0.3500000000000227,0.1193005,-0.6693005000000227,-21082.965750000716,1.0,2025-04-10,322.65,322.7,321.8,0.0,322.0,322.05,321.45,0.0,2025,0.0,0.0,0.0,0.0,0.0,0.0,0.0,0.0,0.0,0.0,0.0,0.0,0.0,0.0,0.0,1.0,1.0,1.0,0,11,3,4,27.563708749119325,0.965229446442923,1.8472504002014984,0.965229446442923,0.034770553557077,-2.755937664637892e-05,-2.6648094014835884e-05,0.0013583399288828,True,51.78548169916716,0.9083437808854892,1.1399868745907522,0.9083437808854892,0.0916562191145107,-6.842777352523726e-05,-7.908121638979165e-05,0.0023833529144192,True,10.1649141354533,0.9710744264782104,1.9418607295335149,0.9710744264782104,0.0289255735217895,-0.0001733643616051,-0.0001690376711601,0.0030482649814291,True,13.37500904736885,0.9430176221930436,1.525537010843325,0.9430176221930436,0.0569823778069564,-0.0003246432946761,-0.0002970743434073,0.0040662502354374,True,0.965229446442923,0.034770553557077,-1.8472504002014984,0.9083437808854892,0.0916562191145107,-1.1399868745907522,0.9710744264782104,0.0289255735217895,-1.9418607295335149,0.9430176221930436,0.0569823778069564,-1.525537010843325,1,0,0,0.0,1,1,1,1,,0,1,1,0,1,0,0,0.9304588928858459,1.8472504002014984,0.8166875617709785,1.1399868745907522,0.9421488529564209,1.9418607295335149,0.8860352443860873,1.525537010843325,0.87846583,0.5847017086739424,0.72763395
2025-04-21 11:45:00,2025-04-21 12:45:00,-1,328.75,328.05,pivot,0.6999999999999886,0.119704,0.3802959999999886,11979.32399999964,1.0,2025-04-21,328.35,328.8,328.25,0.0,328.0,328.15,328.0,0.0,2025,0.0,0.0,0.0,0.0,0.0,0.0,0.0,0.0,0.0,0.0,0.0,0.0,0.0,0.0,0.0,1.0,1.0,1.0,1,11,0,4,150.2151773252635,0.1202469012538798,-0.9153358355724204,0.1202469012538798,0.8797530987461201,6.748438715521055e-06,8.325076527564612e-06,0.0013391761623246,True,57.601294567686,0.0917737279577827,-1.1238775350789587,0.0917737279577827,0.9082262720422172,1.2731175166101578e-05,1.8616424806512357e-05,0.002316954035883,True,50.40711971897432,0.1077367263153108,-1.060138171473327,0.1077367263153108,0.8922632736846892,-8.225036065297975e-05,-7.959288409501038e-05,0.0030796852019909,True,79.34116302772956,0.2245850197269685,-0.6151982349099248,0.2245850197269685,0.7754149802730315,-2.5356822761390665e-06,-9.443254969994726e-05,0.004048977183099,True,0.8797530987461201,0.1202469012538798,-0.9153358355724204,0.9082262720422172,0.0917737279577827,-1.1238775350789587,0.8922632736846892,0.1077367263153108,-1.060138171473327,0.7754149802730315,0.2245850197269685,-0.6151982349099248,1,0,0,0.0,1,1,1,1,,0,1,1,0,1,0,0,0.7595061974922402,0.9153358355724204,0.8164525440844345,1.1238775350789587,0.7845265473693783,1.060138171473327,0.5508299605460629,0.6151982349099248,0.7591874,0.5205331753369963,0.70410764
2025-04-30 10:45:00,2025-04-30 11:25:00,-1,337.9,338.15,pivot,-0.25,0.1202815,-0.5702815,-17963.86725,1.0,2025-04-30,337.6,338.0,337.6,0.0,337.85,338.2,337.75,0.0,2025,0.0,0.0,0.0,0.0,0.0,0.0,0.0,0.0,0.0,0.0,0.0,0.0,0.0,0.0,0.0,1.0,1.0,1.0,0,10,2,4,199.769625749886,0.1093523919181374,-1.0736145337815488,0.1093523919181374,0.8906476080818626,2.8323210693438055e-05,2.2376481086548183e-05,0.0008481698513536,True,54.02312049724452,0.0538088881755639,-1.6202496573383147,0.0538088881755639,0.946191111824436,9.189676463745088e-05,5.194346627947433e-05,0.0014928615880833,True,25.23965157104909,0.0479717432632139,-1.8426097556158263,0.0479717432632139,0.952028256736786,0.0001298393658596,-7.777323993406875e-06,0.0021616426479017,True,34.71532507456454,0.0821320953130693,-1.363545338885622,0.0821320953130693,0.9178679046869308,0.0002708993277934,9.95757678683837e-05,0.0032161762802118,True,0.8906476080818626,0.1093523919181374,-1.0736145337815488,0.946191111824436,0.0538088881755639,-1.6202496573383147,0.952028256736786,0.0479717432632139,-1.8426097556158263,0.9178679046869308,0.0821320953130693,-1.363545338885622,1,0,0,0.0,1,1,1,1,,0,1,1,0,1,0,0,0.7812952161637252,1.0736145337815488,0.8923822236488721,1.6202496573383147,0.9040565134735722,1.8426097556158263,0.8357358093738615,1.363545338885622,0.7977983,0.46647300238774286,0.7054899
2025-05-02 12:45:00,2025-05-02 15:00:00,1,339.35,339.25,pivot,-0.1000000000000227,0.120358,-0.42035800000002277,-13241.277000000717,1.0,2025-05-02,339.65,339.7,339.35,0.0,339.0,339.35,338.95,0.0,2025,0.0,0.0,0.0,0.0,0.0,0.0,0.0,0.0,0.0,0.0,0.0,0.0,0.0,0.0,0.0,1.0,1.0,1.0,0,12,4,5,213.9555809564975,0.8956253266758583,1.1576945454564955,0.8956253266758583,0.1043746733241417,2.843450809892004e-05,3.702526352105698e-05,0.0007313044942165,True,346.67637025078955,0.6242360829633052,0.2684584139739234,0.6242360829633052,0.3757639170366947,9.898989466359372e-05,8.376808204231339e-05,0.001333392949839,True,122.84354933043689,0.8348240124396707,0.9003080885027023,0.8348240124396707,0.1651759875603292,0.0001649011050958,0.0001004744569865,0.0018522682088155,True,164.717074247715,0.4622596006302334,0.0038640570251448,0.4622596006302334,0.5377403993697666,0.0002248596444275,-1.1205897327175675e-05,0.002900034149148,True,0.8956253266758583,0.1043746733241417,-1.1576945454564955,0.6242360829633052,0.3757639170366947,-0.2684584139739234,0.8348240124396707,0.1651759875603292,-0.9003080885027023,0.4622596006302334,0.5377403993697666,-0.0038640570251448,1,0,0,0.0,1,1,1,1,,0,1,0,1,1,0,0,0.7912506533517165,1.1576945454564955,0.24847216592661053,0.2684584139739234,0.6696480248793415,0.9003080885027023,-0.07548079873953317,0.0038640570251448,0.7584712,0.6119526064346208,0.7166236
2025-06-02 10:50:00,2025-06-02 12:00:00,-1,360.65,359.0,pivot,1.6499999999999773,0.1215895,1.3284104999999773,41844.93074999929,1.0,2025-06-02,360.35,360.85,360.25,0.0,359.0,359.2,358.9,0.0,2025,0.0,0.0,0.0,0.0,0.0,0.0,0.0,0.0,0.0,0.0,0.0,0.0,0.0,0.0,0.0,1.0,1.0,1.0,1,10,0,6,333.6395634635832,0.1392919762141887,-0.968178514111484,0.1392919762141887,0.8607080237858112,-1.0257919013017165e-06,2.3438753758255924e-05,0.0007405330133597,True,88.53170059659556,0.0616499206904686,-1.4145299540749614,0.0616499206904686,0.9383500793095312,-1.123300164069442e-05,5.395217750329465e-05,0.001312187935354,True,173.87940889282652,0.1973335445600529,-0.7925337005755245,0.1973335445600529,0.802666455439947,-6.841099223621222e-06,5.032246278828236e-05,0.0018130467001934,True,176.73453136733426,0.5934183954538049,0.1576757011248429,0.5934183954538049,0.4065816045461951,-9.923079407630048e-05,8.047923384767372e-06,0.0025894966839963,True,0.8607080237858112,0.1392919762141887,-0.968178514111484,0.9383500793095312,0.0616499206904686,-1.4145299540749614,0.802666455439947,0.1973335445600529,-0.7925337005755245,0.4065816045461951,0.5934183954538049,0.1576757011248429,1,0,0,0.0,1,1,1,1,,0,1,1,0,1,0,0,0.7214160475716225,0.968178514111484,0.8767001586190626,1.4145299540749614,0.605332910879894,0.7925337005755245,-0.18683679090760985,0.1576757011248429,0.7137125,0.6684485435755732,0.72197425
2025-06-02 14:40:00,2025-06-02 15:45:00,1,359.0,359.15,eod,0.1499999999999772,0.1215445,-0.17154450000002272,-5403.651750000716,1.0,2025-06-02,359.5,359.55,359.0,0.0,359.15,359.15,359.15,0.0,2025,0.0,0.0,0.0,0.0,0.0,0.0,0.0,0.0,0.0,0.0,0.0,0.0,0.0,0.0,0.0,1.0,1.0,1.0,0,14,0,6,48.18045927350504,0.9690489087669416,2.035878695010788,0.9690489087669416,0.0309510912330582,-1.0257919013017165e-06,2.3438753758255924e-05,0.0007405330133597,True,151.3909316270328,0.8723327817035387,1.0195464073964708,0.8723327817035387,0.1276672182964613,-1.123300164069442e-05,5.395217750329465e-05,0.001312187935354,True,176.4997910817782,0.7803414384734622,0.6630828328130548,0.7803414384734622,0.2196585615265378,-6.841099223621222e-06,5.032246278828236e-05,0.0018130467001934,True,101.55633662476802,0.8131801757212958,0.7495661473796353,0.8131801757212958,0.1868198242787042,-9.923079407630048e-05,8.047923384767372e-06,0.0025894966839963,True,0.9690489087669416,0.0309510912330582,-2.035878695010788,0.8723327817035387,0.1276672182964613,-1.0195464073964708,0.7803414384734622,0.2196585615265378,-0.6630828328130548,0.8131801757212958,0.1868198242787042,-0.7495661473796353,1,0,0,0.0,1,1,1,1,,0,1,0,1,1,0,0,0.9380978175338834,2.035878695010788,0.7446655634070773,1.0195464073964708,0.5606828769469243,0.6630828328130548,0.6263603514425915,0.7495661473796353,0.85619265,0.6771330980476857,0.73859334
2025-06-05 14:35:00,2025-06-05 14:40:00,1,375.6,375.9,pivot,0.2999999999999545,0.122545,-0.02254500000004549,-710.1675000014329,1.0,2025-06-05,375.95,376.0,375.6,0.0,376.35,376.5,375.9,0.0,2025,0.0,0.0,0.0,0.0,0.0,0.0,0.0,0.0,0.0,0.0,0.0,0.0,0.0,0.0,0.0,1.0,1.0,1.0,0,14,3,6,203.15283806939203,0.8970298295075313,1.1254519160877237,0.8970298295075313,0.1029701704924687,1.1637638854155504e-05,3.474608445500228e-05,0.0007967132070732,True,119.13613151230754,0.8834855717698915,1.0126026571862712,0.8834855717698915,0.1165144282301084,1.1403921807824949e-06,9.821277582169172e-05,0.0014803625277541,True,35.56343497185603,0.9473201337742956,1.5823208561454691,0.9473201337742956,0.0526798662257045,5.107059023841335e-05,0.0001529333587689,0.0020924742551979,True,141.50888295207898,0.6846716728106879,0.3035102931386699,0.6846716728106879,0.3153283271893121,-7.072973914919968e-05,0.0001692840778321,0.002949664754117,True,0.8970298295075313,0.1029701704924687,-1.1254519160877237,0.8834855717698915,0.1165144282301084,-1.0126026571862712,0.9473201337742956,0.0526798662257045,-1.5823208561454691,0.6846716728106879,0.3153283271893121,-0.3035102931386699,1,0,0,0.0,1,1,1,1,,0,1,0,1,1,0,0,0.7940596590150626,1.1254519160877237,0.7669711435397831,1.0126026571862712,0.894640267548591,1.5823208561454691,0.3693433456213758,0.3035102931386699,0.76752913,0.5587808538243224,0.7124398
2025-06-05 14:40:00,2025-06-05 15:45:00,1,375.9,376.1,eod,0.2000000000000454,0.12256,-0.12255999999995452,-3860.6399999985674,1.0,2025-06-05,376.35,376.5,375.9,0.0,376.1,376.1,376.1,0.0,2025,0.0,0.0,0.0,0.0,0.0,0.0,0.0,0.0,0.0,0.0,0.0,0.0,0.0,0.0,0.0,1.0,1.0,1.0,0,14,3,6,151.7934127848425,0.9201988789403376,1.2911290573793917,0.9201988789403376,0.0798011210596624,1.1637638854155504e-05,3.474608445500228e-05,0.0007967132070732,True,162.6887685512971,0.8459636380526321,0.8317024094830185,0.8459636380526321,0.1540363619473679,1.1403921807824949e-06,9.821277582169172e-05,0.0014803625277541,True,35.627308404475016,0.9471891249910528,1.5805583738538291,0.9471891249910528,0.0528108750089472,5.107059023841335e-05,0.0001529333587689,0.0020924742551979,True,112.68615189613924,0.751993887886967,0.4835291087349126,0.751993887886967,0.248006112113033,-7.072973914919968e-05,0.0001692840778321,0.002949664754117,True,0.9201988789403376,0.0798011210596624,-1.2911290573793917,0.8459636380526321,0.1540363619473679,-0.8317024094830185,0.9471891249910528,0.0528108750089472,-1.5805583738538291,0.751993887886967,0.248006112113033,-0.4835291087349126,1,0,0,0.0,1,1,1,1,,0,1,0,1,1,0,0,0.8403977578806752,1.2911290573793917,0.6919272761052642,0.8317024094830185,0.8943782499821056,1.5805583738538291,0.5039877757739339,0.4835291087349126,0.7663947,0.5713933397065424,0.6779808
2025-06-09 12:25:00,2025-06-09 12:40:00,-1,383.55,383.35,pivot,0.1999999999999886,0.123007,-0.12300700000001137,-3874.7205000003582,1.0,2025-06-09,383.2,383.7,383.05,0.0,383.65,383.75,383.35,0.0,2025,0.0,0.0,0.0,0.0,0.0,0.0,0.0,0.0,0.0,0.0,0.0,0.0,0.0,0.0,0.0,1.0,1.0,1.0,0,12,0,6,263.77829165545285,0.1219767940868808,-1.0258657542063634,0.1219767940868808,0.8780232059131191,1.1637638854155504e-05,3.474608445500228e-05,0.0007967132070732,True,217.76090189166425,0.1841297633944284,-0.7711014477860993,0.1841297633944284,0.8158702366055716,1.1403921807824949e-06,9.821277582169172e-05,0.0014803625277541,True,41.49359267638512,0.0452512520470138,-1.5673140780844252,0.0452512520470138,0.954748747952986,5.107059023841335e-05,0.0001529333587689,0.0020924742551979,True,170.41511614679828,0.4219539431294408,-0.2342871649078499,0.4219539431294408,0.5780460568705592,-7.072973914919968e-05,0.0001692840778321,0.002949664754117,True,0.8780232059131191,0.1219767940868808,-1.0258657542063634,0.8158702366055716,0.1841297633944284,-0.7711014477860993,0.954748747952986,0.0452512520470138,-1.5673140780844252,0.5780460568705592,0.4219539431294408,-0.2342871649078499,1,0,0,0.0,1,1,1,1,,0,1,0,1,1,0,0,0.7560464118262383,1.0258657542063634,0.6317404732111431,0.7711014477860993,0.9094974959059723,1.5673140780844252,0.15609211374111842,0.2342871649078499,0.77160203,0.6631807763338085,0.6526442
2025-06-11 11:00:00,2025-06-11 12:15:00,1,387.7,387.8,pivot,0.1000000000000227,0.123265,-0.22326499999997726,-7032.847499999284,1.0,2025-06-11,388.25,388.7,387.6,0.0,387.7,387.9,387.5,0.0,2025,0.0,0.0,0.0,0.0,0.0,0.0,0.0,0.0,0.0,0.0,0.0,0.0,0.0,0.0,0.0,1.0,1.0,1.0,0,11,2,6,71.58661947614236,0.9552483372370276,1.672670041080789,0.9552483372370276,0.0447516627629724,7.223263761816154e-06,4.222345690552195e-05,0.0008993811510792,True,122.72632980024696,0.8664687060046331,0.939538401268598,0.8664687060046331,0.1335312939953669,1.4814379091904102e-05,0.0001047528127425,0.0016719159081967,True,26.682045191985612,0.9549799107781374,1.714057351592255,0.9549799107781374,0.0450200892218626,2.0287274060002483e-05,0.0001331321131275,0.0022561271353173,True,118.7905114180066,0.2367126505384897,-0.6390831410415263,0.2367126505384897,0.7632873494615102,-0.0002145539175793,2.239969878679637e-05,0.0030548158182596,True,0.9552483372370276,0.0447516627629724,-1.672670041080789,0.8664687060046331,0.1335312939953669,-0.939538401268598,0.9549799107781374,0.0450200892218626,-1.714057351592255,0.2367126505384897,0.7632873494615102,0.6390831410415263,1,0,0,0.0,1,1,1,1,,0,1,1,0,1,0,0,0.9104966744740552,1.672670041080789,0.7329374120092662,0.939538401268598,0.9099598215562748,1.714057351592255,-0.5265746989230206,0.6390831410415263,0.7316325,0.557094262303977,0.65024376
2025-06-13 10:40:00,2025-06-13 11:20:00,1,387.95,387.75,pivot,-0.1999999999999886,0.123271,-0.5232709999999886,-16483.036499999642,1.0,2025-06-13,388.55,388.55,387.65,0.0,387.1,388.0,387.0,0.0,2025,0.0,0.0,0.0,0.0,0.0,0.0,0.0,0.0,0.0,0.0,0.0,0.0,0.0,0.0,0.0,1.0,1.0,1.0,0,10,4,6,96.10198049886336,0.937981908486133,1.4459903275864006,0.937981908486133,0.0620180915138669,2.450244887519645e-05,6.442875008376065e-05,0.0009350638493902,True,8.346766798856292,0.9892055450565824,2.9126918997336064,0.9892055450565824,0.0107944549434174,5.643082021266006e-05,0.0001646312640301,0.001715253379595,True,12.78925372548592,0.9659338721958898,2.0348995118787574,0.9659338721958898,0.0340661278041102,7.351446591129792e-05,0.0002096858656651,0.0023059048897257,True,162.82766195803362,0.383784841677668,-0.3020735979306246,0.383784841677668,0.616215158322332,-0.0002145539175793,2.239969878679637e-05,0.0030548158182596,True,0.937981908486133,0.0620180915138669,-1.4459903275864006,0.9892055450565824,0.0107944549434174,-2.9126918997336064,0.9659338721958898,0.0340661278041102,-2.0348995118787574,0.383784841677668,0.616215158322332,0.3020735979306246,1,0,0,0.0,1,1,1,1,,0,1,1,0,1,0,0,0.8759638169722661,1.4459903275864006,0.9784110901131651,2.9126918997336064,0.9318677443917796,2.0348995118787574,-0.23243031664466396,0.3020735979306246,0.8083305,0.4786900303835207,0.6376903
2025-06-13 11:20:00,2025-06-13 11:35:00,-1,387.75,386.7,pivot,1.0500000000000114,0.1232335,0.7267665000000114,22893.14475000036,1.0,2025-06-13,387.1,388.0,387.0,0.0,386.95,387.2,386.7,0.0,2025,0.0,0.0,0.0,0.0,0.0,0.0,0.0,0.0,0.0,0.0,0.0,0.0,0.0,0.0,0.0,1.0,1.0,1.0,1,11,4,6,55.36012023008838,0.0388138522270735,-1.717533896847339,0.0388138522270735,0.9611861477729264,1.8778173442640037e-05,4.727177565107949e-05,0.0010043564507595,True,16.269608963135855,0.023101289364203,-2.036949531542201,0.023101289364203,0.9768987106357968,5.474541722962327e-05,0.0001339448420123,0.0018380706090824,True,12.200203840895744,0.0167893603082045,-2.153249297771918,0.0167893603082045,0.9832106396917956,9.259307664174856e-05,0.0001947086706141,0.0024837026920447,True,158.73787597667962,0.5280587361403439,-0.0005222510021865,0.5280587361403439,0.471941263859656,-4.691396324596061e-05,0.0001308599460802,0.0032283579986975,True,0.9611861477729264,0.0388138522270735,-1.717533896847339,0.9768987106357968,0.023101289364203,-2.036949531542201,0.9832106396917956,0.0167893603082045,-2.153249297771918,0.471941263859656,0.5280587361403439,-0.0005222510021865,1,0,0,0.0,1,1,1,1,,0,1,1,0,1,0,0,0.922372295545853,1.717533896847339,0.9537974212715938,2.036949531542201,0.966421279383591,2.153249297771918,-0.05611747228068792,0.0005222510021865,0.79742897,0.44375951700872845,0.6303908
2025-06-16 10:40:00,2025-06-16 15:45:00,1,388.9,394.2,eod,5.300000000000011,0.123493,4.976507000000012,156759.97050000037,1.0,2025-06-16,389.3,389.45,388.6,0.0,394.2,394.2,394.2,0.0,2025,0.0,0.0,0.0,0.0,0.0,0.0,0.0,0.0,0.0,0.0,0.0,0.0,0.0,0.0,0.0,1.0,1.0,1.0,1,10,0,6,184.58747810174887,0.8757869996585727,0.9764876586552248,0.8757869996585727,0.1242130003414273,1.8778173442640037e-05,4.727177565107949e-05,0.0010043564507595,True,23.15725200573103,0.9636017959564832,1.8170381583471804,0.9636017959564832,0.0363982040435166,5.474541722962327e-05,0.0001339448420123,0.0018380706090824,True,120.47003624017424,0.7983490409464705,0.6462162349773142,0.7983490409464705,0.2016509590535294,9.259307664174856e-05,0.0001947086706141,0.0024837026920447,True,79.22099163314506,0.813369044629135,0.7162773786570007,0.813369044629135,0.186630955370865,-4.691396324596061e-05,0.0001308599460802,0.0032283579986975,True,0.8757869996585727,0.1242130003414273,-0.9764876586552248,0.9636017959564832,0.0363982040435166,-1.8170381583471804,0.7983490409464705,0.2016509590535294,-0.6462162349773142,0.813369044629135,0.186630955370865,-0.7162773786570007,1,0,0,0.0,1,1,1,1,,0,1,1,0,1,0,0,0.7515739993171453,0.9764876586552248,0.9272035919129666,1.8170381583471804,0.5966980818929412,0.6462162349773142,0.6267380892582699,0.7162773786570007,0.7877717,0.4168213663286421,0.638842
2025-06-17 14:10:00,2025-06-17 14:55:00,1,395.15,394.7,pivot,-0.4499999999999886,0.1236955,-0.7736954999999885,-24371.40824999964,1.0,2025-06-17,395.65,395.9,395.1,0.0,394.9,395.0,394.55,0.0,2025,0.0,0.0,0.0,0.0,0.0,0.0,0.0,0.0,0.0,0.0,0.0,0.0,0.0,0.0,0.0,1.0,1.0,1.0,0,14,1,6,119.9855666539468,0.9092416850337524,1.1955800393470708,0.9092416850337524,0.0907583149662476,5.018608796612266e-05,6.201034636399534e-05,0.0011116564744748,True,219.60955244399295,0.6533247883933441,0.288245992380044,0.6533247883933441,0.3466752116066559,0.0001191279281683,0.0001708708882756,0.0020387539307593,True,102.61814951117236,0.8102850825401687,0.6844854776731748,0.8102850825401687,0.1897149174598312,0.0001874106415933,0.0002519270991505,0.0027739776206497,True,142.61594183025449,0.5059214912833339,-0.029507620050812,0.5059214912833339,0.4940785087166661,8.49077645373684e-05,0.0002308392851222,0.0035400001185181,True,0.9092416850337524,0.0907583149662476,-1.1955800393470708,0.6533247883933441,0.3466752116066559,-0.288245992380044,0.8102850825401687,0.1897149174598312,-0.6844854776731748,0.5059214912833339,0.4940785087166661,0.029507620050812,1,0,0,0.0,1,1,1,1,,0,1,0,1,1,0,0,0.8184833700675047,1.1955800393470708,0.3066495767866882,0.288245992380044,0.6205701650803375,0.6844854776731748,0.01184298256666777,0.029507620050812,0.7728722,0.4846894641256393,0.6244811
2025-06-18 13:35:00,2025-06-18 13:50:00,1,397.3,398.8,pivot,1.5,0.123883,1.176117,37047.6855,1.0,2025-06-18,397.8,397.85,397.2,0.0,398.65,399.0,398.6,0.0,2025,0.0,0.0,0.0,0.0,0.0,0.0,0.0,0.0,0.0,0.0,0.0,0.0,0.0,0.0,0.0,1.0,1.0,1.0,1,13,2,6,166.03274902053238,0.8728110511825613,0.9623941495277932,0.8728110511825613,0.1271889488174387,5.018608796612266e-05,6.201034636399534e-05,0.0011116564744748,True,121.18561849289289,0.8462203744949885,0.8418270417445973,0.8462203744949885,0.1537796255050114,0.0001191279281683,0.0001708708882756,0.0020387539307593,True,88.43507231607147,0.1612123073551492,-0.8150636981142769,0.1612123073551492,0.8387876926448508,0.0001874106415933,0.0002519270991505,0.0027739776206497,True,137.40511348280782,0.4172455286527828,-0.2071972104891327,0.4172455286527828,0.5827544713472171,8.49077645373684e-05,0.0002308392851222,0.0035400001185181,True,0.8728110511825613,0.1271889488174387,-0.9623941495277932,0.8462203744949885,0.1537796255050114,-0.8418270417445973,0.1612123073551492,0.8387876926448508,0.8150636981142769,0.4172455286527828,0.5827544713472171,0.2071972104891327,1,0,0,0.0,1,1,1,1,,0,1,0,1,1,0,0,0.7456221023651226,0.9623941495277932,0.6924407489899771,0.8418270417445973,-0.6775753852897015,0.8150636981142769,-0.16550894269443434,0.2071972104891327,0.71035343,0.64395649514463,0.6231724
2025-06-23 10:35:00,2025-06-23 11:55:00,1,401.6,402.55,pivot,0.9499999999999886,0.1241245,0.6258754999999885,19715.07824999964,1.0,2025-06-23,402.05,402.15,401.4,0.0,402.7,402.8,402.25,0.0,2025,0.0,0.0,0.0,0.0,0.0,0.0,0.0,0.0,0.0,0.0,0.0,0.0,0.0,0.0,0.0,1.0,1.0,1.0,1,10,0,6,152.02094050393006,0.8810677553777165,1.0234787058646089,0.8810677553777165,0.1189322446222834,4.592672681059072e-05,4.277253742359485e-05,0.0011740623575047,True,15.279098012559643,0.9726936821185764,1.984534035995647,0.9726936821185764,0.0273063178814235,0.0001246957046093,0.0001350755703619,0.0021300301978179,True,59.493082488421024,0.8862974616725537,1.021689091754013,0.8862974616725537,0.1137025383274462,0.0002196628407498,0.0002622340123875,0.0029132477934147,True,35.6633288443702,0.915754770864143,1.291424088139281,0.915754770864143,0.0842452291358569,0.0002853906822611,0.0004173971811748,0.0036351456877076,True,0.8810677553777165,0.1189322446222834,-1.0234787058646089,0.9726936821185764,0.0273063178814235,-1.984534035995647,0.8862974616725537,0.1137025383274462,-1.021689091754013,0.915754770864143,0.0842452291358569,-1.291424088139281,1,0,0,0.0,1,1,1,1,,0,1,1,0,1,0,0,0.7621355107554332,1.0234787058646089,0.945387364237153,1.984534035995647,0.7725949233451075,1.021689091754013,0.8315095417282862,1.291424088139281,0.8024821,0.4803576175458723,0.6322959
2025-06-24 12:05:00,2025-06-24 13:15:00,1,417.2,416.75,pivot,-0.4499999999999886,0.1250185,-0.7750184999999886,-24413.08274999964,1.0,2025-06-24,417.9,417.9,417.1,0.0,416.7,416.85,416.1,0.0,2025,0.0,0.0,0.0,0.0,0.0,0.0,0.0,0.0,0.0,0.0,0.0,0.0,0.0,0.0,0.0,1.0,1.0,1.0,0,12,1,6,79.71291735117771,0.9415895723790906,1.4763070790750277,0.9415895723790906,0.0584104276209094,5.943630849718658e-05,5.2846606459223e-05,0.0011809558621227,True,36.4063489133344,0.9457113441061528,1.4429873663283108,0.9457113441061528,0.0542886558938471,0.0001658168446105,0.0001553554076001,0.0021346767804275,True,47.660340161671726,0.9112058450300452,1.1952544320664615,0.9112058450300452,0.0887941549699546,0.0002665262884405,0.0002576081798831,0.0028933660477453,True,42.0643977992849,0.905241737959125,1.215842561700584,0.905241737959125,0.094758262040875,0.0003674351605543,0.0004791062846533,0.0036505095267529,True,0.9415895723790906,0.0584104276209094,-1.4763070790750277,0.9457113441061528,0.0542886558938471,-1.4429873663283108,0.9112058450300452,0.0887941549699546,-1.1952544320664615,0.905241737959125,0.094758262040875,-1.215842561700584,1,0,0,0.0,1,1,1,1,,0,1,0,1,1,0,0,0.8831791447581812,1.4763070790750277,0.8914226882123056,1.4429873663283108,0.8224116900600906,1.1952544320664615,0.81048347591825,1.215842561700584,0.92270154,0.4690992049914056,0.6216476
2025-06-25 10:45:00,2025-06-25 11:10:00,-1,419.75,420.35,pivot,-0.6000000000000227,0.125203,-0.9252030000000228,-29143.894500000715,1.0,2025-06-25,419.05,419.85,418.85,0.0,420.15,420.4,420.0,0.0,2025,0.0,0.0,0.0,0.0,0.0,0.0,0.0,0.0,0.0,0.0,0.0,0.0,0.0,0.0,0.0,1.0,1.0,1.0,0,10,2,6,73.55340787673363,0.0621263682776171,-1.4489407896451558,0.0621263682776171,0.9378736317223828,8.038762712012933e-05,7.142719107138532e-05,0.0012012075415674,True,195.68827412782971,0.2925235087370147,-0.4168368563992992,0.2925235087370147,0.7074764912629852,0.0002046854670087,0.0001935735623827,0.002181242934567,True,44.163454689490045,0.0960099761156933,-1.2002522094354595,0.0960099761156933,0.9039900238843068,0.0003180336432498,0.0003279448280388,0.002952995427175,True,130.76389330830958,0.4850056158200551,-0.0425170970575113,0.4850056158200551,0.5149943841799449,0.0004719806679892,0.0005122983732214,0.0036286997930904,True,0.9378736317223828,0.0621263682776171,-1.4489407896451558,0.7074764912629852,0.2925235087370147,-0.4168368563992992,0.9039900238843068,0.0960099761156933,-1.2002522094354595,0.5149943841799449,0.4850056158200551,-0.0425170970575113,1,0,0,0.0,1,1,1,1,,0,1,1,0,1,0,0,0.8757472634447657,1.4489407896451558,0.41495298252597046,0.4168368563992992,0.8079800477686135,1.2002522094354595,0.02998876835988984,0.0425170970575113,0.90121174,0.4198047234106328,0.61316407
2025-06-25 14:25:00,2025-06-25 15:05:00,1,419.25,419.75,pivot,0.5,0.12517,0.17483,5507.145,1.0,2025-06-25,419.8,420.0,419.1,0.0,420.1,420.25,419.75,0.0,2025,0.0,0.0,0.0,0.0,0.0,0.0,0.0,0.0,0.0,0.0,0.0,0.0,0.0,0.0,0.0,1.0,1.0,1.0,1,14,2,6,127.51502800861329,0.8987279068693618,1.1390724496750049,0.8987279068693618,0.1012720931306382,8.554592588609899e-05,6.296684046042736e-05,0.0012003692474785,True,198.3352025285164,0.6866043172109627,0.4092213206032588,0.6866043172109627,0.3133956827890373,0.0002377764938144,0.0001890418997976,0.0021589101345255,True,96.9993213455756,0.8148436619061346,0.7371876141558862,0.8148436619061346,0.1851563380938654,0.0003635948994699,0.0003244765375044,0.0029569782073019,True,51.17203864799384,0.878834158621717,1.086915416018636,0.878834158621717,0.121165841378283,0.0004450694319319,0.0004844367941543,0.0036177262639411,True,0.8987279068693618,0.1012720931306382,-1.1390724496750049,0.6866043172109627,0.3133956827890373,-0.4092213206032588,0.8148436619061346,0.1851563380938654,-0.7371876141558862,0.878834158621717,0.121165841378283,-1.086915416018636,1,0,0,0.0,1,1,1,1,,0,1,0,1,1,0,0,0.7974558137387235,1.1390724496750049,0.3732086344219254,0.4092213206032588,0.6296873238122691,0.7371876141558862,0.757668317243434,1.086915416018636,0.8134386,0.5368506708522183,0.621117
2025-06-26 10:55:00,2025-06-26 11:20:00,-1,412.45,412.85,pivot,-0.4000000000000341,0.124759,-0.7247590000000341,-22829.908500001075,1.0,2025-06-26,411.7,412.75,411.65,0.0,412.5,413.05,412.25,0.0,2025,0.0,0.0,0.0,0.0,0.0,0.0,0.0,0.0,0.0,0.0,0.0,0.0,0.0,0.0,0.0,1.0,1.0,0.0,0,10,3,6,51.0800107001167,0.0456746066705162,-1.669689425605719,0.0456746066705162,0.9543253933294836,8.554592588609899e-05,6.296684046042736e-05,0.0012003692474785,True,29.45213259369249,0.0483433069804114,-1.660007736933956,0.0483433069804114,0.9516566930195886,0.0002377764938144,0.0001890418997976,0.0021589101345255,True,8.812531493220112,0.016522701590805,-2.4019528853666463,0.016522701590805,0.983477298409195,0.0003635948994699,0.0003244765375044,0.0029569782073019,True,0.4862313488865794,0.0023175933894778,-3.90154071515198,0.0023175933894778,0.997682406610522,0.0004450694319319,0.0004844367941543,0.0036177262639411,True,0.9543253933294836,0.0456746066705162,-1.669689425605719,0.9516566930195886,0.0483433069804114,-1.660007736933956,0.983477298409195,0.016522701590805,-2.4019528853666463,0.997682406610522,0.0023175933894778,-3.90154071515198,1,0,0,0.0,1,1,1,1,,0,1,1,0,1,0,0,0.9086507866589675,1.669689425605719,0.9033133860391771,1.660007736933956,0.9669545968183899,2.4019528853666463,0.9953648132210442,3.90154071515198,0.7581612,0.4523921505281591,0.61307764
2025-07-01 11:00:00,2025-07-01 11:50:00,-1,422.5,421.8,pivot,0.6999999999999886,0.125329,0.3746709999999886,11802.13649999964,1.0,2025-07-01,421.75,422.55,421.5,0.0,421.4,421.8,421.4,0.0,2025,0.0,0.0,0.0,0.0,0.0,0.0,0.0,0.0,0.0,0.0,0.0,0.0,0.0,0.0,0.0,1.0,1.0,1.0,1,11,1,7,75.1940462378715,0.0682011800274425,-1.4327812886636364,0.0682011800274425,0.9317988199725574,5.6930363931762166e-05,2.4208354208417902e-05,0.0012569495006729,True,57.55163525063695,0.0919351323742337,-1.2707777995890146,0.0919351323742337,0.9080648676257662,0.0001798156788691,7.486771299145811e-05,0.0022017151749593,True,25.74629507742978,0.0637558515460779,-1.6249694221796431,0.0637558515460779,0.936244148453922,0.0002683341066476,0.0001566639077457,0.0030078111683923,True,62.01890977269556,0.1747336468641652,-0.8833261146648635,0.1747336468641652,0.8252663531358349,0.0005387962849716,0.0004162306659702,0.0038215651389988,True,0.9317988199725574,0.0682011800274425,-1.4327812886636364,0.9080648676257662,0.0919351323742337,-1.2707777995890146,0.936244148453922,0.0637558515460779,-1.6249694221796431,0.8252663531358349,0.1747336468641652,-0.8833261146648635,1,0,0,0.0,1,1,1,1,,0,1,1,0,1,0,0,0.863597639945115,1.4327812886636364,0.8161297352515325,1.2707777995890146,0.8724882969078441,1.6249694221796431,0.6505327062716697,0.8833261146648635,0.84786433,0.4459562868622135,0.61376965
2025-07-02 10:40:00,2025-07-02 12:50:00,1,412.5,412.5,pivot,0.0,0.12475,-0.32475,-10229.625,1.0,2025-07-02,413.5,413.8,412.5,0.0,412.85,412.95,412.5,0.0,2025,0.0,0.0,0.0,0.0,0.0,0.0,0.0,0.0,0.0,0.0,0.0,0.0,0.0,0.0,0.0,1.0,1.0,1.0,0,10,2,7,41.571540812375005,0.9657575431438084,1.789606895805946,0.9657575431438084,0.0342424568561915,6.454469896112445e-05,4.33743428924871e-05,0.0012610197109711,True,3.778046969789402,0.9918344681657814,2.9071207763875666,0.9918344681657814,0.0081655318342186,0.0001655208350481,8.808122436962131e-05,0.0022231464332225,True,13.69000678539494,0.9703732798287372,1.8084048504302663,0.9703732798287372,0.0296267201712628,0.0002896951941474,0.00019060509379,0.0030462194080826,True,123.68995979220394,0.5810938238551209,0.2202723061682374,0.5810938238551209,0.4189061761448791,0.0004258745087737,0.0002639945391334,0.0037447690562984,True,0.9657575431438084,0.0342424568561915,-1.789606895805946,0.9918344681657814,0.0081655318342186,-2.9071207763875666,0.9703732798287372,0.0296267201712628,-1.8084048504302663,0.5810938238551209,0.4189061761448791,-0.2202723061682374,1,0,0,0.0,1,1,1,1,,0,1,1,0,1,0,0,0.9315150862876168,1.789606895805946,0.9836689363315627,2.9071207763875666,0.9407465596574744,1.8084048504302663,0.16218764771024174,0.2202723061682374,0.91449994,0.4898957640654357,0.6080429
2025-07-04 10:35:00,2025-07-04 12:05:00,1,418.8,415.1,pivot,-3.6999999999999886,0.125017,-4.0250169999999885,-126788.03549999963,1.0,2025-07-04,419.45,419.65,418.7,0.0,415.35,415.4,415.1,0.0,2025,0.0,0.0,0.0,0.0,0.0,0.0,0.0,0.0,0.0,0.0,0.0,0.0,0.0,0.0,0.0,1.0,1.0,1.0,0,10,4,7,115.3723243092007,0.9068346602227996,1.2129769609844443,0.9068346602227996,0.0931653397772004,6.202293981038373e-05,3.746992883523164e-05,0.0012476579652908,True,216.06354540939023,0.4214798941841384,-0.1236455519167868,0.4214798941841384,0.5785201058158616,0.0001185546270015,4.02543474868018e-05,0.0022534847953866,True,131.73659647262917,0.7493746557837055,0.5542826042889214,0.7493746557837055,0.2506253442162944,0.0002358460664705,0.000104808520267,0.0030396908254055,True,98.33681831607478,0.7513484151371729,0.6238990334090573,0.7513484151371729,0.2486515848628271,0.0005443983594742,0.0002553037487756,0.0037996898135374,True,0.9068346602227996,0.0931653397772004,-1.2129769609844443,0.4214798941841384,0.5785201058158616,0.1236455519167868,0.7493746557837055,0.2506253442162944,-0.5542826042889214,0.7513484151371729,0.2486515848628271,-0.6238990334090573,1,0,0,0.0,1,1,1,1,,0,1,1,0,1,0,0,0.8136693204455991,1.2129769609844443,-0.15704021163172316,0.1236455519167868,0.49874931156741115,0.5542826042889214,0.5026968302743458,0.6238990334090573,0.7933105,0.4443929605320802,0.60376304
2025-07-09 11:30:00,2025-07-09 12:20:00,-1,421.45,422.15,pivot,-0.6999999999999886,0.125308,-1.0253079999999886,-32297.20199999964,1.0,2025-07-09,421.1,421.65,420.95,0.0,422.2,422.25,421.9,0.0,2025,0.0,0.0,0.0,0.0,0.0,0.0,0.0,0.0,0.0,0.0,0.0,0.0,0.0,0.0,0.0,1.0,1.0,1.0,0,11,2,7,202.71725031133488,0.1711647580678479,-0.7690897368392886,0.1711647580678479,0.8288352419321521,4.213777495819768e-05,1.4001138973539842e-05,0.0012527061106821,True,173.14448543471013,0.2554496856183689,-0.5085829338304442,0.2554496856183689,0.7445503143816311,7.265677126056822e-05,1.7880489825741574e-05,0.0021352263679975,True,39.43868685025063,0.0964573713085388,-1.2319894206242652,0.0964573713085388,0.9035426286914612,0.0002303079953148,0.0001274580427253,0.0028936172711029,True,94.88446054670148,0.353991124405057,-0.2758946156309518,0.353991124405057,0.6460088755949429,0.0005015969178197,0.0002361149856722,0.003867151444189,True,0.8288352419321521,0.1711647580678479,-0.7690897368392886,0.7445503143816311,0.2554496856183689,-0.5085829338304442,0.9035426286914612,0.0964573713085388,-1.2319894206242652,0.6460088755949429,0.353991124405057,-0.2758946156309518,1,0,0,0.0,1,1,1,1,,0,1,1,0,1,0,0,0.6576704838643042,0.7690897368392886,0.4891006287632622,0.5085829338304442,0.8070852573829224,1.2319894206242652,0.29201775118988593,0.2758946156309518,0.77377766,0.5028287253175908,0.5932034
2025-07-10 12:10:00,2025-07-10 12:20:00,-1,426.2,425.75,pivot,0.4499999999999886,0.1255585,0.12444149999998863,3919.907249999642,1.0,2025-07-10,425.8,426.25,425.55,0.0,425.8,425.95,425.7,0.0,2025,0.0,0.0,0.0,0.0,0.0,0.0,0.0,0.0,0.0,0.0,0.0,0.0,0.0,0.0,0.0,1.0,1.0,1.0,1,12,3,7,232.55795450228956,0.1990940733739133,-0.6670723809640968,0.1990940733739133,0.8009059266260867,4.213777495819768e-05,1.4001138973539842e-05,0.0012527061106821,True,51.2045349067591,0.0867060146137423,-1.2715459235397035,0.0867060146137423,0.9132939853862576,7.265677126056822e-05,1.7880489825741574e-05,0.0021352263679975,True,53.69569746335471,0.1251990644264289,-1.0166233251882164,0.1251990644264289,0.8748009355735711,0.0002303079953148,0.0001274580427253,0.0028936172711029,True,75.42728809600302,0.245442022302912,-0.6070495955814836,0.245442022302912,0.754557977697088,0.0005015969178197,0.0002361149856722,0.003867151444189,True,0.8009059266260867,0.1990940733739133,-0.6670723809640968,0.9132939853862576,0.0867060146137423,-1.2715459235397035,0.8748009355735711,0.1251990644264289,-1.0166233251882164,0.754557977697088,0.245442022302912,-0.6070495955814836,1,0,0,0.0,1,1,1,1,,0,1,0,1,1,0,0,0.6018118532521735,0.6670723809640968,0.8265879707725153,1.2715459235397035,0.7496018711471422,1.0166233251882164,0.509115955394176,0.6070495955814836,0.7114024,0.5978533665185175,0.5931182
2025-07-14 10:55:00,2025-07-14 11:45:00,-1,430.45,430.6,pivot,-0.1500000000000341,0.1258315,-0.475831500000034,-14988.692250001071,1.0,2025-07-14,429.7,430.45,429.55,0.0,430.3,430.7,430.3,0.0,2025,0.0,0.0,0.0,0.0,0.0,0.0,0.0,0.0,0.0,0.0,0.0,0.0,0.0,0.0,0.0,1.0,1.0,1.0,0,10,0,7,62.49643046595902,0.0598687382149369,-1.5154989366884524,0.0598687382149369,0.940131261785063,3.448449597990145e-05,2.191223931691812e-05,0.001241799172928,True,19.065246594563185,0.0363226064725499,-1.957818123192508,0.0363226064725499,0.96367739352745,6.24343482999069e-05,4.530656735697409e-05,0.0021582833767009,True,29.02809773162841,0.0697607540508694,-1.5008327102004742,0.0697607540508694,0.9302392459491304,0.0002012871979044,0.0001033220114994,0.0028541100716417,True,64.26747169350564,0.1801171562821867,-0.836447384780547,0.1801171562821867,0.8198828437178133,0.000548868182632,0.0002287971338045,0.0036075801413846,True,0.940131261785063,0.0598687382149369,-1.5154989366884524,0.96367739352745,0.0363226064725499,-1.957818123192508,0.9302392459491304,0.0697607540508694,-1.5008327102004742,0.8198828437178133,0.1801171562821867,-0.836447384780547,1,0,0,0.0,1,1,1,1,,0,1,1,0,1,0,0,0.8802625235701261,1.5154989366884524,0.9273547870549,1.957818123192508,0.8604784918982611,1.5008327102004742,0.6397656874356266,0.836447384780547,0.8488146,0.45358829675656587,0.6061002
2025-07-15 10:35:00,2025-07-15 10:45:00,1,431.3,433.75,pivot,2.4499999999999886,0.1259515,2.1240484999999882,66907.52774999963,1.0,2025-07-15,432.4,432.6,431.3,0.0,433.55,434.15,433.2,0.0,2025,0.0,0.0,0.0,0.0,0.0,0.0,0.0,0.0,0.0,0.0,0.0,0.0,0.0,0.0,0.0,1.0,1.0,1.0,1,10,1,7,19.651946844661094,0.9767095559931496,2.07515594872442,0.9767095559931496,0.0232904440068504,2.282900190704432e-05,1.367805251828618e-05,0.0012208740554147,True,144.6523853121925,0.8134366878263153,0.729689462127825,0.8134366878263153,0.1865633121736847,6.24343482999069e-05,4.530656735697409e-05,0.0021582833767009,True,44.89372671685125,0.9260525049963738,1.2626767646866286,0.9260525049963738,0.0739474950036261,0.0002012871979044,0.0001033220114994,0.0028541100716417,True,123.85331806824952,0.7063731674079685,0.5141335840301124,0.7063731674079685,0.2936268325920315,0.000548868182632,0.0002287971338045,0.0036075801413846,True,0.9767095559931496,0.0232904440068504,-2.07515594872442,0.8134366878263153,0.1865633121736847,-0.729689462127825,0.9260525049963738,0.0739474950036261,-1.2626767646866286,0.7063731674079685,0.2936268325920315,-0.5141335840301124,1,0,0,0.0,1,1,1,1,,0,1,1,0,1,0,0,0.9534191119862991,2.07515594872442,0.6268733756526306,0.729689462127825,0.8521050099927477,1.2626767646866286,0.41274633481593703,0.5141335840301124,0.9343095,0.562971952437755,0.6328355
2025-07-23 12:10:00,2025-07-23 15:45:00,1,428.5,430.4,eod,1.8999999999999773,0.125767,1.5742329999999771,49588.33949999928,1.0,2025-07-23,429.1,429.2,428.4,0.0,430.4,430.4,430.4,0.0,2025,0.0,0.0,0.0,0.0,0.0,0.0,0.0,0.0,0.0,0.0,0.0,0.0,0.0,0.0,0.0,1.0,1.0,1.0,1,12,2,7,98.56368334184356,0.9388066507427608,1.365246536025997,0.9388066507427608,0.0611933492572392,2.4812467284309543e-05,2.2851011595056717e-05,0.0010936456027219,True,47.15330669626269,0.9461384571986848,1.4078972708819582,0.9461384571986848,0.0538615428013151,5.57251978323458e-05,4.419647962440247e-05,0.0019577224504149,True,16.745839992868817,0.9658062841049988,1.6996685400787357,0.9658062841049988,0.0341937158950013,0.0001669945636027,0.00011587585416,0.0026804863351104,True,103.53171247451436,0.8075463859374313,0.7780016386792638,0.8075463859374313,0.1924536140625686,0.0004163887650596,0.0001238255731367,0.003290224556685,True,0.9388066507427608,0.0611933492572392,-1.365246536025997,0.9461384571986848,0.0538615428013151,-1.4078972708819582,0.9658062841049988,0.0341937158950013,-1.6996685400787357,0.8075463859374313,0.1924536140625686,-0.7780016386792638,1,0,0,0.0,1,1,1,1,,0,1,0,1,1,0,0,0.8776133014855216,1.365246536025997,0.8922769143973698,1.4078972708819582,0.9316125682099975,1.6996685400787357,0.6150927718748627,0.7780016386792638,0.8891976,0.4022323819310915,0.62982607
2025-07-28 11:10:00,2025-07-28 11:25:00,-1,429.5,429.9,pivot,-0.3999999999999772,0.125782,-0.7257819999999773,-22862.132999999285,1.0,2025-07-28,428.95,429.55,428.85,0.0,430.5,430.6,429.85,0.0,2025,0.0,0.0,0.0,0.0,0.0,0.0,0.0,0.0,0.0,0.0,0.0,0.0,0.0,0.0,0.0,1.0,1.0,1.0,0,11,0,7,107.28238516927598,0.0819020598443512,-1.146706546823534,0.0819020598443512,0.9180979401556488,2.2601423150139585e-05,1.6775867603306704e-05,0.0011320727840397,True,19.831215006576628,0.0364841223229375,-1.80478093408049,0.0364841223229375,0.9635158776770624,3.862563840216816e-05,5.646001262458172e-05,0.0019654856889439,True,49.33893581226853,0.1001847062112831,-1.132723256292553,0.1001847062112831,0.8998152937887169,0.0001028204234139,1.5327549437066947e-05,0.0026850341468809,True,27.36820390137757,0.0845220419302174,-1.4716744026483484,0.0845220419302174,0.9154779580697826,0.0004795962862863,0.0001028309102823,0.0033095357140758,True,0.9180979401556488,0.0819020598443512,-1.146706546823534,0.9635158776770624,0.0364841223229375,-1.80478093408049,0.8998152937887169,0.1001847062112831,-1.132723256292553,0.9154779580697826,0.0845220419302174,-1.4716744026483484,1,0,0,0.0,1,1,1,1,,0,1,1,0,1,0,0,0.8361958803112977,1.146706546823534,0.9270317553541249,1.80478093408049,0.7996305875774339,1.132723256292553,0.8309559161395652,1.4716744026483484,0.78730065,0.41336248281696925,0.62147856
2025-08-01 15:05:00,2025-08-01 15:45:00,-1,421.2,420.4,eod,0.8000000000000114,0.125248,0.4747520000000114,14954.688000000358,1.0,2025-08-01,420.85,421.25,420.5,0.0,420.4,420.4,420.4,0.0,2025,0.0,0.0,0.0,0.0,0.0,0.0,0.0,0.0,0.0,0.0,0.0,0.0,0.0,0.0,0.0,1.0,1.0,1.0,1,15,4,8,239.03399343488863,0.1660441731751033,-0.7299939890709056,0.1660441731751033,0.8339558268248967,7.432705007039159e-06,-1.3668300127735554e-05,0.0011200589516472,True,44.51691758216704,0.0705603011268011,-1.3447520080720732,0.0705603011268011,0.9294396988731988,1.7965666758145676e-05,-4.775211466210732e-05,0.0019937402938764,True,31.35518134540259,0.0749483888161816,-1.371333702484026,0.0749483888161816,0.9250516111838184,7.984168523796631e-05,-5.113428649899968e-05,0.0026435013165657,True,52.944941877435326,0.1269246486442701,-0.974475961728651,0.1269246486442701,0.8730753513557299,0.0003055855977307,4.089235453899415e-05,0.0033285091049554,True,0.8339558268248967,0.1660441731751033,-0.7299939890709056,0.9294396988731988,0.0705603011268011,-1.3447520080720732,0.9250516111838184,0.0749483888161816,-1.371333702484026,0.8730753513557299,0.1269246486442701,-0.974475961728651,1,0,0,0.0,1,1,1,1,,0,1,0,0,1,0,0,0.6679116536497933,0.7299939890709056,0.8588793977463977,1.3447520080720732,0.8501032223676368,1.371333702484026,0.7461507027114598,0.974475961728651,0.7165405,0.551372577375391,0.63509226
2025-08-06 12:20:00,2025-08-06 15:45:00,-1,429.75,431.3,eod,-1.5500000000000114,0.1258315,-1.8758315000000119,-59088.69225000037,1.0,2025-08-06,429.3,429.9,429.3,0.0,431.3,431.3,431.3,0.0,2025,0.0,0.0,0.0,0.0,0.0,0.0,0.0,0.0,0.0,0.0,0.0,0.0,0.0,0.0,0.0,1.0,1.0,1.0,0,12,2,8,158.55432813343018,0.1126979679960254,-0.9937790208850692,0.1126979679960254,0.8873020320039746,-6.233711701676776e-06,-2.3678142299826507e-05,0.0011474692176332,True,110.88913099083246,0.152382370568235,-0.8163949073828958,0.152382370568235,0.847617629431765,-1.2240277933708086e-05,-6.81591241573503e-05,0.0020545775428625,True,92.47794499397268,0.1634838978645574,-0.8055834527154786,0.1634838978645574,0.8365161021354426,2.0677295804758653e-05,-9.615870124820424e-05,0.0026245588247359,True,96.82182639900196,0.2483928698369826,-0.5445342116871813,0.2483928698369826,0.7516071301630174,0.0001151428856861,-9.916859793710786e-05,0.0034503639965681,True,0.8873020320039746,0.1126979679960254,-0.9937790208850692,0.847617629431765,0.152382370568235,-0.8163949073828958,0.8365161021354426,0.1634838978645574,-0.8055834527154786,0.7516071301630174,0.2483928698369826,-0.5445342116871813,1,0,0,0.0,1,1,1,1,,0,1,0,1,1,0,0,0.7746040640079492,0.9937790208850692,0.69523525886353,0.8163949073828958,0.6730322042708852,0.8055834527154786,0.5032142603260348,0.5445342116871813,0.8012427,0.45240447583704857,0.6396252
2025-08-07 11:00:00,2025-08-07 11:05:00,-1,432.9,432.5,pivot,0.3999999999999772,0.125962,0.07403799999997725,2332.1969999992834,1.0,2025-08-07,432.5,432.95,432.4,0.0,432.6,432.8,432.5,0.0,2025,0.0,0.0,0.0,0.0,0.0,0.0,0.0,0.0,0.0,0.0,0.0,0.0,0.0,0.0,0.0,1.0,1.0,1.0,1,11,3,8,183.22328785897088,0.1283802082507056,-0.9194465874960136,0.1283802082507056,0.8716197917492944,3.876287870899386e-06,-9.541860911057552e-06,0.0011206520041269,True,49.5475229116689,0.0775284872613769,-1.2912212049892031,0.0775284872613769,0.922471512738623,-1.320282427707108e-05,-5.06623792569934e-05,0.0020172905844552,True,39.90455133519941,0.0792897225484929,-1.3088006730735304,0.0792897225484929,0.920710277451507,-1.050881388597373e-05,-0.0001216944276751,0.0025523468695588,True,56.65444711356047,0.1426373296780909,-0.9277319821282608,0.1426373296780909,0.857362670321909,0.000157852715792,-8.072185928513926e-05,0.0033965031213618,True,0.8716197917492944,0.1283802082507056,-0.9194465874960136,0.922471512738623,0.0775284872613769,-1.2912212049892031,0.920710277451507,0.0792897225484929,-1.3088006730735304,0.857362670321909,0.1426373296780909,-0.9277319821282608,1,0,0,0.0,1,1,1,1,,0,1,1,0,1,0,0,0.7432395834985888,0.9194465874960136,0.8449430254772461,1.2912212049892031,0.8414205549030142,1.3088006730735304,0.7147253406438181,0.9277319821282608,0.766448,0.4747519743531614,0.6557856
2025-08-07 13:05:00,2025-08-07 13:25:00,1,433.9,434.4,pivot,0.5,0.126049,0.173951,5479.4565,1.0,2025-08-07,434.55,434.55,433.8,0.0,434.05,434.45,434.0,0.0,2025,0.0,0.0,0.0,0.0,0.0,0.0,0.0,0.0,0.0,0.0,0.0,0.0,0.0,0.0,0.0,1.0,1.0,1.0,1,13,3,8,96.50081975492527,0.9372614437413564,1.344272739911707,0.9372614437413564,0.0627385562586435,3.876287870899386e-06,-9.541860911057552e-06,0.0011206520041269,True,103.78020826584536,0.885014268180939,0.9957040581478576,0.885014268180939,0.114985731819061,-1.320282427707108e-05,-5.06623792569934e-05,0.0020172905844552,True,102.46701660476,0.8435545351653435,0.8599733080398266,0.8435545351653435,0.1564454648346565,-1.050881388597373e-05,-0.0001216944276751,0.0025523468695588,True,63.82022447006703,0.8947351359002608,1.1098140393972709,0.8947351359002608,0.1052648640997392,0.000157852715792,-8.072185928513926e-05,0.0033965031213618,True,0.9372614437413564,0.0627385562586435,-1.344272739911707,0.885014268180939,0.114985731819061,-0.9957040581478576,0.8435545351653435,0.1564454648346565,-0.8599733080398266,0.8947351359002608,0.1052648640997392,-1.1098140393972709,1,0,0,0.0,1,1,1,1,,0,1,0,1,1,0,0,0.8745228874827129,1.344272739911707,0.770028536361878,0.9957040581478576,0.687109070330687,0.8599733080398266,0.7894702718005215,1.1098140393972709,0.8745585,0.5381962739264698,0.6524291
2025-08-20 10:30:00,2025-08-20 10:35:00,-1,418.7,417.75,pivot,0.9499999999999886,0.1250935,0.6249064999999887,19684.554749999643,1.0,2025-08-20,417.8,418.7,417.65,0.0,417.75,418.1,417.6,0.0,2025,0.0,0.0,0.0,0.0,0.0,0.0,0.0,0.0,0.0,0.0,0.0,0.0,0.0,0.0,0.0,1.0,1.0,0.0,1,10,2,8,28.780242126621463,0.0249064483951901,-2.092758388305469,0.0249064483951901,0.9750935516048098,-1.2981376191966113e-05,-1.908583611820604e-05,0.0010191038193572,True,7.743165166331768,0.0153014199780825,-2.7974249782990688,0.0153014199780825,0.9846985800219176,-2.472151451275568e-05,-5.61950089882667e-05,0.0018147448026538,True,3.618371144615705,0.0072219914842092,-3.79614112992894,0.0072219914842092,0.9927780085157908,-3.982785970190129e-05,-0.0001190189123864,0.0023537399918711,True,66.90189002968233,0.1378132683641754,-0.9348060838092052,0.1378132683641754,0.8621867316358246,-7.326668391978239e-05,-0.0001609758244962,0.0032787828299267,True,0.9750935516048098,0.0249064483951901,-2.092758388305469,0.9846985800219176,0.0153014199780825,-2.7974249782990688,0.9927780085157908,0.0072219914842092,-3.79614112992894,0.8621867316358246,0.1378132683641754,-0.9348060838092052,1,0,0,0.0,1,1,1,1,,0,1,1,0,1,0,0,0.9501871032096197,2.092758388305469,0.969397160043835,2.7974249782990688,0.9855560170315816,3.79614112992894,0.7243734632716492,0.9348060838092052,0.86486506,0.45892266886417393,0.64732397
2025-08-20 13:10:00,2025-08-20 14:05:00,1,419.5,420.95,pivot,1.4499999999999886,0.1252135,1.1247864999999886,35430.77474999964,1.0,2025-08-20,420.6,420.65,419.45,0.0,421.55,421.7,420.9,0.0,2025,0.0,0.0,0.0,0.0,0.0,0.0,0.0,0.0,0.0,0.0,0.0,0.0,0.0,0.0,0.0,1.0,1.0,1.0,1,13,2,8,9.108597895611856,0.991226385692854,2.544538831030524,0.991226385692854,0.0087736143071459,-3.254788283445415e-05,-3.955440686581918e-05,0.0010447047361929,True,10.233683188547014,0.9795271475811173,2.1278664856878606,0.9795271475811173,0.0204728524188827,-7.280814697151189e-05,-0.0001066734813721,0.0018412888469209,True,8.764904887291852,0.984247645197346,2.2454557200573864,0.984247645197346,0.015752354802654,-7.582486700456868e-05,-0.0001473623566537,0.0024543894740016,True,46.034899080532455,0.9259549769085776,1.3293606315292124,0.9259549769085776,0.0740450230914224,-0.0002249743037126,-0.0002017306543479,0.0031085717190965,True,0.991226385692854,0.0087736143071459,-2.544538831030524,0.9795271475811173,0.0204728524188827,-2.1278664856878606,0.984247645197346,0.015752354802654,-2.2454557200573864,0.9259549769085776,0.0740450230914224,-1.3293606315292124,1,0,0,0.0,1,1,1,1,,0,1,0,1,1,0,0,0.9824527713857082,2.544538831030524,0.9590542951622345,2.1278664856878606,0.968495290394692,2.2454557200573864,0.8519099538171553,1.3293606315292124,0.927674,0.5734154584328768,0.65770966
2025-08-20 14:05:00,2025-08-20 14:15:00,1,420.95,422.4,pivot,1.4499999999999886,0.1253005,1.1246994999999886,35428.03424999964,1.0,2025-08-20,421.55,421.7,420.9,0.0,422.65,422.8,422.35,0.0,2025,0.0,0.0,0.0,0.0,0.0,0.0,0.0,0.0,0.0,0.0,0.0,0.0,0.0,0.0,0.0,1.0,1.0,1.0,1,14,2,8,87.92835948860576,0.9467507614076448,1.4012447164853603,0.9467507614076448,0.0532492385923552,-3.254788283445415e-05,-3.955440686581918e-05,0.0010447047361929,True,286.0688307918785,0.4177683696004102,-0.1352818178819765,0.4177683696004102,0.5822316303995898,-7.280814697151189e-05,-0.0001066734813721,0.0018412888469209,True,160.7181793344925,0.7424805011035881,0.5435833487184983,0.7424805011035881,0.2575194988964119,-7.582486700456868e-05,-0.0001473623566537,0.0024543894740016,True,23.020020412666813,0.9575241391546652,1.633096989394,0.9575241391546652,0.0424758608453347,-0.0002249743037126,-0.0002017306543479,0.0031085717190965,True,0.9467507614076448,0.0532492385923552,-1.4012447164853603,0.4177683696004102,0.5822316303995898,0.1352818178819765,0.7424805011035881,0.2575194988964119,-0.5435833487184983,0.9575241391546652,0.0424758608453347,-1.633096989394,1,0,0,0.0,1,1,1,1,,0,1,0,1,1,0,0,0.8935015228152896,1.4012447164853603,-0.1644632607991796,0.1352818178819765,0.4849610022071762,0.5435833487184983,0.9150482783093304,1.633096989394,0.80811834,0.4679573763429154,0.65882206
2025-08-22 10:45:00,2025-08-22 11:20:00,-1,429.15,429.25,pivot,-0.1000000000000227,0.125752,-0.4257520000000228,-13411.188000000717,1.0,2025-08-22,428.8,429.15,428.75,0.0,428.8,429.25,428.75,0.0,2025,0.0,0.0,0.0,0.0,0.0,0.0,0.0,0.0,0.0,0.0,0.0,0.0,0.0,0.0,0.0,1.0,1.0,1.0,0,10,4,8,247.227974604587,0.1578336693838584,-0.757968423704635,0.1578336693838584,0.8421663306161415,-2.8962901973652063e-05,-3.785576007218774e-05,0.0010264842481982,True,218.37333377125276,0.2655538131064192,-0.4591430142681579,0.2655538131064192,0.7344461868935808,-5.740200917108452e-05,-0.000104620122975,0.0018028824380471,True,140.7397314358772,0.2288199083702956,-0.5607633974477232,0.2288199083702956,0.7711800916297045,-7.109934893543541e-05,-0.000144080723926,0.0024442211063591,True,120.9713358771389,0.2897830509327877,-0.5037809000996439,0.2897830509327877,0.7102169490672123,-3.892895738580216e-05,-1.637857611694921e-05,0.003205268582595,True,0.8421663306161415,0.1578336693838584,-0.757968423704635,0.7344461868935808,0.2655538131064192,-0.4591430142681579,0.7711800916297045,0.2288199083702956,-0.5607633974477232,0.7102169490672123,0.2897830509327877,-0.5037809000996439,1,0,0,0.0,1,1,1,1,,0,1,1,0,1,0,0,0.6843326612322831,0.757968423704635,0.4688923737871616,0.4591430142681579,0.5423601832594089,0.5607633974477232,0.4204338981344246,0.5037809000996439,0.708735,0.5502700308168844,0.6408961
2025-08-22 14:00:00,2025-08-22 14:55:00,1,428.25,429.15,pivot,0.8999999999999773,0.125722,0.5742779999999773,18089.756999999285,1.0,2025-08-22,428.75,429.0,428.25,0.0,428.8,429.2,428.7,0.0,2025,0.0,0.0,0.0,0.0,0.0,0.0,0.0,0.0,0.0,0.0,0.0,0.0,0.0,0.0,0.0,1.0,1.0,1.0,1,14,4,8,159.7144399213747,0.9030292177049148,1.068905747889585,0.9030292177049148,0.0969707822950852,-2.691745275713744e-05,-2.4142606910761055e-05,0.0010050057901326,True,85.82607556381481,0.9176293015494936,1.1684252603955043,0.9176293015494936,0.0823706984505062,-7.961922529924184e-05,-8.569108054705434e-05,0.0017717574312154,True,32.667609296343564,0.9460784459384473,1.4953295341866075,0.9460784459384473,0.0539215540615528,-0.0001684598069034,-0.0002101179883867,0.0024060073290227,True,98.860675087563,0.7976953949427725,0.7771616033086787,0.7976953949427725,0.2023046050572274,-0.0003317389024491,-0.000287433484574,0.0030737044785664,True,0.9030292177049148,0.0969707822950852,-1.068905747889585,0.9176293015494936,0.0823706984505062,-1.1684252603955043,0.9460784459384473,0.0539215540615528,-1.4953295341866075,0.7976953949427725,0.2023046050572274,-0.7771616033086787,1,0,0,0.0,1,1,1,1,,0,1,0,1,1,0,0,0.8060584354098297,1.068905747889585,0.8352586030989875,1.1684252603955043,0.8921568918768945,1.4953295341866075,0.5953907898855452,0.7771616033086787,0.7286897,0.45280132967051673,0.6155782
2025-09-08 15:15:00,2025-09-08 15:45:00,1,434.7,435.15,eod,0.4499999999999886,0.1260955,0.1239044999999886,3902.991749999641,1.0,2025-09-08,435.25,435.3,434.7,0.0,435.15,435.15,435.15,0.0,2025,0.0,0.0,0.0,0.0,0.0,0.0,0.0,0.0,0.0,0.0,0.0,0.0,0.0,0.0,0.0,1.0,1.0,1.0,1,15,0,9,115.4500853875866,0.9325417032375304,1.2908171617166424,0.9325417032375304,0.0674582967624695,3.4608465960256545e-06,-2.105319892829126e-06,0.000892094378624,True,53.10372459892062,0.9485458564242448,1.4414002747695205,0.9485458564242448,0.051454143575755,-2.042516134707685e-06,-1.0451530306303551e-05,0.0015231651306433,True,12.57479361338678,0.980783695165556,2.407623864032701,0.980783695165556,0.0192163048344439,-3.4108986961906055e-05,-3.03404846163489e-05,0.0020214248867818,True,22.945195801510238,0.9549859705742226,1.8098362778675123,0.9549859705742226,0.0450140294257773,-6.425715924682004e-05,-4.148245320026835e-05,0.0023127018935553,True,0.9325417032375304,0.0674582967624695,-1.2908171617166424,0.9485458564242448,0.051454143575755,-1.4414002747695205,0.980783695165556,0.0192163048344439,-2.407623864032701,0.9549859705742226,0.0450140294257773,-1.8098362778675123,1,0,0,0.0,1,1,1,1,,0,1,0,0,1,0,0,0.8650834064750609,1.2908171617166424,0.8970917128484899,1.4414002747695205,0.961567390331112,2.407623864032701,0.9099719411484454,1.8098362778675123,0.7118244,0.4768043535081621,0.5901541
2025-09-09 11:05:00,2025-09-09 15:45:00,1,438.5,441.1,eod,2.6000000000000227,0.126388,2.2736120000000226,71618.77800000072,1.0,2025-09-09,438.9,438.95,438.45,0.0,441.1,441.1,441.1,0.0,2025,0.0,0.0,0.0,0.0,0.0,0.0,0.0,0.0,0.0,0.0,0.0,0.0,0.0,0.0,0.0,1.0,1.0,1.0,1,11,1,9,198.20092597830225,0.8963150927422154,1.024432194330027,0.8963150927422154,0.1036849072577845,3.4608465960256545e-06,-2.105319892829126e-06,0.000892094378624,True,37.53522241902046,0.9579508542765396,1.579383750234047,0.9579508542765396,0.0420491457234605,-2.042516134707685e-06,-1.0451530306303551e-05,0.0015231651306433,True,60.1630394403608,0.91323668637555,1.1434327273627776,0.91323668637555,0.0867633136244501,-3.4108986961906055e-05,-3.03404846163489e-05,0.0020214248867818,True,40.08701023105882,0.9330400813567464,1.4982349927488208,0.9330400813567464,0.0669599186432534,-6.425715924682004e-05,-4.148245320026835e-05,0.0023127018935553,True,0.8963150927422154,0.1036849072577845,-1.024432194330027,0.9579508542765396,0.0420491457234605,-1.579383750234047,0.91323668637555,0.0867633136244501,-1.1434327273627776,0.9330400813567464,0.0669599186432534,-1.4982349927488208,1,0,0,0.0,1,1,1,1,,0,1,1,0,1,0,0,0.792630185484431,1.024432194330027,0.9159017085530791,1.579383750234047,0.8264733727510999,1.1434327273627776,0.8660801627134931,1.4982349927488208,0.7289066,0.46974700538295233,0.58823025
2025-09-22 13:20:00,2025-09-22 15:30:00,-1,479.4,479.05,pivot,0.3499999999999659,0.1287535,0.021246499999965866,669.2647499989248,1.0,2025-09-22,478.9,479.45,478.6,0.0,478.8,479.35,478.8,0.0,2025,0.0,0.0,0.0,0.0,0.0,0.0,0.0,0.0,0.0,0.0,0.0,0.0,0.0,0.0,0.0,1.0,1.0,1.0,1,13,0,9,120.51955384425403,0.0712027766291076,-1.3115266336736204,0.0712027766291076,0.9287972233708924,4.071031206626237e-05,6.181118457718284e-05,0.0008427780328039,True,28.373219358409507,0.0357779599251782,-1.7467124887503105,0.0357779599251782,0.9642220400748216,0.0001215285383859,0.0001555497594355,0.0014025469724335,True,4.7132807986200165,0.0069199694843221,-2.8329049872229737,0.0069199694843221,0.9930800305156778,0.0002351836265648,0.0002709889927729,0.0017869168812807,True,15.552576404180376,0.0172633916050772,-2.2460942133035022,0.0172633916050772,0.9827366083949228,0.0003811564259326,0.00040689773426,0.0023605314310891,True,0.9287972233708924,0.0712027766291076,-1.3115266336736204,0.9642220400748216,0.0357779599251782,-1.7467124887503105,0.9930800305156778,0.0069199694843221,-2.8329049872229737,0.9827366083949228,0.0172633916050772,-2.2460942133035022,1,0,0,0.0,1,1,1,1,,0,1,0,1,1,0,0,0.8575944467417849,1.3115266336736204,0.9284440801496434,1.7467124887503105,0.9861600610313558,2.8329049872229737,0.9654732167898457,2.2460942133035022,0.7785154,0.529376856159542,0.58026093
2025-09-25 10:35:00,2025-09-25 10:45:00,-1,481.5,481.8,pivot,-0.3000000000000113,0.128899,-0.6288990000000113,-19810.318500000358,1.0,2025-09-25,480.7,481.5,480.7,0.0,481.5,481.9,481.1,0.0,2025,0.0,0.0,0.0,0.0,0.0,0.0,0.0,0.0,0.0,0.0,0.0,0.0,0.0,0.0,0.0,1.0,1.0,1.0,0,10,3,9,42.21754816614292,0.0276889255126417,-2.032891574968747,0.0276889255126417,0.9723110744873582,3.134776395739003e-05,4.531168805501938e-05,0.0008402651904081,True,68.30133790457187,0.0676301582501192,-1.337081900760162,0.0676301582501192,0.9323698417498808,9.559914680839738e-05,0.0001222188694538,0.0014127122469747,True,62.39737037424254,0.0821867675866806,-1.332853157361884,0.0821867675866806,0.9178132324133194,0.0002361395421126,0.0002277448982475,0.0018079090554714,True,119.76356303875264,0.2165426407697016,-0.6880679445972512,0.2165426407697016,0.7834573592302984,0.0004546742454196,0.0004224956130495,0.0024269362281885,True,0.9723110744873582,0.0276889255126417,-2.032891574968747,0.9323698417498808,0.0676301582501192,-1.337081900760162,0.9178132324133194,0.0821867675866806,-1.332853157361884,0.7834573592302984,0.2165426407697016,-0.6880679445972512,1,0,0,0.0,1,1,1,1,,0,1,1,0,1,0,0,0.9446221489747165,2.032891574968747,0.8647396834997616,1.337081900760162,0.8356264648266387,1.332853157361884,0.5669147184605967,0.6880679445972512,0.7539987,0.4375854731327105,0.5870047
2025-09-26 10:55:00,2025-09-26 11:45:00,-1,470.9,470.8,pivot,0.0999999999999659,0.128251,-0.2282510000000341,-7189.906500001074,1.0,2025-09-26,470.5,470.95,470.5,0.0,469.75,470.8,469.6,0.0,2025,0.0,0.0,0.0,0.0,0.0,0.0,0.0,0.0,0.0,0.0,0.0,0.0,0.0,0.0,0.0,1.0,1.0,1.0,0,10,4,9,241.4951603620649,0.1291604939314836,-0.9409272415219824,0.1291604939314836,0.8708395060685163,3.669087964479058e-05,4.883447708637229e-05,0.0008421983897953,True,24.816874914030212,0.0341915952928688,-1.9074042468048809,0.0341915952928688,0.9658084047071313,0.0001137737565539,0.0001366870198035,0.0014071051215708,True,38.69858420047975,0.052423397623158,-1.6667526172701006,0.052423397623158,0.947576602376842,0.000257176668008,0.0002468773876352,0.0018035581913164,True,15.814171130882809,0.0274639178395897,-2.240702772607179,0.0274639178395897,0.9725360821604104,0.0004740596014326,0.0004815451618801,0.0024384312211162,True,0.8708395060685163,0.1291604939314836,-0.9409272415219824,0.9658084047071313,0.0341915952928688,-1.9074042468048809,0.947576602376842,0.052423397623158,-1.6667526172701006,0.9725360821604104,0.0274639178395897,-2.240702772607179,1,0,0,0.0,1,1,1,1,,0,1,1,0,1,0,0,0.7416790121370327,0.9409272415219824,0.9316168094142625,1.9074042468048809,0.8951532047536841,1.6667526172701006,0.9450721643208208,2.240702772607179,0.71195304,0.5531912699550311,0.597942
2025-10-02 10:45:00,2025-10-02 10:50:00,1,498.95,499.4,pivot,0.4499999999999886,0.1299505,0.12004949999998869,3781.5592499996437,1.0,2025-10-02,499.4,499.65,498.9,0.0,499.45,499.55,498.85,0.0,2025,0.0,0.0,0.0,0.0,0.0,0.0,0.0,0.0,0.0,0.0,0.0,0.0,0.0,0.0,0.0,1.0,1.0,2.0,1,10,3,10,209.53169311467508,0.8744496496760045,0.987212079945918,0.8744496496760045,0.1255503503239955,1.1477259568728952e-05,1.14828809962825e-05,0.0009015333710298,True,20.98174161263595,0.9827102922416484,2.3137468310004485,0.9827102922416484,0.0172897077583515,4.491732985356291e-05,4.013931444966831e-05,0.0014998269441821,True,4.829003940403595,0.9922422910309918,2.684282420427341,0.9922422910309918,0.0077577089690081,0.0001344032061502,0.0001317204908907,0.0019705211348942,True,2.288056802344701,0.9943931561378736,2.81088759809413,0.9943931561378736,0.0056068438621262,0.0003861927369667,0.0003727206041974,0.0026565642384617,True,0.8744496496760045,0.1255503503239955,-0.987212079945918,0.9827102922416484,0.0172897077583515,-2.3137468310004485,0.9922422910309918,0.0077577089690081,-2.684282420427341,0.9943931561378736,0.0056068438621262,-2.81088759809413,1,0,0,0.0,1,1,1,1,,0,1,1,0,1,0,0,0.7488992993520089,0.987212079945918,0.9654205844832969,2.3137468310004485,0.9844845820619837,2.684282420427341,0.9887863122757474,2.81088759809413,0.7535997,0.5654015200712955,0.5940216
2025-10-02 15:25:00,2025-10-02 15:45:00,-1,496.0,495.15,eod,0.8500000000000227,0.1297345,0.5202655000000228,16388.36325000072,1.0,2025-10-02,494.85,496.7,494.0,0.0,495.15,495.15,495.15,0.0,2025,0.0,0.0,0.0,0.0,0.0,0.0,0.0,0.0,0.0,0.0,0.0,0.0,0.0,0.0,0.0,1.0,1.0,1.0,1,15,3,10,20.864154726311448,0.0105922540729681,-2.744035626131693,0.0105922540729681,0.9894077459270318,1.883778689502592e-05,2.6011735608274244e-05,0.0008921361900357,True,5.941237933974169,0.004298864923698,-3.744844445750031,0.004298864923698,0.995701135076302,5.342888718199279e-05,7.251838837399059e-05,0.001472393896922,True,6.146241500287975,0.0100285513532767,-2.925492236650219,0.0100285513532767,0.9899714486467232,0.0001331071765684,0.0001246087820921,0.0019369266454967,True,17.770175563292856,0.0250649894082518,-2.191967934929199,0.0250649894082518,0.974935010591748,0.0003652380179361,0.0003794076811953,0.002747184360962,True,0.9894077459270318,0.0105922540729681,-2.744035626131693,0.995701135076302,0.004298864923698,-3.744844445750031,0.9899714486467232,0.0100285513532767,-2.925492236650219,0.974935010591748,0.0250649894082518,-2.191967934929199,1,0,0,0.0,1,1,1,1,,0,1,0,0,1,0,0,0.9788154918540637,2.744035626131693,0.991402270152604,3.744844445750031,0.9799428972934464,2.925492236650219,0.9498700211834963,2.191967934929199,0.91265637,0.5732769120052834,0.5660931
2025-10-10 10:45:00,2025-10-10 10:50:00,-1,508.0,507.4,pivot,0.6000000000000227,0.130462,0.26953800000002276,8490.447000000717,1.0,2025-10-10,507.4,508.05,506.9,0.0,507.3,507.9,507.2,0.0,2025,0.0,0.0,0.0,0.0,0.0,0.0,0.0,0.0,0.0,0.0,0.0,0.0,0.0,0.0,0.0,1.0,1.0,2.0,1,10,4,10,100.93336726572346,0.0608488104398415,-1.4641626658648166,0.0608488104398415,0.9391511895601584,1.883778689502592e-05,2.6011735608274244e-05,0.0008921361900357,True,26.017466435637747,0.0289345383090022,-2.0540731826597085,0.0289345383090022,0.9710654616909976,5.342888718199279e-05,7.251838837399059e-05,0.001472393896922,True,36.14701688436067,0.0518913276220406,-1.689779101879239,0.0518913276220406,0.9481086723779591,0.0001331071765684,0.0001246087820921,0.0019369266454967,True,110.26957686416262,0.2191086389795177,-0.6757610177786514,0.2191086389795177,0.7808913610204823,0.0003652380179361,0.0003794076811953,0.002747184360962,True,0.9391511895601584,0.0608488104398415,-1.4641626658648166,0.9710654616909976,0.0289345383090022,-2.0540731826597085,0.9481086723779591,0.0518913276220406,-1.689779101879239,0.7808913610204823,0.2191086389795177,-0.6757610177786514,1,0,0,0.0,1,1,1,1,,0,1,1,0,1,0,0,0.878302379120317,1.4641626658648166,0.9421309233819954,2.0540731826597085,0.8962173447559185,1.689779101879239,0.5617827220409646,0.6757610177786514,0.80190426,0.47093871028438045,0.5599853
2025-10-14 14:05:00,2025-10-14 14:50:00,1,496.75,496.75,pivot,0.0,0.129805,-0.329805,-10388.8575,1.0,2025-10-14,497.6,497.7,496.3,0.0,496.85,497.1,496.35,0.0,2025,0.0,0.0,0.0,0.0,0.0,0.0,0.0,0.0,0.0,0.0,0.0,0.0,0.0,0.0,0.0,1.0,1.0,0.0,0,14,1,10,56.95015204526074,0.9590516236667872,1.741553430178404,0.9590516236667872,0.0409483763332126,1.526363514603271e-05,2.002898842598171e-05,0.000970186142635,True,4.21565147746161,0.9914296018104538,2.815576945443361,0.9914296018104538,0.0085703981895461,4.771118324760109e-05,7.53129158575724e-05,0.0016187051546561,True,21.273862765269595,0.965716382825808,1.969511827091288,0.965716382825808,0.034283617174192,0.0001100387894782,0.0001576328152367,0.002118529093063,True,15.278115968509702,0.0201065718262822,-2.29189008249801,0.0201065718262822,0.9798934281737176,0.0002263838336191,0.0002425666629813,0.0028592120686681,True,0.9590516236667872,0.0409483763332126,-1.741553430178404,0.9914296018104538,0.0085703981895461,-2.815576945443361,0.965716382825808,0.034283617174192,-1.969511827091288,0.0201065718262822,0.9798934281737176,2.29189008249801,1,0,0,0.0,1,1,1,1,,0,1,0,1,1,0,0,0.9181032473335746,1.741553430178404,0.9828592036209077,2.815576945443361,0.9314327656516159,1.969511827091288,-0.9597868563474354,2.29189008249801,0.7354555,0.5110417317485956,0.5659964
2025-10-15 11:10:00,2025-10-15 13:00:00,1,505.4,508.55,pivot,3.150000000000034,0.1304185,2.8195815000000346,88816.81725000108,1.0,2025-10-15,505.9,506.1,505.25,0.0,508.25,508.65,507.95,0.0,2025,0.0,0.0,0.0,0.0,0.0,0.0,0.0,0.0,0.0,0.0,0.0,0.0,0.0,0.0,0.0,1.0,1.0,1.0,1,11,2,10,143.91936989695466,0.8901678084610721,1.0164807575326178,0.8901678084610721,0.1098321915389278,3.8075886882151153e-06,4.479622350049385e-06,0.0010657192935932,True,63.510953011587375,0.921519708590343,1.3204212581138253,0.921519708590343,0.0784802914096569,2.5580989372558342e-05,2.871798917556181e-05,0.0017767889967551,True,88.9130228764297,0.8677011093774929,0.95715567977338,0.8677011093774929,0.1322988906225071,5.8974328323620286e-05,2.207718640295704e-05,0.002458064884312,True,116.3953082937517,0.6905735969402443,0.4334442897347444,0.6905735969402443,0.3094264030597556,0.0001781392146574,9.199578234544334e-05,0.0034389564630095,True,0.8901678084610721,0.1098321915389278,-1.0164807575326178,0.921519708590343,0.0784802914096569,-1.3204212581138253,0.8677011093774929,0.1322988906225071,-0.95715567977338,0.6905735969402443,0.3094264030597556,-0.4334442897347444,1,0,0,0.0,1,1,1,1,,0,1,1,0,1,0,0,0.7803356169221444,1.0164807575326178,0.8430394171806861,1.3204212581138253,0.7354022187549858,0.95715567977338,0.38114719388048873,0.4334442897347444,0.8216595,0.397450290816255,0.5872775
2025-10-17 10:45:00,2025-10-17 11:10:00,1,532.65,530.15,pivot,-2.5,0.131884,-2.8318839999999996,-89204.34599999999,1.0,2025-10-17,533.25,533.3,531.9,0.0,529.5,530.15,528.8,0.0,2025,0.0,0.0,0.0,0.0,0.0,0.0,0.0,0.0,0.0,0.0,0.0,0.0,0.0,0.0,0.0,1.0,2.0,2.0,0,10,4,10,146.04414526262042,0.8852605211035758,0.9836296516928174,0.8852605211035758,0.1147394788964242,1.3428859274237244e-05,3.0584913147732644e-05,0.0011134519778056,True,8.277469220629463,0.9841405134145642,2.37411705511176,0.9841405134145642,0.0158594865854357,5.010675183551369e-05,9.555981608512054e-05,0.0018597659564788,True,2.138336309725418,0.9950048266271514,3.3605023585742373,0.9950048266271514,0.0049951733728486,0.0001722906188955,0.0001948476067055,0.0025764307256001,True,0.3832489379933507,0.9987955629174264,4.423044401378318,0.9987955629174264,0.0012044370825734,0.0002683363284549,0.0002200586446473,0.0036046728378259,True,0.8852605211035758,0.1147394788964242,-0.9836296516928174,0.9841405134145642,0.0158594865854357,-2.37411705511176,0.9950048266271514,0.0049951733728486,-3.3605023585742373,0.9987955629174264,0.0012044370825734,-4.423044401378318,1,0,0,0.0,1,1,1,1,,0,1,1,0,0,0,0,0.7705210422071516,0.9836296516928174,0.9682810268291285,2.37411705511176,0.9900096532543028,3.3605023585742373,0.997591125834853,4.423044401378318,0.74335396,0.5375823465348267,0.58903396
2025-10-17 11:10:00,2025-10-17 12:05:00,-1,530.15,525.75,pivot,4.399999999999977,0.131677,4.068322999999977,128152.1744999993,1.0,2025-10-17,529.5,530.15,528.8,0.0,526.2,526.25,525.35,0.0,2025,0.0,0.0,0.0,0.0,0.0,0.0,0.0,0.0,0.0,0.0,0.0,0.0,0.0,0.0,0.0,1.0,1.0,2.0,1,11,4,10,140.2913461883305,0.0912649443088126,-1.1292855628779557,0.0912649443088126,0.9087350556911874,1.3428859274237244e-05,3.0584913147732644e-05,0.0011134519778056,True,16.626822249865896,0.0253070223340773,-2.0785371100918124,0.0253070223340773,0.9746929776659228,5.010675183551369e-05,9.555981608512054e-05,0.0018597659564788,True,7.949474305807868,0.0191166089289411,-2.377797532679222,0.0191166089289411,0.9808833910710588,0.0001722906188955,0.0001948476067055,0.0025764307256001,True,54.67744795228046,0.874501417146662,1.015080267645834,0.874501417146662,0.125498582853338,0.0002683363284549,0.0002200586446473,0.0036046728378259,True,0.9087350556911874,0.0912649443088126,-1.1292855628779557,0.9746929776659228,0.0253070223340773,-2.0785371100918124,0.9808833910710588,0.0191166089289411,-2.377797532679222,0.125498582853338,0.874501417146662,1.015080267645834,1,0,0,0.0,1,1,1,1,,0,1,1,0,1,0,0,0.8174701113823748,1.1292855628779557,0.9493859553318454,2.0785371100918124,0.9617667821421177,2.377797532679222,-0.7490028342933239,1.015080267645834,0.81403226,0.556965601097275,0.5734354
2025-10-20 10:55:00,2025-10-20 11:05:00,1,530.4,531.9,pivot,1.5,0.131869,1.168131,36796.1265,1.0,2025-10-20,531.05,531.15,530.3,0.0,532.25,532.4,531.75,0.0,2025,0.0,0.0,0.0,0.0,0.0,0.0,0.0,0.0,0.0,0.0,0.0,0.0,0.0,0.0,0.0,1.0,1.0,2.0,1,10,0,10,151.10467444134858,0.8762823849433635,0.9561802017309936,0.8762823849433635,0.1237176150566364,2.261951446912388e-05,4.468756249215396e-05,0.0011355477741644,True,103.85582671165643,0.8537286471894836,0.8824429400697037,0.8537286471894836,0.1462713528105164,8.680121039582366e-05,0.0001429107647106,0.0019739817778967,True,140.8174039036046,0.735864680014978,0.4641736649390163,0.735864680014978,0.264135319985022,0.0001701378791039,0.0002174800355532,0.0027793590732318,True,45.9806107805548,0.8802708197962417,1.0312885266717744,0.8802708197962417,0.1197291802037583,0.0002996595527157,0.0003077265784478,0.0039103720484776,True,0.8762823849433635,0.1237176150566364,-0.9561802017309936,0.8537286471894836,0.1462713528105164,-0.8824429400697037,0.735864680014978,0.264135319985022,-0.4641736649390163,0.8802708197962417,0.1197291802037583,-1.0312885266717744,1,0,0,0.0,1,1,1,1,,0,1,1,0,1,0,0,0.7525647698867272,0.9561802017309936,0.7074572943789672,0.8824429400697037,0.47172936002995597,0.4641736649390163,0.7605416395924833,1.0312885266717744,0.8493846,0.5739493664425042,0.57302237
2025-10-22 11:10:00,2025-10-22 12:30:00,1,535.85,535.65,pivot,-0.2000000000000454,0.132145,-0.5321450000000454,-16762.56750000143,1.0,2025-10-22,536.5,536.7,535.75,0.0,535.3,535.8,535.2,0.0,2025,0.0,0.0,0.0,0.0,0.0,0.0,0.0,0.0,0.0,0.0,0.0,0.0,0.0,0.0,0.0,1.0,1.0,1.0,0,11,2,10,140.51857662353467,0.8745500456904844,0.9521570415173024,0.8745500456904844,0.1254499543095155,3.221406947631298e-05,4.8367515033529015e-05,0.0012224069622578,True,59.98014001602774,0.9123507228363916,1.2374768511942256,0.9123507228363916,0.0876492771636082,8.074127803474046e-05,0.0001172265499976,0.0021677889345244,True,32.721956776929346,0.9241875547521656,1.3413416575299404,0.9241875547521656,0.0758124452478343,0.0001915464447211,0.0002156787787654,0.0031119475613528,True,52.09612506754763,0.8430058057930963,0.8754143949633821,0.8430058057930963,0.1569941942069037,0.0002973867623366,0.0003900093620849,0.0040345812298187,True,0.8745500456904844,0.1254499543095155,-0.9521570415173024,0.9123507228363916,0.0876492771636082,-1.2374768511942256,0.9241875547521656,0.0758124452478343,-1.3413416575299404,0.8430058057930963,0.1569941942069037,-0.8754143949633821,1,0,0,0.0,1,1,1,1,,0,1,1,0,1,0,0,0.7491000913809689,0.9521570415173024,0.8247014456727835,1.2374768511942256,0.8483751095043314,1.3413416575299404,0.6860116115861925,0.8754143949633821,0.84743506,0.5392013126055235,0.5580858
2025-10-28 10:55:00,2025-10-28 11:50:00,1,557.95,557.25,pivot,-0.7000000000000455,0.133456,-1.0334560000000454,-32553.864000001435,1.0,2025-10-28,559.15,559.3,557.85,0.0,558.6,558.6,557.05,0.0,2025,0.0,0.0,0.0,0.0,0.0,0.0,0.0,0.0,0.0,0.0,0.0,0.0,0.0,0.0,0.0,1.0,1.0,1.0,0,10,1,10,72.74270719701012,0.9432797928345938,1.5343861106836396,0.9432797928345938,0.0567202071654061,6.674354435895374e-05,9.034421950828508e-05,0.0012829019108502,True,45.867179692641166,0.93592379762685,1.4764515886502472,0.93592379762685,0.06407620237315,0.0001900446190558,0.000236918406398,0.002327267664882,True,40.5679347358852,0.9046857927807191,1.2344208937801546,0.9046857927807191,0.0953142072192807,0.0004358262800241,0.0004432080662024,0.0033438483883434,True,105.80834731887649,0.5610272512988549,0.101206335340091,0.5610272512988549,0.4389727487011451,0.0005131863303305,0.000604108837765,0.0046392809105976,True,0.9432797928345938,0.0567202071654061,-1.5343861106836396,0.93592379762685,0.06407620237315,-1.4764515886502472,0.9046857927807191,0.0953142072192807,-1.2344208937801546,0.5610272512988549,0.4389727487011451,-0.101206335340091,1,0,0,0.0,1,1,1,1,,0,1,1,0,1,0,0,0.8865595856691877,1.5343861106836396,0.8718475952536999,1.4764515886502472,0.8093715855614384,1.2344208937801546,0.12205450259770978,0.101206335340091,0.90179217,0.40683161027867526,0.5331507
2025-10-28 14:55:00,2025-10-28 15:00:00,1,558.75,559.6,pivot,0.8500000000000227,0.1335505,0.5164495000000229,16268.159250000721,1.0,2025-10-28,559.6,559.7,558.6,0.0,559.9,560.25,559.4,0.0,2025,0.0,0.0,0.0,0.0,0.0,0.0,0.0,0.0,0.0,0.0,0.0,0.0,0.0,0.0,0.0,1.0,1.0,1.0,1,14,1,10,125.14443900827564,0.8901054430901765,1.1144676237107016,0.8901054430901765,0.1098945569098235,6.674354435895374e-05,9.034421950828508e-05,0.0012829019108502,True,15.415623500943674,0.971376105825552,2.014989773879927,0.971376105825552,0.0286238941744479,0.0001900446190558,0.000236918406398,0.002327267664882,True,22.61950254736227,0.9520167180957376,1.6899967549242207,0.9520167180957376,0.0479832819042624,0.0004358262800241,0.0004432080662024,0.0033438483883434,True,65.04172254400221,0.7513218137877808,0.583560403668327,0.7513218137877808,0.2486781862122191,0.0005131863303305,0.000604108837765,0.0046392809105976,True,0.8901054430901765,0.1098945569098235,-1.1144676237107016,0.971376105825552,0.0286238941744479,-2.014989773879927,0.9520167180957376,0.0479832819042624,-1.6899967549242207,0.7513218137877808,0.2486781862122191,-0.583560403668327,1,0,0,0.0,1,1,1,1,,0,1,0,1,1,0,0,0.780210886180353,1.1144676237107016,0.9427522116511041,2.014989773879927,0.9040334361914752,1.6899967549242207,0.5026436275755617,0.583560403668327,0.8429309,0.4172184256311073,0.5509175
2025-10-29 11:30:00,2025-10-29 11:45:00,-1,570.05,570.5,pivot,-0.4500000000000455,0.1342165,-0.7842165000000455,-24702.819750001432,1.0,2025-10-29,569.2,570.2,568.9,0.0,569.8,570.5,569.25,0.0,2025,0.0,0.0,0.0,0.0,0.0,0.0,0.0,0.0,0.0,0.0,0.0,0.0,0.0,0.0,0.0,1.0,1.0,2.0,0,11,2,10,98.28686456767274,0.0809531172219015,-1.2512371330108,0.0809531172219015,0.9190468827780984,6.733446192160905e-05,8.477701665813022e-05,0.0013304391266676,True,126.57162276844132,0.1955996683284474,-0.6861525887777565,0.1955996683284474,0.8044003316715526,0.0002364316040077,0.0002501226332941,0.0024114421096041,True,22.94246355656259,0.0616552787698052,-1.5403423739645228,0.0616552787698052,0.9383447212301947,0.0004909554164293,0.0004653670376585,0.0034311045927023,True,80.40672511230039,0.6907531597540384,0.4004463107757645,0.6907531597540384,0.3092468402459616,0.000610838081412,0.0007025518509854,0.004615183931808,True,0.9190468827780984,0.0809531172219015,-1.2512371330108,0.8044003316715526,0.1955996683284474,-0.6861525887777565,0.9383447212301947,0.0616552787698052,-1.5403423739645228,0.3092468402459616,0.6907531597540384,0.4004463107757645,1,0,0,0.0,1,1,1,1,,0,1,1,0,1,0,0,0.838093765556197,1.2512371330108,0.6088006633431051,0.6861525887777565,0.8766894424603895,1.5403423739645228,-0.3815063195080768,0.4004463107757645,0.84359753,0.49051579253756955,0.55692995
2025-10-29 11:45:00,2025-10-29 12:15:00,-1,570.5,569.3,pivot,1.2000000000000457,0.134194,0.8658060000000458,27272.889000001443,1.0,2025-10-29,569.8,570.5,569.25,0.0,569.85,569.9,569.1,0.0,2025,0.0,0.0,0.0,0.0,0.0,0.0,0.0,0.0,0.0,0.0,0.0,0.0,0.0,0.0,0.0,1.0,1.0,1.0,1,11,2,10,130.65441766731453,0.1111679718525504,-1.0524065366642747,0.1111679718525504,0.8888320281474495,6.733446192160905e-05,8.477701665813022e-05,0.0013304391266676,True,183.3773259815121,0.6677589599707747,0.3331754105215439,0.6677589599707747,0.3322410400292253,0.0002364316040077,0.0002501226332941,0.0024114421096041,True,140.4597527161405,0.3741643472546274,-0.2379134125443918,0.3741643472546274,0.6258356527453726,0.0004909554164293,0.0004653670376585,0.0034311045927023,True,113.68259228274336,0.4406160625263912,-0.1332120067271962,0.4406160625263912,0.5593839374736087,0.000610838081412,0.0007025518509854,0.004615183931808,True,0.8888320281474495,0.1111679718525504,-1.0524065366642747,0.3322410400292253,0.6677589599707747,0.3331754105215439,0.6258356527453726,0.3741643472546274,-0.2379134125443918,0.5593839374736087,0.4406160625263912,-0.1332120067271962,1,0,0,0.0,1,1,1,1,,0,1,1,0,1,0,0,0.7776640562948991,1.0524065366642747,-0.33551791994154945,0.3331754105215439,0.2516713054907452,0.2379134125443918,0.11876787494721752,0.1332120067271962,0.80246985,0.6591142465447548,0.56595194
2025-10-29 14:30:00,2025-10-29 14:35:00,1,568.5,569.25,pivot,0.75,0.1341325,0.41586749999999995,13099.826249999998,1.0,2025-10-29,569.25,569.35,568.5,0.0,569.65,569.9,568.8,0.0,2025,0.0,0.0,0.0,0.0,0.0,0.0,0.0,0.0,0.0,0.0,0.0,0.0,0.0,0.0,0.0,1.0,1.0,1.0,1,14,2,10,142.34430914896362,0.8671106237833216,0.9933331977279476,0.8671106237833216,0.1328893762166784,6.733446192160905e-05,8.477701665813022e-05,0.0013304391266676,True,35.21693938521527,0.9496434190409686,1.6117579455120556,0.9496434190409686,0.0503565809590313,0.0002364316040077,0.0002501226332941,0.0024114421096041,True,28.833082671219376,0.9393922095394656,1.5331096913208977,0.9393922095394656,0.0606077904605345,0.0004909554164293,0.0004653670376585,0.0034311045927023,True,101.08595809150368,0.594986800392325,0.1715547812647799,0.594986800392325,0.405013199607675,0.000610838081412,0.0007025518509854,0.004615183931808,True,0.8671106237833216,0.1328893762166784,-0.9933331977279476,0.9496434190409686,0.0503565809590313,-1.6117579455120556,0.9393922095394656,0.0606077904605345,-1.5331096913208977,0.594986800392325,0.405013199607675,-0.1715547812647799,1,0,0,0.0,1,1,1,1,,0,1,0,1,1,0,0,0.7342212475666432,0.9933331977279476,0.8992868380819373,1.6117579455120556,0.878784419078931,1.5331096913208977,0.18997360078464998,0.1715547812647799,0.7942449,0.43165996831935083,0.56269026
2025-10-30 11:45:00,2025-10-30 12:15:00,-1,581.6,582.35,pivot,-0.75,0.1349185,-1.0849185,-34174.93275,1.0,2025-10-30,580.85,581.85,580.3,0.0,581.55,582.6,581.5,0.0,2025,0.0,0.0,0.0,0.0,0.0,0.0,0.0,0.0,0.0,0.0,0.0,0.0,0.0,0.0,0.0,1.0,1.0,1.0,0,11,3,10,127.51870664886384,0.1136844656538245,-1.048217162960602,0.1136844656538245,0.8863155343461754,7.02589247022912e-05,8.950528879175663e-05,0.0013984216666927,True,196.28219889244903,0.5871550316422562,0.1699414150324587,0.5871550316422562,0.4128449683577437,0.0002569656775776,0.0002579621072494,0.0025357036606243,True,129.5494961841305,0.3789259354520243,-0.2316608046503204,0.3789259354520243,0.6210740645479758,0.0006146086288828,0.0005691347642167,0.0035713579510911,True,35.83066414362596,0.898272630012519,1.2376987427096935,0.898272630012519,0.101727369987481,0.0007046779508219,0.0008505062962715,0.0048259727462368,True,0.8863155343461754,0.1136844656538245,-1.048217162960602,0.4128449683577437,0.5871550316422562,0.1699414150324587,0.6210740645479758,0.3789259354520243,-0.2316608046503204,0.101727369987481,0.898272630012519,1.2376987427096935,1,0,0,0.0,1,1,1,1,,0,1,1,0,1,0,0,0.7726310686923509,1.048217162960602,-0.17431006328451254,0.1699414150324587,0.24214812909595146,0.2316608046503204,-0.796545260025038,1.2376987427096935,0.7585986,0.679114807442865,0.54533124
2025-11-04 10:35:00,2025-11-04 11:10:00,-1,591.45,588.6,pivot,2.8500000000000227,0.1354015,2.5145985000000226,79209.85275000072,1.0,2025-11-04,590.35,592.1,590.1,0.0,588.4,588.85,587.8,0.0,2025,0.0,0.0,0.0,0.0,0.0,0.0,0.0,0.0,0.0,0.0,0.0,0.0,0.0,0.0,0.0,1.0,1.0,0.0,1,10,1,11,98.64721325505964,0.0914397129733058,-1.1992241033809796,0.0914397129733058,0.908560287026694,8.3840013482943e-05,0.0001029321633674,0.0014971426127216,True,92.45517399485212,0.1703595370007198,-0.7870505167392291,0.1703595370007198,0.8296404629992802,0.0002912083604343,0.0002965782769801,0.0027420678466085,True,32.4504452580074,0.0853419581244652,-1.3445202203456157,0.0853419581244652,0.9146580418755348,0.0006967905709803,0.0005924011156426,0.003834477280292,True,18.8272230330456,0.0829325063744334,-1.410251265815844,0.0829325063744334,0.9170674936255666,0.0009234459232213,0.0009024949257671,0.0051896612228529,True,0.908560287026694,0.0914397129733058,-1.1992241033809796,0.8296404629992802,0.1703595370007198,-0.7870505167392291,0.9146580418755348,0.0853419581244652,-1.3445202203456157,0.9170674936255666,0.0829325063744334,-1.410251265815844,1,0,0,0.0,1,1,1,1,,0,1,1,0,1,0,0,0.8171205740533882,1.1992241033809796,0.6592809259985604,0.7870505167392291,0.8293160837510696,1.3445202203456157,0.8341349872511332,1.410251265815844,0.799228,0.49126531690401815,0.5402202
2025-11-04 12:25:00,2025-11-04 14:35:00,1,587.8,586.6,pivot,-1.1999999999999318,0.135232,-1.5352319999999318,-48359.80799999785,1.0,2025-11-04,589.15,589.2,587.0,0.0,586.2,586.65,585.9,0.0,2025,0.0,0.0,0.0,0.0,0.0,0.0,0.0,0.0,0.0,0.0,0.0,0.0,0.0,0.0,0.0,1.0,1.0,1.0,0,12,1,11,74.54076188199518,0.9339998010864136,1.4067295021435622,0.9339998010864136,0.0660001989135863,8.3840013482943e-05,0.0001029321633674,0.0014971426127216,True,182.8206813740021,0.5896512400720041,0.1705011962895596,0.5896512400720041,0.4103487599279959,0.0002912083604343,0.0002965782769801,0.0027420678466085,True,14.687879789583745,0.9652565504583962,1.867416558539652,0.9652565504583962,0.0347434495416038,0.0006967905709803,0.0005924011156426,0.003834477280292,True,63.24070794573197,0.7411261565726514,0.5962391053832357,0.7411261565726514,0.2588738434273486,0.0009234459232213,0.0009024949257671,0.0051896612228529,True,0.9339998010864136,0.0660001989135863,-1.4067295021435622,0.5896512400720041,0.4103487599279959,-0.1705011962895596,0.9652565504583962,0.0347434495416038,-1.867416558539652,0.7411261565726514,0.2588738434273486,-0.5962391053832357,1,0,0,0.0,1,1,1,1,,0,1,0,1,1,0,0,0.8679996021728272,1.4067295021435622,0.17930248014400818,0.1705011962895596,0.9305131009167924,1.867416558539652,0.48225231314530276,0.5962391053832357,0.79688346,0.5638977663940712,0.54695326
2025-11-05 10:30:00,2025-11-05 10:35:00,-1,547.3,545.4,pivot,1.8999999999999773,0.132781,1.5672189999999773,49367.39849999928,1.0,2025-11-05,545.3,547.9,544.4,0.0,545.3,548.8,544.85,0.0,2025,0.0,0.0,0.0,0.0,0.0,0.0,0.0,0.0,0.0,0.0,0.0,0.0,0.0,0.0,0.0,1.0,0.0,0.0,1,10,2,11,11.57014901907958,0.0104569296994004,-2.605647325302539,0.0104569296994004,0.9895430703005996,8.587491115869308e-05,9.366134021475595e-05,0.0014760289780654,True,1.131252472540753,0.004465351075125,-3.791709710160642,0.004465351075125,0.995534648924875,0.0002721500108972,0.0002747731334667,0.002719205541585,True,1.2851988832932926,0.0014089825188285,-3.9976152056368166,0.0014089825188285,0.9985910174811716,0.0005575150910191,0.0004400637012708,0.0038663161108995,True,9.904166303098592e-08,0.0,-5.048360602926078,0.0,1.0,0.0009016331111142,0.000787700565421,0.005230560762999,True,0.9895430703005996,0.0104569296994004,-2.605647325302539,0.995534648924875,0.004465351075125,-3.791709710160642,0.9985910174811716,0.0014089825188285,-3.9976152056368166,1.0,0.0,-5.048360602926078,1,0,0,0.0,1,1,1,1,,0,1,1,0,0,1,0,0.9790861406011993,2.605647325302539,0.99106929784975,3.791709710160642,0.9971820349623431,3.9976152056368166,1.0,5.048360602926078,0.87956244,0.5859365077808686,0.5484264
2025-11-05 11:05:00,2025-11-05 11:45:00,1,552.0,558.35,pivot,6.350000000000023,0.1333105,6.016689500000022,189525.7192500007,1.0,2025-11-05,555.25,556.05,551.9,0.0,558.45,560.0,558.35,0.0,2025,0.0,0.0,0.0,0.0,0.0,0.0,0.0,0.0,0.0,0.0,0.0,0.0,0.0,0.0,0.0,1.0,1.0,1.0,1,11,2,11,3.112805074620612,0.9989302701235352,3.9750838615995288,0.9989302701235352,0.0010697298764648,8.587491115869308e-05,9.366134021475595e-05,0.0014760289780654,True,29.723318468714496,0.94930131171272,1.6250334211697777,0.94930131171272,0.05069868828728,0.0002721500108972,0.0002747731334667,0.002719205541585,True,3.997855766491386e-07,0.9999999999358784,4.563076746755047,0.9999999999358784,6.412170794334314e-11,0.0005575150910191,0.0004400637012708,0.0038663161108995,True,26.30021418563968,0.922033146572432,1.353097316163662,0.922033146572432,0.0779668534275679,0.0009016331111142,0.000787700565421,0.005230560762999,True,0.9989302701235352,0.0010697298764648,-3.9750838615995288,0.94930131171272,0.05069868828728,-1.6250334211697777,0.9999999999358784,6.412170794334314e-11,-4.563076746755047,0.922033146572432,0.0779668534275679,-1.353097316163662,1,0,0,0.0,1,1,1,1,,0,1,1,0,1,0,0,0.9978605402470704,3.9750838615995288,0.8986026234254401,1.6250334211697777,0.9999999998717567,4.563076746755047,0.844066293144864,1.353097316163662,0.91800976,0.56788198416733,0.55383056
2025-11-05 13:00:00,2025-11-05 13:30:00,-1,568.3,565.75,pivot,2.5499999999999545,0.1340215,2.2159784999999546,69803.32274999857,1.0,2025-11-05,566.95,568.35,566.45,0.0,564.4,565.9,563.15,0.0,2025,0.0,0.0,0.0,0.0,0.0,0.0,0.0,0.0,0.0,0.0,0.0,0.0,0.0,0.0,0.0,1.0,1.0,2.0,1,13,2,11,36.8929745854966,0.0420085803394073,-1.73436368332046,0.0420085803394073,0.9579914196605926,8.587491115869308e-05,9.366134021475595e-05,0.0014760289780654,True,37.87647618901533,0.0742653815078573,-1.3637543817514697,0.0742653815078573,0.9257346184921428,0.0002721500108972,0.0002747731334667,0.002719205541585,True,111.5673649960124,0.3919360210719034,-0.205044353781241,0.3919360210719034,0.6080639789280966,0.0005575150910191,0.0004400637012708,0.0038663161108995,True,32.504511396877206,0.904288899494874,1.2370094421587132,0.904288899494874,0.0957111005051258,0.0009016331111142,0.000787700565421,0.005230560762999,True,0.9579914196605926,0.0420085803394073,-1.73436368332046,0.9257346184921428,0.0742653815078573,-1.3637543817514697,0.6080639789280966,0.3919360210719034,-0.205044353781241,0.0957111005051258,0.904288899494874,1.2370094421587132,1,0,0,0.0,1,1,1,1,,0,1,0,1,1,0,0,0.9159828393211853,1.73436368332046,0.8514692369842854,1.3637543817514697,0.2161279578561932,0.205044353781241,-0.8085777989897482,1.2370094421587132,0.8577745,0.5775001980011711,0.53493416
2025-11-05 13:30:00,2025-11-05 14:10:00,-1,565.75,563.45,pivot,2.2999999999999545,0.133876,1.966123999999955,61932.90599999858,1.0,2025-11-05,564.4,565.9,563.15,0.0,564.2,564.75,563.45,0.0,2025,0.0,0.0,0.0,0.0,0.0,0.0,0.0,0.0,0.0,0.0,0.0,0.0,0.0,0.0,0.0,1.0,1.0,1.0,1,13,2,11,36.43153021887774,0.0415980763452897,-1.7419036260334015,0.0415980763452897,0.9584019236547102,8.587491115869308e-05,9.366134021475595e-05,0.0014760289780654,True,60.565258728563606,0.8987789701518916,1.204435008185509,0.8987789701518916,0.1012210298481084,0.0002721500108972,0.0002747731334667,0.002719205541585,True,37.167602842667606,0.0937442249656987,-1.2797608882812264,0.0937442249656987,0.9062557750343012,0.0005575150910191,0.0004400637012708,0.0038663161108995,True,31.61440360676661,0.1309778722714899,-1.079865017871442,0.1309778722714899,0.8690221277285101,0.0009016331111142,0.000787700565421,0.005230560762999,True,0.9584019236547102,0.0415980763452897,-1.7419036260334015,0.1012210298481084,0.8987789701518916,1.204435008185509,0.9062557750343012,0.0937442249656987,-1.2797608882812264,0.8690221277285101,0.1309778722714899,-1.079865017871442,1,0,0,0.0,1,1,1,1,,0,1,0,1,1,0,0,0.9168038473094205,1.7419036260334015,-0.7975579403037831,1.204435008185509,0.8125115500686025,1.2797608882812264,0.7380442554570201,1.079865017871442,0.80475056,0.5398099570767386,0.5262501
2025-11-05 14:35:00,2025-11-05 15:10:00,-1,566.15,562.45,pivot,3.699999999999932,0.133858,3.3661419999999316,106033.47299999784,1.0,2025-11-05,565.25,566.15,564.7,0.0,563.75,563.9,562.3,0.0,2025,0.0,0.0,0.0,0.0,0.0,0.0,0.0,0.0,0.0,0.0,0.0,0.0,0.0,0.0,0.0,1.0,1.0,1.0,1,14,2,11,110.86877520072868,0.10344643469507,-1.1413129194739222,0.10344643469507,0.8965535653049299,8.587491115869308e-05,9.366134021475595e-05,0.0014760289780654,True,161.14939305483682,0.6583820506667161,0.3220875332259809,0.6583820506667161,0.3416179493332839,0.0002721500108972,0.0002747731334667,0.002719205541585,True,81.31538873843147,0.773811375947916,0.6881780745957428,0.773811375947916,0.2261886240520839,0.0005575150910191,0.0004400637012708,0.0038663161108995,True,84.3108117209296,0.5911072459746417,0.2218188566722395,0.5911072459746417,0.4088927540253583,0.0009016331111142,0.000787700565421,0.005230560762999,True,0.8965535653049299,0.10344643469507,-1.1413129194739222,0.3416179493332839,0.6583820506667161,0.3220875332259809,0.2261886240520839,0.773811375947916,0.6881780745957428,0.4088927540253583,0.5911072459746417,0.2218188566722395,1,0,0,0.0,1,1,1,1,,0,1,0,1,1,0,0,0.7931071306098599,1.1413129194739222,-0.3167641013334322,0.3220875332259809,-0.5476227518958321,0.6881780745957428,-0.1822144919492834,0.2218188566722395,0.7038509,0.6243235971989597,0.49596977
2025-11-07 10:45:00,2025-11-07 11:10:00,-1,562.1,559.1,pivot,3.0,0.133636,2.666364,83990.466,1.0,2025-11-07,560.75,562.95,560.6,0.0,557.3,559.6,557.25,0.0,2025,0.0,0.0,0.0,0.0,0.0,0.0,0.0,0.0,0.0,0.0,0.0,0.0,0.0,0.0,0.0,1.0,1.0,0.0,1,10,4,11,60.98382083168849,0.0789280016129505,-1.2484871648315494,0.0789280016129505,0.9210719983870496,4.753663780343021e-05,2.26046729396657e-05,0.0018728628105227,True,118.62664771540854,0.705784572082194,0.4438143066695771,0.705784572082194,0.2942154279178059,0.0001881146737551,8.858538653459356e-05,0.0034196673806347,True,87.89093425628569,0.3246097824021783,-0.326098421663712,0.3246097824021783,0.6753902175978217,0.0005124633016126,0.0002960202273775,0.0047334477662677,True,4.03548271673649,0.0182049512901654,-2.2455937726938977,0.0182049512901654,0.9817950487098346,0.0008672629547924,0.0008014615435572,0.0061167479738221,True,0.9210719983870496,0.0789280016129505,-1.2484871648315494,0.2942154279178059,0.705784572082194,0.4438143066695771,0.6753902175978217,0.3246097824021783,-0.326098421663712,0.9817950487098346,0.0182049512901654,-2.2455937726938977,1,0,0,0.0,1,1,1,1,,0,1,1,0,1,0,0,0.8421439967740991,1.2484871648315494,-0.4115691441643881,0.4438143066695771,0.3507804351956434,0.326098421663712,0.9635900974196692,2.2455937726938977,0.8296699,0.5852674699600361,0.4913842
2025-11-07 11:10:00,2025-11-07 11:45:00,-1,559.1,556.15,pivot,2.950000000000045,0.1334575,2.6165425000000457,82421.08875000144,1.0,2025-11-07,557.3,559.6,557.25,0.0,556.5,557.7,555.8,0.0,2025,0.0,0.0,0.0,0.0,0.0,0.0,0.0,0.0,0.0,0.0,0.0,0.0,0.0,0.0,0.0,1.0,1.0,0.0,1,11,4,11,30.34210483259124,0.0400376333130508,-1.7338473014702078,0.0400376333130508,0.9599623666869492,4.753663780343021e-05,2.26046729396657e-05,0.0018728628105227,True,12.655006099469988,0.0421815626703432,-1.8827506261972728,0.0421815626703432,0.9578184373296568,0.0001881146737551,8.858538653459356e-05,0.0034196673806347,True,9.6839153640597,0.0378175376310505,-1.8555480050471025,0.0378175376310505,0.9621824623689494,0.0005124633016126,0.0002960202273775,0.0047334477662677,True,11.094728257456437,0.0360050486186389,-1.83819727572433,0.0360050486186389,0.963994951381361,0.0008672629547924,0.0008014615435572,0.0061167479738221,True,0.9599623666869492,0.0400376333130508,-1.7338473014702078,0.9578184373296568,0.0421815626703432,-1.8827506261972728,0.9621824623689494,0.0378175376310505,-1.8555480050471025,0.963994951381361,0.0360050486186389,-1.83819727572433,1,0,0,0.0,1,1,1,1,,0,1,1,0,1,0,0,0.9199247333738985,1.7338473014702078,0.9156368746593135,1.8827506261972728,0.9243649247378989,1.8555480050471025,0.9279899027627221,1.83819727572433,0.88661075,0.5208098753787028,0.49129924
2025-11-07 12:10:00,2025-11-07 12:15:00,-1,556.15,555.45,pivot,0.6999999999999318,0.133348,0.36665199999993175,11549.53799999785,1.0,2025-11-07,555.4,556.75,555.1,0.0,554.05,555.65,553.8,0.0,2025,0.0,0.0,0.0,0.0,0.0,0.0,0.0,0.0,0.0,0.0,0.0,0.0,0.0,0.0,0.0,1.0,1.0,1.0,1,12,4,11,139.61368530126478,0.1732911553532513,-0.7326066973885089,0.1732911553532513,0.8267088446467487,4.753663780343021e-05,2.26046729396657e-05,0.0018728628105227,True,102.22788335402102,0.2388624376776547,-0.5256660714210495,0.2388624376776547,0.7611375623223453,0.0001881146737551,8.858538653459356e-05,0.0034196673806347,True,89.15133249924715,0.331537790434675,-0.3096397577203861,0.331537790434675,0.668462209565325,0.0005124633016126,0.0002960202273775,0.0047334477662677,True,45.48457966926054,0.2015840209202206,-0.6893501684873057,0.2015840209202206,0.7984159790797793,0.0008672629547924,0.0008014615435572,0.0061167479738221,True,0.8267088446467487,0.1732911553532513,-0.7326066973885089,0.7611375623223453,0.2388624376776547,-0.5256660714210495,0.668462209565325,0.331537790434675,-0.3096397577203861,0.7984159790797793,0.2015840209202206,-0.6893501684873057,1,0,0,0.0,1,1,1,1,,0,1,0,1,1,0,0,0.6534176892934973,0.7326066973885089,0.5222751246446906,0.5256660714210495,0.33692441913064997,0.3096397577203861,0.5968319581595587,0.6893501684873057,0.7345665,0.5226264771737202,0.50543237
2025-11-07 14:30:00,2025-11-07 14:40:00,1,554.35,557.75,pivot,3.3999999999999773,0.133363,3.0666369999999774,96599.06549999928,1.0,2025-11-07,556.65,557.0,554.1,0.0,558.25,558.5,556.95,0.0,2025,0.0,0.0,0.0,0.0,0.0,0.0,0.0,0.0,0.0,0.0,0.0,0.0,0.0,0.0,0.0,1.0,1.0,1.0,1,14,4,11,11.653265090263874,0.9797451921743756,2.246835727835975,0.9797451921743756,0.0202548078256245,4.753663780343021e-05,2.26046729396657e-05,0.0018728628105227,True,160.1680400793766,0.4986437781898737,0.026633247859921,0.4986437781898737,0.5013562218101263,0.0001881146737551,8.858538653459356e-05,0.0034196673806347,True,43.98180116396498,0.8762727789923643,1.0409610143175645,0.8762727789923643,0.1237272210076356,0.0005124633016126,0.0002960202273775,0.0047334477662677,True,21.26773565768105,0.9144726039162464,1.2848239695177732,0.9144726039162464,0.0855273960837537,0.0008672629547924,0.0008014615435572,0.0061167479738221,True,0.9797451921743756,0.0202548078256245,-2.246835727835975,0.4986437781898737,0.5013562218101263,-0.026633247859921,0.8762727789923643,0.1237272210076356,-1.0409610143175645,0.9144726039162464,0.0855273960837537,-1.2848239695177732,1,0,0,0.0,1,1,1,1,,0,1,0,1,1,0,0,0.9594903843487511,2.246835727835975,-0.0027124436202525803,0.026633247859921,0.7525455579847288,1.0409610143175645,0.8289452078324927,1.2848239695177732,0.92749447,0.5952624172108519,0.5308456
2025-11-11 11:00:00,2025-11-11 11:45:00,-1,589.55,585.65,pivot,3.899999999999977,0.135256,3.564743999999977,112289.43599999927,1.0,2025-11-11,588.5,590.15,588.45,0.0,585.7,586.45,585.5,0.0,2025,0.0,0.0,0.0,0.0,0.0,0.0,0.0,0.0,0.0,0.0,0.0,0.0,0.0,0.0,0.0,1.0,1.0,1.0,1,11,1,11,105.0088135435949,0.1320512336502069,-0.9309491303535508,0.1320512336502069,0.8679487663497931,4.259445900944493e-05,2.8412800923603404e-05,0.0019453481014442,True,26.88380929989523,0.0733668706190985,-1.3903870813670165,0.0733668706190985,0.9266331293809016,0.0001701395017479,8.201064563683244e-05,0.003412016563606,True,24.141879713518183,0.0817274281106008,-1.2699614823525875,0.0817274281106008,0.9182725718893991,0.0004343392664913,0.0002141460919039,0.0048378272577187,True,18.45207606960913,0.0686678693247171,-1.4869115024060828,0.0686678693247171,0.9313321306752828,0.0005737072518175,0.0005098818388232,0.0063726169666575,True,0.8679487663497931,0.1320512336502069,-0.9309491303535508,0.9266331293809016,0.0733668706190985,-1.3903870813670165,0.9182725718893991,0.0817274281106008,-1.2699614823525875,0.9313321306752828,0.0686678693247171,-1.4869115024060828,1,0,0,0.0,1,1,1,1,,0,1,1,0,1,0,0,0.7358975326995862,0.9309491303535508,0.8532662587618031,1.3903870813670165,0.8365451437787983,1.2699614823525875,0.8626642613505656,1.4869115024060828,0.72709775,0.4792898671519426,0.4914828
2025-11-11 14:35:00,2025-11-11 14:45:00,1,578.1,579.15,pivot,1.0499999999999543,0.1347175,0.7152824999999545,22531.398749998567,1.0,2025-11-11,579.2,579.55,576.95,0.0,581.1,581.4,578.6,0.0,2025,0.0,0.0,0.0,0.0,0.0,0.0,0.0,0.0,0.0,0.0,0.0,0.0,0.0,0.0,0.0,1.0,1.0,0.0,1,14,1,11,103.21627196554084,0.8754439563551432,0.9513820290873002,0.8754439563551432,0.1245560436448568,4.262757247960177e-05,3.144154834490784e-05,0.001965073311848,True,74.41954756801493,0.8336537219929757,0.8330502659182126,0.8336537219929757,0.1663462780070242,0.0001638145703568,7.77304347510206e-05,0.0034351687501748,True,93.17192774283993,0.6289685023301237,0.3038789376778018,0.6289685023301237,0.3710314976698763,0.0003270864730724,0.0001798685353504,0.0048100451968716,True,40.20068767470119,0.188328861800757,-0.7969792874492783,0.188328861800757,0.811671138199243,0.0004997956177466,0.000397832133971,0.0063346724370297,True,0.8754439563551432,0.1245560436448568,-0.9513820290873002,0.8336537219929757,0.1663462780070242,-0.8330502659182126,0.6289685023301237,0.3710314976698763,-0.3038789376778018,0.188328861800757,0.811671138199243,0.7969792874492783,1,0,0,0.0,1,1,1,1,,0,1,0,1,1,0,0,0.7508879127102863,0.9513820290873002,0.6673074439859515,0.8330502659182126,0.2579370046602474,0.3038789376778018,-0.6233422763984859,0.7969792874492783,0.7683018,0.7207701107849511,0.50075483
2025-11-11 14:45:00,2025-11-11 15:10:00,1,579.15,580.1,pivot,0.9500000000000456,0.1347775,0.6152225000000455,19379.508750001434,1.0,2025-11-11,581.1,581.4,578.6,0.0,580.25,581.3,579.75,0.0,2025,0.0,0.0,0.0,0.0,0.0,0.0,0.0,0.0,0.0,0.0,0.0,0.0,0.0,0.0,0.0,1.0,1.0,1.0,1,14,1,11,25.43425957741019,0.9612793703514751,1.7824209820622487,0.9612793703514751,0.0387206296485248,4.262757247960177e-05,3.144154834490784e-05,0.001965073311848,True,28.07681688454773,0.9431473826277664,1.484138023093905,0.9431473826277664,0.0568526173722334,0.0001638145703568,7.77304347510206e-05,0.0034351687501748,True,34.48775448862843,0.9025759702986385,1.2005794915269925,0.9025759702986385,0.0974240297013615,0.0003270864730724,0.0001798685353504,0.0048100451968716,True,66.0958193959377,0.3585562735910432,-0.2935442139086244,0.3585562735910432,0.6414437264089567,0.0004997956177466,0.000397832133971,0.0063346724370297,True,0.9612793703514751,0.0387206296485248,-1.7824209820622487,0.9431473826277664,0.0568526173722334,-1.484138023093905,0.9025759702986385,0.0974240297013615,-1.2005794915269925,0.3585562735910432,0.6414437264089567,0.2935442139086244,1,0,0,0.0,1,1,1,1,,0,1,0,1,1,0,0,0.9225587407029503,1.7824209820622487,0.8862947652555331,1.484138023093905,0.8051519405972769,1.2005794915269925,-0.28288745281791355,0.2935442139086244,0.90060157,0.4873703767299958,0.5000504
2025-11-12 12:00:00,2025-11-12 12:30:00,-1,585.9,585.85,pivot,0.0499999999999545,0.1351525,-0.2851525000000455,-8982.303750001432,1.0,2025-11-12,585.45,585.9,584.8,0.0,586.05,586.45,585.45,0.0,2025,0.0,0.0,0.0,0.0,0.0,0.0,0.0,0.0,0.0,0.0,0.0,0.0,0.0,0.0,0.0,1.0,1.0,1.0,0,12,2,11,223.0100670100946,0.3109454256874215,-0.363570846679435,0.3109454256874215,0.6890545743125784,4.262757247960177e-05,3.144154834490784e-05,0.001965073311848,True,157.70805357545254,0.4739957316464491,-0.0226278358951259,0.4739957316464491,0.5260042683535509,0.0001638145703568,7.77304347510206e-05,0.0034351687501748,True,44.20787663004937,0.1334954285274927,-0.9586322682916152,0.1334954285274927,0.8665045714725073,0.0003270864730724,0.0001798685353504,0.0048100451968716,True,69.72789473291826,0.3941501141343282,-0.2110352870710947,0.3941501141343282,0.6058498858656718,0.0004997956177466,0.000397832133971,0.0063346724370297,True,0.6890545743125784,0.3109454256874215,-0.363570846679435,0.5260042683535509,0.4739957316464491,-0.0226278358951259,0.8665045714725073,0.1334954285274927,-0.9586322682916152,0.6058498858656718,0.3941501141343282,-0.2110352870710947,1,0,0,0.0,1,1,1,1,,0,1,0,1,1,0,0,0.37810914862515693,0.363570846679435,0.05200853670710176,0.0226278358951259,0.7330091429450145,0.9586322682916152,0.21169977173134358,0.2110352870710947,0.70651525,0.5956471405675272,0.4917089
2025-11-12 13:15:00,2025-11-12 14:10:00,-1,586.5,587.05,pivot,-0.5499999999999545,0.1352065,-0.8852064999999545,-27884.004749998567,1.0,2025-11-12,585.9,586.6,585.55,0.0,587.05,587.35,586.85,0.0,2025,0.0,0.0,0.0,0.0,0.0,0.0,0.0,0.0,0.0,0.0,0.0,0.0,0.0,0.0,0.0,1.0,1.0,1.0,0,13,2,11,190.9939399708525,0.2578528432271623,-0.4934818254715247,0.2578528432271623,0.7421471567728377,4.262757247960177e-05,3.144154834490784e-05,0.001965073311848,True,121.19306386940382,0.3038512306170846,-0.3702177447015087,0.3038512306170846,0.6961487693829154,0.0001638145703568,7.77304347510206e-05,0.0034351687501748,True,85.7647887624297,0.3227702844262873,-0.3565014845493435,0.3227702844262873,0.6772297155737127,0.0003270864730724,0.0001798685353504,0.0048100451968716,True,71.32075208490947,0.412281270830501,-0.1705391342861681,0.412281270830501,0.587718729169499,0.0004997956177466,0.000397832133971,0.0063346724370297,True,0.7421471567728377,0.2578528432271623,-0.4934818254715247,0.6961487693829154,0.3038512306170846,-0.3702177447015087,0.6772297155737127,0.3227702844262873,-0.3565014845493435,0.587718729169499,0.412281270830501,-0.1705391342861681,1,0,0,0.0,1,1,1,1,,0,1,0,1,1,0,0,0.4842943135456754,0.4934818254715247,0.3922975387658308,0.3702177447015087,0.3544594311474254,0.3565014845493435,0.175437458338998,0.1705391342861681,0.756101,0.5289143715681187,0.5485946
2025-11-13 13:30:00,2025-11-13 15:25:00,1,588.95,590.85,pivot,1.8999999999999773,0.135394,1.5646059999999773,49285.08899999929,1.0,2025-11-13,589.75,589.8,588.75,0.0,591.4,591.6,590.7,0.0,2025,0.0,0.0,0.0,0.0,0.0,0.0,0.0,0.0,0.0,0.0,0.0,0.0,0.0,0.0,0.0,1.0,1.0,1.0,1,13,3,11,167.1381849716365,0.7880957100622598,0.63359740752581,0.7880957100622598,0.2119042899377402,1.97149684659078e-05,1.7300944936279733e-05,0.001981121886472,True,43.25271582409276,0.9132207686842376,1.2310293393267342,0.9132207686842376,0.0867792313157624,0.0001873035362995,8.40414494696065e-05,0.0034517451390174,True,47.8174919008156,0.865045898742244,0.9956439200822104,0.865045898742244,0.1349541012577559,0.0004695428595239,0.0002547555264177,0.0047807417858255,True,60.93518671245929,0.7127640722030898,0.4919417245029613,0.7127640722030898,0.2872359277969102,0.0004092478834709,0.0002651658039073,0.0063663334653357,True,0.7880957100622598,0.2119042899377402,-0.63359740752581,0.9132207686842376,0.0867792313157624,-1.2310293393267342,0.865045898742244,0.1349541012577559,-0.9956439200822104,0.7127640722030898,0.2872359277969102,-0.4919417245029613,1,0,0,0.0,1,1,1,1,,0,1,0,1,1,0,0,0.5761914201245195,0.63359740752581,0.8264415373684753,1.2310293393267342,0.7300917974844882,0.9956439200822104,0.4255281444061796,0.4919417245029613,0.7437665,0.5045098524104522,0.5854765
2025-11-19 14:35:00,2025-11-19 15:00:00,-1,552.35,552.05,pivot,0.3000000000000682,0.133132,-0.033131999999931785,-1043.6579999978512,1.0,2025-11-19,551.55,552.65,551.4,0.0,551.8,552.9,551.25,0.0,2025,0.0,0.0,0.0,0.0,0.0,0.0,0.0,0.0,0.0,0.0,0.0,0.0,0.0,0.0,0.0,1.0,1.0,1.0,0,14,2,11,148.71424942837274,0.202166745028503,-0.6809756268820799,0.202166745028503,0.797833254971497,-6.370545383502747e-05,-3.8150289981640993e-05,0.0020724039997929,True,42.19775882881468,0.1025806706499662,-1.117954292569202,0.1025806706499662,0.8974193293500338,-2.402808776735909e-05,-8.435095064771203e-05,0.0035661237649179,True,44.681349176327714,0.135748838481977,-0.9094914435124468,0.135748838481977,0.8642511615180231,1.251726521861061e-05,-0.0001077993485601,0.0049531858067354,True,67.1638933781756,0.3753529071810655,-0.2611135662804941,0.3753529071810655,0.6246470928189345,1.0610437178069548e-05,-7.746829826253851e-05,0.0062940761817381,True,0.797833254971497,0.202166745028503,-0.6809756268820799,0.8974193293500338,0.1025806706499662,-1.117954292569202,0.8642511615180231,0.135748838481977,-0.9094914435124468,0.6246470928189345,0.3753529071810655,-0.2611135662804941,1,0,0,0.0,1,1,1,1,,0,1,0,1,1,0,0,0.5956665099429941,0.6809756268820799,0.7948386587000675,1.117954292569202,0.7285023230360461,0.9094914435124468,0.24929418563786898,0.2611135662804941,0.78772783,0.5302398550964119,0.62012935
2025-11-24 12:15:00,2025-11-24 14:05:00,-1,549.45,541.75,pivot,7.700000000000045,0.132736,7.367264000000046,232068.81600000145,1.0,2025-11-24,548.25,549.45,548.15,0.0,543.65,543.75,541.6,0.0,2025,0.0,0.0,0.0,0.0,0.0,0.0,0.0,0.0,0.0,0.0,0.0,0.0,0.0,0.0,0.0,1.0,1.0,1.0,1,12,0,11,87.69535835651284,0.1193010971842535,-1.0206715407565776,0.1193010971842535,0.8806989028157465,-5.524186847029784e-05,-3.8946851517839546e-05,0.0020147906839194,True,13.645254208052766,0.0376706378997575,-1.810229293684008,0.0376706378997575,0.9623293621002424,-1.468098663667224e-05,-7.491007441906923e-05,0.0034740061860511,True,15.17509987961682,0.0558207724263161,-1.4732290210383494,0.0558207724263161,0.9441792275736838,1.950716336312284e-05,-0.0001147953791175,0.0048564476540577,True,53.32326286240886,0.2603861799604543,-0.566378955760518,0.2603861799604543,0.7396138200395457,9.163574277415596e-06,-6.753543297041386e-05,0.0063099054780456,True,0.8806989028157465,0.1193010971842535,-1.0206715407565776,0.9623293621002424,0.0376706378997575,-1.810229293684008,0.9441792275736838,0.0558207724263161,-1.4732290210383494,0.7396138200395457,0.2603861799604543,-0.566378955760518,1,0,0,0.0,1,1,1,1,,0,1,0,1,1,0,0,0.761397805631493,1.0206715407565776,0.9246587242004849,1.810229293684008,0.8883584551473677,1.4732290210383494,0.47922764007909135,0.566378955760518,0.87664664,0.5088710408077189,0.63055897
2025-11-24 14:05:00,2025-11-24 14:20:00,1,541.75,544.45,pivot,2.700000000000045,0.132586,2.367414000000046,74573.54100000144,1.0,2025-11-24,543.65,543.75,541.6,0.0,544.9,545.3,544.35,0.0,2025,0.0,0.0,0.0,0.0,0.0,0.0,0.0,0.0,0.0,0.0,0.0,0.0,0.0,0.0,0.0,1.0,1.0,1.0,1,14,0,11,26.200023110218712,0.9595050924548116,1.8027985042878447,0.9595050924548116,0.0404949075451883,-5.524186847029784e-05,-3.8946851517839546e-05,0.0020147906839194,True,142.66908298315505,0.6114411978915428,0.2334332002327991,0.6114411978915428,0.3885588021084571,-1.468098663667224e-05,-7.491007441906923e-05,0.0034740061860511,True,103.49320528666088,0.4884577265874998,0.0047006933106476,0.4884577265874998,0.5115422734125001,1.950716336312284e-05,-0.0001147953791175,0.0048564476540577,True,46.23325539932031,0.2131255476662827,-0.7164085783141356,0.2131255476662827,0.7868744523337173,9.163574277415596e-06,-6.753543297041386e-05,0.0063099054780456,True,0.9595050924548116,0.0404949075451883,-1.8027985042878447,0.6114411978915428,0.3885588021084571,-0.2334332002327991,0.4884577265874998,0.5115422734125001,-0.0047006933106476,0.2131255476662827,0.7868744523337173,0.7164085783141356,1,0,0,0.0,1,1,1,1,,0,1,0,1,1,0,0,0.9190101849096234,1.8027985042878447,0.22288239578308572,0.2334332002327991,-0.02308454682500033,0.0047006933106476,-0.5737489046674347,0.7164085783141356,0.75460804,0.6361568667515473,0.63718545
2025-11-24 14:20:00,2025-11-24 15:45:00,1,544.45,542.5,eod,-1.9500000000000453,0.1326085,-2.2826085000000456,-71902.16775000143,1.0,2025-11-24,544.9,545.3,544.35,0.0,542.5,542.5,542.5,0.0,2025,0.0,0.0,0.0,0.0,0.0,0.0,0.0,0.0,0.0,0.0,0.0,0.0,0.0,0.0,0.0,1.0,1.0,1.0,0,14,0,11,215.2999838006381,0.6951137613440799,0.3838096303140152,0.6951137613440799,0.3048862386559201,-5.524186847029784e-05,-3.8946851517839546e-05,0.0020147906839194,True,92.3376636713935,0.7972436388284531,0.6826540002247595,0.7972436388284531,0.2027563611715469,-1.468098663667224e-05,-7.491007441906923e-05,0.0034740061860511,True,72.81662588695406,0.7715175242361939,0.6481008456873268,0.7715175242361939,0.2284824757638061,1.950716336312284e-05,-0.0001147953791175,0.0048564476540577,True,63.53470668000219,0.7127689227649364,0.4767382768271473,0.7127689227649364,0.2872310772350636,9.163574277415596e-06,-6.753543297041386e-05,0.0063099054780456,True,0.6951137613440799,0.3048862386559201,-0.3838096303140152,0.7972436388284531,0.2027563611715469,-0.6826540002247595,0.7715175242361939,0.2284824757638061,-0.6481008456873268,0.7127689227649364,0.2872310772350636,-0.4767382768271473,1,0,0,0.0,1,1,1,1,,0,1,0,1,1,0,0,0.39022752268815974,0.3838096303140152,0.5944872776569061,0.6826540002247595,0.5430350484723878,0.6481008456873268,0.42553784552987284,0.4767382768271473,0.74172527,0.5173754692212074,0.67075264
2025-11-25 11:05:00,2025-11-25 11:25:00,-1,548.25,547.45,pivot,0.7999999999999545,0.132871,0.4671289999999546,14714.56349999857,1.0,2025-11-25,547.7,548.25,546.9,0.0,546.75,547.7,546.5,0.0,2025,0.0,0.0,0.0,0.0,0.0,0.0,0.0,0.0,0.0,0.0,0.0,0.0,0.0,0.0,0.0,1.0,1.0,1.0,1,11,1,11,190.53110206616,0.264284411957815,-0.4898769969851187,0.264284411957815,0.735715588042185,-0.0001016515008907,-8.069411424989269e-05,0.0020703084903329,True,145.17916111669146,0.4487566233865725,-0.0888525709788399,0.4487566233865725,0.5512433766134275,-0.0001995135391718,-0.0002359289912961,0.0035076775338086,True,82.5507949540447,0.2695356582353433,-0.4567077595013608,0.2695356582353433,0.7304643417646566,-0.0003320192311145,-0.0004385847469055,0.0048288027779106,True,55.81114918698018,0.2832971761512783,-0.5098227267976431,0.2832971761512783,0.7167028238487216,-0.0002937777050786,-0.0004244721957057,0.0061385024146509,True,0.735715588042185,0.264284411957815,-0.4898769969851187,0.5512433766134275,0.4487566233865725,-0.0888525709788399,0.7304643417646566,0.2695356582353433,-0.4567077595013608,0.7167028238487216,0.2832971761512783,-0.5098227267976431,1,0,0,0.0,1,1,1,1,,0,1,1,0,1,0,0,0.47143117608436996,0.4898769969851187,0.10248675322685497,0.0888525709788399,0.46092868352931327,0.4567077595013608,0.43340564769744333,0.5098227267976431,0.70917374,0.49788599701733705,0.6854515
2025-11-26 11:30:00,2025-11-26 12:05:00,-1,554.8,554.75,pivot,0.0499999999999545,0.1332865,-0.28328650000004546,-8923.524750001432,1.0,2025-11-26,553.7,554.85,553.45,0.0,555.35,555.45,554.75,0.0,2025,0.0,0.0,0.0,0.0,0.0,0.0,0.0,0.0,0.0,0.0,0.0,0.0,0.0,0.0,0.0,1.0,1.0,1.0,0,11,2,11,98.33221188452411,0.1384146625502445,-0.919655455404504,0.1384146625502445,0.8615853374497554,-0.0001016515008907,-8.069411424989269e-05,0.0020703084903329,True,93.77611209558398,0.2173435040511938,-0.6269809403062129,0.2173435040511938,0.7826564959488062,-0.0001995135391718,-0.0002359289912961,0.0035076775338086,True,75.86529191022359,0.2431259717630719,-0.5253759894496198,0.2431259717630719,0.7568740282369281,-0.0003320192311145,-0.0004385847469055,0.0048288027779106,True,67.56613275632083,0.3916129844307754,-0.2247992984849385,0.3916129844307754,0.6083870155692246,-0.0002937777050786,-0.0004244721957057,0.0061385024146509,True,0.8615853374497554,0.1384146625502445,-0.919655455404504,0.7826564959488062,0.2173435040511938,-0.6269809403062129,0.7568740282369281,0.2431259717630719,-0.5253759894496198,0.6083870155692246,0.3916129844307754,-0.2247992984849385,1,0,0,0.0,1,1,1,1,,0,1,1,0,1,0,0,0.7231706748995109,0.919655455404504,0.5653129918976123,0.6269809403062129,0.5137480564738561,0.5253759894496198,0.21677403113844917,0.2247992984849385,0.83157355,0.5076513520502443,0.700436
2025-11-27 13:35:00,2025-11-27 13:45:00,1,562.9,563.5,pivot,0.6000000000000227,0.133792,0.26620800000002276,8385.552000000716,1.0,2025-11-27,564.2,564.35,562.9,0.0,563.75,563.9,562.95,0.0,2025,0.0,0.0,0.0,0.0,0.0,0.0,0.0,0.0,0.0,0.0,0.0,0.0,0.0,0.0,0.0,1.0,1.0,1.0,1,13,3,11,63.21880589064608,0.9174757025421636,1.2961874762393686,0.9174757025421636,0.0825242974578363,-6.453110277468196e-05,-3.728907102643808e-05,0.0018084538015615,True,55.24847227321541,0.8923653682990698,1.1080358965987234,0.8923653682990698,0.1076346317009302,-0.0001240708791908,-0.0001190355734059,0.0029913233452283,True,59.97584436233425,0.8508640374245428,0.9477823565883776,0.8508640374245428,0.1491359625754572,-0.0001770671211476,-0.000240289246789,0.0041880055891139,True,73.61298078256964,0.6424204245631014,0.3348295879583587,0.6424204245631014,0.3575795754368985,-0.0003246970894897,-0.0004758897627457,0.0061892452295204,True,0.9174757025421636,0.0825242974578363,-1.2961874762393686,0.8923653682990698,0.1076346317009302,-1.1080358965987234,0.8508640374245428,0.1491359625754572,-0.9477823565883776,0.6424204245631014,0.3575795754368985,-0.3348295879583587,1,0,0,0.0,1,1,1,1,,0,1,0,1,1,0,0,0.8349514050843273,1.2961874762393686,0.7847307365981395,1.1080358965987234,0.7017280748490855,0.9477823565883776,0.28484084912620294,0.3348295879583587,0.86615276,0.48798373930574435,0.70044565
2025-11-28 10:35:00,2025-11-28 10:50:00,-1,557.75,559.3,pivot,-1.5499999999999543,0.1335115,-1.8835114999999545,-59330.612249998565,1.0,2025-11-28,557.4,557.95,557.2,0.0,559.65,560.1,558.8,0.0,2025,0.0,0.0,0.0,0.0,0.0,0.0,0.0,0.0,0.0,0.0,0.0,0.0,0.0,0.0,0.0,1.0,1.0,0.0,0,10,4,11,255.0038078539841,0.3446137230400835,-0.3264828735231181,0.3446137230400835,0.6553862769599166,-6.453110277468196e-05,-3.728907102643808e-05,0.0018084538015615,True,141.28489373019076,0.3343819362593664,-0.3498162384014226,0.3343819362593664,0.6656180637406336,-0.0001240708791908,-0.0001190355734059,0.0029913233452283,True,101.89941164740996,0.6287146545791292,0.2930990490361941,0.6287146545791292,0.3712853454208707,-0.0001770671211476,-0.000240289246789,0.0041880055891139,True,70.74662256790675,0.4459100008204226,-0.0969354983473244,0.4459100008204226,0.5540899991795774,-0.0003246970894897,-0.0004758897627457,0.0061892452295204,True,0.6553862769599166,0.3446137230400835,-0.3264828735231181,0.6656180637406336,0.3343819362593664,-0.3498162384014226,0.3712853454208707,0.6287146545791292,0.2930990490361941,0.5540899991795774,0.4459100008204226,-0.0969354983473244,1,0,0,0.0,1,1,1,1,,0,1,1,0,1,0,0,0.3107725539198331,0.3264828735231181,0.3312361274812672,0.3498162384014226,-0.2574293091582585,0.2930990490361941,0.10817999835915476,0.0969354983473244,0.70033497,0.7063977192727828,0.6902019
2025-11-28 10:50:00,2025-11-28 11:20:00,1,559.3,558.3,pivot,-1.0,0.133528,-1.3335280000000003,-42006.132000000005,1.0,2025-11-28,559.65,560.1,558.8,0.0,558.35,558.7,558.2,0.0,2025,0.0,0.0,0.0,0.0,0.0,0.0,0.0,0.0,0.0,0.0,0.0,0.0,0.0,0.0,0.0,1.0,1.0,1.0,0,10,4,11,229.77890643929263,0.7081611600270832,0.4159780224490258,0.7081611600270832,0.2918388399729168,-6.453110277468196e-05,-3.728907102643808e-05,0.0018084538015615,True,35.74758179188408,0.9298815442236008,1.3865130519743778,0.9298815442236008,0.0701184557763991,-0.0001240708791908,-0.0001190355734059,0.0029913233452283,True,73.96325636103226,0.7926926995479731,0.7410003196768016,0.7926926995479731,0.2073073004520269,-0.0001770671211476,-0.000240289246789,0.0041880055891139,True,74.51775738676994,0.5768891890622835,0.1924108164438623,0.5768891890622835,0.4231108109377165,-0.0003246970894897,-0.0004758897627457,0.0061892452295204,True,0.7081611600270832,0.2918388399729168,-0.4159780224490258,0.9298815442236008,0.0701184557763991,-1.3865130519743778,0.7926926995479731,0.2073073004520269,-0.7410003196768016,0.5768891890622835,0.4231108109377165,-0.1924108164438623,1,0,0,0.0,1,1,1,1,,0,1,1,0,1,0,0,0.41632232005416636,0.4159780224490258,0.8597630884472017,1.3865130519743778,0.5853853990959461,0.7410003196768016,0.15377837812456696,0.1924108164438623,0.7017387,0.5361359953937802,0.7214228
2025-12-01 10:50:00,2025-12-01 11:25:00,1,555.65,554.4,pivot,-1.25,0.1333015,-1.5833015,-49873.99725,1.0,2025-12-01,556.3,556.55,555.5,0.0,554.2,554.75,554.1,0.0,2025,0.0,0.0,0.0,0.0,0.0,0.0,0.0,0.0,0.0,0.0,0.0,0.0,0.0,0.0,0.0,1.0,1.0,1.0,0,10,0,12,171.50357465827034,0.8127228734839618,0.7340931689161125,0.8127228734839618,0.1872771265160382,-5.8463182964510925e-05,-5.9136823583261374e-05,0.0016731585651298,True,22.21012892271308,0.958081084606068,1.705474000931,0.958081084606068,0.041918915393932,-0.0001036827503032,-0.0001322901881956,0.0028244250207812,True,17.48841023533411,0.9642583116307696,1.772528934128908,0.9642583116307696,0.0357416883692304,-0.0002266627289217,-0.0002455257875454,0.003801282957836,True,4.939655445494961,0.9842492177555456,2.350515254039738,0.9842492177555456,0.0157507822444544,-0.0003836682748642,-0.0005280349354589,0.0053409736313165,True,0.8127228734839618,0.1872771265160382,-0.7340931689161125,0.958081084606068,0.041918915393932,-1.705474000931,0.9642583116307696,0.0357416883692304,-1.772528934128908,0.9842492177555456,0.0157507822444544,-2.350515254039738,1,0,0,0.0,1,1,1,1,,0,1,1,0,1,0,0,0.6254457469679235,0.7340931689161125,0.916162169212136,1.705474000931,0.9285166232615392,1.772528934128908,0.9684984355110913,2.350515254039738,0.7335402,0.5206887117770457,0.7374468
2025-12-01 12:55:00,2025-12-01 14:05:00,1,555.7,555.1,pivot,-0.6000000000000227,0.133324,-0.9333240000000227,-29399.706000000715,1.0,2025-12-01,556.25,556.5,555.6,0.0,553.65,555.2,553.45,0.0,2025,0.0,0.0,0.0,0.0,0.0,0.0,0.0,0.0,0.0,0.0,0.0,0.0,0.0,0.0,0.0,1.0,1.0,1.0,0,12,0,12,200.0347362152593,0.7793695859188328,0.626593342679534,0.7793695859188328,0.2206304140811672,-5.8463182964510925e-05,-5.9136823583261374e-05,0.0016731585651298,True,82.55513652684711,0.8516060674998177,0.9071603310189637,0.8516060674998177,0.1483939325001823,-0.0001036827503032,-0.0001322901881956,0.0028244250207812,True,50.577818076986496,0.8878380533025306,1.1308478133284676,0.8878380533025306,0.1121619466974693,-0.0002266627289217,-0.0002455257875454,0.003801282957836,True,62.65947057495423,0.7783725232207557,0.7057209559289476,0.7783725232207557,0.2216274767792443,-0.0003836682748642,-0.0005280349354589,0.0053409736313165,True,0.7793695859188328,0.2206304140811672,-0.626593342679534,0.8516060674998177,0.1483939325001823,-0.9071603310189637,0.8878380533025306,0.1121619466974693,-1.1308478133284676,0.7783725232207557,0.2216274767792443,-0.7057209559289476,1,0,0,0.0,1,1,1,1,,0,1,0,1,1,0,0,0.5587391718376655,0.626593342679534,0.7032121349996354,0.9071603310189637,0.7756761066050614,1.1308478133284676,0.5567450464415113,0.7057209559289476,0.7033152,0.5763459740237692,0.728518
2025-12-01 14:05:00,2025-12-01 14:15:00,-1,555.1,552.6,pivot,2.5,0.133231,2.1667690000000004,68253.22350000001,1.0,2025-12-01,553.65,555.2,553.45,0.0,551.4,553.05,551.3,0.0,2025,0.0,0.0,0.0,0.0,0.0,0.0,0.0,0.0,0.0,0.0,0.0,0.0,0.0,0.0,0.0,1.0,1.0,1.0,1,14,0,12,54.01601960063979,0.0606220195387859,-1.4740651976187416,0.0606220195387859,0.939377980461214,-5.8463182964510925e-05,-5.9136823583261374e-05,0.0016731585651298,True,54.33651415735235,0.0988553077742371,-1.1661154654386283,0.0988553077742371,0.9011446922257628,-0.0001036827503032,-0.0001322901881956,0.0028244250207812,True,44.47965754576708,0.1119527235960374,-1.073315082945249,0.1119527235960374,0.8880472764039625,-0.0002266627289217,-0.0002455257875454,0.003801282957836,True,56.12791006025333,0.2508035828898381,-0.6268078556309656,0.2508035828898381,0.7491964171101619,-0.0003836682748642,-0.0005280349354589,0.0053409736313165,True,0.939377980461214,0.0606220195387859,-1.4740651976187416,0.9011446922257628,0.0988553077742371,-1.1661154654386283,0.8880472764039625,0.1119527235960374,-1.073315082945249,0.7491964171101619,0.2508035828898381,-0.6268078556309656,1,0,0,0.0,1,1,1,1,,0,1,0,1,1,0,0,0.8787559609224281,1.4740651976187416,0.8022893844515256,1.1661154654386283,0.7760945528079252,1.073315082945249,0.4983928342203238,0.6268078556309656,0.8849241,0.451698341997834,0.6977273
2025-12-01 14:15:00,2025-12-01 14:55:00,-1,552.6,553.45,pivot,-0.8500000000000227,0.1331815,-1.1831815000000228,-37270.217250000715,1.0,2025-12-01,551.4,553.05,551.3,0.0,554.0,554.1,553.05,0.0,2025,0.0,0.0,0.0,0.0,0.0,0.0,0.0,0.0,0.0,0.0,0.0,0.0,0.0,0.0,0.0,1.0,1.0,1.0,0,14,0,12,66.24548857932625,0.0763162561937387,-1.318018739911651,0.0763162561937387,0.9236837438062612,-5.8463182964510925e-05,-5.9136823583261374e-05,0.0016731585651298,True,8.143485961065824,0.016245888828528,-2.289106969805792,0.016245888828528,0.983754111171472,-0.0001036827503032,-0.0001322901881956,0.0028244250207812,True,10.397378181505456,0.0244778367669556,-2.026287707754925,0.0244778367669556,0.9755221632330444,-0.0002266627289217,-0.0002455257875454,0.003801282957836,True,24.486642177520665,0.0714299854542649,-1.5239558995356506,0.0714299854542649,0.9285700145457352,-0.0003836682748642,-0.0005280349354589,0.0053409736313165,True,0.9236837438062612,0.0763162561937387,-1.318018739911651,0.983754111171472,0.016245888828528,-2.289106969805792,0.9755221632330444,0.0244778367669556,-2.026287707754925,0.9285700145457352,0.0714299854542649,-1.5239558995356506,1,0,0,0.0,1,1,1,1,,0,1,0,1,1,0,0,0.8473674876125225,1.318018739911651,0.9675082223429441,2.289106969805792,0.9510443264660888,2.026287707754925,0.8571400290914702,1.5239558995356506,0.90644056,0.4806138011799541,0.6934877
2025-12-08 15:15:00,2025-12-08 15:45:00,1,587.7,588.7,eod,1.0,0.135292,0.664708,20938.302,1.0,2025-12-08,588.6,588.7,587.6,0.0,588.7,588.7,588.7,0.0,2025,0.0,0.0,0.0,0.0,0.0,0.0,0.0,0.0,0.0,0.0,0.0,0.0,0.0,0.0,0.0,1.0,1.0,1.0,1,15,0,12,140.1799775776425,0.8716088584777338,0.9536182314582828,0.8716088584777338,0.1283911415222661,-8.393867480631637e-06,-3.4710237424389134e-05,0.0015518354911849,True,23.192867954132648,0.96230881040048,1.7015595701392152,0.96230881040048,0.0376911895995198,-6.078024488503649e-06,-0.0001129977376039,0.0027684643364252,True,34.981030558186454,0.9326000265306654,1.3968898402840095,0.9326000265306654,0.0673999734693345,4.185869646116323e-05,-9.289722707283322e-05,0.0036634180899484,True,37.878476075269056,0.8964301228486128,1.1737892374173038,0.8964301228486128,0.1035698771513872,1.356932978902776e-05,-0.0001085064327192,0.0047367685757111,True,0.8716088584777338,0.1283911415222661,-0.9536182314582828,0.96230881040048,0.0376911895995198,-1.7015595701392152,0.9326000265306654,0.0673999734693345,-1.3968898402840095,0.8964301228486128,0.1035698771513872,-1.1737892374173038,1,0,0,0.0,1,1,1,1,,0,1,0,0,1,0,0,0.7432177169554677,0.9536182314582828,0.9246176208009602,1.7015595701392152,0.865200053061331,1.3968898402840095,0.7928602456972256,1.1737892374173038,0.8510479,0.4641437632929365,0.7052509
2025-12-09 13:05:00,2025-12-09 15:25:00,1,584.5,585.65,pivot,1.1499999999999773,0.1351045,0.8148954999999773,25669.208249999287,1.0,2025-12-09,585.35,585.45,584.3,0.0,585.3,585.9,585.3,0.0,2025,0.0,0.0,0.0,0.0,0.0,0.0,0.0,0.0,0.0,0.0,0.0,0.0,0.0,0.0,0.0,1.0,1.0,1.0,1,13,1,12,125.0847877848726,0.8839886719980614,1.0139187550899216,0.8839886719980614,0.1160113280019385,-8.393867480631637e-06,-3.4710237424389134e-05,0.0015518354911849,True,119.79499075213688,0.795427833502808,0.6893377956092308,0.795427833502808,0.204572166497192,-6.078024488503649e-06,-0.0001129977376039,0.0027684643364252,True,68.53564684311368,0.8426640312658658,0.9128354499895678,0.8426640312658658,0.1573359687341342,4.185869646116323e-05,-9.289722707283322e-05,0.0036634180899484,True,78.70682476211404,0.7268408520105404,0.5645968963715449,0.7268408520105404,0.2731591479894596,1.356932978902776e-05,-0.0001085064327192,0.0047367685757111,True,0.8839886719980614,0.1160113280019385,-1.0139187550899216,0.795427833502808,0.204572166497192,-0.6893377956092308,0.8426640312658658,0.1573359687341342,-0.9128354499895678,0.7268408520105404,0.2731591479894596,-0.5645968963715449,1,0,0,0.0,1,1,1,1,,0,1,0,1,1,0,0,0.7679773439961229,1.0139187550899216,0.590855667005616,0.6893377956092308,0.6853280625317315,0.9128354499895678,0.45368170402108077,0.5645968963715449,0.8290322,0.5278486775857717,0.69345546
2025-12-11 10:55:00,2025-12-11 11:00:00,-1,589.05,588.15,pivot,0.8999999999999773,0.135316,0.5646839999999773,17787.545999999285,1.0,2025-12-11,588.15,589.15,588.1,0.0,588.0,588.55,587.85,0.0,2025,0.0,0.0,0.0,0.0,0.0,0.0,0.0,0.0,0.0,0.0,0.0,0.0,0.0,0.0,0.0,1.0,1.0,1.0,1,10,3,12,108.83563265084588,0.0941503214601021,-1.0744901726274427,0.0941503214601021,0.9058496785398978,-9.09612047540434e-06,-1.3469375773120691e-05,0.0014105135147013,True,41.43084732765253,0.0795692600538956,-1.2815243367775615,0.0795692600538956,0.9204307399461044,2.4057576746399764e-05,-3.721760424631272e-05,0.0024215707809903,True,122.20995132744744,0.269569702115459,-0.5102488125470126,0.269569702115459,0.730430297884541,6.790923560084537e-05,2.252264978028514e-05,0.0032071682103541,True,89.23030297972694,0.3519085964438962,-0.3288379936811499,0.3519085964438962,0.6480914035561038,4.701142011974994e-05,-9.75530197128908e-06,0.0046201990429968,True,0.9058496785398978,0.0941503214601021,-1.0744901726274427,0.9204307399461044,0.0795692600538956,-1.2815243367775615,0.730430297884541,0.269569702115459,-0.5102488125470126,0.6480914035561038,0.3519085964438962,-0.3288379936811499,1,0,0,0.0,1,1,1,1,,0,1,1,0,1,0,0,0.8116993570797957,1.0744901726274427,0.8408614798922087,1.2815243367775615,0.46086059576908195,0.5102488125470126,0.2961828071122076,0.3288379936811499,0.81165886,0.3792807215548447,0.6658158
2025-12-11 12:55:00,2025-12-11 13:00:00,1,582.4,583.0,pivot,0.6000000000000227,0.134962,0.26503800000002276,8348.697000000717,1.0,2025-12-11,583.05,583.1,582.4,0.0,582.45,583.25,582.15,0.0,2025,0.0,0.0,0.0,0.0,0.0,0.0,0.0,0.0,0.0,0.0,0.0,0.0,0.0,0.0,0.0,1.0,1.0,1.0,1,12,3,12,214.4520305621603,0.8191687327835375,0.739496988477797,0.8191687327835375,0.1808312672164624,-9.09612047540434e-06,-1.3469375773120691e-05,0.0014105135147013,True,119.33807797120612,0.8157144422578736,0.7597200352731208,0.8157144422578736,0.1842855577421264,2.4057576746399764e-05,-3.721760424631272e-05,0.0024215707809903,True,101.42271811452991,0.7559379024740465,0.6353707161030068,0.7559379024740465,0.2440620975259535,6.790923560084537e-05,2.252264978028514e-05,0.0032071682103541,True,87.67749775764149,0.662906578045434,0.39224577123409,0.662906578045434,0.337093421954566,4.701142011974994e-05,-9.75530197128908e-06,0.0046201990429968,True,0.8191687327835375,0.1808312672164624,-0.739496988477797,0.8157144422578736,0.1842855577421264,-0.7597200352731208,0.7559379024740465,0.2440620975259535,-0.6353707161030068,0.662906578045434,0.337093421954566,-0.39224577123409,1,0,0,0.0,1,1,1,1,,0,1,0,1,1,0,0,0.6383374655670752,0.739496988477797,0.6314288845157472,0.7597200352731208,0.5118758049480929,0.6353707161030068,0.325813156090868,0.39224577123409,0.7007354,0.4990137404567714,0.66159976
2025-12-15 12:05:00,2025-12-15 13:10:00,-1,577.5,576.85,pivot,0.6499999999999773,0.1346305,0.31536949999997727,9934.139249999283,1.0,2025-12-15,576.1,577.55,575.85,0.0,575.95,577.1,575.85,0.0,2025,0.0,0.0,0.0,0.0,0.0,0.0,0.0,0.0,0.0,0.0,0.0,0.0,0.0,0.0,0.0,1.0,1.0,1.0,1,12,0,12,36.01787781846314,0.0363977869094459,-1.711232297089377,0.0363977869094459,0.963602213090554,-9.09612047540434e-06,-1.3469375773120691e-05,0.0014105135147013,True,24.23530853334468,0.0465922633071925,-1.7014048581567611,0.0465922633071925,0.9534077366928077,2.4057576746399764e-05,-3.721760424631272e-05,0.0024215707809903,True,20.56508621687118,0.0617656379023403,-1.545719976183448,0.0617656379023403,0.9382343620976596,6.790923560084537e-05,2.252264978028514e-05,0.0032071682103541,True,71.8115595467385,0.2435429657008359,-0.6169078621194087,0.2435429657008359,0.7564570342991641,4.701142011974994e-05,-9.75530197128908e-06,0.0046201990429968,True,0.963602213090554,0.0363977869094459,-1.711232297089377,0.9534077366928077,0.0465922633071925,-1.7014048581567611,0.9382343620976596,0.0617656379023403,-1.545719976183448,0.7564570342991641,0.2435429657008359,-0.6169078621194087,1,0,0,0.0,1,1,1,1,,0,1,0,1,1,0,0,0.9272044261811081,1.711232297089377,0.9068154733856152,1.7014048581567611,0.8764687241953193,1.545719976183448,0.5129140685983282,0.6169078621194087,0.8224325,0.43874373975002684,0.6494163
2025-12-17 14:40:00,2025-12-17 14:45:00,1,568.7,570.0,pivot,1.2999999999999543,0.134161,0.9658389999999546,30423.92849999857,1.0,2025-12-17,569.95,570.1,568.65,0.0,570.45,570.6,569.75,0.0,2025,0.0,0.0,0.0,0.0,0.0,0.0,0.0,0.0,0.0,0.0,0.0,0.0,0.0,0.0,0.0,1.0,1.0,1.0,1,14,2,12,42.818121653684216,0.9608875459790248,1.7253340455535429,0.9608875459790248,0.039112454020975,-1.488325557842554e-05,-9.788011270908093e-06,0.0013291890167676,True,17.231861952297344,0.9777296107601208,2.0675737252885464,0.9777296107601208,0.0222703892398792,1.7907837145423122e-05,-5.919674503796636e-05,0.0023252910931645,True,22.179627047020706,0.9613312309670582,1.7980925806187986,0.9613312309670582,0.0386687690329418,1.1301940193701695e-06,-6.076647165745172e-05,0.0031650843945132,True,40.01049551193648,0.9055092075923368,1.224920012824144,0.9055092075923368,0.0944907924076632,3.618172748387416e-05,-0.0001203991303993,0.004478754061892,True,0.9608875459790248,0.039112454020975,-1.7253340455535429,0.9777296107601208,0.0222703892398792,-2.0675737252885464,0.9613312309670582,0.0386687690329418,-1.7980925806187986,0.9055092075923368,0.0944907924076632,-1.224920012824144,1,0,0,0.0,1,1,1,1,,0,1,0,1,1,0,0,0.9217750919580499,1.7253340455535429,0.9554592215202415,2.0675737252885464,0.9226624619341164,1.7980925806187986,0.8110184151846735,1.224920012824144,0.8910757,0.4375610657776212,0.6485313
2025-12-18 10:55:00,2025-12-18 11:25:00,1,566.1,567.7,pivot,1.6000000000000227,0.134014,1.265986000000023,39878.55900000072,1.0,2025-12-18,566.9,567.6,566.1,0.0,567.8,568.0,566.8,0.0,2025,0.0,0.0,0.0,0.0,0.0,0.0,0.0,0.0,0.0,0.0,0.0,0.0,0.0,0.0,0.0,1.0,1.0,1.0,1,10,3,12,140.74494875237846,0.8933001348320199,1.0874334700629211,0.8933001348320199,0.1066998651679801,-1.5451244810120165e-05,2.4474703422479546e-06,0.0012963853478042,True,217.17192848413268,0.5673211365390132,0.1508690340133096,0.5673211365390132,0.4326788634609868,4.846119311439701e-05,1.3754728739934265e-05,0.0022476675095208,True,147.6169239879938,0.6070276996120331,0.242725464240517,0.6070276996120331,0.3929723003879669,9.122176950855102e-05,5.969133207620251e-05,0.0030257009950813,True,39.84422735722225,0.1233205280525595,-1.1107391002149412,0.1233205280525595,0.8766794719474404,0.0001874683555172,1.876104277599086e-05,0.0044526623740092,True,0.8933001348320199,0.1066998651679801,-1.0874334700629211,0.5673211365390132,0.4326788634609868,-0.1508690340133096,0.6070276996120331,0.3929723003879669,-0.242725464240517,0.1233205280525595,0.8766794719474404,1.1107391002149412,1,0,0,0.0,1,1,1,1,,0,1,1,0,1,0,0,0.7866002696640397,1.0874334700629211,0.1346422730780264,0.1508690340133096,0.2140553992240662,0.242725464240517,-0.7533589438948809,1.1107391002149412,0.7101576,0.7090025626670592,0.6267967
2025-12-18 13:20:00,2025-12-18 15:20:00,1,564.0,567.0,pivot,3.0,0.13393,2.66607,83981.205,1.0,2025-12-18,564.8,564.9,563.85,0.0,566.85,567.0,566.65,0.0,2025,0.0,0.0,0.0,0.0,0.0,0.0,0.0,0.0,0.0,0.0,0.0,0.0,0.0,0.0,0.0,1.0,1.0,1.0,1,13,3,12,155.49010880166372,0.8809535683558081,1.0231052518506467,0.8809535683558081,0.1190464316441919,-1.5451244810120165e-05,2.4474703422479546e-06,0.0012963853478042,True,103.87118381631868,0.8445073482225459,0.9006847993205055,0.8445073482225459,0.155492651777454,4.846119311439701e-05,1.3754728739934265e-05,0.0022476675095208,True,72.13684964956907,0.8540380528353094,0.9765547194473272,0.8540380528353094,0.1459619471646905,9.122176950855102e-05,5.969133207620251e-05,0.0030257009950813,True,76.30289051570395,0.7796769884738076,0.7326203096282353,0.7796769884738076,0.2203230115261923,0.0001874683555172,1.876104277599086e-05,0.0044526623740092,True,0.8809535683558081,0.1190464316441919,-1.0231052518506467,0.8445073482225459,0.155492651777454,-0.9006847993205055,0.8540380528353094,0.1459619471646905,-0.9765547194473272,0.7796769884738076,0.2203230115261923,-0.7326203096282353,1,0,0,0.0,1,1,1,1,,0,1,0,1,1,0,0,0.7619071367116161,1.0231052518506467,0.689014696445092,0.9006847993205055,0.708076105670619,0.9765547194473272,0.5593539769476154,0.7326203096282353,0.8443701,0.525429189758371,0.6306644
2025-12-19 12:20:00,2025-12-19 12:35:00,1,569.05,570.55,pivot,1.5,0.134188,1.165812,36723.078,1.0,2025-12-19,570.4,570.5,568.9,0.0,570.25,570.7,569.95,0.0,2025,0.0,0.0,0.0,0.0,0.0,0.0,0.0,0.0,0.0,0.0,0.0,0.0,0.0,0.0,0.0,1.0,1.0,1.0,1,12,4,12,38.79452205074912,0.9661148729262348,1.8302977266901683,0.9661148729262348,0.0338851270737653,-3.0262634704310027e-05,-1.1078367102776435e-05,0.0013006866066512,True,167.6340955285661,0.7277120884949859,0.5262109102403937,0.7277120884949859,0.2722879115050141,1.370407208421154e-05,-5.253264887193141e-05,0.0022666455597044,True,109.65530765998408,0.7624220802564722,0.6540598469923465,0.7624220802564722,0.2375779197435278,9.984241503355712e-05,3.175438166225839e-05,0.0030370458968079,True,97.03236728158396,0.5243291387998916,0.0942411345608018,0.5243291387998916,0.4756708612001084,0.0001874683555172,1.876104277599086e-05,0.0044526623740092,True,0.9661148729262348,0.0338851270737653,-1.8302977266901683,0.7277120884949859,0.2722879115050141,-0.5262109102403937,0.7624220802564722,0.2375779197435278,-0.6540598469923465,0.5243291387998916,0.4756708612001084,-0.0942411345608018,1,0,0,0.0,1,1,1,1,,0,1,0,1,1,0,0,0.9322297458524694,1.8302977266901683,0.45542417698997184,0.5262109102403937,0.5248441605129444,0.6540598469923465,0.04865827759978325,0.0942411345608018,0.87545204,0.505258829852538,0.6190288
2025-12-23 15:05:00,2025-12-23 15:20:00,-1,585.75,585.2,pivot,0.5499999999999545,0.1351285,0.21487149999995456,6768.452249998569,1.0,2025-12-23,584.8,585.75,584.7,0.0,585.05,585.45,584.95,0.0,2025,0.0,0.0,0.0,0.0,0.0,0.0,0.0,0.0,0.0,0.0,0.0,0.0,0.0,0.0,0.0,1.0,1.0,1.0,1,15,1,12,101.429121112268,0.0606263345006405,-1.377507577022738,0.0606263345006405,0.9393736654993594,-2.2082508870436724e-05,2.1001277122752888e-05,0.0011935834378586,True,112.50519710205744,0.1542577875967903,-0.903094722604636,0.1542577875967903,0.8457422124032097,4.9621556307653865e-05,4.754022478718182e-05,0.0020390063824891,True,98.22352425530144,0.2079758391607908,-0.7337988103600064,0.2079758391607908,0.7920241608392091,0.0001556286453279,0.0001031663269297,0.00293411141852,True,90.6536523764022,0.2819748653307786,-0.5191222647253846,0.2819748653307786,0.7180251346692215,0.0001682280372531,0.0001622291751489,0.0040968815801355,True,0.9393736654993594,0.0606263345006405,-1.377507577022738,0.8457422124032097,0.1542577875967903,-0.903094722604636,0.7920241608392091,0.2079758391607908,-0.7337988103600064,0.7180251346692215,0.2819748653307786,-0.5191222647253846,1,0,0,0.0,1,1,1,1,,0,1,0,0,1,0,0,0.8787473309987189,1.377507577022738,0.6914844248064194,0.903094722604636,0.5840483216784184,0.7337988103600064,0.4360502693384429,0.5191222647253846,0.7385097,0.4021599164815989,0.6101816
2025-12-29 14:55:00,2025-12-29 15:20:00,-1,603.55,605.6,pivot,-2.050000000000068,0.1362745,-2.386274500000068,-75167.64675000214,1.0,2025-12-29,602.8,603.65,602.75,0.0,605.85,606.15,605.25,0.0,2025,0.0,0.0,0.0,0.0,0.0,0.0,0.0,0.0,0.0,0.0,0.0,0.0,0.0,0.0,0.0,1.0,1.0,1.0,0,14,0,12,162.46701094898418,0.104017932686657,-1.0912303653763942,0.104017932686657,0.895982067313343,-3.4091437789669685e-05,4.6460900872780365e-06,0.0011437241158996,True,64.41540355431157,0.0787168144107502,-1.320127252917023,0.0787168144107502,0.9212831855892496,-7.308659320716345e-06,-1.328740781832859e-05,0.0019352271833357,True,81.78674523187458,0.1433426015747841,-0.9912899037047818,0.1433426015747841,0.8566573984252158,-8.649755984162394e-06,1.984138470609982e-05,0.0026106136339732,True,57.85788583278623,0.1389511475662318,-1.0204269308951366,0.1389511475662318,0.8610488524337682,0.0001777151533091,0.0002777929672888,0.0037613042994352,True,0.895982067313343,0.104017932686657,-1.0912303653763942,0.9212831855892496,0.0787168144107502,-1.320127252917023,0.8566573984252158,0.1433426015747841,-0.9912899037047818,0.8610488524337682,0.1389511475662318,-1.0204269308951366,1,0,0,0.0,1,1,1,1,,0,1,0,1,1,0,0,0.7919641346266859,1.0912303653763942,0.8425663711784994,1.320127252917023,0.7133147968504318,0.9912899037047818,0.7220977048675363,1.0204269308951366,0.77932775,0.4382486878001543,0.6141374
2025-12-30 12:10:00,2025-12-30 14:00:00,1,607.95,608.9,pivot,0.9499999999999318,0.1365055,0.6134944999999319,19325.076749997854,1.0,2025-12-30,608.55,608.7,607.9,0.0,608.95,609.2,608.65,0.0,2025,0.0,0.0,0.0,0.0,0.0,0.0,0.0,0.0,0.0,0.0,0.0,0.0,0.0,0.0,0.0,1.0,1.0,1.0,1,12,1,12,204.3917063476585,0.8384720102000941,0.8642765866182325,0.8384720102000941,0.1615279897999059,-3.2116885869126754e-05,7.460528763580341e-06,0.001132711523756,True,219.10819257705785,0.6559942027996428,0.3146298945928746,0.6559942027996428,0.3440057972003572,1.982870849763788e-05,4.622806708281876e-05,0.0019428801888921,True,108.4723084348174,0.7849484744411714,0.7451477695327668,0.7849484744411714,0.2150515255588285,0.0001038438135699,0.0001651190856273,0.0026483221628565,True,115.015226353879,0.4813222560650168,-0.0737693835777264,0.4813222560650168,0.5186777439349832,0.0001627293384107,0.0002804129123965,0.0038012099165926,True,0.8384720102000941,0.1615279897999059,-0.8642765866182325,0.6559942027996428,0.3440057972003572,-0.3146298945928746,0.7849484744411714,0.2150515255588285,-0.7451477695327668,0.4813222560650168,0.5186777439349832,0.0737693835777264,1,0,0,0.0,1,1,1,1,,0,1,0,1,1,0,0,0.6769440204001882,0.8642765866182325,0.31198840559928565,0.3146298945928746,0.5698969488823429,0.7451477695327668,-0.03735548786996645,0.0737693835777264,0.7265778,0.48762707537325667,0.63341546
