entry_time,exit_time,direction,entry_px,exit_px,exit_reason,gross_pts,cost_pts,net_pts,net_krw,size_factor,exit_date,entry_close,entry_high,entry_low,entry_volume,exit_close,exit_high,exit_low,exit_volume,year,entry_rsi,entry_macd,entry_macd_signal,entry_macd_hist,entry_atr,entry_supertrend,entry_supertrend_dir,entry_ma5,entry_ma10,entry_ma20,entry_ma60,entry_bb_upper,entry_bb_lower,entry_bb_middle,atr_normalized,volatility_regime,trend_regime,momentum_regime,is_win,entry_hour,entry_dayofweek,entry_month,ret_log_5m_kde_pdf,ret_log_5m_kde_cdf,ret_log_5m_kde_zscore,ret_log_5m_kde_left_tail,ret_log_5m_kde_right_tail,ret_log_5m_kde_median,ret_log_5m_kde_mean,ret_log_5m_kde_std,ret_log_5m_kde_ready,ret_log_15m_kde_pdf,ret_log_15m_kde_cdf,ret_log_15m_kde_zscore,ret_log_15m_kde_left_tail,ret_log_15m_kde_right_tail,ret_log_15m_kde_median,ret_log_15m_kde_mean,ret_log_15m_kde_std,ret_log_15m_kde_ready,ret_log_30m_kde_pdf,ret_log_30m_kde_cdf,ret_log_30m_kde_zscore,ret_log_30m_kde_left_tail,ret_log_30m_kde_right_tail,ret_log_30m_kde_median,ret_log_30m_kde_mean,ret_log_30m_kde_std,ret_log_30m_kde_ready,ret_log_60m_kde_pdf,ret_log_60m_kde_cdf,ret_log_60m_kde_zscore,ret_log_60m_kde_left_tail,ret_log_60m_kde_right_tail,ret_log_60m_kde_median,ret_log_60m_kde_mean,ret_log_60m_kde_std,ret_log_60m_kde_ready,kde_aligned_tail_5m,kde_opposite_tail_5m,kde_aligned_zscore_5m,kde_aligned_tail_15m,kde_opposite_tail_15m,kde_aligned_zscore_15m,kde_aligned_tail_30m,kde_opposite_tail_30m,kde_aligned_zscore_30m,kde_aligned_tail_60m,kde_opposite_tail_60m,kde_aligned_zscore_60m,rsi_oversold,rsi_overbought,macd_bullish,macd_strength,price_above_ma20,price_above_ma60,price_above_ma5,price_above_ma10,bb_position,bb_lower_touch,price_above_st,is_morning,is_afternoon,is_bull,is_neutral,is_bear,kde_tail_spread_5m,kde_zscore_abs_5m,kde_tail_spread_15m,kde_zscore_abs_15m,kde_tail_spread_30m,kde_zscore_abs_30m,kde_tail_spread_60m,kde_zscore_abs_60m,filter_score,entry_score,exit_score
2026-01-08 13:55:00,2026-01-08 14:40:00,1,672.1,671.75,pivot,-0.3500000000000227,0.1403155,-0.6903155000000228,-21744.93825000072,1.0,2026-01-08,672.8,672.95,671.85,0.0,670.4,671.95,669.45,0.0,2026,0.0,0.0,0.0,0.0,0.0,0.0,0.0,0.0,0.0,0.0,0.0,0.0,0.0,0.0,0.0,1.0,1.0,1.0,0,13,3,1,186.2947629274696,0.8323563061951953,0.7984228200722664,0.8323563061951953,0.1676436938048047,2.7867210116342785e-05,7.263949846256751e-05,0.0013059830166477,True,18.323363110401203,0.974963960932122,2.033045765049553,0.974963960932122,0.0250360390678781,0.0001241872819805,0.0001863209543834,0.0022901318026483,True,46.95208892686236,0.9046587416023544,1.2143157838772776,0.9046587416023544,0.0953412583976456,0.0002622603965515,0.0002754615096078,0.0032075139068703,True,55.4017236093543,0.8592915653369724,1.0424606504284364,0.8592915653369724,0.1407084346630276,0.0002849412420377,0.0004510769481816,0.003925829990951,True,0.8323563061951953,0.1676436938048047,-0.7984228200722664,0.974963960932122,0.0250360390678781,-2.033045765049553,0.9046587416023544,0.0953412583976456,-1.2143157838772776,0.8592915653369724,0.1407084346630276,-1.0424606504284364,1,0,0,0.0,1,1,1,1,,0,1,0,1,1,0,0,0.6647126123903906,0.7984228200722664,0.9499279218642439,2.033045765049553,0.8093174832047088,1.2143157838772776,0.7185831306739447,1.0424606504284364,0.7062963,0.46971451586012686,0.7349127
2026-01-08 14:40:00,2026-01-08 14:45:00,-1,671.75,670.4,pivot,1.3500000000000227,0.1402645,1.009735500000023,31806.668250000723,1.0,2026-01-08,670.4,671.95,669.45,0.0,669.65,670.8,669.45,0.0,2026,0.0,0.0,0.0,0.0,0.0,0.0,0.0,0.0,0.0,0.0,0.0,0.0,0.0,0.0,0.0,1.0,1.0,1.0,1,14,3,1,44.72457197528268,0.0365180390760913,-1.65298283458761,0.0365180390760913,0.9634819609239088,2.7867210116342785e-05,7.263949846256751e-05,0.0013059830166477,True,16.19934368585701,0.0269448328489671,-1.9013028412276691,0.0269448328489671,0.9730551671510328,0.0001241872819805,0.0001863209543834,0.0022901318026483,True,15.978047489119929,0.0378209382200334,-1.7786998418268054,0.0378209382200334,0.9621790617799664,0.0002622603965515,0.0002754615096078,0.0032075139068703,True,100.63346821423924,0.6050642451516801,0.2082686412812356,0.6050642451516801,0.3949357548483199,0.0002849412420377,0.0004510769481816,0.003925829990951,True,0.9634819609239088,0.0365180390760913,-1.65298283458761,0.9730551671510328,0.0269448328489671,-1.9013028412276691,0.9621790617799664,0.0378209382200334,-1.7786998418268054,0.3949357548483199,0.6050642451516801,0.2082686412812356,1,0,0,0.0,1,1,1,1,,0,1,0,1,1,0,0,0.9269639218478175,1.65298283458761,0.9461103343020657,1.9013028412276691,0.924358123559933,1.7786998418268054,-0.21012849030336023,0.2082686412812356,0.8051406,0.5493925644001003,0.7269825
2026-01-08 14:45:00,2026-01-08 15:05:00,-1,670.4,664.95,pivot,5.449999999999932,0.1400605,5.109939499999933,160963.09424999787,1.0,2026-01-08,669.65,670.8,669.45,0.0,666.05,666.2,664.15,0.0,2026,0.0,0.0,0.0,0.0,0.0,0.0,0.0,0.0,0.0,0.0,0.0,0.0,0.0,0.0,0.0,1.0,1.0,1.0,1,14,3,1,166.68967277791072,0.1284872404142538,-0.9127230737383066,0.1284872404142538,0.8715127595857461,2.7867210116342785e-05,7.263949846256751e-05,0.0013059830166477,True,97.69743583850456,0.1389342594618992,-0.895681064173941,0.1389342594618992,0.8610657405381008,0.0001241872819805,0.0001863209543834,0.0022901318026483,True,12.426837618281176,0.0324572999584838,-1.896330303673868,0.0324572999584838,0.9675427000415162,0.0002622603965515,0.0002754615096078,0.0032075139068703,True,81.87233731071251,0.2067821741621776,-0.7607307602854597,0.2067821741621776,0.7932178258378224,0.0002849412420377,0.0004510769481816,0.003925829990951,True,0.8715127595857461,0.1284872404142538,-0.9127230737383066,0.8610657405381008,0.1389342594618992,-0.895681064173941,0.9675427000415162,0.0324572999584838,-1.896330303673868,0.7932178258378224,0.2067821741621776,-0.7607307602854597,1,0,0,0.0,1,1,1,1,,0,1,0,1,1,0,0,0.7430255191714923,0.9127230737383066,0.7221314810762016,0.895681064173941,0.9350854000830324,1.896330303673868,0.5864356516756448,0.7607307602854597,0.7368633,0.5196648039585158,0.7002217
2026-01-09 12:45:00,2026-01-09 13:30:00,-1,669.95,668.9,pivot,1.0500000000000682,0.1401655,0.7098345000000682,22359.78675000215,1.0,2026-01-09,668.7,670.25,668.55,0.0,670.7,670.8,668.85,0.0,2026,0.0,0.0,0.0,0.0,0.0,0.0,0.0,0.0,0.0,0.0,0.0,0.0,0.0,0.0,0.0,1.0,1.0,1.0,1,12,4,1,63.332585904057176,0.057973835604772,-1.4411896939489386,0.057973835604772,0.942026164395228,4.147837044504242e-05,8.67760275737564e-05,0.0013560530653691,True,165.79335993281072,0.253822900561087,-0.5233505697050096,0.253822900561087,0.746177099438913,0.0001444852537304,0.0002203624166792,0.0024202173596303,True,38.57350422429661,0.0886520807996,-1.1864684598117965,0.0886520807996,0.9113479192004,0.0002822710068152,0.0003428414970908,0.0034341136980588,True,100.27076331619332,0.4516726373161427,-0.0963677473055642,0.4516726373161427,0.5483273626838573,0.0004821308910096,0.0004666486717565,0.004842373976813,True,0.942026164395228,0.057973835604772,-1.4411896939489386,0.746177099438913,0.253822900561087,-0.5233505697050096,0.9113479192004,0.0886520807996,-1.1864684598117965,0.5483273626838573,0.4516726373161427,-0.0963677473055642,1,0,0,0.0,1,1,1,1,,0,1,0,1,1,0,0,0.884052328790456,1.4411896939489386,0.492354198877826,0.5233505697050096,0.8226958384008001,1.1864684598117965,0.09665472536771458,0.0963677473055642,0.8049545,0.5039752047053132,0.673882
2026-01-12 15:10:00,2026-01-12 15:45:00,1,672.25,674.05,eod,1.7999999999999543,0.140389,1.4596109999999545,45977.74649999857,1.0,2026-01-12,673.3,673.55,672.25,0.0,674.05,674.05,674.05,0.0,2026,0.0,0.0,0.0,0.0,0.0,0.0,0.0,0.0,0.0,0.0,0.0,0.0,0.0,0.0,0.0,1.0,1.0,1.0,1,15,0,1,117.71189256205405,0.8835683671380334,1.0748846332131854,0.8835683671380334,0.1164316328619665,5.456760355283967e-05,8.881815655280681e-05,0.0013693397414271,True,47.34450736474562,0.9299946886142212,1.392478945747314,0.9299946886142212,0.0700053113857788,0.0001957354857452,0.0002511188889008,0.0024376035531595,True,9.836796916705056,0.9786055209049932,2.2167418938133427,0.9786055209049932,0.0213944790950069,0.0003889498394054,0.0004468262493136,0.0034648020593838,True,104.34574745227523,0.47901542564103,-0.0621713904493894,0.47901542564103,0.5209845743589699,0.0005731925574912,0.0006702731931226,0.0048076571849044,True,0.8835683671380334,0.1164316328619665,-1.0748846332131854,0.9299946886142212,0.0700053113857788,-1.392478945747314,0.9786055209049932,0.0213944790950069,-2.2167418938133427,0.47901542564103,0.5209845743589699,0.0621713904493894,1,0,0,0.0,1,1,1,1,,0,1,0,0,1,0,0,0.7671367342760669,1.0748846332131854,0.8599893772284424,1.392478945747314,0.9572110418099863,2.2167418938133427,-0.04196914871793994,0.0621713904493894,0.74858266,0.5086929674604082,0.66888463
2026-01-13 10:35:00,2026-01-13 10:45:00,-1,678.7,676.35,pivot,2.3500000000000227,0.1406515,2.009348500000023,63294.47775000072,1.0,2026-01-13,677.45,678.85,676.9,0.0,677.0,677.15,675.8,0.0,2026,0.0,0.0,0.0,0.0,0.0,0.0,0.0,0.0,0.0,0.0,0.0,0.0,0.0,0.0,0.0,1.0,1.0,1.0,1,10,1,1,63.09141459115877,0.0633598647466723,-1.4110980024661244,0.0633598647466723,0.9366401352533276,5.456760355283967e-05,8.881815655280681e-05,0.0013693397414271,True,31.95564725844108,0.0522521044322403,-1.5236303925067214,0.0522521044322403,0.9477478955677596,0.0001957354857452,0.0002511188889008,0.0024376035531595,True,12.589240083575811,0.0415285105560348,-1.764549498560092,0.0415285105560348,0.9584714894439652,0.0003889498394054,0.0004468262493136,0.0034648020593838,True,61.33588317512357,0.1799992532845887,-0.7525851216159319,0.1799992532845887,0.8200007467154112,0.0005731925574912,0.0006702731931226,0.0048076571849044,True,0.9366401352533276,0.0633598647466723,-1.4110980024661244,0.9477478955677596,0.0522521044322403,-1.5236303925067214,0.9584714894439652,0.0415285105560348,-1.764549498560092,0.8200007467154112,0.1799992532845887,-0.7525851216159319,1,0,0,0.0,1,1,1,1,,0,1,1,0,1,0,0,0.8732802705066552,1.4110980024661244,0.8954957911355194,1.5236303925067214,0.9169429788879304,1.764549498560092,0.6400014934308225,0.7525851216159319,0.8286497,0.5161214027992721,0.6500268
2026-01-14 10:40:00,2026-01-14 10:45:00,-1,682.85,680.8,pivot,2.050000000000068,0.1409095,1.7090905000000682,53836.35075000215,1.0,2026-01-14,680.85,683.0,680.75,0.0,679.8,681.25,679.6,0.0,2026,0.0,0.0,0.0,0.0,0.0,0.0,0.0,0.0,0.0,0.0,0.0,0.0,0.0,0.0,0.0,1.0,1.0,1.0,1,10,2,1,20.18722705189717,0.0264722192909185,-2.1193320667725906,0.0264722192909185,0.9735277807090816,3.563015828953326e-05,6.942672633428533e-05,0.0013822279773723,True,4.419142232328459,0.0105270710647354,-2.960456626242049,0.0105270710647354,0.9894729289352644,0.0001517732460397,0.0002130138475477,0.0024449909715497,True,12.29180251219468,0.0384824118189099,-1.8957171449288823,0.0384824118189099,0.96151758818109,0.0003421209649914,0.0003748556136558,0.0034802929696415,True,36.10485055942508,0.1067504644547203,-1.0585622899395848,0.1067504644547203,0.8932495355452796,0.0005778257755604,0.0007103844392475,0.0047553593413489,True,0.9735277807090816,0.0264722192909185,-2.1193320667725906,0.9894729289352644,0.0105270710647354,-2.960456626242049,0.96151758818109,0.0384824118189099,-1.8957171449288823,0.8932495355452796,0.1067504644547203,-1.0585622899395848,1,0,0,0.0,1,1,1,1,,0,1,1,0,1,0,0,0.9470555614181632,2.1193320667725906,0.978945857870529,2.960456626242049,0.9230351763621801,1.8957171449288823,0.7864990710905593,1.0585622899395848,0.8430738,0.605678449942019,0.6534442
2026-01-14 10:45:00,2026-01-14 11:40:00,-1,680.8,680.7,pivot,0.099999999999909,0.140845,-0.24084500000009096,-7586.617500002865,1.0,2026-01-14,679.8,681.25,679.6,0.0,680.5,681.1,680.2,0.0,2026,0.0,0.0,0.0,0.0,0.0,0.0,0.0,0.0,0.0,0.0,0.0,0.0,0.0,0.0,0.0,1.0,1.0,1.0,0,10,2,1,98.85222189918804,0.0915660492915761,-1.1668169515487683,0.0915660492915761,0.908433950708424,3.563015828953326e-05,6.942672633428533e-05,0.0013822279773723,True,3.463238600168153,0.0093249305555349,-3.0843473455791437,0.0093249305555349,0.990675069444465,0.0001517732460397,0.0002130138475477,0.0024449909715497,True,6.522331644682782,0.0253811546275716,-2.297236664730851,0.0253811546275716,0.9746188453724284,0.0003421209649914,0.0003748556136558,0.0034802929696415,True,6.266546285429089,0.0245037925924724,-2.089250498419484,0.0245037925924724,0.9754962074075276,0.0005778257755604,0.0007103844392475,0.0047553593413489,True,0.908433950708424,0.0915660492915761,-1.1668169515487683,0.990675069444465,0.0093249305555349,-3.0843473455791437,0.9746188453724284,0.0253811546275716,-2.297236664730851,0.9754962074075276,0.0245037925924724,-2.089250498419484,1,0,0,0.0,1,1,1,1,,0,1,1,0,1,0,0,0.816867901416848,1.1668169515487683,0.9813501388889302,3.0843473455791437,0.9492376907448568,2.297236664730851,0.9509924148150553,2.089250498419484,0.8209659,0.594595776828978,0.649003
2026-01-16 13:00:00,2026-01-16 13:40:00,-1,706.25,702.25,pivot,4.0,0.142255,3.657745,115218.9675,1.0,2026-01-16,704.95,706.9,704.1,0.0,703.15,703.65,701.8,0.0,2026,0.0,0.0,0.0,0.0,0.0,0.0,0.0,0.0,0.0,0.0,0.0,0.0,0.0,0.0,0.0,1.0,1.0,1.0,1,13,4,1,72.4503418622977,0.0707743278843103,-1.344002317041873,0.0707743278843103,0.9292256721156896,7.969308676563832e-05,0.0001000603108904,0.0013926058534823,True,49.21081432720679,0.0858976364357788,-1.203107159802927,0.0858976364357788,0.9141023635642213,0.0002452670705133,0.0002971848837081,0.0024842225075521,True,33.80990601784263,0.0860374995464509,-1.131442583281532,0.0860374995464509,0.9139625004535492,0.000491740388709,0.0005487852008815,0.0034264318744408,True,98.04741052356924,0.3186973410761327,-0.3897865325227845,0.3186973410761327,0.6813026589238673,0.0006825958849495,0.0008074971326807,0.0047996446054374,True,0.9292256721156896,0.0707743278843103,-1.344002317041873,0.9141023635642213,0.0858976364357788,-1.203107159802927,0.9139625004535492,0.0860374995464509,-1.131442583281532,0.6813026589238673,0.3186973410761327,-0.3897865325227845,1,0,0,0.0,1,1,1,1,,0,1,0,1,1,0,0,0.8584513442313794,1.344002317041873,0.8282047271284425,1.203107159802927,0.8279250009070983,1.131442583281532,0.36260531784773464,0.3897865325227845,0.79504716,0.5708811665239892,0.6454669
2026-01-20 10:25:00,2026-01-20 10:30:00,1,705.8,707.65,pivot,1.8500000000000227,0.1424035,1.5075965000000227,47489.28975000072,1.0,2026-01-20,707.65,707.85,705.6,0.0,708.4,708.9,707.55,0.0,2026,0.0,0.0,0.0,0.0,0.0,0.0,0.0,0.0,0.0,0.0,0.0,0.0,0.0,0.0,0.0,1.0,1.0,1.0,1,10,1,1,48.68202236349453,0.9544669860931072,1.6977236472895294,0.9544669860931072,0.0455330139068927,0.0001077607865721,0.0001269438880869,0.0014253950962017,True,6.7126325817297845,0.9897708280067752,2.777015438171308,0.9897708280067752,0.0102291719932248,0.0003181341618766,0.0003594535196379,0.0025520655167729,True,44.28070772886245,0.8995860103286353,1.1738264244899312,0.8995860103286353,0.1004139896713647,0.0005863213075478,0.0006195875737084,0.0035146864721227,True,40.91134048582964,0.8798440228948686,1.055562760546826,0.8798440228948686,0.1201559771051313,0.0008601869246541,0.0010361616283488,0.0047251946525976,True,0.9544669860931072,0.0455330139068927,-1.6977236472895294,0.9897708280067752,0.0102291719932248,-2.777015438171308,0.8995860103286353,0.1004139896713647,-1.1738264244899312,0.8798440228948686,0.1201559771051313,-1.055562760546826,1,0,0,0.0,1,1,1,1,,0,1,1,0,1,0,0,0.9089339721862145,1.6977236472895294,0.9795416560135504,2.777015438171308,0.7991720206572706,1.1738264244899312,0.7596880457897374,1.055562760546826,0.83565795,0.55912537011524,0.6469636
2026-01-20 10:30:00,2026-01-20 10:50:00,1,707.65,709.55,pivot,1.8999999999999773,0.142516,1.557483999999977,49060.74599999928,1.0,2026-01-20,708.4,708.9,707.55,0.0,709.55,710.4,709.4,0.0,2026,0.0,0.0,0.0,0.0,0.0,0.0,0.0,0.0,0.0,0.0,0.0,0.0,0.0,0.0,0.0,1.0,1.0,1.0,1,10,1,1,210.36409416046584,0.7876381159630259,0.654092920080876,0.7876381159630259,0.2123618840369741,0.0001077607865721,0.0001269438880869,0.0014253950962017,True,6.737999222755803,0.9897176916297804,2.773914708010834,0.9897176916297804,0.0102823083702195,0.0003181341618766,0.0003594535196379,0.0025520655167729,True,49.217352628680985,0.88945092938669,1.1118681117791491,0.88945092938669,0.1105490706133099,0.0005863213075478,0.0006195875737084,0.0035146864721227,True,78.5011616247576,0.6944672173483335,0.4090133862296122,0.6944672173483335,0.3055327826516665,0.0008601869246541,0.0010361616283488,0.0047251946525976,True,0.7876381159630259,0.2123618840369741,-0.654092920080876,0.9897176916297804,0.0102823083702195,-2.773914708010834,0.88945092938669,0.1105490706133099,-1.1118681117791491,0.6944672173483335,0.3055327826516665,-0.4090133862296122,1,0,0,0.0,1,1,1,1,,0,1,1,0,1,0,0,0.5752762319260518,0.654092920080876,0.9794353832595609,2.773914708010834,0.7789018587733801,1.1118681117791491,0.388934434696667,0.4090133862296122,0.65073013,0.6064253862122536,0.65389425
2026-01-22 14:35:00,2026-01-22 14:45:00,-1,727.35,725.25,pivot,2.1000000000000227,0.143578,1.7564220000000228,55327.29300000072,1.0,2026-01-22,726.05,727.45,725.6,0.0,726.0,726.1,725.1,0.0,2026,0.0,0.0,0.0,0.0,0.0,0.0,0.0,0.0,0.0,0.0,0.0,0.0,0.0,0.0,0.0,1.0,1.0,1.0,1,14,3,1,85.05942601823263,0.0911756559727455,-1.196911989977009,0.0911756559727455,0.9088243440272544,0.0001216007544124,0.0001209882655306,0.0015956875060562,True,26.23406649908759,0.0511258639553305,-1.6256445727578983,0.0511258639553305,0.9488741360446694,0.0003793526604337,0.0003640284871557,0.0028869707398311,True,20.09997013029417,0.075963264839061,-1.4332833749168494,0.075963264839061,0.9240367351609388,0.0008652555813181,0.0007143956393671,0.0039971184585375,True,39.45235390311753,0.1382634662911442,-0.9127944622705498,0.1382634662911442,0.8617365337088557,0.0012772728272393,0.0012546987841928,0.0052907012331552,True,0.9088243440272544,0.0911756559727455,-1.196911989977009,0.9488741360446694,0.0511258639553305,-1.6256445727578983,0.9240367351609388,0.075963264839061,-1.4332833749168494,0.8617365337088557,0.1382634662911442,-0.9127944622705498,1,0,0,0.0,1,1,1,1,,0,1,0,1,1,0,0,0.817648688054509,1.196911989977009,0.8977482720893389,1.6256445727578983,0.8480734703218777,1.4332833749168494,0.7234730674177116,0.9127944622705498,0.81073886,0.5910784358166238,0.6710156
2026-01-23 10:35:00,2026-01-23 11:30:00,-1,728.9,730.25,pivot,-1.3500000000000227,0.1437745,-1.6937745000000226,-53353.89675000071,1.0,2026-01-23,727.55,729.15,727.45,0.0,730.3,730.55,729.85,0.0,2026,0.0,0.0,0.0,0.0,0.0,0.0,0.0,0.0,0.0,0.0,0.0,0.0,0.0,0.0,0.0,1.0,1.0,1.0,0,10,4,1,91.4647311599615,0.1011579316953566,-1.1505826502713798,0.1011579316953566,0.8988420683046434,0.0001169134971991,9.773848411544068e-05,0.0016365298028833,True,46.92062338717382,0.0931148198183571,-1.2515452013503396,0.0931148198183571,0.9068851801816428,0.0003582085721254,0.0003162150413108,0.0029387863686359,True,26.134174364404664,0.0936233512337123,-1.297532342344183,0.0936233512337123,0.9063766487662877,0.0007720698919825,0.000568932041263,0.0040317028114684,True,17.693708485403228,0.0831097098071746,-1.3691881211789758,0.0831097098071746,0.9168902901928252,0.0014045174817532,0.0012425022448914,0.0054109399311144,True,0.8988420683046434,0.1011579316953566,-1.1505826502713798,0.9068851801816428,0.0931148198183571,-1.2515452013503396,0.9063766487662877,0.0936233512337123,-1.297532342344183,0.9168902901928252,0.0831097098071746,-1.3691881211789758,1,0,0,0.0,1,1,1,1,,0,1,1,0,1,0,0,0.7976841366092868,1.1505826502713798,0.8137703603632856,1.2515452013503396,0.8127532975325753,1.297532342344183,0.8337805803856506,1.3691881211789758,0.81332374,0.5976890485592752,0.6973573
2026-01-23 14:25:00,2026-01-23 15:45:00,1,723.95,728.9,eod,4.949999999999932,0.1435855,4.606414499999931,145102.05674999784,1.0,2026-01-23,725.35,725.45,723.85,0.0,728.9,728.9,728.9,0.0,2026,0.0,0.0,0.0,0.0,0.0,0.0,0.0,0.0,0.0,0.0,0.0,0.0,0.0,0.0,0.0,1.0,1.0,1.0,1,14,4,1,104.25939266529164,0.8972001626217802,1.1208040758765003,0.8972001626217802,0.1027998373782198,0.0001169134971991,9.773848411544068e-05,0.0016365298028833,True,124.60712366545371,0.7479831718883423,0.5733049065715521,0.7479831718883423,0.2520168281116577,0.0003582085721254,0.0003162150413108,0.0029387863686359,True,18.81704251832811,0.9562050096579832,1.6951033479221045,0.9562050096579832,0.0437949903420168,0.0007720698919825,0.000568932041263,0.0040317028114684,True,56.84222281864452,0.210664896179694,-0.6495512495507747,0.210664896179694,0.7893351038203059,0.0014045174817532,0.0012425022448914,0.0054109399311144,True,0.8972001626217802,0.1027998373782198,-1.1208040758765003,0.7479831718883423,0.2520168281116577,-0.5733049065715521,0.9562050096579832,0.0437949903420168,-1.6951033479221045,0.210664896179694,0.7893351038203059,0.6495512495507747,1,0,0,0.0,1,1,1,1,,0,1,0,1,1,0,0,0.7944003252435603,1.1208040758765003,0.4959663437766846,0.5733049065715521,0.9124100193159663,1.6951033479221045,-0.5786702076406119,0.6495512495507747,0.75782156,0.5453883855506053,0.7075579
2026-01-28 11:25:00,2026-01-28 12:30:00,-1,757.5,753.15,pivot,4.350000000000023,0.1453195,4.004680500000022,126147.4357500007,1.0,2026-01-28,756.35,758.2,756.3,0.0,753.55,753.75,752.0,0.0,2026,0.0,0.0,0.0,0.0,0.0,0.0,0.0,0.0,0.0,0.0,0.0,0.0,0.0,0.0,0.0,1.0,1.0,1.0,1,11,2,1,129.29889039963157,0.13856491828565,-0.9554815913771384,0.13856491828565,0.8614350817143499,7.78335071029414e-05,7.044299623718324e-05,0.0016638189431381,True,109.339003954316,0.2386806519931032,-0.587324805445406,0.2386806519931032,0.7613193480068968,0.0002449509513397,0.0002410126383587,0.0029971797502059,True,18.4083340496927,0.0539939030502109,-1.69078619407425,0.0539939030502109,0.9460060969497892,0.0006304967727941,0.0004500992839593,0.0042020163454421,True,73.37221157867353,0.3387697084208228,-0.3131050293075137,0.3387697084208228,0.6612302915791772,0.001289685575992,0.0010550904507849,0.0056913897602973,True,0.8614350817143499,0.13856491828565,-0.9554815913771384,0.7613193480068968,0.2386806519931032,-0.587324805445406,0.9460060969497892,0.0539939030502109,-1.69078619407425,0.6612302915791772,0.3387697084208228,-0.3131050293075137,1,0,0,0.0,1,1,1,1,,0,1,1,0,1,0,0,0.7228701634286999,0.9554815913771384,0.5226386960137936,0.587324805445406,0.8920121938995783,1.69078619407425,0.3224605831583544,0.3131050293075137,0.6972091,0.6005602511787609,0.7101645
2026-01-29 10:30:00,2026-01-29 10:35:00,1,749.65,751.95,pivot,2.300000000000068,0.145048,1.9549520000000682,61580.98800000215,1.0,2026-01-29,751.85,754.4,748.8,0.0,755.35,755.85,750.45,0.0,2026,0.0,0.0,0.0,0.0,0.0,0.0,0.0,0.0,0.0,0.0,0.0,0.0,0.0,0.0,0.0,1.0,1.0,0.0,1,10,3,1,38.48422427033493,0.967122774058891,1.773155632575956,0.967122774058891,0.0328772259411089,8.236226985079451e-05,7.834954633628402e-05,0.0016084631425936,True,7.767049628912771,0.9856363281332003,2.4909723478187336,0.9856363281332003,0.0143636718667995,0.000236260254399,0.000219091253471,0.0029133522957013,True,40.96784604234934,0.1381109654352716,-1.0083908235570236,0.1381109654352716,0.8618890345647283,0.0005845713926418,0.0003952808488182,0.0041439926600796,True,14.899456291068308,0.0568880106053171,-1.6764370472519523,0.0568880106053171,0.9431119893946828,0.0011927628561587,0.0009938924903147,0.0057276693062417,True,0.967122774058891,0.0328772259411089,-1.773155632575956,0.9856363281332003,0.0143636718667995,-2.4909723478187336,0.1381109654352716,0.8618890345647283,1.0083908235570236,0.0568880106053171,0.9431119893946828,1.6764370472519523,1,0,0,0.0,1,1,1,1,,0,1,1,0,1,0,0,0.9342455481177822,1.773155632575956,0.9712726562664008,2.4909723478187336,-0.7237780691294567,1.0083908235570236,-0.8862239787893657,1.6764370472519523,0.80420905,0.6133181282288783,0.7074698
2026-01-29 10:35:00,2026-01-29 11:00:00,1,751.95,758.7,pivot,6.75,0.1453195,6.4046805,201747.43575,1.0,2026-01-29,755.35,755.85,750.45,0.0,758.1,761.3,757.75,0.0,2026,0.0,0.0,0.0,0.0,0.0,0.0,0.0,0.0,0.0,0.0,0.0,0.0,0.0,0.0,0.0,1.0,1.0,0.0,1,10,3,1,6.079354492604576,0.9931404419146036,2.83875480522723,0.9931404419146036,0.0068595580853965,8.236226985079451e-05,7.834954633628402e-05,0.0016084631425936,True,0.0737374603659093,0.9999639775504569,4.891023524077056,0.9999639775504569,3.602244954326039e-05,0.000236260254399,0.000219091253471,0.0029133522957013,True,71.97025433801811,0.8036357047892756,0.7527028535734389,0.8036357047892756,0.1963642952107244,0.0005845713926418,0.0003952808488182,0.0041439926600796,True,45.52878804998476,0.2086201958265258,-0.6928152028827753,0.2086201958265258,0.7913798041734742,0.0011927628561587,0.0009938924903147,0.0057276693062417,True,0.9931404419146036,0.0068595580853965,-2.83875480522723,0.9999639775504569,3.602244954326039e-05,-4.891023524077056,0.8036357047892756,0.1963642952107244,-0.7527028535734389,0.2086201958265258,0.7913798041734742,0.6928152028827753,1,0,0,0.0,1,1,1,1,,0,1,1,0,1,0,0,0.9862808838292071,2.83875480522723,0.9999279551009136,4.891023524077056,0.6072714095785512,0.7527028535734389,-0.5827596083469484,0.6928152028827753,0.856571,0.8243892147531524,0.7338346
2026-01-29 12:00:00,2026-01-29 12:25:00,1,758.5,765.7,pivot,7.2000000000000455,0.145726,6.854274000000046,215909.63100000145,1.0,2026-01-29,761.25,761.75,758.5,0.0,766.85,767.1,765.35,0.0,2026,0.0,0.0,0.0,0.0,0.0,0.0,0.0,0.0,0.0,0.0,0.0,0.0,0.0,0.0,0.0,1.0,1.0,2.0,1,12,3,1,14.103535982568612,0.9842388495981296,2.2012756123676165,0.9842388495981296,0.0157611504018704,8.236226985079451e-05,7.834954633628402e-05,0.0016084631425936,True,7.562635682397785,0.986448225155342,2.5273105723278317,0.986448225155342,0.0135517748446578,0.000236260254399,0.000219091253471,0.0029133522957013,True,35.71846955286183,0.9095148015507992,1.239682871641157,0.9095148015507992,0.0904851984492007,0.0005845713926418,0.0003952808488182,0.0041439926600796,True,66.20527462756165,0.7244165770350918,0.5504199532082343,0.7244165770350918,0.2755834229649082,0.0011927628561587,0.0009938924903147,0.0057276693062417,True,0.9842388495981296,0.0157611504018704,-2.2012756123676165,0.986448225155342,0.0135517748446578,-2.5273105723278317,0.9095148015507992,0.0904851984492007,-1.239682871641157,0.7244165770350918,0.2755834229649082,-0.5504199532082343,1,0,0,0.0,1,1,1,1,,0,1,0,1,1,0,0,0.9684776991962591,2.2012756123676165,0.9728964503106843,2.5273105723278317,0.8190296031015986,1.239682871641157,0.4488331540701836,0.5504199532082343,0.86788714,0.75352048031532,0.7745346
2026-01-29 13:00:00,2026-01-29 13:15:00,-1,765.95,762.65,pivot,3.300000000000068,0.145858,2.954142000000069,93055.47300000217,1.0,2026-01-29,764.25,766.25,763.85,0.0,765.7,765.75,762.4,0.0,2026,0.0,0.0,0.0,0.0,0.0,0.0,0.0,0.0,0.0,0.0,0.0,0.0,0.0,0.0,0.0,1.0,1.0,1.0,1,13,3,1,47.63540214551329,0.0553798679202413,-1.551852965771238,0.0553798679202413,0.9446201320797586,8.236226985079451e-05,7.834954633628402e-05,0.0016084631425936,True,113.0546431400944,0.2394300095070866,-0.5913131332145802,0.2394300095070866,0.7605699904929134,0.000236260254399,0.000219091253471,0.0029133522957013,True,34.20985184336988,0.111093626173842,-1.1822781345450468,0.111093626173842,0.888906373826158,0.0005845713926418,0.0003952808488182,0.0041439926600796,True,67.67937751377372,0.7101523705615852,0.5131667174498525,0.7101523705615852,0.2898476294384148,0.0011927628561587,0.0009938924903147,0.0057276693062417,True,0.9446201320797586,0.0553798679202413,-1.551852965771238,0.7605699904929134,0.2394300095070866,-0.5913131332145802,0.888906373826158,0.111093626173842,-1.1822781345450468,0.2898476294384148,0.7101523705615852,0.5131667174498525,1,0,0,0.0,1,1,1,1,,0,1,0,1,1,0,0,0.8892402641595173,1.551852965771238,0.5211399809858268,0.5913131332145802,0.777812747652316,1.1822781345450468,-0.4203047411231704,0.5131667174498525,0.8142097,0.553432435562624,0.7830833
2026-01-30 10:40:00,2026-01-30 11:10:00,-1,777.8,775.2,pivot,2.599999999999909,0.14659,2.253409999999909,70982.41499999714,1.0,2026-01-30,776.35,779.75,776.25,0.0,772.15,775.35,771.35,0.0,2026,0.0,0.0,0.0,0.0,0.0,0.0,0.0,0.0,0.0,0.0,0.0,0.0,0.0,0.0,0.0,1.0,1.0,2.0,1,10,4,1,98.96885444830836,0.101829267034949,-1.1379567451045596,0.101829267034949,0.898170732965051,8.37236085530292e-05,7.389613306083635e-05,0.0016482019125042,True,2.897183094946461,0.0048007580709159,-3.536769076051644,0.0048007580709159,0.995199241929084,0.0002133282866153,0.0001659815727721,0.0029636162956632,True,19.871514555219253,0.0567117656774655,-1.6527641060801588,0.0567117656774655,0.9432882343225344,0.0004980669225776,0.000320223097765,0.0041167134901624,True,79.34482037306798,0.4219781688847699,-0.1078985671074513,0.4219781688847699,0.5780218311152301,0.0010907699918448,0.0007847721475873,0.0060793760814613,True,0.898170732965051,0.101829267034949,-1.1379567451045596,0.995199241929084,0.0048007580709159,-3.536769076051644,0.9432882343225344,0.0567117656774655,-1.6527641060801588,0.5780218311152301,0.4219781688847699,-0.1078985671074513,1,0,0,0.0,1,1,1,1,,0,1,1,0,1,0,0,0.796341465930102,1.1379567451045596,0.9903984838581681,3.536769076051644,0.8865764686450689,1.6527641060801588,0.15604366223046018,0.1078985671074513,0.8098813,0.6356531370918194,0.7726862
2026-01-30 11:10:00,2026-01-30 11:35:00,-1,775.2,765.85,pivot,9.350000000000025,0.1462315,9.003768500000023,283618.7077500007,1.0,2026-01-30,772.15,775.35,771.35,0.0,767.5,770.05,765.6,0.0,2026,0.0,0.0,0.0,0.0,0.0,0.0,0.0,0.0,0.0,0.0,0.0,0.0,0.0,0.0,0.0,1.0,1.0,1.0,1,11,4,1,15.966797135123102,0.0198563797803183,-2.3975360339304514,0.0198563797803183,0.9801436202196816,8.37236085530292e-05,7.389613306083635e-05,0.0016482019125042,True,13.776007813766183,0.0306370089758559,-1.9733262799033588,0.0306370089758559,0.969362991024144,0.0002133282866153,0.0001659815727721,0.0029636162956632,True,28.205428499206334,0.0823154775418378,-1.3954920277211886,0.0823154775418378,0.917684522458162,0.0004980669225776,0.000320223097765,0.0041167134901624,True,5.720259779139704,0.0332421746749926,-2.08789897671481,0.0332421746749926,0.9667578253250074,0.0010907699918448,0.0007847721475873,0.0060793760814613,True,0.9801436202196816,0.0198563797803183,-2.3975360339304514,0.969362991024144,0.0306370089758559,-1.9733262799033588,0.917684522458162,0.0823154775418378,-1.3954920277211886,0.9667578253250074,0.0332421746749926,-2.08789897671481,1,0,0,0.0,1,1,1,1,,0,1,1,0,1,0,0,0.9602872404393633,2.3975360339304514,0.9387259820482882,1.9733262799033588,0.8353690449163242,1.3954920277211886,0.9335156506500148,2.08789897671481,0.84628934,0.6572842835505311,0.7558802
2026-01-30 11:50:00,2026-01-30 12:40:00,1,768.85,769.1,pivot,0.25,0.1461385,-0.09613849999999999,-3028.36275,1.0,2026-01-30,770.6,771.4,768.85,0.0,770.9,771.3,768.7,0.0,2026,0.0,0.0,0.0,0.0,0.0,0.0,0.0,0.0,0.0,0.0,0.0,0.0,0.0,0.0,0.0,1.0,1.0,0.0,0,11,4,1,69.19006489073874,0.9381588069159504,1.4134900102919328,0.9381588069159504,0.0618411930840495,8.37236085530292e-05,7.389613306083635e-05,0.0016482019125042,True,44.30663638525761,0.926390499364548,1.3041402031661469,0.926390499364548,0.0736095006354521,0.0002133282866153,0.0001659815727721,0.0029636162956632,True,62.68671802956671,0.8382479668600877,0.8697338226970106,0.8382479668600877,0.1617520331399122,0.0004980669225776,0.000320223097765,0.0041167134901624,True,25.102065200300306,0.1129728167835238,-1.1398999128907956,0.1129728167835238,0.8870271832164762,0.0010907699918448,0.0007847721475873,0.0060793760814613,True,0.9381588069159504,0.0618411930840495,-1.4134900102919328,0.926390499364548,0.0736095006354521,-1.3041402031661469,0.8382479668600877,0.1617520331399122,-0.8697338226970106,0.1129728167835238,0.8870271832164762,1.1398999128907956,1,0,0,0.0,1,1,1,1,,0,1,1,0,1,0,0,0.876317613831901,1.4134900102919328,0.8527809987290959,1.3041402031661469,0.6764959337201755,0.8697338226970106,-0.7740543664329524,1.1398999128907956,0.8035547,0.592510370168973,0.75233376
2026-01-30 13:30:00,2026-01-30 14:25:00,1,771.45,775.75,pivot,4.2999999999999545,0.146416,3.953583999999954,124537.89599999855,1.0,2026-01-30,772.9,773.35,771.35,0.0,778.05,779.3,775.2,0.0,2026,0.0,0.0,0.0,0.0,0.0,0.0,0.0,0.0,0.0,0.0,0.0,0.0,0.0,0.0,0.0,1.0,1.0,1.0,1,13,4,1,106.89114689954584,0.8978714899120968,1.133800532240462,0.8978714899120968,0.1021285100879032,8.37236085530292e-05,7.389613306083635e-05,0.0016482019125042,True,155.5278365428117,0.5911974348313164,0.2060377943421957,0.5911974348313164,0.4088025651686836,0.0002133282866153,0.0001659815727721,0.0029636162956632,True,72.33530742703546,0.8068933666483135,0.7565048055263359,0.8068933666483135,0.1931066333516865,0.0004980669225776,0.000320223097765,0.0041167134901624,True,78.94302126686628,0.5845272859867623,0.2224449890119929,0.5845272859867623,0.4154727140132377,0.0010907699918448,0.0007847721475873,0.0060793760814613,True,0.8978714899120968,0.1021285100879032,-1.133800532240462,0.5911974348313164,0.4088025651686836,-0.2060377943421957,0.8068933666483135,0.1931066333516865,-0.7565048055263359,0.5845272859867623,0.4154727140132377,-0.2224449890119929,1,0,0,0.0,1,1,1,1,,0,1,0,1,1,0,0,0.7957429798241935,1.133800532240462,0.1823948696626328,0.2060377943421957,0.6137867332966269,0.7565048055263359,0.16905457197352458,0.2224449890119929,0.75946826,0.5669737075282023,0.7551054
2026-01-30 14:40:00,2026-01-30 15:00:00,-1,777.6,774.95,pivot,2.6499999999999773,0.1465765,2.303423499999977,72557.84024999928,1.0,2026-01-30,775.05,777.7,774.45,0.0,775.45,776.65,774.45,0.0,2026,0.0,0.0,0.0,0.0,0.0,0.0,0.0,0.0,0.0,0.0,0.0,0.0,0.0,0.0,0.0,1.0,1.0,1.0,1,14,4,1,23.9026150615953,0.0331221800741223,-1.9987256258542,0.0331221800741223,0.9668778199258776,8.37236085530292e-05,7.389613306083635e-05,0.0016482019125042,True,40.1972694092897,0.0776178755999263,-1.3595645437919108,0.0776178755999263,0.9223821244000736,0.0002133282866153,0.0001659815727721,0.0029636162956632,True,113.30385023850224,0.3847289025888801,-0.1874565560937547,0.3847289025888801,0.61527109741112,0.0004980669225776,0.000320223097765,0.0041167134901624,True,77.30402663946523,0.3966843358684354,-0.1609193624036319,0.3966843358684354,0.6033156641315647,0.0010907699918448,0.0007847721475873,0.0060793760814613,True,0.9668778199258776,0.0331221800741223,-1.9987256258542,0.9223821244000736,0.0776178755999263,-1.3595645437919108,0.61527109741112,0.3847289025888801,-0.1874565560937547,0.6033156641315647,0.3966843358684354,-0.1609193624036319,1,0,0,0.0,1,1,1,1,,0,1,0,1,1,0,0,0.9337556398517554,1.9987256258542,0.8447642488001473,1.3595645437919108,0.23054219482223987,0.1874565560937547,0.2066313282631293,0.1609193624036319,0.8290568,0.5547095114189964,0.7575905
2026-02-02 13:15:00,2026-02-02 14:20:00,1,729.0,732.55,pivot,3.5499999999999545,0.1438465,3.2061534999999544,100993.83524999856,1.0,2026-02-02,736.3,736.7,728.8,0.0,731.9,733.65,731.45,0.0,2026,0.0,0.0,0.0,0.0,0.0,0.0,0.0,0.0,0.0,0.0,0.0,0.0,0.0,0.0,0.0,1.0,1.0,0.0,1,13,0,2,0.0279908292827409,1.0,5.75479401290835,1.0,0.0,8.641396874179285e-05,8.177334801203932e-05,0.0017052833241906,True,0.2303118944081597,1.0,5.322166064003719,1.0,0.0,0.0002560618877927,0.0002145940259377,0.0030990288081222,True,17.56233786175793,0.9577393187142766,1.731549224495904,0.9577393187142766,0.0422606812857233,0.000550141628787,0.0004273227369297,0.0042414083138163,True,79.9464535597517,0.520796934453662,0.0703397545451108,0.520796934453662,0.4792030655463379,0.0010319650072352,0.000866475053642,0.0060363158423319,True,1.0,0.0,-5.75479401290835,1.0,0.0,-5.322166064003719,0.9577393187142766,0.0422606812857233,-1.731549224495904,0.520796934453662,0.4792030655463379,-0.0703397545451108,1,0,0,0.0,1,1,1,1,,0,1,0,1,1,0,0,1.0,5.75479401290835,1.0,5.322166064003719,0.9154786374285533,1.731549224495904,0.04159386890732414,0.0703397545451108,0.8669302,0.8841355176060841,0.7487799
2026-02-03 11:00:00,2026-02-03 11:35:00,-1,762.8,762.15,pivot,0.6499999999999773,0.1457485,0.30425149999997714,9583.92224999928,1.0,2026-02-03,760.95,762.8,760.0,0.0,760.6,762.5,760.2,0.0,2026,0.0,0.0,0.0,0.0,0.0,0.0,0.0,0.0,0.0,0.0,0.0,0.0,0.0,0.0,0.0,1.0,1.0,1.0,1,11,1,2,58.614149765260144,0.0864259247296373,-1.2628686489986165,0.0864259247296373,0.9135740752703626,7.738821747992845e-05,6.579449271519777e-05,0.0018710663092104,True,28.925176316872165,0.0681896164371689,-1.4575520569369502,0.0681896164371689,0.9318103835628312,0.000213833586337,0.000162856449323,0.0033947501272956,True,30.866858709757288,0.118568558469238,-1.1461247458498014,0.118568558469238,0.8814314415307619,0.0004734219076551,0.0002766247357196,0.0048157447854478,True,76.07408990493298,0.4881751972459427,0.037137976140507,0.4881751972459427,0.5118248027540573,0.0009443033747706,0.0005396176911104,0.0067096118078009,True,0.9135740752703626,0.0864259247296373,-1.2628686489986165,0.9318103835628312,0.0681896164371689,-1.4575520569369502,0.8814314415307619,0.118568558469238,-1.1461247458498014,0.5118248027540573,0.4881751972459427,0.037137976140507,1,0,0,0.0,1,1,1,1,,0,1,1,0,1,0,0,0.8271481505407253,1.2628686489986165,0.8636207671256623,1.4575520569369502,0.7628628830615239,1.1461247458498014,0.02364960550811457,0.037137976140507,0.81751627,0.6133251809382008,0.75394154
2026-02-03 11:35:00,2026-02-03 12:00:00,-1,762.15,763.2,pivot,-1.0500000000000682,0.1457605,-1.3957605000000681,-43966.45575000215,1.0,2026-02-03,760.6,762.5,760.2,0.0,764.3,764.45,763.05,0.0,2026,0.0,0.0,0.0,0.0,0.0,0.0,0.0,0.0,0.0,0.0,0.0,0.0,0.0,0.0,0.0,1.0,1.0,1.0,0,11,1,2,76.91955395930064,0.1041428214552898,-1.1232021527303686,0.1041428214552898,0.8958571785447101,7.738821747992845e-05,6.579449271519777e-05,0.0018710663092104,True,71.58846852416994,0.1775162302416643,-0.7829057624478627,0.1775162302416643,0.8224837697583356,0.000213833586337,0.000162856449323,0.0033947501272956,True,99.3391014661971,0.6544471178171314,0.3388020966504035,0.6544471178171314,0.3455528821828686,0.0004734219076551,0.0002766247357196,0.0048157447854478,True,26.78927497116804,0.1480915172444619,-0.9303808609435892,0.1480915172444619,0.851908482755538,0.0009443033747706,0.0005396176911104,0.0067096118078009,True,0.8958571785447101,0.1041428214552898,-1.1232021527303686,0.8224837697583356,0.1775162302416643,-0.7829057624478627,0.3455528821828686,0.6544471178171314,0.3388020966504035,0.851908482755538,0.1480915172444619,-0.9303808609435892,1,0,0,0.0,1,1,1,1,,0,1,1,0,1,0,0,0.7917143570894203,1.1232021527303686,0.6449675395166713,0.7829057624478627,-0.30889423563426277,0.3388020966504035,0.7038169655110761,0.9303808609435892,0.78739285,0.5802984390783796,0.7366589
2026-02-03 12:00:00,2026-02-03 12:25:00,1,763.2,764.6,pivot,1.3999999999999773,0.145834,1.0541659999999773,33206.228999999286,1.0,2026-02-03,764.3,764.45,763.05,0.0,764.2,764.7,763.6,0.0,2026,0.0,0.0,0.0,0.0,0.0,0.0,0.0,0.0,0.0,0.0,0.0,0.0,0.0,0.0,0.0,1.0,1.0,1.0,1,12,1,2,152.82730427084138,0.8255847692790144,0.769605752561451,0.8255847692790144,0.1744152307209856,7.738821747992845e-05,6.579449271519777e-05,0.0018710663092104,True,10.793028020453452,0.9678589332806288,1.8466390063316087,0.9678589332806288,0.0321410667193711,0.000213833586337,0.000162856449323,0.0033947501272956,True,82.14666404786811,0.7368751856279504,0.5275135868795734,0.7368751856279504,0.2631248143720496,0.0004734219076551,0.0002766247357196,0.0048157447854478,True,57.75801702421205,0.7352234315729931,0.5742674818294659,0.7352234315729931,0.2647765684270069,0.0009443033747706,0.0005396176911104,0.0067096118078009,True,0.8255847692790144,0.1744152307209856,-0.769605752561451,0.9678589332806288,0.0321410667193711,-1.8466390063316087,0.7368751856279504,0.2631248143720496,-0.5275135868795734,0.7352234315729931,0.2647765684270069,-0.5742674818294659,1,0,0,0.0,1,1,1,1,,0,1,0,1,1,0,0,0.6511695385580287,0.769605752561451,0.9357178665612577,1.8466390063316087,0.4737503712559008,0.5275135868795734,0.47044686314598616,0.5742674818294659,0.6521957,0.5569976779259544,0.72278976
2026-02-04 12:20:00,2026-02-04 13:00:00,1,781.05,784.35,pivot,3.300000000000068,0.146962,2.953038000000068,93020.69700000215,1.0,2026-02-04,784.2,784.45,781.05,0.0,785.6,785.65,782.5,0.0,2026,0.0,0.0,0.0,0.0,0.0,0.0,0.0,0.0,0.0,0.0,0.0,0.0,0.0,0.0,0.0,1.0,1.0,1.0,1,12,2,2,16.197949677588955,0.9734612711312228,1.9890763762352277,0.9734612711312228,0.0265387288687772,8.607777131240816e-05,8.55535616713568e-05,0.0019483181875818,True,85.54564822624545,0.8096151378294116,0.7443978500782957,0.8096151378294116,0.1903848621705883,0.0002866412520719,0.0002569423871282,0.0035147167453575,True,97.01463686479946,0.6331640127566841,0.3041903020143257,0.6331640127566841,0.3668359872433159,0.0006917644900596,0.0004919992011015,0.0048867216116175,True,69.72858174388534,0.5626527694333366,0.2002684233274233,0.5626527694333366,0.4373472305666633,0.0012170816466066,0.0007435614440553,0.0068044190642905,True,0.9734612711312228,0.0265387288687772,-1.9890763762352277,0.8096151378294116,0.1903848621705883,-0.7443978500782957,0.6331640127566841,0.3668359872433159,-0.3041903020143257,0.5626527694333366,0.4373472305666633,-0.2002684233274233,1,0,0,0.0,1,1,1,1,,0,1,0,1,1,0,0,0.9469225422624457,1.9890763762352277,0.6192302756588233,0.7443978500782957,0.2663280255133682,0.3041903020143257,0.12530553886667334,0.2002684233274233,0.8435796,0.5702740768116528,0.714241
2026-02-05 10:25:00,2026-02-05 10:30:00,1,771.2,773.95,pivot,2.75,0.1463545,2.4036454999999997,75714.83325,1.0,2026-02-05,773.95,775.9,770.6,0.0,772.4,774.95,772.3,0.0,2026,0.0,0.0,0.0,0.0,0.0,0.0,0.0,0.0,0.0,0.0,0.0,0.0,0.0,0.0,0.0,1.0,1.0,1.0,1,10,3,2,23.663127755378323,0.9655606440311408,1.7830635591361037,0.9655606440311408,0.0344393559688591,8.607777131240816e-05,8.55535616713568e-05,0.0019483181875818,True,123.89562993942276,0.336310976478168,-0.3303210169285984,0.336310976478168,0.663689023521832,0.0002866412520719,0.0002569423871282,0.0035147167453575,True,56.86182140072685,0.8245859488364882,0.8135552574067249,0.8245859488364882,0.1754140511635118,0.0006917644900596,0.0004919992011015,0.0048867216116175,True,56.176629151143054,0.3044840649359715,-0.3654008704622994,0.3044840649359715,0.6955159350640285,0.0012170816466066,0.0007435614440553,0.0068044190642905,True,0.9655606440311408,0.0344393559688591,-1.7830635591361037,0.336310976478168,0.663689023521832,0.3303210169285984,0.8245859488364882,0.1754140511635118,-0.8135552574067249,0.3044840649359715,0.6955159350640285,0.3654008704622994,1,0,0,0.0,1,1,1,1,,0,1,1,0,1,0,0,0.9311212880622818,1.7830635591361037,-0.327378047043664,0.3303210169285984,0.6491718976729763,0.8135552574067249,-0.391031870128057,0.3654008704622994,0.82314533,0.5819595415836908,0.72731584
2026-02-05 14:25:00,2026-02-05 14:55:00,1,754.15,754.9,pivot,0.75,0.1452715,0.4047285,12748.94775,1.0,2026-02-05,756.85,757.75,753.85,0.0,754.65,755.3,754.05,0.0,2026,0.0,0.0,0.0,0.0,0.0,0.0,0.0,0.0,0.0,0.0,0.0,0.0,0.0,0.0,0.0,1.0,1.0,1.0,1,14,3,2,27.449227606800036,0.960792899915046,1.7100920268916489,0.960792899915046,0.0392071000849538,5.289460424300975e-05,5.752032188535173e-05,0.0020174224592479,True,125.55059284712004,0.3795036396200518,-0.2397142515317404,0.3795036396200518,0.6204963603799482,0.0002521785706122,0.0002054259713991,0.0036119702117282,True,25.233397183661,0.1000309814234378,-1.310151246867402,0.1000309814234378,0.8999690185765622,0.0005913884614085,0.0003750648751144,0.0050114914165461,True,67.10932840284696,0.423179532551262,-0.0695063843810172,0.423179532551262,0.576820467448738,0.0013806949404159,0.000746612223438,0.0069392783439163,True,0.960792899915046,0.0392071000849538,-1.7100920268916489,0.3795036396200518,0.6204963603799482,0.2397142515317404,0.1000309814234378,0.8999690185765622,1.310151246867402,0.423179532551262,0.576820467448738,0.0695063843810172,1,0,0,0.0,1,1,1,1,,0,1,0,1,1,0,0,0.9215857998300923,1.7100920268916489,-0.24099272075989636,0.2397142515317404,-0.7999380371531244,1.310151246867402,-0.15364093489747604,0.0695063843810172,0.7909787,0.582437140276883,0.72558063
2026-02-06 11:00:00,2026-02-06 11:35:00,1,740.1,749.8,pivot,9.699999999999932,0.144697,9.35530299999993,294692.0444999978,1.0,2026-02-06,744.35,744.9,739.85,0.0,751.45,751.8,749.7,0.0,2026,0.0,0.0,0.0,0.0,0.0,0.0,0.0,0.0,0.0,0.0,0.0,0.0,0.0,0.0,0.0,1.0,2.0,2.0,1,11,4,2,6.607507418524383,0.9905485879504872,2.84327285625714,0.9905485879504872,0.0094514120495129,5.289460424300975e-05,5.752032188535173e-05,0.0020174224592479,True,0.746886959874482,0.9956743787834982,3.59354983713709,0.9956743787834982,0.0043256212165018,0.0002521785706122,0.0002054259713991,0.0036119702117282,True,0.0437909046394802,0.9999907902062388,4.947211414681318,0.9999907902062388,9.20979376117792e-06,0.0005913884614085,0.0003750648751144,0.0050114914165461,True,7.4987479214859,0.9714641166982296,1.8121115572083044,0.9714641166982296,0.0285358833017702,0.0013806949404159,0.000746612223438,0.0069392783439163,True,0.9905485879504872,0.0094514120495129,-2.84327285625714,0.9956743787834982,0.0043256212165018,-3.59354983713709,0.9999907902062388,9.20979376117792e-06,-4.947211414681318,0.9714641166982296,0.0285358833017702,-1.8121115572083044,1,0,0,0.0,1,1,1,1,,0,1,1,0,0,0,0,0.9810971759009742,2.84327285625714,0.9913487575669964,3.59354983713709,0.9999815804124776,4.947211414681318,0.9429282333964595,1.8121115572083044,0.86267346,0.8591716033927691,0.71147287
2026-02-06 11:35:00,2026-02-06 12:15:00,1,749.8,743.65,pivot,-6.149999999999977,0.1448035,-6.4948034999999775,-204586.31024999928,1.0,2026-02-06,751.45,751.8,749.7,0.0,743.55,745.4,743.1,0.0,2026,0.0,0.0,0.0,0.0,0.0,0.0,0.0,0.0,0.0,0.0,0.0,0.0,0.0,0.0,0.0,1.0,2.0,2.0,0,11,4,2,92.80205495183786,0.8943204714216242,1.0941364407742342,0.8943204714216242,0.1056795285783758,5.289460424300975e-05,5.752032188535173e-05,0.0020174224592479,True,13.865170853540674,0.96185625940425,1.772891262687145,0.96185625940425,0.0381437405957498,0.0002521785706122,0.0002054259713991,0.0036119702117282,True,9.92955988024461,0.967378366370083,1.8328733655608176,0.967378366370083,0.0326216336299169,0.0005913884614085,0.0003750648751144,0.0050114914165461,True,0.0014458418163789,0.9999993479228568,3.8487880920369344,0.9999993479228568,6.520771432816375e-07,0.0013806949404159,0.000746612223438,0.0069392783439163,True,0.8943204714216242,0.1056795285783758,-1.0941364407742342,0.96185625940425,0.0381437405957498,-1.772891262687145,0.967378366370083,0.0326216336299169,-1.8328733655608176,0.9999993479228568,6.520771432816375e-07,-3.8487880920369344,1,0,0,0.0,1,1,1,1,,0,1,1,0,0,0,0,0.7886409428432484,1.0941364407742342,0.9237125188085002,1.772891262687145,0.9347567327401661,1.8328733655608176,0.9999986958457135,3.8487880920369344,0.80350244,0.5527576868383015,0.7172737
2026-02-06 14:10:00,2026-02-06 14:40:00,1,733.55,744.3,pivot,10.75,0.1443355,10.4056645,327778.43175,1.0,2026-02-06,737.35,737.5,732.15,0.0,744.55,744.85,743.05,0.0,2026,0.0,0.0,0.0,0.0,0.0,0.0,0.0,0.0,0.0,0.0,0.0,0.0,0.0,0.0,0.0,1.0,1.0,1.0,1,14,4,2,9.423086105396855,0.9847573950128536,2.498850158874805,0.9847573950128536,0.0152426049871463,5.289460424300975e-05,5.752032188535173e-05,0.0020174224592479,True,126.9478359304559,0.6094230455353404,0.2436701891243723,0.6094230455353404,0.3905769544646595,0.0002521785706122,0.0002054259713991,0.0036119702117282,True,100.6525100876282,0.5224075352803095,0.0875969182710703,0.5224075352803095,0.4775924647196905,0.0005913884614085,0.0003750648751144,0.0050114914165461,True,14.570951916303542,0.0893047968573723,-1.4304890868599265,0.0893047968573723,0.9106952031426276,0.0013806949404159,0.000746612223438,0.0069392783439163,True,0.9847573950128536,0.0152426049871463,-2.498850158874805,0.6094230455353404,0.3905769544646595,-0.2436701891243723,0.5224075352803095,0.4775924647196905,-0.0875969182710703,0.0893047968573723,0.9106952031426276,1.4304890868599265,1,0,0,0.0,1,1,1,1,,0,1,0,1,1,0,0,0.9695147900257074,2.498850158874805,0.21884609107068093,0.2436701891243723,0.04481507056061895,0.0875969182710703,-0.8213904062852553,1.4304890868599265,0.8171863,0.7401628010657256,0.72043544
2026-02-09 12:05:00,2026-02-09 12:45:00,1,780.05,782.3,pivot,2.25,0.1468705,1.9031295000000004,59948.57925000001,1.0,2026-02-09,782.25,782.55,779.9,0.0,781.5,782.7,781.2,0.0,2026,0.0,0.0,0.0,0.0,0.0,0.0,0.0,0.0,0.0,0.0,0.0,0.0,0.0,0.0,0.0,1.0,1.0,1.0,1,12,0,2,56.84514366337558,0.9168150962086816,1.2538309133779852,0.9168150962086816,0.0831849037913182,4.216743096303528e-05,5.952200045666753e-05,0.0021987337573686,True,120.11382804354253,0.4218355020084179,-0.1621778564937156,0.4218355020084179,0.5781644979915821,0.0001933131176783,0.0001844554877943,0.003895616385455,True,61.003616957539535,0.284401175272793,-0.4682704447722536,0.284401175272793,0.7155988247272069,0.0004505297529106,0.0003084696728067,0.0054308519843911,True,38.754841617551314,0.2399010828605859,-0.5701028014023345,0.2399010828605859,0.7600989171394141,0.0012766876575407,0.0007812489464509,0.0074142555928312,True,0.9168150962086816,0.0831849037913182,-1.2538309133779852,0.4218355020084179,0.5781644979915821,0.1621778564937156,0.284401175272793,0.7155988247272069,0.4682704447722536,0.2399010828605859,0.7600989171394141,0.5701028014023345,1,0,0,0.0,1,1,1,1,,0,1,0,1,1,0,0,0.8336301924173635,1.2538309133779852,-0.1563289959831642,0.1621778564937156,-0.4311976494544139,0.4682704447722536,-0.5201978342788283,0.5701028014023345,0.77387166,0.5459087672238433,0.7238676
2026-02-10 10:30:00,2026-02-10 11:15:00,-1,783.3,786.25,pivot,-2.950000000000045,0.1470865,-3.2970865000000456,-103858.22475000143,1.0,2026-02-10,780.65,783.35,780.45,0.0,785.7,786.5,784.8,0.0,2026,0.0,0.0,0.0,0.0,0.0,0.0,0.0,0.0,0.0,0.0,0.0,0.0,0.0,0.0,0.0,1.0,1.0,1.0,0,10,1,2,39.74814466852201,0.062251995566949,-1.568348316190458,0.062251995566949,0.937748004433051,4.216743096303528e-05,5.952200045666753e-05,0.0021987337573686,True,8.329968889719249,0.0214731034394612,-2.224787769926721,0.0214731034394612,0.9785268965605388,0.0001933131176783,0.0001844554877943,0.003895616385455,True,11.512952088104925,0.0333028472803868,-2.0275370993476955,0.0333028472803868,0.9666971527196132,0.0004505297529106,0.0003084696728067,0.0054308519843911,True,19.249813268946426,0.1242043854783438,-1.138046232653786,0.1242043854783438,0.8757956145216561,0.0012766876575407,0.0007812489464509,0.0074142555928312,True,0.937748004433051,0.062251995566949,-1.568348316190458,0.9785268965605388,0.0214731034394612,-2.224787769926721,0.9666971527196132,0.0333028472803868,-2.0275370993476955,0.8757956145216561,0.1242043854783438,-1.138046232653786,1,0,0,0.0,1,1,1,1,,0,1,1,0,1,0,0,0.8754960088661019,1.568348316190458,0.9570537931210776,2.224787769926721,0.9333943054392264,2.0275370993476955,0.7515912290433123,1.138046232653786,0.83838284,0.5790532436892128,0.7130365
2026-02-11 11:10:00,2026-02-11 11:15:00,1,785.0,786.55,pivot,1.5499999999999543,0.1471465,1.2028534999999545,37889.885249998566,1.0,2026-02-11,786.5,786.9,784.7,0.0,787.7,787.75,786.55,0.0,2026,0.0,0.0,0.0,0.0,0.0,0.0,0.0,0.0,0.0,0.0,0.0,0.0,0.0,0.0,0.0,1.0,1.0,2.0,1,11,2,2,118.59808614183044,0.8290336448433134,0.8249928740611837,0.8290336448433134,0.1709663551566865,1.0473667811730854e-05,4.8797904566600505e-05,0.0021776122300205,True,121.46562795624172,0.5813449181924633,0.1687023521402523,0.5813449181924633,0.4186550818075367,0.0001095166310799,0.000119912811715,0.0038129392170749,True,71.51312675216796,0.7095578925147473,0.4647039573621921,0.7095578925147473,0.2904421074852527,0.0002987821119357,0.0002657887773323,0.005455803554527,True,61.77140250386923,0.6256729384886816,0.3033774367137527,0.6256729384886816,0.3743270615113184,0.0008891145575144,0.000590642096234,0.0074963825785661,True,0.8290336448433134,0.1709663551566865,-0.8249928740611837,0.5813449181924633,0.4186550818075367,-0.1687023521402523,0.7095578925147473,0.2904421074852527,-0.4647039573621921,0.6256729384886816,0.3743270615113184,-0.3033774367137527,1,0,0,0.0,1,1,1,1,,0,1,1,0,1,0,0,0.6580672896866269,0.8249928740611837,0.16268983638492657,0.1687023521402523,0.41911578502949465,0.4647039573621921,0.25134587697736316,0.3033774367137527,0.71297795,0.5708662040702289,0.7075256
2026-02-11 11:15:00,2026-02-11 12:10:00,1,786.55,788.0,pivot,1.4500000000000457,0.1472365,1.1027635000000455,34737.05025000143,1.0,2026-02-11,787.7,787.75,786.55,0.0,787.1,788.45,787.1,0.0,2026,0.0,0.0,0.0,0.0,0.0,0.0,0.0,0.0,0.0,0.0,0.0,0.0,0.0,0.0,0.0,1.0,1.0,2.0,1,11,2,2,142.0534098229371,0.7873717641156249,0.6777084946688035,0.7873717641156249,0.212628235884375,1.0473667811730854e-05,4.8797904566600505e-05,0.0021776122300205,True,73.67912378055067,0.8092946053667412,0.768851363695154,0.8092946053667412,0.1907053946332587,0.0001095166310799,0.000119912811715,0.0038129392170749,True,79.10158058526751,0.6613751164975251,0.3472862400200457,0.6613751164975251,0.3386248835024749,0.0002987821119357,0.0002657887773323,0.005455803554527,True,60.6238483712952,0.6448715500064823,0.3452601549631141,0.6448715500064823,0.3551284499935176,0.0008891145575144,0.000590642096234,0.0074963825785661,True,0.7873717641156249,0.212628235884375,-0.6777084946688035,0.8092946053667412,0.1907053946332587,-0.768851363695154,0.6613751164975251,0.3386248835024749,-0.3472862400200457,0.6448715500064823,0.3551284499935176,-0.3452601549631141,1,0,0,0.0,1,1,1,1,,0,1,1,0,1,0,0,0.57474352823125,0.6777084946688035,0.6185892107334825,0.768851363695154,0.32275023299505023,0.3472862400200457,0.2897431000129647,0.3452601549631141,0.71755886,0.6360888075610576,0.6955904
2026-02-11 14:40:00,2026-02-11 15:45:00,-1,790.05,786.1,eod,3.949999999999932,0.1472845,3.6027154999999316,113485.53824999784,1.0,2026-02-11,788.65,790.1,788.65,0.0,786.1,786.1,786.1,0.0,2026,0.0,0.0,0.0,0.0,0.0,0.0,0.0,0.0,0.0,0.0,0.0,0.0,0.0,0.0,0.0,1.0,1.0,1.0,1,14,2,2,112.4177526280006,0.1650061966441563,-0.8659460457536988,0.1650061966441563,0.8349938033558436,1.0473667811730854e-05,4.8797904566600505e-05,0.0021776122300205,True,57.39734492166699,0.1585510449970555,-0.9277980728572996,0.1585510449970555,0.8414489550029445,0.0001095166310799,0.000119912811715,0.0038129392170749,True,51.81585626864157,0.2296997502582247,-0.6751551052612685,0.2296997502582247,0.7703002497417752,0.0002987821119357,0.0002657887773323,0.005455803554527,True,52.322926019343605,0.3146811110172823,-0.3744693613203967,0.3146811110172823,0.6853188889827176,0.0008891145575144,0.000590642096234,0.0074963825785661,True,0.8349938033558436,0.1650061966441563,-0.8659460457536988,0.8414489550029445,0.1585510449970555,-0.9277980728572996,0.7703002497417752,0.2296997502582247,-0.6751551052612685,0.6853188889827176,0.3146811110172823,-0.3744693613203967,1,0,0,0.0,1,1,1,1,,0,1,0,1,1,0,0,0.6699876067116873,0.8659460457536988,0.682897910005889,0.9277980728572996,0.5406004994835505,0.6751551052612685,0.37063777796543534,0.3744693613203967,0.7398609,0.5330496799039328,0.6846658
2026-02-12 10:40:00,2026-02-12 10:45:00,1,809.85,811.25,pivot,1.3999999999999773,0.148633,1.0513669999999773,33118.06049999929,1.0,2026-02-12,811.3,811.65,809.7,0.0,813.0,813.3,811.2,0.0,2026,0.0,0.0,0.0,0.0,0.0,0.0,0.0,0.0,0.0,0.0,0.0,0.0,0.0,0.0,0.0,1.0,1.0,2.0,1,10,3,2,122.64522051694902,0.8222434132056913,0.7990661239216795,0.8222434132056913,0.1777565867943087,1.0473667811730854e-05,4.8797904566600505e-05,0.0021776122300205,True,40.32041968367962,0.9050078159501048,1.216083616928295,0.9050078159501048,0.0949921840498952,0.0001095166310799,0.000119912811715,0.0038129392170749,True,34.95431452104696,0.8699565243406863,1.0275697509743378,0.8699565243406863,0.1300434756593137,0.0002987821119357,0.0002657887773323,0.005455803554527,True,32.99988983901883,0.8476372024133453,0.9114234007774948,0.8476372024133453,0.1523627975866547,0.0008891145575144,0.000590642096234,0.0074963825785661,True,0.8222434132056913,0.1777565867943087,-0.7990661239216795,0.9050078159501048,0.0949921840498952,-1.216083616928295,0.8699565243406863,0.1300434756593137,-1.0275697509743378,0.8476372024133453,0.1523627975866547,-0.9114234007774948,1,0,0,0.0,1,1,1,1,,0,1,1,0,1,0,0,0.6444868264113826,0.7990661239216795,0.8100156319002096,1.216083616928295,0.7399130486813725,1.0275697509743378,0.6952744048266906,0.9114234007774948,0.70796114,0.6051905363938873,0.66766375
2026-02-12 10:45:00,2026-02-12 11:15:00,1,811.25,813.3,pivot,2.0499999999999545,0.1487365,1.7012634999999545,53589.80024999857,1.0,2026-02-12,813.0,813.3,811.2,0.0,811.75,813.5,811.5,0.0,2026,0.0,0.0,0.0,0.0,0.0,0.0,0.0,0.0,0.0,0.0,0.0,0.0,0.0,0.0,0.0,1.0,1.0,2.0,1,10,3,2,101.32522609438456,0.8561941502614032,0.9388320905073896,0.8561941502614032,0.1438058497385967,1.0473667811730854e-05,4.8797904566600505e-05,0.0021776122300205,True,24.924662398388676,0.9344963378495604,1.4566744682834485,0.9344963378495604,0.0655036621504394,0.0001095166310799,0.000119912811715,0.0038129392170749,True,21.579174831155825,0.9210435340757536,1.3657914483053606,0.9210435340757536,0.0789564659242463,0.0002987821119357,0.0002657887773323,0.005455803554527,True,20.211747858794546,0.90385458928146,1.198935506035409,0.90385458928146,0.0961454107185399,0.0008891145575144,0.000590642096234,0.0074963825785661,True,0.8561941502614032,0.1438058497385967,-0.9388320905073896,0.9344963378495604,0.0655036621504394,-1.4566744682834485,0.9210435340757536,0.0789564659242463,-1.3657914483053606,0.90385458928146,0.0961454107185399,-1.198935506035409,1,0,0,0.0,1,1,1,1,,0,1,1,0,1,0,0,0.7123883005228066,0.9388320905073896,0.8689926756991211,1.4566744682834485,0.8420870681515072,1.3657914483053606,0.8077091785629201,1.198935506035409,0.7450504,0.5251037332537806,0.6662305
2026-02-12 11:15:00,2026-02-12 11:45:00,-1,813.3,813.35,pivot,-0.0500000000000682,0.1487995,-0.3987995000000682,-12562.184250002148,1.0,2026-02-12,811.75,813.5,811.5,0.0,812.95,813.35,812.45,0.0,2026,0.0,0.0,0.0,0.0,0.0,0.0,0.0,0.0,0.0,0.0,0.0,0.0,0.0,0.0,0.0,1.0,1.0,1.0,0,11,3,2,111.69059907708292,0.1639648144511354,-0.8701972963543982,0.1639648144511354,0.8360351855488646,1.0473667811730854e-05,4.8797904566600505e-05,0.0021776122300205,True,110.90759796690024,0.3444161497903654,-0.3382009296513468,0.3444161497903654,0.6555838502096345,0.0001095166310799,0.000119912811715,0.0038129392170749,True,73.26325700204366,0.3460120284735253,-0.3307463921955822,0.3460120284735253,0.6539879715264747,0.0002987821119357,0.0002657887773323,0.005455803554527,True,42.06381482447784,0.8011512501592863,0.7454179260577164,0.8011512501592863,0.1988487498407136,0.0008891145575144,0.000590642096234,0.0074963825785661,True,0.8360351855488646,0.1639648144511354,-0.8701972963543982,0.6555838502096345,0.3444161497903654,-0.3382009296513468,0.6539879715264747,0.3460120284735253,-0.3307463921955822,0.1988487498407136,0.8011512501592863,0.7454179260577164,1,0,0,0.0,1,1,1,1,,0,1,1,0,1,0,0,0.6720703710977292,0.8701972963543982,0.3111677004192691,0.3382009296513468,0.3079759430529494,0.3307463921955822,-0.6023025003185727,0.7454179260577164,0.713351,0.5578106013718565,0.67310405
2026-02-12 15:15:00,2026-02-12 15:45:00,-1,814.9,816.7,eod,-1.8000000000000682,0.148948,-2.1489480000000687,-67691.86200000216,1.0,2026-02-12,813.65,815.05,813.6,0.0,816.7,816.7,816.7,0.0,2026,0.0,0.0,0.0,0.0,0.0,0.0,0.0,0.0,0.0,0.0,0.0,0.0,0.0,0.0,0.0,1.0,1.0,1.0,0,15,3,2,136.70781081669384,0.1983804948868391,-0.737041665906024,0.1983804948868391,0.8016195051131608,1.979171284746047e-05,5.991092923774357e-05,0.0021640827412759,True,127.95342183746432,0.4429340985886855,-0.1225439911237437,0.4429340985886855,0.5570659014113144,0.0001343305163154,0.0001557779007774,0.0037781381437322,True,80.28594529251117,0.348289388880301,-0.3172549733582503,0.348289388880301,0.651710611119699,0.0003286864761224,0.0003301458045892,0.0052990986960461,True,60.2028239136635,0.4143492127122541,-0.1406222593806527,0.4143492127122541,0.5856507872877459,0.0010011515280782,0.0006814258003215,0.0074672868494791,True,0.8016195051131608,0.1983804948868391,-0.737041665906024,0.5570659014113144,0.4429340985886855,-0.1225439911237437,0.651710611119699,0.348289388880301,-0.3172549733582503,0.5856507872877459,0.4143492127122541,-0.1406222593806527,1,0,0,0.0,1,1,1,1,,0,1,0,0,1,0,0,0.6032390102263218,0.737041665906024,0.11413180282262891,0.1225439911237437,0.303421222239398,0.3172549733582503,0.17130157457549178,0.1406222593806527,0.6845844,0.5683353169145543,0.6462252
2026-02-13 11:00:00,2026-02-13 11:05:00,1,818.1,819.75,pivot,1.6499999999999773,0.1491355,1.300864499999977,40977.23174999928,1.0,2026-02-13,819.75,820.5,818.05,0.0,821.3,821.4,819.35,0.0,2026,0.0,0.0,0.0,0.0,0.0,0.0,0.0,0.0,0.0,0.0,0.0,0.0,0.0,0.0,0.0,1.0,1.0,1.0,1,11,4,2,117.85195722210877,0.8351980683836865,0.8468711779204817,0.8351980683836865,0.1648019316163135,1.979171284746047e-05,5.991092923774357e-05,0.0021640827412759,True,129.38358050931308,0.5221210127105168,0.0395008425892319,0.5221210127105168,0.4778789872894832,0.0001343305163154,0.0001557779007774,0.0037781381437322,True,95.5759515385224,0.4801895464784897,-0.0392802558012673,0.4801895464784897,0.5198104535215102,0.0003286864761224,0.0003301458045892,0.0052990986960461,True,24.249282676241783,0.8881220341888174,1.1066423779109391,0.8881220341888174,0.1118779658111825,0.0010011515280782,0.0006814258003215,0.0074672868494791,True,0.8351980683836865,0.1648019316163135,-0.8468711779204817,0.5221210127105168,0.4778789872894832,-0.0395008425892319,0.4801895464784897,0.5198104535215102,0.0392802558012673,0.8881220341888174,0.1118779658111825,-1.1066423779109391,1,0,0,0.0,1,1,1,1,,0,1,1,0,1,0,0,0.670396136767373,0.8468711779204817,0.044242025421033615,0.0395008425892319,-0.039620907043020515,0.0392802558012673,0.7762440683776349,1.1066423779109391,0.6654776,0.5281891632173561,0.6126709
2026-02-19 10:35:00,2026-02-19 10:50:00,-1,833.15,834.75,pivot,-1.6000000000000227,0.150037,-1.950037000000023,-61426.16550000072,1.0,2026-02-19,831.0,833.25,830.2,0.0,835.7,835.75,833.6,0.0,2026,0.0,0.0,0.0,0.0,0.0,0.0,0.0,0.0,0.0,0.0,0.0,0.0,0.0,0.0,0.0,1.0,1.0,1.0,0,10,3,2,60.47999116378838,0.0970532878252073,-1.2195237495453108,0.0970532878252073,0.9029467121747928,2.322545406793003e-05,7.536549894530197e-05,0.0021805796148874,True,32.01127730791292,0.0841128127607262,-1.3673094439671187,0.0841128127607262,0.9158871872392738,0.0001710447947831,0.0002058755316025,0.003837681241566,True,17.350003107460335,0.0669467081254074,-1.5812665641689452,0.0669467081254074,0.9330532918745924,0.000367172621887,0.0003879290604204,0.0053236914986312,True,17.49724877838783,0.101534288432194,-1.2243296100580894,0.101534288432194,0.898465711567806,0.0009149133492369,0.0006602401992195,0.0072443989899776,True,0.9029467121747928,0.0970532878252073,-1.2195237495453108,0.9158871872392738,0.0841128127607262,-1.3673094439671187,0.9330532918745924,0.0669467081254074,-1.5812665641689452,0.898465711567806,0.101534288432194,-1.2243296100580894,1,0,0,0.0,1,1,1,1,,0,1,1,0,1,0,0,0.8058934243495856,1.2195237495453108,0.8317743744785475,1.3673094439671187,0.866106583749185,1.5812665641689452,0.7969314231356119,1.2243296100580894,0.8172106,0.5690361845151067,0.5963378
2026-02-19 12:20:00,2026-02-19 12:40:00,-1,837.15,836.1,pivot,1.0499999999999543,0.1501975,0.6998024999999546,22043.778749998568,1.0,2026-02-19,835.45,837.25,835.15,0.0,837.35,837.5,835.65,0.0,2026,0.0,0.0,0.0,0.0,0.0,0.0,0.0,0.0,0.0,0.0,0.0,0.0,0.0,0.0,0.0,1.0,1.0,1.0,1,12,3,2,93.98228617927856,0.1391551604484054,-0.9667748643306788,0.1391551604484054,0.8608448395515945,2.322545406793003e-05,7.536549894530197e-05,0.0021805796148874,True,90.59047519536836,0.2526493452470624,-0.5677676754027756,0.2526493452470624,0.7473506547529376,0.0001710447947831,0.0002058755316025,0.003837681241566,True,42.04332734883377,0.1752979973428549,-0.8357609447920458,0.1752979973428549,0.8247020026571451,0.000367172621887,0.0003879290604204,0.0053236914986312,True,41.59192196738199,0.2239610778537107,-0.6270792588478078,0.2239610778537107,0.7760389221462893,0.0009149133492369,0.0006602401992195,0.0072443989899776,True,0.8608448395515945,0.1391551604484054,-0.9667748643306788,0.7473506547529376,0.2526493452470624,-0.5677676754027756,0.8247020026571451,0.1752979973428549,-0.8357609447920458,0.7760389221462893,0.2239610778537107,-0.6270792588478078,1,0,0,0.0,1,1,1,1,,0,1,0,1,1,0,0,0.7216896791031892,0.9667748643306788,0.4947013095058752,0.5677676754027756,0.6494040053142902,0.8357609447920458,0.5520778442925787,0.6270792588478078,0.7595317,0.5441382532643115,0.6068257
2026-02-20 10:50:00,2026-02-20 11:35:00,1,849.65,851.85,pivot,2.200000000000045,0.151045,1.8489550000000456,58242.08250000144,1.0,2026-02-20,852.1,852.95,849.2,0.0,851.65,852.35,851.15,0.0,2026,0.0,0.0,0.0,0.0,0.0,0.0,0.0,0.0,0.0,0.0,0.0,0.0,0.0,0.0,0.0,1.0,1.0,1.0,1,10,4,2,51.685955634441314,0.917579138246429,1.299471521779457,0.917579138246429,0.082420861753571,4.272751025290762e-05,6.933753699165609e-05,0.0021624585608126,True,123.45527092958464,0.5969934554641687,0.2023876846474789,0.5969934554641687,0.4030065445358313,0.0002250737755654,0.0002225172056426,0.0038318347576156,True,47.63998098657154,0.8189728599792594,0.7857231511980373,0.8189728599792594,0.1810271400207406,0.0004131882393472,0.0004035173423449,0.005324924491146,True,49.34382619444713,0.7499300007489283,0.5939156396145066,0.7499300007489283,0.2500699992510716,0.0008176051425752,0.0005853660821882,0.0073340726379792,True,0.917579138246429,0.082420861753571,-1.299471521779457,0.5969934554641687,0.4030065445358313,-0.2023876846474789,0.8189728599792594,0.1810271400207406,-0.7857231511980373,0.7499300007489283,0.2500699992510716,-0.5939156396145066,1,0,0,0.0,1,1,1,1,,0,1,1,0,1,0,0,0.835158276492858,1.299471521779457,0.19398691092833742,0.2023876846474789,0.6379457199585188,0.7857231511980373,0.49986000149785675,0.5939156396145066,0.80941373,0.5994500643586903,0.6069535
2026-02-23 12:20:00,2026-02-23 12:30:00,-1,865.1,863.05,pivot,2.050000000000068,0.1518445,1.6981555000000683,53491.89825000215,1.0,2026-02-23,863.1,865.15,862.9,0.0,862.85,863.55,861.65,0.0,2026,0.0,0.0,0.0,0.0,0.0,0.0,0.0,0.0,0.0,0.0,0.0,0.0,0.0,0.0,0.0,1.0,1.0,0.0,1,12,0,2,78.94299532418252,0.1180711649507351,-1.080962241757956,0.1180711649507351,0.8819288350492648,3.543206000576402e-05,7.003140070922482e-05,0.0021525089542855,True,12.628013615001642,0.0320034788329684,-1.9860699262261332,0.0320034788329684,0.9679965211670316,0.0002250737755654,0.0002225172056426,0.0038318347576156,True,18.811210943230112,0.0776951509631704,-1.4955686196371234,0.0776951509631704,0.9223048490368296,0.0004131882393472,0.0004035173423449,0.005324924491146,True,33.63400016921984,0.185941287941067,-0.7652883201412888,0.185941287941067,0.8140587120589329,0.0008176051425752,0.0005853660821882,0.0073340726379792,True,0.8819288350492648,0.1180711649507351,-1.080962241757956,0.9679965211670316,0.0320034788329684,-1.9860699262261332,0.9223048490368296,0.0776951509631704,-1.4955686196371234,0.8140587120589329,0.185941287941067,-0.7652883201412888,1,0,0,0.0,1,1,1,1,,0,1,0,1,1,0,0,0.7638576700985297,1.080962241757956,0.9359930423340632,1.9860699262261332,0.8446096980736593,1.4955686196371234,0.6281174241178659,0.7652883201412888,0.81114775,0.5743303336772172,0.63887334
2026-02-23 14:35:00,2026-02-23 14:45:00,1,861.6,862.2,pivot,0.6000000000000227,0.151714,0.24828600000002274,7821.009000000717,1.0,2026-02-23,862.85,862.95,860.7,0.0,861.55,862.7,861.25,0.0,2026,0.0,0.0,0.0,0.0,0.0,0.0,0.0,0.0,0.0,0.0,0.0,0.0,0.0,0.0,0.0,1.0,1.0,1.0,1,14,0,2,156.32874895736907,0.7716844878613154,0.6140167559634104,0.7716844878613154,0.2283155121386846,3.543206000576402e-05,7.003140070922482e-05,0.0021525089542855,True,30.7664674761001,0.9203339131144052,1.3369350387467085,0.9203339131144052,0.0796660868855948,0.0002250737755654,0.0002225172056426,0.0038318347576156,True,97.39977417906884,0.4936252388267168,-0.0104737426047931,0.4936252388267168,0.5063747611732832,0.0004131882393472,0.0004035173423449,0.005324924491146,True,64.75712866708076,0.4388234800790684,-0.0956159559125625,0.4388234800790684,0.5611765199209315,0.0008176051425752,0.0005853660821882,0.0073340726379792,True,0.7716844878613154,0.2283155121386846,-0.6140167559634104,0.9203339131144052,0.0796660868855948,-1.3369350387467085,0.4936252388267168,0.5063747611732832,0.0104737426047931,0.4388234800790684,0.5611765199209315,0.0956159559125625,1,0,0,0.0,1,1,1,1,,0,1,0,1,1,0,0,0.5433689757226308,0.6140167559634104,0.8406678262288103,1.3369350387467085,-0.0127495223465664,0.0104737426047931,-0.12235303984186313,0.0956159559125625,0.6538594,0.630894041670508,0.6531787
2026-02-24 11:00:00,2026-02-24 11:55:00,1,877.35,882.35,pivot,5.0,0.152791,4.647209,146387.0835,1.0,2026-02-24,879.45,879.8,877.15,0.0,882.2,882.5,881.6,0.0,2026,0.0,0.0,0.0,0.0,0.0,0.0,0.0,0.0,0.0,0.0,0.0,0.0,0.0,0.0,0.0,1.0,2.0,2.0,1,11,1,2,78.15699387383113,0.8856822243148098,1.085672496449518,0.8856822243148098,0.1143177756851901,1.7530178388744917e-05,7.144255415181444e-05,0.0021362510099705,True,128.9845955263334,0.523434683939322,0.038294349268481,0.523434683939322,0.476565316060678,0.000216445238591,0.0002539285729104,0.0037636531510168,True,56.676193379710725,0.7897927982146256,0.6751037677495626,0.7897927982146256,0.2102072017853744,0.000425239207725,0.0003203545055171,0.0053477210599192,True,3.971285865440186,0.9835563403823522,2.267108146488797,0.9835563403823522,0.0164436596176478,0.0011658807229374,0.0007713045686834,0.0071459346845936,True,0.8856822243148098,0.1143177756851901,-1.085672496449518,0.523434683939322,0.476565316060678,-0.038294349268481,0.7897927982146256,0.2102072017853744,-0.6751037677495626,0.9835563403823522,0.0164436596176478,-2.267108146488797,1,0,0,0.0,1,1,1,1,,0,1,1,0,0,0,0,0.7713644486296197,1.085672496449518,0.04686936787864404,0.038294349268481,0.5795855964292511,0.6751037677495626,0.9671126807647044,2.267108146488797,0.79982287,0.6031356824341032,0.65174466
2026-02-25 12:20:00,2026-02-25 12:35:00,-1,908.5,904.35,pivot,4.149999999999977,0.1543855,3.795614499999977,119561.85674999928,1.0,2026-02-25,906.4,909.05,906.35,0.0,906.15,906.6,904.05,0.0,2026,0.0,0.0,0.0,0.0,0.0,0.0,0.0,0.0,0.0,0.0,0.0,0.0,0.0,0.0,0.0,1.0,1.0,1.0,1,12,2,2,73.50498250730655,0.1044259357657844,-1.1557930977347588,0.1044259357657844,0.8955740642342155,3.898966900599565e-05,7.956717703863141e-05,0.002071084612081,True,95.40115750378104,0.2540091339132985,-0.5583390810907958,0.2540091339132985,0.7459908660867015,0.0002407918651928,0.0002465098602917,0.0036002830822111,True,38.58936657556669,0.1699190354112342,-0.8652822826499852,0.1699190354112342,0.8300809645887657,0.0005683297005268,0.0005029232791219,0.00516226110922,True,70.33258881058151,0.4724319372927255,-0.020345661238256,0.4724319372927255,0.5275680627072745,0.0012181649628874,0.000976333829139,0.0073009204531913,True,0.8955740642342155,0.1044259357657844,-1.1557930977347588,0.7459908660867015,0.2540091339132985,-0.5583390810907958,0.8300809645887657,0.1699190354112342,-0.8652822826499852,0.5275680627072745,0.4724319372927255,-0.020345661238256,1,0,0,0.0,1,1,1,1,,0,1,0,1,1,0,0,0.7911481284684311,1.1557930977347588,0.491981732173403,0.5583390810907958,0.6601619291775315,0.8652822826499852,0.05513612541454904,0.020345661238256,0.81466824,0.6017102960063677,0.6471749
2026-02-26 14:20:00,2026-02-26 15:05:00,1,933.35,942.85,pivot,9.5,0.156286,9.143714000000001,288026.99100000004,1.0,2026-02-26,935.75,935.8,933.0,0.0,943.0,944.55,942.55,0.0,2026,0.0,0.0,0.0,0.0,0.0,0.0,0.0,0.0,0.0,0.0,0.0,0.0,0.0,0.0,0.0,1.0,1.0,1.0,1,14,3,2,63.853576161326906,0.9085139306874482,1.245227804927167,0.9085139306874482,0.0914860693125517,8.551672248311187e-05,0.0001291728659837,0.001958605028171,True,15.035794563909016,0.9593503934653224,1.8284861710006155,0.9593503934653224,0.0406496065346775,0.0003234996617652,0.0003694194432597,0.003463039688353,True,41.62207301351394,0.859238082212916,0.9313816165287088,0.859238082212916,0.140761917787084,0.0005827320590647,0.000480433128055,0.0050058358804618,True,33.29263548452288,0.8502939578392877,0.9066629759306752,0.8502939578392877,0.1497060421607122,0.0011582444743031,0.0010253273120548,0.0070321142522949,True,0.9085139306874482,0.0914860693125517,-1.245227804927167,0.9593503934653224,0.0406496065346775,-1.8284861710006155,0.859238082212916,0.140761917787084,-0.9313816165287088,0.8502939578392877,0.1497060421607122,-0.9066629759306752,1,0,0,0.0,1,1,1,1,,0,1,0,1,1,0,0,0.8170278613748966,1.245227804927167,0.9187007869306448,1.8284861710006155,0.718476164425832,0.9313816165287088,0.7005879156785755,0.9066629759306752,0.8345213,0.5703581923866181,0.6523104
2026-02-27 10:35:00,2026-02-27 11:00:00,-1,922.95,922.6,pivot,0.3500000000000227,0.1553665,-0.005366499999977264,-169.0447499992838,1.0,2026-02-27,920.7,924.85,920.4,0.0,924.2,925.55,922.1,0.0,2026,0.0,0.0,0.0,0.0,0.0,0.0,0.0,0.0,0.0,0.0,0.0,0.0,0.0,0.0,0.0,1.0,1.0,1.0,0,10,4,2,61.30680184806034,0.0792056548123016,-1.3398092199763991,0.0792056548123016,0.9207943451876984,8.551672248311187e-05,0.0001291728659837,0.001958605028171,True,31.649819566328777,0.0818772583016657,-1.3897233357614942,0.0818772583016657,0.9181227416983342,0.0003234996617652,0.0003694194432597,0.003463039688353,True,83.6327156973603,0.3274161029561927,-0.3345022011604961,0.3274161029561927,0.6725838970438073,0.0005827320590647,0.000480433128055,0.0050058358804618,True,11.841295543410112,0.0612294174081718,-1.66672724706909,0.0612294174081718,0.9387705825918282,0.0011582444743031,0.0010253273120548,0.0070321142522949,True,0.9207943451876984,0.0792056548123016,-1.3398092199763991,0.9181227416983342,0.0818772583016657,-1.3897233357614942,0.6725838970438073,0.3274161029561927,-0.3345022011604961,0.9387705825918282,0.0612294174081718,-1.66672724706909,1,0,0,0.0,1,1,1,1,,0,1,1,0,1,0,0,0.8415886903753969,1.3398092199763991,0.8362454833966685,1.3897233357614942,0.34516779408761455,0.3345022011604961,0.8775411651836564,1.66672724706909,0.82826275,0.5939956612704006,0.6801028
2026-02-27 15:00:00,2026-02-27 15:05:00,-1,940.5,936.6,pivot,3.899999999999977,0.156313,3.543686999999977,111626.14049999928,1.0,2026-02-27,936.55,941.0,936.55,0.0,937.9,939.45,935.6,0.0,2026,0.0,0.0,0.0,0.0,0.0,0.0,0.0,0.0,0.0,0.0,0.0,0.0,0.0,0.0,0.0,1.0,1.0,1.0,1,15,4,2,22.58749722342012,0.021907139871,-2.1105053807805825,0.021907139871,0.978092860129,9.17139810189688e-05,0.0001302569107613,0.0020055209872097,True,0.7609666824647663,0.0011111591636016,-3.772177658387765,0.0011111591636016,0.9988888408363984,0.0003863748044222,0.0004149218915458,0.0034432008556156,True,0.3018248332387531,0.0003294288627279,-3.63123023383652,0.0003294288627279,0.999670571137272,0.0007785232701854,0.0008085498559321,0.0046852161306923,True,38.76218193436026,0.2054215812640078,-0.6870070493423466,0.2054215812640078,0.7945784187359921,0.0012870680264136,0.0011695332273873,0.0070545094903685,True,0.978092860129,0.021907139871,-2.1105053807805825,0.9988888408363984,0.0011111591636016,-3.772177658387765,0.999670571137272,0.0003294288627279,-3.63123023383652,0.7945784187359921,0.2054215812640078,-0.6870070493423466,1,0,0,0.0,1,1,1,1,,0,1,0,0,1,0,0,0.956185720258,2.1105053807805825,0.9977776816727968,3.772177658387765,0.9993411422745441,3.63123023383652,0.5891568374719843,0.6870070493423466,0.8043955,0.6870719611339441,0.6950288
2026-03-04 10:30:00,2026-03-04 11:10:00,-1,807.25,796.8,pivot,10.450000000000044,0.1481215,10.101878500000046,318209.1727500014,1.0,2026-03-04,805.0,808.1,802.5,0.0,796.3,802.55,794.6,0.0,2026,0.0,0.0,0.0,0.0,0.0,0.0,0.0,0.0,0.0,0.0,0.0,0.0,0.0,0.0,0.0,1.0,0.0,0.0,1,10,2,3,51.326957674929055,0.0734346378374706,-1.2647728936836524,0.0734346378374706,0.9265653621625292,4.32141998336322e-05,6.182190897546455e-05,0.0024026075546275,True,3.1846319783345938,0.0070842575720999,-2.832522299162909,0.0070842575720999,0.9929157424279,0.0001901718617907,0.0001175088054785,0.0037714156656066,True,4.8379901692821874e-43,0.0,-6.918687351953852,0.0,1.0,0.0007785232701854,0.0008085498559321,0.0046852161306923,True,1.7673091102533416,0.0038314650414814,-3.0591658360707865,0.0038314650414814,0.9961685349585184,0.0012870680264136,0.0011695332273873,0.0070545094903685,True,0.9265653621625292,0.0734346378374706,-1.2647728936836524,0.9929157424279,0.0070842575720999,-2.832522299162909,1.0,0.0,-6.918687351953852,0.9961685349585184,0.0038314650414814,-3.0591658360707865,1,0,0,0.0,1,1,1,1,,0,1,1,0,0,1,0,0.8531307243250585,1.2647728936836524,0.9858314848558002,2.832522299162909,1.0,6.918687351953852,0.9923370699170371,3.0591658360707865,0.7626899,0.5902458766534482,0.68531513
2026-03-04 12:00:00,2026-03-04 12:05:00,-1,782.7,769.05,pivot,13.650000000000093,0.1465525,13.303447500000091,419058.59625000285,1.0,2026-03-04,768.85,782.8,768.5,0.0,788.0,788.5,764.55,0.0,2026,0.0,0.0,0.0,0.0,0.0,0.0,0.0,0.0,0.0,0.0,0.0,0.0,0.0,0.0,0.0,1.0,0.0,0.0,1,12,2,3,0.2447145635819778,0.0,-7.509826327833841,0.0,1.0,4.32141998336322e-05,6.182190897546455e-05,0.0024026075546275,True,1.679200681454791e-09,0.0,-8.398744561386208,0.0,1.0,0.0001901718617907,0.0001175088054785,0.0037714156656066,True,1.2276088855673391e-67,0.0,-7.793955101751612,0.0,1.0,0.0007785232701854,0.0008085498559321,0.0046852161306923,True,3.2004831557244856e-100,0.0,-8.811031340168428,0.0,1.0,0.0012870680264136,0.0011695332273873,0.0070545094903685,True,1.0,0.0,-7.509826327833841,1.0,0.0,-8.398744561386208,1.0,0.0,-7.793955101751612,1.0,0.0,-8.811031340168428,1,0,0,0.0,1,1,1,1,,0,1,0,1,0,1,0,1.0,7.509826327833841,1.0,8.398744561386208,1.0,7.793955101751612,1.0,8.811031340168428,0.82150674,0.749249951383322,0.6630261
2026-03-04 12:05:00,2026-03-04 12:30:00,1,769.05,761.25,pivot,-7.799999999999954,0.145909,-8.145908999999955,-256596.13349999857,1.0,2026-03-04,788.0,788.5,764.55,0.0,754.5,763.5,754.45,0.0,2026,0.0,0.0,0.0,0.0,0.0,0.0,0.0,0.0,0.0,0.0,0.0,0.0,0.0,0.0,0.0,1.0,0.0,0.0,0,12,2,3,3.889942723319938e-50,0.999165973273926,10.214059279025976,0.999165973273926,0.0008340267260741,4.32141998336322e-05,6.182190897546455e-05,0.0024026075546275,True,31.14682146469878,0.9180282970324696,1.3013116719317257,0.9180282970324696,0.0819717029675305,0.0001901718617907,0.0001175088054785,0.0037714156656066,True,7.504322791107465,0.0163273475470708,-2.408951678347502,0.0163273475470708,0.9836726524529292,0.0007785232701854,0.0008085498559321,0.0046852161306923,True,3.24233647576736e-13,0.0,-5.4276277255458005,0.0,1.0,0.0012870680264136,0.0011695332273873,0.0070545094903685,True,0.999165973273926,0.0008340267260741,-10.214059279025976,0.9180282970324696,0.0819717029675305,-1.3013116719317257,0.0163273475470708,0.9836726524529292,2.408951678347502,0.0,1.0,5.4276277255458005,1,0,0,0.0,1,1,1,1,,0,1,0,1,0,1,0,0.9983319465478518,10.214059279025976,0.836056594064939,1.3013116719317257,-0.9673453049058585,2.408951678347502,-1.0,5.4276277255458005,0.76498973,0.7379487815834828,0.6507788
2026-03-04 13:00:00,2026-03-04 13:05:00,-1,795.0,791.5,pivot,3.5,0.147595,3.1524050000000003,99300.7575,1.0,2026-03-04,791.45,797.45,785.9,0.0,800.1,800.1,791.5,0.0,2026,0.0,0.0,0.0,0.0,0.0,0.0,0.0,0.0,0.0,0.0,0.0,0.0,0.0,0.0,0.0,1.0,2.0,0.0,1,13,2,3,23.295631144602105,0.0293528503377536,-1.7837396900860285,0.0293528503377536,0.9706471496622464,4.32141998336322e-05,6.182190897546455e-05,0.0024026075546275,True,7.466361956640445,0.9833865684629858,2.5442201049972004,0.9833865684629858,0.0166134315370142,0.0001901718617907,0.0001175088054785,0.0037714156656066,True,1.1781459652483188e-87,1.0,10.03216858236283,1.0,0.0,0.0007785232701854,0.0008085498559321,0.0046852161306923,True,0.3458884771793886,0.998759439838426,3.940923317293045,0.998759439838426,0.0012405601615741,0.0012870680264136,0.0011695332273873,0.0070545094903685,True,0.9706471496622464,0.0293528503377536,-1.7837396900860285,0.0166134315370142,0.9833865684629858,2.5442201049972004,0.0,1.0,10.03216858236283,0.0012405601615741,0.998759439838426,3.940923317293045,1,0,0,0.0,1,1,1,1,,0,1,0,1,0,0,0,0.9412942993244928,1.7837396900860285,-0.9667731369259716,2.5442201049972004,-1.0,10.03216858236283,-0.9975188796768518,3.940923317293045,0.7036143,0.5836554437542951,0.64470124
2026-03-04 13:05:00,2026-03-04 13:30:00,1,791.5,779.8,pivot,-11.700000000000044,0.147139,-12.047139000000044,-379484.8785000014,1.0,2026-03-04,800.1,800.1,791.5,0.0,781.35,781.75,773.05,0.0,2026,0.0,0.0,0.0,0.0,0.0,0.0,0.0,0.0,0.0,0.0,0.0,0.0,0.0,0.0,0.0,1.0,2.0,1.0,0,13,2,3,0.020194553254668,0.998328208064124,4.498525693277741,0.998328208064124,0.0016717919358758,4.32141998336322e-05,6.182190897546455e-05,0.0024026075546275,True,3.967105056313893e-37,1.0,6.715062356535205,1.0,0.0,0.0001901718617907,0.0001175088054785,0.0037714156656066,True,3.553689385106847e-83,1.0,9.905210041870848,1.0,0.0,0.0007785232701854,0.0008085498559321,0.0046852161306923,True,7.473864171392717,0.9680210658007368,1.9943408950006172,0.9680210658007368,0.0319789341992633,0.0012870680264136,0.0011695332273873,0.0070545094903685,True,0.998328208064124,0.0016717919358758,-4.498525693277741,1.0,0.0,-6.715062356535205,1.0,0.0,-9.905210041870848,0.9680210658007368,0.0319789341992633,-1.9943408950006172,1,0,0,0.0,1,1,1,1,,0,1,0,1,0,0,0,0.9966564161282482,4.498525693277741,1.0,6.715062356535205,1.0,9.905210041870848,0.9360421316014734,1.9943408950006172,0.86099666,0.9101697309223212,0.65237415
2026-03-04 15:00:00,2026-03-04 15:25:00,-1,770.3,749.85,pivot,20.44999999999993,0.1456045,20.10439549999993,633288.4582499978,1.0,2026-03-04,762.95,770.3,762.55,0.0,756.95,757.3,749.5,0.0,2026,0.0,0.0,0.0,0.0,0.0,0.0,0.0,0.0,0.0,0.0,0.0,0.0,0.0,0.0,0.0,1.0,0.0,0.0,1,15,2,3,0.7516424815689171,0.0011202303354632,-4.124260040852668,0.0011202303354632,0.9988797696645368,4.32141998336322e-05,6.182190897546455e-05,0.0024026075546275,True,1.2222647044426755,0.0013493027736349,-3.449630647903891,0.0013493027736349,0.9986506972263652,0.0001901718617907,0.0001175088054785,0.0037714156656066,True,107.84839421167057,0.4511194344804385,-0.1026250817396862,0.4511194344804385,0.5488805655195614,0.0007785232701854,0.0008085498559321,0.0046852161306923,True,6.072457399534976,0.0259360491650161,-2.222422284882545,0.0259360491650161,0.974063950834984,0.0012870680264136,0.0011695332273873,0.0070545094903685,True,0.9988797696645368,0.0011202303354632,-4.124260040852668,0.9986506972263652,0.0013493027736349,-3.449630647903891,0.5488805655195614,0.4511194344804385,-0.1026250817396862,0.974063950834984,0.0259360491650161,-2.222422284882545,1,0,0,0.0,1,1,1,1,,0,1,0,0,0,1,0,0.9977595393290737,4.124260040852668,0.9973013944527304,3.449630647903891,0.09776113103912293,0.1026250817396862,0.9481279016699679,2.222422284882545,0.8420784,0.7686490867941246,0.68147767
2026-03-05 13:25:00,2026-03-05 15:10:00,1,829.45,829.2,pivot,-0.25,0.1497595,-0.5997595000000001,-18892.424250000004,1.0,2026-03-05,831.4,832.45,828.85,0.0,831.55,834.7,828.75,0.0,2026,0.0,0.0,0.0,0.0,0.0,0.0,0.0,0.0,0.0,0.0,0.0,0.0,0.0,0.0,0.0,1.0,1.0,0.0,0,13,3,3,99.0144433490408,0.8558951665789294,0.6544624758773349,0.8558951665789294,0.1441048334210706,3.294412368800298e-05,-1.942055130268935e-05,0.0032492653733775,True,12.559295640429127,0.9478540760393036,1.331560279973641,0.9478540760393036,0.0521459239606965,0.0001570524695294,-1.88460537236132e-06,0.0054863251331768,True,8.773558061185971,0.9659637843044768,1.5523388219763754,0.9659637843044768,0.034036215695523,0.0003505668751602,-5.051193640767458e-05,0.0073965635832046,True,66.44288388548856,0.5229074766280395,0.1135918908007315,0.5229074766280395,0.4770925233719605,0.0006189891729333,-0.0001198186228683,0.0095298549669452,True,0.8558951665789294,0.1441048334210706,-0.6544624758773349,0.9478540760393036,0.0521459239606965,-1.331560279973641,0.9659637843044768,0.034036215695523,-1.5523388219763754,0.5229074766280395,0.4770925233719605,-0.1135918908007315,1,0,0,0.0,1,1,1,1,,0,1,0,1,1,0,0,0.7117903331578588,0.6544624758773349,0.8957081520786071,1.331560279973641,0.9319275686089539,1.5523388219763754,0.04581495325607898,0.1135918908007315,0.70618075,0.5182038375954164,0.68948084
2026-03-09 11:50:00,2026-03-09 12:15:00,1,765.95,759.95,pivot,-6.0,0.145777,-6.345777,-199891.9755,1.0,2026-03-09,769.55,769.9,765.25,0.0,759.55,763.2,759.05,0.0,2026,0.0,0.0,0.0,0.0,0.0,0.0,0.0,0.0,0.0,0.0,0.0,0.0,0.0,0.0,0.0,1.0,2.0,1.0,0,11,0,3,15.596715117847909,0.9637984363249468,1.406051847230066,0.9637984363249468,0.0362015636750531,2.989935927432016e-05,-2.2148976144304302e-05,0.0034435069382985,True,10.561312325819712,0.9513364045806384,1.405085994352643,0.9513364045806384,0.0486635954193616,0.0001436880031421,-4.790093617722056e-05,0.0057446228084635,True,0.9894100800332262,0.992177552727608,2.375799114073058,0.992177552727608,0.007822447272392,0.0003272222426398,-0.0001461589168683,0.0075944952322873,True,4.196460735971278,0.9715663586093746,1.8675514493374243,0.9715663586093746,0.0284336413906254,0.0006113395116251,-0.0001411934094021,0.0101547440691942,True,0.9637984363249468,0.0362015636750531,-1.406051847230066,0.9513364045806384,0.0486635954193616,-1.405085994352643,0.992177552727608,0.007822447272392,-2.375799114073058,0.9715663586093746,0.0284336413906254,-1.8675514493374243,1,0,0,0.0,1,1,1,1,,0,1,1,0,0,0,0,0.9275968726498937,1.406051847230066,0.9026728091612768,1.405085994352643,0.984355105455216,2.375799114073058,0.9431327172187491,1.8675514493374243,0.8456106,0.4760731839868379,0.72310436
2026-03-09 13:10:00,2026-03-09 13:35:00,-1,758.95,756.0,pivot,2.950000000000045,0.1454485,2.604551500000045,82043.37225000143,1.0,2026-03-09,757.4,760.0,756.6,0.0,753.9,756.95,753.9,0.0,2026,0.0,0.0,0.0,0.0,0.0,0.0,0.0,0.0,0.0,0.0,0.0,0.0,0.0,0.0,0.0,1.0,1.0,1.0,1,13,0,3,86.2675545906855,0.1680470111271243,-0.6063913879676915,0.1680470111271243,0.8319529888728757,2.989935927432016e-05,-2.2148976144304302e-05,0.0034435069382985,True,116.45608075154117,0.5217582134377856,0.0658062354677655,0.5217582134377856,0.4782417865622144,0.0001436880031421,-4.790093617722056e-05,0.0057446228084635,True,83.57421053961444,0.4494941525866385,-0.0155201213116468,0.4494941525866385,0.5505058474133615,0.0003272222426398,-0.0001461589168683,0.0075944952322873,True,41.59262186984401,0.282755378085298,-0.3235654567846642,0.282755378085298,0.717244621914702,0.0006113395116251,-0.0001411934094021,0.0101547440691942,True,0.8319529888728757,0.1680470111271243,-0.6063913879676915,0.4782417865622144,0.5217582134377856,0.0658062354677655,0.5505058474133615,0.4494941525866385,-0.0155201213116468,0.717244621914702,0.282755378085298,-0.3235654567846642,1,0,0,0.0,1,1,1,1,,0,1,0,1,1,0,0,0.6639059777457514,0.6063913879676915,-0.043516426875571224,0.0658062354677655,0.10101169482672301,0.0155201213116468,0.43448924382940396,0.3235654567846642,0.7369134,0.5305478196279181,0.7374172
2026-03-09 14:35:00,2026-03-09 15:10:00,-1,774.3,768.7,pivot,5.599999999999909,0.14629,5.253709999999909,165491.86499999714,1.0,2026-03-09,771.75,776.65,769.85,0.0,770.3,771.15,767.9,0.0,2026,0.0,0.0,0.0,0.0,0.0,0.0,0.0,0.0,0.0,0.0,0.0,0.0,0.0,0.0,0.0,1.0,2.0,2.0,1,14,0,3,42.40701470857204,0.102619806954754,-0.9433277140820622,0.102619806954754,0.897380193045246,3.746748150715008e-05,-6.276583710700366e-06,0.0036271551713259,True,37.98008070552887,0.8692730227500345,0.804696511576459,0.8692730227500345,0.1307269772499655,0.0001755388334521,-6.102433557766522e-06,0.0060607105883929,True,2.6220893598401416,0.9876527587437623,2.061624454557739,0.9876527587437623,0.0123472412562375,0.0003304748563662,-0.000210428971618,0.0077034692336297,True,1.428153205875937,0.9885547339578395,2.3621323417986773,0.9885547339578395,0.0114452660421604,0.000642202906552,-0.0003222099074237,0.0100431037043301,True,0.897380193045246,0.102619806954754,-0.9433277140820622,0.1307269772499655,0.8692730227500345,0.804696511576459,0.0123472412562375,0.9876527587437623,2.061624454557739,0.0114452660421604,0.9885547339578395,2.3621323417986773,1,0,0,0.0,1,1,1,1,,0,1,0,1,0,0,0,0.7947603860904919,0.9433277140820622,-0.738546045500069,0.804696511576459,-0.9753055174875248,2.061624454557739,-0.9771094679156791,2.3621323417986773,0.69577575,0.566674670218764,0.7261622
2026-03-10 13:10:00,2026-03-10 13:30:00,1,810.5,815.05,pivot,4.5499999999999545,0.1487665,4.2012334999999545,132338.85524999857,1.0,2026-03-10,813.85,814.35,810.25,0.0,815.6,817.55,814.4,0.0,2026,0.0,0.0,0.0,0.0,0.0,0.0,0.0,0.0,0.0,0.0,0.0,0.0,0.0,0.0,0.0,1.0,1.0,0.0,1,13,1,3,26.01468821648019,0.9447853885021584,1.189940080647692,0.9447853885021584,0.0552146114978416,3.746748150715008e-05,-6.276583710700366e-06,0.0036271551713259,True,48.46215228176909,0.8399046409206798,0.6917550758668232,0.8399046409206798,0.1600953590793201,0.0001755388334521,-6.102433557766522e-06,0.0060607105883929,True,40.55124275549635,0.8377212578805034,0.7310340251669849,0.8377212578805034,0.1622787421194965,0.0003304748563662,-0.000210428971618,0.0077034692336297,True,35.94669367325578,0.249274705278929,-0.3891168399931956,0.249274705278929,0.750725294721071,0.000642202906552,-0.0003222099074237,0.0100431037043301,True,0.9447853885021584,0.0552146114978416,-1.189940080647692,0.8399046409206798,0.1600953590793201,-0.6917550758668232,0.8377212578805034,0.1622787421194965,-0.7310340251669849,0.249274705278929,0.750725294721071,0.3891168399931956,1,0,0,0.0,1,1,1,1,,0,1,0,1,1,0,0,0.8895707770043169,1.189940080647692,0.6798092818413597,0.6917550758668232,0.6754425157610069,0.7310340251669849,-0.5014505894421419,0.3891168399931956,0.8397202,0.5675290190872261,0.6932372
2026-03-10 14:55:00,2026-03-10 15:00:00,1,819.95,822.85,pivot,2.8999999999999773,0.149284,2.550715999999977,80347.55399999928,1.0,2026-03-10,822.85,822.9,819.9,0.0,826.25,826.35,822.35,0.0,2026,0.0,0.0,0.0,0.0,0.0,0.0,0.0,0.0,0.0,0.0,0.0,0.0,0.0,0.0,0.0,1.0,1.0,1.0,1,14,1,3,43.500591016282,0.9142090797960472,0.9414779502626968,0.9142090797960472,0.0857909202039528,3.746748150715008e-05,-6.276583710700366e-06,0.0036271551713259,True,21.464738765092303,0.9151399975079956,1.067195570555932,0.9151399975079956,0.0848600024920043,0.0001755388334521,-6.102433557766522e-06,0.0060607105883929,True,25.982516110540697,0.8998448358314499,0.9773354461681776,0.8998448358314499,0.10015516416855,0.0003304748563662,-0.000210428971618,0.0077034692336297,True,26.166911046416136,0.8521429474851994,0.8278516020819962,0.8521429474851994,0.1478570525148006,0.000642202906552,-0.0003222099074237,0.0100431037043301,True,0.9142090797960472,0.0857909202039528,-0.9414779502626968,0.9151399975079956,0.0848600024920043,-1.067195570555932,0.8998448358314499,0.10015516416855,-0.9773354461681776,0.8521429474851994,0.1478570525148006,-0.8278516020819962,1,0,0,0.0,1,1,1,1,,0,1,0,1,1,0,0,0.8284181595920943,0.9414779502626968,0.8302799950159913,1.067195570555932,0.7996896716629,0.9773354461681776,0.7042858949703987,0.8278516020819962,0.80037534,0.5310116615654252,0.6739111
2026-03-10 15:00:00,2026-03-10 15:45:00,1,822.85,822.15,eod,-0.7000000000000455,0.14935,-1.0493500000000455,-33054.525000001435,1.0,2026-03-10,826.25,826.35,822.35,0.0,822.15,822.15,822.15,0.0,2026,0.0,0.0,0.0,0.0,0.0,0.0,0.0,0.0,0.0,0.0,0.0,0.0,0.0,0.0,0.0,1.0,2.0,2.0,0,15,1,3,28.88372788477323,0.93966721986322,1.1385627339194062,0.93966721986322,0.0603327801367801,3.746748150715008e-05,-6.276583710700366e-06,0.0036271551713259,True,8.594060602045085,0.9583547617769452,1.5962610200602017,0.9583547617769452,0.0416452382230548,0.0001755388334521,-6.102433557766522e-06,0.0060607105883929,True,15.504841805462046,0.9414016921251168,1.242730716100057,0.9414016921251168,0.0585983078748831,0.0003304748563662,-0.000210428971618,0.0077034692336297,True,30.881561166662877,0.8269452837626068,0.7395696682781283,0.8269452837626068,0.1730547162373932,0.000642202906552,-0.0003222099074237,0.0100431037043301,True,0.93966721986322,0.0603327801367801,-1.1385627339194062,0.9583547617769452,0.0416452382230548,-1.5962610200602017,0.9414016921251168,0.0585983078748831,-1.242730716100057,0.8269452837626068,0.1730547162373932,-0.7395696682781283,1,0,0,0.0,1,1,1,1,,0,1,0,0,0,0,0,0.8793344397264399,1.1385627339194062,0.9167095235538905,1.5962610200602017,0.8828033842502337,1.242730716100057,0.6538905675252136,0.7395696682781283,0.8437175,0.5216869120497267,0.6472411
2026-03-11 15:05:00,2026-03-11 15:20:00,1,831.65,833.15,pivot,1.5,0.149944,1.1500560000000002,36226.764,1.0,2026-03-11,834.0,834.85,829.0,0.0,830.6,834.7,830.35,0.0,2026,0.0,0.0,0.0,0.0,0.0,0.0,0.0,0.0,0.0,0.0,0.0,0.0,0.0,0.0,0.0,2.0,0.0,0.0,1,15,2,3,68.63326677422546,0.8657095566801185,0.7408208163252309,0.8657095566801185,0.1342904433198815,2.554170528514081e-05,-3.939324954543832e-06,0.0037330792387524,True,90.0962533474346,0.6611935173555225,0.2846226246766634,0.6611935173555225,0.3388064826444775,0.000157664949922,2.678121347703429e-05,0.0062307038756508,True,18.932898168897196,0.1200246414103862,-1.0458697677776612,0.1200246414103862,0.8799753585896137,0.000429257607964,-7.095212852368031e-05,0.0079806846011588,True,5.2959437618990455,0.0399584900362458,-1.952309324200587,0.0399584900362458,0.960041509963754,0.0008468855426299,-0.0001715402931892,0.0103382355236704,True,0.8657095566801185,0.1342904433198815,-0.7408208163252309,0.6611935173555225,0.3388064826444775,-0.2846226246766634,0.1200246414103862,0.8799753585896137,1.0458697677776612,0.0399584900362458,0.960041509963754,1.952309324200587,1,0,0,0.0,1,1,1,1,,0,1,0,0,0,1,0,0.731419113360237,0.7408208163252309,0.32238703471104496,0.2846226246766634,-0.7599507171792276,1.0458697677776612,-0.9200830199275083,1.952309324200587,0.6929344,0.5419442114804066,0.6218401
2026-03-11 15:20:00,2026-03-11 15:45:00,-1,833.15,837.5,eod,-4.350000000000023,0.1501195,-4.700119500000023,-148053.7642500007,1.0,2026-03-11,830.6,834.7,830.35,0.0,837.5,837.5,837.5,0.0,2026,0.0,0.0,0.0,0.0,0.0,0.0,0.0,0.0,0.0,0.0,0.0,0.0,0.0,0.0,0.0,2.0,0.0,0.0,0,15,2,3,56.16791953365408,0.1293487269000608,-0.8361566057334326,0.1293487269000608,0.8706512730999392,2.554170528514081e-05,-3.939324954543832e-06,0.0037330792387524,True,41.62612627719224,0.1839321725648454,-0.6599338465818371,0.1839321725648454,0.8160678274351545,0.000157664949922,2.678121347703429e-05,0.0062307038756508,True,55.18627581245122,0.3112503336450882,-0.2774121068636795,0.3112503336450882,0.6887496663549117,0.000429257607964,-7.095212852368031e-05,0.0079806846011588,True,6.893708483762793,0.049915529303187,-1.7947003764555876,0.049915529303187,0.950084470696813,0.0008468855426299,-0.0001715402931892,0.0103382355236704,True,0.8706512730999392,0.1293487269000608,-0.8361566057334326,0.8160678274351545,0.1839321725648454,-0.6599338465818371,0.6887496663549117,0.3112503336450882,-0.2774121068636795,0.950084470696813,0.049915529303187,-1.7947003764555876,1,0,0,0.0,1,1,1,1,,0,1,0,0,0,1,0,0.7413025461998783,0.8361566057334326,0.6321356548703091,0.6599338465818371,0.37749933270982355,0.2774121068636795,0.900168941393626,1.7947003764555876,0.76168597,0.5569436891540038,0.6189673
2026-03-12 11:45:00,2026-03-12 12:15:00,-1,823.5,820.5,pivot,3.0,0.14932,2.65068,83496.42,1.0,2026-03-12,820.8,824.0,820.4,0.0,822.5,822.75,820.4,0.0,2026,0.0,0.0,0.0,0.0,0.0,0.0,0.0,0.0,0.0,0.0,0.0,0.0,0.0,0.0,0.0,1.0,1.0,0.0,1,11,3,3,55.99883541073892,0.1322172048004921,-0.8476923172304123,0.1322172048004921,0.8677827951995079,2.788844124525146e-05,-1.486609651883976e-05,0.0037849709640833,True,36.923102494773794,0.1707127613215986,-0.7384347802586615,0.1707127613215986,0.8292872386784014,0.0001282808893661,-3.509717169686432e-05,0.006289631027851,True,28.26672212226583,0.2014560482090137,-0.6321306070462013,0.2014560482090137,0.7985439517909863,0.0003965682602632,-0.0001665644381264,0.0080982459603812,True,11.26326908815003,0.1307903459940525,-1.0399498354896557,0.1307903459940525,0.8692096540059475,0.0010411505119948,-0.0001924682210875,0.0105908928744688,True,0.8677827951995079,0.1322172048004921,-0.8476923172304123,0.8292872386784014,0.1707127613215986,-0.7384347802586615,0.7985439517909863,0.2014560482090137,-0.6321306070462013,0.8692096540059475,0.1307903459940525,-1.0399498354896557,1,0,0,0.0,1,1,1,1,,0,1,1,0,1,0,0,0.7355655903990157,0.8476923172304123,0.6585744773568027,0.7384347802586615,0.5970879035819725,0.6321306070462013,0.738419308011895,1.0399498354896557,0.7679831,0.5425066570884479,0.5620229
2026-03-12 12:15:00,2026-03-12 12:45:00,1,820.5,819.25,pivot,-1.25,0.1491925,-1.5991925,-50374.56375,1.0,2026-03-12,822.5,822.75,820.4,0.0,819.75,821.05,818.9,0.0,2026,0.0,0.0,0.0,0.0,0.0,0.0,0.0,0.0,0.0,0.0,0.0,0.0,0.0,0.0,0.0,1.0,1.0,0.0,0,12,3,3,83.70883162401725,0.8345622320316105,0.6471484799074287,0.8345622320316105,0.1654377679683895,2.788844124525146e-05,-1.486609651883976e-05,0.0037849709640833,True,93.65921645861886,0.617499491292647,0.2183559389548015,0.617499491292647,0.3825005087073529,0.0001282808893661,-3.509717169686432e-05,0.006289631027851,True,72.30124477177961,0.626178743623987,0.2760564043232774,0.626178743623987,0.373821256376013,0.0003965682602632,-0.0001665644381264,0.0080982459603812,True,36.02392907849115,0.2923509994778757,-0.2855507240803762,0.2923509994778757,0.7076490005221243,0.0010411505119948,-0.0001924682210875,0.0105908928744688,True,0.8345622320316105,0.1654377679683895,-0.6471484799074287,0.617499491292647,0.3825005087073529,-0.2183559389548015,0.626178743623987,0.373821256376013,-0.2760564043232774,0.2923509994778757,0.7076490005221243,0.2855507240803762,1,0,0,0.0,1,1,1,1,,0,1,0,1,1,0,0,0.669124464063221,0.6471484799074287,0.23499898258529411,0.2183559389548015,0.25235748724797397,0.2760564043232774,-0.41529800104424863,0.2855507240803762,0.710216,0.5695181484823187,0.5418757
2026-03-12 13:15:00,2026-03-12 13:45:00,1,821.25,821.9,pivot,0.6499999999999773,0.1492945,0.30070549999997725,9472.223249999284,1.0,2026-03-12,824.65,824.8,821.25,0.0,822.1,823.6,821.65,0.0,2026,0.0,0.0,0.0,0.0,0.0,0.0,0.0,0.0,0.0,0.0,0.0,0.0,0.0,0.0,0.0,1.0,1.0,1.0,1,13,3,3,33.92231030978268,0.9299011895393354,1.1115633081006888,0.9299011895393354,0.0700988104606645,2.788844124525146e-05,-1.486609651883976e-05,0.0037849709640833,True,84.54308506902822,0.6823697183064431,0.333677057761838,0.6823697183064431,0.3176302816935569,0.0001282808893661,-3.509717169686432e-05,0.006289631027851,True,37.04312030423932,0.8407632170281863,0.7564851249889175,0.8407632170281863,0.1592367829718136,0.0003965682602632,-0.0001665644381264,0.0080982459603812,True,57.58342023333737,0.591810765360035,0.2646650767735446,0.591810765360035,0.408189234639965,0.0010411505119948,-0.0001924682210875,0.0105908928744688,True,0.9299011895393354,0.0700988104606645,-1.1115633081006888,0.6823697183064431,0.3176302816935569,-0.333677057761838,0.8407632170281863,0.1592367829718136,-0.7564851249889175,0.591810765360035,0.408189234639965,-0.2646650767735446,1,0,0,0.0,1,1,1,1,,0,1,0,1,1,0,0,0.859802379078671,1.1115633081006888,0.3647394366128862,0.333677057761838,0.6815264340563727,0.7564851249889175,0.18362153072006998,0.2646650767735446,0.84533596,0.5808357877233357,0.54733974
2026-03-13 11:00:00,2026-03-13 11:05:00,1,819.4,821.35,pivot,1.9500000000000453,0.1492225,1.6007775000000455,50424.49125000143,1.0,2026-03-13,821.45,821.45,816.35,0.0,820.25,821.55,818.85,0.0,2026,0.0,0.0,0.0,0.0,0.0,0.0,0.0,0.0,0.0,0.0,0.0,0.0,0.0,0.0,0.0,1.0,1.0,2.0,1,11,4,3,86.45225353231159,0.829637761261489,0.6318514164769943,0.829637761261489,0.1703622387385109,2.788844124525146e-05,-1.486609651883976e-05,0.0037849709640833,True,34.83096591900664,0.8669521009311298,0.8400321038833557,0.8669521009311298,0.1330478990688701,0.0001282808893661,-3.509717169686432e-05,0.006289631027851,True,48.59679025343844,0.7870137955105951,0.6006753023840407,0.7870137955105951,0.2129862044894048,0.0003965682602632,-0.0001665644381264,0.0080982459603812,True,13.91994188729072,0.9201548410634052,1.180484870281874,0.9201548410634052,0.0798451589365948,0.0010411505119948,-0.0001924682210875,0.0105908928744688,True,0.829637761261489,0.1703622387385109,-0.6318514164769943,0.8669521009311298,0.1330478990688701,-0.8400321038833557,0.7870137955105951,0.2129862044894048,-0.6006753023840407,0.9201548410634052,0.0798451589365948,-1.180484870281874,1,0,0,0.0,1,1,1,1,,0,1,1,0,1,0,0,0.6592755225229782,0.6318514164769943,0.7339042018622597,0.8400321038833557,0.5740275910211903,0.6006753023840407,0.8403096821268103,1.180484870281874,0.74116343,0.5776928631562933,0.55960244
2026-03-13 14:15:00,2026-03-13 14:40:00,1,809.0,812.5,pivot,3.5,0.148645,3.1513549999999997,99267.6825,1.0,2026-03-13,811.3,811.4,809.0,0.0,811.35,813.4,811.05,0.0,2026,0.0,0.0,0.0,0.0,0.0,0.0,0.0,0.0,0.0,0.0,0.0,0.0,0.0,0.0,0.0,1.0,1.0,1.0,1,14,4,3,70.17141137335523,0.8545122594803499,0.7286309208686091,0.8545122594803499,0.14548774051965,3.7648908380406576e-05,7.68320484854443e-07,0.0038104493718268,True,94.98194877405804,0.5793291832338298,0.1508578184392474,0.5793291832338298,0.4206708167661702,0.0001653521045553,3.572997164564134e-05,0.0063028105767397,True,72.83007715312596,0.5841007675910319,0.2020726578402613,0.5841007675910319,0.4158992324089681,0.0003401176919881,-0.0001630184305012,0.0081318324440209,True,48.442752296781926,0.3868914019271197,-0.0929385285720583,0.3868914019271197,0.6131085980728803,0.0007633843804384,-0.0003660639690787,0.0106400042191854,True,0.8545122594803499,0.14548774051965,-0.7286309208686091,0.5793291832338298,0.4206708167661702,-0.1508578184392474,0.5841007675910319,0.4158992324089681,-0.2020726578402613,0.3868914019271197,0.6131085980728803,0.0929385285720583,1,0,0,0.0,1,1,1,1,,0,1,0,1,1,0,0,0.7090245189607,0.7286309208686091,0.15865836646765957,0.1508578184392474,0.16820153518206382,0.2020726578402613,-0.22621719614576064,0.0929385285720583,0.6807965,0.5819982124988284,0.5734465
2026-03-16 10:30:00,2026-03-16 10:35:00,-1,814.4,811.9,pivot,2.5,0.148789,2.151211,67763.1465,1.0,2026-03-16,811.8,815.4,811.55,0.0,812.8,815.75,811.7,0.0,2026,0.0,0.0,0.0,0.0,0.0,0.0,0.0,0.0,0.0,0.0,0.0,0.0,0.0,0.0,0.0,1.0,1.0,1.0,1,10,0,3,55.24654925553897,0.1294354579341933,-0.8716011246188142,0.1294354579341933,0.8705645420658066,3.7648908380406576e-05,7.68320484854443e-07,0.0038104493718268,True,17.672645573435567,0.0796066358449043,-1.270979510275565,0.0796066358449043,0.9203933641550957,0.0001653521045553,3.572997164564134e-05,0.0063028105767397,True,21.03093712551493,0.133223642472001,-0.9756954360209292,0.133223642472001,0.866776357527999,0.0003401176919881,-0.0001630184305012,0.0081318324440209,True,13.3787192940353,0.1461329753181739,-0.9273663601398456,0.1461329753181739,0.8538670246818261,0.0007633843804384,-0.0003660639690787,0.0106400042191854,True,0.8705645420658066,0.1294354579341933,-0.8716011246188142,0.9203933641550957,0.0796066358449043,-1.270979510275565,0.866776357527999,0.133223642472001,-0.9756954360209292,0.8538670246818261,0.1461329753181739,-0.9273663601398456,1,0,0,0.0,1,1,1,1,,0,1,1,0,1,0,0,0.7411290841316133,0.8716011246188142,0.8407867283101913,1.270979510275565,0.733552715055998,0.9756954360209292,0.7077340493636521,0.9273663601398456,0.74409217,0.5224039066122509,0.6018485
2026-03-16 11:30:00,2026-03-16 12:05:00,-1,811.35,813.1,pivot,-1.75,0.1487335,-2.0987335,-66110.10525,1.0,2026-03-16,809.6,811.45,809.5,0.0,814.3,814.3,812.15,0.0,2026,0.0,0.0,0.0,0.0,0.0,0.0,0.0,0.0,0.0,0.0,0.0,0.0,0.0,0.0,0.0,1.0,1.0,0.0,0,11,0,3,87.20438590479104,0.2115357391432391,-0.5668614281558622,0.2115357391432391,0.7884642608567608,3.7648908380406576e-05,7.68320484854443e-07,0.0038104493718268,True,32.88629687203936,0.1482352959401398,-0.8363737433909414,0.1482352959401398,0.8517647040598602,0.0001653521045553,3.572997164564134e-05,0.0063028105767397,True,20.113289796974648,0.1239129882509808,-1.0311120669013494,0.1239129882509808,0.8760870117490192,0.0003401176919881,-0.0001630184305012,0.0081318324440209,True,40.44452995556785,0.3260709633360782,-0.2206429484571305,0.3260709633360782,0.6739290366639218,0.0007633843804384,-0.0003660639690787,0.0106400042191854,True,0.7884642608567608,0.2115357391432391,-0.5668614281558622,0.8517647040598602,0.1482352959401398,-0.8363737433909414,0.8760870117490192,0.1239129882509808,-1.0311120669013494,0.6739290366639218,0.3260709633360782,-0.2206429484571305,1,0,0,0.0,1,1,1,1,,0,1,1,0,1,0,0,0.5769285217135217,0.5668614281558622,0.7035294081197203,0.8363737433909414,0.7521740234980383,1.0311120669013494,0.3478580733278436,0.2206429484571305,0.7267732,0.6240539808281934,0.58357567
2026-03-16 14:35:00,2026-03-16 14:50:00,1,820.65,825.25,pivot,4.600000000000023,0.149377,4.250623000000022,133894.6245000007,1.0,2026-03-16,822.35,822.65,820.5,0.0,825.95,826.6,825.25,0.0,2026,0.0,0.0,0.0,0.0,0.0,0.0,0.0,0.0,0.0,0.0,0.0,0.0,0.0,0.0,0.0,1.0,1.0,1.0,1,14,0,3,96.62461206680746,0.8010382145421147,0.5752624398637642,0.8010382145421147,0.1989617854578853,1.7434924413756686e-05,-1.4580447861913866e-05,0.0038344733753614,True,91.06562506013088,0.5358159157820929,0.0772881709440698,0.5358159157820929,0.4641840842179071,9.45866570736206e-05,-5.559145312464171e-06,0.0063669300367741,True,71.57271908468606,0.5306026630499677,0.1130591621393954,0.5306026630499677,0.4693973369500323,0.0003630420334039,-0.0001321557242579,0.0081628587805721,True,46.30106005729359,0.3977591611930157,-0.095103292326233,0.3977591611930157,0.6022408388069843,0.0005169103656026,-0.0004999146927509,0.010714300721683,True,0.8010382145421147,0.1989617854578853,-0.5752624398637642,0.5358159157820929,0.4641840842179071,-0.0772881709440698,0.5306026630499677,0.4693973369500323,-0.1130591621393954,0.3977591611930157,0.6022408388069843,0.095103292326233,1,0,0,0.0,1,1,1,1,,0,1,0,1,1,0,0,0.6020764290842293,0.5752624398637642,0.07163183156418579,0.0772881709440698,0.06120532609993545,0.1130591621393954,-0.20448167761396863,0.095103292326233,0.73327684,0.5762423818679612,0.56127954
2026-03-17 13:30:00,2026-03-17 14:15:00,1,849.2,853.5,pivot,4.2999999999999545,0.151081,3.9489189999999557,124390.9484999986,1.0,2026-03-17,850.8,850.9,849.2,0.0,853.6,854.15,853.35,0.0,2026,0.0,0.0,0.0,0.0,0.0,0.0,0.0,0.0,0.0,0.0,0.0,0.0,0.0,0.0,0.0,1.0,1.0,1.0,1,13,1,3,113.94481797693793,0.7623260904302307,0.4793505009217562,0.7623260904302307,0.2376739095697693,1.7434924413756686e-05,-1.4580447861913866e-05,0.0038344733753614,True,90.36963573837492,0.4753449801658342,-0.026815116281367,0.4753449801658342,0.5246550198341657,9.45866570736206e-05,-5.559145312464171e-06,0.0063669300367741,True,69.42501402509598,0.6081615500774227,0.24678966957428,0.6081615500774227,0.3918384499225773,0.0003630420334039,-0.0001321557242579,0.0081628587805721,True,51.75149162798929,0.4728509697720615,0.0466586393024447,0.4728509697720615,0.5271490302279385,0.0005169103656026,-0.0004999146927509,0.010714300721683,True,0.7623260904302307,0.2376739095697693,-0.4793505009217562,0.4753449801658342,0.5246550198341657,0.026815116281367,0.6081615500774227,0.3918384499225773,-0.24678966957428,0.4728509697720615,0.5271490302279385,-0.0466586393024447,1,0,0,0.0,1,1,1,1,,0,1,0,1,1,0,0,0.5246521808604614,0.4793505009217562,-0.04931003966833153,0.026815116281367,0.21632310015484535,0.24678966957428,-0.054298060455876984,0.0466586393024447,0.6955337,0.6415700314551287,0.5498551
2026-03-19 11:30:00,2026-03-19 12:40:00,1,873.55,875.15,pivot,1.6000000000000227,0.152461,1.2475390000000228,39297.47850000072,1.0,2026-03-19,875.3,875.3,872.55,0.0,875.1,875.75,874.25,0.0,2026,0.0,0.0,0.0,0.0,0.0,0.0,0.0,0.0,0.0,0.0,0.0,0.0,0.0,0.0,0.0,1.0,2.0,2.0,1,11,3,3,103.47986026863786,0.7949212044046057,0.5536819612934409,0.7949212044046057,0.2050787955953943,4.534984935061747e-05,-3.433629163509984e-06,0.0038275247605437,True,42.98835412620399,0.8365169172338507,0.7538068254530123,0.8365169172338507,0.1634830827661493,9.191086678209478e-05,1.5568320648198752e-05,0.0063601647411675,True,12.942636723560408,0.9460020631319692,1.3646568255739715,0.9460020631319692,0.0539979368680306,0.0002627213975535,-0.0001745076779503,0.0081668950940275,True,11.773072183978604,0.9326553725048394,1.3239360770580997,0.9326553725048394,0.0673446274951605,0.0006554515907649,-0.0003564157785801,0.0106522738543926,True,0.7949212044046057,0.2050787955953943,-0.5536819612934409,0.8365169172338507,0.1634830827661493,-0.7538068254530123,0.9460020631319692,0.0539979368680306,-1.3646568255739715,0.9326553725048394,0.0673446274951605,-1.3239360770580997,1,0,0,0.0,1,1,1,1,,0,1,1,0,0,0,0,0.5898424088092113,0.5536819612934409,0.6730338344677014,0.7538068254530123,0.8920041262639387,1.3646568255739715,0.865310745009679,1.3239360770580997,0.7047624,0.5614409881585111,0.54287225
2026-03-20 10:35:00,2026-03-20 12:45:00,1,871.0,866.85,pivot,-4.149999999999977,0.1521355,-4.502135499999977,-141817.2682499993,1.0,2026-03-20,873.25,873.4,870.55,0.0,867.7,867.9,866.5,0.0,2026,0.0,0.0,0.0,0.0,0.0,0.0,0.0,0.0,0.0,0.0,0.0,0.0,0.0,0.0,0.0,1.0,1.0,1.0,0,10,4,3,85.19050914433724,0.8317167685518873,0.6533693792314473,0.8317167685518873,0.1682832314481127,7.370105420965154e-06,-2.9178774131359785e-05,0.0038175673906853,True,24.05226959177601,0.9057274765911574,1.0845099647454168,0.9057274765911574,0.0942725234088426,1.907867292473843e-05,-5.148221554039739e-05,0.0063516504559629,True,58.58402179275053,0.7109067502766271,0.447553017988516,0.7109067502766271,0.2890932497233729,0.0001835965974105,-0.0002740534158204,0.0081732379411362,True,32.23088566817749,0.774321620638044,0.6570133727196096,0.774321620638044,0.225678379361956,0.0006603055058596,-0.0003067403294043,0.010872969444085,True,0.8317167685518873,0.1682832314481127,-0.6533693792314473,0.9057274765911574,0.0942725234088426,-1.0845099647454168,0.7109067502766271,0.2890932497233729,-0.447553017988516,0.774321620638044,0.225678379361956,-0.6570133727196096,1,0,0,0.0,1,1,1,1,,0,1,1,0,1,0,0,0.6634335371037745,0.6533693792314473,0.8114549531823148,1.0845099647454168,0.4218135005532542,0.447553017988516,0.548643241276088,0.6570133727196096,0.75681317,0.5739874151931811,0.5340486
2026-03-20 15:25:00,2026-03-20 15:45:00,-1,863.05,862.55,eod,0.5,0.151768,0.14823200000000003,4669.308000000001,1.0,2026-03-20,861.75,863.25,861.05,0.0,862.55,862.55,862.55,0.0,2026,0.0,0.0,0.0,0.0,0.0,0.0,0.0,0.0,0.0,0.0,0.0,0.0,0.0,0.0,0.0,1.0,1.0,1.0,1,15,4,3,116.6761692341531,0.2928308516359119,-0.372045013740244,0.2928308516359119,0.7071691483640881,7.370105420965154e-06,-2.9178774131359785e-05,0.0038175673906853,True,37.82450397916341,0.1589768368675247,-0.802805696466515,0.1589768368675247,0.8410231631324753,1.907867292473843e-05,-5.148221554039739e-05,0.0063516504559629,True,44.632657524181376,0.2783073428247437,-0.4128883221038196,0.2783073428247437,0.7216926571752563,0.0001835965974105,-0.0002740534158204,0.0081732379411362,True,34.15676264101637,0.2883933459328439,-0.3552022899071121,0.2883933459328439,0.7116066540671562,0.0006603055058596,-0.0003067403294043,0.010872969444085,True,0.7071691483640881,0.2928308516359119,-0.372045013740244,0.8410231631324753,0.1589768368675247,-0.802805696466515,0.7216926571752563,0.2783073428247437,-0.4128883221038196,0.7116066540671562,0.2883933459328439,-0.3552022899071121,1,0,0,0.0,1,1,1,1,,0,1,0,0,1,0,0,0.4143382967281762,0.372045013740244,0.6820463262649505,0.802805696466515,0.44338531435051265,0.4128883221038196,0.4232133081343123,0.3552022899071121,0.688083,0.6241471936043511,0.53565454
2026-03-23 10:35:00,2026-03-23 11:25:00,1,815.15,818.6,pivot,3.450000000000045,0.1490125,3.1009875000000457,97681.10625000144,1.0,2026-03-23,819.65,819.65,812.9,0.0,816.05,820.4,815.8,0.0,2026,0.0,0.0,0.0,0.0,0.0,0.0,0.0,0.0,0.0,0.0,0.0,0.0,0.0,0.0,0.0,1.0,1.0,1.0,1,10,0,3,16.047248827333743,0.9583974579871112,1.4336660438360689,0.9583974579871112,0.0416025420128889,7.370105420965154e-06,-2.9178774131359785e-05,0.0038175673906853,True,29.416219973337423,0.8882633716797932,0.981116155068486,0.8882633716797932,0.1117366283202068,1.907867292473843e-05,-5.148221554039739e-05,0.0063516504559629,True,5.738363825015052,0.9749342747693934,1.7623111594455223,0.9749342747693934,0.0250657252306065,0.0001835965974105,-0.0002740534158204,0.0081732379411362,True,28.47112916596796,0.8046245189441851,0.7491600974598496,0.8046245189441851,0.1953754810558149,0.0006603055058596,-0.0003067403294043,0.010872969444085,True,0.9583974579871112,0.0416025420128889,-1.4336660438360689,0.8882633716797932,0.1117366283202068,-0.981116155068486,0.9749342747693934,0.0250657252306065,-1.7623111594455223,0.8046245189441851,0.1953754810558149,-0.7491600974598496,1,0,0,0.0,1,1,1,1,,0,1,1,0,1,0,0,0.9167949159742222,1.4336660438360689,0.7765267433595864,0.981116155068486,0.949868549538787,1.7623111594455223,0.6092490378883701,0.7491600974598496,0.86062115,0.5356442845262123,0.5096352
2026-03-23 11:25:00,2026-03-23 11:40:00,-1,818.6,810.5,pivot,8.100000000000023,0.148873,7.7511270000000225,244160.50050000072,1.0,2026-03-23,816.05,820.4,815.8,0.0,810.5,811.8,809.55,0.0,2026,0.0,0.0,0.0,0.0,0.0,0.0,0.0,0.0,0.0,0.0,0.0,0.0,0.0,0.0,0.0,1.0,1.0,1.0,1,11,0,3,66.54935218884701,0.152772908045905,-0.7776131071311628,0.152772908045905,0.847227091954095,7.370105420965154e-06,-2.9178774131359785e-05,0.0038175673906853,True,60.60539256072536,0.7624219038499812,0.529876230299021,0.7624219038499812,0.2375780961500188,1.907867292473843e-05,-5.148221554039739e-05,0.0063516504559629,True,55.37882160344883,0.3540147278047559,-0.228566319917628,0.3540147278047559,0.6459852721952442,0.0001835965974105,-0.0002740534158204,0.0081732379411362,True,50.27316779057105,0.5786697948251651,0.2313005460651103,0.5786697948251651,0.4213302051748349,0.0006603055058596,-0.0003067403294043,0.010872969444085,True,0.847227091954095,0.152772908045905,-0.7776131071311628,0.2375780961500188,0.7624219038499812,0.529876230299021,0.6459852721952442,0.3540147278047559,-0.228566319917628,0.4213302051748349,0.5786697948251651,0.2313005460651103,1,0,0,0.0,1,1,1,1,,0,1,1,0,1,0,0,0.6944541839081899,0.7776131071311628,-0.5248438076999624,0.529876230299021,0.29197054439048825,0.228566319917628,-0.15733958965033024,0.2313005460651103,0.70538074,0.576278034983868,0.50145745
2026-03-23 12:50:00,2026-03-23 13:30:00,-1,807.5,809.35,pivot,-1.8500000000000227,0.1485055,-2.1985055000000226,-69252.92325000072,1.0,2026-03-23,806.35,808.45,806.05,0.0,808.95,809.8,808.4,0.0,2026,0.0,0.0,0.0,0.0,0.0,0.0,0.0,0.0,0.0,0.0,0.0,0.0,0.0,0.0,0.0,1.0,1.0,1.0,0,12,0,3,121.2036655875828,0.306469756914313,-0.337650327405683,0.306469756914313,0.693530243085687,-3.738803653299857e-05,-7.876367889264873e-05,0.0038041679968976,True,55.46864996733421,0.2441640098386742,-0.5184430133499491,0.2441640098386742,0.7558359901613257,-0.0001111801712055,-0.00017316074676,0.006352215585528,True,53.45053005158674,0.3421905893533386,-0.262129239768873,0.3421905893533386,0.6578094106466614,-2.356351918468237e-05,-0.0004427621540178,0.008233269234611,True,36.213447817605925,0.3013827986947803,-0.3280084943780278,0.3013827986947803,0.6986172013052196,7.22975114489142e-05,-0.0008408703913867,0.0108290532041495,True,0.693530243085687,0.306469756914313,-0.337650327405683,0.7558359901613257,0.2441640098386742,-0.5184430133499491,0.6578094106466614,0.3421905893533386,-0.262129239768873,0.6986172013052196,0.3013827986947803,-0.3280084943780278,1,0,0,0.0,1,1,1,1,,0,1,0,1,1,0,0,0.387060486171374,0.337650327405683,0.5116719803226515,0.5184430133499491,0.3156188212933228,0.262129239768873,0.39723440261043935,0.3280084943780278,0.67677593,0.6159735207118551,0.49165386
2026-03-23 14:45:00,2026-03-23 15:30:00,-1,805.25,804.9,pivot,0.3500000000000227,0.1483045,0.001695500000022736,53.40825000071618,1.0,2026-03-23,802.5,805.25,802.4,0.0,803.65,805.9,803.5,0.0,2026,0.0,0.0,0.0,0.0,0.0,0.0,0.0,0.0,0.0,0.0,0.0,0.0,0.0,0.0,0.0,1.0,1.0,1.0,1,14,0,3,55.492681166504354,0.1258645921458836,-0.8948763885327436,0.1258645921458836,0.8741354078541164,-3.738803653299857e-05,-7.876367889264873e-05,0.0038041679968976,True,41.62167217776106,0.1743178264192748,-0.7457057381762086,0.1743178264192748,0.8256821735807252,-0.0001111801712055,-0.00017316074676,0.006352215585528,True,17.17652283449464,0.0968202177871921,-1.1959766089346582,0.0968202177871921,0.903179782212808,-2.356351918468237e-05,-0.0004427621540178,0.008233269234611,True,29.007897602740066,0.2498782088101378,-0.4730442180715488,0.2498782088101378,0.7501217911898621,7.22975114489142e-05,-0.0008408703913867,0.0108290532041495,True,0.8741354078541164,0.1258645921458836,-0.8948763885327436,0.8256821735807252,0.1743178264192748,-0.7457057381762086,0.903179782212808,0.0968202177871921,-1.1959766089346582,0.7501217911898621,0.2498782088101378,-0.4730442180715488,1,0,0,0.0,1,1,1,1,,0,1,0,1,1,0,0,0.7482708157082327,0.8948763885327436,0.6513643471614503,0.7457057381762086,0.806359564425616,1.1959766089346582,0.5002435823797243,0.4730442180715488,0.7945941,0.5200342894501614,0.46928084
2026-03-24 12:30:00,2026-03-24 13:25:00,-1,825.85,823.65,pivot,2.200000000000045,0.149485,1.8505150000000457,58291.22250000144,1.0,2026-03-24,821.45,826.05,821.0,0.0,823.1,824.55,822.2,0.0,2026,0.0,0.0,0.0,0.0,0.0,0.0,0.0,0.0,0.0,0.0,0.0,0.0,0.0,0.0,0.0,1.0,1.0,2.0,1,12,1,3,22.129076110815344,0.0540990629416021,-1.3994823019841534,0.0540990629416021,0.9459009370583978,-3.738803653299857e-05,-7.876367889264873e-05,0.0038041679968976,True,90.15479121355644,0.5713750437518165,0.1326990139953591,0.5713750437518165,0.4286249562481835,-0.0001111801712055,-0.00017316074676,0.006352215585528,True,46.16106259171067,0.7875627936257248,0.6243709406846176,0.7875627936257248,0.2124372063742752,-2.356351918468237e-05,-0.0004427621540178,0.008233269234611,True,34.080973096466934,0.7665771815533712,0.6301376576823449,0.7665771815533712,0.2334228184466288,7.22975114489142e-05,-0.0008408703913867,0.0108290532041495,True,0.9459009370583978,0.0540990629416021,-1.3994823019841534,0.4286249562481835,0.5713750437518165,0.1326990139953591,0.2124372063742752,0.7875627936257248,0.6243709406846176,0.2334228184466288,0.7665771815533712,0.6301376576823449,1,0,0,0.0,1,1,1,1,,0,1,0,1,1,0,0,0.8918018741167958,1.3994823019841534,-0.142750087503633,0.1326990139953591,-0.5751255872514496,0.6243709406846176,-0.5331543631067424,0.6301376576823449,0.7956001,0.5363571327833205,0.44371814
2026-03-24 14:30:00,2026-03-24 15:45:00,1,818.85,830.75,eod,11.899999999999975,0.149488,11.550511999999976,363841.12799999927,1.0,2026-03-24,822.15,822.6,818.55,0.0,830.75,830.75,830.75,0.0,2026,0.0,0.0,0.0,0.0,0.0,0.0,0.0,0.0,0.0,0.0,0.0,0.0,0.0,0.0,0.0,1.0,1.0,1.0,1,14,1,3,35.992977722352286,0.926313026656026,1.0815048479002871,0.926313026656026,0.0736869733439741,-5.718760058292445e-06,-5.777644344679211e-05,0.0037722620621869,True,43.519774255073465,0.1892434287623844,-0.6807889715347101,0.1892434287623844,0.8107565712376156,-0.0001022086177545,-0.0002116446466198,0.0063737754153602,True,66.96104560117719,0.610065769173923,0.251843465568125,0.610065769173923,0.389934230826077,-0.0002861147128004,-0.0007408380492315,0.008257864729302,True,41.787349316169646,0.3808116627100527,-0.1550503458004552,0.3808116627100527,0.6191883372899474,-0.0002733229907919,-0.0011965661223525,0.0110825724594177,True,0.926313026656026,0.0736869733439741,-1.0815048479002871,0.1892434287623844,0.8107565712376156,0.6807889715347101,0.610065769173923,0.389934230826077,-0.251843465568125,0.3808116627100527,0.6191883372899474,0.1550503458004552,1,0,0,0.0,1,1,1,1,,0,1,0,1,1,0,0,0.8526260533120519,1.0815048479002871,-0.6215131424752312,0.6807889715347101,0.220131538347846,0.251843465568125,-0.2383766745798947,0.1550503458004552,0.8137469,0.5147132317239407,0.455273
2026-03-25 14:10:00,2026-03-25 14:15:00,-1,844.8,843.7,pivot,1.099999999999909,0.150655,0.7493449999999091,23604.367499997137,1.0,2026-03-25,843.75,845.1,843.3,0.0,843.0,844.65,842.6,0.0,2026,0.0,0.0,0.0,0.0,0.0,0.0,0.0,0.0,0.0,0.0,0.0,0.0,0.0,0.0,0.0,1.0,1.0,1.0,1,14,2,3,122.39609571957956,0.2989037375514888,-0.3457497138617682,0.2989037375514888,0.7010962624485112,-5.718760058292445e-06,-5.777644344679211e-05,0.0037722620621869,True,56.540302085425374,0.2510556809115535,-0.4865844085763177,0.2510556809115535,0.7489443190884464,-0.0001022086177545,-0.0002116446466198,0.0063737754153602,True,34.8891410184801,0.2221467762789559,-0.5901046575658494,0.2221467762789559,0.777853223721044,-0.0002861147128004,-0.0007408380492315,0.008257864729302,True,45.49595390448276,0.4438063366246696,-0.0256094917602312,0.4438063366246696,0.5561936633753304,-0.0002733229907919,-0.0011965661223525,0.0110825724594177,True,0.7010962624485112,0.2989037375514888,-0.3457497138617682,0.7489443190884464,0.2510556809115535,-0.4865844085763177,0.777853223721044,0.2221467762789559,-0.5901046575658494,0.5561936633753304,0.4438063366246696,-0.0256094917602312,1,0,0,0.0,1,1,1,1,,0,1,0,1,1,0,0,0.4021925248970224,0.3457497138617682,0.4978886381768929,0.4865844085763177,0.5557064474420881,0.5901046575658494,0.11238732675066077,0.0256094917602312,0.6886041,0.6244765732149076,0.46438673
2026-03-25 14:35:00,2026-03-25 15:10:00,1,840.15,840.9,pivot,0.75,0.1504315,0.39956849999999994,12586.407749999998,1.0,2026-03-25,843.25,843.3,838.65,0.0,842.15,842.3,839.9,0.0,2026,0.0,0.0,0.0,0.0,0.0,0.0,0.0,0.0,0.0,0.0,0.0,0.0,0.0,0.0,0.0,1.0,1.0,1.0,1,14,2,3,42.691750227273154,0.913012285484228,0.991660441291496,0.913012285484228,0.086987714515772,-5.718760058292445e-06,-5.777644344679211e-05,0.0037722620621869,True,74.22912075096423,0.3361733270948016,-0.2827736001035985,0.3361733270948016,0.6638266729051984,-0.0001022086177545,-0.0002116446466198,0.0063737754153602,True,58.75640243539618,0.3942251471314396,-0.1470071510738538,0.3942251471314396,0.6057748528685605,-0.0002861147128004,-0.0007408380492315,0.008257864729302,True,32.683206811879494,0.2924693791485324,-0.366950864985494,0.2924693791485324,0.7075306208514676,-0.0002733229907919,-0.0011965661223525,0.0110825724594177,True,0.913012285484228,0.086987714515772,-0.991660441291496,0.3361733270948016,0.6638266729051984,0.2827736001035985,0.3942251471314396,0.6057748528685605,0.1470071510738538,0.2924693791485324,0.7075306208514676,0.366950864985494,1,0,0,0.0,1,1,1,1,,0,1,0,1,1,0,0,0.8260245709684559,0.991660441291496,-0.3276533458103968,0.2827736001035985,-0.2115497057371209,0.1470071510738538,-0.4150612417029352,0.366950864985494,0.77674985,0.5147132317239407,0.46359038
2026-03-26 12:10:00,2026-03-26 12:35:00,1,811.15,819.55,pivot,8.399999999999977,0.148921,8.051078999999978,253608.9884999993,1.0,2026-03-26,814.1,814.55,810.85,0.0,821.6,821.75,818.75,0.0,2026,0.0,0.0,0.0,0.0,0.0,0.0,0.0,0.0,0.0,0.0,0.0,0.0,0.0,0.0,0.0,1.0,1.0,0.0,1,12,3,3,42.6397741751352,0.9255125999225294,1.2742886000601017,0.9255125999225294,0.0744874000774705,4.852685313648489e-05,-2.441323077835127e-06,0.0028023613064754,True,54.94948737368626,0.8093349891392232,0.7056805240551342,0.8093349891392232,0.1906650108607768,5.016941070543508e-05,3.627317245300818e-05,0.0051802256213243,True,65.57387406966537,0.6769217855682893,0.3585003265524776,0.6769217855682893,0.3230782144317107,-2.3658998670466245e-05,-0.0003751579841385,0.0079076114182854,True,36.96689899871183,0.3237928947820745,-0.2941641937940529,0.3237928947820745,0.6762071052179255,-0.000641992118239,-0.0014965717381945,0.0109511279415231,True,0.9255125999225294,0.0744874000774705,-1.2742886000601017,0.8093349891392232,0.1906650108607768,-0.7056805240551342,0.6769217855682893,0.3230782144317107,-0.3585003265524776,0.3237928947820745,0.6762071052179255,0.2941641937940529,1,0,0,0.0,1,1,1,1,,0,1,0,1,1,0,0,0.851025199845059,1.2742886000601017,0.6186699782784464,0.7056805240551342,0.3538435711365786,0.3585003265524776,-0.35241421043585097,0.2941641937940529,0.8180394,0.4853828609719518,0.4614142
2026-03-26 12:35:00,2026-03-26 13:30:00,1,819.55,822.85,pivot,3.300000000000068,0.149272,2.950728000000068,92947.93200000215,1.0,2026-03-26,821.6,821.75,818.75,0.0,820.15,823.7,820.0,0.0,2026,0.0,0.0,0.0,0.0,0.0,0.0,0.0,0.0,0.0,0.0,0.0,0.0,0.0,0.0,0.0,1.0,1.0,1.0,1,12,3,3,84.21716449275095,0.8576340764602045,0.8705813797258467,0.8576340764602045,0.1423659235397955,4.852685313648489e-05,-2.441323077835127e-06,0.0028023613064754,True,10.152787874452551,0.9616964537742176,1.7869915552034734,0.9616964537742176,0.0383035462257823,5.016941070543508e-05,3.627317245300818e-05,0.0051802256213243,True,7.460304512243324,0.9686593890118548,1.6584254167121963,0.9686593890118548,0.0313406109881451,-2.3658998670466245e-05,-0.0003751579841385,0.0079076114182854,True,11.403708496546924,0.9418397314699264,1.4125576531070376,0.9418397314699264,0.0581602685300736,-0.000641992118239,-0.0014965717381945,0.0109511279415231,True,0.8576340764602045,0.1423659235397955,-0.8705813797258467,0.9616964537742176,0.0383035462257823,-1.7869915552034734,0.9686593890118548,0.0313406109881451,-1.6584254167121963,0.9418397314699264,0.0581602685300736,-1.4125576531070376,1,0,0,0.0,1,1,1,1,,0,1,0,1,1,0,0,0.715268152920409,0.8705813797258467,0.9233929075484353,1.7869915552034734,0.9373187780237097,1.6584254167121963,0.8836794629398528,1.4125576531070376,0.73462874,0.426966129003224,0.4663384
2026-03-26 13:30:00,2026-03-26 14:00:00,-1,822.85,817.5,pivot,5.350000000000023,0.1492105,5.000789500000023,157524.86925000072,1.0,2026-03-26,820.15,823.7,820.0,0.0,818.8,819.0,816.55,0.0,2026,0.0,0.0,0.0,0.0,0.0,0.0,0.0,0.0,0.0,0.0,0.0,0.0,0.0,0.0,0.0,1.0,1.0,2.0,1,13,3,3,61.50074680381167,0.1089083593089653,-1.128582575904372,0.1089083593089653,0.8910916406910346,4.852685313648489e-05,-2.441323077835127e-06,0.0028023613064754,True,68.86008436863986,0.2605342706842266,-0.500655390847933,0.2605342706842266,0.7394657293157734,5.016941070543508e-05,3.627317245300818e-05,0.0051802256213243,True,69.82301696323124,0.4404950958288117,-0.060445610262121,0.4404950958288117,0.5595049041711883,-2.3658998670466245e-05,-0.0003751579841385,0.0079076114182854,True,47.25287064601211,0.5622188399589149,0.1979162095008051,0.5622188399589149,0.4377811600410851,-0.000641992118239,-0.0014965717381945,0.0109511279415231,True,0.8910916406910346,0.1089083593089653,-1.128582575904372,0.7394657293157734,0.2605342706842266,-0.500655390847933,0.5595049041711883,0.4404950958288117,-0.060445610262121,0.4377811600410851,0.5622188399589149,0.1979162095008051,1,0,0,0.0,1,1,1,1,,0,1,0,1,1,0,0,0.7821832813820694,1.128582575904372,0.4789314586315468,0.500655390847933,0.11900980834237657,0.060445610262121,-0.12443767991782978,0.1979162095008051,0.80465305,0.5281590607452257,0.46223208
2026-03-27 10:25:00,2026-03-27 11:00:00,1,785.5,787.45,pivot,1.9500000000000453,0.1471885,1.6028115000000458,50488.56225000144,1.0,2026-03-27,787.6,787.6,784.35,0.0,789.75,790.6,787.25,0.0,2026,0.0,0.0,0.0,0.0,0.0,0.0,0.0,0.0,0.0,0.0,0.0,0.0,0.0,0.0,0.0,1.0,1.0,1.0,1,10,4,3,60.86760965006204,0.8977368367466609,1.11259753553242,0.8977368367466609,0.102263163253339,2.13589010135884e-05,-1.7325749895767337e-06,0.0025728989679532,True,35.60030560392647,0.8978424187047195,1.1444205187822192,0.8978424187047195,0.1021575812952805,-1.642705296719733e-05,-1.3309426883105676e-05,0.0045165043249388,True,0.9773860791652992,0.9937260761740986,2.962072973576232,0.9937260761740986,0.0062739238259014,1.0010901175582492e-05,-0.0001343811476483,0.0060785649568919,True,16.523703967720955,0.9109018254135955,1.2095911674215487,0.9109018254135955,0.0890981745864044,-0.000641992118239,-0.0014965717381945,0.0109511279415231,True,0.8977368367466609,0.102263163253339,-1.11259753553242,0.8978424187047195,0.1021575812952805,-1.1444205187822192,0.9937260761740986,0.0062739238259014,-2.962072973576232,0.9109018254135955,0.0890981745864044,-1.2095911674215487,1,0,0,0.0,1,1,1,1,,0,1,1,0,1,0,0,0.7954736734933219,1.11259753553242,0.795684837409439,1.1444205187822192,0.9874521523481972,2.962072973576232,0.8218036508271911,1.2095911674215487,0.8169799,0.49025020024535343,0.47263718
2026-03-27 14:05:00,2026-03-27 14:30:00,1,806.9,807.6,pivot,0.7000000000000455,0.148435,0.35156500000004554,11074.297500001434,1.0,2026-03-27,809.0,809.9,805.9,0.0,808.45,809.1,806.3,0.0,2026,0.0,0.0,0.0,0.0,0.0,0.0,0.0,0.0,0.0,0.0,0.0,0.0,0.0,0.0,0.0,1.0,2.0,2.0,1,14,4,3,69.54563153909203,0.8847666668364986,1.0349696118220744,0.8847666668364986,0.1152333331635013,2.13589010135884e-05,-1.7325749895767337e-06,0.0025728989679532,True,7.563307795236288,0.980083477814182,2.203314488611795,0.980083477814182,0.0199165221858179,-1.642705296719733e-05,-1.3309426883105676e-05,0.0045165043249388,True,14.432859857636014,0.9360871357544924,1.4722860505109918,0.9360871357544924,0.0639128642455075,1.0010901175582492e-05,-0.0001343811476483,0.0060785649568919,True,4.056701969413528,0.9734141731044372,1.8111618514102747,0.9734141731044372,0.0265858268955626,-0.000641992118239,-0.0014965717381945,0.0109511279415231,True,0.8847666668364986,0.1152333331635013,-1.0349696118220744,0.980083477814182,0.0199165221858179,-2.203314488611795,0.9360871357544924,0.0639128642455075,-1.4722860505109918,0.9734141731044372,0.0265858268955626,-1.8111618514102747,1,0,0,0.0,1,1,1,1,,0,1,0,1,0,0,0,0.7695333336729974,1.0349696118220744,0.9601669556283642,2.203314488611795,0.872174271508985,1.4722860505109918,0.9468283462088747,1.8111618514102747,0.82248735,0.4662680419780353,0.47673187
2026-03-27 14:40:00,2026-03-27 15:00:00,-1,810.1,804.7,pivot,5.399999999999977,0.148444,5.0515559999999775,159124.0139999993,1.0,2026-03-27,806.45,811.1,806.3,0.0,804.35,806.5,802.35,0.0,2026,0.0,0.0,0.0,0.0,0.0,0.0,0.0,0.0,0.0,0.0,0.0,0.0,0.0,0.0,0.0,1.0,1.0,2.0,1,14,4,3,22.980218677077676,0.0359674820249509,-1.778454508250149,0.0359674820249509,0.9640325179750492,2.13589010135884e-05,-1.7325749895767337e-06,0.0025728989679532,True,94.17657201988872,0.3271724041905049,-0.353679704392749,0.3271724041905049,0.6728275958094951,-1.642705296719733e-05,-1.3309426883105676e-05,0.0045165043249388,True,38.23721367714456,0.1707111576813095,-0.8527448029835326,0.1707111576813095,0.8292888423186905,1.0010901175582492e-05,-0.0001343811476483,0.0060785649568919,True,37.18186610837691,0.7273254310635053,0.5452017488585886,0.7273254310635053,0.2726745689364946,-0.000641992118239,-0.0014965717381945,0.0109511279415231,True,0.9640325179750492,0.0359674820249509,-1.778454508250149,0.6728275958094951,0.3271724041905049,-0.353679704392749,0.8292888423186905,0.1707111576813095,-0.8527448029835326,0.2726745689364946,0.7273254310635053,0.5452017488585886,1,0,0,0.0,1,1,1,1,,0,1,0,1,1,0,0,0.9280650359500983,1.778454508250149,0.3456551916189902,0.353679704392749,0.658577684637381,0.8527448029835326,-0.4546508621270107,0.5452017488585886,0.8352467,0.5140749971295666,0.48518908
2026-03-30 12:50:00,2026-03-30 14:25:00,-1,785.35,782.55,pivot,2.800000000000068,0.147037,2.4529630000000684,77268.33450000215,1.0,2026-03-30,782.9,785.85,782.9,0.0,782.35,783.6,781.6,0.0,2026,0.0,0.0,0.0,0.0,0.0,0.0,0.0,0.0,0.0,0.0,0.0,0.0,0.0,0.0,0.0,1.0,1.0,1.0,1,12,0,3,64.99644317215369,0.0849148131583105,-1.3301576211841806,0.0849148131583105,0.9150851868416894,5.6650333396104426e-05,3.5135451703743143e-05,0.0023753875304369,True,102.10796346787384,0.3369991211296264,-0.3546209260392511,0.3369991211296264,0.6630008788703736,2.1403771696948745e-05,8.145257986114924e-05,0.0041889773200697,True,52.19834944596507,0.2158537994343036,-0.7132180703743908,0.2158537994343036,0.7841462005656963,0.0001500141465565,0.0001138542336564,0.0057004623380619,True,30.38509758260061,0.7773448404640185,0.7436096505992813,0.7773448404640185,0.2226551595359814,0.0001020867855475,-0.0001030741897177,0.0089275688885818,True,0.9150851868416894,0.0849148131583105,-1.3301576211841806,0.6630008788703736,0.3369991211296264,-0.3546209260392511,0.7841462005656963,0.2158537994343036,-0.7132180703743908,0.2226551595359814,0.7773448404640185,0.7436096505992813,1,0,0,0.0,1,1,1,1,,0,1,0,1,1,0,0,0.8301703736833789,1.3301576211841806,0.32600175774074724,0.3546209260392511,0.5682924011313927,0.7132180703743908,-0.5546896809280372,0.7436096505992813,0.8154781,0.5189973098737964,0.49776185
2026-03-31 10:25:00,2026-03-31 10:30:00,1,760.6,763.05,pivot,2.449999999999932,0.1457095,2.1042904999999315,66285.15074999785,1.0,2026-03-31,763.2,763.35,759.6,0.0,767.55,767.85,762.0,0.0,2026,0.0,0.0,0.0,0.0,0.0,0.0,0.0,0.0,0.0,0.0,0.0,0.0,0.0,0.0,0.0,1.0,1.0,2.0,1,10,1,3,44.436482007332366,0.93087779663399,1.4218266051065995,0.93087779663399,0.06912220336601,5.6650333396104426e-05,3.5135451703743143e-05,0.0023753875304369,True,5.608175872970682,0.9905485352203542,2.65419156368406,0.9905485352203542,0.0094514647796457,2.1403771696948745e-05,8.145257986114924e-05,0.0041889773200697,True,74.58539813271892,0.6682099861278056,0.3712143752050985,0.6682099861278056,0.3317900138721944,0.0001500141465565,0.0001138542336564,0.0057004623380619,True,10.258183710505378,0.96051387354169,1.7196623673872375,0.96051387354169,0.03948612645831,0.0001020867855475,-0.0001030741897177,0.0089275688885818,True,0.93087779663399,0.06912220336601,-1.4218266051065995,0.9905485352203542,0.0094514647796457,-2.65419156368406,0.6682099861278056,0.3317900138721944,-0.3712143752050985,0.96051387354169,0.03948612645831,-1.7196623673872375,1,0,0,0.0,1,1,1,1,,0,1,1,0,1,0,0,0.8617555932679799,1.4218266051065995,0.9810970704407086,2.65419156368406,0.33641997225561115,0.3712143752050985,0.9210277470833801,1.7196623673872375,0.82801324,0.5429099114356621,0.49691597
2026-03-31 10:30:00,2026-03-31 11:00:00,1,763.05,771.9,pivot,8.850000000000023,0.1460485,8.503951500000024,267874.47225000075,1.0,2026-03-31,767.55,767.85,762.0,0.0,769.1,772.05,768.25,0.0,2026,0.0,0.0,0.0,0.0,0.0,0.0,0.0,0.0,0.0,0.0,0.0,0.0,0.0,0.0,0.0,1.0,2.0,2.0,1,10,1,3,8.761492680721739,0.9871336473979478,2.3778723517971625,0.9871336473979478,0.0128663526020521,5.6650333396104426e-05,3.5135451703743143e-05,0.0023753875304369,True,1.3274955628552922,0.998036518241958,3.253019815791588,0.998036518241958,0.0019634817580419,2.1403771696948745e-05,8.145257986114924e-05,0.0041889773200697,True,6.2941228083399565,0.9782575628650262,2.245824985588571,0.9782575628650262,0.0217424371349738,0.0001500141465565,0.0001138542336564,0.0057004623380619,True,0.6312953296230257,0.998233255637023,3.00641613720971,0.998233255637023,0.0017667443629769,0.0001020867855475,-0.0001030741897177,0.0089275688885818,True,0.9871336473979478,0.0128663526020521,-2.3778723517971625,0.998036518241958,0.0019634817580419,-3.253019815791588,0.9782575628650262,0.0217424371349738,-2.245824985588571,0.998233255637023,0.0017667443629769,-3.00641613720971,1,0,0,0.0,1,1,1,1,,0,1,1,0,0,0,0,0.9742672947958957,2.3778723517971625,0.9960730364839161,3.253019815791588,0.9565151257300524,2.245824985588571,0.9964665112740462,3.00641613720971,0.8619174,0.8100300342078359,0.5150995
2026-03-31 12:05:00,2026-03-31 12:15:00,1,766.8,768.9,pivot,2.1000000000000227,0.146071,1.753929000000023,55248.76350000072,1.0,2026-03-31,769.75,770.4,765.85,0.0,766.45,769.3,766.4,0.0,2026,0.0,0.0,0.0,0.0,0.0,0.0,0.0,0.0,0.0,0.0,0.0,0.0,0.0,0.0,0.0,1.0,1.0,1.0,1,12,1,3,36.310317280546734,0.9480238465485932,1.6016924113080244,0.9480238465485932,0.0519761534514067,5.6650333396104426e-05,3.5135451703743143e-05,0.0023753875304369,True,70.57664967574844,0.7711774051847322,0.6327162735262756,0.7711774051847322,0.2288225948152678,2.1403771696948745e-05,8.145257986114924e-05,0.0041889773200697,True,55.768038006273066,0.7731612982946828,0.6536174047824033,0.7731612982946828,0.2268387017053171,0.0001500141465565,0.0001138542336564,0.0057004623380619,True,49.6579380562658,0.4227791464095608,-0.1484100686935474,0.4227791464095608,0.5772208535904392,0.0001020867855475,-0.0001030741897177,0.0089275688885818,True,0.9480238465485932,0.0519761534514067,-1.6016924113080244,0.7711774051847322,0.2288225948152678,-0.6327162735262756,0.7731612982946828,0.2268387017053171,-0.6536174047824033,0.4227791464095608,0.5772208535904392,0.1484100686935474,1,0,0,0.0,1,1,1,1,,0,1,0,1,1,0,0,0.8960476930971865,1.6016924113080244,0.5423548103694644,0.6327162735262756,0.5463225965893658,0.6536174047824033,-0.15444170718087835,0.1484100686935474,0.8369569,0.48557022684130796,0.53703165
2026-03-31 12:15:00,2026-03-31 12:40:00,-1,768.9,758.7,pivot,10.199999999999932,0.145828,9.854171999999933,310406.41799999785,1.0,2026-03-31,766.45,769.3,766.4,0.0,756.6,759.45,756.2,0.0,2026,0.0,0.0,0.0,0.0,0.0,0.0,0.0,0.0,0.0,0.0,0.0,0.0,0.0,0.0,0.0,1.0,1.0,1.0,1,12,1,3,61.41336212575465,0.0811682212830887,-1.3560923363723767,0.0811682212830887,0.9188317787169112,5.405555581096729e-05,4.184575209199726e-05,0.0023363254969441,True,118.0142866875228,0.4391870419580887,-0.1340389607629562,0.4391870419580887,0.5608129580419112,5.092322870287512e-05,9.697917434764789e-05,0.0041295883716933,True,84.02774219696101,0.5321415115341941,0.0593698848516099,0.5321415115341941,0.4678584884658059,0.00013829317363,0.000184288619687,0.0056886455399246,True,51.2561731274681,0.3538849969314144,-0.3308259152389752,0.3538849969314144,0.6461150030685856,0.0002993678203089,0.0003381535623835,0.0083094180269117,True,0.9188317787169112,0.0811682212830887,-1.3560923363723767,0.5608129580419112,0.4391870419580887,-0.1340389607629562,0.4678584884658059,0.5321415115341941,0.0593698848516099,0.6461150030685856,0.3538849969314144,-0.3308259152389752,1,0,0,0.0,1,1,1,1,,0,1,0,1,1,0,0,0.8376635574338225,1.3560923363723767,0.1216259160838225,0.1340389607629562,-0.06428302306838818,0.0593698848516099,0.2922300061371712,0.3308259152389752,0.77314836,0.5190409256531459,0.5680963
2026-03-31 12:40:00,2026-03-31 13:30:00,-1,758.7,754.2,pivot,4.5,0.145387,4.1546129999999994,130870.30949999997,1.0,2026-03-31,756.6,759.45,756.2,0.0,756.55,757.25,754.2,0.0,2026,0.0,0.0,0.0,0.0,0.0,0.0,0.0,0.0,0.0,0.0,0.0,0.0,0.0,0.0,0.0,1.0,0.0,0.0,1,12,1,3,76.20210336236708,0.1148658417558487,-1.1478549591952485,0.1148658417558487,0.8851341582441512,5.405555581096729e-05,4.184575209199726e-05,0.0023363254969441,True,7.83253839542308,0.0225127122756253,-2.1584247575233357,0.0225127122756253,0.9774872877243748,5.092322870287512e-05,9.697917434764789e-05,0.0041295883716933,True,2.726727186257689,0.0074699902262532,-2.8557708980888945,0.0074699902262532,0.9925300097737468,0.00013829317363,0.000184288619687,0.0056886455399246,True,16.166742105580592,0.0929198056009516,-1.3143705277812536,0.0929198056009516,0.9070801943990484,0.0002993678203089,0.0003381535623835,0.0083094180269117,True,0.8851341582441512,0.1148658417558487,-1.1478549591952485,0.9774872877243748,0.0225127122756253,-2.1584247575233357,0.9925300097737468,0.0074699902262532,-2.8557708980888945,0.9070801943990484,0.0929198056009516,-1.3143705277812536,1,0,0,0.0,1,1,1,1,,0,1,0,1,0,1,0,0.7702683164883025,1.1478549591952485,0.9549745754487494,2.1584247575233357,0.9850600195474937,2.8557708980888945,0.8141603887980968,1.3143705277812536,0.78292793,0.5304664272696583,0.5814985
2026-03-31 13:30:00,2026-03-31 13:55:00,1,754.2,752.6,pivot,-1.6000000000000227,0.145204,-1.9452040000000228,-61273.92600000072,1.0,2026-03-31,756.55,757.25,754.2,0.0,752.5,752.95,751.15,0.0,2026,0.0,0.0,0.0,0.0,0.0,0.0,0.0,0.0,0.0,0.0,0.0,0.0,0.0,0.0,0.0,1.0,1.0,0.0,0,13,1,3,52.62412691654536,0.9159882867609532,1.3136843839804764,0.9159882867609532,0.0840117132390468,5.405555581096729e-05,4.184575209199726e-05,0.0023363254969441,True,83.55937240792456,0.7346964837280857,0.521260599298973,0.7346964837280857,0.2653035162719143,5.092322870287512e-05,9.697917434764789e-05,0.0041295883716933,True,65.84421351123468,0.7233569968305991,0.491183604022638,0.7233569968305991,0.2766430031694009,0.00013829317363,0.000184288619687,0.0056886455399246,True,42.30329411980104,0.2621466266487656,-0.564488876263865,0.2621466266487656,0.7378533733512344,0.0002993678203089,0.0003381535623835,0.0083094180269117,True,0.9159882867609532,0.0840117132390468,-1.3136843839804764,0.7346964837280857,0.2653035162719143,-0.521260599298973,0.7233569968305991,0.2766430031694009,-0.491183604022638,0.2621466266487656,0.7378533733512344,0.564488876263865,1,0,0,0.0,1,1,1,1,,0,1,0,1,1,0,0,0.8319765735219065,1.3136843839804764,0.46939296745617143,0.521260599298973,0.4467139936611982,0.491183604022638,-0.47570674670246876,0.564488876263865,0.8133886,0.49972395856221763,0.59650373
2026-03-31 14:10:00,2026-03-31 14:40:00,-1,753.1,755.0,pivot,-1.8999999999999773,0.145243,-2.2452429999999772,-70725.15449999928,1.0,2026-03-31,750.0,753.95,750.0,0.0,755.55,755.8,753.7,0.0,2026,0.0,0.0,0.0,0.0,0.0,0.0,0.0,0.0,0.0,0.0,0.0,0.0,0.0,0.0,0.0,1.0,1.0,0.0,0,14,1,3,28.556610592587923,0.0395273646232137,-1.7550062630213397,0.0395273646232137,0.9604726353767864,5.405555581096729e-05,4.184575209199726e-05,0.0023363254969441,True,59.53867241024593,0.1784465472026636,-0.8293246102923388,0.1784465472026636,0.8215534527973364,5.092322870287512e-05,9.697917434764789e-05,0.0041295883716933,True,25.85287305228961,0.0984304596452515,-1.2353533107943602,0.0984304596452515,0.9015695403547485,0.00013829317363,0.000184288619687,0.0056886455399246,True,43.197960002898114,0.2690571905853199,-0.5450872932595698,0.2690571905853199,0.7309428094146802,0.0002993678203089,0.0003381535623835,0.0083094180269117,True,0.9604726353767864,0.0395273646232137,-1.7550062630213397,0.8215534527973364,0.1784465472026636,-0.8293246102923388,0.9015695403547485,0.0984304596452515,-1.2353533107943602,0.7309428094146802,0.2690571905853199,-0.5450872932595698,1,0,0,0.0,1,1,1,1,,0,1,0,1,1,0,0,0.9209452707535727,1.7550062630213397,0.6431069055946728,0.8293246102923388,0.8031390807094969,1.2353533107943602,0.46188561882936024,0.5450872932595698,0.8235932,0.4819109550553138,0.6245511
2026-04-03 13:40:00,2026-04-03 13:45:00,-1,801.45,800.1,pivot,1.3500000000000227,0.1480465,1.0019535000000228,31561.53525000072,1.0,2026-04-03,800.0,802.25,799.9,0.0,802.55,802.85,800.05,0.0,2026,0.0,0.0,0.0,0.0,0.0,0.0,0.0,0.0,0.0,0.0,0.0,0.0,0.0,0.0,0.0,1.0,1.0,1.0,1,13,4,4,118.5559373668528,0.205044184441013,-0.6936672965294823,0.205044184441013,0.794955815558987,2.4075735900099476e-05,-4.836806529701677e-05,0.0024508903293058,True,97.57376346819991,0.344808179096043,-0.2940739668739263,0.344808179096043,0.6551918209039569,3.912348847332293e-05,-8.7021069009312e-05,0.0043765672215599,True,61.84936502396935,0.27986979430798,-0.4671841795133739,0.27986979430798,0.72013020569202,-3.47193121121436e-06,-0.0002051631228075,0.0061060650200135,True,54.10393215766861,0.4979945854290017,0.0296268203363434,0.4979945854290017,0.5020054145709982,-2.551438972606073e-05,-0.0003269528180802,0.0089261948505312,True,0.794955815558987,0.205044184441013,-0.6936672965294823,0.6551918209039569,0.344808179096043,-0.2940739668739263,0.72013020569202,0.27986979430798,-0.4671841795133739,0.5020054145709982,0.4979945854290017,0.0296268203363434,1,0,0,0.0,1,1,1,1,,0,1,0,1,1,0,0,0.589911631117974,0.6936672965294823,0.3103836418079139,0.2940739668739263,0.44026041138404004,0.4671841795133739,0.004010829141996519,0.0296268203363434,0.7025973,0.5435236638869233,0.62348616
2026-04-03 14:35:00,2026-04-03 15:25:00,1,801.85,801.05,pivot,-0.8000000000000682,0.148087,-1.1480870000000685,-36164.74050000215,1.0,2026-04-03,803.15,803.25,801.3,0.0,800.2,801.1,799.85,0.0,2026,0.0,0.0,0.0,0.0,0.0,0.0,0.0,0.0,0.0,0.0,0.0,0.0,0.0,0.0,0.0,1.0,1.0,1.0,0,14,4,4,133.18684146556842,0.7901517790760358,0.7061368026025765,0.7901517790760358,0.2098482209239641,2.4075735900099476e-05,-4.836806529701677e-05,0.0024508903293058,True,57.783628639345466,0.8316470168089107,0.8464026793793137,0.8316470168089107,0.1683529831910892,3.912348847332293e-05,-8.7021069009312e-05,0.0043765672215599,True,73.79504902046149,0.4041187837265718,-0.1701848590979158,0.4041187837265718,0.5958812162734282,-3.47193121121436e-06,-0.0002051631228075,0.0061060650200135,True,49.4588169245672,0.6154285897675003,0.2809988647807638,0.6154285897675003,0.3845714102324997,-2.551438972606073e-05,-0.0003269528180802,0.0089261948505312,True,0.7901517790760358,0.2098482209239641,-0.7061368026025765,0.8316470168089107,0.1683529831910892,-0.8464026793793137,0.4041187837265718,0.5958812162734282,0.1701848590979158,0.6154285897675003,0.3845714102324997,-0.2809988647807638,1,0,0,0.0,1,1,1,1,,0,1,0,1,1,0,0,0.5803035581520717,0.7061368026025765,0.6632940336178215,0.8464026793793137,-0.19176243254685638,0.1701848590979158,0.23085717953500057,0.2809988647807638,0.70093834,0.5560395859089939,0.62539726
2026-04-03 15:25:00,2026-04-03 15:45:00,-1,801.05,803.45,eod,-2.400000000000091,0.148135,-2.748135000000091,-86566.25250000287,1.0,2026-04-03,800.2,801.1,799.85,0.0,803.45,803.45,803.45,0.0,2026,0.0,0.0,0.0,0.0,0.0,0.0,0.0,0.0,0.0,0.0,0.0,0.0,0.0,0.0,0.0,1.0,1.0,1.0,0,15,4,4,159.8900026423449,0.3012677402762047,-0.4134426547672123,0.3012677402762047,0.6987322597237953,2.4075735900099476e-05,-4.836806529701677e-05,0.0024508903293058,True,34.6124333115599,0.1030932329975974,-1.1762507339069352,0.1030932329975974,0.8969067670024026,3.912348847332293e-05,-8.7021069009312e-05,0.0043765672215599,True,43.75544968840229,0.1768751091899916,-0.7830140854315418,0.1768751091899916,0.8231248908100084,-3.47193121121436e-06,-0.0002051631228075,0.0061060650200135,True,52.36110155251782,0.379977705875558,-0.2150926186857011,0.379977705875558,0.620022294124442,-2.551438972606073e-05,-0.0003269528180802,0.0089261948505312,True,0.6987322597237953,0.3012677402762047,-0.4134426547672123,0.8969067670024026,0.1030932329975974,-1.1762507339069352,0.8231248908100084,0.1768751091899916,-0.7830140854315418,0.620022294124442,0.379977705875558,-0.2150926186857011,1,0,0,0.0,1,1,1,1,,0,1,0,0,1,0,0,0.3974645194475906,0.4134426547672123,0.7938135340048051,1.1762507339069352,0.6462497816200168,0.7830140854315418,0.24004458824888397,0.2150926186857011,0.69098604,0.5650083219711954,0.62847054
2026-04-06 11:50:00,2026-04-06 13:10:00,-1,816.35,810.6,pivot,5.75,0.1488085,5.4011914999999995,170137.53225,1.0,2026-04-06,815.05,817.15,814.3,0.0,810.25,810.8,808.9,0.0,2026,0.0,0.0,0.0,0.0,0.0,0.0,0.0,0.0,0.0,0.0,0.0,0.0,0.0,0.0,0.0,1.0,1.0,1.0,1,11,0,4,131.68468012579115,0.2301054281826286,-0.6085917571103698,0.2301054281826286,0.7698945718173713,4.373873063332033e-05,-1.810859035493058e-05,0.0024883097691741,True,45.3049330330612,0.1370418939167733,-0.9787184643816796,0.1370418939167733,0.8629581060832267,4.853159005120384e-05,-8.398462284655034e-05,0.0044172012357887,True,16.209539844462043,0.0594331753482398,-1.4743442641746345,0.0594331753482398,0.9405668246517602,4.211658253278189e-05,-0.0001980358191531,0.0061197097205263,True,28.92687579805171,0.8023087428612607,0.8159335025249144,0.8023087428612607,0.1976912571387392,-2.551438972606073e-05,-0.0003269528180802,0.0089261948505312,True,0.7698945718173713,0.2301054281826286,-0.6085917571103698,0.8629581060832267,0.1370418939167733,-0.9787184643816796,0.9405668246517602,0.0594331753482398,-1.4743442641746345,0.1976912571387392,0.8023087428612607,0.8159335025249144,1,0,0,0.0,1,1,1,1,,0,1,1,0,1,0,0,0.5397891436347427,0.6085917571103698,0.7259162121664533,0.9787184643816796,0.8811336493035204,1.4743442641746345,-0.6046174857225215,0.8159335025249144,0.66748995,0.5563615079120616,0.6216353
2026-04-06 14:15:00,2026-04-06 14:40:00,1,813.9,811.75,pivot,-2.1499999999999773,0.1487695,-2.498769499999977,-78711.23924999929,1.0,2026-04-06,814.6,814.65,812.75,0.0,810.5,812.05,809.6,0.0,2026,0.0,0.0,0.0,0.0,0.0,0.0,0.0,0.0,0.0,0.0,0.0,0.0,0.0,0.0,0.0,1.0,1.0,1.0,0,14,0,4,170.95314554910766,0.688674508609208,0.4268400562686846,0.688674508609208,0.311325491390792,4.373873063332033e-05,-1.810859035493058e-05,0.0024883097691741,True,71.53596834381713,0.7844226329188165,0.6730518102416114,0.7844226329188165,0.2155773670811834,4.853159005120384e-05,-8.398462284655034e-05,0.0044172012357887,True,75.59480811555328,0.6561756794248813,0.3636813008362465,0.6561756794248813,0.3438243205751187,4.211658253278189e-05,-0.0001980358191531,0.0061197097205263,True,30.116625284504615,0.7914769441557269,0.7748268261954014,0.7914769441557269,0.2085230558442731,-2.551438972606073e-05,-0.0003269528180802,0.0089261948505312,True,0.688674508609208,0.311325491390792,-0.4268400562686846,0.7844226329188165,0.2155773670811834,-0.6730518102416114,0.6561756794248813,0.3438243205751187,-0.3636813008362465,0.7914769441557269,0.2085230558442731,-0.7748268261954014,1,0,0,0.0,1,1,1,1,,0,1,0,1,1,0,0,0.37734901721841596,0.4268400562686846,0.5688452658376331,0.6730518102416114,0.3123513588497626,0.3636813008362465,0.5829538883114538,0.7748268261954014,0.6897301,0.5828925843871532,0.606922
2026-04-06 14:40:00,2026-04-06 15:15:00,-1,811.75,815.0,pivot,-3.25,0.1488025,-3.5988025,-113362.27875,1.0,2026-04-06,810.5,812.05,809.6,0.0,813.75,815.0,813.65,0.0,2026,0.0,0.0,0.0,0.0,0.0,0.0,0.0,0.0,0.0,0.0,0.0,0.0,0.0,0.0,0.0,1.0,1.0,1.0,0,14,0,4,134.80954719011535,0.2372010532212222,-0.5872918312454947,0.2372010532212222,0.7627989467787777,4.373873063332033e-05,-1.810859035493058e-05,0.0024883097691741,True,50.78493408677533,0.1566060558914351,-0.8869570379675156,0.1566060558914351,0.8433939441085649,4.853159005120384e-05,-8.398462284655034e-05,0.0044172012357887,True,52.75322659426727,0.227341638209245,-0.6215681301249387,0.227341638209245,0.772658361790755,4.211658253278189e-05,-0.0001980358191531,0.0061197097205263,True,47.2498083543936,0.3102893468443931,-0.3703894007166585,0.3102893468443931,0.6897106531556069,-2.551438972606073e-05,-0.0003269528180802,0.0089261948505312,True,0.7627989467787777,0.2372010532212222,-0.5872918312454947,0.8433939441085649,0.1566060558914351,-0.8869570379675156,0.772658361790755,0.227341638209245,-0.6215681301249387,0.6897106531556069,0.3102893468443931,-0.3703894007166585,1,0,0,0.0,1,1,1,1,,0,1,0,1,1,0,0,0.5255978935575555,0.5872918312454947,0.6867878882171299,0.8869570379675156,0.54531672358151,0.6215681301249387,0.3794213063112138,0.3703894007166585,0.70554316,0.5870544002609541,0.59723973
2026-04-07 11:50:00,2026-04-07 12:25:00,-1,820.55,819.15,pivot,1.3999999999999773,0.149191,1.0508089999999772,33100.48349999928,1.0,2026-04-07,819.0,820.65,818.6,0.0,819.6,820.25,818.05,0.0,2026,0.0,0.0,0.0,0.0,0.0,0.0,0.0,0.0,0.0,0.0,0.0,0.0,0.0,0.0,0.0,1.0,1.0,1.0,1,11,1,4,122.16340218487488,0.2137137621438216,-0.6750948859119631,0.2137137621438216,0.7862862378561783,3.44200606337748e-06,-4.633399721115786e-05,0.0025515707596449,True,111.76834946147468,0.5097821378298619,0.0460103735025237,0.5097821378298619,0.4902178621701381,-2.6394040107750862e-05,-0.0001458642920681,0.0044971644652631,True,69.39691591509703,0.7027008881702229,0.4600726376035815,0.7027008881702229,0.2972991118297771,-6.753809954739709e-05,-0.0002990872286672,0.0062305003593434,True,53.423646273721054,0.5512021363998562,0.1425065297916966,0.5512021363998562,0.4487978636001438,-0.0002082659164371,-0.0005124299833151,0.0087385413200931,True,0.7862862378561783,0.2137137621438216,-0.6750948859119631,0.4902178621701381,0.5097821378298619,0.0460103735025237,0.2972991118297771,0.7027008881702229,0.4600726376035815,0.4487978636001438,0.5512021363998562,0.1425065297916966,1,0,0,0.0,1,1,1,1,,0,1,1,0,1,0,0,0.5725724757123567,0.6750948859119631,-0.01956427565972385,0.0460103735025237,-0.40540177634044583,0.4600726376035815,-0.10240427279971237,0.1425065297916966,0.6816815,0.5896926450584815,0.59063274
2026-04-07 13:30:00,2026-04-07 13:40:00,1,815.8,816.85,pivot,1.0500000000000682,0.1489795,0.701020500000068,22082.145750002142,1.0,2026-04-07,818.7,818.9,815.75,0.0,818.4,818.55,816.8,0.0,2026,0.0,0.0,0.0,0.0,0.0,0.0,0.0,0.0,0.0,0.0,0.0,0.0,0.0,0.0,0.0,1.0,1.0,1.0,1,13,1,4,45.47298690730253,0.9276994167727428,1.3848472863930736,0.9276994167727428,0.0723005832272571,3.44200606337748e-06,-4.633399721115786e-05,0.0025515707596449,True,14.70548449171205,0.9521996111939506,1.6407013590999562,0.9521996111939506,0.0478003888060494,-2.6394040107750862e-05,-0.0001458642920681,0.0044971644652631,True,37.69187918399422,0.846571416257764,0.8932120205186896,0.846571416257764,0.153428583742236,-6.753809954739709e-05,-0.0002990872286672,0.0062305003593434,True,54.69390469202677,0.4101272283093943,-0.1508337082769853,0.4101272283093943,0.5898727716906056,-0.0002082659164371,-0.0005124299833151,0.0087385413200931,True,0.9276994167727428,0.0723005832272571,-1.3848472863930736,0.9521996111939506,0.0478003888060494,-1.6407013590999562,0.846571416257764,0.153428583742236,-0.8932120205186896,0.4101272283093943,0.5898727716906056,0.1508337082769853,1,0,0,0.0,1,1,1,1,,0,1,0,1,1,0,0,0.8553988335454857,1.3848472863930736,0.9043992223879012,1.6407013590999562,0.693142832515528,0.8932120205186896,-0.1797455433812113,0.1508337082769853,0.8321847,0.4816170568324115,0.5498702
2026-04-07 13:40:00,2026-04-07 13:55:00,1,816.85,818.55,pivot,1.6999999999999318,0.149062,1.3509379999999318,42554.54699999785,1.0,2026-04-07,818.4,818.55,816.8,0.0,817.1,819.2,817.05,0.0,2026,0.0,0.0,0.0,0.0,0.0,0.0,0.0,0.0,0.0,0.0,0.0,0.0,0.0,0.0,0.0,1.0,1.0,1.0,1,13,1,4,119.40081485086412,0.8002584018942138,0.7371382038670268,0.8002584018942138,0.1997415981057861,3.44200606337748e-06,-4.633399721115786e-05,0.0025515707596449,True,66.91762311778062,0.7988885320487527,0.7263608919879982,0.7988885320487527,0.2011114679512473,-2.6394040107750862e-05,-0.0001458642920681,0.0044971644652631,True,22.191404320618965,0.9125337197837272,1.2586673404350015,0.9125337197837272,0.0874662802162726,-6.753809954739709e-05,-0.0002990872286672,0.0062305003593434,True,55.36450788705489,0.4709589714759963,-0.0252260902893132,0.4709589714759963,0.5290410285240037,-0.0002082659164371,-0.0005124299833151,0.0087385413200931,True,0.8002584018942138,0.1997415981057861,-0.7371382038670268,0.7988885320487527,0.2011114679512473,-0.7263608919879982,0.9125337197837272,0.0874662802162726,-1.2586673404350015,0.4709589714759963,0.5290410285240037,0.0252260902893132,1,0,0,0.0,1,1,1,1,,0,1,0,1,1,0,0,0.6005168037884278,0.7371382038670268,0.5977770640975053,0.7263608919879982,0.8250674395674547,1.2586673404350015,-0.058082057048007396,0.0252260902893132,0.68653065,0.5080835886236411,0.4693451
2026-04-09 10:55:00,2026-04-09 11:05:00,1,873.1,874.6,pivot,1.5,0.152431,1.1475689999999998,36148.4235,1.0,2026-04-09,875.15,875.4,872.65,0.0,875.15,876.0,873.85,0.0,2026,0.0,0.0,0.0,0.0,0.0,0.0,0.0,0.0,0.0,0.0,0.0,0.0,0.0,0.0,0.0,1.0,1.0,1.0,1,10,3,4,83.62364254888537,0.8544861342668205,0.9515285560024738,0.8544861342668205,0.1455138657331794,-2.269060783992101e-05,-5.545731170078225e-05,0.0025831380097881,True,18.66072964106361,0.9425385947662512,1.5074803644873067,0.9425385947662512,0.0574614052337488,-5.368004441814074e-07,-0.0001482144937462,0.0045093182750037,True,48.54190126615613,0.7975842518789614,0.7257924612073094,0.7975842518789614,0.2024157481210385,-3.897426195093366e-05,-0.0002733037918851,0.0062931080019628,True,54.14441252705208,0.4082188499826656,-0.1312777735643893,0.4082188499826656,0.5917811500173343,0.0001151645064571,-0.000395091640133,0.0087319616503808,True,0.8544861342668205,0.1455138657331794,-0.9515285560024738,0.9425385947662512,0.0574614052337488,-1.5074803644873067,0.7975842518789614,0.2024157481210385,-0.7257924612073094,0.4082188499826656,0.5917811500173343,0.1312777735643893,1,0,0,0.0,1,1,1,1,,0,1,1,0,1,0,0,0.7089722685336411,0.9515285560024738,0.8850771895325025,1.5074803644873067,0.595168503757923,0.7257924612073094,-0.18356230003466872,0.1312777735643893,0.79691136,0.47470574409674937,0.45089355
2026-04-09 14:10:00,2026-04-09 14:15:00,1,867.25,868.25,pivot,1.0,0.152065,0.6479349999999999,20409.9525,1.0,2026-04-09,868.2,868.45,866.45,0.0,870.7,870.95,868.15,0.0,2026,0.0,0.0,0.0,0.0,0.0,0.0,0.0,0.0,0.0,0.0,0.0,0.0,0.0,0.0,0.0,1.0,1.0,1.0,1,14,3,4,160.33637192071217,0.6903202318592369,0.4294173695072726,0.6903202318592369,0.3096797681407631,-3.4434299844844614e-05,-6.647624866274464e-05,0.0025700903179865,True,109.10621210383184,0.5496706168703268,0.1259183184631125,0.5496706168703268,0.4503293831296732,-0.0001086518200298,-0.000219595854164,0.0044886087771544,True,74.37913779235362,0.5029808918935322,0.0246130478471277,0.5029808918935322,0.4970191081064677,-0.0002702934033924,-0.0003841097504038,0.006247686703221,True,53.819926685698704,0.4265405914434888,-0.1076582265128287,0.4265405914434888,0.5734594085565112,-0.0001452882708434,-0.0005506620258619,0.0087830622295253,True,0.6903202318592369,0.3096797681407631,-0.4294173695072726,0.5496706168703268,0.4503293831296732,-0.1259183184631125,0.5029808918935322,0.4970191081064677,-0.0246130478471277,0.4265405914434888,0.5734594085565112,0.1076582265128287,1,0,0,0.0,1,1,1,1,,0,1,0,1,1,0,0,0.38064046371847376,0.4294173695072726,0.09934123374065362,0.1259183184631125,0.005961783787064523,0.0246130478471277,-0.1469188171130224,0.1076582265128287,0.67964107,0.5870544002609541,0.46546787
2026-04-10 11:00:00,2026-04-10 11:10:00,-1,888.3,887.85,pivot,0.4499999999999318,0.1532845,0.09671549999993173,3046.5382499978496,1.0,2026-04-10,885.9,888.55,885.85,0.0,887.1,888.15,886.5,0.0,2026,0.0,0.0,0.0,0.0,0.0,0.0,0.0,0.0,0.0,0.0,0.0,0.0,0.0,0.0,0.0,1.0,1.0,1.0,1,11,4,4,78.03878259013237,0.118836588033894,-1.0487008166223484,0.118836588033894,0.8811634119661059,-3.4434299844844614e-05,-6.647624866274464e-05,0.0025700903179865,True,24.23169964315699,0.0702678118877152,-1.4049074405368136,0.0702678118877152,0.9297321881122848,-0.0001086518200298,-0.000219595854164,0.0044886087771544,True,21.27562956298804,0.0789035168539775,-1.3057868965942747,0.0789035168539775,0.9210964831460224,-0.0002702934033924,-0.0003841097504038,0.006247686703221,True,48.75810698386704,0.3373393713458549,-0.3029970190414855,0.3373393713458549,0.6626606286541451,-0.0001452882708434,-0.0005506620258619,0.0087830622295253,True,0.8811634119661059,0.118836588033894,-1.0487008166223484,0.9297321881122848,0.0702678118877152,-1.4049074405368136,0.9210964831460224,0.0789035168539775,-1.3057868965942747,0.6626606286541451,0.3373393713458549,-0.3029970190414855,1,0,0,0.0,1,1,1,1,,0,1,1,0,1,0,0,0.762326823932212,1.0487008166223484,0.8594643762245695,1.4049074405368136,0.8421929662920449,1.3057868965942747,0.3253212573082902,0.3029970190414855,0.814168,0.4959850327317293,0.47850457
2026-04-17 13:05:00,2026-04-17 13:20:00,1,934.45,937.05,pivot,2.599999999999909,0.156145,2.243854999999909,70681.43249999713,1.0,2026-04-17,935.2,935.3,933.75,0.0,937.4,937.65,936.9,0.0,2026,0.0,0.0,0.0,0.0,0.0,0.0,0.0,0.0,0.0,0.0,0.0,0.0,0.0,0.0,0.0,1.0,1.0,1.0,1,13,4,4,185.28572344748017,0.681078720362107,0.3639642420471193,0.681078720362107,0.3189212796378929,-1.724060844235978e-05,8.532584723131014e-06,0.0023278811523006,True,111.21150212501672,0.6300563050079093,0.260174109797159,0.6300563050079093,0.3699436949920907,-2.355396404070577e-05,7.668469126143641e-06,0.0040826261366009,True,68.59148808992676,0.7313334554017966,0.4899126414601876,0.7313334554017966,0.2686665445982034,-4.18978006905084e-05,-7.979059247763158e-05,0.0057361333877585,True,66.21446232607987,0.488490780236174,0.0011054343660603,0.488490780236174,0.511509219763826,-9.413612404755438e-05,-0.0002760439432475,0.0079219263915268,True,0.681078720362107,0.3189212796378929,-0.3639642420471193,0.6300563050079093,0.3699436949920907,-0.260174109797159,0.7313334554017966,0.2686665445982034,-0.4899126414601876,0.488490780236174,0.511509219763826,-0.0011054343660603,1,0,0,0.0,1,1,1,1,,0,1,0,1,1,0,0,0.36215744072421413,0.3639642420471193,0.26011261001581865,0.260174109797159,0.46266691080359323,0.4899126414601876,-0.023018439527652035,0.0011054343660603,0.6718943,0.579938344031771,0.47395015
2026-04-20 10:50:00,2026-04-20 10:55:00,1,946.35,948.6,pivot,2.25,0.1568485,1.8931515,59634.27225,1.0,2026-04-20,948.6,948.6,946.15,0.0,948.35,949.45,947.9,0.0,2026,0.0,0.0,0.0,0.0,0.0,0.0,0.0,0.0,0.0,0.0,0.0,0.0,0.0,0.0,0.0,1.0,1.0,2.0,1,10,0,4,72.95865745348614,0.8927470459614912,1.10268294227378,0.8927470459614912,0.1072529540385087,-2.620230178601243e-05,-2.0863914279959656e-05,0.002220433226731,True,77.27006453298036,0.8036024305603379,0.7085851958503727,0.8036024305603379,0.1963975694396621,-2.8120087675115782e-05,-4.452177170428771e-05,0.0039362467345372,True,49.933698260290015,0.8146404415762535,0.7257694420589708,0.8146404415762535,0.1853595584237465,9.717221458885192e-05,7.276792696035307e-05,0.0055761906011792,True,22.607971027589198,0.8824156942921064,1.091479942983081,0.8824156942921064,0.1175843057078935,-0.0001075932683428,-0.0002541352686186,0.0077487697101711,True,0.8927470459614912,0.1072529540385087,-1.10268294227378,0.8036024305603379,0.1963975694396621,-0.7085851958503727,0.8146404415762535,0.1853595584237465,-0.7257694420589708,0.8824156942921064,0.1175843057078935,-1.091479942983081,1,0,0,0.0,1,1,1,1,,0,1,1,0,1,0,0,0.7854940919229826,1.10268294227378,0.6072048611206757,0.7085851958503727,0.629280883152507,0.7257694420589708,0.764831388584213,1.091479942983081,0.8227931,0.5520006371667797,0.48502603
2026-04-20 14:35:00,2026-04-20 15:10:00,-1,942.7,941.05,pivot,1.650000000000091,0.1565125,1.293487500000091,40744.856250002864,1.0,2026-04-20,940.5,942.95,940.4,0.0,941.85,942.45,940.45,0.0,2026,0.0,0.0,0.0,0.0,0.0,0.0,0.0,0.0,0.0,0.0,0.0,0.0,0.0,0.0,0.0,1.0,1.0,1.0,1,14,0,4,75.72751933712557,0.1007435195948644,-1.0667393437399553,0.1007435195948644,0.8992564804051355,-2.620230178601243e-05,-2.0863914279959656e-05,0.002220433226731,True,44.5473508277772,0.1080579903764281,-1.080331944834741,0.1080579903764281,0.891942009623572,-2.8120087675115782e-05,-4.452177170428771e-05,0.0039362467345372,True,24.813275218071592,0.0915110201703431,-1.1250689080600464,0.0915110201703431,0.9084889798296568,9.717221458885192e-05,7.276792696035307e-05,0.0055761906011792,True,47.27357685550723,0.2233715250705051,-0.5422322410575479,0.2233715250705051,0.7766284749294948,-0.0001075932683428,-0.0002541352686186,0.0077487697101711,True,0.8992564804051355,0.1007435195948644,-1.0667393437399553,0.891942009623572,0.1080579903764281,-1.080331944834741,0.9084889798296568,0.0915110201703431,-1.1250689080600464,0.7766284749294948,0.2233715250705051,-0.5422322410575479,1,0,0,0.0,1,1,1,1,,0,1,0,1,1,0,0,0.7985129608102711,1.0667393437399553,0.7838840192471439,1.080331944834741,0.8169779596593137,1.1250689080600464,0.5532569498589898,0.5422322410575479,0.8032821,0.4964308392655824,0.49945474
2026-04-20 15:10:00,2026-04-20 15:20:00,1,941.05,941.45,pivot,0.4000000000000909,0.156475,0.043525000000090935,1371.0375000028644,1.0,2026-04-20,941.85,942.45,940.45,0.0,940.35,941.65,940.0,0.0,2026,0.0,0.0,0.0,0.0,0.0,0.0,0.0,0.0,0.0,0.0,0.0,0.0,0.0,0.0,0.0,1.0,1.0,1.0,1,15,0,4,192.8827451381761,0.6930839808801417,0.392093306591688,0.6930839808801417,0.3069160191198583,-2.620230178601243e-05,-2.0863914279959656e-05,0.002220433226731,True,115.12601775272596,0.6572933852316315,0.3216945246130396,0.6572933852316315,0.3427066147683685,-2.8120087675115782e-05,-4.452177170428771e-05,0.0039362467345372,True,60.2215014898879,0.7781459358526545,0.6068398989508658,0.7781459358526545,0.2218540641473455,9.717221458885192e-05,7.276792696035307e-05,0.0055761906011792,True,54.20626241451596,0.2589173142208369,-0.4527114617543243,0.2589173142208369,0.741082685779163,-0.0001075932683428,-0.0002541352686186,0.0077487697101711,True,0.6930839808801417,0.3069160191198583,-0.392093306591688,0.6572933852316315,0.3427066147683685,-0.3216945246130396,0.7781459358526545,0.2218540641473455,-0.6068398989508658,0.2589173142208369,0.741082685779163,0.4527114617543243,1,0,0,0.0,1,1,1,1,,0,1,0,0,1,0,0,0.3861679617602834,0.392093306591688,0.314586770463263,0.3216945246130396,0.5562918717053089,0.6068398989508658,-0.4821653715583261,0.4527114617543243,0.65664023,0.5338206184650341,0.48323986
2026-04-21 10:40:00,2026-04-21 11:25:00,-1,958.35,959.5,pivot,-1.1499999999999773,0.1575355,-1.5075354999999773,-47487.36824999929,1.0,2026-04-21,957.25,958.35,956.4,0.0,961.05,961.5,959.15,0.0,2026,0.0,0.0,0.0,0.0,0.0,0.0,0.0,0.0,0.0,0.0,0.0,0.0,0.0,0.0,0.0,1.0,1.0,1.0,0,10,1,4,191.24966712233285,0.2554395033819792,-0.5107843194929838,0.2554395033819792,0.7445604966180208,-3.155951715330977e-05,-5.062358801245854e-05,0.0020471799238826,True,44.31179574056032,0.1106931368933384,-1.0685837240393392,0.1106931368933384,0.8893068631066616,-3.347980262562434e-05,-0.0001150734138394,0.0037459302448847,True,67.7148092017666,0.2209650952343966,-0.5467593118659384,0.2209650952343966,0.7790349047656033,-1.1189878242744553e-05,-0.0001538129442161,0.0052511569390626,True,73.61293789592506,0.3626578507082744,-0.2318706762953019,0.3626578507082744,0.6373421492917256,0.000139747001108,5.931588222813078e-05,0.0074583611519137,True,0.7445604966180208,0.2554395033819792,-0.5107843194929838,0.8893068631066616,0.1106931368933384,-1.0685837240393392,0.7790349047656033,0.2209650952343966,-0.5467593118659384,0.6373421492917256,0.3626578507082744,-0.2318706762953019,1,0,0,0.0,1,1,1,1,,0,1,1,0,1,0,0,0.48912099323604163,0.5107843194929838,0.7786137262133233,1.0685837240393392,0.5580698095312067,0.5467593118659384,0.2746842985834512,0.2318706762953019,0.7101812,0.5485282919530634,0.46654353
2026-04-21 11:25:00,2026-04-21 11:30:00,1,959.5,961.0,pivot,1.5,0.157615,1.142385,35985.1275,1.0,2026-04-21,961.05,961.5,959.15,0.0,960.15,961.05,959.6,0.0,2026,0.0,0.0,0.0,0.0,0.0,0.0,0.0,0.0,0.0,0.0,0.0,0.0,0.0,0.0,0.0,1.0,1.0,1.0,1,11,1,4,129.81879768993753,0.8275090546927228,0.7877352440218571,0.8275090546927228,0.1724909453072771,-3.155951715330977e-05,-5.062358801245854e-05,0.0020471799238826,True,53.08787377088517,0.8856410525720634,1.0325899159722471,0.8856410525720634,0.1143589474279366,-3.347980262562434e-05,-0.0001150734138394,0.0037459302448847,True,30.11712352866181,0.8991189255165253,1.092367547149767,0.8991189255165253,0.1008810744834747,-1.1189878242744553e-05,-0.0001538129442161,0.0052511569390626,True,75.51111436970743,0.4776594410179437,-0.0288780587336654,0.4776594410179437,0.5223405589820562,0.000139747001108,5.931588222813078e-05,0.0074583611519137,True,0.8275090546927228,0.1724909453072771,-0.7877352440218571,0.8856410525720634,0.1143589474279366,-1.0325899159722471,0.8991189255165253,0.1008810744834747,-1.092367547149767,0.4776594410179437,0.5223405589820562,0.0288780587336654,1,0,0,0.0,1,1,1,1,,0,1,1,0,1,0,0,0.6550181093854457,0.7877352440218571,0.7712821051441268,1.0325899159722471,0.7982378510330506,1.092367547149767,-0.044681117964112504,0.0288780587336654,0.6956844,0.4639288489047789,0.44555223
2026-04-21 14:45:00,2026-04-21 15:45:00,1,964.15,965.1,eod,0.9500000000000456,0.1578775,0.5921225000000457,18651.85875000144,1.0,2026-04-21,964.8,965.0,963.65,0.0,965.1,965.1,965.1,0.0,2026,0.0,0.0,0.0,0.0,0.0,0.0,0.0,0.0,0.0,0.0,0.0,0.0,0.0,0.0,0.0,1.0,1.0,1.0,1,14,1,4,217.0219204049349,0.6819474418080811,0.3792660730699292,0.6819474418080811,0.3180525581919189,-3.155951715330977e-05,-5.062358801245854e-05,0.0020471799238826,True,87.9877849844412,0.7865813671842669,0.6540128518067996,0.7865813671842669,0.2134186328157331,-3.347980262562434e-05,-0.0001150734138394,0.0037459302448847,True,104.69090076660642,0.5507052407715504,0.1181339024010404,0.5507052407715504,0.4492947592284496,-1.1189878242744553e-05,-0.0001538129442161,0.0052511569390626,True,63.81407442516141,0.639460362472414,0.2772374994396632,0.639460362472414,0.360539637527586,0.000139747001108,5.931588222813078e-05,0.0074583611519137,True,0.6819474418080811,0.3180525581919189,-0.3792660730699292,0.7865813671842669,0.2134186328157331,-0.6540128518067996,0.5507052407715504,0.4492947592284496,-0.1181339024010404,0.639460362472414,0.360539637527586,-0.2772374994396632,1,0,0,0.0,1,1,1,1,,0,1,0,1,1,0,0,0.3638948836161622,0.3792660730699292,0.5731627343685337,0.6540128518067996,0.10141048154310078,0.1181339024010404,0.278920724944828,0.2772374994396632,0.68688977,0.5896111407836221,0.4381261
2026-04-22 14:20:00,2026-04-22 15:45:00,1,965.3,967.65,eod,2.3500000000000227,0.1579885,1.992011500000023,62748.36225000072,1.0,2026-04-22,968.3,968.3,965.3,0.0,967.65,967.65,967.65,0.0,2026,0.0,0.0,0.0,0.0,0.0,0.0,0.0,0.0,0.0,0.0,0.0,0.0,0.0,0.0,0.0,1.0,1.0,1.0,1,14,2,4,39.46315163503175,0.9498366223099453,1.5795498160803685,0.9498366223099453,0.0501633776900548,-2.5928470521578927e-05,-2.7831569028367345e-05,0.0019493264937529,True,7.755662271629333,0.9827549569987444,2.19615960667297,0.9827549569987444,0.0172450430012556,-2.1166784404591725e-06,-6.595229990180632e-05,0.0033810862527984,True,15.539701576151533,0.9656725269995546,1.681557339381565,0.9656725269995546,0.0343274730004453,4.5828956704047874e-05,-0.0002338927214034,0.00491794842243,True,31.25656030452898,0.8576508028055232,0.8846286883849196,0.8576508028055232,0.1423491971944768,2.429848869822538e-05,-0.0002412327018853,0.0071228444673553,True,0.9498366223099453,0.0501633776900548,-1.5795498160803685,0.9827549569987444,0.0172450430012556,-2.19615960667297,0.9656725269995546,0.0343274730004453,-1.681557339381565,0.8576508028055232,0.1423491971944768,-0.8846286883849196,1,0,0,0.0,1,1,1,1,,0,1,0,1,1,0,0,0.8996732446198905,1.5795498160803685,0.9655099139974888,2.19615960667297,0.9313450539991094,1.681557339381565,0.7153016056110464,0.8846286883849196,0.84384346,0.45579598923510795,0.43363202
2026-04-24 11:20:00,2026-04-24 13:10:00,-1,973.6,968.5,pivot,5.100000000000023,0.158263,4.741737000000023,149364.71550000072,1.0,2026-04-24,971.05,974.0,970.95,0.0,970.65,971.3,967.6,0.0,2026,0.0,0.0,0.0,0.0,0.0,0.0,0.0,0.0,0.0,0.0,0.0,0.0,0.0,0.0,0.0,1.0,1.0,1.0,1,11,4,4,43.52560682527162,0.0467725615799457,-1.6276948605057544,0.0467725615799457,0.9532274384200542,-3.054340042829697e-05,1.4035107715692062e-05,0.0017144933543294,True,25.80227817630017,0.0498511717708291,-1.6789996692099536,0.0498511717708291,0.9501488282291708,-3.7644811945778414e-05,1.2953988107485167e-06,0.0029681109330478,True,14.94711663913844,0.0459880203859818,-1.5625737688167542,0.0459880203859818,0.9540119796140182,-2.5773960164427257e-05,-0.0002667581412891,0.004720460928361,True,64.46114838503415,0.2735032326730872,-0.354128953352027,0.2735032326730872,0.7264967673269127,-5.2701526850889794e-05,-0.0005673882926425,0.0068184739927275,True,0.9532274384200542,0.0467725615799457,-1.6276948605057544,0.9501488282291708,0.0498511717708291,-1.6789996692099536,0.9540119796140182,0.0459880203859818,-1.5625737688167542,0.7264967673269127,0.2735032326730872,-0.354128953352027,1,0,0,0.0,1,1,1,1,,0,1,1,0,1,0,0,0.9064548768401085,1.6276948605057544,0.9002976564583417,1.6789996692099536,0.9080239592280364,1.5625737688167542,0.4529935346538255,0.354128953352027,0.8265572,0.48691692155911465,0.4472249
2026-04-24 14:30:00,2026-04-24 15:30:00,1,974.4,974.0,pivot,-0.3999999999999772,0.158452,-0.7584519999999773,-23891.237999999285,1.0,2026-04-24,975.3,976.15,974.15,0.0,974.3,974.85,973.55,0.0,2026,0.0,0.0,0.0,0.0,0.0,0.0,0.0,0.0,0.0,0.0,0.0,0.0,0.0,0.0,0.0,1.0,1.0,1.0,0,14,4,4,199.66864096634075,0.7542810278902583,0.5681199552937028,0.7542810278902583,0.2457189721097417,-3.960823025503253e-05,1.910220421438245e-06,0.0017120041961939,True,94.88173211736732,0.7997583125145451,0.7273839387995286,0.7997583125145451,0.2002416874854549,-3.437855273372867e-05,-9.75440045635484e-06,0.0029061459500319,True,92.47132166945433,0.7309331186465086,0.5176821486713998,0.7309331186465086,0.2690668813534914,2.523005458901041e-05,5.8339237877927154e-06,0.0039540143058572,True,37.45324560544673,0.8493248347397462,0.8608021912628951,0.8493248347397462,0.1506751652602538,-0.000140695289897,-0.0006711799578834,0.0068704055179737,True,0.7542810278902583,0.2457189721097417,-0.5681199552937028,0.7997583125145451,0.2002416874854549,-0.7273839387995286,0.7309331186465086,0.2690668813534914,-0.5176821486713998,0.8493248347397462,0.1506751652602538,-0.8608021912628951,1,0,0,0.0,1,1,1,1,,0,1,0,1,1,0,0,0.5085620557805166,0.5681199552937028,0.5995166250290902,0.7273839387995286,0.4618662372930172,0.5176821486713998,0.6986496694794924,0.8608021912628951,0.70039755,0.6033604206444632,0.459268
2026-04-28 10:50:00,2026-04-28 11:10:00,-1,1008.8,1004.6,pivot,4.199999999999932,0.160402,3.8395979999999317,120947.33699999785,1.0,2026-04-28,1007.7,1008.9,1006.65,0.0,1004.75,1005.6,1003.35,0.0,2026,0.0,0.0,0.0,0.0,0.0,0.0,0.0,0.0,0.0,0.0,0.0,0.0,0.0,0.0,0.0,1.0,1.0,1.0,1,10,1,4,196.0777298440141,0.1859007200868709,-0.7802885372041765,0.1859007200868709,0.8140992799131291,-1.19366428607005e-05,2.1721843886777092e-05,0.0014260381322871,True,37.71322027791307,0.0629536333813804,-1.5077046468286572,0.0629536333813804,0.9370463666186196,3.321386537468856e-05,5.256908259405589e-05,0.0024657166441315,True,24.36586543670022,0.0572870305269946,-1.6317268910841434,0.0572870305269946,0.9427129694730052,0.0001700618225767,0.0001514408722554,0.003337885149665,True,38.22708831094742,0.1345028228923807,-0.9601287306417016,0.1345028228923807,0.8654971771076193,0.0001274943662406,-4.003677408553961e-05,0.0050619400716178,True,0.8140992799131291,0.1859007200868709,-0.7802885372041765,0.9370463666186196,0.0629536333813804,-1.5077046468286572,0.9427129694730052,0.0572870305269946,-1.6317268910841434,0.8654971771076193,0.1345028228923807,-0.9601287306417016,1,0,0,0.0,1,1,1,1,,0,1,1,0,1,0,0,0.6281985598262583,0.7802885372041765,0.8740927332372392,1.5077046468286572,0.8854259389460106,1.6317268910841434,0.7309943542152386,0.9601287306417016,0.6926306,0.46884013528046303,0.47354606
2026-04-30 14:20:00,2026-04-30 14:25:00,1,998.65,1001.0,pivot,2.3500000000000227,0.1599895,1.990010500000023,62685.33075000072,1.0,2026-04-30,1001.0,1001.15,998.3,0.0,999.4,1001.0,998.3,0.0,2026,0.0,0.0,0.0,0.0,0.0,0.0,0.0,0.0,0.0,0.0,0.0,0.0,0.0,0.0,0.0,1.0,1.0,1.0,1,14,3,4,46.66765215456062,0.9581042533928548,1.8086406746782575,0.9581042533928548,0.0418957466071452,2.664820070662109e-06,2.182489668981049e-05,0.0013151624782766,True,221.31369407986665,0.4910689864447426,-0.0221733872207203,0.4910689864447426,0.5089310135552574,4.034851468317042e-05,5.028986251588775e-05,0.0022680279749452,True,136.5578261193112,0.3434150801652937,-0.3064424274753667,0.3434150801652937,0.6565849198347062,0.0001743672411708,9.141345125213924e-05,0.0030681259887284,True,84.19735887121212,0.7514341753587243,0.6440115225759485,0.7514341753587243,0.2485658246412757,0.0004133922613205,0.0002135676066444,0.004329014775948,True,0.9581042533928548,0.0418957466071452,-1.8086406746782575,0.4910689864447426,0.5089310135552574,0.0221733872207203,0.3434150801652937,0.6565849198347062,0.3064424274753667,0.7514341753587243,0.2485658246412757,-0.6440115225759485,1,0,0,0.0,1,1,1,1,,0,1,0,1,1,0,0,0.9162085067857095,1.8086406746782575,-0.017862027110514767,0.0221733872207203,-0.31316983966941253,0.3064424274753667,0.5028683507174485,0.6440115225759485,0.76731175,0.4402751851649011,0.4918053
2026-04-30 14:25:00,2026-04-30 15:15:00,-1,1001.0,997.7,pivot,3.2999999999999545,0.159961,2.9400389999999543,92611.22849999856,1.0,2026-04-30,999.4,1001.0,998.3,0.0,997.3,998.0,997.25,0.0,2026,0.0,0.0,0.0,0.0,0.0,0.0,0.0,0.0,0.0,0.0,0.0,0.0,0.0,0.0,0.0,1.0,1.0,1.0,1,14,3,4,97.00845272650233,0.0904095274167106,-1.2329315416073698,0.0904095274167106,0.9095904725832894,2.664820070662109e-06,2.182489668981049e-05,0.0013151624782766,True,194.40012983742653,0.6608300348158055,0.3309090493462078,0.6608300348158055,0.3391699651841945,4.034851468317042e-05,5.028986251588775e-05,0.0022680279749452,True,108.38578246278414,0.2512008126309273,-0.5511813604072279,0.2512008126309273,0.7487991873690727,0.0001743672411708,9.141345125213924e-05,0.0030681259887284,True,86.52230624286949,0.7347296638842257,0.598761055415499,0.7347296638842257,0.2652703361157743,0.0004133922613205,0.0002135676066444,0.004329014775948,True,0.9095904725832894,0.0904095274167106,-1.2329315416073698,0.3391699651841945,0.6608300348158055,0.3309090493462078,0.7487991873690727,0.2512008126309273,-0.5511813604072279,0.2652703361157743,0.7347296638842257,0.598761055415499,1,0,0,0.0,1,1,1,1,,0,1,0,1,1,0,0,0.8191809451665788,1.2329315416073698,-0.321660069631611,0.3309090493462078,0.4975983747381454,0.5511813604072279,-0.4694593277684514,0.598761055415499,0.7910584,0.47145113220334506,0.51996046
2026-05-04 11:00:00,2026-05-04 12:10:00,1,1036.2,1042.2,pivot,6.0,0.162352,5.637648,177585.912,1.0,2026-05-04,1037.15,1037.3,1034.6,0.0,1040.6,1043.35,1040.2,0.0,2026,0.0,0.0,0.0,0.0,0.0,0.0,0.0,0.0,0.0,0.0,0.0,0.0,0.0,0.0,0.0,1.0,1.0,2.0,1,11,0,5,187.7407391516116,0.7833199103579097,0.6068183349777467,0.7833199103579097,0.2166800896420903,2.664820070662109e-06,2.182489668981049e-05,0.0013151624782766,True,50.5557583011912,0.9263886034904936,1.3829543186897233,0.9263886034904936,0.0736113965095063,4.034851468317042e-05,5.028986251588775e-05,0.0022680279749452,True,9.587537643727687,0.978310957784664,2.0509304620192195,0.978310957784664,0.0216890422153358,0.0001743672411708,9.141345125213924e-05,0.0030681259887284,True,1.4478908997000304,0.997869060591972,2.9997639118789734,0.997869060591972,0.0021309394080278,0.0004133922613205,0.0002135676066444,0.004329014775948,True,0.7833199103579097,0.2166800896420903,-0.6068183349777467,0.9263886034904936,0.0736113965095063,-1.3829543186897233,0.978310957784664,0.0216890422153358,-2.0509304620192195,0.997869060591972,0.0021309394080278,-2.9997639118789734,1,0,0,0.0,1,1,1,1,,0,1,1,0,1,0,0,0.5666398207158194,0.6068183349777467,0.8527772069809872,1.3829543186897233,0.9566219155693282,2.0509304620192195,0.9957381211839442,2.9997639118789734,0.6614409,0.49340679266578286,0.5183678
2026-05-04 12:10:00,2026-05-04 12:15:00,-1,1042.2,1040.65,pivot,1.5499999999999543,0.1624855,1.1875144999999543,37406.70674999856,1.0,2026-05-04,1040.6,1043.35,1040.2,0.0,1041.25,1041.8,1040.0,0.0,2026,0.0,0.0,0.0,0.0,0.0,0.0,0.0,0.0,0.0,0.0,0.0,0.0,0.0,0.0,0.0,1.0,1.0,1.0,1,12,0,5,110.34946103604828,0.1020044973994998,-1.1483310641172593,0.1020044973994998,0.8979955026005002,2.664820070662109e-06,2.182489668981049e-05,0.0013151624782766,True,134.4327700288138,0.2127143765016776,-0.6784338248868905,0.2127143765016776,0.7872856234983223,4.034851468317042e-05,5.028986251588775e-05,0.0022680279749452,True,119.84957707776204,0.2858947767694782,-0.4523611863550186,0.2858947767694782,0.7141052232305218,0.0001743672411708,9.141345125213924e-05,0.0030681259887284,True,93.91686542132489,0.6681836150132425,0.4284313067534365,0.6681836150132425,0.3318163849867575,0.0004133922613205,0.0002135676066444,0.004329014775948,True,0.8979955026005002,0.1020044973994998,-1.1483310641172593,0.7872856234983223,0.2127143765016776,-0.6784338248868905,0.7141052232305218,0.2858947767694782,-0.4523611863550186,0.3318163849867575,0.6681836150132425,0.4284313067534365,1,0,0,0.0,1,1,1,1,,0,1,0,1,1,0,0,0.7959910052010004,1.1483310641172593,0.5745712469966447,0.6784338248868905,0.4282104464610436,0.4523611863550186,-0.33636723002648505,0.4284313067534365,0.78161585,0.47145113220334506,0.551878
2026-05-04 12:35:00,2026-05-04 14:10:00,1,1041.9,1047.45,pivot,5.5499999999999545,0.1626805,5.187319499999954,163400.56424999854,1.0,2026-05-04,1043.05,1043.5,1041.8,0.0,1047.1,1047.7,1046.1,0.0,2026,0.0,0.0,0.0,0.0,0.0,0.0,0.0,0.0,0.0,0.0,0.0,0.0,0.0,0.0,0.0,1.0,1.0,1.0,1,12,0,5,156.24606234446273,0.831652037945317,0.8221943625431662,0.831652037945317,0.168347962054683,2.664820070662109e-06,2.182489668981049e-05,0.0013151624782766,True,161.5284959295055,0.7404060556436816,0.5276973381448199,0.7404060556436816,0.2595939443563184,4.034851468317042e-05,5.028986251588775e-05,0.0022680279749452,True,151.51904905417206,0.6098792028961075,0.2515584934252124,0.6098792028961075,0.3901207971038924,0.0001743672411708,9.141345125213924e-05,0.0030681259887284,True,89.31624338525646,0.7117327630175283,0.5382959933750574,0.7117327630175283,0.2882672369824717,0.0004133922613205,0.0002135676066444,0.004329014775948,True,0.831652037945317,0.168347962054683,-0.8221943625431662,0.7404060556436816,0.2595939443563184,-0.5276973381448199,0.6098792028961075,0.3901207971038924,-0.2515584934252124,0.7117327630175283,0.2882672369824717,-0.5382959933750574,1,0,0,0.0,1,1,1,1,,0,1,0,1,1,0,0,0.6633040758906339,0.8221943625431662,0.4808121112873632,0.5276973381448199,0.21975840579221512,0.2515584934252124,0.4234655260350566,0.5382959933750574,0.6956712,0.47371227870016036,0.5422757
2026-05-04 15:05:00,2026-05-04 15:45:00,1,1048.75,1050.5,eod,1.75,0.1629775,1.3870224999999998,43691.20875,1.0,2026-05-04,1050.75,1050.8,1048.2,0.0,1050.5,1050.5,1050.5,0.0,2026,0.0,0.0,0.0,0.0,0.0,0.0,0.0,0.0,0.0,0.0,0.0,0.0,0.0,0.0,0.0,1.0,1.0,1.0,1,15,0,5,82.51614011498317,0.926836238273206,1.432059717509791,0.926836238273206,0.0731637617267939,2.664820070662109e-06,2.182489668981049e-05,0.0013151624782766,True,82.01942825531356,0.8737218362691023,1.0281169357685482,0.8737218362691023,0.1262781637308977,4.034851468317042e-05,5.028986251588775e-05,0.0022680279749452,True,68.94031947753625,0.8665557685057547,1.0421207168872264,0.8665557685057547,0.1334442314942453,0.0001743672411708,9.141345125213924e-05,0.0030681259887284,True,82.3259114354924,0.7634137821402454,0.6772876670963576,0.7634137821402454,0.2365862178597546,0.0004133922613205,0.0002135676066444,0.004329014775948,True,0.926836238273206,0.0731637617267939,-1.432059717509791,0.8737218362691023,0.1262781637308977,-1.0281169357685482,0.8665557685057547,0.1334442314942453,-1.0421207168872264,0.7634137821402454,0.2365862178597546,-0.6772876670963576,1,0,0,0.0,1,1,1,1,,0,1,0,0,1,0,0,0.8536724765464121,1.432059717509791,0.7474436725382045,1.0281169357685482,0.7331115370115093,1.0421207168872264,0.5268275642804907,0.6772876670963576,0.83602107,0.49904660380933363,0.5404611
2026-05-07 10:25:00,2026-05-07 10:35:00,1,1118.65,1114.9,pivot,-3.75,0.1670065,-4.1170065000000005,-129685.70475,1.0,2026-05-07,1124.1,1124.6,1116.95,0.0,1125.4,1125.7,1114.9,0.0,2026,0.0,0.0,0.0,0.0,0.0,0.0,0.0,0.0,0.0,0.0,0.0,0.0,0.0,0.0,0.0,1.0,1.0,0.0,0,10,3,5,1.3141444991292106,0.9987099993382296,3.5961082632713275,0.9987099993382296,0.0012900006617703,2.3867505254686055e-05,4.240389976103042e-05,0.0013521306436084,True,23.846049640758924,0.963154668320141,1.8046059417891835,0.963154668320141,0.036845331679859,5.833967739368239e-05,0.000103254581572,0.0021903075664889,True,82.40089595671799,0.8205198475423727,0.8580690146092179,0.8205198475423727,0.1794801524576272,0.000261062660025,0.0002267231344714,0.0030580970313036,True,94.71971604057188,0.6090913482280322,0.2792319323894162,0.6090913482280322,0.3909086517719677,0.0005403331413014,0.0003867139573065,0.0045138205993058,True,0.9987099993382296,0.0012900006617703,-3.5961082632713275,0.963154668320141,0.036845331679859,-1.8046059417891835,0.8205198475423727,0.1794801524576272,-0.8580690146092179,0.6090913482280322,0.3909086517719677,-0.2792319323894162,1,0,0,0.0,1,1,1,1,,0,1,1,0,1,0,0,0.9974199986764593,3.5961082632713275,0.9263093366402819,1.8046059417891835,0.6410396950847456,0.8580690146092179,0.21818269645606453,0.2792319323894162,0.8715322,0.771303041634664,0.5386777
2026-05-07 11:35:00,2026-05-07 12:10:00,-1,1137.9,1126.5,pivot,11.400000000000093,0.167932,11.03206800000009,347510.14200000284,1.0,2026-05-07,1134.85,1138.45,1134.6,0.0,1126.55,1127.4,1125.2,0.0,2026,0.0,0.0,0.0,0.0,0.0,0.0,0.0,0.0,0.0,0.0,0.0,0.0,0.0,0.0,0.0,1.0,1.0,2.0,1,11,3,5,34.60482534532012,0.0442948602195322,-1.6615180951717436,0.0442948602195322,0.9557051397804678,2.5575090991598847e-05,2.6070555340052514e-05,0.0015781713651077,True,155.21849554449233,0.719443559094884,0.4628779140876043,0.719443559094884,0.280556440905116,0.0001008046765228,7.112041693524864e-05,0.0026084598168921,True,57.8464330920897,0.1544721051327661,-0.8374137688381521,0.1544721051327661,0.8455278948672339,0.0003201441007508,0.0002172643655244,0.0036219278200399,True,15.499999174155192,0.9562901622819664,1.6146901970543333,0.9562901622819664,0.0437098377180334,0.0006603163892158,0.0004280313079757,0.004913589181874,True,0.9557051397804678,0.0442948602195322,-1.6615180951717436,0.280556440905116,0.719443559094884,0.4628779140876043,0.8455278948672339,0.1544721051327661,-0.8374137688381521,0.0437098377180334,0.9562901622819664,1.6146901970543333,1,0,0,0.0,1,1,1,1,,0,1,1,0,1,0,0,0.9114102795609356,1.6615180951717436,-0.438887118189768,0.4628779140876043,0.6910557897344678,0.8374137688381521,-0.912580324563933,1.6146901970543333,0.81172043,0.5063451796006547,0.56060517
2026-05-08 10:30:00,2026-05-08 10:35:00,-1,1140.65,1138.55,pivot,2.1000000000001364,0.168376,1.7316240000001364,54546.156000004295,1.0,2026-05-08,1138.55,1142.25,1137.95,0.0,1136.85,1138.55,1135.8,0.0,2026,0.0,0.0,0.0,0.0,0.0,0.0,0.0,0.0,0.0,0.0,0.0,0.0,0.0,0.0,0.0,1.0,1.0,1.0,1,10,4,5,66.34853135650627,0.0785983304433839,-1.2119448222202198,0.0785983304433839,0.921401669556616,2.5575090991598847e-05,2.6070555340052514e-05,0.0015781713651077,True,4.2363491962889706,0.0105809079138772,-2.561079109462585,0.0105809079138772,0.9894190920861228,0.0001008046765228,7.112041693524864e-05,0.0026084598168921,True,96.19866695627933,0.2420325611484458,-0.5203479547489501,0.2420325611484458,0.7579674388515542,0.0003201441007508,0.0002172643655244,0.0036219278200399,True,64.20393336855739,0.8179369154302494,0.7906595057596215,0.8179369154302494,0.1820630845697506,0.0006603163892158,0.0004280313079757,0.004913589181874,True,0.921401669556616,0.0785983304433839,-1.2119448222202198,0.9894190920861228,0.0105809079138772,-2.561079109462585,0.7579674388515542,0.2420325611484458,-0.5203479547489501,0.1820630845697506,0.8179369154302494,0.7906595057596215,1,0,0,0.0,1,1,1,1,,0,1,1,0,1,0,0,0.842803339113232,1.2119448222202198,0.9788381841722456,2.561079109462585,0.5159348777031083,0.5203479547489501,-0.6358738308604988,0.7906595057596215,0.81319785,0.5456516714473267,0.55254686
2026-05-08 10:35:00,2026-05-08 11:00:00,-1,1138.55,1134.85,pivot,3.7000000000000455,0.168202,3.331798000000046,104951.63700000144,1.0,2026-05-08,1136.85,1138.55,1135.8,0.0,1134.55,1135.6,1131.4,0.0,2026,0.0,0.0,0.0,0.0,0.0,0.0,0.0,0.0,0.0,0.0,0.0,0.0,0.0,0.0,0.0,1.0,1.0,2.0,1,10,4,5,98.36980271189188,0.1109053054887124,-0.9633387333461688,0.1109053054887124,0.8890946945112875,2.5575090991598847e-05,2.6070555340052514e-05,0.0015781713651077,True,10.979660150342983,0.0193100809192718,-2.1123456934569287,0.0193100809192718,0.980689919080728,0.0001008046765228,7.112041693524864e-05,0.0026084598168921,True,30.06947766132859,0.0740101612999466,-1.3683281746633345,0.0740101612999466,0.9259898387000534,0.0003201441007508,0.0002172643655244,0.0036219278200399,True,86.35489152368072,0.7004951094923073,0.4775793229266118,0.7004951094923073,0.2995048905076927,0.0006603163892158,0.0004280313079757,0.004913589181874,True,0.8890946945112875,0.1109053054887124,-0.9633387333461688,0.980689919080728,0.0193100809192718,-2.1123456934569287,0.9259898387000534,0.0740101612999466,-1.3683281746633345,0.2995048905076927,0.7004951094923073,0.4775793229266118,1,0,0,0.0,1,1,1,1,,0,1,1,0,1,0,0,0.7781893890225752,0.9633387333461688,0.9613798381614562,2.1123456934569287,0.8519796774001067,1.3683281746633345,-0.4009902189846146,0.4775793229266118,0.8231139,0.5660632944122354,0.54024243
2026-05-08 11:25:00,2026-05-08 11:30:00,-1,1137.45,1135.0,pivot,2.450000000000045,0.1681735,2.0818265000000453,65577.53475000143,1.0,2026-05-08,1134.9,1137.65,1134.75,0.0,1135.95,1136.75,1133.9,0.0,2026,0.0,0.0,0.0,0.0,0.0,0.0,0.0,0.0,0.0,0.0,0.0,0.0,0.0,0.0,0.0,1.0,1.0,1.0,1,11,4,5,43.18548117551937,0.0545872969631639,-1.494359993731505,0.0545872969631639,0.945412703036836,2.5575090991598847e-05,2.6070555340052514e-05,0.0015781713651077,True,201.45900661748976,0.5515081994257199,0.1078780928268035,0.5515081994257199,0.44849180057428,0.0001008046765228,7.112041693524864e-05,0.0026084598168921,True,148.805252805574,0.4785161105333027,-0.01132597263476,0.4785161105333027,0.5214838894666973,0.0003201441007508,0.0002172643655244,0.0036219278200399,True,32.36838467898285,0.1044643943712654,-1.1245545425568555,0.1044643943712654,0.8955356056287346,0.0006603163892158,0.0004280313079757,0.004913589181874,True,0.945412703036836,0.0545872969631639,-1.494359993731505,0.44849180057428,0.5515081994257199,0.1078780928268035,0.5214838894666973,0.4785161105333027,-0.01132597263476,0.8955356056287346,0.1044643943712654,-1.1245545425568555,1,0,0,0.0,1,1,1,1,,0,1,1,0,1,0,0,0.8908254060736721,1.494359993731505,-0.10301639885143993,0.1078780928268035,0.04296777893339465,0.01132597263476,0.7910712112574692,1.1245545425568555,0.787476,0.45294539987245486,0.51870894
2026-05-08 14:25:00,2026-05-08 14:50:00,-1,1152.05,1152.55,pivot,-0.5,0.169138,-0.8691380000000001,-27377.847,1.0,2026-05-08,1148.7,1152.15,1148.05,0.0,1152.3,1153.25,1151.5,0.0,2026,0.0,0.0,0.0,0.0,0.0,0.0,0.0,0.0,0.0,0.0,0.0,0.0,0.0,0.0,0.0,1.0,1.0,1.0,0,14,4,5,25.66709600024326,0.0354517284102011,-1.8850679548776772,0.0354517284102011,0.9645482715897988,3.4792607551752426e-05,4.194634888426785e-05,0.0016591607692712,True,164.86097512509997,0.6492570138565552,0.3032079420315552,0.6492570138565552,0.3507429861434448,0.000139943576414,0.0001326327785252,0.0027223240265184,True,68.90664566352974,0.8227767477898174,0.791158321309946,0.8227767477898174,0.1772232522101826,0.0003993576738812,0.0003444577284139,0.0038080701448605,True,84.0202695515894,0.6920955179567517,0.4360306625534633,0.6920955179567517,0.3079044820432483,0.0007824471840089,0.0006060657506192,0.0052080774037397,True,0.9645482715897988,0.0354517284102011,-1.8850679548776772,0.3507429861434448,0.6492570138565552,0.3032079420315552,0.1772232522101826,0.8227767477898174,0.791158321309946,0.3079044820432483,0.6920955179567517,0.4360306625534633,1,0,0,0.0,1,1,1,1,,0,1,0,1,1,0,0,0.9290965431795978,1.8850679548776772,-0.2985140277131104,0.3032079420315552,-0.6455534955796347,0.791158321309946,-0.38419103591350345,0.4360306625534633,0.7703145,0.571506985133739,0.5262424
2026-05-11 10:30:00,2026-05-11 10:35:00,1,1215.7,1218.3,pivot,2.599999999999909,0.17302,2.2269799999999087,70149.86999999713,1.0,2026-05-11,1218.25,1219.75,1215.05,0.0,1217.75,1219.45,1214.05,0.0,2026,0.0,0.0,0.0,0.0,0.0,0.0,0.0,0.0,0.0,0.0,0.0,0.0,0.0,0.0,0.0,1.0,1.0,1.0,1,10,0,5,71.23726108638768,0.9189983449919094,1.287201560962388,0.9189983449919094,0.0810016550080906,3.4792607551752426e-05,4.194634888426785e-05,0.0016591607692712,True,18.490549449122632,0.971828681879427,1.8709727133997265,0.971828681879427,0.028171318120573,0.000139943576414,0.0001326327785252,0.0027223240265184,True,0.3225997021249419,0.9994675858473696,4.464708533625617,0.9994675858473696,0.0005324141526305,0.0003993576738812,0.0003444577284139,0.0038080701448605,True,87.37668291290736,0.660333195266848,0.3649455536256877,0.660333195266848,0.339666804733152,0.0007824471840089,0.0006060657506192,0.0052080774037397,True,0.9189983449919094,0.0810016550080906,-1.287201560962388,0.971828681879427,0.028171318120573,-1.8709727133997265,0.9994675858473696,0.0005324141526305,-4.464708533625617,0.660333195266848,0.339666804733152,-0.3649455536256877,1,0,0,0.0,1,1,1,1,,0,1,1,0,1,0,0,0.8379966899838187,1.287201560962388,0.9436573637588539,1.8709727133997265,0.9989351716947391,4.464708533625617,0.320666390533696,0.3649455536256877,0.81815046,0.5358787714089828,0.53646326
2026-05-11 12:05:00,2026-05-11 12:50:00,1,1207.65,1214.55,pivot,6.899999999999864,0.172666,6.527333999999865,205611.02099999573,1.0,2026-05-11,1210.3,1210.6,1205.65,0.0,1215.9,1217.15,1213.4,0.0,2026,0.0,0.0,0.0,0.0,0.0,0.0,0.0,0.0,0.0,0.0,0.0,0.0,0.0,0.0,0.0,1.0,1.0,1.0,1,12,0,5,72.86696226763455,0.9170485062366328,1.2708787197701712,0.9170485062366328,0.0829514937633671,3.4792607551752426e-05,4.194634888426785e-05,0.0016591607692712,True,143.0309216891104,0.2527183363824726,-0.5036974039455308,0.2527183363824726,0.7472816636175275,0.000139943576414,0.0001326327785252,0.0027223240265184,True,94.82247483109686,0.2584019348513772,-0.4915448666166215,0.2584019348513772,0.7415980651486228,0.0003993576738812,0.0003444577284139,0.0038080701448605,True,43.97730314969873,0.1538857558367903,-0.8763658000454706,0.1538857558367903,0.8461142441632097,0.0007824471840089,0.0006060657506192,0.0052080774037397,True,0.9170485062366328,0.0829514937633671,-1.2708787197701712,0.2527183363824726,0.7472816636175275,0.5036974039455308,0.2584019348513772,0.7415980651486228,0.4915448666166215,0.1538857558367903,0.8461142441632097,0.8763658000454706,1,0,0,0.0,1,1,1,1,,0,1,0,1,1,0,0,0.8340970124732657,1.2708787197701712,-0.49456332723505486,0.5036974039455308,-0.4831961302972456,0.4915448666166215,-0.6922284883264194,0.8763658000454706,0.7444969,0.5459087672238433,0.562806
2026-05-11 12:50:00,2026-05-11 13:50:00,1,1214.55,1218.05,pivot,3.5,0.172978,3.127022,98501.193,1.0,2026-05-11,1215.9,1217.15,1213.4,0.0,1221.7,1222.25,1217.75,0.0,2026,0.0,0.0,0.0,0.0,0.0,0.0,0.0,0.0,0.0,0.0,0.0,0.0,0.0,0.0,0.0,1.0,1.0,1.0,1,12,0,5,145.90453127886076,0.8080367276201971,0.6690897782911908,0.8080367276201971,0.1919632723798029,3.4792607551752426e-05,4.194634888426785e-05,0.0016591607692712,True,88.11107182199241,0.8525052986745875,0.904154823064678,0.8525052986745875,0.1474947013254125,0.000139943576414,0.0001326327785252,0.0027223240265184,True,110.10427736491768,0.689740089763033,0.3959322162264229,0.689740089763033,0.310259910236967,0.0003993576738812,0.0003444577284139,0.0038080701448605,True,78.47127931237029,0.7328367069620171,0.5321771982256857,0.7328367069620171,0.2671632930379829,0.0007824471840089,0.0006060657506192,0.0052080774037397,True,0.8080367276201971,0.1919632723798029,-0.6690897782911908,0.8525052986745875,0.1474947013254125,-0.904154823064678,0.689740089763033,0.310259910236967,-0.3959322162264229,0.7328367069620171,0.2671632930379829,-0.5321771982256857,1,0,0,0.0,1,1,1,1,,0,1,0,1,1,0,0,0.6160734552403941,0.6690897782911908,0.7050105973491749,0.904154823064678,0.37948017952606605,0.3959322162264229,0.46567341392403416,0.5321771982256857,0.7040681,0.5664460896268949,0.57566977
2026-05-12 10:30:00,2026-05-12 11:25:00,-1,1199.7,1201.4,pivot,-1.7000000000000457,0.172033,-2.0720330000000455,-65269.03950000143,1.0,2026-05-12,1168.95,1200.35,1166.0,0.0,1199.6,1203.0,1197.85,0.0,2026,0.0,0.0,0.0,0.0,0.0,0.0,0.0,0.0,0.0,0.0,0.0,0.0,0.0,0.0,0.0,2.0,0.0,0.0,0,10,1,5,1.5e-322,0.0,-15.256110440575414,0.0,1.0,4.348463265837651e-05,5.4104130347715805e-05,0.001716454154223,True,1.6120188137414585e-44,0.0,-10.888690311401026,0.0,1.0,0.0001942048659017,0.0001820351823488,0.0029052115443934,True,7.418298972245879e-55,0.0,-11.174488184768084,0.0,1.0,0.000475221709674,0.0004497749622574,0.0039937508919356,True,4.830097675367257e-100,0.0,-10.395335368042712,0.0,1.0,0.0011328921771354,0.0008729035708889,0.0053052129300688,True,1.0,0.0,-15.256110440575414,1.0,0.0,-10.888690311401026,1.0,0.0,-11.174488184768084,1.0,0.0,-10.395335368042712,1,0,0,0.0,1,1,1,1,,0,1,1,0,0,1,0,1.0,15.256110440575414,1.0,10.888690311401026,1.0,11.174488184768084,1.0,10.395335368042712,0.8421787,0.740517893967054,0.5829834
2026-05-12 12:55:00,2026-05-12 13:10:00,-1,1193.25,1193.35,pivot,-0.099999999999909,0.171598,-0.4715979999999091,-14855.336999997136,1.0,2026-05-12,1188.1,1193.25,1186.95,0.0,1186.4,1194.3,1185.0,0.0,2026,0.0,0.0,0.0,0.0,0.0,0.0,0.0,0.0,0.0,0.0,0.0,0.0,0.0,0.0,0.0,1.0,1.0,1.0,0,12,1,5,7.844734051035841,0.0143781749589558,-2.673464032640035,0.0143781749589558,0.985621825041044,4.348463265837651e-05,5.4104130347715805e-05,0.001716454154223,True,3.6010913457756395,0.0073603460718307,-2.7752516055972367,0.0073603460718307,0.9926396539281692,0.0001942048659017,0.0001820351823488,0.0029052115443934,True,14.03972691877649,0.0367327781762676,-1.7720279006091788,0.0367327781762676,0.9632672218237324,0.000475221709674,0.0004497749622574,0.0039937508919356,True,1.3571748600178262,0.0043614356069073,-3.584002437109,0.0043614356069073,0.9956385643930928,0.0011328921771354,0.0008729035708889,0.0053052129300688,True,0.985621825041044,0.0143781749589558,-2.673464032640035,0.9926396539281692,0.0073603460718307,-2.7752516055972367,0.9632672218237324,0.0367327781762676,-1.7720279006091788,0.9956385643930928,0.0043614356069073,-3.584002437109,1,0,0,0.0,1,1,1,1,,0,1,0,1,1,0,0,0.9712436500820882,2.673464032640035,0.9852793078563385,2.7752516055972367,0.9265344436474647,1.7720279006091788,0.9912771287861856,3.584002437109,0.8235768,0.7274413995637844,0.6234106
2026-05-12 13:10:00,2026-05-12 13:20:00,-1,1193.35,1185.25,pivot,8.099999999999909,0.171358,7.728641999999909,243452.22299999715,1.0,2026-05-12,1186.4,1194.3,1185.0,0.0,1184.85,1186.2,1182.0,0.0,2026,0.0,0.0,0.0,0.0,0.0,0.0,0.0,0.0,0.0,0.0,0.0,0.0,0.0,0.0,0.0,1.0,1.0,1.0,1,13,1,5,3.6069444150537215,0.0089556278089419,-3.3612117941071595,0.0089556278089419,0.991044372191058,4.348463265837651e-05,5.4104130347715805e-05,0.001716454154223,True,127.10178916233818,0.2288029650182024,-0.555524373425619,0.2288029650182024,0.7711970349817976,0.0001942048659017,0.0001820351823488,0.0029052115443934,True,5.749683487916073,0.0121877263175426,-2.4443971814360625,0.0121877263175426,0.9878122736824572,0.000475221709674,0.0004497749622574,0.0039937508919356,True,2.618616017092817,0.0172888618001971,-2.4621635661644383,0.0172888618001971,0.9827111381998028,0.0011328921771354,0.0008729035708889,0.0053052129300688,True,0.991044372191058,0.0089556278089419,-3.3612117941071595,0.7711970349817976,0.2288029650182024,-0.555524373425619,0.9878122736824572,0.0121877263175426,-2.4443971814360625,0.9827111381998028,0.0172888618001971,-2.4621635661644383,1,0,0,0.0,1,1,1,1,,0,1,0,1,1,0,0,0.9820887443821161,3.3612117941071595,0.5423940699635952,0.555524373425619,0.9756245473649146,2.4443971814360625,0.9654222763996058,2.4621635661644383,0.83392847,0.6238268844310736,0.65455127
2026-05-13 10:35:00,2026-05-13 10:40:00,1,1194.15,1200.45,pivot,6.2999999999999545,0.171838,5.928161999999953,186737.10299999852,1.0,2026-05-13,1200.4,1201.3,1192.7,0.0,1202.5,1204.9,1199.15,0.0,2026,0.0,0.0,0.0,0.0,0.0,0.0,0.0,0.0,0.0,0.0,0.0,0.0,0.0,0.0,0.0,1.0,2.0,2.0,1,10,2,5,5.129934045270021,0.9857170524658908,2.3008428559145364,0.9857170524658908,0.0142829475341093,3.4035809740415096e-05,1.6464422453852916e-05,0.0022616646450602,True,0.8625393012584528,0.999308711832948,4.193034416117885,0.999308711832948,0.0006912881670519,0.0001942048659017,0.0001820351823488,0.0029052115443934,True,0.0966087859321093,0.9999632616394432,4.774038932457343,0.9999632616394432,3.673836055684277e-05,0.000475221709674,0.0004497749622574,0.0039937508919356,True,1.1483571787002024e-61,1.0,7.715736006335076,1.0,0.0,0.0011328921771354,0.0008729035708889,0.0053052129300688,True,0.9857170524658908,0.0142829475341093,-2.3008428559145364,0.999308711832948,0.0006912881670519,-4.193034416117885,0.9999632616394432,3.673836055684277e-05,-4.774038932457343,1.0,0.0,-7.715736006335076,1,0,0,0.0,1,1,1,1,,0,1,1,0,0,0,0,0.9714341049317815,2.3008428559145364,0.9986174236658961,4.193034416117885,0.9999265232788863,4.774038932457343,1.0,7.715736006335076,0.86632985,0.8380998363728531,0.6608249
2026-05-13 11:00:00,2026-05-13 11:25:00,-1,1200.25,1202.2,pivot,-1.9500000000000453,0.1720735,-2.3220735000000454,-73145.31525000143,1.0,2026-05-13,1197.0,1202.15,1196.6,0.0,1202.25,1203.0,1201.0,0.0,2026,0.0,0.0,0.0,0.0,0.0,0.0,0.0,0.0,0.0,0.0,0.0,0.0,0.0,0.0,0.0,1.0,2.0,2.0,0,11,2,5,33.71082238794501,0.0586009617849716,-1.2614038234730496,0.0586009617849716,0.9413990382150283,3.4035809740415096e-05,1.6464422453852916e-05,0.0022616646450602,True,3.803087111301856,0.0078866354056757,-2.726628362399546,0.0078866354056757,0.9921133645943244,0.0001942048659017,0.0001820351823488,0.0029052115443934,True,94.93570237587464,0.7229539850947041,0.4842606475341372,0.7229539850947041,0.2770460149052959,0.000475221709674,0.0004497749622574,0.0039937508919356,True,0.1913352351651503,0.9998753933142172,3.982900993372754,0.9998753933142172,0.0001246066857828,0.0011328921771354,0.0008729035708889,0.0053052129300688,True,0.9413990382150283,0.0586009617849716,-1.2614038234730496,0.9921133645943244,0.0078866354056757,-2.726628362399546,0.2770460149052959,0.7229539850947041,0.4842606475341372,0.0001246066857828,0.9998753933142172,3.982900993372754,1,0,0,0.0,1,1,1,1,,0,1,1,0,0,0,0,0.8827980764300567,1.2614038234730496,0.9842267291886487,2.726628362399546,-0.4459079701894082,0.4842606475341372,-0.9997507866284343,3.982900993372754,0.7940688,0.6079377921768114,0.677073
2026-05-13 11:30:00,2026-05-13 12:00:00,1,1202.15,1200.65,pivot,-1.5,0.172084,-1.8720839999999999,-58970.64599999999,1.0,2026-05-13,1206.6,1206.65,1201.8,0.0,1201.75,1203.55,1198.3,0.0,2026,0.0,0.0,0.0,0.0,0.0,0.0,0.0,0.0,0.0,0.0,0.0,0.0,0.0,0.0,0.0,1.0,2.0,2.0,0,11,2,5,19.71470366860905,0.9701828074472654,1.5896350656087777,0.9701828074472654,0.0298171925527346,3.4035809740415096e-05,1.6464422453852916e-05,0.0022616646450602,True,28.237591324035773,0.9536419670701513,1.5672442739881156,0.9536419670701513,0.0463580329298488,0.0001942048659017,0.0001820351823488,0.0029052115443934,True,14.15456142295209,0.9650781007265082,1.8875202010351484,0.9650781007265082,0.0349218992734917,0.000475221709674,0.0004497749622574,0.0039937508919356,True,8.597992934576785,0.9634575641718904,1.7904933050353933,0.9634575641718904,0.0365424358281094,0.0011328921771354,0.0008729035708889,0.0053052129300688,True,0.9701828074472654,0.0298171925527346,-1.5896350656087777,0.9536419670701513,0.0463580329298488,-1.5672442739881156,0.9650781007265082,0.0349218992734917,-1.8875202010351484,0.9634575641718904,0.0365424358281094,-1.7904933050353933,1,0,0,0.0,1,1,1,1,,0,1,1,0,0,0,0,0.9403656148945307,1.5896350656087777,0.9072839341403025,1.5672442739881156,0.9301562014530166,1.8875202010351484,0.9269151283437811,1.7904933050353933,0.8439755,0.501746096290428,0.6547227
2026-05-14 10:25:00,2026-05-14 10:30:00,1,1242.35,1245.45,pivot,3.1000000000001364,0.174634,2.7253660000001356,85849.02900000427,1.0,2026-05-14,1245.35,1245.45,1241.15,0.0,1245.9,1247.7,1244.4,0.0,2026,0.0,0.0,0.0,0.0,0.0,0.0,0.0,0.0,0.0,0.0,0.0,0.0,0.0,0.0,0.0,1.0,1.0,2.0,1,10,3,5,67.93323120684873,0.9107337763663416,1.0175115119749238,0.9107337763663416,0.0892662236336584,5.870502021725934e-05,6.376990967716056e-05,0.0023867970711127,True,162.2505135502311,0.5237658703813067,0.0371483015128062,0.5237658703813067,0.4762341296186932,0.0002163163962577,0.0002162626134741,0.0039072280989201,True,88.08396123049086,0.2780074111831407,-0.3771722616198993,0.2780074111831407,0.7219925888168592,0.0005676494700388,0.0005652024868387,0.005540479913072,True,19.622022483439142,0.9112357281216406,0.9593355640789988,0.9112357281216406,0.0887642718783594,0.0012302154181571,0.0011076349472557,0.0076292228618736,True,0.9107337763663416,0.0892662236336584,-1.0175115119749238,0.5237658703813067,0.4762341296186932,-0.0371483015128062,0.2780074111831407,0.7219925888168592,0.3771722616198993,0.9112357281216406,0.0887642718783594,-0.9593355640789988,1,0,0,0.0,1,1,1,1,,0,1,1,0,1,0,0,0.8214675527326831,1.0175115119749238,0.04753174076261352,0.0371483015128062,-0.44398517763371853,0.3771722616198993,0.8224714562432811,0.9593355640789988,0.8051278,0.6022936971983318,0.6741921
2026-05-14 10:50:00,2026-05-14 11:15:00,-1,1241.35,1234.3,pivot,7.0499999999999545,0.1742695,6.675730499999954,210285.51074999856,1.0,2026-05-14,1236.85,1242.55,1236.75,0.0,1232.75,1235.65,1232.55,0.0,2026,0.0,0.0,0.0,0.0,0.0,0.0,0.0,0.0,0.0,0.0,0.0,0.0,0.0,0.0,0.0,1.0,1.0,1.0,1,10,3,5,21.559031668059607,0.0446328351014581,-1.531408996456116,0.0446328351014581,0.9553671648985418,5.870502021725934e-05,6.376990967716056e-05,0.0023867970711127,True,3.4660231602079805,0.0124268784013171,-2.311213509263421,0.0124268784013171,0.9875731215986828,0.0002163163962577,0.0002162626134741,0.0039072280989201,True,37.27279568494018,0.1048896671075945,-0.8883037430556692,0.1048896671075945,0.8951103328924055,0.0005676494700388,0.0005652024868387,0.005540479913072,True,24.00960066568893,0.0934912265160244,-0.9533936761881446,0.0934912265160244,0.9065087734839756,0.0012302154181571,0.0011076349472557,0.0076292228618736,True,0.9553671648985418,0.0446328351014581,-1.531408996456116,0.9875731215986828,0.0124268784013171,-2.311213509263421,0.8951103328924055,0.1048896671075945,-0.8883037430556692,0.9065087734839756,0.0934912265160244,-0.9533936761881446,1,0,0,0.0,1,1,1,1,,0,1,1,0,1,0,0,0.9107343297970837,1.531408996456116,0.9751462431973658,2.311213509263421,0.790220665784811,0.8883037430556692,0.8130175469679513,0.9533936761881446,0.84212875,0.6015106437535146,0.6893796
2026-05-14 15:00:00,2026-05-14 15:25:00,1,1236.95,1239.25,pivot,2.2999999999999545,0.174286,1.9257139999999546,60659.99099999857,1.0,2026-05-14,1240.15,1240.3,1236.75,0.0,1244.75,1244.75,1239.1,0.0,2026,0.0,0.0,0.0,0.0,0.0,0.0,0.0,0.0,0.0,0.0,0.0,0.0,0.0,0.0,0.0,1.0,1.0,1.0,1,15,3,5,65.3171421711033,0.9141199879640514,1.038830134683285,0.9141199879640514,0.0858800120359486,5.870502021725934e-05,6.376990967716056e-05,0.0023867970711127,True,9.289969282472509,0.969195158341794,1.7464402885227326,0.969195158341794,0.0308048416582058,0.0002163163962577,0.0002162626134741,0.0039072280989201,True,5.61968080882121,0.9754533079187714,1.873531039728068,0.9754533079187714,0.0245466920812286,0.0005676494700388,0.0005652024868387,0.005540479913072,True,55.35679740240111,0.7969571739763968,0.5383144619958686,0.7969571739763968,0.2030428260236032,0.0012302154181571,0.0011076349472557,0.0076292228618736,True,0.9141199879640514,0.0858800120359486,-1.038830134683285,0.969195158341794,0.0308048416582058,-1.7464402885227326,0.9754533079187714,0.0245466920812286,-1.873531039728068,0.7969571739763968,0.2030428260236032,-0.5383144619958686,1,0,0,0.0,1,1,1,1,,0,1,0,0,1,0,0,0.8282399759281027,1.038830134683285,0.9383903166835882,1.7464402885227326,0.9509066158375428,1.873531039728068,0.5939143479527935,0.5383144619958686,0.82140183,0.5115481133457872,0.6842524
2026-05-15 10:55:00,2026-05-15 11:25:00,-1,1215.55,1201.45,pivot,14.099999999999907,0.17251,13.727489999999907,432415.9349999971,1.0,2026-05-15,1206.85,1218.6,1204.8,0.0,1195.15,1206.8,1194.05,0.0,2026,0.0,0.0,0.0,0.0,0.0,0.0,0.0,0.0,0.0,0.0,0.0,0.0,0.0,0.0,0.0,1.0,0.0,0.0,1,10,4,5,5.13175654893878,0.0076266488254261,-2.9844813304561426,0.0076266488254261,0.992373351174574,5.870502021725934e-05,6.376990967716056e-05,0.0023867970711127,True,0.3726764332068732,9.123301961539496e-05,-4.9390692549887545,9.123301961539496e-05,0.9999087669803846,0.0002163163962577,0.0002162626134741,0.0039072280989201,True,0.2002102099413153,0.005388928286915,-3.252390239346072,0.005388928286915,0.9946110717130848,0.0005676494700388,0.0005652024868387,0.005540479913072,True,0.2609187066951214,0.0015200223218211,-4.029565947358406,0.0015200223218211,0.9984799776781788,0.0012302154181571,0.0011076349472557,0.0076292228618736,True,0.992373351174574,0.0076266488254261,-2.9844813304561426,0.9999087669803846,9.123301961539496e-05,-4.9390692549887545,0.9946110717130848,0.005388928286915,-3.252390239346072,0.9984799776781788,0.0015200223218211,-4.029565947358406,1,0,0,0.0,1,1,1,1,,0,1,1,0,0,1,0,0.984746702349148,2.9844813304561426,0.9998175339607691,4.9390692549887545,0.9892221434261699,3.252390239346072,0.9969599553563576,4.029565947358406,0.8208557,0.7391267891900479,0.70033246
2026-05-15 11:25:00,2026-05-15 11:50:00,-1,1201.45,1205.7,pivot,-4.25,0.1722145,-4.6222145,-145599.75675,1.0,2026-05-15,1195.15,1206.8,1194.05,0.0,1205.7,1211.3,1204.4,0.0,2026,0.0,0.0,0.0,0.0,0.0,0.0,0.0,0.0,0.0,0.0,0.0,0.0,0.0,0.0,0.0,1.0,0.0,0.0,0,11,4,5,8.100357890277753,0.0174081894678329,-2.334047267931607,0.0174081894678329,0.982591810532167,5.870502021725934e-05,6.376990967716056e-05,0.0023867970711127,True,164.01437947942122,0.4988287044910232,-0.0018074113397971,0.4988287044910232,0.5011712955089769,0.0002163163962577,0.0002162626134741,0.0039072280989201,True,6.053682046053249,0.0186382197585411,-1.860337274090556,0.0186382197585411,0.9813617802414588,0.0005676494700388,0.0005652024868387,0.005540479913072,True,0.7883283004477342,0.0027898992217622,-3.709970802430292,0.0027898992217622,0.9972101007782378,0.0012302154181571,0.0011076349472557,0.0076292228618736,True,0.982591810532167,0.0174081894678329,-2.334047267931607,0.5011712955089769,0.4988287044910232,-0.0018074113397971,0.9813617802414588,0.0186382197585411,-1.860337274090556,0.9972101007782378,0.0027898992217622,-3.709970802430292,1,0,0,0.0,1,1,1,1,,0,1,1,0,0,1,0,0.9651836210643342,2.334047267931607,0.002342591017953699,0.0018074113397971,0.9627235604829177,1.860337274090556,0.9944202015564756,3.709970802430292,0.7823907,0.6009741319200737,0.6987848
2026-05-15 14:55:00,2026-05-15 15:25:00,-1,1154.5,1165.1,pivot,-10.599999999999907,0.169588,-10.969587999999908,-345542.0219999971,1.0,2026-05-15,1149.7,1156.05,1149.0,0.0,1165.0,1168.15,1164.5,0.0,2026,0.0,0.0,0.0,0.0,0.0,0.0,0.0,0.0,0.0,0.0,0.0,0.0,0.0,0.0,0.0,1.0,0.0,0.0,0,14,4,5,19.874457971349205,0.0414497364951223,-1.6951398149886934,0.0414497364951223,0.9585502635048776,5.688710850897201e-05,4.252585875323537e-05,0.0025339801991026,True,11.88712314110388,0.0357765609792591,-1.690490220356098,0.0357765609792591,0.9642234390207408,0.0001812950106395,0.0001334368730336,0.0042319385655696,True,0.3820825318082856,0.0095763160282703,-3.0792530893825907,0.0095763160282703,0.9904236839717296,0.0004256919581623,0.0003293309217031,0.0060268748203971,True,1.3244996981258377,0.016090686557286,-2.521078971065594,0.016090686557286,0.983909313442714,0.0010966180430674,0.0006906850513678,0.0083168049104538,True,0.9585502635048776,0.0414497364951223,-1.6951398149886934,0.9642234390207408,0.0357765609792591,-1.690490220356098,0.9904236839717296,0.0095763160282703,-3.0792530893825907,0.983909313442714,0.016090686557286,-2.521078971065594,1,0,0,0.0,1,1,1,1,,0,1,0,1,0,1,0,0.9171005270097553,1.6951398149886934,0.9284468780414817,1.690490220356098,0.9808473679434594,3.0792530893825907,0.9678186268854281,2.521078971065594,0.80231273,0.529286444509163,0.6909133
2026-05-18 10:25:00,2026-05-18 10:55:00,1,1152.3,1170.6,pivot,18.299999999999955,0.1696869999999999,17.930312999999956,564804.8594999986,1.0,2026-05-18,1155.6,1159.0,1148.85,0.0,1170.35,1178.4,1168.95,0.0,2026,0.0,0.0,0.0,0.0,0.0,0.0,0.0,0.0,0.0,0.0,0.0,0.0,0.0,0.0,0.0,1.0,2.0,1.0,1,10,0,5,56.0822503577463,0.9194341205455404,1.111776135565623,0.9194341205455404,0.0805658794544595,5.688710850897201e-05,4.252585875323537e-05,0.0025339801991026,True,12.297696591161737,0.9605501794466664,1.6203018173891124,0.9605501794466664,0.0394498205533336,0.0001812950106395,0.0001334368730336,0.0042319385655696,True,94.13162364059872,0.3855225532041242,-0.1766436507903264,0.3855225532041242,0.6144774467958758,0.0004256919581623,0.0003293309217031,0.0060268748203971,True,15.909947240753718,0.919216480167106,1.0407098151510852,0.919216480167106,0.0807835198328941,0.0010966180430674,0.0006906850513678,0.0083168049104538,True,0.9194341205455404,0.0805658794544595,-1.111776135565623,0.9605501794466664,0.0394498205533336,-1.6203018173891124,0.3855225532041242,0.6144774467958758,0.1766436507903264,0.919216480167106,0.0807835198328941,-1.0407098151510852,1,0,0,0.0,1,1,1,1,,0,1,1,0,0,0,0,0.8388682410910809,1.111776135565623,0.9211003588933329,1.6203018173891124,-0.22895489359175158,0.1766436507903264,0.8384329603342119,1.0407098151510852,0.823189,0.5712447551068346,0.6574445
2026-05-18 11:50:00,2026-05-18 12:15:00,-1,1182.7,1178.05,pivot,4.650000000000091,0.1708225,4.279177500000092,134794.09125000288,1.0,2026-05-18,1176.5,1183.05,1174.45,0.0,1172.9,1179.5,1172.05,0.0,2026,0.0,0.0,0.0,0.0,0.0,0.0,0.0,0.0,0.0,0.0,0.0,0.0,0.0,0.0,0.0,1.0,1.0,2.0,1,11,0,5,11.554130598665656,0.0225331167136504,-2.174411367375718,0.0225331167136504,0.9774668832863496,5.688710850897201e-05,4.252585875323537e-05,0.0025339801991026,True,50.285864388017366,0.1276170823700186,-0.8235538739134682,0.1276170823700186,0.8723829176299813,0.0001812950106395,0.0001334368730336,0.0042319385655696,True,4.702915460794753,0.0210463784740434,-1.968640744982433,0.0210463784740434,0.9789536215259566,0.0004256919581623,0.0003293309217031,0.0060268748203971,True,55.995448537523394,0.7743100114174641,0.5111799153877805,0.7743100114174641,0.2256899885825358,0.0010966180430674,0.0006906850513678,0.0083168049104538,True,0.9774668832863496,0.0225331167136504,-2.174411367375718,0.8723829176299813,0.1276170823700186,-0.8235538739134682,0.9789536215259566,0.0210463784740434,-1.968640744982433,0.2256899885825358,0.7743100114174641,0.5111799153877805,1,0,0,0.0,1,1,1,1,,0,1,1,0,1,0,0,0.9549337665726991,2.174411367375718,0.7447658352599628,0.8235538739134682,0.9579072430519131,1.968640744982433,-0.5486200228349283,0.5111799153877805,0.85284317,0.5951642032349616,0.6615306
2026-05-18 14:20:00,2026-05-18 14:55:00,1,1163.0,1181.7,pivot,18.700000000000045,0.170341,18.329659000000046,577384.2585000014,1.0,2026-05-18,1169.95,1170.45,1162.9,0.0,1175.85,1182.1,1174.3,0.0,2026,0.0,0.0,0.0,0.0,0.0,0.0,0.0,0.0,0.0,0.0,0.0,0.0,0.0,0.0,0.0,1.0,1.0,0.0,1,14,0,5,10.502867113413885,0.9727109198745504,1.965467370013608,0.9727109198745504,0.0272890801254495,4.685950686712261e-05,3.815979517654415e-05,0.0029245081089428,True,6.417529214221512,0.0276285994161801,-1.880459229382556,0.0276285994161801,0.97237140058382,0.0001912055036609,0.000122018497389,0.0049063227608974,True,40.14332986998028,0.1570800060001043,-0.7192505841041561,0.1570800060001043,0.8429199939998957,0.0004455606104144,0.0003495547340878,0.0067109959512492,True,36.1845737345914,0.2017798709596819,-0.5666191174296149,0.2017798709596819,0.7982201290403181,0.0008504870418466,0.0005815683565288,0.0093036192082171,True,0.9727109198745504,0.0272890801254495,-1.965467370013608,0.0276285994161801,0.97237140058382,1.880459229382556,0.1570800060001043,0.8429199939998957,0.7192505841041561,0.2017798709596819,0.7982201290403181,0.5666191174296149,1,0,0,0.0,1,1,1,1,,0,1,0,1,1,0,0,0.9454218397491009,1.965467370013608,-0.9447428011676399,1.880459229382556,-0.6858399879997914,0.7192505841041561,-0.5964402580806363,0.5666191174296149,0.73259395,0.5241421751945998,0.62261117
2026-05-18 14:55:00,2026-05-18 15:45:00,-1,1181.7,1171.95,eod,9.75,0.1706095,9.3793905,295450.80075,1.0,2026-05-18,1175.85,1182.1,1174.3,0.0,1171.95,1171.95,1171.95,0.0,2026,0.0,0.0,0.0,0.0,0.0,0.0,0.0,0.0,0.0,0.0,0.0,0.0,0.0,0.0,0.0,1.0,1.0,1.0,1,14,0,5,19.193056456517898,0.040863955017763,-1.6666068713827378,0.040863955017763,0.9591360449822368,4.685950686712261e-05,3.815979517654415e-05,0.0029245081089428,True,128.81738101102275,0.513811339618715,0.0358074333648768,0.513811339618715,0.486188660381285,0.0001912055036609,0.000122018497389,0.0049063227608974,True,69.56123448764089,0.708282785605373,0.3921108314062265,0.708282785605373,0.2917172143946269,0.0004455606104144,0.0003495547340878,0.0067109959512492,True,65.340349347266,0.4633858172320688,-0.0305114630617776,0.4633858172320688,0.5366141827679312,0.0008504870418466,0.0005815683565288,0.0093036192082171,True,0.9591360449822368,0.040863955017763,-1.6666068713827378,0.486188660381285,0.513811339618715,0.0358074333648768,0.2917172143946269,0.708282785605373,0.3921108314062265,0.5366141827679312,0.4633858172320688,-0.0305114630617776,1,0,0,0.0,1,1,1,1,,0,1,0,1,1,0,0,0.9182720899644738,1.6666068713827378,-0.027622679237429948,0.0358074333648768,-0.41656557121074617,0.3921108314062265,0.07322836553586237,0.0305114630617776,0.80094564,0.5063909079944037,0.6161721
2026-05-19 11:25:00,2026-05-19 11:50:00,1,1119.7,1127.25,pivot,7.549999999999954,0.1674085,7.182591499999955,226251.63224999857,1.0,2026-05-19,1121.8,1125.7,1118.9,0.0,1131.65,1132.05,1125.1,0.0,2026,0.0,0.0,0.0,0.0,0.0,0.0,0.0,0.0,0.0,0.0,0.0,0.0,0.0,0.0,0.0,1.0,1.0,0.0,1,11,1,5,97.08566678248016,0.8398102114212597,0.6887384699297411,0.8398102114212597,0.1601897885787403,4.685950686712261e-05,3.815979517654415e-05,0.0029245081089428,True,13.602127734584029,0.9526481944373588,1.5162131985423073,0.9526481944373588,0.0473518055626411,0.0001912055036609,0.000122018497389,0.0049063227608974,True,85.57349389092325,0.5867685392073826,0.1605935351839951,0.5867685392073826,0.4132314607926174,0.0004455606104144,0.0003495547340878,0.0067109959512492,True,23.289669811598188,0.1277635931417665,-0.8358213425829949,0.1277635931417665,0.8722364068582334,0.0008504870418466,0.0005815683565288,0.0093036192082171,True,0.8398102114212597,0.1601897885787403,-0.6887384699297411,0.9526481944373588,0.0473518055626411,-1.5162131985423073,0.5867685392073826,0.4132314607926174,-0.1605935351839951,0.1277635931417665,0.8722364068582334,0.8358213425829949,1,0,0,0.0,1,1,1,1,,0,1,1,0,1,0,0,0.6796204228425193,0.6887384699297411,0.9052963888747178,1.5162131985423073,0.17353707841476518,0.1605935351839951,-0.7444728137164669,0.8358213425829949,0.6844471,0.5313900306898405,0.60429657
2026-05-19 11:50:00,2026-05-19 12:15:00,1,1127.25,1136.45,pivot,9.200000000000044,0.167911,8.832089000000046,278210.80350000144,1.0,2026-05-19,1131.65,1132.05,1125.1,0.0,1138.6,1138.8,1134.45,0.0,2026,0.0,0.0,0.0,0.0,0.0,0.0,0.0,0.0,0.0,0.0,0.0,0.0,0.0,0.0,0.0,1.0,1.0,1.0,1,11,1,5,26.537722200497207,0.9411648227943666,1.2887087016488097,0.9411648227943666,0.0588351772056333,4.685950686712261e-05,3.815979517654415e-05,0.0029245081089428,True,10.721310365155729,0.9647460248808488,1.7206204131095848,0.9647460248808488,0.0352539751191512,0.0001912055036609,0.000122018497389,0.0049063227608974,True,9.90437172257023,0.9531933548579848,1.556405782198851,0.9531933548579848,0.0468066451420151,0.0004455606104144,0.0003495547340878,0.0067109959512492,True,29.827066359452147,0.8518158830562573,0.728736183627571,0.8518158830562573,0.1481841169437426,0.0008504870418466,0.0005815683565288,0.0093036192082171,True,0.9411648227943666,0.0588351772056333,-1.2887087016488097,0.9647460248808488,0.0352539751191512,-1.7206204131095848,0.9531933548579848,0.0468066451420151,-1.556405782198851,0.8518158830562573,0.1481841169437426,-0.728736183627571,1,0,0,0.0,1,1,1,1,,0,1,1,0,1,0,0,0.8823296455887334,1.2887087016488097,0.9294920497616976,1.7206204131095848,0.9063867097159697,1.556405782198851,0.7036317661125148,0.728736183627571,0.84996897,0.5081283289088376,0.62809396
2026-05-19 14:05:00,2026-05-19 14:10:00,1,1130.6,1134.55,pivot,3.9500000000000455,0.1679545,3.5820455000000457,112834.43325000144,1.0,2026-05-19,1134.65,1135.3,1126.75,0.0,1135.1,1137.75,1133.75,0.0,2026,0.0,0.0,0.0,0.0,0.0,0.0,0.0,0.0,0.0,0.0,0.0,0.0,0.0,0.0,0.0,1.0,1.0,1.0,1,14,1,5,30.02729113359434,0.9371397996280924,1.2398874160554445,0.9371397996280924,0.0628602003719075,4.685950686712261e-05,3.815979517654415e-05,0.0029245081089428,True,26.185586482478303,0.9176144484117368,1.1370577893546765,0.9176144484117368,0.0823855515882633,0.0001912055036609,0.000122018497389,0.0049063227608974,True,20.95304347885804,0.9080665852565591,1.094853117863548,0.9080665852565591,0.0919334147434407,0.0004455606104144,0.0003495547340878,0.0067109959512492,True,65.97163845934914,0.5875907272841765,0.1698287861080539,0.5875907272841765,0.4124092727158235,0.0008504870418466,0.0005815683565288,0.0093036192082171,True,0.9371397996280924,0.0628602003719075,-1.2398874160554445,0.9176144484117368,0.0823855515882633,-1.1370577893546765,0.9080665852565591,0.0919334147434407,-1.094853117863548,0.5875907272841765,0.4124092727158235,-0.1698287861080539,1,0,0,0.0,1,1,1,1,,0,1,0,1,1,0,0,0.8742795992561848,1.2398874160554445,0.8352288968234735,1.1370577893546765,0.8161331705131184,1.094853117863548,0.175181454568353,0.1698287861080539,0.85304743,0.5574101361810374,0.6516555
2026-05-20 12:05:00,2026-05-20 12:30:00,1,1111.65,1110.0,pivot,-1.650000000000091,0.1666495,-2.016649500000091,-63524.45925000287,1.0,2026-05-20,1116.8,1117.65,1111.05,0.0,1108.4,1110.6,1105.45,0.0,2026,0.0,0.0,0.0,0.0,0.0,0.0,0.0,0.0,0.0,0.0,0.0,0.0,0.0,0.0,0.0,1.0,1.0,1.0,0,12,2,5,23.083768427260598,0.9429465102280936,1.394012906539459,0.9429465102280936,0.0570534897719064,3.5006671793285134e-05,1.8213885074856903e-05,0.0030767601163411,True,36.45395694203589,0.8881831436549747,0.998444423679144,0.8881831436549747,0.1118168563450252,0.000252367108619,0.000101476871458,0.005158495443566,True,68.1308988139987,0.6794704769056111,0.3553883877035807,0.6794704769056111,0.3205295230943888,0.0004365879674271,0.0002727503002888,0.0070539651702279,True,6.551596951789777,0.0581433199616891,-1.460064881210444,0.0581433199616891,0.9418566800383108,0.0007322480626502,0.0003599207991593,0.0098078149351614,True,0.9429465102280936,0.0570534897719064,-1.394012906539459,0.8881831436549747,0.1118168563450252,-0.998444423679144,0.6794704769056111,0.3205295230943888,-0.3553883877035807,0.0581433199616891,0.9418566800383108,1.460064881210444,1,0,0,0.0,1,1,1,1,,0,1,0,1,1,0,0,0.8858930204561872,1.394012906539459,0.7763662873099495,0.998444423679144,0.3589409538112223,0.3553883877035807,-0.8837133600766217,1.460064881210444,0.8090804,0.5793872269697459,0.6615548
2026-05-20 13:50:00,2026-05-20 14:00:00,-1,1114.55,1110.85,pivot,3.7000000000000455,0.166762,3.333238000000046,104996.99700000144,1.0,2026-05-20,1111.6,1116.0,1111.3,0.0,1115.9,1120.4,1110.8,0.0,2026,0.0,0.0,0.0,0.0,0.0,0.0,0.0,0.0,0.0,0.0,0.0,0.0,0.0,0.0,0.0,1.0,1.0,1.0,1,13,2,5,61.70693763734924,0.1317288542843512,-0.8527375367078913,0.1317288542843512,0.8682711457156488,3.5006671793285134e-05,1.8213885074856903e-05,0.0030767601163411,True,25.657346807383668,0.0948917278866959,-1.0979026541103287,0.0948917278866959,0.905108272113304,0.000252367108619,0.000101476871458,0.005158495443566,True,13.301926564164315,0.0643329014256003,-1.3588298614000849,0.0643329014256003,0.9356670985743996,0.0004365879674271,0.0002727503002888,0.0070539651702279,True,61.02593525714811,0.590711826957245,0.1882725040341235,0.590711826957245,0.409288173042755,0.0007322480626502,0.0003599207991593,0.0098078149351614,True,0.8682711457156488,0.1317288542843512,-0.8527375367078913,0.905108272113304,0.0948917278866959,-1.0979026541103287,0.9356670985743996,0.0643329014256003,-1.3588298614000849,0.409288173042755,0.590711826957245,0.1882725040341235,1,0,0,0.0,1,1,1,1,,0,1,0,1,1,0,0,0.7365422914312976,0.8527375367078913,0.8102165442266082,1.0979026541103287,0.8713341971487992,1.3588298614000849,-0.18142365391449,0.1882725040341235,0.75003874,0.564516870652265,0.6564075
2026-05-20 14:00:00,2026-05-20 14:45:00,1,1110.85,1114.3,pivot,3.450000000000045,0.1667545,3.083245500000046,97122.23325000145,1.0,2026-05-20,1115.9,1120.4,1110.8,0.0,1113.55,1114.5,1112.75,0.0,2026,0.0,0.0,0.0,0.0,0.0,0.0,0.0,0.0,0.0,0.0,0.0,0.0,0.0,0.0,0.0,1.0,1.0,2.0,1,14,2,5,21.02689200933438,0.946986359900406,1.4536533723085916,0.946986359900406,0.0530136400995938,3.5006671793285134e-05,1.8213885074856903e-05,0.0030767601163411,True,105.25731680022004,0.6116643907570853,0.2236899318605072,0.6116643907570853,0.3883356092429146,0.000252367108619,0.000101476871458,0.005158495443566,True,61.49528446558145,0.2852383885613912,-0.3875972111767684,0.2852383885613912,0.7147616114386088,0.0004365879674271,0.0002727503002888,0.0070539651702279,True,61.5258006181367,0.559837370635217,0.1370531473272284,0.559837370635217,0.440162629364783,0.0007322480626502,0.0003599207991593,0.0098078149351614,True,0.946986359900406,0.0530136400995938,-1.4536533723085916,0.6116643907570853,0.3883356092429146,-0.2236899318605072,0.2852383885613912,0.7147616114386088,0.3875972111767684,0.559837370635217,0.440162629364783,-0.1370531473272284,1,0,0,0.0,1,1,1,1,,0,1,0,1,1,0,0,0.8939727198008123,1.4536533723085916,0.22332878151417074,0.2236899318605072,-0.4295232228772176,0.3875972111767684,0.11967474127043398,0.1370531473272284,0.82214546,0.5751911163940011,0.6329677
2026-05-26 10:35:00,2026-05-26 11:15:00,-1,1267.7,1273.2,pivot,-5.5,0.176227,-5.876227,-185101.1505,1.0,2026-05-26,1264.05,1267.75,1260.65,0.0,1272.35,1273.3,1270.45,0.0,2026,0.0,0.0,0.0,0.0,0.0,0.0,0.0,0.0,0.0,0.0,0.0,0.0,0.0,0.0,0.0,1.0,1.0,1.0,0,10,1,5,60.14567831581694,0.1398457765459504,-0.855835730953205,0.1398457765459504,0.8601542234540496,6.652390673505149e-05,2.135967825507764e-05,0.0033479560933881,True,12.797432244672224,0.0526232702188127,-1.5478398625874048,0.0526232702188127,0.9473767297811873,0.0003758947786331,9.490537571430498e-05,0.0056844771810117,True,59.926690189347816,0.3450585663912682,-0.2618798895011094,0.3450585663912682,0.6549414336087318,0.000705194960277,0.0003862690238823,0.007662774974591,True,15.16404945950794,0.1144852191510588,-1.025539446959784,0.1144852191510588,0.8855147808489411,0.0013466759987624,0.0007803425540635,0.0103561274194697,True,0.8601542234540496,0.1398457765459504,-0.855835730953205,0.9473767297811873,0.0526232702188127,-1.5478398625874048,0.6549414336087318,0.3450585663912682,-0.2618798895011094,0.8855147808489411,0.1144852191510588,-1.025539446959784,1,0,0,0.0,1,1,1,1,,0,1,1,0,1,0,0,0.7203084469080991,0.855835730953205,0.8947534595623745,1.5478398625874048,0.3098828672174636,0.2618798895011094,0.7710295616978823,1.025539446959784,0.75175285,0.5528177997795346,0.60918725
2026-05-27 11:20:00,2026-05-27 12:20:00,1,1334.25,1339.65,pivot,5.400000000000091,0.180217,5.019783000000091,158123.16450000287,1.0,2026-05-27,1338.25,1338.4,1333.15,0.0,1340.35,1340.7,1339.0,0.0,2026,0.0,0.0,0.0,0.0,0.0,0.0,0.0,0.0,0.0,0.0,0.0,0.0,0.0,0.0,0.0,1.0,1.0,1.0,1,11,2,5,60.04467780522364,0.87611238580434,0.9199779278320565,0.87611238580434,0.1238876141956599,0.0001045827646898,3.917470703994623e-05,0.0033741978367146,True,25.76125379998944,0.9165678113413136,1.188168304586756,0.9165678113413136,0.0834321886586862,0.0004576346678804,0.0001479804642498,0.0057446853697129,True,34.55236403274835,0.8358931533750046,0.8144386459240603,0.8358931533750046,0.1641068466249954,0.0008024750271995,0.000479082480062,0.0076971229697334,True,44.28855834919187,0.7302793112543381,0.4705777768145485,0.7302793112543381,0.2697206887456619,0.0013420234554493,0.0008029575537077,0.0103963432319185,True,0.87611238580434,0.1238876141956599,-0.9199779278320565,0.9165678113413136,0.0834321886586862,-1.188168304586756,0.8358931533750046,0.1641068466249954,-0.8144386459240603,0.7302793112543381,0.2697206887456619,-0.4705777768145485,1,0,0,0.0,1,1,1,1,,0,1,1,0,1,0,0,0.7522247716086802,0.9199779278320565,0.8331356226826274,1.188168304586756,0.6717863067500092,0.8144386459240603,0.4605586225086762,0.4705777768145485,0.7870252,0.5895484495553566,0.6083954
2026-05-28 10:30:00,2026-05-28 11:00:00,-1,1295.0,1300.7,pivot,-5.7000000000000455,0.177871,-6.077871000000044,-191452.9365000014,1.0,2026-05-28,1292.4,1296.95,1291.95,0.0,1297.0,1301.85,1295.8,0.0,2026,0.0,0.0,0.0,0.0,0.0,0.0,0.0,0.0,0.0,0.0,0.0,0.0,0.0,0.0,0.0,1.0,1.0,1.0,0,10,3,5,99.25801213399696,0.2210541848614177,-0.5703576213740286,0.2210541848614177,0.7789458151385822,5.202022722435522e-05,1.2008138551807132e-05,0.003409308809302,True,21.198801360960918,0.0848205983179887,-1.2289848770205518,0.0848205983179887,0.9151794016820112,0.000372711613202,8.73082981034042e-05,0.0057802165959942,True,33.91401878593632,0.173828374444788,-0.7500229561261008,0.173828374444788,0.826171625555212,0.0008836971033115,0.0004939214880748,0.0077579284459181,True,54.85139816308978,0.5395042510527961,0.11922265503262,0.5395042510527961,0.4604957489472039,0.0014081048717154,0.0008872891334103,0.0104242109326758,True,0.7789458151385822,0.2210541848614177,-0.5703576213740286,0.9151794016820112,0.0848205983179887,-1.2289848770205518,0.826171625555212,0.173828374444788,-0.7500229561261008,0.4604957489472039,0.5395042510527961,0.11922265503262,1,0,0,0.0,1,1,1,1,,0,1,1,0,1,0,0,0.5578916302771645,0.5703576213740286,0.8303588033640225,1.2289848770205518,0.6523432511104239,0.7500229561261008,-0.07900850210559218,0.11922265503262,0.72091633,0.6660191880806473,0.63528466
2026-05-28 11:55:00,2026-05-28 12:25:00,-1,1287.6,1277.35,pivot,10.25,0.1769485,9.8730515,311001.12225,1.0,2026-05-28,1282.9,1288.15,1281.65,0.0,1272.75,1277.65,1272.0,0.0,2026,0.0,0.0,0.0,0.0,0.0,0.0,0.0,0.0,0.0,0.0,0.0,0.0,0.0,0.0,0.0,1.0,1.0,0.0,1,11,3,5,44.92308686792279,0.110206373320383,-1.0419665434540422,0.110206373320383,0.8897936266796169,5.202022722435522e-05,1.2008138551807132e-05,0.003409308809302,True,73.98267931885425,0.3028387041739289,-0.338451358423258,0.3028387041739289,0.6971612958260711,0.000372711613202,8.73082981034042e-05,0.0057802165959942,True,41.97772301785842,0.2241418758023952,-0.5800811454701519,0.2241418758023952,0.7758581241976048,0.0008836971033115,0.0004939214880748,0.0077579284459181,True,7.79271455407359,0.0695791979435172,-1.4217365305965466,0.0695791979435172,0.9304208020564828,0.0014081048717154,0.0008872891334103,0.0104242109326758,True,0.8897936266796169,0.110206373320383,-1.0419665434540422,0.6971612958260711,0.3028387041739289,-0.338451358423258,0.7758581241976048,0.2241418758023952,-0.5800811454701519,0.9304208020564828,0.0695791979435172,-1.4217365305965466,1,0,0,0.0,1,1,1,1,,0,1,1,0,1,0,0,0.779587253359234,1.0419665434540422,0.39432259165214223,0.338451358423258,0.5517162483952096,0.5800811454701519,0.8608416041129656,1.4217365305965466,0.8156527,0.5956957193380371,0.63494694
2026-05-28 12:25:00,2026-05-28 12:55:00,-1,1277.35,1265.3,pivot,12.049999999999956,0.1762794999999999,11.673720499999954,367722.19574999856,1.0,2026-05-28,1272.75,1277.65,1272.0,0.0,1259.05,1265.3,1258.3,0.0,2026,0.0,0.0,0.0,0.0,0.0,0.0,0.0,0.0,0.0,0.0,0.0,0.0,0.0,0.0,0.0,1.0,0.0,0.0,1,12,3,5,43.57461412748964,0.1072096801961351,-1.0617148263156773,0.1072096801961351,0.8927903198038648,5.202022722435522e-05,1.2008138551807132e-05,0.003409308809302,True,19.579870782217142,0.0770107286492549,-1.2948904153525858,0.0770107286492549,0.922989271350745,0.000372711613202,8.73082981034042e-05,0.0057802165959942,True,20.49613406827798,0.103590153326596,-1.0875516601810613,0.103590153326596,0.896409846673404,0.0008836971033115,0.0004939214880748,0.0077579284459181,True,10.71592029436462,0.0878791879308677,-1.231443053145625,0.0878791879308677,0.9121208120691324,0.0014081048717154,0.0008872891334103,0.0104242109326758,True,0.8927903198038648,0.1072096801961351,-1.0617148263156773,0.922989271350745,0.0770107286492549,-1.2948904153525858,0.896409846673404,0.103590153326596,-1.0875516601810613,0.9121208120691324,0.0878791879308677,-1.231443053145625,1,0,0,0.0,1,1,1,1,,0,1,0,1,0,1,0,0.7855806396077297,1.0617148263156773,0.8459785427014901,1.2948904153525858,0.7928196933468079,1.0875516601810613,0.8242416241382647,1.231443053145625,0.8027567,0.5785443251701551,0.6411073
2026-05-28 12:55:00,2026-05-28 13:20:00,-1,1265.3,1239.5,pivot,25.799999999999955,0.175144,25.424855999999956,800882.9639999986,1.0,2026-05-28,1259.05,1265.3,1258.3,0.0,1242.2,1243.15,1237.5,0.0,2026,0.0,0.0,0.0,0.0,0.0,0.0,0.0,0.0,0.0,0.0,0.0,0.0,0.0,0.0,0.0,1.0,0.0,0.0,1,12,3,5,23.903384174893493,0.0567270208249679,-1.513899265937188,0.0567270208249679,0.943272979175032,5.202022722435522e-05,1.2008138551807132e-05,0.003409308809302,True,95.0840637354729,0.4680802836306031,-0.0082341253339999,0.4680802836306031,0.5319197163693969,0.000372711613202,8.73082981034042e-05,0.0057802165959942,True,11.20833507245896,0.058502607890812,-1.45868411069618,0.058502607890812,0.941497392109188,0.0008836971033115,0.0004939214880748,0.0077579284459181,True,4.949396855950351,0.0407963147440423,-1.885318821836094,0.0407963147440423,0.9592036852559576,0.0014081048717154,0.0008872891334103,0.0104242109326758,True,0.943272979175032,0.0567270208249679,-1.513899265937188,0.5319197163693969,0.4680802836306031,-0.0082341253339999,0.941497392109188,0.058502607890812,-1.45868411069618,0.9592036852559576,0.0407963147440423,-1.885318821836094,1,0,0,0.0,1,1,1,1,,0,1,0,1,0,1,0,0.886545958350064,1.513899265937188,0.06383943273879383,0.0082341253339999,0.8829947842183761,1.45868411069618,0.9184073705119152,1.885318821836094,0.80907315,0.5679884239639281,0.64456534
2026-05-28 13:25:00,2026-05-28 13:45:00,1,1242.3,1254.4,pivot,12.100000000000136,0.174901,11.725099000000137,369340.6185000043,1.0,2026-05-28,1247.2,1249.6,1239.55,0.0,1251.65,1255.5,1249.9,0.0,2026,0.0,0.0,0.0,0.0,0.0,0.0,0.0,0.0,0.0,0.0,0.0,0.0,0.0,0.0,0.0,1.0,0.0,0.0,1,13,3,5,35.843795832053935,0.914809100351566,1.174733561502233,0.914809100351566,0.0851908996484339,5.202022722435522e-05,1.2008138551807132e-05,0.003409308809302,True,85.43720780798199,0.6474298274835523,0.3250784623665248,0.6474298274835523,0.3525701725164477,0.000372711613202,8.73082981034042e-05,0.0057802165959942,True,15.200332744046456,0.0765657887263847,-1.2826041292356944,0.0765657887263847,0.9234342112736152,0.0008836971033115,0.0004939214880748,0.0077579284459181,True,4.492600858039306,0.03359667646636,-2.030481185481506,0.03359667646636,0.96640332353364,0.0014081048717154,0.0008872891334103,0.0104242109326758,True,0.914809100351566,0.0851908996484339,-1.174733561502233,0.6474298274835523,0.3525701725164477,-0.3250784623665248,0.0765657887263847,0.9234342112736152,1.2826041292356944,0.03359667646636,0.96640332353364,2.030481185481506,1,0,0,0.0,1,1,1,1,,0,1,0,1,0,1,0,0.8296182007031321,1.174733561502233,0.2948596549671046,0.3250784623665248,-0.8468684225472305,1.2826041292356944,-0.93280664706728,2.030481185481506,0.7621839,0.5940698440033437,0.6489348
2026-05-28 13:45:00,2026-05-28 14:20:00,-1,1254.4,1262.65,pivot,-8.25,0.1755115,-8.6255115,-271703.61225,1.0,2026-05-28,1251.65,1255.5,1249.9,0.0,1270.7,1270.7,1262.15,0.0,2026,0.0,0.0,0.0,0.0,0.0,0.0,0.0,0.0,0.0,0.0,0.0,0.0,0.0,0.0,0.0,1.0,1.0,0.0,0,13,3,5,90.9804163154348,0.2035990513660492,-0.6238728803717561,0.2035990513660492,0.7964009486339508,5.202022722435522e-05,1.2008138551807132e-05,0.003409308809302,True,92.6492254611458,0.4304331491436333,-0.0772927974827588,0.4304331491436333,0.5695668508563667,0.000372711613202,8.73082981034042e-05,0.0057802165959942,True,19.468180055751382,0.9102197955852822,1.183307183685984,0.9102197955852822,0.0897802044147177,0.0008836971033115,0.0004939214880748,0.0077579284459181,True,14.28807012798414,0.1105664299348195,-1.0573759187928358,0.1105664299348195,0.8894335700651804,0.0014081048717154,0.0008872891334103,0.0104242109326758,True,0.7964009486339508,0.2035990513660492,-0.6238728803717561,0.5695668508563667,0.4304331491436333,-0.0772927974827588,0.0897802044147177,0.9102197955852822,1.183307183685984,0.8894335700651804,0.1105664299348195,-1.0573759187928358,1,0,0,0.0,1,1,1,1,,0,1,0,1,1,0,0,0.5928018972679017,0.6238728803717561,0.13913370171273343,0.0772927974827588,-0.8204395911705645,1.183307183685984,0.778867140130361,1.0573759187928358,0.6685872,0.5638775351999092,0.6387379
2026-05-28 14:20:00,2026-05-28 14:55:00,1,1262.65,1283.75,pivot,21.09999999999991,0.176392,20.723607999999906,652793.6519999971,1.0,2026-05-28,1270.7,1270.7,1262.15,0.0,1282.6,1284.05,1280.8,0.0,2026,0.0,0.0,0.0,0.0,0.0,0.0,0.0,0.0,0.0,0.0,0.0,0.0,0.0,0.0,0.0,1.0,2.0,1.0,1,14,3,5,13.83773295745843,0.965297399910891,1.837334068032806,0.965297399910891,0.0347026000891089,5.202022722435522e-05,1.2008138551807132e-05,0.003409308809302,True,10.346309461763155,0.9670922116153172,1.708928184827129,0.9670922116153172,0.0329077883846826,0.000372711613202,8.73082981034042e-05,0.0057802165959942,True,6.267574059242604,0.9679723154475484,1.811336881005697,0.9679723154475484,0.0320276845524516,0.0008836971033115,0.0004939214880748,0.0077579284459181,True,1.965110296221929,0.9769628134606492,2.0909630083896182,0.9769628134606492,0.0230371865393508,0.0014081048717154,0.0008872891334103,0.0104242109326758,True,0.965297399910891,0.0347026000891089,-1.837334068032806,0.9670922116153172,0.0329077883846826,-1.708928184827129,0.9679723154475484,0.0320276845524516,-1.811336881005697,0.9769628134606492,0.0230371865393508,-2.0909630083896182,1,0,0,0.0,1,1,1,1,,0,1,0,1,0,0,0,0.9305947998217822,1.837334068032806,0.9341844232306347,1.708928184827129,0.9359446308950967,1.811336881005697,0.9539256269212983,2.0909630083896182,0.84286314,0.5411614392988234,0.6384922
2026-05-29 14:40:00,2026-05-29 15:05:00,1,1342.0,1343.3,pivot,1.2999999999999543,0.180559,0.9194409999999544,28962.391499998565,1.0,2026-05-29,1345.2,1345.4,1341.95,0.0,1343.45,1344.55,1343.1,0.0,2026,0.0,0.0,0.0,0.0,0.0,0.0,0.0,0.0,0.0,0.0,0.0,0.0,0.0,0.0,0.0,1.0,1.0,1.0,1,14,4,5,85.50398422319562,0.8219069439040493,0.7293905088337214,0.8219069439040493,0.1780930560959507,4.253643407469046e-05,5.396998481309596e-06,0.003462216341262,True,86.08801416304878,0.4252737384910238,-0.0966037805807207,0.4252737384910238,0.5747262615089762,0.0002126270073248,-5.492654009547906e-05,0.0059702654242454,True,59.783575993716944,0.455522964859299,-0.049614858939688,0.455522964859299,0.5444770351407009,0.0004680650898109,0.0001398658811297,0.0080624314328618,True,45.67683735176447,0.4472101902359545,-0.0309037612544364,0.4472101902359545,0.5527898097640455,0.0013381924271536,0.0005632427975532,0.0110084581013072,True,0.8219069439040493,0.1780930560959507,-0.7293905088337214,0.4252737384910238,0.5747262615089762,0.0966037805807207,0.455522964859299,0.5444770351407009,0.049614858939688,0.4472101902359545,0.5527898097640455,0.0309037612544364,1,0,0,0.0,1,1,1,1,,0,1,0,1,1,0,0,0.6438138878080986,0.7293905088337214,-0.14945252301795242,0.0966037805807207,-0.0889540702814019,0.049614858939688,-0.10557961952809097,0.0309037612544364,0.67353284,0.6092224554171402,0.68354833
2026-06-01 14:25:00,2026-06-01 14:55:00,-1,1408.4,1411.95,pivot,-3.5499999999999545,0.1846105,-3.9346104999999545,-123940.23074999856,1.0,2026-06-01,1400.2,1409.35,1399.7,0.0,1412.15,1414.95,1410.0,0.0,2026,0.0,0.0,0.0,0.0,0.0,0.0,0.0,0.0,0.0,0.0,0.0,0.0,0.0,0.0,0.0,1.0,0.0,0.0,0,14,0,6,16.978435918495013,0.0413621824800513,-1.7183255354896,0.0413621824800513,0.9586378175199486,2.5300698368281443e-05,-9.106640186071068e-07,0.0034596542471185,True,11.472026564147356,0.0455280508219691,-1.6521060537854446,0.0455280508219691,0.9544719491780308,0.0002623024288083,6.778861856803963e-05,0.005870357707109,True,5.398987840373506,0.0345002220154847,-1.833895569511252,0.0345002220154847,0.9654997779845153,0.0006010135326182,0.000305418766673,0.0079001455766809,True,14.152513480334328,0.116276036815376,-1.0993274916681344,0.116276036815376,0.883723963184624,0.0013381924271536,0.0005632427975532,0.0110084581013072,True,0.9586378175199486,0.0413621824800513,-1.7183255354896,0.9544719491780308,0.0455280508219691,-1.6521060537854446,0.9654997779845153,0.0345002220154847,-1.833895569511252,0.883723963184624,0.116276036815376,-1.0993274916681344,1,0,0,0.0,1,1,1,1,,0,1,0,1,0,1,0,0.9172756350398973,1.7183255354896,0.9089438983560617,1.6521060537854446,0.9309995559690305,1.833895569511252,0.767447926369248,1.0993274916681344,0.8290914,0.5609995312182028,0.69575787
2026-06-02 12:00:00,2026-06-02 12:25:00,-1,1385.25,1372.2,pivot,13.049999999999956,0.1827234999999999,12.667276499999955,399019.2097499986,1.0,2026-06-02,1381.35,1388.9,1380.65,0.0,1367.9,1373.4,1367.35,0.0,2026,0.0,0.0,0.0,0.0,0.0,0.0,0.0,0.0,0.0,0.0,0.0,0.0,0.0,0.0,0.0,1.0,1.0,1.0,1,12,1,6,62.42079854610208,0.1535717800738477,-0.7898177617056978,0.1535717800738477,0.8464282199261522,3.654203235984425e-05,-8.725510212143581e-06,0.0036956616884674,True,48.335923871894174,0.2015280553143322,-0.6271362590549433,0.2015280553143322,0.7984719446856678,0.0002368892724475,9.569189913732577e-06,0.0061215622334003,True,54.06647808408997,0.3676528940428943,-0.2335806765413446,0.3676528940428943,0.6323471059571057,0.0005899400501328,0.000248216511576,0.008185050777711,True,22.87722972341856,0.8224629697465381,0.7680584296872099,0.8224629697465381,0.1775370302534619,0.0010621394382422,0.0006600419600202,0.0114517400282183,True,0.8464282199261522,0.1535717800738477,-0.7898177617056978,0.7984719446856678,0.2015280553143322,-0.6271362590549433,0.6323471059571057,0.3676528940428943,-0.2335806765413446,0.1775370302534619,0.8224629697465381,0.7680584296872099,1,0,0,0.0,1,1,1,1,,0,1,0,1,1,0,0,0.6928564398523045,0.7898177617056978,0.5969438893713357,0.6271362590549433,0.26469421191421144,0.2335806765413446,-0.6449259394930762,0.7680584296872099,0.7122659,0.6038622518486798,0.6904888
2026-06-02 12:25:00,2026-06-02 13:10:00,-1,1372.2,1380.1,pivot,-7.899999999999864,0.182569,-8.282568999999864,-260900.92349999573,1.0,2026-06-02,1367.9,1373.4,1367.35,0.0,1376.05,1381.4,1374.85,0.0,2026,0.0,0.0,0.0,0.0,0.0,0.0,0.0,0.0,0.0,0.0,0.0,0.0,0.0,0.0,0.0,1.0,1.0,1.0,0,12,1,6,54.01094533066553,0.1348471874475171,-0.8764753002556916,0.1348471874475171,0.8651528125524829,3.654203235984425e-05,-8.725510212143581e-06,0.0036956616884674,True,26.99404315003209,0.1192102728374998,-0.9957035310607446,0.1192102728374998,0.8807897271625001,0.0002368892724475,9.569189913732577e-06,0.0061215622334003,True,8.588372284564516,0.0515378382610734,-1.5834240197965468,0.0515378382610734,0.9484621617389266,0.0005899400501328,0.000248216511576,0.008185050777711,True,26.547398163496464,0.2257711507610699,-0.6049185914292248,0.2257711507610699,0.77422884923893,0.0010621394382422,0.0006600419600202,0.0114517400282183,True,0.8651528125524829,0.1348471874475171,-0.8764753002556916,0.8807897271625001,0.1192102728374998,-0.9957035310607446,0.9484621617389266,0.0515378382610734,-1.5834240197965468,0.77422884923893,0.2257711507610699,-0.6049185914292248,1,0,0,0.0,1,1,1,1,,0,1,0,1,1,0,0,0.7303056251049658,0.8764753002556916,0.7615794543250003,0.9957035310607446,0.8969243234778532,1.5834240197965468,0.5484576984778601,0.6049185914292248,0.7379379,0.584579682535948,0.66638106
2026-06-02 13:35:00,2026-06-02 14:05:00,1,1377.9,1393.7,pivot,15.799999999999956,0.183148,15.416851999999956,485630.8379999986,1.0,2026-06-02,1380.6,1380.95,1375.65,0.0,1393.85,1395.0,1388.3,0.0,2026,0.0,0.0,0.0,0.0,0.0,0.0,0.0,0.0,0.0,0.0,0.0,0.0,0.0,0.0,0.0,1.0,1.0,1.0,1,13,1,6,106.98139069130326,0.7565961225170824,0.5124225011972461,0.7565961225170824,0.2434038774829175,3.654203235984425e-05,-8.725510212143581e-06,0.0036956616884674,True,51.35887306329316,0.7915402726005825,0.6802158795359903,0.7915402726005825,0.2084597273994175,0.0002368892724475,9.569189913732577e-06,0.0061215622334003,True,61.74592046599107,0.4858408664369977,0.0139291089207885,0.4858408664369977,0.5141591335630022,0.0005899400501328,0.000248216511576,0.008185050777711,True,44.0128313659316,0.6465320567883941,0.3131619223448904,0.6465320567883941,0.3534679432116059,0.0010621394382422,0.0006600419600202,0.0114517400282183,True,0.7565961225170824,0.2434038774829175,-0.5124225011972461,0.7915402726005825,0.2084597273994175,-0.6802158795359903,0.4858408664369977,0.5141591335630022,-0.0139291089207885,0.6465320567883941,0.3534679432116059,-0.3131619223448904,1,0,0,0.0,1,1,1,1,,0,1,0,1,1,0,0,0.5131922450341649,0.5124225011972461,0.5830805452011649,0.6802158795359903,-0.028318267126004548,0.0139291089207885,0.2930641135767882,0.3131619223448904,0.6636208,0.6830534569616771,0.6421579
2026-06-02 14:30:00,2026-06-02 15:00:00,1,1399.25,1406.75,pivot,7.5,0.18418,7.115819999999999,224148.33,1.0,2026-06-02,1406.7,1406.7,1399.2,0.0,1402.35,1407.6,1401.8,0.0,2026,0.0,0.0,0.0,0.0,0.0,0.0,0.0,0.0,0.0,0.0,0.0,0.0,0.0,0.0,0.0,1.0,2.0,2.0,1,14,1,6,23.966328426937512,0.9397606697078564,1.429554476991538,0.9397606697078564,0.0602393302921435,3.654203235984425e-05,-8.725510212143581e-06,0.0036956616884674,True,17.094215516282155,0.9430668887264152,1.4565224008979043,0.9430668887264152,0.0569331112735849,0.0002368892724475,9.569189913732577e-06,0.0061215622334003,True,20.721949010916983,0.8883993130579899,1.1083760801273912,0.8883993130579899,0.11160068694201,0.0005899400501328,0.000248216511576,0.008185050777711,True,5.768022304372502,0.9577376401670216,1.742383356665371,0.9577376401670216,0.0422623598329783,0.0010621394382422,0.0006600419600202,0.0114517400282183,True,0.9397606697078564,0.0602393302921435,-1.429554476991538,0.9430668887264152,0.0569331112735849,-1.4565224008979043,0.8883993130579899,0.11160068694201,-1.1083760801273912,0.9577376401670216,0.0422623598329783,-1.742383356665371,1,0,0,0.0,1,1,1,1,,0,1,0,1,0,0,0,0.879521339415713,1.429554476991538,0.8861337774528303,1.4565224008979043,0.7767986261159799,1.1083760801273912,0.9154752803340432,1.742383356665371,0.8467475,0.5873253568867185,0.6504711
2026-06-02 15:00:00,2026-06-02 15:10:00,-1,1406.75,1402.15,pivot,4.599999999999909,0.184267,4.215732999999909,132795.58949999712,1.0,2026-06-02,1402.35,1407.6,1401.8,0.0,1405.7,1406.45,1400.75,0.0,2026,0.0,0.0,0.0,0.0,0.0,0.0,0.0,0.0,0.0,0.0,0.0,0.0,0.0,0.0,0.0,1.0,1.0,2.0,1,15,1,6,55.07433712133752,0.1372699394092198,-0.8645370103494547,0.1372699394092198,0.8627300605907802,3.654203235984425e-05,-8.725510212143581e-06,0.0036956616884674,True,7.078862502098108,0.0311449170975867,-1.9066394882443292,0.0311449170975867,0.9688550829024132,0.0002368892724475,9.569189913732577e-06,0.0061215622334003,True,47.63186103896983,0.2944332789501107,-0.4087148095527931,0.2944332789501107,0.7055667210498893,0.0005899400501328,0.000248216511576,0.008185050777711,True,36.84071764878868,0.7269153549428201,0.4857911615417997,0.7269153549428201,0.2730846450571799,0.0010621394382422,0.0006600419600202,0.0114517400282183,True,0.8627300605907802,0.1372699394092198,-0.8645370103494547,0.9688550829024132,0.0311449170975867,-1.9066394882443292,0.7055667210498893,0.2944332789501107,-0.4087148095527931,0.2730846450571799,0.7269153549428201,0.4857911615417997,1,0,0,0.0,1,1,1,1,,0,1,0,0,1,0,0,0.7254601211815603,0.8645370103494547,0.9377101658048265,1.9066394882443292,0.4111334420997786,0.4087148095527931,-0.4538307098856402,0.4857911615417997,0.73891395,0.6034103586969575,0.6557503
2026-06-05 10:30:00,2026-06-05 10:35:00,1,1290.3,1303.05,pivot,12.75,0.1778005,12.3721995,389724.28425,1.0,2026-06-05,1303.25,1303.4,1290.3,0.0,1308.2,1311.6,1302.05,0.0,2026,0.0,0.0,0.0,0.0,0.0,0.0,0.0,0.0,0.0,0.0,0.0,0.0,0.0,0.0,0.0,1.0,1.0,0.0,1,10,4,6,1.4895058274507469,0.9934376747346044,2.933259806832007,0.9934376747346044,0.0065623252653954,8.55621104492665e-05,6.132851468029858e-05,0.0035025481154415,True,4.0237706801677575,0.988409020784154,2.266862550622096,0.988409020784154,0.011590979215846,0.0003402840813978,0.0001411573943249,0.0059186077073818,True,7.325818372736046,0.9661062884829876,1.8200448794062705,0.9661062884829876,0.0338937115170123,0.000532256840498,0.0002434589350301,0.0084490387405065,True,41.83330916773083,0.4337334028965779,-0.0983908510399131,0.4337334028965779,0.5662665971034221,0.0009165970647152,0.0005224267913809,0.0115466879383908,True,0.9934376747346044,0.0065623252653954,-2.933259806832007,0.988409020784154,0.011590979215846,-2.266862550622096,0.9661062884829876,0.0338937115170123,-1.8200448794062705,0.4337334028965779,0.5662665971034221,0.0983908510399131,1,0,0,0.0,1,1,1,1,,0,1,1,0,1,0,0,0.9868753494692091,2.933259806832007,0.9768180415683081,2.266862550622096,0.9322125769659754,1.8200448794062705,-0.13253319420684417,0.0983908510399131,0.8658833,0.8145209934224581,0.6144515
2026-06-05 10:35:00,2026-06-05 11:00:00,1,1303.05,1321.95,pivot,18.90000000000009,0.17875,18.521250000000087,583419.3750000028,1.0,2026-06-05,1308.2,1311.6,1302.05,0.0,1322.45,1326.65,1316.8,0.0,2026,0.0,0.0,0.0,0.0,0.0,0.0,0.0,0.0,0.0,0.0,0.0,0.0,0.0,0.0,0.0,1.0,1.0,0.0,1,10,4,6,46.18190033736431,0.8886812435884325,1.064845718399704,0.8886812435884325,0.1113187564115675,8.55621104492665e-05,6.132851468029858e-05,0.0035025481154415,True,0.3120005664033896,0.9981395105176788,3.361371938639672,0.9981395105176788,0.0018604894823212,0.0003402840813978,0.0001411573943249,0.0059186077073818,True,3.479020588205316,0.9873912258887384,2.3102533290253784,0.9873912258887384,0.0126087741112614,0.000532256840498,0.0002434589350301,0.0084490387405065,True,41.18914767552842,0.6729236895208143,0.3728327859339387,0.6729236895208143,0.3270763104791857,0.0009165970647152,0.0005224267913809,0.0115466879383908,True,0.8886812435884325,0.1113187564115675,-1.064845718399704,0.9981395105176788,0.0018604894823212,-3.361371938639672,0.9873912258887384,0.0126087741112614,-2.3102533290253784,0.6729236895208143,0.3270763104791857,-0.3728327859339387,1,0,0,0.0,1,1,1,1,,0,1,1,0,1,0,0,0.777362487176865,1.064845718399704,0.9962790210353576,3.361371938639672,0.974782451777477,2.3102533290253784,0.3458473790416286,0.3728327859339387,0.83066744,0.6853531797997726,0.61943513
2026-06-05 14:20:00,2026-06-05 14:45:00,1,1314.0,1314.6,pivot,0.599999999999909,0.178858,0.2211419999999091,6965.972999997137,1.0,2026-06-05,1317.6,1318.2,1314.0,0.0,1308.2,1314.95,1307.35,0.0,2026,0.0,0.0,0.0,0.0,0.0,0.0,0.0,0.0,0.0,0.0,0.0,0.0,0.0,0.0,0.0,1.0,1.0,1.0,1,14,4,6,70.0106364361227,0.8395110037835389,0.8156362365536397,0.8395110037835389,0.160488996216461,1.361659843923194e-05,-2.257812518944779e-05,0.0035220599363639,True,42.864885854420216,0.8382239804632368,0.8789644974305222,0.8382239804632368,0.1617760195367632,0.0002446468719422,-1.2509121502886984e-05,0.0059877997061531,True,42.46088551726937,0.7443596579400724,0.5751622619864933,0.7443596579400724,0.2556403420599276,0.0005303922365194,0.0003941755711069,0.0081119005706965,True,20.75102803415375,0.820568127125956,0.7880587226475682,0.820568127125956,0.179431872874044,0.0004395840677684,0.0003117579222286,0.0121378472378745,True,0.8395110037835389,0.160488996216461,-0.8156362365536397,0.8382239804632368,0.1617760195367632,-0.8789644974305222,0.7443596579400724,0.2556403420599276,-0.5751622619864933,0.820568127125956,0.179431872874044,-0.7880587226475682,1,0,0,0.0,1,1,1,1,,0,1,0,1,1,0,0,0.6790220075670779,0.8156362365536397,0.6764479609264735,0.8789644974305222,0.48871931588014483,0.5751622619864933,0.6411362542519119,0.7880587226475682,0.71848917,0.5949433876532674,0.6249251
2026-06-08 10:50:00,2026-06-08 10:55:00,1,1206.5,1214.15,pivot,7.650000000000091,0.1726195,7.277380500000091,229237.48575000287,1.0,2026-06-08,1214.05,1214.75,1202.35,0.0,1216.85,1219.8,1212.35,0.0,2026,0.0,0.0,0.0,0.0,0.0,0.0,0.0,0.0,0.0,0.0,0.0,0.0,0.0,0.0,0.0,1.0,1.0,2.0,1,10,0,6,15.50512611468174,0.9640914278166272,1.8364487037769617,0.9640914278166272,0.0359085721833728,1.361659843923194e-05,-2.257812518944779e-05,0.0035220599363639,True,2.551884482128848,0.9901996442284248,2.392040404981836,0.9901996442284248,0.0098003557715752,0.0002446468719422,-1.2509121502886984e-05,0.0059877997061531,True,8.886034121877834,0.9583040014978784,1.7773685248665518,0.9583040014978784,0.0416959985021215,0.0005303922365194,0.0003941755711069,0.0081119005706965,True,24.36360629427153,0.7919729783794359,0.6831123274543104,0.7919729783794359,0.208027021620564,0.0004395840677684,0.0003117579222286,0.0121378472378745,True,0.9640914278166272,0.0359085721833728,-1.8364487037769617,0.9901996442284248,0.0098003557715752,-2.392040404981836,0.9583040014978784,0.0416959985021215,-1.7773685248665518,0.7919729783794359,0.208027021620564,-0.6831123274543104,1,0,0,0.0,1,1,1,1,,0,1,1,0,1,0,0,0.9281828556332543,1.8364487037769617,0.9803992884568495,2.392040404981836,0.916608002995757,1.7773685248665518,0.583945956758872,0.6831123274543104,0.8555693,0.625615016397998,0.630821
2026-06-08 13:50:00,2026-06-08 14:20:00,-1,1218.3,1208.15,pivot,10.149999999999864,0.1727935,9.777206499999863,307982.0047499957,1.0,2026-06-08,1216.55,1224.45,1215.95,0.0,1212.65,1213.2,1207.55,0.0,2026,0.0,0.0,0.0,0.0,0.0,0.0,0.0,0.0,0.0,0.0,0.0,0.0,0.0,0.0,0.0,1.0,0.0,0.0,1,13,0,6,124.96786946267451,0.3149817960322211,-0.3551063024571088,0.3149817960322211,0.6850182039677788,1.361659843923194e-05,-2.257812518944779e-05,0.0035220599363639,True,19.024246896402857,0.0765592774783934,-1.371893111629923,0.0765592774783934,0.9234407225216066,0.0002446468719422,-1.2509121502886984e-05,0.0059877997061531,True,25.550851454614527,0.1399135779462853,-0.9823695018940278,0.1399135779462853,0.8600864220537147,0.0005303922365194,0.0003941755711069,0.0081119005706965,True,10.614531307974698,0.085294459747826,-1.2857823351581732,0.085294459747826,0.914705540252174,0.0004395840677684,0.0003117579222286,0.0121378472378745,True,0.6850182039677788,0.3149817960322211,-0.3551063024571088,0.9234407225216066,0.0765592774783934,-1.371893111629923,0.8600864220537147,0.1399135779462853,-0.9823695018940278,0.914705540252174,0.085294459747826,-1.2857823351581732,1,0,0,0.0,1,1,1,1,,0,1,0,1,0,1,0,0.3700364079355577,0.3551063024571088,0.8468814450432132,1.371893111629923,0.7201728441074293,0.9823695018940278,0.829411080504348,1.2857823351581732,0.6509675,0.60951565007909,0.6453227
2026-06-08 14:45:00,2026-06-08 15:10:00,-1,1193.6,1193.65,pivot,-0.0500000000001819,0.1716175,-0.4216175000001819,-13280.95125000573,1.0,2026-06-08,1188.9,1194.05,1186.25,0.0,1186.0,1194.15,1185.65,0.0,2026,0.0,0.0,0.0,0.0,0.0,0.0,0.0,0.0,0.0,0.0,0.0,0.0,0.0,0.0,0.0,1.0,0.0,0.0,0,14,0,6,42.68527691797739,0.1021249960949214,-1.113797757756959,0.1021249960949214,0.8978750039050786,1.361659843923194e-05,-2.257812518944779e-05,0.0035220599363639,True,6.963723930436187,0.0299975449628727,-2.0016050611881,0.0299975449628727,0.9700024550371272,0.0002446468719422,-1.2509121502886984e-05,0.0059877997061531,True,4.6255228581310215,0.0309103303761685,-2.0388190520413594,0.0309103303761685,0.9690896696238316,0.0005303922365194,0.0003941755711069,0.0081119005706965,True,3.493045957787273,0.0288616406636969,-2.024701356181037,0.0288616406636969,0.971138359336303,0.0004395840677684,0.0003117579222286,0.0121378472378745,True,0.8978750039050786,0.1021249960949214,-1.113797757756959,0.9700024550371272,0.0299975449628727,-2.0016050611881,0.9690896696238316,0.0309103303761685,-2.0388190520413594,0.971138359336303,0.0288616406636969,-2.024701356181037,1,0,0,0.0,1,1,1,1,,0,1,0,1,0,1,0,0.7957500078101571,1.113797757756959,0.9400049100742546,2.0016050611881,0.9381793392476631,2.0388190520413594,0.9422767186726061,2.024701356181037,0.8130378,0.5937219700259605,0.6310736
2026-06-08 15:10:00,2026-06-08 15:45:00,-1,1193.65,1178.25,eod,15.400000000000093,0.171157,15.028843000000089,473408.5545000028,1.0,2026-06-08,1186.0,1194.15,1185.65,0.0,1178.25,1178.25,1178.25,0.0,2026,0.0,0.0,0.0,0.0,0.0,0.0,0.0,0.0,0.0,0.0,0.0,0.0,0.0,0.0,0.0,1.0,0.0,0.0,1,15,0,6,15.711467828421902,0.0366591643393708,-1.819094815380872,0.0366591643393708,0.9633408356606292,1.361659843923194e-05,-2.257812518944779e-05,0.0035220599363639,True,61.25119656720376,0.2699158375129837,-0.4549328245595738,0.2699158375129837,0.7300841624870162,0.0002446468719422,-1.2509121502886984e-05,0.0059877997061531,True,30.997016885763525,0.1735143477900033,-0.8360340963042907,0.1735143477900033,0.8264856522099967,0.0005303922365194,0.0003941755711069,0.0081119005706965,True,9.158689328301922,0.0752481226991835,-1.3692605995174796,0.0752481226991835,0.9247518773008164,0.0004395840677684,0.0003117579222286,0.0121378472378745,True,0.9633408356606292,0.0366591643393708,-1.819094815380872,0.7300841624870162,0.2699158375129837,-0.4549328245595738,0.8264856522099967,0.1735143477900033,-0.8360340963042907,0.9247518773008164,0.0752481226991835,-1.3692605995174796,1,0,0,0.0,1,1,1,1,,0,1,0,0,0,1,0,0.9266816713212584,1.819094815380872,0.46016832497403254,0.4549328245595738,0.6529713044199934,0.8360340963042907,0.849503754601633,1.3692605995174796,0.82138824,0.5866426010863626,0.62632954
2026-06-09 14:30:00,2026-06-09 14:40:00,1,1279.4,1294.8,pivot,15.399999999999864,0.177226,15.022773999999863,473217.3809999957,1.0,2026-06-09,1294.35,1294.55,1278.55,0.0,1289.6,1294.85,1289.0,0.0,2026,0.0,0.0,0.0,0.0,0.0,0.0,0.0,0.0,0.0,0.0,0.0,0.0,0.0,0.0,0.0,1.0,2.0,2.0,1,14,1,6,2.3548826865726054,0.991676833365254,3.078042126910917,0.991676833365254,0.0083231666347459,-3.1248562821413033e-05,-2.728575431050072e-05,0.0037577613625779,True,27.7760193181034,0.9034832082866798,1.1688682467563305,0.9034832082866798,0.0965167917133201,0.0002069307196799,-5.126645508955882e-05,0.0062796624268256,True,46.68160269435983,0.7004925258242947,0.4626549044734385,0.7004925258242947,0.2995074741757053,0.0001202034570512,1.2373272327424767e-05,0.0082551193916892,True,25.069410373934694,0.785329696428552,0.6680909418874738,0.785329696428552,0.214670303571448,0.000584263416613,0.0006429685314852,0.011754183872543,True,0.991676833365254,0.0083231666347459,-3.078042126910917,0.9034832082866798,0.0965167917133201,-1.1688682467563305,0.7004925258242947,0.2995074741757053,-0.4626549044734385,0.785329696428552,0.214670303571448,-0.6680909418874738,1,0,0,0.0,1,1,1,1,,0,1,0,1,0,0,0,0.9833536667305082,3.078042126910917,0.8069664165733598,1.1688682467563305,0.4009850516485894,0.4626549044734385,0.570659392857104,0.6680909418874738,0.86319566,0.7317024505919603,0.6035892
2026-06-09 14:40:00,2026-06-09 15:20:00,-1,1294.8,1294.7,pivot,0.099999999999909,0.177685,-0.27768500000009094,-8747.077500002864,1.0,2026-06-09,1289.6,1294.85,1289.0,0.0,1297.8,1299.1,1291.6,0.0,2026,0.0,0.0,0.0,0.0,0.0,0.0,0.0,0.0,0.0,0.0,0.0,0.0,0.0,0.0,0.0,1.0,1.0,2.0,0,14,1,6,44.00463269552369,0.1125913904731431,-1.053352625514022,0.1125913904731431,0.8874086095268569,-3.1248562821413033e-05,-2.728575431050072e-05,0.0037577613625779,True,23.874181583524123,0.9182486411995212,1.2602560567272945,0.9182486411995212,0.0817513588004786,0.0002069307196799,-5.126645508955882e-05,0.0062796624268256,True,46.13561838926933,0.7047501015198782,0.4737977550772486,0.7047501015198782,0.2952498984801218,0.0001202034570512,1.2373272327424767e-05,0.0082551193916892,True,34.20581339547948,0.7021775775994428,0.42825463770114,0.7021775775994428,0.2978224224005572,0.000584263416613,0.0006429685314852,0.011754183872543,True,0.8874086095268569,0.1125913904731431,-1.053352625514022,0.0817513588004786,0.9182486411995212,1.2602560567272945,0.2952498984801218,0.7047501015198782,0.4737977550772486,0.2978224224005572,0.7021775775994428,0.42825463770114,1,0,0,0.0,1,1,1,1,,0,1,0,1,1,0,0,0.7748172190537137,1.053352625514022,-0.8364972823990426,1.2602560567272945,-0.40950020303975637,0.4737977550772486,-0.4043551551988856,0.42825463770114,0.74359906,0.5741580401017717,0.6067252
2026-06-09 15:20:00,2026-06-09 15:45:00,1,1294.7,1287.8,eod,-6.900000000000091,0.177475,-7.277475000000091,-229240.46250000288,1.0,2026-06-09,1297.8,1299.1,1291.6,0.0,1287.8,1287.8,1287.8,0.0,2026,0.0,0.0,0.0,0.0,0.0,0.0,0.0,0.0,0.0,0.0,0.0,0.0,0.0,0.0,0.0,1.0,1.0,2.0,0,15,1,6,84.07344583828741,0.7913092633863664,0.6334044149479464,0.7913092633863664,0.2086907366136335,-3.1248562821413033e-05,-2.728575431050072e-05,0.0037577613625779,True,37.22607447079887,0.8601201883903796,0.9557926052564694,0.8601201883903796,0.1398798116096203,0.0002069307196799,-5.126645508955882e-05,0.0062796624268256,True,24.017006462353866,0.8531245328848615,1.006087451959632,0.8531245328848615,0.1468754671151385,0.0001202034570512,1.2373272327424767e-05,0.0082551193916892,True,17.909148910030446,0.8434827024883745,0.901182891133024,0.8434827024883745,0.1565172975116254,0.000584263416613,0.0006429685314852,0.011754183872543,True,0.7913092633863664,0.2086907366136335,-0.6334044149479464,0.8601201883903796,0.1398798116096203,-0.9557926052564694,0.8531245328848615,0.1468754671151385,-1.006087451959632,0.8434827024883745,0.1565172975116254,-0.901182891133024,1,0,0,0.0,1,1,1,1,,0,1,0,0,1,0,0,0.582618526772733,0.6334044149479464,0.7202403767807594,0.9557926052564694,0.7062490657697229,1.006087451959632,0.6869654049767491,0.901182891133024,0.7043778,0.6362589342864957,0.59218407
2026-06-10 12:00:00,2026-06-10 13:35:00,1,1238.45,1210.3,pivot,-28.15000000000009,0.1734625,-28.523462500000093,-898489.0687500029,1.0,2026-06-10,1242.55,1243.55,1238.15,0.0,1206.65,1211.9,1204.8,0.0,2026,0.0,0.0,0.0,0.0,0.0,0.0,0.0,0.0,0.0,0.0,0.0,0.0,0.0,0.0,0.0,1.0,1.0,0.0,0,12,2,6,57.59903836850629,0.8594282934709897,0.922929384758715,0.8594282934709897,0.1405717065290103,4.887415470348049e-05,2.3419548109482183e-05,0.0035994912298808,True,77.30605750608771,0.3787039505815371,-0.2153432997967878,0.3787039505815371,0.6212960494184628,0.0003763370848062,0.0002189470763514,0.0060593140519868,True,35.33371707581501,0.762977393884788,0.6499810455613765,0.762977393884788,0.2370226061152119,0.0003917931284365,0.0003311245691231,0.0082446228988021,True,37.4322908046003,0.3865703765984252,-0.2518276349012288,0.3865703765984252,0.6134296234015748,0.0003801483931371,0.0004465176628621,0.0116678221821011,True,0.8594282934709897,0.1405717065290103,-0.922929384758715,0.3787039505815371,0.6212960494184628,0.2153432997967878,0.762977393884788,0.2370226061152119,-0.6499810455613765,0.3865703765984252,0.6134296234015748,0.2518276349012288,1,0,0,0.0,1,1,1,1,,0,1,0,1,1,0,0,0.7188565869419794,0.922929384758715,-0.24259209883692573,0.2153432997967878,0.5259547877695762,0.6499810455613765,-0.22685924680314962,0.2518276349012288,0.7029368,0.5704032635143967,0.581582
2026-06-11 10:25:00,2026-06-11 10:40:00,1,1226.65,1230.2,pivot,3.5499999999999545,0.1737055,3.1762944999999543,100053.27674999856,1.0,2026-06-11,1233.4,1235.0,1224.3,0.0,1230.35,1235.5,1227.0,0.0,2026,0.0,0.0,0.0,0.0,0.0,0.0,0.0,0.0,0.0,0.0,0.0,0.0,0.0,0.0,0.0,1.0,2.0,2.0,1,10,3,6,18.02627640170104,0.955303125027326,1.6993187954965754,0.955303125027326,0.044696874972674,4.887415470348049e-05,2.3419548109482183e-05,0.0035994912298808,True,26.67146274080472,0.1234175901094477,-1.049932330455799,0.1234175901094477,0.8765824098905524,0.0003763370848062,0.0002189470763514,0.0060593140519868,True,8.492123517064895,0.9674827950301422,1.9027582921705175,0.9674827950301422,0.0325172049698577,0.0003917931284365,0.0003311245691231,0.0082446228988021,True,3.505176168334493,0.9777446944562196,2.243222634528835,0.9777446944562196,0.0222553055437805,0.0003801483931371,0.0004465176628621,0.0116678221821011,True,0.955303125027326,0.044696874972674,-1.6993187954965754,0.1234175901094477,0.8765824098905524,1.049932330455799,0.9674827950301422,0.0325172049698577,-1.9027582921705175,0.9777446944562196,0.0222553055437805,-2.243222634528835,1,0,0,0.0,1,1,1,1,,0,1,1,0,0,0,0,0.9106062500546519,1.6993187954965754,-0.7531648197811047,1.049932330455799,0.9349655900602846,1.9027582921705175,0.9554893889124391,2.243222634528835,0.8004103,0.6156788362457245,0.5638163
2026-06-11 11:30:00,2026-06-11 11:35:00,-1,1203.05,1199.4,pivot,3.649999999999864,0.1720735,3.277926499999864,103254.68474999572,1.0,2026-06-11,1199.5,1207.45,1198.1,0.0,1208.0,1209.0,1198.6,0.0,2026,0.0,0.0,0.0,0.0,0.0,0.0,0.0,0.0,0.0,0.0,0.0,0.0,0.0,0.0,0.0,1.0,0.0,1.0,1,11,3,6,64.12075911883832,0.1718875464880259,-0.7924922743217725,0.1718875464880259,0.828112453511974,5.329045957531772e-05,4.5024306527502594e-05,0.0037333587939254,True,36.970370205684326,0.1724402069291846,-0.812591809547035,0.1724402069291846,0.8275597930708154,0.000325153137383,0.0002075576759416,0.0062426614673949,True,3.683296303043405,0.0202898937651602,-2.2302951679253398,0.0202898937651602,0.9797101062348396,0.0003529434142755,0.0003715446356117,0.0084074066858016,True,7.68169905786653,0.0472548105366935,-1.7261257972244064,0.0472548105366935,0.9527451894633064,0.000457598140024,0.0006896914162966,0.012184287931811,True,0.828112453511974,0.1718875464880259,-0.7924922743217725,0.8275597930708154,0.1724402069291846,-0.812591809547035,0.9797101062348396,0.0202898937651602,-2.2302951679253398,0.9527451894633064,0.0472548105366935,-1.7261257972244064,1,0,0,0.0,1,1,1,1,,0,1,1,0,0,1,0,0.6562249070239481,0.7924922743217725,0.6551195861416308,0.812591809547035,0.9594202124696793,2.2302951679253398,0.9054903789266129,1.7261257972244064,0.6814998,0.6494763257375699,0.5490333
2026-06-11 11:35:00,2026-06-11 11:55:00,1,1199.4,1208.05,pivot,8.649999999999864,0.1722235,8.277776499999865,260749.95974999573,1.0,2026-06-11,1208.0,1209.0,1198.6,0.0,1213.45,1215.1,1207.85,0.0,2026,0.0,0.0,0.0,0.0,0.0,0.0,0.0,0.0,0.0,0.0,0.0,0.0,0.0,0.0,0.0,1.0,0.0,1.0,1,11,3,6,14.544708117792355,0.9642434783166868,1.8793457301505097,0.9642434783166868,0.0357565216833133,5.329045957531772e-05,4.5024306527502594e-05,0.0037333587939254,True,28.5376089634039,0.899747648420952,1.1312771761741005,0.899747648420952,0.100252351579048,0.000325153137383,0.0002075576759416,0.0062426614673949,True,25.820738647511547,0.1474005189923801,-0.9759277033015288,0.1474005189923801,0.8525994810076198,0.0003529434142755,0.0003715446356117,0.0084074066858016,True,9.506788220644028,0.0663393960125373,-1.5445349700857294,0.0663393960125373,0.9336606039874626,0.000457598140024,0.0006896914162966,0.012184287931811,True,0.9642434783166868,0.0357565216833133,-1.8793457301505097,0.899747648420952,0.100252351579048,-1.1312771761741005,0.1474005189923801,0.8525994810076198,0.9759277033015288,0.0663393960125373,0.9336606039874626,1.5445349700857294,1,0,0,0.0,1,1,1,1,,0,1,1,0,0,1,0,0.9284869566333734,1.8793457301505097,0.799495296841904,1.1312771761741005,-0.7051989620152397,0.9759277033015288,-0.8673212079749253,1.5445349700857294,0.7897758,0.6610172614766644,0.5406043
2026-06-11 12:30:00,2026-06-11 13:00:00,1,1213.55,1230.4,pivot,16.850000000000136,0.1733185,16.476681500000137,519015.4672500043,1.0,2026-06-11,1219.8,1221.5,1212.65,0.0,1225.6,1233.5,1223.6,0.0,2026,0.0,0.0,0.0,0.0,0.0,0.0,0.0,0.0,0.0,0.0,0.0,0.0,0.0,0.0,0.0,1.0,1.0,1.0,1,12,3,6,25.07850125043447,0.93232111583716,1.4301270157024193,0.93232111583716,0.06767888416284,5.329045957531772e-05,4.5024306527502594e-05,0.0037333587939254,True,15.90706349084281,0.938061230820224,1.4112344220165869,0.938061230820224,0.0619387691797761,0.000325153137383,0.0002075576759416,0.0062426614673949,True,50.568574152309495,0.6526730175051264,0.3269239616151479,0.6526730175051264,0.3473269824948736,0.0003529434142755,0.0003715446356117,0.0084074066858016,True,10.16024207790026,0.9020405680041228,1.3207514674940886,0.9020405680041228,0.0979594319958772,0.000457598140024,0.0006896914162966,0.012184287931811,True,0.93232111583716,0.06767888416284,-1.4301270157024193,0.938061230820224,0.0619387691797761,-1.4112344220165869,0.6526730175051264,0.3473269824948736,-0.3269239616151479,0.9020405680041228,0.0979594319958772,-1.3207514674940886,1,0,0,0.0,1,1,1,1,,0,1,0,1,1,0,0,0.8646422316743201,1.4301270157024193,0.8761224616404478,1.4112344220165869,0.3053460350102528,0.3269239616151479,0.8040811360082456,1.3207514674940886,0.85010004,0.6370153464910882,0.5573552
2026-06-11 14:25:00,2026-06-11 14:40:00,-1,1226.25,1227.2,pivot,-0.9500000000000456,0.1736035,-1.3236035000000455,-41693.51025000143,1.0,2026-06-11,1220.25,1226.25,1218.2,0.0,1230.25,1231.5,1226.65,0.0,2026,0.0,0.0,0.0,0.0,0.0,0.0,0.0,0.0,0.0,0.0,0.0,0.0,0.0,0.0,0.0,1.0,1.0,1.0,0,14,3,6,29.2039277255148,0.0770389385611933,-1.3586470995309383,0.0770389385611933,0.9229610614388066,5.329045957531772e-05,4.5024306527502594e-05,0.0037333587939254,True,35.44469521938131,0.1650654815132093,-0.8450913757427092,0.1650654815132093,0.8349345184867907,0.000325153137383,0.0002075576759416,0.0062426614673949,True,12.690601257784325,0.0674911122471685,-1.478130463445971,0.0674911122471685,0.9325088877528316,0.0003529434142755,0.0003715446356117,0.0084074066858016,True,31.764693644933764,0.3210306087201897,-0.4190028318796597,0.3210306087201897,0.6789693912798103,0.000457598140024,0.0006896914162966,0.012184287931811,True,0.9229610614388066,0.0770389385611933,-1.3586470995309383,0.8349345184867907,0.1650654815132093,-0.8450913757427092,0.9325088877528316,0.0674911122471685,-1.478130463445971,0.6789693912798103,0.3210306087201897,-0.4190028318796597,1,0,0,0.0,1,1,1,1,,0,1,0,1,1,0,0,0.8459221228776134,1.3586470995309383,0.6698690369735814,0.8450913757427092,0.8650177755056631,1.478130463445971,0.3579387825596206,0.4190028318796597,0.8285909,0.6201835793954834,0.5757811
2026-06-11 14:40:00,2026-06-11 15:00:00,1,1227.2,1226.05,pivot,-1.150000000000091,0.1735975,-1.523597500000091,-47993.32125000287,1.0,2026-06-11,1230.25,1231.5,1226.65,0.0,1218.2,1226.05,1218.05,0.0,2026,0.0,0.0,0.0,0.0,0.0,0.0,0.0,0.0,0.0,0.0,0.0,0.0,0.0,0.0,0.0,1.0,1.0,1.0,0,14,3,6,65.05287256731928,0.8345352600979258,0.8056530076643439,0.8345352600979258,0.1654647399020742,5.329045957531772e-05,4.5024306527502594e-05,0.0037333587939254,True,21.77125916838513,0.9220904759374354,1.2741500311097749,0.9220904759374354,0.0779095240625645,0.000325153137383,0.0002075576759416,0.0062426614673949,True,50.70457082560984,0.6513309563334903,0.3237667396274293,0.6513309563334903,0.3486690436665097,0.0003529434142755,0.0003715446356117,0.0084074066858016,True,33.031813678198766,0.337965764366661,-0.3762013642791303,0.337965764366661,0.6620342356333391,0.000457598140024,0.0006896914162966,0.012184287931811,True,0.8345352600979258,0.1654647399020742,-0.8056530076643439,0.9220904759374354,0.0779095240625645,-1.2741500311097749,0.6513309563334903,0.3486690436665097,-0.3237667396274293,0.337965764366661,0.6620342356333391,0.3762013642791303,1,0,0,0.0,1,1,1,1,,0,1,0,1,1,0,0,0.6690705201958516,0.8056530076643439,0.844180951874871,1.2741500311097749,0.30266191266698056,0.3237667396274293,-0.3240684712666781,0.3762013642791303,0.69005466,0.5967314781892203,0.58272994
2026-06-12 10:40:00,2026-06-12 10:55:00,-1,1337.15,1344.25,pivot,-7.099999999999909,0.180442,-7.48044199999991,-235633.9229999972,1.0,2026-06-12,1333.5,1337.25,1330.95,0.0,1346.95,1349.65,1343.2,0.0,2026,0.0,0.0,0.0,0.0,0.0,0.0,0.0,0.0,0.0,0.0,0.0,0.0,0.0,0.0,0.0,1.0,1.0,1.0,0,10,4,6,67.77458517664304,0.1813441396576821,-0.7542364358292688,0.1813441396576821,0.8186558603423179,5.329045957531772e-05,4.5024306527502594e-05,0.0037333587939254,True,80.76735286291013,0.4227523520427693,-0.1293202917480194,0.4227523520427693,0.5772476479572306,0.000325153137383,0.0002075576759416,0.0062426614673949,True,20.999028365317702,0.1149087694108711,-1.140692256125757,0.1149087694108711,0.8850912305891289,0.0003529434142755,0.0003715446356117,0.0084074066858016,True,11.69677290747061,0.0932522782028721,-1.335990641286298,0.0932522782028721,0.9067477217971278,0.000457598140024,0.0006896914162966,0.012184287931811,True,0.8186558603423179,0.1813441396576821,-0.7542364358292688,0.5772476479572306,0.4227523520427693,-0.1293202917480194,0.8850912305891289,0.1149087694108711,-1.140692256125757,0.9067477217971278,0.0932522782028721,-1.335990641286298,1,0,0,0.0,1,1,1,1,,0,1,1,0,1,0,0,0.6373117206846357,0.7542364358292688,0.15449529591446132,0.1293202917480194,0.7701824611782577,1.140692256125757,0.8134954435942557,1.335990641286298,0.6610041,0.6429619675902009,0.60695004
2026-06-15 14:35:00,2026-06-15 14:45:00,-1,1373.0,1369.7,pivot,3.2999999999999545,0.182281,2.917718999999954,91908.14849999856,1.0,2026-06-15,1366.2,1373.45,1365.7,0.0,1369.85,1371.2,1367.15,0.0,2026,0.0,0.0,0.0,0.0,0.0,0.0,0.0,0.0,0.0,0.0,0.0,0.0,0.0,0.0,0.0,1.0,1.0,0.0,1,14,0,6,29.76363398262898,0.0708944531334156,-1.4002729809698848,0.0708944531334156,0.9291055468665844,2.75605164952304e-05,1.698632738154183e-05,0.0036618614247759,True,15.83954504855819,0.0566401353576479,-1.5416017818746033,0.0566401353576479,0.943359864642352,0.000130619542136,9.680162002561036e-05,0.0060178926062901,True,19.53910335848458,0.1024839804763419,-1.1916643349977043,0.1024839804763419,0.897516019523658,0.0003450319361855,0.0003298397215929,0.0081023447069635,True,17.485108846158695,0.1585758461729261,-0.8960344227168892,0.1585758461729261,0.8414241538270739,0.000819516659425,0.0007214705461457,0.0117790022289349,True,0.9291055468665844,0.0708944531334156,-1.4002729809698848,0.943359864642352,0.0566401353576479,-1.5416017818746033,0.897516019523658,0.1024839804763419,-1.1916643349977043,0.8414241538270739,0.1585758461729261,-0.8960344227168892,1,0,0,0.0,1,1,1,1,,0,1,0,1,1,0,0,0.8582110937331688,1.4002729809698848,0.8867197292847041,1.5416017818746033,0.7950320390473161,1.1916643349977043,0.6828483076541478,0.8960344227168892,0.8284685,0.6159278797947929,0.61956304
2026-06-16 11:15:00,2026-06-16 12:00:00,1,1395.25,1397.75,pivot,2.5,0.18379,2.1162099999999997,66660.61499999999,1.0,2026-06-16,1397.85,1399.8,1394.5,0.0,1398.7,1398.8,1396.15,0.0,2026,0.0,0.0,0.0,0.0,0.0,0.0,0.0,0.0,0.0,0.0,0.0,0.0,0.0,0.0,0.0,1.0,1.0,1.0,1,11,1,6,102.86454789172964,0.7463964871801234,0.5135588706206771,0.7463964871801234,0.2536035128198766,2.75605164952304e-05,1.698632738154183e-05,0.0036618614247759,True,54.53128642552987,0.7639482177822837,0.5793610470552849,0.7639482177822837,0.2360517822177162,0.000130619542136,9.680162002561036e-05,0.0060178926062901,True,58.99464188370098,0.6248371874303819,0.2510038367605649,0.6248371874303819,0.3751628125696181,0.0003450319361855,0.0003298397215929,0.0081023447069635,True,20.04841483393576,0.8264296545167592,0.8209213309587998,0.8264296545167592,0.1735703454832408,0.000819516659425,0.0007214705461457,0.0117790022289349,True,0.7463964871801234,0.2536035128198766,-0.5135588706206771,0.7639482177822837,0.2360517822177162,-0.5793610470552849,0.6248371874303819,0.3751628125696181,-0.2510038367605649,0.8264296545167592,0.1735703454832408,-0.8209213309587998,1,0,0,0.0,1,1,1,1,,0,1,1,0,1,0,0,0.4927929743602468,0.5135588706206771,0.5278964355645676,0.5793610470552849,0.24967437486076377,0.2510038367605649,0.6528593090335184,0.8209213309587998,0.7041591,0.6544181373115231,0.63303626
2026-06-16 12:30:00,2026-06-16 13:00:00,1,1403.7,1406.1,pivot,2.399999999999864,0.184294,2.015705999999864,63494.73899999571,1.0,2026-06-16,1406.3,1406.5,1403.7,0.0,1405.5,1407.15,1404.85,0.0,2026,0.0,0.0,0.0,0.0,0.0,0.0,0.0,0.0,0.0,0.0,0.0,0.0,0.0,0.0,0.0,1.0,1.0,1.0,1,12,1,6,105.93821161014698,0.7377887909903218,0.4909875846209966,0.7377887909903218,0.2622112090096782,2.75605164952304e-05,1.698632738154183e-05,0.0036618614247759,True,33.17206788460702,0.8756293987320621,1.0210612075745882,0.8756293987320621,0.1243706012679378,0.000130619542136,9.680162002561036e-05,0.0060178926062901,True,37.279202993142455,0.7731377452089134,0.628098230007059,0.7731377452089134,0.2268622547910865,0.0003450319361855,0.0003298397215929,0.0081023447069635,True,36.67914115550583,0.6819586577793083,0.3775562991362363,0.6819586577793083,0.3180413422206917,0.000819516659425,0.0007214705461457,0.0117790022289349,True,0.7377887909903218,0.2622112090096782,-0.4909875846209966,0.8756293987320621,0.1243706012679378,-1.0210612075745882,0.7731377452089134,0.2268622547910865,-0.628098230007059,0.6819586577793083,0.3180413422206917,-0.3775562991362363,1,0,0,0.0,1,1,1,1,,0,1,0,1,1,0,0,0.4755775819806436,0.4909875846209966,0.7512587974641244,1.0210612075745882,0.546275490417827,0.628098230007059,0.3639173155586166,0.3775562991362363,0.71689695,0.6715526402354998,0.6428166
2026-06-18 14:00:00,2026-06-18 15:45:00,-1,1455.9,1470.1,eod,-14.199999999999818,0.18778,-14.587779999999817,-459515.06999999424,1.0,2026-06-18,1453.45,1456.85,1452.3,0.0,1470.1,1470.1,1470.1,0.0,2026,0.0,0.0,0.0,0.0,0.0,0.0,0.0,0.0,0.0,0.0,0.0,0.0,0.0,0.0,0.0,1.0,1.0,1.0,0,14,3,6,97.8849523296096,0.2698476613301186,-0.4896433244442708,0.2698476613301186,0.7301523386698814,0.0001019228171015,4.631728467518394e-05,0.0036745652785201,True,46.283308439738015,0.1978780948502265,-0.7358549720643919,0.1978780948502265,0.8021219051497734,0.0002898745062384,0.0002222125076222,0.0060400453298581,True,21.251448260464837,0.1097589570916649,-1.1550698616677668,0.1097589570916649,0.8902410429083351,0.000372731867245,0.0003312016526709,0.0081728647673011,True,34.42922051283832,0.2864665143841799,-0.4499271192927704,0.2864665143841799,0.71353348561582,0.0005979885910822,0.0005817990671832,0.011438930154615,True,0.7301523386698814,0.2698476613301186,-0.4896433244442708,0.8021219051497734,0.1978780948502265,-0.7358549720643919,0.8902410429083351,0.1097589570916649,-1.1550698616677668,0.71353348561582,0.2864665143841799,-0.4499271192927704,1,0,0,0.0,1,1,1,1,,0,1,0,1,1,0,0,0.46030467733976277,0.4896433244442708,0.6042438102995469,0.7358549720643919,0.7804820858166701,1.1550698616677668,0.42706697123164006,0.4499271192927704,0.70624065,0.6653762398236044,0.64567703
2026-06-19 12:30:00,2026-06-19 12:50:00,-1,1486.6,1471.95,pivot,14.649999999999864,0.1887565,14.261243499999864,449229.1702499957,1.0,2026-06-19,1472.35,1487.05,1472.0,0.0,1466.4,1478.8,1465.0,0.0,2026,0.0,0.0,0.0,0.0,0.0,0.0,0.0,0.0,0.0,0.0,0.0,0.0,0.0,0.0,0.0,1.0,0.0,0.0,1,12,4,6,2.178621013958475,0.0047354383586439,-2.7417621696180947,0.0047354383586439,0.995264561641356,0.0001693783683983,0.0001149422997234,0.0035794779222822,True,1.0576619851105205,0.0072387009172339,-2.94648893808081,0.0072387009172339,0.992761299082766,0.0004410252483434,0.0003072046527167,0.0059658550683713,True,0.5902031835256214,0.0026002668665494,-3.639924353265928,0.0026002668665494,0.9973997331334504,0.0006351497925007,0.0004934182390973,0.0081800882854023,True,1.895809137417612,0.012648726057692,-2.6641483080429205,0.012648726057692,0.987351273942308,0.0008241608879525,0.000696745670836,0.011524701019142,True,0.995264561641356,0.0047354383586439,-2.7417621696180947,0.992761299082766,0.0072387009172339,-2.94648893808081,0.9973997331334504,0.0026002668665494,-3.639924353265928,0.987351273942308,0.012648726057692,-2.6641483080429205,1,0,0,0.0,1,1,1,1,,0,1,0,1,0,1,0,0.9905291232827121,2.7417621696180947,0.9855225981655321,2.94648893808081,0.9947994662669011,3.639924353265928,0.9747025478846161,2.6641483080429205,0.8201295,0.7383400414889137,0.6480427
2026-06-19 13:45:00,2026-06-19 13:55:00,-1,1456.45,1449.7,pivot,6.75,0.1871845,6.3628155,200428.68825,1.0,2026-06-19,1453.7,1456.45,1449.5,0.0,1456.75,1457.45,1449.5,0.0,2026,0.0,0.0,0.0,0.0,0.0,0.0,0.0,0.0,0.0,0.0,0.0,0.0,0.0,0.0,0.0,1.0,0.0,0.0,1,13,4,6,91.60556179148644,0.2382557112449897,-0.5696946066462474,0.2382557112449897,0.7617442887550103,0.0001693783683983,0.0001149422997234,0.0035794779222822,True,39.72171267495563,0.1662488778354895,-0.8452240875210199,0.1662488778354895,0.8337511221645104,0.0004410252483434,0.0003072046527167,0.0059658550683713,True,8.004932235392253,0.0444971519795639,-1.7556267188128167,0.0444971519795639,0.955502848020436,0.0006351497925007,0.0004934182390973,0.0081800882854023,True,14.074526990233007,0.1173166370873863,-1.110574904759971,0.1173166370873863,0.8826833629126136,0.0008241608879525,0.000696745670836,0.011524701019142,True,0.7617442887550103,0.2382557112449897,-0.5696946066462474,0.8337511221645104,0.1662488778354895,-0.8452240875210199,0.955502848020436,0.0444971519795639,-1.7556267188128167,0.8826833629126136,0.1173166370873863,-1.110574904759971,1,0,0,0.0,1,1,1,1,,0,1,0,1,0,1,0,0.5234885775100206,0.5696946066462474,0.6675022443290209,0.8452240875210199,0.911005696040872,1.7556267188128167,0.7653667258252274,1.110574904759971,0.684678,0.6556853459221842,0.6552979
